V,s,V_norm,ICa_true,ICa_nn
-69.70876254625355,0.011607316445304631,-0.6970876254625356,-0.051118845398432,-0.5248788824715831
-69.70876254625355,0.015317628322315471,-0.6970876254625356,-0.08902263428522926,-0.605212923907221
-69.70876254625355,0.01902794019932631,-0.6970876254625356,-0.13737286080108507,-0.6887536762866173
-69.70876254625355,0.02273825207633715,-0.6970876254625356,-0.19616952494599948,-0.7758131482191895
-69.70876254625355,0.02644856395334799,-0.6970876254625356,-0.2654126267199725,-0.8667357028904972
-69.70876254625355,0.03015887583035883,-0.6970876254625356,-0.34510216612300415,-0.9619008802753153
-69.70876254625355,0.03386918770736967,-0.6970876254625356,-0.4352381431550944,-1.0617261303389007
-69.70876254625355,0.03757949958438051,-0.6970876254625356,-0.5358205578162432,-1.1666692986155214
-69.70876254625355,0.04128981146139135,-0.6970876254625356,-0.6468494101064506,-1.2772306469107324
-69.70876254625355,0.04500012333840219,-0.6970876254625356,-0.7683247000257165,-1.39395411976895
-69.70876254625355,0.04871043521541303,-0.6970876254625356,-0.900246427574041,-1.5174274813785813
-69.70876254625355,0.05242074709242387,-0.6970876254625356,-1.042614592751424,-1.6482808490221001
-69.70876254625355,0.05613105896943471,-0.6970876254625356,-1.195429195557866,-1.787183042044429
-69.70876254625355,0.05984137084644555,-0.6970876254625356,-1.3586902359933661,-1.9348350578412272
-69.70876254625355,0.06355168272345639,-0.6970876254625356,-1.532397714057925,-2.091959892746034
-69.70876254625355,0.06726199460046722,-0.6970876254625356,-1.7165516297515422,-2.2592878679456794
-69.70876254625355,0.07097230647747807,-0.6970876254625356,-1.9111519830742183,-2.4375366301093475
-69.70876254625355,0.0746826183544889,-0.6970876254625356,-2.116198774025953,-2.627385114614922
-69.70876254625355,0.07839293023149975,-0.6970876254625356,-2.3316920026067463,-2.8294410355503414
-69.70876254625355,0.08210324210851058,-0.6970876254625356,-2.557631668816598,-3.0442019529842606
-69.70876254625355,0.08581355398552143,-0.6970876254625356,-2.7940177726555087,-3.272010707563118
-69.70876254625355,0.08952386586253226,-0.6970876254625356,-3.0408503141234773,-3.5130070220665477
-69.70876254625355,0.09323417773954311,-0.6970876254625356,-3.2981292932205046,-3.767078315872647
-69.70876254625355,0.09694448961655394,-0.6970876254625356,-3.5658547099465907,-4.033814152780221
-69.70876254625355,0.10065480149356479,-0.6970876254625356,-3.8440265643017355,-4.312470043258747
-69.70876254625355,0.10436511337057562,-0.6970876254625356,-4.132644856285939,-4.60194725554647
-69.70876254625355,0.10807542524758647,-0.6970876254625356,-4.431709585899202,-4.900795508217524
-69.70876254625355,0.1117857371245973,-0.6970876254625356,-4.741220753141521,-5.207244597656822
-69.70876254625355,0.11549604900160815,-0.6970876254625356,-5.0611783580129,-5.519268976822513
-69.70876254625355,0.11920636087861898,-0.6970876254625356,-5.391582400513338,-5.8346861294930275
-69.70876254625355,0.12291667275562983,-0.6970876254625356,-5.732432880642834,-6.1512856981187465
-69.70876254625355,0.12662698463264066,-0.6970876254625356,-6.083729798401389,-6.466982456863526
-69.70876254625355,0.1303372965096515,-0.6970876254625356,-6.445473153789003,-6.779983263710606
-69.70876254625355,0.13404760838666235,-0.6970876254625356,-6.817662946805675,-7.088956860667885
-69.70876254625355,0.13775792026367317,-0.6970876254625356,-7.200299177451404,-7.393196214944288
-69.70876254625355,0.14146823214068402,-0.6970876254625356,-7.593381845726195,-7.6927658167579605
-69.70876254625355,0.14517854401769487,-0.6970876254625356,-7.996910951630042,-7.988630161010457
-69.70876254625355,0.1488888558947057,-0.6970876254625356,-8.410886495162949,-8.282763237395248
-69.70876254625355,0.15259916777171653,-0.6970876254625356,-8.835308476324911,-8.578240653474206
-69.70876254625355,0.15630947964872738,-0.6970876254625356,-9.270176895115936,-8.879314349934148
-69.70876254625355,0.16001979152573823,-0.6970876254625356,-9.71549175153602,-9.191463118913958
-69.70876254625355,0.16373010340274907,-0.6970876254625356,-10.17125304558516,-9.521398915046626
-69.70876254625355,0.1674404152797599,-0.6970876254625356,-10.637460777263357,-9.876988623516835
-69.70876254625355,0.17115072715677074,-0.6970876254625356,-11.114114946570615,-10.267025047847175
-69.70876254625355,0.17486103903378158,-0.6970876254625356,-11.601215553506934,-10.700755874692652
-69.70876254625355,0.17857135091079243,-0.6970876254625356,-12.098762598072309,-11.187070635652292
-69.70876254625355,0.18228166278780325,-0.6970876254625356,-12.606756080266742,-11.733280039753382
-69.70876254625355,0.1859919746648141,-0.6970876254625356,-13.125196000090233,-12.343532010494094
-69.70876254625355,0.18970228654182494,-0.6970876254625356,-13.654082357542785,-13.017108504597761
-69.70876254625355,0.1934125984188358,-0.6970876254625356,-14.193415152624397,-13.747089016424875
-69.70876254625355,0.1971229102958466,-0.6970876254625356,-14.74319438533506,-14.520008832790333
-69.70876254625355,0.20083322217285746,-0.6970876254625356,-15.303420055674787,-15.316994366575992
-69.70876254625355,0.2045435340498683,-0.6970876254625356,-15.874092163643573,-16.11635356829224
-69.70876254625355,0.20825384592687915,-0.6970876254625356,-16.45521070924142,-16.896948023893234
-69.70876254625355,0.21196415780388997,-0.6970876254625356,-17.046775692468316,-17.641298665384852
-69.70876254625355,0.21567446968090082,-0.6970876254625356,-17.64878711332428,-18.337566520090533
-69.70876254625355,0.21938478155791166,-0.6970876254625356,-18.2612449718093,-18.98017006066228
-69.70876254625355,0.2230950934349225,-0.6970876254625356,-18.884149267923377,-19.569421410042807
-69.70876254625355,0.22680540531193333,-0.6970876254625356,-19.517500001666512,-20.1108468112718
-69.70876254625355,0.23051571718894417,-0.6970876254625356,-20.161297173038708,-20.61477345682684
-69.70876254625355,0.23422602906595502,-0.6970876254625356,-20.815540782039964,-21.096486896145336
-69.70876254625355,0.23793634094296587,-0.6970876254625356,-21.480230828670276,-21.576937543166164
-69.70876254625355,0.2416466528199767,-0.6970876254625356,-22.155367312929645,-22.08359732868705
-69.70876254625355,0.24535696469698753,-0.6970876254625356,-22.840950234818074,-22.650508528325158
-69.70876254625355,0.24906727657399838,-0.6970876254625356,-23.536979594335566,-23.31575302946778
-69.70876254625355,0.2527775884510092,-0.6970876254625356,-24.243455391482115,-24.113917883658186
-69.70876254625355,0.25648790032802005,-0.6970876254625356,-24.960377626257714,-25.062149317630745
-69.70876254625355,0.2601982122050309,-0.6970876254625356,-25.687746298662386,-26.143238227656784
-69.70876254625355,0.26390852408204174,-0.6970876254625356,-26.425561408696105,-27.296845463459302
-69.70876254625355,0.26761883595905256,-0.6970876254625356,-27.173822956358876,-28.431461577401695
-69.70876254625355,0.27132914783606343,-0.6970876254625356,-27.932530941650725,-29.455809763575978
-69.70876254625355,0.27503945971307425,-0.6970876254625356,-28.701685364571624,-30.30984703210778
-69.70876254625355,0.27874977159008507,-0.6970876254625356,-29.481286225121572,-30.975939193852604
-69.70876254625355,0.28246008346709595,-0.6970876254625356,-30.271333523300598,-31.46960614355298
-69.70876254625355,0.28617039534410676,-0.6970876254625356,-31.071827259108666,-31.822636296344953
-69.70876254625355,0.28988070722111764,-0.6970876254625356,-31.882767432545805,-32.0694579500884
-69.70876254625355,0.29359101909812846,-0.6970876254625356,-32.70415404361199,-32.239969995483385
-69.70876254625355,0.2973013309751393,-0.6970876254625356,-33.53598709230724,-32.35733702287117
-69.70876254625355,0.30101164285215015,-0.6970876254625356,-34.37826657863155,-32.43836100779375
-69.70876254625355,0.30472195472916097,-0.6970876254625356,-35.23099250258492,-32.494759209865386
-68.32088569478452,0.011607316445304631,-0.6832088569478452,-0.050744868670894124,-0.4706723036019633
-68.32088569478452,0.015317628322315471,-0.6832088569478452,-0.08837135992276464,-0.5504732010955449
-68.32088569478452,0.01902794019932631,-0.6832088569478452,-0.136367864453173,-0.6334271761615922
-68.32088569478452,0.02273825207633715,-0.6832088569478452,-0.19473438226211925,-0.7198422385135126
-68.32088569478452,0.02644856395334799,-0.6832088569478452,-0.26347091334960343,-0.8100588626150227
-68.32088569478452,0.03015887583035883,-0.6832088569478452,-0.3425774577156254,-0.9044529736544962
-68.32088569478452,0.03386918770736967,-0.6832088569478452,-0.4320540153601854,-1.0034388983606972
-68.32088569478452,0.03757949958438051,-0.6832088569478452,-0.5319005862832831,-1.1074721332237023
-68.32088569478452,0.04128981146139135,-0.6832088569478452,-0.6421171704849188,-1.2170517247127735
-68.32088569478452,0.04500012333840219,-0.6832088569478452,-0.7627037679650923,-1.3327219838386213
-68.32088569478452,0.04871043521541303,-0.6832088569478452,-0.8936603787238037,-1.4550731699639239
-68.32088569478452,0.05242074709242387,-0.6832088569478452,-1.034987002761053,-1.5847406766917584
-68.32088569478452,0.05613105896943471,-0.6832088569478452,-1.1866836400768401,-1.7224021391055568
-68.32088569478452,0.05984137084644555,-0.6832088569478452,-1.348750290671165,-1.868771763808861
-68.32088569478452,0.06355168272345639,-0.6832088569478452,-1.521186954544028,-2.024591074265879
-68.32088569478452,0.06726199460046722,-0.6832088569478452,-1.7039936316954283,-2.1906151850671707
-68.32088569478452,0.07097230647747807,-0.6832088569478452,-1.897170322125367,-2.3675937011507933
-68.32088569478452,0.0746826183544889,-0.6832088569478452,-2.1007170258338435,-2.556245424013851
-68.32088569478452,0.07839293023149975,-0.6832088569478452,-2.314633742820858,-2.757226288958874
-68.32088569478452,0.08210324210851058,-0.6832088569478452,-2.53892047308641,-2.971090413112971
-68.32088569478452,0.08581355398552143,-0.6832088569478452,-2.7735772166305006,-3.1982448557238676
-68.32088569478452,0.08952386586253226,-0.6832088569478452,-3.018603973453128,-3.4388997093275764
-68.32088569478452,0.09323417773954311,-0.6832088569478452,-3.274000743554294,-3.693016433894961
-68.32088569478452,0.09694448961655394,-0.6832088569478452,-3.5397675269339977,-3.960258820255845
-68.32088569478452,0.10065480149356479,-0.6832088569478452,-3.8159043235922394,-4.23995242761467
-68.32088569478452,0.10436511337057562,-0.6832088569478452,-4.102411133529019,-4.531059481035449
-68.32088569478452,0.10807542524758647,-0.6832088569478452,-4.399287956744336,-4.832176662130626
-68.32088569478452,0.1117857371245973,-0.6832088569478452,-4.706534793238191,-5.141562608037321
-68.32088569478452,0.11549604900160815,-0.6832088569478452,-5.024151643010585,-5.457200006344418
-68.32088569478452,0.11920636087861898,-0.6832088569478452,-5.352138506061515,-5.7768939604354195
-68.32088569478452,0.12291667275562983,-0.6832088569478452,-5.690495382390985,-6.098404191016396
-68.32088569478452,0.12662698463264066,-0.6832088569478452,-6.039222271998991,-6.419604387491809
-68.32088569478452,0.1303372965096515,-0.6832088569478452,-6.398319174885535,-6.73865859046793
-68.32088569478452,0.13404760838666235,-0.6832088569478452,-6.767786091050619,-7.054202768325133
-68.32088569478452,0.13775792026367317,-0.6832088569478452,-7.147623020494238,-7.36552024794761
-68.32088569478452,0.14146823214068402,-0.6832088569478452,-7.537829963216397,-7.672702234858298
-68.32088569478452,0.14517854401769487,-0.6832088569478452,-7.938406919217092,-7.976788463778995
-68.32088569478452,0.1488888558947057,-0.6832088569478452,-8.349353888496328,-8.279886618849128
-68.32088569478452,0.15259916777171653,-0.6832088569478452,-8.770670871054097,-8.585270759064622
-68.32088569478452,0.15630947964872738,-0.6832088569478452,-9.202357866890408,-8.897456670652197
-68.32088569478452,0.16001979152573823,-0.6832088569478452,-9.644414876005257,-9.22224403123045
-68.32088569478452,0.16373010340274907,-0.6832088569478452,-10.096841898398642,-9.566700102162793
-68.32088569478452,0.1674404152797599,-0.6832088569478452,-10.559638934070563,-9.939037142339794
-68.32088569478452,0.17115072715677074,-0.6832088569478452,-11.032805983021024,-10.348308647651695
-68.32088569478452,0.17486103903378158,-0.6832088569478452,-11.516343045250025,-10.80382696791961
-68.32088569478452,0.17857135091079243,-0.6832088569478452,-12.010250120757561,-11.314206283113219
-68.32088569478452,0.18228166278780325,-0.6832088569478452,-12.514527209543637,-11.88599100174469
-68.32088569478452,0.1859919746648141,-0.6832088569478452,-13.029174311608248,-12.52197138749582
-68.32088569478452,0.18970228654182494,-0.6832088569478452,-13.5541914269514,-13.219514935503778
-68.32088569478452,0.1934125984188358,-0.6832088569478452,-14.089578555573091,-13.969474783703893
-68.32088569478452,0.1971229102958466,-0.6832088569478452,-14.635335697473314,-14.756303425797666
-68.32088569478452,0.20083322217285746,-0.6832088569478452,-15.191462852652077,-15.559725870008798
-68.32088569478452,0.2045435340498683,-0.6832088569478452,-15.75796002110938,-16.357723497543827
-68.32088569478452,0.20825384592687915,-0.6832088569478452,-16.334827202845222,-17.129962029995827
-68.32088569478452,0.21196415780388997,-0.6832088569478452,-16.922064397859597,-17.86059643600592
-68.32088569478452,0.21567446968090082,-0.6832088569478452,-17.519671606152514,-18.53976502276785
-68.32088569478452,0.21938478155791166,-0.6832088569478452,-18.12764882772397,-19.163768283111988
-68.32088569478452,0.2230950934349225,-0.6832088569478452,-18.74599606257396,-19.734464418642382
-68.32088569478452,0.22680540531193333,-0.6832088569478452,-19.374713310702486,-20.258560894082425
-68.32088569478452,0.23051571718894417,-0.6832088569478452,-20.013800572109552,-20.74730891511291
-68.32088569478452,0.23422602906595502,-0.6832088569478452,-20.66325784679516,-21.216811419817788
-68.32088569478452,0.23793634094296587,-0.6832088569478452,-21.323085134759303,-21.688847383094792
-68.32088569478452,0.2416466528199767,-0.6832088569478452,-21.99328243600198,-22.191748077384158
-68.32088569478452,0.24535696469698753,-0.6832088569478452,-22.673849750523203,-22.760284599801185
-68.32088569478452,0.24906727657399838,-0.6832088569478452,-23.36478707832296,-23.4326940745005
-68.32088569478452,0.2527775884510092,-0.6832088569478452,-24.066094419401256,-24.242404739011306
-68.32088569478452,0.25648790032802005,-0.6832088569478452,-24.777771773758083,-25.203381748469873
-68.32088569478452,0.2601982122050309,-0.6832088569478452,-25.499819141393463,-26.293397057589402
-68.32088569478452,0.26390852408204174,-0.6832088569478452,-26.232236522307364,-27.44712946300956
-68.32088569478452,0.26761883595905256,-0.6832088569478452,-26.975023916499804,-28.570950140657725
-68.32088569478452,0.27132914783606343,-0.6832088569478452,-27.728181323970798,-29.57566454321999
-68.32088569478452,0.27503945971307425,-0.6832088569478452,-28.491708744720317,-30.405991740730254
-68.32088569478452,0.27874977159008507,-0.6832088569478452,-29.26560617874837,-31.04894985736058
-68.32088569478452,0.28246008346709595,-0.6832088569478452,-30.049873626054975,-31.52288652917529
-68.32088569478452,0.28617039534410676,-0.6832088569478452,-30.844511086640104,-31.860507423818824
-68.32088569478452,0.28988070722111764,-0.6832088569478452,-31.649518560503786,-32.09595980842375
-68.32088569478452,0.29359101909812846,-0.6832088569478452,-32.46489604764599,-32.25837451155481
-68.32088569478452,0.2973013309751393,-0.6832088569478452,-33.29064354806674,-32.3700906399181
-68.32088569478452,0.30101164285215015,-0.6832088569478452,-34.12676106176603,-32.44720977634723
-68.32088569478452,0.30472195472916097,-0.6832088569478452,-34.97324858874385,-32.50091633727035
-66.93300884331549,0.011607316445304631,-0.6693300884331549,-0.05037089194335625,-0.41638404469856094
-66.93300884331549,0.015317628322315471,-0.6693300884331549,-0.08772008556030002,-0.4956839119826393
-66.93300884331549,0.01902794019932631,-0.6693300884331549,-0.13536286810526094,-0.578085210965634
-66.93300884331549,0.02273825207633715,-0.6693300884331549,-0.19329923957823902,-0.6638919168017712
-66.93300884331549,0.02644856395334799,-0.6693300884331549,-0.2615291999792343,-0.7534405305736911
-66.93300884331549,0.03015887583035883,-0.6693300884331549,-0.3400527493082467,-0.8471032156609051
-66.93300884331549,0.03386918770736967,-0.6693300884331549,-0.4288698875652764,-0.9452909510911729
-66.93300884331549,0.03757949958438051,-0.6693300884331549,-0.5279806147503231,-1.0484565658910152
-66.93300884331549,0.04128981146139135,-0.6693300884331549,-0.637384930863387,-1.1570974614325678
-66.93300884331549,0.04500012333840219,-0.6693300884331549,-0.7570828359044681,-1.2717577567825427
-66.93300884331549,0.04871043521541303,-0.6693300884331549,-0.8870743298735664,-1.3930295036638853
-66.93300884331549,0.05242074709242387,-0.6693300884331549,-1.0273594127706818,-1.521552512719946
-66.93300884331549,0.05613105896943471,-0.6693300884331549,-1.1779380845958143,-1.6580122135842403
-66.93300884331549,0.05984137084644555,-0.6693300884331549,-1.338810345348964,-1.8031348439550814
-66.93300884331549,0.06355168272345639,-0.6693300884331549,-1.509976195030131,-1.9576791394552404
-66.93300884331549,0.06726199460046722,-0.6693300884331549,-1.6914356336393146,-2.1224235966998233
-66.93300884331549,0.07097230647747807,-0.6693300884331549,-1.8831886611765158,-2.298148337404902
-66.93300884331549,0.0746826183544889,-0.6693300884331549,-2.085235277641734,-2.4856106544497676
-66.93300884331549,0.07839293023149975,-0.6693300884331549,-2.29757548303497,-2.68551352645137
-66.93300884331549,0.08210324210851058,-0.6693300884331549,-2.5202092773562224,-2.8984668086101886
-66.93300884331549,0.08581355398552143,-0.6693300884331549,-2.7531366606054926,-3.1249415056564334
-66.93300884331549,0.08952386586253226,-0.6693300884331549,-2.9963576327827792,-3.365218549632667
-66.93300884331549,0.09323417773954311,-0.6693300884331549,-3.2498721938880832,-3.619334837473005
-66.93300884331549,0.09694448961655394,-0.6693300884331549,-3.5136803439214046,-3.887030849997436
-66.93300884331549,0.10065480149356479,-0.6693300884331549,-3.7877820828827433,-4.167705787378687
-66.93300884331549,0.10436511337057562,-0.6693300884331549,-4.072177410772099,-4.460387509614602
-66.93300884331549,0.10807542524758647,-0.6693300884331549,-4.366866327589472,-4.763725262005228
-66.93300884331549,0.1117857371245973,-0.6693300884331549,-4.671848833334861,-5.076012773817606
-66.93300884331549,0.11549604900160815,-0.6693300884331549,-4.987124928008269,-5.395247532322141
-66.93300884331549,0.11920636087861898,-0.6693300884331549,-5.312694611609693,-5.719228810313144
-66.93300884331549,0.12291667275562983,-0.6693300884331549,-5.648557884139135,-6.045692711835394
-66.93300884331549,0.12662698463264066,-0.6693300884331549,-5.9947147455965935,-6.372477859550486
-66.93300884331549,0.1303372965096515,-0.6693300884331549,-6.351165195982069,-6.69771141113887
-66.93300884331549,0.13404760838666235,-0.6693300884331549,-6.717909235295562,-7.020002869739939
-66.93300884331549,0.13775792026367317,-0.6693300884331549,-7.094946863537071,-7.338633261331388
-66.93300884331549,0.14146823214068402,-0.6693300884331549,-7.4822780807066,-7.653729614404853
-66.93300884331549,0.14517854401769487,-0.6693300884331549,-7.879902886804143,-7.96641841187283
-66.93300884331549,0.1488888558947057,-0.6693300884331549,-8.287821281829705,-8.278955208897834
-66.93300884331549,0.15259916777171653,-0.6693300884331549,-8.706033265783283,-8.594828898231194
-66.93300884331549,0.15630947964872738,-0.6693300884331549,-9.134538838664879,-8.918835990112118
-66.93300884331549,0.16001979152573823,-0.6693300884331549,-9.573338000474493,-9.257110757728393
-66.93300884331549,0.16373010340274907,-0.6693300884331549,-10.022430751212124,-9.617079835773632
-66.93300884331549,0.1674404152797599,-0.6693300884331549,-10.481817090877769,-10.007285256970865
-66.93300884331549,0.17115072715677074,-0.6693300884331549,-10.951497019471434,-10.43699245437705
-66.93300884331549,0.17486103903378158,-0.6693300884331549,-11.431470536993118,-10.91548178631518
-66.93300884331549,0.17857135091079243,-0.6693300884331549,-11.921737643442816,-11.45093756145377
-66.93300884331549,0.18228166278780325,-0.6693300884331549,-12.42229833882053,-12.048930975404314
-66.93300884331549,0.1859919746648141,-0.6693300884331549,-12.933152623126263,-12.710668678001545
-66.93300884331549,0.18970228654182494,-0.6693300884331549,-13.454300496360016,-13.431424941583245
-66.93300884331549,0.1934125984188358,-0.6693300884331549,-13.985741958521785,-14.199778415936745
-66.93300884331549,0.1971229102958466,-0.6693300884331549,-14.527477009611566,-14.998240812894656
-66.93300884331549,0.20083322217285746,-0.6693300884331549,-15.079505649629366,-15.805456605385936
-66.93300884331549,0.2045435340498683,-0.6693300884331549,-15.641827878575187,-16.599485438639352
-66.93300884331549,0.20825384592687915,-0.6693300884331549,-16.214443696449024,-17.36115162555128
-66.93300884331549,0.21196415780388997,-0.6693300884331549,-16.797353103250874,-18.076448088807094
-66.93300884331549,0.21567446968090082,-0.6693300884331549,-17.39055609898075,-18.737523869467772
-66.93300884331549,0.21938478155791166,-0.6693300884331549,-17.994052683638635,-19.342474296930313
-66.93300884331549,0.2230950934349225,-0.6693300884331549,-18.60784285722454,-19.894570089021812
-66.93300884331549,0.22680540531193333,-0.6693300884331549,-19.23192661973846,-20.40157837854335
-66.93300884331549,0.23051571718894417,-0.6693300884331549,-19.8663039711804,-20.875592206171664
-66.93300884331549,0.23422602906595502,-0.6693300884331549,-20.510974911550356,-21.333490341564637
-66.93300884331549,0.23793634094296587,-0.6693300884331549,-21.165939440848334,-21.79786494421005
-66.93300884331549,0.2416466528199767,-0.6693300884331549,-21.83119755907432,-22.297892915926177
-66.93300884331549,0.24535696469698753,-0.6693300884331549,-22.50674926622833,-22.869026729149912
-66.93300884331549,0.24906727657399838,-0.6693300884331549,-23.192594562310354,-23.549532971743456
-66.93300884331549,0.2527775884510092,-0.6693300884331549,-23.8887334473204,-24.37144804342694
-66.93300884331549,0.25648790032802005,-0.6693300884331549,-24.595165921258452,-25.3452663746276
-66.93300884331549,0.2601982122050309,-0.6693300884331549,-25.31189198412454,-26.443577986254834
-66.93300884331549,0.26390852408204174,-0.6693300884331549,-26.038911635918627,-27.596258619852765
-66.93300884331549,0.26761883595905256,-0.6693300884331549,-26.77622487664073,-28.7080607012749
-66.93300884331549,0.27132914783606343,-0.6693300884331549,-27.523831706290867,-29.692361488056246
-66.93300884331549,0.27503945971307425,-0.6693300884331549,-28.28173212486901,-30.498811657636647
-66.93300884331549,0.27874977159008507,-0.6693300884331549,-29.049926132375166,-31.11893950030617
-66.93300884331549,0.28246008346709595,-0.6693300884331549,-29.828413728809355,-31.573672688371257
-66.93300884331549,0.28617039534410676,-0.6693300884331549,-30.617194914171545,-31.89643991010851
-66.93300884331549,0.28988070722111764,-0.6693300884331549,-31.416269688461767,-32.121007147887426
-66.93300884331549,0.29359101909812846,-0.6693300884331549,-32.225638051679994,-32.275706707308636
-66.93300884331549,0.2973013309751393,-0.6693300884331549,-33.045300003826235,-32.38205755495342
-66.93300884331549,0.30101164285215015,-0.6693300884331549,-33.87525554490051,-32.455478964500436
-66.93300884331549,0.30472195472916097,-0.6693300884331549,-34.71550467490279,-32.50664188111501
-65.54513199184645,0.011607316445304631,-0.6554513199184645,-0.04999691521581837,-0.36198001025895366
-65.54513199184645,0.015317628322315471,-0.6554513199184645,-0.08706881119783541,-0.44081003883208836
-65.54513199184645,0.01902794019932631,-0.6554513199184645,-0.13435787175734887,-0.522691872220705
-65.54513199184645,0.02273825207633715,-0.6554513199184645,-0.19186409689435877,-0.6079254341904861
-65.54513199184645,0.02644856395334799,-0.6554513199184645,-0.25958748660886516,-0.6968431914934712
-65.54513199184645,0.03015887583035883,-0.6554513199184645,-0.337528040900868,-0.7898134277105193
-65.54513199184645,0.03386918770736967,-0.6554513199184645,-0.4256857597703674,-0.8872435843876734
-65.54513199184645,0.03757949958438051,-0.6554513199184645,-0.524060643217363,-0.989583545138307
-65.54513199184645,0.04128981146139135,-0.6554513199184645,-0.6326526912418553,-1.0973286825769206
-65.54513199184645,0.04500012333840219,-0.6554513199184645,-0.7514619038438439,-1.2110224165822077
-65.54513199184645,0.04871043521541303,-0.6554513199184645,-0.880488281023329,-1.3312579435421135
-65.54513199184645,0.05242074709242387,-0.6554513199184645,-1.0197318227803105,-1.4586786891161678
-65.54513199184645,0.05613105896943471,-0.6554513199184645,-1.1691925291147884,-1.5939769130289925
-65.54513199184645,0.05984137084644555,-0.6554513199184645,-1.3288704000267628,-1.7378897585343358
-65.54513199184645,0.06355168272345639,-0.6554513199184645,-1.4987654355162339,-1.8911919022288892
-65.54513199184645,0.06726199460046722,-0.6554513199184645,-1.6788776355832007,-2.0546838408445423
-65.54513199184645,0.07097230647747807,-0.6554513199184645,-1.8692070002276646,-2.2291747804302124
-65.54513199184645,0.0746826183544889,-0.6554513199184645,-2.069753529449625,-2.4154591130571608
-65.54513199184645,0.07839293023149975,-0.6554513199184645,-2.2805172232490816,-2.6142856337444975
-65.54513199184645,0.08210324210851058,-0.6554513199184645,-2.5014980816260346,-2.826319033509719
-65.54513199184645,0.08581355398552143,-0.6554513199184645,-2.7326961045804845,-3.0520938732006293
-65.54513199184645,0.08952386586253226,-0.6554513199184645,-2.97411129211243,-3.2919622518306464
-65.54513199184645,0.09323417773954311,-0.6554513199184645,-3.2257436442218728,-3.5460377452281833
-65.54513199184645,0.09694448961655394,-0.6554513199184645,-3.4875931609088116,-3.814139841809327
-65.54513199184645,0.10065480149356479,-0.6554513199184645,-3.759659842173247,-4.0957448662467915
-65.54513199184645,0.10436511337057562,-0.6554513199184645,-4.041943688015179,-4.3899509506675924
-65.54513199184645,0.10807542524758647,-0.6554513199184645,-4.3344446984346074,-4.695465562019723
-65.54513199184645,0.1117857371245973,-0.6554513199184645,-4.6371628734315316,-5.010623953437794
-65.54513199184645,0.11549604900160815,-0.6554513199184645,-4.950098213005953,-5.333445295489574
-65.54513199184645,0.11920636087861898,-0.6554513199184645,-5.27325071715787,-5.661730040847587
-65.54513199184645,0.12291667275562983,-0.6554513199184645,-5.606620385887285,-5.993197579215532
-65.54513199184645,0.12662698463264066,-0.6554513199184645,-5.950207219194195,-6.325658208310654
-65.54513199184645,0.1303372965096515,-0.6554513199184645,-6.304011217078602,-6.657208978955284
-65.54513199184645,0.13404760838666235,-0.6554513199184645,-6.668032379540506,-6.986440192710316
-65.54513199184645,0.13775792026367317,-0.6554513199184645,-7.042270706579904,-7.3126389797671365
-65.54513199184645,0.14146823214068402,-0.6554513199184645,-7.426726198196802,-7.635978458537663
-65.54513199184645,0.14517854401769487,-0.6554513199184645,-7.821398854391194,-7.95768456146462
-65.54513199184645,0.1488888558947057,-0.6554513199184645,-8.226288675163085,-8.28017596665158
-65.54513199184645,0.15259916777171653,-0.6554513199184645,-8.641395660512467,-8.607173427377202
-65.54513199184645,0.15630947964872738,-0.6554513199184645,-9.06671981043935,-8.943770703505072
-65.54513199184645,0.16001979152573823,-0.6554513199184645,-9.50226112494373,-9.296448110335866
-65.54513199184645,0.16373010340274907,-0.6554513199184645,-9.948019604025605,-9.672990249186785
-65.54513199184645,0.1674404152797599,-0.6554513199184645,-10.403995247684975,-10.082243104921499
-65.54513199184645,0.17115072715677074,-0.6554513199184645,-10.870188055921842,-10.533619094643822
-65.54513199184645,0.17486103903378158,-0.6554513199184645,-11.346598028736208,-11.036248036878698
-65.54513199184645,0.17857135091079243,-0.6554513199184645,-11.83322516612807,-11.59770586794172
-65.54513199184645,0.18228166278780325,-0.6554513199184645,-12.330069468097426,-12.222366116925043
-65.54513199184645,0.1859919746648141,-0.6554513199184645,-12.837130934644279,-12.909627455398452
-65.54513199184645,0.18970228654182494,-0.6554513199184645,-13.35440956576863,-13.65252414618037
-65.54513199184645,0.1934125984188358,-0.6554513199184645,-13.88190536147048,-14.437374456502255
-65.54513199184645,0.1971229102958466,-0.6554513199184645,-14.41961832174982,-15.244965080565805
-65.54513199184645,0.20083322217285746,-0.6554513199184645,-14.967548446606658,-16.05323439804079
-65.54513199184645,0.2045435340498683,-0.6554513199184645,-15.525695736040994,-16.84073347237537
-65.54513199184645,0.20825384592687915,-0.6554513199184645,-16.09406019005283,-17.589762364806894
-65.54513199184645,0.21196415780388997,-0.6554513199184645,-16.672641808642155,-18.28829639590811
-65.54513199184645,0.21567446968090082,-0.6554513199184645,-17.26144059180898,-18.93047601925596
-65.54513199184645,0.21938478155791166,-0.6554513199184645,-17.860456539553304,-19.516074689727215
-65.54513199184645,0.2230950934349225,-0.6554513199184645,-18.46968965187512,-20.049635963399254
-65.54513199184645,0.22680540531193333,-0.6554513199184645,-19.089139928774433,-20.53987320960798
-65.54513199184645,0.23051571718894417,-0.6554513199184645,-19.718807370251245,-20.999651562059913
-65.54513199184645,0.23422602906595502,-0.6554513199184645,-20.358691976305554,-21.44659447331669
-65.54513199184645,0.23793634094296587,-0.6554513199184645,-21.00879374693736,-21.90409752751086
-65.54513199184645,0.2416466528199767,-0.6554513199184645,-21.669112682146658,-22.40216925432525
-65.54513199184645,0.24535696469698753,-0.6554513199184645,-22.339648781933455,-22.976888934967544
-65.54513199184645,0.24906727657399838,-0.6554513199184645,-23.02040204629775,-23.66641318161373
-65.54513199184645,0.2527775884510092,-0.6554513199184645,-23.711372475239543,-24.501139476297332
-65.54513199184645,0.25648790032802005,-0.6554513199184645,-24.412560068758822,-25.487803611498613
-65.54513199184645,0.2601982122050309,-0.6554513199184645,-25.123964826855616,-26.593684203600823
-65.54513199184645,0.26390852408204174,-0.6554513199184645,-25.845586749529886,-27.744085574664883
-65.54513199184645,0.26761883595905256,-0.6554513199184645,-26.577425836781657,-28.842668375146886
-65.54513199184645,0.27132914783606343,-0.6554513199184645,-27.319482088610936,-29.805846221416857
-65.54513199184645,0.27503945971307425,-0.6554513199184645,-28.071755505017705,-30.5883241079722
-65.54513199184645,0.27874977159008507,-0.6554513199184645,-28.83424608600196,-31.185969931679068
-65.54513199184645,0.28246008346709595,-0.6554513199184645,-29.606953831563732,-31.622041660526172
-65.54513199184645,0.28617039534410676,-0.6554513199184645,-30.389878741702983,-31.930507216087776
-65.54513199184645,0.28988070722111764,-0.6554513199184645,-31.183020816419745,-32.14466165565835
-65.54513199184645,0.29359101909812846,-0.6554513199184645,-31.98638005571399,-32.29201490234217
-65.54513199184645,0.2973013309751393,-0.6554513199184645,-32.79995645958574,-32.39327414289598
-65.54513199184645,0.30101164285215015,-0.6554513199184645,-33.62375002803499,-32.46319533575342
-65.54513199184645,0.30472195472916097,-0.6554513199184645,-34.45776076106172,-32.511955272029766
-64.15725514037742,0.011607316445304631,-0.6415725514037741,-0.049622938488280484,-0.30742614164644855
-64.15725514037742,0.015317628322315471,-0.6415725514037741,-0.08641753683537078,-0.3858165777206739
-64.15725514037742,0.01902794019932631,-0.6415725514037741,-0.13335287540943677,-0.46721123701976985
-64.15725514037742,0.02273825207633715,-0.6415725514037741,-0.1904289542104785,-0.551905991888926
-64.15725514037742,0.02644856395334799,-0.6415725514037741,-0.257645773238496,-0.6402292353555346
-64.15725514037742,0.03015887583035883,-0.6415725514037741,-0.33500333249348924,-0.7325452800327978
-64.15725514037742,0.03386918770736967,-0.6415725514037741,-0.42250163197545826,-0.8292578727032507
-64.15725514037742,0.03757949958438051,-0.6415725514037741,-0.5201406716844029,-0.9308137120435642
-64.15725514037742,0.04128981146139135,-0.6415725514037741,-0.6279204516203234,-1.0377058025976418
-64.15725514037742,0.04500012333840219,-0.6415725514037741,-0.7458409717832196,-1.1504764077061775
-64.15725514037742,0.04871043521541303,-0.6415725514037741,-0.8739022321730915,-1.2697192752857536
-64.15725514037742,0.05242074709242387,-0.6415725514037741,-1.0121042327899392,-1.396080701669302
-64.15725514037742,0.05613105896943471,-0.6415725514037741,-1.1604469736337626,-1.5302588706572826
-64.15725514037742,0.05984137084644555,-0.6415725514037741,-1.3189304547045617,-1.6730007614141043
-64.15725514037742,0.06355168272345639,-0.6415725514037741,-1.4875546760023366,-1.8250957693393024
-64.15725514037742,0.06726199460046722,-0.6415725514037741,-1.6663196375270868,-1.9873650462093198
-64.15725514037742,0.07097230647747807,-0.6415725514037741,-1.8552253392788132,-2.1606454686130707
-64.15725514037742,0.0746826183544889,-0.6415725514037741,-2.054271781257515,-2.345767129923659
-64.15725514037742,0.07839293023149975,-0.6415725514037741,-2.263458963463193,-2.5435233791723824
-64.15725514037742,0.08210324210851058,-0.6415725514037741,-2.4827868858958464,-2.7546327723012065
-64.15725514037742,0.08581355398552143,-0.6415725514037741,-2.712255548555476,-2.979692935414131
-64.15725514037742,0.08952386586253226,-0.6415725514037741,-2.9518649514420807,-3.2191273333415644
-64.15725514037742,0.09323417773954311,-0.6415725514037741,-3.2016150945556614,-3.4731273196848225
-64.15725514037742,0.09694448961655394,-0.6415725514037741,-3.461505977896218,-3.741593570928189
-64.15725514037742,0.10065480149356479,-0.6415725514037741,-3.7315376014637502,-4.024082915931938
-64.15725514037742,0.10436511337057562,-0.6415725514037741,-4.011709965258258,-4.319768357576604
-64.15725514037742,0.10807542524758647,-0.6415725514037741,-4.302023069279742,-4.627421301632184
-64.15725514037742,0.1117857371245973,-0.6415725514037741,-4.602476913528201,-4.945425141883628
-64.15725514037742,0.11549604900160815,-0.6415725514037741,-4.913071498003636,-5.271827945802444
-64.15725514037742,0.11920636087861898,-0.6415725514037741,-5.233806822706047,-5.6044388392612845
-64.15725514037742,0.12291667275562983,-0.6415725514037741,-5.564682887635434,-5.940968033464978
-64.15725514037742,0.12662698463264066,-0.6415725514037741,-5.905699692791796,-6.279205019037011
-64.15725514037742,0.1303372965096515,-0.6415725514037741,-6.256857238175134,-6.617224425653178
-64.15725514037742,0.13404760838666235,-0.6415725514037741,-6.618155523785449,-6.953605652745155
-64.15725514037742,0.13775792026367317,-0.6415725514037741,-6.989594549622737,-7.287651490475849
-64.15725514037742,0.14146823214068402,-0.6415725514037741,-7.371174315687003,-7.619592646577071
-64.15725514037742,0.14517854401769487,-0.6415725514037741,-7.762894821978244,-7.950768428569605
-64.15725514037742,0.1488888558947057,-0.6415725514037741,-8.16475606849646,-8.283776901273571
-64.15725514037742,0.15259916777171653,-0.6415725514037741,-8.576758055241651,-8.622588105296005
-64.15725514037742,0.15630947964872738,-0.6415725514037741,-8.998900782213822,-8.972608669314779
-64.15725514037742,0.16001979152573823,-0.6415725514037741,-9.431184249412965,-9.340673105922273
-64.15725514037742,0.16373010340274907,-0.6415725514037741,-9.873608456839087,-9.734915441350639
-64.15725514037742,0.1674404152797599,-0.6415725514037741,-10.32617340449218,-10.16444723628832
-64.15725514037742,0.17115072715677074,-0.6415725514037741,-10.78887909237225,-10.638744046393574
-64.15725514037742,0.17486103903378158,-0.6415725514037741,-11.261725520479299,-11.166642606756799
-64.15725514037742,0.17857135091079243,-0.6415725514037741,-11.74471268881332,-11.754908245454475
-64.15725514037742,0.18228166278780325,-0.6415725514037741,-12.23784059737432,-12.406479524968143
-64.15725514037742,0.1859919746648141,-0.6415725514037741,-12.741109246162292,-13.11873442808009
-64.15725514037742,0.18970228654182494,-0.6415725514037741,-13.254518635177243,-13.882365424425693
-64.15725514037742,0.1934125984188358,-0.6415725514037741,-13.77806876441917,-14.681516360458291
-64.15725514037742,0.1971229102958466,-0.6415725514037741,-14.31175963388807,-15.495537614905244
-64.15725514037742,0.20083322217285746,-0.6415725514037741,-14.855591243583945,-16.30207665791192
-64.15725514037742,0.2045435340498683,-0.6415725514037741,-15.4095635935068,-17.08057926398477
-64.15725514037742,0.20825384592687915,-0.6415725514037741,-15.97367668365663,-17.81508771099074
-64.15725514037742,0.21196415780388997,-0.6415725514037741,-16.547930514033432,-18.495641742968036
-64.15725514037742,0.21567446968090082,-0.6415725514037741,-17.132325084637213,-19.118306773561
-64.15725514037742,0.21938478155791166,-0.6415725514037741,-17.72686039546797,-19.68439659709568
-64.15725514037742,0.2230950934349225,-0.6415725514037741,-18.3315364465257,-20.199588373027286
-64.15725514037742,0.22680540531193333,-0.6415725514037741,-18.946353237810403,-20.673439489130594
-64.15725514037742,0.23051571718894417,-0.6415725514037741,-19.57131076932209,-21.119530208092804
-64.15725514037742,0.23422602906595502,-0.6415725514037741,-20.20640904106075,-21.556206897077978
-64.15725514037742,0.23793634094296587,-0.6415725514037741,-20.851648053026384,-22.007663028136815
-64.15725514037742,0.2416466528199767,-0.6415725514037741,-21.50702780521899,-22.504723100198326
-64.15725514037742,0.24535696469698753,-0.6415725514037741,-22.172548297638578,-23.084030251847363
-64.15725514037742,0.24906727657399838,-0.6415725514037741,-22.84820953028514,-23.783477232127616
-64.15725514037742,0.2527775884510092,-0.6415725514037741,-23.53401150315868,-24.631562359451618
-64.15725514037742,0.25648790032802005,-0.6415725514037741,-24.229954216259188,-25.63098031586456
-64.15725514037742,0.2601982122050309,-0.6415725514037741,-24.936037669586685,-26.74360697319589
-64.15725514037742,0.26390852408204174,-0.6415725514037741,-25.652261863141145,-27.890459513138055
-64.15725514037742,0.26761883595905256,-0.6415725514037741,-26.37862679692258,-28.974653821924996
-64.15725514037742,0.27132914783606343,-0.6415725514037741,-27.115132470931,-29.916073488847655
-64.15725514037742,0.27503945971307425,-0.6415725514037741,-27.861778885166395,-30.674553668995244
-64.15725514037742,0.27874977159008507,-0.6415725514037741,-28.618566039628753,-31.250106374012425
-64.15725514037742,0.28246008346709595,-0.6415725514037741,-29.385493934318106,-31.668070754644148
-64.15725514037742,0.28617039534410676,-0.6415725514037741,-30.162562569234417,-31.962781352225974
-64.15725514037742,0.28988070722111764,-0.6415725514037741,-30.949771944377723,-32.166982960326514
-64.15725514037742,0.29359101909812846,-0.6415725514037741,-31.747122059747987,-32.3073453627031
-64.15725514037742,0.2973013309751393,-0.6415725514037741,-32.55461291534523,-32.40377498444981
-64.15725514037742,0.30101164285215015,-0.6415725514037741,-33.37224451116946,-32.47038417959414
-64.15725514037742,0.30472195472916097,-0.6415725514037741,-34.20001684722065,-32.51687476343141
-62.769378288908385,0.011607316445304631,-0.6276937828890838,-0.049248961760742616,-0.25268846358445574
-62.769378288908385,0.015317628322315471,-0.6276937828890838,-0.08576626247290617,-0.3306685834513645
-62.769378288908385,0.01902794019932631,-0.6276937828890838,-0.13234787906152473,-0.41160741262749
-62.769378288908385,0.02273825207633715,-0.6276937828890838,-0.1889938115265983,-0.49579678683992423
-62.769378288908385,0.02644856395334799,-0.6276937828890838,-0.25570405986812694,-0.5835610054445379
-62.769378288908385,0.03015887583035883,-0.6276937828890838,-0.33247862408611056,-0.6752603435382181
-62.769378288908385,0.03386918770736967,-0.6276937828890838,-0.41931750418054936,-0.7712947261407281
-62.769378288908385,0.03757949958438051,-0.6276937828890838,-0.5162207001514431,-0.8721074637671622
-62.769378288908385,0.04128981146139135,-0.6276937828890838,-0.6231882119987917,-0.9781888960265963
-62.769378288908385,0.04500012333840219,-0.6276937828890838,-0.7402200397225955,-1.0900797207751003
-62.769378288908385,0.04871043521541303,-0.6276937828890838,-0.8673161833228543,-1.2083736980210367
-62.769378288908385,0.05242074709242387,-0.6276937828890838,-1.0044766427995682,-1.333719308148352
-62.769378288908385,0.05613105896943471,-0.6276937828890838,-1.151701418152737,-1.4668198127042447
-62.769378288908385,0.05984137084644555,-0.6276937828890838,-1.3089905093823608,-1.6084310157875386
-62.769378288908385,0.06355168272345639,-0.6276937828890838,-1.4763439164884398,-1.759355863071863
-62.769378288908385,0.06726199460046722,-0.6276937828890838,-1.653761639470973,-1.9204348599009444
-62.769378288908385,0.07097230647747807,-0.6276937828890838,-1.8412436783299624,-2.092531167322856
-62.769378288908385,0.0746826183544889,-0.6276937828890838,-2.038790033065406,-2.276509187774225
-62.769378288908385,0.07839293023149975,-0.6276937828890838,-2.2464007036773053,-2.4732055398162567
-62.769378288908385,0.08210324210851058,-0.6276937828890838,-2.464075690165659,-2.6833916196414878
-62.769378288908385,0.08581355398552143,-0.6276937828890838,-2.6918149925304684,-2.907727541699268
-62.769378288908385,0.08952386586253226,-0.6276937828890838,-2.9296186107717324,-3.146708221787761
-62.769378288908385,0.09323417773954311,-0.6276937828890838,-3.1774865448894514,-3.400603760332981
-62.769378288908385,0.09694448961655394,-0.6276937828890838,-3.4354187948836254,-3.6693980758265994
-62.769378288908385,0.10065480149356479,-0.6276937828890838,-3.7034153607542546,-3.9527317848341346
-62.769378288908385,0.10436511337057562,-0.6276937828890838,-3.9814762425013384,-4.249857326490159
-62.769378288908385,0.10807542524758647,-0.6276937828890838,-4.2696014401248785,-4.55961582693484
-62.769378288908385,0.1117857371245973,-0.6276937828890838,-4.567790953624872,-4.880445630457648
-62.769378288908385,0.11549604900160815,-0.6276937828890838,-4.876044783001321,-5.210431259921569
-62.769378288908385,0.11920636087861898,-0.6276937828890838,-5.194362928254225,-5.5473985165000474
-62.769378288908385,0.12291667275562983,-0.6276937828890838,-5.522745389383585,-5.889056642709132
-62.769378288908385,0.12662698463264066,-0.6276937828890838,-5.861192166389399,-6.233182672859405
-62.769378288908385,0.1303372965096515,-0.6276937828890838,-6.209703259271668,-6.577837483524488
-62.769378288908385,0.13404760838666235,-0.6276937828890838,-6.568278668030393,-6.9215989912707725
-62.769378288908385,0.13775792026367317,-0.6276937828890838,-6.9369183926655715,-7.2637964373565085
-62.769378288908385,0.14146823214068402,-0.6276937828890838,-7.315622433177206,-7.6047309151053915
-62.769378288908385,0.14517854401769487,-0.6276937828890838,-7.704390789565296,-7.945870262686109
-62.769378288908385,0.1488888558947057,-0.6276937828890838,-8.10322346182984,-8.290009088956635
-62.769378288908385,0.15259916777171653,-0.6276937828890838,-8.512120449970839,-8.641384202360701
-62.769378288908385,0.15630947964872738,-0.6276937828890838,-8.931081753988293,-9.005729090578464
-62.769378288908385,0.16001979152573823,-0.6276937828890838,-9.360107373882204,-9.390236050798839
-62.769378288908385,0.16373010340274907,-0.6276937828890838,-9.79919730965257,-9.803370885800836
-62.769378288908385,0.1674404152797599,-0.6276937828890838,-10.248351561299385,-10.25445718767413
-62.769378288908385,0.17115072715677074,-0.6276937828890838,-10.707570128822661,-10.752928177060909
-62.769378288908385,0.17486103903378158,-0.6276937828890838,-11.176853012222393,-11.307159394936903
-62.769378288908385,0.17857135091079243,-0.6276937828890838,-11.656200211498577,-11.922881244960202
-62.769378288908385,0.18228166278780325,-0.6276937828890838,-12.145611726651216,-12.601354062044122
-62.769378288908385,0.1859919746648141,-0.6276937828890838,-12.64508755768031,-13.337746185947646
-62.769378288908385,0.18970228654182494,-0.6276937828890838,-13.154627704585861,-14.12036475591582
-62.769378288908385,0.1934125984188358,-0.6276937828890838,-13.674232167367867,-14.931343846786303
-62.769378288908385,0.1971229102958466,-0.6276937828890838,-14.203900946026325,-15.748953520220175
-62.769378288908385,0.20083322217285746,-0.6276937828890838,-14.743634040561238,-16.55098962718795
-62.769378288908385,0.2045435340498683,-0.6276937828890838,-15.293431450972609,-17.31816771111271
-62.769378288908385,0.20825384592687915,-0.6276937828890838,-15.853293177260436,-18.036477749486806
-62.769378288908385,0.21196415780388997,-0.6276937828890838,-16.423219219424713,-18.69804432375758
-62.769378288908385,0.21567446968090082,-0.6276937828890838,-17.003209577465448,-19.300752004725904
-62.769378288908385,0.21938478155791166,-0.6276937828890838,-17.59326425138264,-19.84730463606811
-62.769378288908385,0.2230950934349225,-0.6276937828890838,-18.193383241176285,-20.344379754797902
-62.769378288908385,0.22680540531193333,-0.6276937828890838,-18.80356654684638,-20.802289761743946
-62.769378288908385,0.23051571718894417,-0.6276937828890838,-19.423814168392937,-21.235285512928616
-62.769378288908385,0.23422602906595502,-0.6276937828890838,-20.05412610581595,-21.662422612285052
-62.769378288908385,0.23793634094296587,-0.6276937828890838,-20.694502359115415,-22.108689703651482
-62.769378288908385,0.2416466528199767,-0.6276937828890838,-21.34494292829133,-22.60570864305766
-62.769378288908385,0.24535696469698753,-0.6276937828890838,-22.005447813343707,-23.19061391579356
-62.769378288908385,0.24906727657399838,-0.6276937828890838,-22.67601701427254,-23.900865473103423
-62.769378288908385,0.2527775884510092,-0.6276937828890838,-23.35665053107783,-24.762790329627684
-62.769378288908385,0.25648790032802005,-0.6276937828890838,-24.04734836375956,-25.774769117588253
-62.769378288908385,0.2601982122050309,-0.6276937828890838,-24.748110512317766,-26.893226138937134
-62.769378288908385,0.26390852408204174,-0.6276937828890838,-25.45893697675241,-28.03522738924293
-62.769378288908385,0.26761883595905256,-0.6276937828890838,-26.17982775706351,-29.103904150497375
-62.769378288908385,0.27132914783606343,-0.6276937828890838,-26.910782853251078,-30.023007265164363
-62.769378288908385,0.27503945971307425,-0.6276937828890838,-27.65180226531509,-30.75753176498034
-62.769378288908385,0.27874977159008507,-0.6276937828890838,-28.402885993255556,-31.31141699112874
-62.769378288908385,0.28246008346709595,-0.6276937828890838,-29.16403403707249,-31.71183722818061
-62.769378288908385,0.28617039534410676,-0.6276937828890838,-29.935246396765862,-31.99333272484563
-62.769378288908385,0.28988070722111764,-0.6276937828890838,-30.716523072335708,-32.188028589253115
-62.769378288908385,0.29359101909812846,-0.6276937828890838,-31.50786406378199,-32.32174231409466
-62.769378288908385,0.2973013309751393,-0.6276937828890838,-32.30926937110473,-32.41359290008554
-62.769378288908385,0.30101164285215015,-0.6276937828890838,-33.12073899430394,-32.477069348406005
-62.769378288908385,0.30472195472916097,-0.6276937828890838,-33.94227293337959,-32.52141746389785
-61.38150143743935,0.011607316445304631,-0.6138150143743935,-0.04887498503320473,-0.19773314154765886
-61.38150143743935,0.015317628322315471,-0.6138150143743935,-0.08511498811044153,-0.2753312242709365
-61.38150143743935,0.01902794019932631,-0.6138150143743935,-0.13134288271361264,-0.35584458974201305
-61.38150143743935,0.02273825207633715,-0.6138150143743935,-0.18755866884271802,-0.43956106483702917
-61.38150143743935,0.02644856395334799,-0.6138150143743935,-0.2537623464977578,-0.5268008527011407
-61.38150143743935,0.03015887583035883,-0.6138150143743935,-0.32995391567873184,-0.6179201468234676
-61.38150143743935,0.03386918770736967,-0.6138150143743935,-0.41613337638564024,-0.7133149515256265
-61.38150143743935,0.03757949958438051,-0.6138150143743935,-0.5123007286184829,-0.8134250200567306
-61.38150143743935,0.04128981146139135,-0.6138150143743935,-0.6184559723772599,-0.9187377706672706
-61.38150143743935,0.04500012333840219,-0.6138150143743935,-0.7345991076619712,-1.0297919735164547
-61.38150143743935,0.04871043521541303,-0.6138150143743935,-0.8607301344726168,-1.1471809138513505
-61.38150143743935,0.05242074709242387,-0.6138150143743935,-0.9968490528091968,-1.271554626902698
-61.38150143743935,0.05613105896943471,-0.6138150143743935,-1.142955862671711,-1.4036206661365163
-61.38150143743935,0.05984137084644555,-0.6138150143743935,-1.2990505640601595,-1.5441427105459045
-61.38150143743935,0.06355168272345639,-0.6138150143743935,-1.4651331569745425,-1.6939361452559474
-61.38150143743935,0.06726199460046722,-0.6138150143743935,-1.6412036414148592,-1.8538595774694284
-61.38150143743935,0.07097230647747807,-0.6138150143743935,-1.8272620173811107,-2.0248011028381185
-61.38150143743935,0.0746826183544889,-0.6138150143743935,-2.0233082848732966,-2.207658057204047
-61.38150143743935,0.07839293023149975,-0.6138150143743935,-2.2293424438914164,-2.4033090352734288
-61.38150143743935,0.08210324210851058,-0.6138150143743935,-2.445364494435471,-2.6125772100408504
-61.38150143743935,0.08581355398552143,-0.6138150143743935,-2.67137443650546,-2.8361845374059103
-61.38150143743935,0.08952386586253226,-0.6138150143743935,-2.9073722701013827,-3.074697371693289
-61.38150143743935,0.09323417773954311,-0.6138150143743935,-3.15335799522324,-3.328465414399145
-61.38150143743935,0.09694448961655394,-0.6138150143743935,-3.4093316118710315,-3.597557766425626
-61.38150143743935,0.10065480149356479,-0.6138150143743935,-3.6752931200447576,-3.881702029983079
-61.38150143743935,0.10436511337057562,-0.6138150143743935,-3.951242519744418,-4.180234621596462
-61.38150143743935,0.10807542524758647,-0.6138150143743935,-4.237179810970013,-4.4920722424361985
-61.38150143743935,0.1117857371245973,-0.6138150143743935,-4.533104993721541,-4.815715202013172
-61.38150143743935,0.11549604900160815,-0.6138150143743935,-4.839018067999005,-5.149292400807236
-61.38150143743935,0.11920636087861898,-0.6138150143743935,-5.154919033802402,-5.490654856358661
-61.38150143743935,0.12291667275562983,-0.6138150143743935,-5.480807891131734,-5.83751977136647
-61.38150143743935,0.12662698463264066,-0.6138150143743935,-5.816684639987,-6.187660969339885
-61.38150143743935,0.1303372965096515,-0.6138150143743935,-6.1625492803682,-6.539135301382936
-61.38150143743935,0.13404760838666235,-0.6138150143743935,-6.518401812275336,-6.890529826885922
-61.38150143743935,0.13775792026367317,-0.6138150143743935,-6.884242235708403,-7.241212346686604
-61.38150143743935,0.14146823214068402,-0.6138150143743935,-7.2600705506674075,-7.591568483182829
-61.38150143743935,0.14517854401769487,-0.6138150143743935,-7.645886757152345,-7.943210961161426
-61.38150143743935,0.1488888558947057,-0.6138150143743935,-8.041690855163218,-8.299148794213231
-61.38150143743935,0.15259916777171653,-0.6138150143743935,-8.447482844700023,-8.66390261837522
-61.38150143743935,0.15630947964872738,-0.6138150143743935,-8.863262725762764,-9.043544214588422
-61.38150143743935,0.16001979152573823,-0.6138150143743935,-9.289030498351439,-9.445621121461421
-61.38150143743935,0.16373010340274907,-0.6138150143743935,-9.72478616246605,-9.878901863621769
-61.38150143743935,0.1674404152797599,-0.6138150143743935,-10.17052971810659,-10.352850502303937
-61.38150143743935,0.17115072715677074,-0.6138150143743935,-10.626261165273068,-10.876728211311331
-61.38150143743935,0.17486103903378158,-0.6138150143743935,-11.091980503965482,-11.458254943714975
-61.38150143743935,0.17857135091079243,-0.6138150143743935,-11.567687734183828,-12.101883252770225
-61.38150143743935,0.18228166278780325,-0.6138150143743935,-12.053382855928108,-12.806955314343204
-61.38150143743935,0.1859919746648141,-0.6138150143743935,-12.549065869198323,-13.56627839554008
-61.38150143743935,0.18970228654182494,-0.6138150143743935,-13.054736773994474,-14.365801399886752
-61.38150143743935,0.1934125984188358,-0.6138150143743935,-13.57039557031656,-15.185894819747155
-61.38150143743935,0.1971229102958466,-0.6138150143743935,-14.096042258164575,-16.004160930685295
-61.38150143743935,0.20083322217285746,-0.6138150143743935,-14.631676837538526,-16.798987920417797
-61.38150143743935,0.2045435340498683,-0.6138150143743935,-15.177299308438414,-17.552690849523845
-61.38150143743935,0.20825384592687915,-0.6138150143743935,-15.732909670864236,-18.253345501233362
-61.38150143743935,0.21196415780388997,-0.6138150143743935,-16.29850792481599,-18.895124431362156
-61.38150143743935,0.21567446968090082,-0.6138150143743935,-16.87409407029368,-19.47759540573251
-61.38150143743935,0.21938478155791166,-0.6138150143743935,-17.459668107297304,-20.00469762577366
-61.38150143743935,0.2230950934349225,-0.6138150143743935,-18.055230035826863,-20.48398615123937
-61.38150143743935,0.22680540531193333,-0.6138150143743935,-18.660779855882353,-20.926453570726324
-61.38150143743935,0.23051571718894417,-0.6138150143743935,-19.27631756746378,-21.346988333570184
-61.38150143743935,0.23422602906595502,-0.6138150143743935,-19.90184317057114,-21.765348261164508
-61.38150143743935,0.23793634094296587,-0.6138150143743935,-20.537356665204438,-22.20731592102963
-61.38150143743935,0.2416466528199767,-0.6138150143743935,-21.182858051363667,-22.705287750728218
-61.38150143743935,0.24535696469698753,-0.6138150143743935,-21.83834732904883,-23.296806431083258
-61.38150143743935,0.24906727657399838,-0.6138150143743935,-22.50382449825993,-24.018714735201176
-61.38150143743935,0.2527775884510092,-0.6138150143743935,-23.179289558996967,-24.894886015506096
-61.38150143743935,0.25648790032802005,-0.6138150143743935,-23.864742511259927,-25.919127888247218
-61.38150143743935,0.2601982122050309,-0.6138150143743935,-24.56018335504884,-27.04241080090338
-61.38150143743935,0.26390852408204174,-0.6138150143743935,-25.265612090363668,-28.178235198274663
-61.38150143743935,0.26761883595905256,-0.6138150143743935,-25.98102871720443,-29.230313746409156
-61.38150143743935,0.27132914783606343,-0.6138150143743935,-26.706433235571144,-30.12662076886042
-61.38150143743935,0.27503945971307425,-0.6138150143743935,-27.44182564546378,-30.837296224353686
-61.38150143743935,0.27874977159008507,-0.6138150143743935,-28.187205946882347,-31.3699724227625
-61.38150143743935,0.28246008346709595,-0.6138150143743935,-28.942574139826863,-31.753417986438077
-61.38150143743935,0.28617039534410676,-0.6138150143743935,-29.707930224297296,-32.02222999936347
-61.38150143743935,0.28988070722111764,-0.6138150143743935,-30.483274200293682,-32.20785393554486
-61.38150143743935,0.29359101909812846,-0.6138150143743935,-31.268606067815988,-32.33524795897797
-61.38150143743935,0.2973013309751393,-0.6138150143743935,-32.06392582686423,-32.422758984609466
-61.38150143743935,0.30101164285215015,-0.6138150143743935,-32.869233477438414,-32.483273293384435
-61.38150143743935,0.30472195472916097,-0.6138150143743935,-33.68452901953852,-32.52559936795827
-59.993624585970316,0.011607316445304631,-0.5999362458597032,-0.04850100830566686,-0.14252655157236083
-59.993624585970316,0.015317628322315471,-0.5999362458597032,-0.08446371374797691,-0.21976984796796817
-59.993624585970316,0.01902794019932631,-0.5999362458597032,-0.13033788636570057,-0.2998871060288004
-59.993624585970316,0.02273825207633715,-0.5999362458597032,-0.1861235261588378,-0.38316218275578473
-59.993624585970316,0.02644856395334799,-0.5999362458597032,-0.25182063312738867,-0.46991119800359993
-59.993624585970316,0.03015887583035883,-0.5999362458597032,-0.3274292072713531,-0.5604862399189448
-59.993624585970316,0.03386918770736967,-0.5999362458597032,-0.41294924859073123,-0.6552793190618535
-59.993624585970316,0.03757949958438051,-0.5999362458597032,-0.5083807570855229,-0.7547264942349543
-59.993624585970316,0.04128981146139135,-0.5999362458597032,-0.6137237327557281,-0.8593120442656101
-59.993624585970316,0.04500012333840219,-0.5999362458597032,-0.728978175601347,-0.9695724943314654
-59.993624585970316,0.04871043521541303,-0.5999362458597032,-0.8541440856223795,-1.0861002193206617
-59.993624585970316,0.05242074709242387,-0.5999362458597032,-0.9892214628188255,-1.2095462369275924
-59.993624585970316,0.05613105896943471,-0.5999362458597032,-1.1342103071906853,-1.340621667644992
-59.993624585970316,0.05984137084644555,-0.5999362458597032,-1.2891106187379584,-1.4800971780622594
-59.993624585970316,0.06355168272345639,-0.5999362458597032,-1.4539223974606452,-1.6287995431774884
-59.993624585970316,0.06726199460046722,-0.5999362458597032,-1.6286456433587453,-1.7876042757302941
-59.993624585970316,0.07097230647747807,-0.5999362458597032,-1.8132803564322595,-1.9574231003259641
-59.993624585970316,0.0746826183544889,-0.5999362458597032,-2.007826536681187,-2.1391849376308367
-59.993624585970316,0.07839293023149975,-0.5999362458597032,-2.2122841841055285,-2.3338090691724407
-59.993624585970316,0.08210324210851058,-0.5999362458597032,-2.426653298705283,-2.5421693576314586
-59.993624585970316,0.08581355398552143,-0.5999362458597032,-2.650933880480452,-2.7650489000971663
-59.993624585970316,0.08952386586253226,-0.5999362458597032,-2.885125929431034,-3.003085396610309
-59.993624585970316,0.09323417773954311,-0.5999362458597032,-3.129229445557029,-3.2567089059562875
-59.993624585970316,0.09694448961655394,-0.5999362458597032,-3.3832444288584385,-3.526075553727231
-59.993624585970316,0.10065480149356479,-0.5999362458597032,-3.6471708793352615,-3.811003053752758
-59.993624585970316,0.10436511337057562,-0.5999362458597032,-3.921008796987498,-4.110916329003117
-59.993624585970316,0.10807542524758647,-0.5999362458597032,-4.204758181815148,-4.424813596094249
-59.993624585970316,0.1117857371245973,-0.5999362458597032,-4.4984190338182115,-4.7512643653309325
-59.993624585970316,0.11549604900160815,-0.5999362458597032,-4.801991352996689,-5.088450224111574
-59.993624585970316,0.11920636087861898,-0.5999362458597032,-5.115475139350579,-5.434256521363844
-59.993624585970316,0.12291667275562983,-0.5999362458597032,-5.438870392879884,-5.7864181181113725
-59.993624585970316,0.12662698463264066,-0.5999362458597032,-5.772177113584602,-6.1427158342481185
-59.993624585970316,0.1303372965096515,-0.5999362458597032,-6.1153953014647335,-6.501213364116995
-59.993624585970316,0.13404760838666235,-0.5999362458597032,-6.468524956520279,-6.860518829797072
-59.993624585970316,0.13775792026367317,-0.5999362458597032,-6.831566078751237,-7.220052093317622
-59.993624585970316,0.14146823214068402,-0.5999362458597032,-7.20451866815761,-7.580298826055181
-59.993624585970316,0.14517854401769487,-0.5999362458597032,-7.5873827247393955,-7.943034118002773
-59.993624585970316,0.1488888558947057,-0.5999362458597032,-7.980158248496596,-8.311499668572399
-59.993624585970316,0.15259916777171653,-0.5999362458597032,-8.382845239429209,-8.690515946837596
-59.993624585970316,0.15630947964872738,-0.5999362458597032,-8.795443697537236,-9.086500735035024
-59.993624585970316,0.16001979152573823,-0.5999362458597032,-9.217953622820676,-9.507346255453195
-59.993624585970316,0.16373010340274907,-0.5999362458597032,-9.650375015279531,-9.962080664126676
-59.993624585970316,0.1674404152797599,-0.5999362458597032,-10.092707874913796,-10.460215910840747
-59.993624585970316,0.17115072715677074,-0.5999362458597032,-10.544952201723477,-11.01068492239632
-59.993624585970316,0.17486103903378158,-0.5999362458597032,-11.007107995708575,-11.62033191938361
-59.993624585970316,0.17857135091079243,-0.5999362458597032,-11.479175256869082,-12.292075755953055
-59.993624585970316,0.18228166278780325,-0.5999362458597032,-11.961153985205003,-13.023115587593177
-59.993624585970316,0.1859919746648141,-0.5999362458597032,-12.453044180716338,-13.8037984557077
-59.993624585970316,0.18970228654182494,-0.5999362458597032,-12.954845843403088,-14.617822986832795
-59.993624585970316,0.1934125984188358,-0.5999362458597032,-13.466558973265254,-15.44412166081375
-59.993624585970316,0.1971229102958466,-0.5999362458597032,-13.988183570302827,-16.260082357906494
-59.993624585970316,0.20083322217285746,-0.5999362458597032,-14.519719634515816,-17.04511338877649
-59.993624585970316,0.2045435340498683,-0.5999362458597032,-15.061167165904221,-17.78339943489833
-59.993624585970316,0.20825384592687915,-0.5999362458597032,-15.61252616446804,-18.465170760829654
-59.993624585970316,0.21196415780388997,-0.5999362458597032,-16.173796630207267,-19.086561082374118
-59.993624585970316,0.21567446968090082,-0.5999362458597032,-16.744978563121915,-19.64866505497121
-59.993624585970316,0.21938478155791166,-0.5999362458597032,-17.326071963211973,-20.156505298252863
-59.993624585970316,0.2230950934349225,-0.5999362458597032,-17.917076830477445,-20.618404978323923
-59.993624585970316,0.22680540531193333,-0.5999362458597032,-18.517993164918327,-21.045976285952715
-59.993624585970316,0.23051571718894417,-0.5999362458597032,-19.128820966534626,-21.454722521631453
-59.993624585970316,0.23422602906595502,-0.5999362458597032,-19.74956023532634,-21.86510189435378
-59.993624585970316,0.23793634094296587,-0.5999362458597032,-20.380210971293465,-22.303689854178867
-59.993624585970316,0.2416466528199767,-0.5999362458597032,-21.020773174436002,-22.80362936187464
-59.993624585970316,0.24535696469698753,-0.5999362458597032,-21.671246844753956,-23.40277651487705
-59.993624585970316,0.24906727657399838,-0.5999362458597032,-22.331631982247327,-24.137156904745847
-59.993624585970316,0.2527775884510092,-0.5999362458597032,-23.001928586916108,-25.027899743721548
-59.993624585970316,0.25648790032802005,-0.5999362458597032,-23.682136658760296,-26.06399936820153
-59.993624585970316,0.2601982122050309,-0.5999362458597032,-24.372256197779915,-27.191020157875684
-59.993624585970316,0.26390852408204174,-0.5999362458597032,-25.072287203974927,-28.319329279926123
-59.993624585970316,0.26761883595905256,-0.5999362458597032,-25.782229677345356,-29.353785009854594
-59.993624585970316,0.27132914783606343,-0.5999362458597032,-26.502083617891213,-30.22689638713304
-59.993624585970316,0.27503945971307425,-0.5999362458597032,-27.231849025612476,-30.91389080603407
-59.993624585970316,0.27874977159008507,-0.5999362458597032,-27.971525900509143,-31.425845329722176
-59.993624585970316,0.28246008346709595,-0.5999362458597032,-28.72111424258124,-31.792889303016015
-59.993624585970316,0.28617039534410676,-0.5999362458597032,-29.480614051828738,-32.049539979787475
-59.993624585970316,0.28988070722111764,-0.5999362458597032,-30.250025328251663,-32.226512233852574
-59.993624585970316,0.29359101909812846,-0.5999362458597032,-31.029348071849984,-32.347902497051756
-59.993624585970316,0.2973013309751393,-0.5999362458597032,-31.818582282623726,-32.431302642052174
-59.993624585970316,0.30101164285215015,-0.5999362458597032,-32.61772796057289,-32.489017099353575
-59.993624585970316,0.30472195472916097,-0.5999362458597032,-33.426785105697455,-32.529435385271114
-58.60574773450128,0.011607316445304631,-0.5860574773450128,-0.04812703157812898,-0.08703536392892608
-58.60574773450128,0.015317628322315471,-0.5860574773450128,-0.0838124393855123,-0.16395006087004704
-58.60574773450128,0.01902794019932631,-0.5860574773450128,-0.12933289001778847,-0.24369952150273577
-58.60574773450128,0.02273825207633715,-0.5860574773450128,-0.18468838347495756,-0.32656368151345716
-58.60574773450128,0.02644856395334799,-0.5860574773450128,-0.24987891975701954,-0.41285460401123975
-58.60574773450128,0.03015887583035883,-0.5860574773450128,-0.3249044988639744,-0.5029202664099324
-58.60574773450128,0.03386918770736967,-0.5860574773450128,-0.4097651207958222,-0.5971486361795835
-58.60574773450128,0.03757949958438051,-0.5860574773450128,-0.5044607855525628,-0.6959719702371476
-58.60574773450128,0.04128981146139135,-0.5860574773450128,-0.6089914931341964,-0.7998712261635939
-58.60574773450128,0.04500012333840219,-0.5860574773450128,-0.7233572435407228,-0.9093804098934752
-58.60574773450128,0.04871043521541303,-0.5860574773450128,-0.8475580367721421,-1.0250906001173423
-58.60574773450128,0.05242074709242387,-0.5860574773450128,-0.9815938728284543,-1.1476532805869584
-58.60574773450128,0.05613105896943471,-0.5860574773450128,-1.1254647517096594,-1.277782474969083
-58.60574773450128,0.05984137084644555,-0.5860574773450128,-1.2791706734157573,-1.4162550142874957
-58.60574773450128,0.06355168272345639,-0.5860574773450128,-1.4427116379467482,-1.5639080781363148
-58.60574773450128,0.06726199460046722,-0.5860574773450128,-1.6160876453026316,-1.721632948952834
-58.60574773450128,0.07097230647747807,-0.5860574773450128,-1.7992986954834085,-1.8903637263210635
-58.60574773450128,0.0746826183544889,-0.5860574773450128,-1.9923447884890777,-2.071059604299604
-58.60574773450128,0.07839293023149975,-0.5860574773450128,-2.19522592431964,-2.2646792786982455
-58.60574773450128,0.08210324210851058,-0.5860574773450128,-2.4079421029750954,-2.4721462062741506
-58.60574773450128,0.08581355398552143,-0.5860574773450128,-2.630493324455444,-2.6943038888057256
-58.60574773450128,0.08952386586253226,-0.5860574773450128,-2.8628795887606846,-2.9318612171664267
-58.60574773450128,0.09323417773954311,-0.5860574773450128,-3.1051008958908186,-3.1853292841405016
-58.60574773450128,0.09694448961655394,-0.5860574773450128,-3.3571572458458454,-3.4549530020231787
-58.60574773450128,0.10065480149356479,-0.5860574773450128,-3.619048638625765,-3.740643267017621
-58.60574773450128,0.10436511337057562,-0.5860574773450128,-3.890775074230578,-4.0419180415362534
-58.60574773450128,0.10807542524758647,-0.5860574773450128,-4.172336552660283,-4.357863100696715
-58.60574773450128,0.1117857371245973,-0.5860574773450128,-4.463733073914881,-4.687124632669994
-58.60574773450128,0.11549604900160815,-0.5860574773450128,-4.764964637994373,-5.027945636500259
-58.60574773450128,0.11920636087861898,-0.5860574773450128,-5.076031244898757,-5.378255521806721
-58.60574773450128,0.12291667275562983,-0.5860574773450128,-5.396932894628034,-5.735817331092012
-58.60574773450128,0.12662698463264066,-0.5860574773450128,-5.727669587182204,-6.098430121659664
-58.60574773450128,0.1303372965096515,-0.5860574773450128,-6.068241322561266,-6.464176525927051
-58.60574773450128,0.13404760838666235,-0.5860574773450128,-6.418648100765223,-6.831699029474777
-58.60574773450128,0.13775792026367317,-0.5860574773450128,-6.77888992179407,-7.200484515067781
-58.60574773450128,0.14146823214068402,-0.5860574773450128,-7.148966785647812,-7.571135598324268
-58.60574773450128,0.14517854401769487,-0.5860574773450128,-7.528878692326447,-7.945608193703707
-58.60574773450128,0.1488888558947057,-0.5860574773450128,-7.9186256418299745,-8.327394986694761
-58.60574773450128,0.15259916777171653,-0.5860574773450128,-8.318207634158393,-8.721630402031016
-58.60574773450128,0.15630947964872738,-0.5860574773450128,-8.727624669311707,-9.135080749945548
-58.60574773450128,0.16001979152573823,-0.5860574773450128,-9.146876747289914,-9.575962129547936
-58.60574773450128,0.16373010340274907,-0.5860574773450128,-9.575963868093012,-10.053502266692673
-58.60574773450128,0.1674404152797599,-0.5860574773450128,-10.014886031721002,-10.577144389253073
-58.60574773450128,0.17115072715677074,-0.5860574773450128,-10.463643238173887,-11.155308910099718
-58.60574773450128,0.17486103903378158,-0.5860574773450128,-10.922235487451665,-11.79372064901241
-58.60574773450128,0.17857135091079243,-0.5860574773450128,-11.390662779554336,-12.493504231908137
-58.60574773450128,0.18228166278780325,-0.5860574773450128,-11.868925114481899,-13.249519991838929
-58.60574773450128,0.1859919746648141,-0.5860574773450128,-12.357022492234353,-14.049622586224425
-58.60574773450128,0.18970228654182494,-0.5860574773450128,-12.854954912811705,-14.875455856374364
-58.60574773450128,0.1934125984188358,-0.5860574773450128,-13.362722376213949,-15.704911356784253
-58.60574773450128,0.1971229102958466,-0.5860574773450128,-13.88032488244108,-16.51563702892251
-58.60574773450128,0.20083322217285746,-0.5860574773450128,-14.407762431493106,-17.288452383701834
-58.60574773450128,0.2045435340498683,-0.5860574773450128,-14.945035023370028,-18.0096117965562
-58.60574773450128,0.20825384592687915,-0.5860574773450128,-15.492142658071844,-18.671501546928486
-58.60574773450128,0.21196415780388997,-0.5860574773450128,-16.049085335598548,-19.272089285276078
-58.60574773450128,0.21567446968090082,-0.5860574773450128,-16.615863055950147,-19.813829587812712
-58.60574773450128,0.21938478155791166,-0.5860574773450128,-17.192475819126642,-20.302685166772218
-58.60574773450128,0.2230950934349225,-0.5860574773450128,-17.778923625128026,-20.747653110252333
-58.60574773450128,0.22680540531193333,-0.5860574773450128,-18.3752064739543,-21.160918184718266
-58.60574773450128,0.23051571718894417,-0.5860574773450128,-18.98132436560547,-21.558584549568042
-58.60574773450128,0.23422602906595502,-0.5860574773450128,-19.597277300081537,-21.96181273967381
-58.60574773450128,0.23793634094296587,-0.5860574773450128,-20.223065277382496,-22.39796910766702
-58.60574773450128,0.2416466528199767,-0.5860574773450128,-20.85868829750834,-22.90090876290593
-58.60574773450128,0.24535696469698753,-0.5860574773450128,-21.504146360459085,-23.5086939199831
-58.60574773450128,0.24906727657399838,-0.5860574773450128,-22.15943946623472,-24.256317429205765
-58.60574773450128,0.2527775884510092,-0.5860574773450128,-22.824567614835253,-25.161868300453925
-58.60574773450128,0.25648790032802005,-0.5860574773450128,-23.499530806260665,-26.20931097161035
-58.60574773450128,0.2601982122050309,-0.5860574773450128,-24.18432904051099,-27.338904509835114
-58.60574773450128,0.26390852408204174,-0.5860574773450128,-24.87896231758619,-28.458357630427944
-58.60574773450128,0.26761883595905256,-0.5860574773450128,-25.583430637486284,-29.47422899468311
-58.60574773450128,0.27132914783606343,-0.5860574773450128,-26.297734000211285,-30.323825516086224
-58.60574773450128,0.27503945971307425,-0.5860574773450128,-27.02187240576117,-30.98736470187215
-58.60574773450128,0.27874977159008507,-0.5860574773450128,-27.75584585413594,-31.47910995279291
-58.60574773450128,0.28246008346709595,-0.5860574773450128,-28.49965434533562,-31.83032656153487
-58.60574773450128,0.28617039534410676,-0.5860574773450128,-29.253297879360176,-32.07532750367035
-58.60574773450128,0.28988070722111764,-0.5860574773450128,-30.016776456209644,-32.244054544214926
-58.60574773450128,0.29359101909812846,-0.5860574773450128,-30.790090075883985,-32.35974414861355
-58.60574773450128,0.2973013309751393,-0.5860574773450128,-31.57323873838323,-32.4392516206248
-58.60574773450128,0.30101164285215015,-0.5860574773450128,-32.36622244370737,-32.49432051837896
-58.60574773450128,0.30472195472916097,-0.5860574773450128,-33.169041191856394,-32.532939368159894
-57.21787088303225,0.011607316445304631,-0.5721787088303225,-0.04775305485059111,-0.031226641978123526
-57.21787088303225,0.015317628322315471,-0.5721787088303225,-0.08316116502304768,-0.1078378211628912
-57.21787088303225,0.01902794019932631,-0.5721787088303225,-0.1283278936698764,-0.1872467072628221
-57.21787088303225,0.02273825207633715,-0.5721787088303225,-0.1832532407910773,-0.2697293713234701
-57.21787088303225,0.02644856395334799,-0.5721787088303225,-0.24793720638665043,-0.35559385817749267
-57.21787088303225,0.03015887583035883,-0.5721787088303225,-0.3223797904565957,-0.4451840455596521
-57.21787088303225,0.03386918770736967,-0.5721787088303225,-0.4065809930009132,-0.5388838302029504
-57.21787088303225,0.03757949958438051,-0.5721787088303225,-0.5005408140196028,-0.6371215873040545
-57.21787088303225,0.04128981146139135,-0.5721787088303225,-0.6042592535126646,-0.7403748054969481
-57.21787088303225,0.04500012333840219,-0.5721787088303225,-0.7177363114800986,-0.8491747382735777
-57.21787088303225,0.04871043521541303,-0.5721787088303225,-0.8409719879219048,-0.9641108304275248
-57.21787088303225,0.05242074709242387,-0.5721787088303225,-0.9739662828380832,-1.0858345702958125
-57.21787088303225,0.05613105896943471,-0.5721787088303225,-1.1167191962286336,-1.2150622817305792
-57.21787088303225,0.05984137084644555,-0.5721787088303225,-1.2692307280935562,-1.3525762021982255
-57.21787088303225,0.06355168272345639,-0.5721787088303225,-1.4315008784328511,-1.4992229975410065
-57.21787088303225,0.06726199460046722,-0.5721787088303225,-1.6035296472465177,-1.6559086491599497
-57.21787088303225,0.07097230647747807,-0.5721787088303225,-1.7853170345345573,-1.8235884363138528
-57.21787088303225,0.0746826183544889,-0.5721787088303225,-1.9768630402969685,-2.0032505618376026
-57.21787088303225,0.07839293023149975,-0.5721787088303225,-2.178167664533752,-2.195891892554444
-57.21787088303225,0.08210324210851058,-0.5721787088303225,-2.3892309072449076,-2.4024843904195143
-57.21787088303225,0.08581355398552143,-0.5721787088303225,-2.6100527684304358,-2.623931206764153
-57.21787088303225,0.08952386586253226,-0.5721787088303225,-2.840633248090336,-2.8610122256803416
-57.21787088303225,0.09323417773954311,-0.5721787088303225,-3.0809723462246077,-3.114320191398579
-57.21787088303225,0.09694448961655394,-0.5721787088303225,-3.3310700628332524,-3.3841905050081476
-57.21787088303225,0.10065480149356479,-0.5721787088303225,-3.590926397916269,-3.6706302806185267
-57.21787088303225,0.10436511337057562,-0.5721787088303225,-3.8605413514736573,-3.973255077015489
-57.21787088303225,0.10807542524758647,-0.5721787088303225,-4.139914923505419,-4.291244394992025
-57.21787088303225,0.1117857371245973,-0.5721787088303225,-4.429047114011551,-4.62332884491376
-57.21787088303225,0.11549604900160815,-0.5721787088303225,-4.727937922992057,-4.9678220115162635
-57.21787088303225,0.11920636087861898,-0.5721787088303225,-5.0365873504469345,-5.322707754884563
-57.21787088303225,0.12291667275562983,-0.5721787088303225,-5.354995396376184,-5.685788708783242
-57.21787088303225,0.12662698463264066,-0.5721787088303225,-5.683162060779806,-6.054894520039386
-57.21787088303225,0.1303372965096515,-0.5721787088303225,-6.0210873436578,-6.428140167596077
-57.21787088303225,0.13404760838666235,-0.5721787088303225,-6.368771245010167,-6.804217265085327
-57.21787088303225,0.13775792026367317,-0.5721787088303225,-6.726213764836904,-7.182696181006671
-57.21787088303225,0.14146823214068402,-0.5721787088303225,-7.093414903138015,-7.564314702744108
-57.21787088303225,0.14517854401769487,-0.5721787088303225,-7.470374659913497,-7.951228783150846
-57.21787088303225,0.1488888558947057,-0.5721787088303225,-7.857093035163353,-8.347199863308841
-57.21787088303225,0.15259916777171653,-0.5721787088303225,-8.253570028887578,-8.757687499478317
-57.21787088303225,0.15630947964872738,-0.5721787088303225,-8.659805641086178,-9.189802093738717
-57.21787088303225,0.16001979152573823,-0.5721787088303225,-9.07579987175915,-9.652049964666839
-57.21787088303225,0.16373010340274907,-0.5721787088303225,-9.501552720906494,-10.153778194679687
-57.21787088303225,0.1674404152797599,-0.5721787088303225,-9.937064188528208,-10.70421783494621
-57.21787088303225,0.17115072715677074,-0.5721787088303225,-10.382334274624295,-11.311063936246185
-57.21787088303225,0.17486103903378158,-0.5721787088303225,-10.837362979194758,-11.978659117800756
-57.21787088303225,0.17857135091079243,-0.5721787088303225,-11.302150302239589,-12.70607956824437
-57.21787088303225,0.18228166278780325,-0.5721787088303225,-11.776696243758794,-13.48569576786709
-57.21787088303225,0.1859919746648141,-0.5721787088303225,-12.261000803752369,-14.302918179429243
-57.21787088303225,0.18970228654182494,-0.5721787088303225,-12.75506398222032,-15.137620629129767
-57.21787088303225,0.1934125984188358,-0.5721787088303225,-13.258885779162643,-15.967108605273735
-57.21787088303225,0.1971229102958466,-0.5721787088303225,-13.772466194579332,-16.769763065352496
-57.21787088303225,0.20083322217285746,-0.5721787088303225,-14.295805228470396,-17.52815062004853
-57.21787088303225,0.2045435340498683,-0.5721787088303225,-14.828902880835836,-18.230719763258723
-57.21787088303225,0.20825384592687915,-0.5721787088303225,-15.371759151675647,-18.871953395977652
-57.21787088303225,0.21196415780388997,-0.5721787088303225,-15.924374040989825,-19.451496307277825
-57.21787088303225,0.21567446968090082,-0.5721787088303225,-16.486747548778382,-19.972994243413012
-57.21787088303225,0.21938478155791166,-0.5721787088303225,-17.058879675041307,-20.44321967651319
-57.21787088303225,0.2230950934349225,-0.5721787088303225,-17.640770419778605,-20.871765297066425
-57.21787088303225,0.22680540531193333,-0.5721787088303225,-18.232419782990274,-21.271353749566178
-57.21787088303225,0.23051571718894417,-0.5721787088303225,-18.833827764676318,-21.658683211865593
-57.21787088303225,0.23422602906595502,-0.5721787088303225,-19.444994364836734,-22.055620939817477
-57.21787088303225,0.23793634094296587,-0.5721787088303225,-20.065919583471523,-22.490320247022815
-57.21787088303225,0.2416466528199767,-0.5721787088303225,-20.69660342058068,-22.997306741934995
-57.21787088303225,0.24535696469698753,-0.5721787088303225,-21.33704587616421,-23.61472814018317
-57.21787088303225,0.24906727657399838,-0.5721787088303225,-21.987246950222115,-24.37631377186569
-57.21787088303225,0.2527775884510092,-0.5721787088303225,-22.647206642754394,-25.29681377669886
-57.21787088303225,0.25648790032802005,-0.5721787088303225,-23.316924953761035,-26.354974786074113
-57.21787088303225,0.2601982122050309,-0.5721787088303225,-23.996401883242065,-27.485906409461293
-57.21787088303225,0.26390852408204174,-0.5721787088303225,-24.685637431197453,-28.595171202148116
-57.21787088303225,0.26761883595905256,-0.5721787088303225,-25.38463159762721,-29.591565940874275
-57.21787088303225,0.27132914783606343,-0.5721787088303225,-26.093384382531355,-30.417408321799144
-57.21787088303225,0.27503945971307425,-0.5721787088303225,-26.81189578590986,-31.0577720218862
-57.21787088303225,0.27874977159008507,-0.5721787088303225,-27.540165807762737,-31.529841688116747
-57.21787088303225,0.28246008346709595,-0.5721787088303225,-28.278194448089998,-31.865804018607804
-57.21787088303225,0.28617039534410676,-0.5721787088303225,-29.025981706891617,-32.09965535166275
-57.21787088303225,0.28988070722111764,-0.5721787088303225,-29.783527584167622,-32.26052974318229
-57.21787088303225,0.29359101909812846,-0.5721787088303225,-30.550832079917985,-32.370809180330276
-57.21787088303225,0.2973013309751393,-0.5721787088303225,-31.327895194142727,-32.446632047503854
-57.21787088303225,0.30101164285215015,-0.5721787088303225,-32.11471692684185,-32.499202002074746
-57.21787088303225,0.30472195472916097,-0.5721787088303225,-32.911297278015326,-32.536124137473095
-55.82999403156321,0.011607316445304631,-0.5582999403156321,-0.047379078123053225,0.02493204263475901
-55.82999403156321,0.015317628322315471,-0.5582999403156321,-0.08250989066058306,-0.0513995478131033
-55.82999403156321,0.01902794019932631,-0.5582999403156321,-0.12732289732196433,-0.13049394896955224
-55.82999403156321,0.02273825207633715,-0.5582999403156321,-0.18181809810719707,-0.21262343072246082
-55.82999403156321,0.02644856395334799,-0.5582999403156321,-0.24599549301628132,-0.2980920684774018
-55.82999403156321,0.03015887583035883,-0.5582999403156321,-0.319855082049217,-0.38723966602437554
-55.82999403156321,0.03386918770736967,-0.5582999403156321,-0.4033968652060042,-0.48044604145076675
-55.82999403156321,0.03757949958438051,-0.5582999403156321,-0.4966208424866428,-0.5781356339436357
-55.82999403156321,0.04128981146139135,-0.5582999403156321,-0.5995270138911329,-0.6807823475289352
-55.82999403156321,0.04500012333840219,-0.5582999403156321,-0.7121153794194744,-0.7889144891408888
-55.82999403156321,0.04871043521541303,-0.5582999403156321,-0.8343859390716675,-0.9031195784184896
-55.82999403156321,0.05242074709242387,-0.5582999403156321,-0.9663386928477119,-1.0240487005551309
-55.82999403156321,0.05613105896943471,-0.5582999403156321,-1.1079736407476077,-1.152419937062875
-55.82999403156321,0.05984137084644555,-0.5582999403156321,-1.259290782771355,-1.2890202397598984
-55.82999403156321,0.06355168272345639,-0.5582999403156321,-1.420290118918954,-1.434704911571727
-55.82999403156321,0.06726199460046722,-0.5582999403156321,-1.590971649190404,-1.590393631434621
-55.82999403156321,0.07097230647747807,-0.5582999403156321,-1.771335373585706,-1.7570617282151004
-55.82999403156321,0.0746826183544889,-0.5582999403156321,-1.961381292104859,-1.9357252050206166
-55.82999403156321,0.07839293023149975,-0.5582999403156321,-2.161109404747864,-2.12741789795594
-55.82999403156321,0.08210324210851058,-0.5582999403156321,-2.37051971151472,-2.3331592073062675
-55.82999403156321,0.08581355398552143,-0.5582999403156321,-2.5896122124054277,-2.5539111782598365
-55.82999403156321,0.08952386586253226,-0.5582999403156321,-2.8183869074199865,-2.7905244681631975
-55.82999403156321,0.09323417773954311,-0.5582999403156321,-3.056843796558397,-3.0436740528689974
-55.82999403156321,0.09694448961655394,-0.5582999403156321,-3.3049828798206593,-3.3137874873203446
-55.82999403156321,0.10065480149356479,-0.5582999403156321,-3.5628041572067723,-3.6009711272339864
-55.82999403156321,0.10436511337057562,-0.5582999403156321,-3.8303076287167372,-3.904942732837176
-55.82999403156321,0.10807542524758647,-0.5582999403156321,-4.107493294350554,-4.2249818483177295
-55.82999403156321,0.1117857371245973,-0.5582999403156321,-4.394361154108221,-4.559911549158252
-55.82999403156321,0.11549604900160815,-0.5582999403156321,-4.690911207989741,-4.908125669114
-55.82999403156321,0.11920636087861898,-0.5582999403156321,-4.997143455995112,-5.267673621498774
-55.82999403156321,0.12291667275562983,-0.5582999403156321,-5.313057898124335,-5.63640999544957
-55.82999403156321,0.12662698463264066,-0.5582999403156321,-5.638654534377408,-6.012208572422613
-55.82999403156321,0.1303372965096515,-0.5582999403156321,-5.973933364754333,-6.393231488139406
-55.82999403156321,0.13404760838666235,-0.5582999403156321,-6.31889438925511,-6.778235787220631
-55.82999403156321,0.13775792026367317,-0.5582999403156321,-6.673537607879737,-7.166893316280967
-55.82999403156321,0.14146823214068402,-0.5582999403156321,-7.037863020628217,-7.560096494185865
-55.82999403156321,0.14517854401769487,-0.5582999403156321,-7.411870627500548,-7.960220946278671
-55.82999403156321,0.1488888558947057,-0.5582999403156321,-7.7955604284967315,-8.37131337364634
-55.82999403156321,0.15259916777171653,-0.5582999403156321,-8.188932423616764,-8.799165349539882
-55.82999403156321,0.15630947964872738,-0.5582999403156321,-8.59198661286065,-9.251217822941395
-55.82999403156321,0.16001979152573823,-0.5582999403156321,-9.004722996228388,-9.736217860827901
-55.82999403156321,0.16373010340274907,-0.5582999403156321,-9.427141573719977,-10.263528223587082
-55.82999403156321,0.1674404152797599,-0.5582999403156321,-9.859242345335414,-10.84199515865704
-55.82999403156321,0.17115072715677074,-0.5582999403156321,-10.301025311074705,-11.478347941653134
-55.82999403156321,0.17486103903378158,-0.5582999403156321,-10.75249047093785,-12.17527206327372
-55.82999403156321,0.17857135091079243,-0.5582999403156321,-11.213637824924843,-12.929561123312151
-55.82999403156321,0.18228166278780325,-0.5582999403156321,-11.684467373035687,-13.731006022642317
-55.82999403156321,0.1859919746648141,-0.5582999403156321,-12.164979115270384,-14.562711991277505
-55.82999403156321,0.18970228654182494,-0.5582999403156321,-12.655173051628935,-15.40315260729924
-55.82999403156321,0.1934125984188358,-0.5582999403156321,-13.155049182111336,-16.229540765674972
-55.82999403156321,0.1971229102958466,-0.5582999403156321,-13.664607506717585,-17.021438352101395
-55.82999403156321,0.20083322217285746,-0.5582999403156321,-14.183848025447688,-17.76342503229455
-55.82999403156321,0.2045435340498683,-0.5582999403156321,-14.712770738301643,-18.44619167057543
-55.82999403156321,0.20825384592687915,-0.5582999403156321,-15.25137564527945,-19.066206842150063
-55.82999403156321,0.21196415780388997,-0.5582999403156321,-15.799662746381104,-19.624617304650098
-55.82999403156321,0.21567446968090082,-0.5582999403156321,-16.357632041606614,-20.126097015209808
-55.82999403156321,0.21938478155791166,-0.5582999403156321,-16.925283530955976,-20.57811371746095
-55.82999403156321,0.2230950934349225,-0.5582999403156321,-17.502617214429186,-20.99079290180101
-55.82999403156321,0.22680540531193333,-0.5582999403156321,-18.089633092026247,-21.377371135787502
-55.82999403156321,0.23051571718894417,-0.5582999403156321,-18.686331163747163,-21.75513935611804
-55.82999403156321,0.23422602906595502,-0.5582999403156321,-19.29271142959193,-22.146677229344295
-55.82999403156321,0.23793634094296587,-0.5582999403156321,-19.90877388956055,-22.580918221137605
-55.82999403156321,0.2416466528199767,-0.5582999403156321,-20.534518543653014,-23.093008616788428
-55.82999403156321,0.24535696469698753,-0.5582999403156321,-21.169945391869337,-23.72104700633876
-55.82999403156321,0.24906727657399838,-0.5582999403156321,-21.81505443420951,-24.49725383755955
-55.82999403156321,0.2527775884510092,-0.5582999403156321,-22.469845670673536,-25.43274252603511
-55.82999403156321,0.25648790032802005,-0.5582999403156321,-23.134319101261404,-26.50088777993637
-55.82999403156321,0.2601982122050309,-0.5582999403156321,-23.80847472597314,-27.631861947462397
-55.82999403156321,0.26390852408204174,-0.5582999403156321,-24.492312544808712,-28.7296251689934
-55.82999403156321,0.26761883595905256,-0.5582999403156321,-25.185832557768137,-29.70572569509135
-55.82999403156321,0.27132914783606343,-0.5582999403156321,-25.889034764851424,-30.507653428895807
-55.82999403156321,0.27503945971307425,-0.5582999403156321,-26.601919166058554,-31.125171268694967
-55.82999403156321,0.27874977159008507,-0.5582999403156321,-27.324485761389532,-31.57811668132721
-55.82999403156321,0.28246008346709595,-0.5582999403156321,-28.056734550844375,-31.899394587813234
-55.82999403156321,0.28617039534410676,-0.5582999403156321,-28.798665534423055,-32.12258417076411
-55.82999403156321,0.28988070722111764,-0.5582999403156321,-29.550278712125603,-32.27598452147199
-55.82999403156321,0.29359101909812846,-0.5582999403156321,-30.311574083951985,-32.38113193296603
-55.82999403156321,0.2973013309751393,-0.5582999403156321,-31.082551649902225,-32.45346846321602
-55.82999403156321,0.30101164285215015,-0.5582999403156321,-31.863211409976326,-32.503678732505385
-55.82999403156321,0.30472195472916097,-0.5582999403156321,-32.653553364174265,-32.53900150672984
-54.44211718009418,0.011607316445304631,-0.5444211718009417,-0.04700510139551535,0.08147247751501463
-54.44211718009418,0.015317628322315471,-0.5444211718009417,-0.08185861629811844,0.00539775381579588
-54.44211718009418,0.01902794019932631,-0.5444211718009417,-0.12631790097405227,-0.07340706629169858
-54.44211718009418,0.02273825207633715,-0.5444211718009417,-0.18038295542331684,-0.15521052071330144
-54.44211718009418,0.02644856395334799,-0.5444211718009417,-0.24405377964591218,-0.24031277328774814
-54.44211718009418,0.03015887583035883,-0.5444211718009417,-0.3173303736418383,-0.3290495926713508
-54.44211718009418,0.03386918770736967,-0.5444211718009417,-0.4002127374110952,-0.4217967283307964
-54.44211718009418,0.03757949958438051,-0.5444211718009417,-0.49270087095368276,-0.5189746527488703
-54.44211718009418,0.04128981146139135,-0.5444211718009417,-0.5947947742696011,-0.6210535997098299
-54.44211718009418,0.04500012333840219,-0.5444211718009417,-0.7064944473588503,-0.7285587726062088
-54.44211718009418,0.04871043521541303,-0.5444211718009417,-0.8277998902214301,-0.8420755193769773
-54.44211718009418,0.05242074709242387,-0.5444211718009417,-0.9587111028573407,-0.9622541667977493
-54.44211718009418,0.05613105896943471,-0.5444211718009417,-1.0992280852665821,-1.0898140714077473
-54.44211718009418,0.05984137084644555,-0.5444211718009417,-1.2493508374491542,-1.2255462736736062
-54.44211718009418,0.06355168272345639,-0.5444211718009417,-1.409079359405057,-1.3703139355637817
-54.44211718009418,0.06726199460046722,-0.5444211718009417,-1.5784136511342903,-1.5250495052650095
-54.44211718009418,0.07097230647747807,-0.5444211718009417,-1.7573537126368548,-1.6907473026138722
-54.44211718009418,0.0746826183544889,-0.5444211718009417,-1.9458995439127498,-1.8684499875713432
-54.44211718009418,0.07839293023149975,-0.5444211718009417,-2.1440511449619755,-2.059227217412172
-54.44211718009418,0.08210324210851058,-0.5444211718009417,-2.351808515784532,-2.264144801252214
-54.44211718009418,0.08581355398552143,-0.5444211718009417,-2.5691716563804197,-2.484222940442888
-54.44211718009418,0.08952386586253226,-0.5444211718009417,-2.7961405667496377,-2.7203828447079133
-54.44211718009418,0.09323417773954311,-0.5444211718009417,-3.0327152468921863,-2.9733822881965155
-54.44211718009418,0.09694448961655394,-0.5444211718009417,-3.278895696808066,-3.243742633253305
-54.44211718009418,0.10065480149356479,-0.5444211718009417,-3.5346819164972763,-3.531672516008336
-54.44211718009418,0.10436511337057562,-0.5444211718009417,-3.800073905959817,-3.8369965800075745
-54.44211718009418,0.10807542524758647,-0.5444211718009417,-4.07507166519569,-4.159100912852781
-54.44211718009418,0.1117857371245973,-0.5444211718009417,-4.3596751942048915,-4.496909434052375
-54.44211718009418,0.11549604900160815,-0.5444211718009417,-4.653884492987426,-4.848906425536352
-54.44211718009418,0.11920636087861898,-0.5444211718009417,-4.957699561543289,-5.213218728849656
-54.44211718009418,0.12291667275562983,-0.5444211718009417,-5.271120399872484,-5.587766280741475
-54.44211718009418,0.12662698463264066,-0.5444211718009417,-5.5941470079750095,-5.97048182110072
-54.44211718009418,0.1303372965096515,-0.5444211718009417,-5.926779385850866,-6.359590940810162
-54.44211718009418,0.13404760838666235,-0.5444211718009417,-6.269017533500054,-6.753934017681459
-54.44211718009418,0.13775792026367317,-0.5444211718009417,-6.62086145092257,-7.1533038817360035
-54.44211718009418,0.14146823214068402,-0.5444211718009417,-6.98231113811842,-7.558768099421065
-54.44211718009418,0.14517854401769487,-0.5444211718009417,-7.353366595087599,-7.972941550255806
-54.44211718009418,0.1488888558947057,-0.5444211718009417,-7.73402782183011,-8.400170474648888
-54.44211718009418,0.15259916777171653,-0.5444211718009417,-8.124294818345948,-8.84657938825153
-54.44211718009418,0.15630947964872738,-0.5444211718009417,-8.524167584635121,-9.319914594006836
-54.44211718009418,0.16001979152573823,-0.5444211718009417,-8.933646120697624,-9.829095335149235
-54.44211718009418,0.16373010340274907,-0.5444211718009417,-9.352730426533459,-10.383369638152676
-54.44211718009418,0.1674404152797599,-0.5444211718009417,-9.78142050214262,-10.9909956861119
-54.44211718009418,0.17115072715677074,-0.5444211718009417,-10.219716347525114,-11.6574720687692
-54.44211718009418,0.17486103903378158,-0.5444211718009417,-10.667617962680941,-12.383550054844163
-54.44211718009418,0.17857135091079243,-0.5444211718009417,-11.125125347610096,-13.16354269539286
-54.44211718009418,0.18228166278780325,-0.5444211718009417,-11.592238502312583,-13.984648943720318
-54.44211718009418,0.1859919746648141,-0.5444211718009417,-12.0689574267884,-14.82790438907417
-54.44211718009418,0.18970228654182494,-0.5444211718009417,-12.55528212103755,-15.670826194491658
-54.44211718009418,0.1934125984188358,-0.5444211718009417,-13.05121258506003,-16.491043339363614
-54.44211718009418,0.1971229102958466,-0.5444211718009417,-13.556748818855837,-17.26969904739231
-54.44211718009418,0.20083322217285746,-0.5444211718009417,-14.071890822424978,-17.993572257429836
-54.44211718009418,0.2045435340498683,-0.5444211718009417,-14.59663859576745,-18.655572652310255
-54.44211718009418,0.20825384592687915,-0.5444211718009417,-15.130992138883254,-19.254003498758642
-54.44211718009418,0.21196415780388997,-0.5444211718009417,-15.674951451772383,-19.791330662898464
-54.44211718009418,0.21567446968090082,-0.5444211718009417,-16.22851653443485,-20.273105082469733
-54.44211718009418,0.21938478155791166,-0.5444211718009417,-16.791687386870645,-20.707392535610985
-54.44211718009418,0.2230950934349225,-0.5444211718009417,-17.364464009079768,-21.10480292051661
-54.44211718009418,0.22680540531193333,-0.5444211718009417,-17.94684640106222,-21.479071755062872
-54.44211718009418,0.23051571718894417,-0.5444211718009417,-18.53883456281801,-21.84808560199085
-54.44211718009418,0.23422602906595502,-0.5444211718009417,-19.140428494347127,-22.2351425272008
-54.44211718009418,0.23793634094296587,-0.5444211718009417,-19.751628195649577,-22.66994566755819
-54.44211718009418,0.2416466528199767,-0.5444211718009417,-20.372433666725353,-23.188203138121274
-54.44211718009418,0.24535696469698753,-0.5444211718009417,-21.002844907574463,-23.827815185041924
-54.44211718009418,0.24906727657399838,-0.5444211718009417,-21.642861918196903,-24.619234394234883
-54.44211718009418,0.2527775884510092,-0.5444211718009417,-22.29248469859268,-25.56964426356809
-54.44211718009418,0.25648790032802005,-0.5444211718009417,-22.951713248761777,-26.646932225913684
-54.44211718009418,0.2601982122050309,-0.5444211718009417,-23.620547568704218,-27.77660215264068
-54.44211718009418,0.26390852408204174,-0.5444211718009417,-24.298987658419975,-28.861580136514167
-54.44211718009418,0.26761883595905256,-0.5444211718009417,-24.98703351790906,-29.816648016147578
-54.44211718009418,0.27132914783606343,-0.5444211718009417,-25.684685147171496,-30.594577544006103
-54.44211718009418,0.27503945971307425,-0.5444211718009417,-26.39194254620725,-31.18962480716593
-54.44211718009418,0.27874977159008507,-0.5444211718009417,-27.10880571501633,-31.6240114422682
-54.44211718009418,0.28246008346709595,-0.5444211718009417,-27.835274653598756,-31.93116964422594
-54.44211718009418,0.28617039534410676,-0.5444211718009417,-28.571349361954496,-32.14417241033626
-54.44211718009418,0.28988070722111764,-0.5444211718009417,-29.317029840083585,-32.2904633874239
-54.44211718009418,0.29359101909812846,-0.5444211718009417,-30.072316087985985,-32.390744850634555
-54.44211718009418,0.2973013309751393,-0.5444211718009417,-30.837208105661723,-32.45978385540325
-54.44211718009418,0.30101164285215015,-0.5444211718009417,-31.611705893110802,-32.5077666515808
-54.44211718009418,0.30472195472916097,-0.5444211718009417,-32.395809450333196,-32.541582304506825
-53.05424032862514,0.011607316445304631,-0.5305424032862515,-0.046631124667977475,0.13842565912854954
-53.05424032862514,0.015317628322315471,-0.5305424032862515,-0.08120734193565382,0.06258634881261771
-53.05424032862514,0.01902794019932631,-0.5305424032862515,-0.1253129046261402,-0.015952549331792243
-53.05424032862514,0.02273825207633715,-0.5305424032862515,-0.17894781273943658,-0.0974559151804526
-53.05424032862514,0.02644856395334799,-0.5305424032862515,-0.24211206627554308,-0.18222006670157476
-53.05424032862514,0.03015887583035883,-0.5305424032862515,-0.3148056652344596,-0.27057678788394823
-53.05424032862514,0.03386918770736967,-0.5305424032862515,-0.3970286096161862,-0.36289778589100785
-53.05424032862514,0.03757949958438051,-0.5305424032862515,-0.4887808994207227,-0.45959955758980287
-53.05424032862514,0.04128981146139135,-0.5305424032862515,-0.5900625346480693,-0.5611486090108988
-53.05424032862514,0.04500012333840219,-0.5305424032862515,-0.7008735152982261,-0.6680669182638836
-53.05424032862514,0.04871043521541303,-0.5305424032862515,-0.8212138413711928,-0.7809374580388551
-53.05424032862514,0.05242074709242387,-0.5305424032862515,-0.9510835128669695,-0.900409492540186
-53.05424032862514,0.05613105896943471,-0.5305424032862515,-1.0904825297855563,-1.0272032299114453
-53.05424032862514,0.05984137084644555,-0.5305424032862515,-1.239410892126953,-1.1621132402567824
-53.05424032862514,0.06355168272345639,-0.5305424032862515,-1.39786859989116,-1.3060098393666664
-53.05424032862514,0.06726199460046722,-0.5305424032862515,-1.5658556530781764,-1.4598373930811288
-53.05424032862514,0.07097230647747807,-0.5305424032862515,-1.7433720516880036,-1.6246082308829504
-53.05424032862514,0.0746826183544889,-0.5305424032862515,-1.9304177957206403,-1.8013905999617783
-53.05424032862514,0.07839293023149975,-0.5305424032862515,-2.1269928851760875,-1.9912888962245683
-53.05424032862514,0.08210324210851058,-0.5305424032862515,-2.3330973200543443,-2.1954143609671846
-53.05424032862514,0.08581355398552143,-0.5305424032862515,-2.5487311003554116,-2.414844651099938
-53.05424032862514,0.08952386586253226,-0.5305424032862515,-2.7738942260792885,-2.650571329466393
-53.05424032862514,0.09323417773954311,-0.5305424032862515,-3.008586697225976,-2.9034355472967426
-53.05424032862514,0.09694448961655394,-0.5305424032862515,-3.2528085137954728,-3.1740541446263797
-53.05424032862514,0.10065480149356479,-0.5305424032862515,-3.50655967578778,-3.4627411225739095
-53.05424032862514,0.10436511337057562,-0.5305424032862515,-3.769840183202897,-3.769432800109813
-53.05424032862514,0.10807542524758647,-0.5305424032862515,-4.042650036040825,-4.093628528034477
-53.05424032862514,0.1117857371245973,-0.5305424032862515,-4.324989234301562,-4.43436182869514
-53.05424032862514,0.11549604900160815,-0.5305424032862515,-4.61685777798511,-4.790218220771484
-53.05424032862514,0.11920636087861898,-0.5305424032862515,-4.918255667091467,-5.159414687548081
-53.05424032862514,0.12291667275562983,-0.5305424032862515,-5.229182901620635,-5.5399510134082295
-53.05424032862514,0.12662698463264066,-0.5305424032862515,-5.549639481572612,-5.929835087276141
-53.05424032862514,0.1303372965096515,-0.5305424032862515,-5.879625406947399,-6.327373822560895
-53.05424032862514,0.13404760838666235,-0.5305424032862515,-6.219140677744997,-6.731510471324796
-53.05424032862514,0.13775792026367317,-0.5305424032862515,-6.568185293965404,-7.142179800464762
-53.05424032862514,0.14146823214068402,-0.5305424032862515,-6.926759255608622,-7.560645821666828
-53.05424032862514,0.14517854401769487,-0.5305424032862515,-7.294862562674649,-7.989781551983214
-53.05424032862514,0.1488888558947057,-0.5305424032862515,-7.6724952151634875,-8.434243593686505
-53.05424032862514,0.15259916777171653,-0.5305424032862515,-8.059657213075134,-8.900482329300516
-53.05424032862514,0.15630947964872738,-0.5305424032862515,-8.456348556409592,-9.396509630692195
-53.05424032862514,0.16001979152573823,-0.5305424032862515,-8.862569245166862,-9.931325717305029
-53.05424032862514,0.16373010340274907,-0.5305424032862515,-9.27831927934694,-10.51390377603308
-53.05424032862514,0.1674404152797599,-0.5305424032862515,-9.703598658949824,-11.151679908100052
-53.05424032862514,0.17115072715677074,-0.5305424032862515,-10.138407383975522,-11.848638259035175
-53.05424032862514,0.17486103903378158,-0.5305424032862515,-10.582745454424034,-12.603329697138442
-53.05424032862514,0.17857135091079243,-0.5305424032862515,-11.03661287029535,-13.407442744459196
-53.05424032862514,0.18228166278780325,-0.5305424032862515,-11.500009631589478,-14.245663335174685
-53.05424032862514,0.1859919746648141,-0.5305424032862515,-11.972935738306415,-15.097289432359412
-53.05424032862514,0.18970228654182494,-0.5305424032862515,-12.455391190446164,-15.939382158343717
-53.05424032862514,0.1934125984188358,-0.5305424032862515,-12.947375988008725,-16.75048459582127
-53.05424032862514,0.1971229102958466,-0.5305424032862515,-13.44889013099409,-17.51365488480124
-53.05424032862514,0.20083322217285746,-0.5305424032862515,-13.959933619402268,-18.21797363773421
-53.05424032862514,0.2045435340498683,-0.5305424032862515,-14.480506453233257,-18.85848257710281
-53.05424032862514,0.20825384592687915,-0.5305424032862515,-15.010608632487058,-19.43514118697226
-53.05424032862514,0.21196415780388997,-0.5305424032862515,-15.550240157163662,-19.951553350322488
-53.05424032862514,0.21567446968090082,-0.5305424032862515,-16.09940102726308,-20.414011643821432
-53.05424032862514,0.21938478155791166,-0.5305424032862515,-16.65809124278531,-20.831100039507263
-53.05424032862514,0.2230950934349225,-0.5305424032862515,-17.22631080373035,-21.21387723186666
-53.05424032862514,0.22680540531193333,-0.5305424032862515,-17.804059710098194,-21.5765699204561
-53.05424032862514,0.23051571718894417,-0.5305424032862515,-18.391337961888855,-21.937666011582415
-53.05424032862514,0.23422602906595502,-0.5305424032862515,-18.988145559102325,-22.321187427465873
-53.05424032862514,0.23793634094296587,-0.5305424032862515,-19.594482501738604,-22.757592096512173
-53.05424032862514,0.2416466528199767,-0.5305424032862515,-20.21034878979769,-23.28308127237265
-53.05424032862514,0.24535696469698753,-0.5305424032862515,-20.83574442327959,-23.935192594819075
-53.05424032862514,0.24906727657399838,-0.5305424032862515,-21.4706694021843,-24.742339517538056
-53.05424032862514,0.2527775884510092,-0.5305424032862515,-22.115123726511822,-25.707491333680526
-53.05424032862514,0.25648790032802005,-0.5305424032862515,-22.769107396262147,-26.792976344755875
-53.05424032862514,0.2601982122050309,-0.5305424032862515,-23.43262041143529,-27.919954484105457
-53.05424032862514,0.26390852408204174,-0.5305424032862515,-24.105662772031234,-28.990903276767842
-53.05424032862514,0.26761883595905256,-0.5305424032862515,-24.788234478049986,-29.924282764448005
-53.05424032862514,0.27132914783606343,-0.5305424032862515,-25.480335529491565,-30.6782050220631
-53.05424032862514,0.27503945971307425,-0.5305424032862515,-26.181965926355943,-31.25119833484534
-53.05424032862514,0.27874977159008507,-0.5305424032862515,-26.893125668643126,-31.66760248169864
-53.05424032862514,0.28246008346709595,-0.5305424032862515,-27.613814756353133,-31.961198848893993
-53.05424032862514,0.28617039534410676,-0.5305424032862515,-28.344033189485938,-32.16447626992174
-53.05424032862514,0.28988070722111764,-0.5305424032862515,-29.083780968041562,-32.304008675544345
-53.05424032862514,0.29359101909812846,-0.5305424032862515,-29.833058092019986,-32.39967851116098
-53.05424032862514,0.2973013309751393,-0.5305424032862515,-30.591864561421225,-32.4655996917549
-53.05424032862514,0.30101164285215015,-0.5305424032862515,-31.36020037624528,-32.511480488842636
-53.05424032862514,0.30472195472916097,-0.5305424032862515,-32.138065536492135,-32.54387639501556
-51.66636347715611,0.011607316445304631,-0.5166636347715611,-0.04625714794043959,0.19582162417403604
-51.66636347715611,0.015317628322315471,-0.5166636347715611,-0.0805560675731892,0.12019761150197317
-51.66636347715611,0.01902794019932631,-0.5166636347715611,-0.1243079082782281,0.04190228723862144
-51.66636347715611,0.02273825207633715,-0.5166636347715611,-0.17751267005555632,-0.039325648488663933
-51.66636347715611,0.02644856395334799,-0.5166636347715611,-0.2401703529051739,-0.12377874034637237
-51.66636347715611,0.03015887583035883,-0.5166636347715611,-0.3122809568270808,-0.21178484855840862
-51.66636347715611,0.03386918770736967,-0.5166636347715611,-0.3938444818212771,-0.30371167914339936
-51.66636347715611,0.03757949958438051,-0.5166636347715611,-0.48486092788776264,-0.3999717645819998
-51.66636347715611,0.04128981146139135,-0.5166636347715611,-0.5853302950265376,-0.5010278519962432
-51.66636347715611,0.04500012333840219,-0.5166636347715611,-0.6952525832376018,-0.607398605930952
-51.66636347715611,0.04871043521541303,-0.5166636347715611,-0.8146277925209553,-0.7196644616199273
-51.66636347715611,0.05242074709242387,-0.5166636347715611,-0.9434559228765982,-0.8384733663365358
-51.66636347715611,0.05613105896943471,-0.5166636347715611,-1.0817369743045302,-0.9645460148799281
-51.66636347715611,0.05984137084644555,-0.5166636347715611,-1.2294709468047518,-1.0986800148615379
-51.66636347715611,0.06355168272345639,-0.5166636347715611,-1.3866578403772627,-1.2417522050112284
-51.66636347715611,0.06726199460046722,-0.5166636347715611,-1.5532976550220623,-1.394718097236001
-51.66636347715611,0.07097230647747807,-0.5166636347715611,-1.7293903907391521,-1.558607132306666
-51.66636347715611,0.0746826183544889,-0.5166636347715611,-1.9149360475285306,-1.7345121573312978
-51.66636347715611,0.07839293023149975,-0.5166636347715611,-2.1099346253901987,-1.9235713017783653
-51.66636347715611,0.08210324210851058,-0.5166636347715611,-2.314386124324156,-2.1269403309900126
-51.66636347715611,0.08581355398552143,-0.5166636347715611,-2.528290544330403,-2.3457537135959305
-51.66636347715611,0.08952386586253226,-0.5166636347715611,-2.7516478854089392,-2.5810732116225332
-51.66636347715611,0.09323417773954311,-0.5166636347715611,-2.9844581475597645,-2.833823971819535
-51.66636347715611,0.09694448961655394,-0.5166636347715611,-3.2267213307828793,-3.104720030067939
-51.66636347715611,0.10065480149356479,-0.5166636347715611,-3.478437435078283,-3.3941839174169823
-51.66636347715611,0.10436511337057562,-0.5166636347715611,-3.7396064604459767,-3.702268569062727
-51.66636347715611,0.10807542524758647,-0.5166636347715611,-4.01022840688596,-4.028593582128781
-51.66636347715611,0.1117857371245973,-0.5166636347715611,-4.290303274398231,-4.372311271416971
-51.66636347715611,0.11549604900160815,-0.5166636347715611,-4.579831062982793,-4.732119831396967
-51.66636347715611,0.11920636087861898,-0.5166636347715611,-4.878811772639644,-5.106340012501667
-51.66636347715611,0.12291667275562983,-0.5166636347715611,-5.187245403368784,-5.49306713942695
-51.66636347715611,0.12662698463264066,-0.5166636347715611,-5.505131955170213,-5.890401895871845
-51.66636347715611,0.1303372965096515,-0.5166636347715611,-5.832471428043931,-6.296752024496849
-51.66636347715611,0.13404760838666235,-0.5166636347715611,-6.16926382198994,-6.7111848399653855
-51.66636347715611,0.13775792026367317,-0.5166636347715611,-6.515509137008236,-7.133799315109968
-51.66636347715611,0.14146823214068402,-0.5166636347715611,-6.871207373098823,-7.566077583713044
-51.66636347715611,0.14517854401769487,-0.5166636347715611,-7.236358530261699,-8.01116812493943
-51.66636347715611,0.1488888558947057,-0.5166636347715611,-7.610962608496865,-8.474043715655167
-51.66636347715611,0.15259916777171653,-0.5166636347715611,-7.995019607804318,-8.961463077439651
-51.66636347715611,0.15630947964872738,-0.5166636347715611,-8.388529528184062,-9.481645941440041
-51.66636347715611,0.16001979152573823,-0.5166636347715611,-8.791492369636096,-10.043556057517522
-51.66636347715611,0.16373010340274907,-0.5166636347715611,-9.20390813216042,-10.655699678990482
-51.66636347715611,0.1674404152797599,-0.5166636347715611,-9.625776815757028,-11.324427815687178
-51.66636347715611,0.17115072715677074,-0.5166636347715611,-10.05709842042593,-12.051916272207437
-51.66636347715611,0.17486103903378158,-0.5166636347715611,-10.497872946167123,-12.83427631085588
-51.66636347715611,0.17857135091079243,-0.5166636347715611,-10.948100392980603,-13.660500169523335
-51.66636347715611,0.18228166278780325,-0.5166636347715611,-11.407780760866371,-14.512940957387203
-51.66636347715611,0.1859919746648141,-0.5166636347715611,-11.876914049824428,-15.369580082417778
-51.66636347715611,0.18970228654182494,-0.5166636347715611,-12.355500259854779,-16.207556279272424
-51.66636347715611,0.1934125984188358,-0.5166636347715611,-12.843539390957417,-17.00678802510383
-51.66636347715611,0.1971229102958466,-0.5166636347715611,-13.34103144313234,-17.75250068932215
-51.66636347715611,0.20083322217285746,-0.5166636347715611,-13.847976416379556,-18.436096887193333
-51.66636347715611,0.2045435340498683,-0.5166636347715611,-14.364374310699063,-19.054612102992973
-51.66636347715611,0.20825384592687915,-0.5166636347715611,-14.890225126090858,-19.60946854836863
-51.66636347715611,0.21196415780388997,-0.5166636347715611,-15.42552886255494,-20.105236528640383
-51.66636347715611,0.21567446968090082,-0.5166636347715611,-15.970285520091313,-20.548833217422402
-51.66636347715611,0.21938478155791166,-0.5166636347715611,-16.524495098699976,-20.94929746702322
-51.66636347715611,0.2230950934349225,-0.5166636347715611,-17.088157598380928,-21.31811201309497
-51.66636347715611,0.22680540531193333,-0.5166636347715611,-17.661273019134164,-21.669992500990816
-51.66636347715611,0.23051571718894417,-0.5166636347715611,-18.2438413609597,-22.024035681921426
-51.66636347715611,0.23422602906595502,-0.5166636347715611,-18.83586262385752,-22.404991577636153
-51.66636347715611,0.23793634094296587,-0.5166636347715611,-19.43733680782763,-22.8440529541008
-51.66636347715611,0.2416466528199767,-0.5166636347715611,-20.048263912870024,-23.377834872528513
-51.66636347715611,0.24535696469698753,-0.5166636347715611,-20.66864393898471,-24.04333275781035
-51.66636347715611,0.24906727657399838,-0.5166636347715611,-21.29847688617169,-24.86663908746659
-51.66636347715611,0.2527775884510092,-0.5166636347715611,-21.93776275443096,-25.84623817223225
-51.66636347715611,0.25648790032802005,-0.5166636347715611,-22.586501543762513,-26.93887516722861
-51.66636347715611,0.2601982122050309,-0.5166636347715611,-23.244693254166364,-28.061744390139058
-51.66636347715611,0.26390852408204174,-0.5166636347715611,-23.912337885642494,-29.117469369704665
-51.66636347715611,0.26761883595905256,-0.5166636347715611,-24.58943543819091,-30.028589976632645
-51.66636347715611,0.27132914783606343,-0.5166636347715611,-25.27598591181163,-30.758567383737905
-51.66636347715611,0.27503945971307425,-0.5166636347715611,-25.971989306504632,-31.30996035823097
-51.66636347715611,0.27874977159008507,-0.5166636347715611,-26.677445622269918,-31.708965970979733
-51.66636347715611,0.28246008346709595,-0.5166636347715611,-27.392354859107506,-31.98954999250248
-51.66636347715611,0.28617039534410676,-0.5166636347715611,-28.116717017017372,-32.18354965789553
-51.66636347715611,0.28988070722111764,-0.5166636347715611,-28.85053209599954,-32.31666055944647
-51.66636347715611,0.29359101909812846,-0.5166636347715611,-29.593800096053982,-32.407961657153315
-51.66636347715611,0.2973013309751393,-0.5166636347715611,-30.346521017180716,-32.470935951898646
-51.66636347715611,0.30101164285215015,-0.5166636347715611,-31.108694859379753,-32.51483378753588
-51.66636347715611,0.30472195472916097,-0.5166636347715611,-31.880321622651064,-32.545892696811705
-50.27848662568707,0.011607316445304631,-0.5027848662568707,-0.04588317121290172,0.25368926281240767
-50.27848662568707,0.015317628322315471,-0.5027848662568707,-0.07990479321072458,0.1782618460069425
-50.27848662568707,0.01902794019932631,-0.5027848662568707,-0.12330291193031603,0.10018913194584922
-50.27848662568707,0.02273825207633715,-0.5027848662568707,-0.1760775273716761,0.019213319133077666
-50.27848662568707,0.02644856395334799,-0.5027848662568707,-0.2382286395348048,-0.06495444250048799
-50.27848662568707,0.03015887583035883,-0.5027848662568707,-0.3097562484197021,-0.1526381597569222
-50.27848662568707,0.03386918770736967,-0.5027848662568707,-0.3906603540263681,-0.244201592271184
-50.27848662568707,0.03757949958438051,-0.5027848662568707,-0.4809409563548026,-0.34005333806300997
-50.27848662568707,0.04128981146139135,-0.5027848662568707,-0.5805980554050058,-0.44065237895916676
-50.27848662568707,0.04500012333840219,-0.5027848662568707,-0.6896316511769776,-0.5465140094793071
-50.27848662568707,0.04871043521541303,-0.5027848662568707,-0.8080417436707179,-0.6582160049865602
-50.27848662568707,0.05242074709242387,-0.5027848662568707,-0.9358283328862269,-0.7764047899907325
-50.27848662568707,0.05613105896943471,-0.5027848662568707,-1.0729914188235046,-0.9018012387435266
-50.27848662568707,0.05984137084644555,-0.5027848662568707,-1.2195310014825507,-1.035205571254095
-50.27848662568707,0.06355168272345639,-0.5027848662568707,-1.3754470808633656,-1.177500594065006
-50.27848662568707,0.06726199460046722,-0.5027848662568707,-1.5407396569659486,-1.3296522767585433
-50.27848662568707,0.07097230647747807,-0.5027848662568707,-1.715408729790301,-1.4927063615053489
-50.27848662568707,0.0746826183544889,-0.5027848662568707,-1.8994542993364214,-1.6677793987550091
-50.27848662568707,0.07839293023149975,-0.5027848662568707,-2.092876365604311,-1.8560423358545328
-50.27848662568707,0.08210324210851058,-0.5027848662568707,-2.2956749285939684,-2.0586946385189933
-50.27848662568707,0.08581355398552143,-0.5027848662568707,-2.507849988305395,-2.2769270203759
-50.27848662568707,0.08952386586253226,-0.5027848662568707,-2.72940154473859,-2.5118713589844743
-50.27848662568707,0.09323417773954311,-0.5027848662568707,-2.960329597893554,-2.764537484306893
-50.27848662568707,0.09694448961655394,-0.5027848662568707,-3.200634147770286,-3.035738428252283
-50.27848662568707,0.10065480149356479,-0.5027848662568707,-3.450315194368787,-3.3260085358767153
-50.27848662568707,0.10436511337057562,-0.5027848662568707,-3.7093727376890566,-3.635522491933477
-50.27848662568707,0.10807542524758647,-0.5027848662568707,-3.9778067777310953,-3.9640274364185126
-50.27848662568707,0.1117857371245973,-0.5027848662568707,-4.255617314494901,-4.310804155311804
-50.27848662568707,0.11549604900160815,-0.5027848662568707,-4.542804347980477,-4.674675677176399
-50.27848662568707,0.11920636087861898,-0.5027848662568707,-4.83936787818782,-5.054081137288801
-50.27848662568707,0.12291667275562983,-0.5027848662568707,-5.145307905116934,-5.4472283749454915
-50.27848662568707,0.12662698463264066,-0.5027848662568707,-5.460624428767815,-5.852330054927057
-50.27848662568707,0.1303372965096515,-0.5027848662568707,-5.785317449140464,-6.267915948373107
-50.27848662568707,0.13404760838666235,-0.5027848662568707,-6.119386966234884,-6.693200232657613
-50.27848662568707,0.13775792026367317,-0.5027848662568707,-6.462832980051069,-7.128469448722925
-50.27848662568707,0.14146823214068402,-0.5027848662568707,-6.815655490589026,-7.575445344253242
-50.27848662568707,0.14517854401769487,-0.5027848662568707,-7.17785449784875,-8.03756650437742
-50.27848662568707,0.1488888558947057,-0.5027848662568707,-7.549430001830244,-8.520120758305357
-50.27848662568707,0.15259916777171653,-0.5027848662568707,-7.930382002533503,-9.030144298767638
-50.27848662568707,0.15630947964872738,-0.5027848662568707,-8.320710499958533,-9.575985419728765
-50.27848662568707,0.16001979152573823,-0.5027848662568707,-8.720415494105334,-10.166424231615402
-50.27848662568707,0.16373010340274907,-0.5027848662568707,-9.129496984973901,-10.809274805936539
-50.27848662568707,0.1674404152797599,-0.5027848662568707,-9.547954972564234,-11.509515308939124
-50.27848662568707,0.17115072715677074,-0.5027848662568707,-9.97578945687634,-12.267221265354467
-50.27848662568707,0.17486103903378158,-0.5027848662568707,-10.413000437910215,-13.075870586223743
-50.27848662568707,0.17857135091079243,-0.5027848662568707,-10.859587915665855,-13.921776758733202
-50.27848662568707,0.18228166278780325,-0.5027848662568707,-11.315551890143265,-14.785245677792748
-50.27848662568707,0.1859919746648141,-0.5027848662568707,-11.780892361342444,-15.643437370192173
-50.27848662568707,0.18970228654182494,-0.5027848662568707,-12.255609329263393,-16.47410777738184
-50.27848662568707,0.1934125984188358,-0.5027848662568707,-12.739702793906112,-17.258951487275265
-50.27848662568707,0.1971229102958466,-0.5027848662568707,-13.233172755270592,-17.98552384083925
-50.27848662568707,0.20083322217285746,-0.5027848662568707,-13.736019213356846,-18.647494781190705
-50.27848662568707,0.2045435340498683,-0.5027848662568707,-14.24824216816487,-19.243717381488395
-50.27848662568707,0.20825384592687915,-0.5027848662568707,-14.769841619694661,-19.77687953481573
-50.27848662568707,0.21196415780388997,-0.5027848662568707,-15.300817567946218,-20.252361595122508
-50.27848662568707,0.21567446968090082,-0.5027848662568707,-15.841170012919546,-20.677607420905606
-50.27848662568707,0.21938478155791166,-0.5027848662568707,-16.390898954614645,-21.062062353652383
-50.27848662568707,0.2230950934349225,-0.5027848662568707,-16.95000439303151,-21.417617256193534
-50.27848662568707,0.22680540531193333,-0.5027848662568707,-17.51848632817014,-21.759478540464386
-50.27848662568707,0.23051571718894417,-0.5027848662568707,-18.096344760030544,-22.107360238509333
-50.27848662568707,0.23422602906595502,-0.5027848662568707,-18.683579688612717,-22.486742940072457
-50.27848662568707,0.23793634094296587,-0.5027848662568707,-19.280191113916658,-22.92952856905481
-50.27848662568707,0.2416466528199767,-0.5027848662568707,-19.886179035942362,-23.472655247414593
-50.27848662568707,0.24535696469698753,-0.5027848662568707,-20.501543454689838,-24.152381107424677
-50.27848662568707,0.24906727657399838,-0.5027848662568707,-21.126284370159087,-24.99218736736606
-50.27848662568707,0.2527775884510092,-0.5027848662568707,-21.760401782350105,-25.985820985919766
-50.27848662568707,0.25648790032802005,-0.5027848662568707,-22.403895691262882,-27.084471607040538
-50.27848662568707,0.2601982122050309,-0.5027848662568707,-23.05676609689744,-28.201796906032072
-50.27848662568707,0.26390852408204174,-0.5027848662568707,-23.719012999253753,-29.241161735038208
-50.27848662568707,0.26761883595905256,-0.5027848662568707,-24.390636398331836,-30.129539828685772
-50.27848662568707,0.27132914783606343,-0.5027848662568707,-25.0716362941317,-30.835702792477576
-50.27848662568707,0.27503945971307425,-0.5027848662568707,-25.762012686653325,-31.365981679405756
-50.27848662568707,0.27874977159008507,-0.5027848662568707,-26.461765575896713,-31.748177425364556
-50.27848662568707,0.28246008346709595,-0.5027848662568707,-27.170894961861887,-32.01628885734154
-50.27848662568707,0.28617039534410676,-0.5027848662568707,-27.88940084454881,-32.20144415997301
-50.27848662568707,0.28988070722111764,-0.5027848662568707,-28.617283223957518,-32.328457068515014
-50.27848662568707,0.29359101909812846,-0.5027848662568707,-29.354542100087983,-32.41562122739807
-50.27848662568707,0.2973013309751393,-0.5027848662568707,-30.10117747294022,-32.475811158045765
-50.27848662568707,0.30101164285215015,-0.5027848662568707,-30.857189342514232,-32.517838928856335
-50.27848662568707,0.30472195472916097,-0.5027848662568707,-31.62257770881,-32.54763919957027
-48.89060977421804,0.011607316445304631,-0.4889060977421804,-0.045509194485363835,0.3120561143251537
-48.89060977421804,0.015317628322315471,-0.4889060977421804,-0.07925351884825996,0.23680808888150828
-48.89060977421804,0.01902794019932631,-0.4889060977421804,-0.12229791558240395,0.15893848620744833
-48.89060977421804,0.02273825207633715,-0.4889060977421804,-0.17464238468779586,0.07819291819798546
-48.89060977421804,0.02644856395334799,-0.4889060977421804,-0.2362869261644357,-0.005713854960909481
-48.89060977421804,0.03015887583035883,-0.4889060977421804,-0.3072315400123234,-0.09310206567689017
-48.89060977421804,0.03386918770736967,-0.4889060977421804,-0.3874762262314591,-0.18433159456210868
-48.89060977421804,0.03757949958438051,-0.4889060977421804,-0.4770209848218426,-0.2798071525776955
-48.89060977421804,0.04128981146139135,-0.4889060977421804,-0.5758658157834741,-0.3799839732559245
-48.89060977421804,0.04500012333840219,-0.4889060977421804,-0.6840107191163534,-0.4853739549989331
-48.89060977421804,0.04871043521541303,-0.4889060977421804,-0.8014556948204806,-0.5965521292828326
-48.89060977421804,0.05242074709242387,-0.4889060977421804,-0.9282007428958557,-0.7141632393965316
-48.89060977421804,0.05613105896943471,-0.4889060977421804,-1.0642458633424787,-0.838928088928508
-48.89060977421804,0.05984137084644555,-0.4889060977421804,-1.2095910561603496,-0.971649152358883
-48.89060977421804,0.06355168272345639,-0.4889060977421804,-1.3642363213494686,-1.113214726068241
-48.89060977421804,0.06726199460046722,-0.4889060977421804,-1.528181658909835,-1.2646006352486001
-48.89060977421804,0.07097230647747807,-0.4889060977421804,-1.7014270688414497,-1.4268682075037713
-48.89060977421804,0.0746826183544889,-0.4889060977421804,-1.883972551144312,-1.6011568991987424
-48.89060977421804,0.07839293023149975,-0.4889060977421804,-2.0758181058184224,-1.7886696613173303
-48.89060977421804,0.08210324210851058,-0.4889060977421804,-2.2769637328637806,-1.9906489370630738
-48.89060977421804,0.08581355398552143,-0.4889060977421804,-2.487409432280387,-2.2083412166060246
-48.89060977421804,0.08952386586253226,-0.4889060977421804,-2.707155204068241,-2.442948506039141
-48.89060977421804,0.09323417773954311,-0.4889060977421804,-2.936201048227343,-2.6955661072989283
-48.89060977421804,0.09694448961655394,-0.4889060977421804,-3.174546964757693,-2.967107967936296
-48.89060977421804,0.10065480149356479,-0.4889060977421804,-3.4221929536592905,-3.2582236934288265
-48.89060977421804,0.10436511337057562,-0.4889060977421804,-3.6791390149321366,-3.569215093495793
-48.89060977421804,0.10807542524758647,-0.4889060977421804,-3.9453851485762303,-3.899964517971884
-48.89060977421804,0.1117857371245973,-0.4889060977421804,-4.220931354591571,-4.249891457930261
-48.89060977421804,0.11549604900160815,-0.4889060977421804,-4.505777632978162,-4.617956730290654
-48.89060977421804,0.11920636087861898,-0.4889060977421804,-4.799923983735998,-5.002733552055638
-48.89060977421804,0.12291667275562983,-0.4889060977421804,-5.103370406865084,-5.4025606242190705
-48.89060977421804,0.12662698463264066,-0.4889060977421804,-5.416116902365417,-5.815783397612891
-48.89060977421804,0.1303372965096515,-0.4889060977421804,-5.738163470236998,-6.241076590499833
-48.89060977421804,0.13404760838666235,-0.4889060977421804,-6.069510110479827,-6.677825558934277
-48.89060977421804,0.13775792026367317,-0.4889060977421804,-6.410156823093903,-7.1265285276367845
-48.89060977421804,0.14146823214068402,-0.4889060977421804,-6.760103608079228,-7.589167398100141
-48.89060977421804,0.14517854401769487,-0.4889060977421804,-7.119350465435801,-8.069481389212815
-48.89060977421804,0.1488888558947057,-0.4889060977421804,-7.487897395163622,-8.573062980340016
-48.89060977421804,0.15259916777171653,-0.4889060977421804,-7.865744397262689,-9.107178300647263
-48.89060977421804,0.15630947964872738,-0.4889060977421804,-8.252891471733006,-9.68019944995977
-48.89060977421804,0.16001979152573823,-0.4889060977421804,-8.649338618574571,-10.30054299675946
-48.89060977421804,0.16373010340274907,-0.4889060977421804,-9.055085837787383,-10.975072953578369
-48.89060977421804,0.1674404152797599,-0.4889060977421804,-9.47013312937144,-11.70708946494598
-48.89060977421804,0.17115072715677074,-0.4889060977421804,-9.89448049332675,-12.494293339639942
-48.89060977421804,0.17486103903378158,-0.4889060977421804,-10.328127929653306,-13.327400728694991
-48.89060977421804,0.17857135091079243,-0.4889060977421804,-10.77107543835111,-14.190167085240825
-48.89060977421804,0.18228166278780325,-0.4889060977421804,-11.22332301942016,-15.061238889632268
-48.89060977421804,0.1859919746648141,-0.4889060977421804,-11.684870672860459,-15.917501963800602
-48.89060977421804,0.18970228654182494,-0.4889060977421804,-12.15571839867201,-16.737845913441785
-48.89060977421804,0.1934125984188358,-0.4889060977421804,-12.635866196854806,-17.506062223663665
-48.89060977421804,0.1971229102958466,-0.4889060977421804,-13.125314067408846,-18.212107733199893
-48.89060977421804,0.20083322217285746,-0.4889060977421804,-13.624062010334136,-18.851801391049186
-48.89060977421804,0.2045435340498683,-0.4889060977421804,-14.132110025630677,-19.425613949153334
-48.89060977421804,0.20825384592687915,-0.4889060977421804,-14.649458113298465,-19.93730810106663
-48.89060977421804,0.21196415780388997,-0.4889060977421804,-15.176106273337497,-20.39293675952155
-48.89060977421804,0.21567446968090082,-0.4889060977421804,-15.712054505747782,-20.800391201047212
-48.89060977421804,0.21938478155791166,-0.4889060977421804,-16.257302810529314,-21.16948772891125
-48.89060977421804,0.2230950934349225,-0.4889060977421804,-16.81185118768209,-21.51251632056773
-48.89060977421804,0.22680540531193333,-0.4889060977421804,-17.375699637206115,-21.84517880397488
-48.89060977421804,0.23051571718894417,-0.4889060977421804,-17.948848159101388,-22.18781521722213
-48.89060977421804,0.23422602906595502,-0.4889060977421804,-18.53129675336791,-22.56663693786922
-48.89060977421804,0.23793634094296587,-0.4889060977421804,-19.123045420005685,-23.014222990676085
-48.89060977421804,0.2416466528199767,-0.4889060977421804,-19.724094159014697,-23.567731642537876
-48.89060977421804,0.24535696469698753,-0.4889060977421804,-20.334442970394967,-24.26247327470522
-48.89060977421804,0.24906727657399838,-0.4889060977421804,-20.95409185414648,-25.11902169608956
-48.89060977421804,0.2527775884510092,-0.4889060977421804,-21.583040810269246,-26.12615766766501
-48.89060977421804,0.25648790032802005,-0.4889060977421804,-22.22128983876325,-27.229597731615243
-48.89060977421804,0.2601982122050309,-0.4889060977421804,-22.868838939628514,-28.339938261830728
-48.89060977421804,0.26390852408204174,-0.4889060977421804,-23.525688112865016,-29.36187304116814
-48.89060977421804,0.26761883595905256,-0.4889060977421804,-24.191837358472764,-30.22711249263478
-48.89060977421804,0.27132914783606343,-0.4889060977421804,-24.867286676451773,-30.909655499596198
-48.89060977421804,0.27503945971307425,-0.4889060977421804,-25.55203606680202,-31.419334896984225
-48.89060977421804,0.27874977159008507,-0.4889060977421804,-26.246085529523512,-31.78531141116354
-48.89060977421804,0.28246008346709595,-0.4889060977421804,-26.949435064616264,-32.0414790965944
-48.89060977421804,0.28617039534410676,-0.4889060977421804,-27.66208467208025,-32.21820901659899
-48.89060977421804,0.28988070722111764,-0.4889060977421804,-28.3840343519155,-32.33943410764492
-48.89060977421804,0.29359101909812846,-0.4889060977421804,-29.115284104121983,-32.4226823882078
-48.89060977421804,0.2973013309751393,-0.4889060977421804,-29.855833928699717,-32.48024240418838
-48.89060977421804,0.30101164285215015,-0.4889060977421804,-30.605683825648708,-32.52050715426001
-48.89060977421804,0.30472195472916097,-0.4889060977421804,-31.364833794968934,-32.54912297885242
-47.502732922749004,0.011607316445304631,-0.47502732922749,-0.04513521775782596,0.3709481463179196
-47.502732922749004,0.015317628322315471,-0.47502732922749,-0.07860224448579534,0.29586389461909257
-47.502732922749004,0.01902794019932631,-0.47502732922749,-0.12129291923449188,0.21817945646021553
-47.502732922749004,0.02273825207633715,-0.47502732922749,-0.1732072420039156,0.13764376878331563
-47.502732922749004,0.02644856395334799,-0.47502732922749,-0.23434521279406656,0.053975112297400374
-47.502732922749004,0.03015887583035883,-0.47502732922749,-0.30470683160494466,-0.033143058221074995
-47.502732922749004,0.03386918770736967,-0.47502732922749,-0.3842920984365501,-0.12406682357462206
-47.502732922749004,0.03757949958438051,-0.47502732922749,-0.47310101328888254,-0.21919707157634427
-47.502732922749004,0.04128981146139135,-0.47502732922749,-0.5711335761619423,-0.3189853267121434
-47.502732922749004,0.04500012333840219,-0.47502732922749,-0.6783897870557292,-0.4239400943123173
-47.502732922749004,0.04871043521541303,-0.47502732922749,-0.7948696459702432,-0.5346336151519873
-47.502732922749004,0.05242074709242387,-0.47502732922749,-0.9205731529054845,-0.6517088392340997
-47.502732922749004,0.05613105896943471,-0.47502732922749,-1.0555003078614529,-0.7758863059302239
-47.502732922749004,0.05984137084644555,-0.47502732922749,-1.1996511108381485,-0.907970453705518
-47.502732922749004,0.06355168272345639,-0.47502732922749,-1.3530255618355713,-1.0488546694137186
-47.502732922749004,0.06726199460046722,-0.47502732922749,-1.515623660853721,-1.199524121290897
-47.502732922749004,0.07097230647747807,-0.47502732922749,-1.6874454078925984,-1.3610551058320093
-47.502732922749004,0.0746826183544889,-0.47502732922749,-1.8684908029522027,-1.53460929557261
-47.502732922749004,0.07839293023149975,-0.47502732922749,-2.0587598460325345,-1.7214209446424444
-47.502732922749004,0.08210324210851058,-0.47502732922749,-2.258252537133593,-1.9227748684850716
-47.502732922749004,0.08581355398552143,-0.47502732922749,-2.466968876255379,-2.13997298571325
-47.502732922749004,0.08952386586253226,-0.47502732922749,-2.684908863397892,-2.3742875685321865
-47.502732922749004,0.09323417773954311,-0.47502732922749,-2.9120724985611326,-2.6269003149074326
-47.502732922749004,0.09694448961655394,-0.47502732922749,-3.1484597817450997,-2.89882816796165
-47.502732922749004,0.10065480149356479,-0.47502732922749,-3.3940707129497945,-3.190839650288356
-47.502732922749004,0.10436511337057562,-0.47502732922749,-3.6489052921752165,-3.5033693696755197
-47.502732922749004,0.10807542524758647,-0.47502732922749,-3.912963519421366,-3.8364429874628208
-47.502732922749004,0.1117857371245973,-0.47502732922749,-4.186245394688242,-4.1896295630714215
-47.502732922749004,0.11549604900160815,-0.47502732922749,-4.468750917975846,-4.562041536524374
-47.502732922749004,0.11920636087861898,-0.47502732922749,-4.760480089284176,-4.9524030750876245
-47.502732922749004,0.12291667275562983,-0.47502732922749,-5.061432908613234,-5.359203552059942
-47.502732922749004,0.12662698463264066,-0.47502732922749,-5.371609375963018,-5.780943692640218
-47.502732922749004,0.1303372965096515,-0.47502732922749,-5.6910094913335305,-6.216467789174689
-47.502732922749004,0.13404760838666235,-0.47502732922749,-6.019633254724771,-6.665358031222038
-47.502732922749004,0.13775792026367317,-0.47502732922749,-6.357480666136736,-7.1283487064748
-47.502732922749004,0.14146823214068402,-0.47502732922749,-6.704551725569431,-7.607700441667717
-47.502732922749004,0.14517854401769487,-0.47502732922749,-7.060846433022851,-8.107457697654526
-47.502732922749004,0.1488888558947057,-0.47502732922749,-7.4263647884970005,-8.633495119006184
-47.502732922749004,0.15259916777171653,-0.47502732922749,-7.801106791991874,-9.193240838825819
-47.502732922749004,0.15630947964872738,-0.47502732922749,-8.185072443507478,-9.79495665776444
-47.502732922749004,0.16001979152573823,-0.47502732922749,-8.578261743043807,-10.446480871459054
-47.502732922749004,0.16373010340274907,-0.47502732922749,-8.980674690600866,-11.15343978312443
-47.502732922749004,0.1674404152797599,-0.47502732922749,-9.392311286178646,-11.917143775575962
-47.502732922749004,0.17115072715677074,-0.47502732922749,-9.813171529777158,-12.732680670737095
-47.502732922749004,0.17486103903378158,-0.47502732922749,-10.243255421396398,-13.587961485898118
-47.502732922749004,0.17857135091079243,-0.47502732922749,-10.682562961036364,-14.464416128395193
-47.502732922749004,0.18228166278780325,-0.47502732922749,-11.131094148697056,-15.33951009148089
-47.502732922749004,0.1859919746648141,-0.47502732922749,-11.588848984378474,-16.190426322916625
-47.502732922749004,0.18970228654182494,-0.47502732922749,-12.055827468080624,-16.997653323615197
-47.502732922749004,0.1934125984188358,-0.47502732922749,-12.532029599803499,-17.747307256261145
-47.502732922749004,0.1971229102958466,-0.47502732922749,-13.017455379547098,-18.43173156053944
-47.502732922749004,0.20083322217285746,-0.47502732922749,-13.512104807311426,-19.048726482063877
-47.502732922749004,0.2045435340498683,-0.47502732922749,-14.015977883096484,-19.600170305279104
-47.502732922749004,0.20825384592687915,-0.47502732922749,-14.529074606902268,-20.090723342267182
-47.502732922749004,0.21196415780388997,-0.47502732922749,-15.051394978728775,-20.526994192492946
-47.502732922749004,0.21567446968090082,-0.47502732922749,-15.582938998576015,-20.917259450416104
-47.502732922749004,0.21938478155791166,-0.47502732922749,-16.12370666644398,-21.271681461466436
-47.502732922749004,0.2230950934349225,-0.47502732922749,-16.673697982332673,-21.60294546581453
-47.502732922749004,0.22680540531193333,-0.47502732922749,-17.232912946242088,-21.927255225827825
-47.502732922749004,0.23051571718894417,-0.47502732922749,-17.801351558172236,-22.26558532990576
-47.502732922749004,0.23422602906595502,-0.47502732922749,-18.37901381812311,-22.644875491133455
-47.502732922749004,0.23793634094296587,-0.47502732922749,-18.96589972609471,-23.098342728051296
-47.502732922749004,0.2416466528199767,-0.47502732922749,-19.562009282087036,-23.663249647373682
-47.502732922749004,0.24535696469698753,-0.47502732922749,-20.167342486100093,-24.373733378029193
-47.502732922749004,0.24906727657399838,-0.47502732922749,-20.781899338133876,-25.24716132392766
-47.502732922749004,0.2527775884510092,-0.47502732922749,-21.405679838188387,-26.267147962218893
-47.502732922749004,0.25648790032802005,-0.47502732922749,-22.03868398626362,-27.37407621205467
-47.502732922749004,0.2601982122050309,-0.47502732922749,-22.68091178235959,-28.47599747044537
-47.502732922749004,0.26390852408204174,-0.47502732922749,-23.332363226476275,-29.479505980634237
-47.502732922749004,0.26761883595905256,-0.47502732922749,-23.99303831861369,-30.32129789359788
-47.502732922749004,0.27132914783606343,-0.47502732922749,-24.662937058771842,-30.980475265688305
-47.502732922749004,0.27503945971307425,-0.47502732922749,-25.342059446950714,-31.470093924748472
-47.502732922749004,0.27874977159008507,-0.47502732922749,-26.030405483150307,-31.820441276745044
-47.502732922749004,0.28246008346709595,-0.47502732922749,-26.72797516737064,-32.065182129879396
-47.502732922749004,0.28617039534410676,-0.47502732922749,-27.43476849961169,-32.23389110825049
-47.502732922749004,0.28988070722111764,-0.47502732922749,-28.15078547987348,-32.34962547942365
-47.502732922749004,0.29359101909812846,-0.47502732922749,-28.87602610815598,-32.429168564359415
-47.502732922749004,0.2973013309751393,-0.47502732922749,-29.610490384459215,-32.4842453836479
-47.502732922749004,0.30101164285215015,-0.47502732922749,-30.354178308783187,-32.52284858571482
-47.502732922749004,0.30472195472916097,-0.47502732922749,-31.10708988112787,-32.550350208780706
-46.11485607127997,0.011607316445304631,-0.46114856071279975,-0.044761241030288085,0.4303895191967053
-46.11485607127997,0.015317628322315471,-0.46114856071279975,-0.07795097012333072,0.3554551054285706
-46.11485607127997,0.01902794019932631,-0.46114856071279975,-0.12028792288657982,0.2779395297861891
-46.11485607127997,0.02273825207633715,-0.46114856071279975,-0.17177209932003537,0.197594962314819
-46.11485607127997,0.02644856395334799,-0.46114856071279975,-0.23240349942369745,0.1141431091169478
-46.11485607127997,0.03015887583035883,-0.46114856071279975,-0.302182123197566,0.02727101699495771
-46.11485607127997,0.03386918770736967,-0.46114856071279975,-0.38110797064164104,-0.06337368563471046
-46.11485607127997,0.03757949958438051,-0.46114856071279975,-0.4691810417559225,-0.1581881431616956
-46.11485607127997,0.04128981146139135,-0.46114856071279975,-0.5664013365404105,-0.25762023165116577
-46.11485607127997,0.04500012333840219,-0.46114856071279975,-0.672768854995105,-0.36217509457595565
-46.11485607127997,0.04871043521541303,-0.46114856071279975,-0.788283597120006,-0.4724221714479433
-46.11485607127997,0.05242074709242387,-0.46114856071279975,-0.9129455629151133,-0.5890025525520328
-46.11485607127997,0.05613105896943471,-0.46114856071279975,-1.0467547523804273,-0.7126363757243517
-46.11485607127997,0.05984137084644555,-0.46114856071279975,-1.1897111655159474,-0.8441298207995434
-46.11485607127997,0.06355168272345639,-0.46114856071279975,-1.3418148023216743,-0.9843810459573517
-46.11485607127997,0.06726199460046722,-0.46114856071279975,-1.5030656627976073,-1.13438414272866
-46.11485607127997,0.07097230647747807,-0.46114856071279975,-1.6734637469437472,-1.2952298650510927
-46.11485607127997,0.0746826183544889,-0.46114856071279975,-1.8530090547600933,-1.4681015283384877
-46.11485607127997,0.07839293023149975,-0.46114856071279975,-2.041701586246646,-1.6542641158344764
-46.11485607127997,0.08210324210851058,-0.46114856071279975,-2.239541341403405,-1.8550443451331355
-46.11485607127997,0.08581355398552143,-0.46114856071279975,-2.446528320230371,-2.0717993587516434
-46.11485607127997,0.08952386586253226,-0.46114856071279975,-2.662662522727543,-2.3058719868528073
-46.11485607127997,0.09323417773954311,-0.46114856071279975,-2.8879439488949217,-2.5585314196461812
-46.11485607127997,0.09694448961655394,-0.46114856071279975,-3.1223725987325066,-2.8308998807184937
-46.11485607127997,0.10065480149356479,-0.46114856071279975,-3.3659484722402984,-3.1238687297622825
-46.11485607127997,0.10436511337057562,-0.46114856071279975,-3.618671569418296,-3.4380114054870656
-46.11485607127997,0.10807542524758647,-0.46114856071279975,-3.8805418902665014,-3.7735054890202866
-46.11485607127997,0.1117857371245973,-0.46114856071279975,-4.151559434784912,-4.130081183095239
-46.11485607127997,0.11549604900160815,-0.46114856071279975,-4.4317242029735295,-4.507017358037771
-46.11485607127997,0.11920636087861898,-0.46114856071279975,-4.721036194832354,-4.903207268026498
-46.11485607127997,0.12291667275562983,-0.46114856071279975,-5.019495410361384,-5.31731231905332
-46.11485607127997,0.12662698463264066,-0.46114856071279975,-5.327101849560621,-5.748012725435533
-46.11485607127997,0.1303372965096515,-0.46114856071279975,-5.643855512430064,-6.194348624532523
-46.11485607127997,0.13404760838666235,-0.46114856071279975,-5.969756398969714,-6.656125749087471
-46.11485607127997,0.13775792026367317,-0.46114856071279975,-6.3048045091795695,-7.134338412388125
-46.11485607127997,0.14146823214068402,-0.46114856071279975,-6.648999843059633,-7.631541249985464
-46.11485607127997,0.14517854401769487,-0.46114856071279975,-7.002342400609902,-8.15208042731307
-46.11485607127997,0.1488888558947057,-0.46114856071279975,-7.364832181830378,-8.702074906709118
-46.11485607127997,0.15259916777171653,-0.46114856071279975,-7.7364691867210595,-9.289022448881193
-46.11485607127997,0.15630947964872738,-0.46114856071279975,-8.117253415281949,-9.920907498106171
-46.11485607127997,0.16001979152573823,-0.46114856071279975,-8.507184867513045,-10.604739894605048
-46.11485607127997,0.16373010340274907,-0.46114856071279975,-8.906263543414347,-11.344596661268216
-46.11485607127997,0.1674404152797599,-0.46114856071279975,-9.314489442985852,-12.139494785956906
-46.11485607127997,0.17115072715677074,-0.46114856071279975,-9.731862566227568,-12.981727934680727
-46.11485607127997,0.17486103903378158,-0.46114856071279975,-10.15838291313949,-13.856461133797064
-46.11485607127997,0.17857135091079243,-0.46114856071279975,-10.594050483721617,-14.743144292938426
-46.11485607127997,0.18228166278780325,-0.46114856071279975,-11.038865277973951,-15.61861101499489
-46.11485607127997,0.1859919746648141,-0.46114856071279975,-11.49282729589649,-16.460905550037307
-46.11485607127997,0.18970228654182494,-0.46114856071279975,-11.955936537489238,-17.252504952349973
-46.11485607127997,0.1934125984188358,-0.46114856071279975,-12.428193002752193,-17.981979085316805
-46.11485607127997,0.1971229102958466,-0.46114856071279975,-12.909596691685351,-18.643966986563548
-46.11485607127997,0.20083322217285746,-0.46114856071279975,-13.400147604288717,-19.23804872387929
-46.11485607127997,0.2045435340498683,-0.46114856071279975,-13.899845740562291,-19.767301599240508
-46.11485607127997,0.20825384592687915,-0.46114856071279975,-14.408691100506072,-20.237125230269925
-46.11485607127997,0.21196415780388997,-0.46114856071279975,-14.926683684120054,-20.654587725182108
-46.11485607127997,0.21567446968090082,-0.46114856071279975,-15.453823491404249,-21.028303927048576
-46.11485607127997,0.21938478155791166,-0.46114856071279975,-15.990110522358648,-21.368765675299407
-46.11485607127997,0.2230950934349225,-0.46114856071279975,-16.535544776983254,-21.6890533187948
-46.11485607127997,0.22680540531193333,-0.46114856071279975,-17.09012625527806,-22.005880243082725
-46.11485607127997,0.23051571718894417,-0.46114856071279975,-17.65385495724308,-22.34086361614063
-46.11485607127997,0.23422602906595502,-0.46114856071279975,-18.226730882878307,-22.72166595332009
-46.11485607127997,0.23793634094296587,-0.46114856071279975,-18.80875403218374,-23.1820954023542
-46.11485607127997,0.2416466528199767,-0.46114856071279975,-19.399924405159375,-23.759389545520985
-46.11485607127997,0.24535696469698753,-0.46114856071279975,-20.00024200180522,-24.486272342298086
-46.11485607127997,0.24906727657399838,-0.46114856071279975,-20.60970682212127,-25.37660642190264
-46.11485607127997,0.2527775884510092,-0.46114856071279975,-21.228318866107532,-26.40867389074635
-46.11485607127997,0.25648790032802005,-0.46114856071279975,-21.85607813376399,-27.517721928478515
-46.11485607127997,0.2601982122050309,-0.46114856071279975,-22.492984625090667,-28.609807866976706
-46.11485607127997,0.26390852408204174,-0.46114856071279975,-23.139038340087538,-29.593973804689863
-46.11485607127997,0.26761883595905256,-0.46114856071279975,-23.794239278754613,-30.41209537531845
-46.11485607127997,0.27132914783606343,-0.46114856071279975,-24.45858744109191,-31.0482167663081
-46.11485607127997,0.27503945971307425,-0.46114856071279975,-25.132082827099406,-31.518333530777483
-46.11485607127997,0.27874977159008507,-0.46114856071279975,-25.814725436777103,-31.85363890704933
-46.11485607127997,0.28246008346709595,-0.46114856071279975,-26.50651527012502,-32.08745705391713
-46.11485607127997,0.28617039534410676,-0.46114856071279975,-27.20745232714313,-32.248534947698744
-46.11485607127997,0.28988070722111764,-0.46114856071279975,-27.917536607831458,-32.35906290814812
-46.11485607127997,0.29359101909812846,-0.46114856071279975,-28.63676811218998,-32.435101469273135
-46.11485607127997,0.2973013309751393,-0.46114856071279975,-29.365146840218713,-32.48783441477408
-46.11485607127997,0.30101164285215015,-0.46114856071279975,-30.102672791917662,-32.52487224376948
-46.11485607127997,0.30472195472916097,-0.46114856071279975,-30.849345967286805,-32.551326172531546
-44.726979219810936,0.011607316445304631,-0.44726979219810936,-0.04438726430275021,0.4904023383146936
-44.726979219810936,0.015317628322315471,-0.44726979219810936,-0.0772996957608661,0.41560560731908236
-44.726979219810936,0.01902794019932631,-0.44726979219810936,-0.11928292653866773,0.338244334724366
-44.726979219810936,0.02273825207633715,-0.44726979219810936,-0.17033695663615514,0.25807382765520326
-44.726979219810936,0.02644856395334799,-0.44726979219810936,-0.23046178605332834,0.17481911681449125
-44.726979219810936,0.03015887583035883,-0.44726979219810936,-0.29965741479018726,0.08817073788515595
-44.726979219810936,0.03386918770736967,-0.44726979219810936,-0.377923842846732,-0.0022200732775183862
-44.726979219810936,0.03757949958438051,-0.44726979219810936,-0.4652610702229625,-0.09674681277874697
-44.726979219810936,0.04128981146139135,-0.44726979219810936,-0.5616690969188788,-0.19585378969438394
-44.726979219810936,0.04500012333840219,-0.44726979219810936,-0.6671479229344808,-0.30004284434990414
-44.726979219810936,0.04871043521541303,-0.44726979219810936,-0.7816975482697686,-0.40988064002237
-44.726979219810936,0.05242074709242387,-0.44726979219810936,-0.9053179729247421,-0.5260063859984692
-44.726979219810936,0.05613105896943471,-0.44726979219810936,-1.0380091968994014,-0.6491397374325207
-44.726979219810936,0.05984137084644555,-0.44726979219810936,-1.1797712201937465,-0.7800884614630519
-44.726979219810936,0.06355168272345639,-0.44726979219810936,-1.3306040428077772,-0.9197552505164988
-44.726979219810936,0.06726199460046722,-0.44726979219810936,-1.4905076647414934,-1.0691427960528044
-44.726979219810936,0.07097230647747807,-0.44726979219810936,-1.659482085994896,-1.2293559090561617
-44.726979219810936,0.0746826183544889,-0.44726979219810936,-1.837527306567984,-1.4015991001330836
-44.726979219810936,0.07839293023149975,-0.44726979219810936,-2.0246433264607577,-1.58716764733516
-44.726979219810936,0.08210324210851058,-0.44726979219810936,-2.2208301456732173,-1.7874298538577802
-44.726979219810936,0.08581355398552143,-0.44726979219810936,-2.4260877642053633,-2.003798049675624
-44.726979219810936,0.08952386586253226,-0.44726979219810936,-2.640416182057194,-2.23768610071032
-44.726979219810936,0.09323417773954311,-0.44726979219810936,-2.8638153992287108,-2.4904519975756423
-44.726979219810936,0.09694448961655394,-0.44726979219810936,-3.0962854157199136,-2.763325782901706
-44.726979219810936,0.10065480149356479,-0.44726979219810936,-3.337826231530802,-3.0573258951863984
-44.726979219810936,0.10436511337057562,-0.44726979219810936,-3.588437846661376,-3.373171065526443
-44.726979219810936,0.10807542524758647,-0.44726979219810936,-3.8481202611116365,-3.7111999895663814
-44.726979219810936,0.1117857371245973,-0.44726979219810936,-4.116873474881582,-4.071316390581931
-44.726979219810936,0.11549604900160815,-0.44726979219810936,-4.3946974879712135,-4.452981447467201
-44.726979219810936,0.11920636087861898,-0.44726979219810936,-4.68159230038053,-4.855277004105657
-44.726979219810936,0.12291667275562983,-0.44726979219810936,-4.977557912109534,-5.277059485715054
-44.726979219810936,0.12662698463264066,-0.44726979219810936,-5.282594323158222,-5.717214547591977
-44.726979219810936,0.1303372965096515,-0.44726979219810936,-5.596701533526597,-6.175005949983559
-44.726979219810936,0.13404760838666235,-0.44726979219810936,-5.919879543214658,-6.65049031052542
-44.726979219810936,0.13775792026367317,-0.44726979219810936,-6.252128352222403,-7.144944597237643
-44.726979219810936,0.14146823214068402,-0.44726979219810936,-6.5934479605498355,-7.66122777042813
-44.726979219810936,0.14517854401769487,-0.44726979219810936,-6.943838368196952,-8.203973320665437
-44.726979219810936,0.1488888558947057,-0.44726979219810936,-7.303299575163757,-8.779487574451908
-44.726979219810936,0.15259916777171653,-0.44726979219810936,-7.6718315814502445,-9.39521690304688
-44.726979219810936,0.15630947964872738,-0.44726979219810936,-8.04943438705642,-10.058665479759329
-44.726979219810936,0.16001979152573823,-0.44726979219810936,-8.436107991982281,-10.775730566836891
-44.726979219810936,0.16373010340274907,-0.44726979219810936,-8.831852396227829,-11.548613875203648
-44.726979219810936,0.1674404152797599,-0.44726979219810936,-9.236667599793059,-12.373761837029907
-44.726979219810936,0.17115072715677074,-0.44726979219810936,-9.650553602677977,-13.240571676692374
-44.726979219810936,0.17486103903378158,-0.44726979219810936,-10.073510404882581,-14.131637006368013
-44.726979219810936,0.17857135091079243,-0.44726979219810936,-10.505538006406871,-15.024878841300549
-44.726979219810936,0.18228166278780325,-0.44726979219810936,-10.946636407250844,-15.897091315844204
-44.726979219810936,0.1859919746648141,-0.44726979219810936,-11.396805607414505,-16.72770516551543
-44.726979219810936,0.18970228654182494,-0.44726979219810936,-11.856045606897855,-17.501481854023595
-44.726979219810936,0.1934125984188358,-0.44726979219810936,-12.324356405700888,-18.20947695562325
-44.726979219810936,0.1971229102958466,-0.44726979219810936,-12.801738003823603,-18.848472399359387
-44.726979219810936,0.20083322217285746,-0.44726979219810936,-13.288190401266007,-19.419608331444895
-44.726979219810936,0.2045435340498683,-0.44726979219810936,-13.783713598028099,-19.926963753352148
-44.726979219810936,0.20825384592687915,-0.44726979219810936,-14.288307594109876,-20.376541018074594
-44.726979219810936,0.21196415780388997,-0.44726979219810936,-14.801972389511333,-20.775791035506654
-44.726979219810936,0.21567446968090082,-0.44726979219810936,-15.324707984232482,-21.13363238321923
-44.726979219810936,0.21938478155791166,-0.44726979219810936,-15.856514378273316,-21.460876167159654
-44.726979219810936,0.2230950934349225,-0.44726979219810936,-16.397391571633833,-21.771000241701493
-44.726979219810936,0.22680540531193333,-0.44726979219810936,-16.947339564314035,-22.08123600915253
-44.726979219810936,0.23051571718894417,-0.44726979219810936,-17.50635835631393,-22.413850489563654
-44.726979219810936,0.23422602906595502,-0.44726979219810936,-18.074447947633505,-22.797219959819902
-44.726979219810936,0.23793634094296587,-0.44726979219810936,-18.651608338272766,-23.265688325130974
-44.726979219810936,0.2416466528199767,-0.44726979219810936,-19.23783952823171,-23.856324625393686
-44.726979219810936,0.24535696469698753,-0.44726979219810936,-19.833141517510345,-24.60018627493116
-44.726979219810936,0.24906727657399838,-0.44726979219810936,-20.437514306108664,-25.507337292164152
-44.726979219810936,0.2527775884510092,-0.44726979219810936,-21.050957894026674,-26.550600437149562
-44.726979219810936,0.25648790032802005,-0.44726979219810936,-21.67347228126436,-27.660343702367506
-44.726979219810936,0.2601982122050309,-0.44726979219810936,-22.305057467821744,-28.741208571409103
-44.726979219810936,0.26390852408204174,-0.44726979219810936,-22.9457134536988,-29.705200712776264
-44.726979219810936,0.26761883595905256,-0.44726979219810936,-23.59544023889554,-30.499513283423656
-44.726979219810936,0.27132914783606343,-0.44726979219810936,-24.254237823411984,-31.11293898940764
-44.726979219810936,0.27503945971307425,-0.44726979219810936,-24.9221062072481,-31.564128899314365
-44.726979219810936,0.27874977159008507,-0.44726979219810936,-25.5990453904039,-31.884974501047157
-44.726979219810936,0.28246008346709595,-0.44726979219810936,-26.2850553728794,-32.108360567147486
-44.726979219810936,0.28617039534410676,-0.44726979219810936,-26.980136154674568,-32.262182678293975
-44.726979219810936,0.28988070722111764,-0.44726979219810936,-27.68428773578944,-32.36777606508808
-44.726979219810936,0.29359101909812846,-0.44726979219810936,-28.39751011622398,-32.4405011340912
-44.726979219810936,0.2973013309751393,-0.44726979219810936,-29.119803295978215,-32.491022464594195
-44.726979219810936,0.30101164285215015,-0.44726979219810936,-29.85116727505214,-32.526586063308685
-44.726979219810936,0.30472195472916097,-0.44726979219810936,-30.59160205344574,-32.55205527054391
-43.339102368341905,0.011607316445304631,-0.43339102368341903,-0.044013287575212334,0.5510063969086356
-43.339102368341905,0.015317628322315471,-0.43339102368341903,-0.07664842139840149,0.476337075241954
-43.339102368341905,0.01902794019932631,-0.43339102368341903,-0.11827793019075566,0.3991173896427964
-43.339102368341905,0.02273825207633715,-0.43339102368341903,-0.16890181395227488,0.3191056834996542
-43.339102368341905,0.02644856395334799,-0.43339102368341903,-0.2285200726829592,0.2360302051372014
-43.339102368341905,0.03015887583035883,-0.43339102368341903,-0.2971327063828086,0.14958486766897527
-43.339102368341905,0.03386918770736967,-0.43339102368341903,-0.374739715051823,0.059424401310947284
-43.339102368341905,0.03757949958438051,-0.43339102368341903,-0.46134109869000245,-0.034841152223443306
-43.339102368341905,0.04128981146139135,-0.43339102368341903,-0.556936857297347,-0.1336526370091886
-43.339102368341905,0.04500012333840219,-0.43339102368341903,-0.6615269908738566,-0.23750867608710213
-43.339102368341905,0.04871043521541303,-0.43339102368341903,-0.7751114994195312,-0.34697321679018
-43.339102368341905,0.05242074709242387,-0.43339102368341903,-0.8976903829343709,-0.46268361112993395
-43.339102368341905,0.05613105896943471,-0.43339102368341903,-1.0292636414183756,-0.5853590068720878
-43.339102368341905,0.05984137084644555,-0.43339102368341903,-1.1698312748715454,-0.7158086739535277
-43.339102368341905,0.06355168272345639,-0.43339102368341903,-1.3193932832938802,-0.8549396862246348
-43.339102368341905,0.06726199460046722,-0.43339102368341903,-1.4779496666853797,-1.0037631120240154
-43.339102368341905,0.07097230647747807,-0.43339102368341903,-1.6455004250460448,-1.1633975364217706
-43.339102368341905,0.0746826183544889,-0.43339102368341903,-1.8220455583758746,-1.3350683528313751
-43.339102368341905,0.07839293023149975,-0.43339102368341903,-2.00758506667487,-1.5201008535401477
-43.339102368341905,0.08210324210851058,-0.43339102368341903,-2.2021189499430296,-1.7199047837835506
-43.339102368341905,0.08581355398552143,-0.43339102368341903,-2.4056472081803553,-1.9359478187309624
-43.339102368341905,0.08952386586253226,-0.43339102368341903,-2.618169841386845,-2.169715557783354
-43.339102368341905,0.09323417773954311,-0.43339102368341903,-2.8396868495625003,-2.422656355081723
-43.339102368341905,0.09694448961655394,-0.43339102368341903,-3.0701982327073205,-2.6961109177239218
-43.339102368341905,0.10065480149356479,-0.43339102368341903,-3.3097039908213057,-2.991229390681891
-43.339102368341905,0.10436511337057562,-0.43339102368341903,-3.558204123904456,-3.3088827635338385
-43.339102368341905,0.10807542524758647,-0.43339102368341903,-3.815698631956772,-3.649580715534791
-43.339102368341905,0.1117857371245973,-0.43339102368341903,-4.082187514978251,-4.013413768440427
-43.339102368341905,0.11549604900160815,-0.43339102368341903,-4.3576707729688975,-4.400042462926958
-43.339102368341905,0.11920636087861898,-0.43339102368341903,-4.642148405928708,-4.8087581976079266
-43.339102368341905,0.12291667275562983,-0.43339102368341903,-4.935620413857684,-5.238637088619135
-43.339102368341905,0.12662698463264066,-0.43339102368341903,-5.238086796755825,-5.6887978853544405
-43.339102368341905,0.1303372965096515,-0.43339102368341903,-5.54954755462313,-6.158757021615753
-43.339102368341905,0.13404760838666235,-0.43339102368341903,-5.870002687459602,-6.6488493734732135
-43.339102368341905,0.13775792026367317,-0.43339102368341903,-6.199452195265236,-7.160654652154589
-43.339102368341905,0.14146823214068402,-0.43339102368341903,-6.5378960780400375,-7.697339391673773
-43.339102368341905,0.14517854401769487,-0.43339102368341903,-6.885334335784004,-8.263795986105544
-43.339102368341905,0.1488888558947057,-0.43339102368341903,-7.241766968497135,-8.866437920630531
-43.339102368341905,0.15259916777171653,-0.43339102368341903,-7.607193976179429,-9.5125064335679
-43.339102368341905,0.15630947964872738,-0.43339102368341903,-7.981615358830892,-10.20878499275703
-43.339102368341905,0.16001979152573823,-0.43339102368341903,-8.365031116451519,-10.95974459300739
-43.339102368341905,0.16373010340274907,-0.43339102368341903,-8.75744124904131,-11.765384645606192
-43.339102368341905,0.1674404152797599,-0.43339102368341903,-9.158845756600263,-12.619351785496956
-43.339102368341905,0.17115072715677074,-0.43339102368341903,-9.569244639128385,-13.508144008341358
-43.339102368341905,0.17486103903378158,-0.43339102368341903,-9.988637896625674,-14.412079505221376
-43.339102368341905,0.17857135091079243,-0.43339102368341903,-10.417025529092124,-15.308090128643762
-43.339102368341905,0.18228166278780325,-0.43339102368341903,-10.85440753652774,-16.17353366353019
-43.339102368341905,0.1859919746648141,-0.43339102368341903,-11.30078391893252,-16.989684332275793
-43.339102368341905,0.18970228654182494,-0.43339102368341903,-11.756154676306469,-17.74377958831414
-43.339102368341905,0.1934125984188358,-0.43339102368341903,-12.220519808649582,-18.429304260259922
-43.339102368341905,0.1971229102958466,-0.43339102368341903,-12.693879315961857,-19.044985517832767
-43.339102368341905,0.20083322217285746,-0.43339102368341903,-13.176233198243297,-19.593299675440537
-43.339102368341905,0.2045435340498683,-0.43339102368341903,-13.667581455493906,-20.079148239450035
-43.339102368341905,0.20825384592687915,-0.43339102368341903,-14.16792408771368,-20.50902230787128
-43.339102368341905,0.21196415780388997,-0.43339102368341903,-14.677261094902612,-20.890696226928466
-43.339102368341905,0.21567446968090082,-0.43339102368341903,-15.195592477060716,-21.233367809488428
-43.339102368341905,0.21938478155791166,-0.43339102368341903,-15.722918234187985,-21.548161768001627
-43.339102368341905,0.2230950934349225,-0.43339102368341903,-16.259238366284414,-21.84895758099769
-43.339102368341905,0.22680540531193333,-0.43339102368341903,-16.80455287335001,-22.153513490913948
-43.339102368341905,0.23051571718894417,-0.43339102368341903,-17.358861755384773,-22.484752691613988
-43.339102368341905,0.23422602906595502,-0.43339102368341903,-17.9221650123887,-22.87175220247345
-43.339102368341905,0.23793634094296587,-0.43339102368341903,-18.494462644361793,-23.34932701600252
-43.339102368341905,0.2416466528199767,-0.43339102368341903,-19.07575465130405,-23.954219470152232
-43.339102368341905,0.24535696469698753,-0.43339102368341903,-19.66604103321547,-24.715554926721765
-43.339102368341905,0.24906727657399838,-0.43339102368341903,-20.26532179009606,-25.639313804500034
-43.339102368341905,0.2527775884510092,-0.43339102368341903,-20.873596921945815,-26.692776492466997
-43.339102368341905,0.25648790032802005,-0.43339102368341903,-21.49086642876473,-27.801746123780564
-43.339102368341905,0.2601982122050309,-0.43339102368341903,-22.117130310552817,-28.87004584893874
-43.339102368341905,0.26390852408204174,-0.43339102368341903,-22.75238856731006,-29.813122095844882
-43.339102368341905,0.26761883595905256,-0.43339102368341903,-23.396641199036466,-30.583568476454577
-43.339102368341905,0.27132914783606343,-0.43339102368341903,-24.049888205732053,-31.174704631474338
-43.339102368341905,0.27503945971307425,-0.43339102368341903,-24.712129587396795,-31.607555217078488
-43.339102368341905,0.27874977159008507,-0.43339102368341903,-25.383365344030697,-31.914516371359582
-43.339102368341905,0.28246008346709595,-0.43339102368341903,-26.063595475633775,-32.127946907090895
-43.339102368341905,0.28617039534410676,-0.43339102368341903,-26.75281998220601,-32.27487407735774
-43.339102368341905,0.28988070722111764,-0.43339102368341903,-27.45103886374742,-32.37579259442788
-43.339102368341905,0.29359101909812846,-0.43339102368341903,-28.15825212025798,-32.44538593532451
-43.339102368341905,0.2973013309751393,-0.43339102368341903,-28.874459751737714,-32.49382117021076
-43.339102368341905,0.30101164285215015,-0.43339102368341903,-29.59966175818662,-32.52799690685668
-43.339102368341905,0.30472195472916097,-0.43339102368341903,-30.333858139604676,-32.552541026335305
-41.95122551687287,0.011607316445304631,-0.4195122551687287,-0.04363931084767445,0.6122189137003939
-41.95122551687287,0.015317628322315471,-0.4195122551687287,-0.07599714703593685,0.5376687107896709
-41.95122551687287,0.01902794019932631,-0.4195122551687287,-0.11727293384284357,0.4605798417853699
-41.95122551687287,0.02273825207633715,-0.4195122551687287,-0.16746667126839462,0.3807135798024397
-41.95122551687287,0.02644856395334799,-0.4195122551687287,-0.22657835931259004,0.29780127685245716
-41.95122551687287,0.03015887583035883,-0.4195122551687287,-0.2946079979754298,0.21154010313116967
-41.95122551687287,0.03386918770736967,-0.4195122551687287,-0.37155558725691396,0.12158815842822945
-41.95122551687287,0.03757949958438051,-0.4195122551687287,-0.45742112715704236,0.027558896246152376
-41.95122551687287,0.04128981146139135,-0.4195122551687287,-0.5522046176758152,-0.07098518513007046
-41.95122551687287,0.04500012333840219,-0.4195122551687287,-0.6559060588132323,-0.17453960448925043
-41.95122551687287,0.04871043521541303,-0.4195122551687287,-0.7685254505692938,-0.2836656888189666
-41.95122551687287,0.05242074709242387,-0.4195122551687287,-0.8900627929439995,-0.39899900181850745
-41.95122551687287,0.05613105896943471,-0.4195122551687287,-1.0205180859373497,-0.5212582162624788
-41.95122551687287,0.05984137084644555,-0.4195122551687287,-1.159891329549344,-0.6512540913638005
-41.95122551687287,0.06355168272345639,-0.4195122551687287,-1.308182523779983,-0.7898980164586062
-41.95122551687287,0.06726199460046722,-0.4195122551687287,-1.4653916686292656,-0.9382093184469205
-41.95122551687287,0.07097230647747807,-0.4195122551687287,-1.6315187640971933,-1.097320197911383
-41.95122551687287,0.0746826183544889,-0.4195122551687287,-1.8065638101837649,-1.2684767643900883
-41.95122551687287,0.07839293023149975,-0.4195122551687287,-1.9905268068889812,-1.4530342125163562
-41.95122551687287,0.08210324210851058,-0.4195122551687287,-2.1834077542128414,-1.652443779741125
-41.95122551687287,0.08581355398552143,-0.4195122551687287,-2.3852066521553468,-1.868228866277479
-41.95122551687287,0.08952386586253226,-0.4195122551687287,-2.5959235007164954,-2.1019477591963676
-41.95122551687287,0.09323417773954311,-0.4195122551687287,-2.815558299896289,-2.3551410408565845
-41.95122551687287,0.09694448961655394,-0.4195122551687287,-3.044111049694727,-2.629263293072337
-41.95122551687287,0.10065480149356479,-0.4195122551687287,-3.2815817501118087,-2.9256014513525166
-41.95122551687287,0.10436511337057562,-0.4195122551687287,-3.5279704011475355,-3.245186317949774
-41.95122551687287,0.10807542524758647,-0.4195122551687287,-3.7832770028019067,-3.5887091952066363
-41.95122551687287,0.1117857371245973,-0.4195122551687287,-4.047501555074922,-3.956461687650825
-41.95122551687287,0.11549604900160815,-0.4195122551687287,-4.3206440579665815,-4.348322032917283
-41.95122551687287,0.11920636087861898,-0.4195122551687287,-4.602704511476885,-4.763813700816057
-41.95122551687287,0.12291667275562983,-0.4195122551687287,-4.893682915605833,-5.202258886987472
-41.95122551687287,0.12662698463264066,-0.4195122551687287,-5.193579270353426,-5.66303868878375
-41.95122551687287,0.1303372965096515,-0.4195122551687287,-5.502393575719663,-6.145952175406629
-41.95122551687287,0.13404760838666235,-0.4195122551687287,-5.820125831704544,-6.6516390634218565
-41.95122551687287,0.13775792026367317,-0.4195122551687287,-6.146776038308069,-7.1819977984577354
-41.95122551687287,0.14146823214068402,-0.4195122551687287,-6.482344195530239,-7.740496095343808
-41.95122551687287,0.14517854401769487,-0.4195122551687287,-6.826830303371053,-8.332239077804953
-41.95122551687287,0.1488888558947057,-0.4195122551687287,-7.180234361830513,-8.963639516305157
-41.95122551687287,0.15259916777171653,-0.4195122551687287,-7.542556370908613,-9.641543453410181
-41.95122551687287,0.15630947964872738,-0.4195122551687287,-7.913796330605361,-10.371735945426623
-41.95122551687287,0.16001979152573823,-0.4195122551687287,-8.293954240920753,-11.156926415288122
-41.95122551687287,0.16373010340274907,-0.4195122551687287,-8.68303010185479,-11.994601694117554
-41.95122551687287,0.1674404152797599,-0.4195122551687287,-9.081023913407467,-12.875450584660832
-41.95122551687287,0.17115072715677074,-0.4195122551687287,-9.487935675578793,-13.783185543156275
-41.95122551687287,0.17486103903378158,-0.4195122551687287,-9.903765388368763,-14.696263784994615
-41.95122551687287,0.17857135091079243,-0.4195122551687287,-10.328513051777376,-15.591230527156151
-41.95122551687287,0.18228166278780325,-0.4195122551687287,-10.762178665804633,-16.446586113580064
-41.95122551687287,0.1859919746648141,-0.4195122551687287,-11.204762230450534,-17.245813497547697
-41.95122551687287,0.18970228654182494,-0.4195122551687287,-11.656263745715082,-17.978711379445322
-41.95122551687287,0.1934125984188358,-0.4195122551687287,-12.116683211598275,-18.641062859730386
-41.95122551687287,0.1971229102958466,-0.4195122551687287,-12.586020628100107,-19.233315100869362
-41.95122551687287,0.20083322217285746,-0.4195122551687287,-13.064275995220585,-19.75906428868569
-41.95122551687287,0.2045435340498683,-0.4195122551687287,-13.55144931295971,-20.223877621892093
-41.95122551687287,0.20825384592687915,-0.4195122551687287,-14.04754058131748,-20.63464271977775
-41.95122551687287,0.21196415780388997,-0.4195122551687287,-14.552549800293889,-20.999412690144066
-41.95122551687287,0.21567446968090082,-0.4195122551687287,-15.066476969888948,-21.327647708562576
-41.95122551687287,0.21938478155791166,-0.4195122551687287,-15.58932209010265,-21.630783606251118
-41.95122551687287,0.2230950934349225,-0.4195122551687287,-16.121085160934992,-21.923106789797448
-41.95122551687287,0.22680540531193333,-0.4195122551687287,-16.66176618238598,-22.222911460248493
-41.95122551687287,0.23051571718894417,-0.4195122551687287,-17.211365154455613,-22.553782168544043
-41.95122551687287,0.23422602906595502,-0.4195122551687287,-17.769882077143894,-22.94547914419797
-41.95122551687287,0.23793634094296587,-0.4195122551687287,-18.33731695045082,-23.433213673356406
-41.95122551687287,0.2416466528199767,-0.4195122551687287,-18.913669774376384,-24.053228246469565
-41.95122551687287,0.24535696469698753,-0.4195122551687287,-19.498940548920594,-24.83244026590942
-41.95122551687287,0.24906727657399838,-0.4195122551687287,-20.093129274083452,-25.772475080389697
-41.95122551687287,0.2527775884510092,-0.4195122551687287,-20.696235949864956,-26.835036047068282
-41.95122551687287,0.25648790032802005,-0.4195122551687287,-21.308260576265095,-27.941731438518453
-41.95122551687287,0.2601982122050309,-0.4195122551687287,-21.92920315328389,-28.996174345053443
-41.95122551687287,0.26390852408204174,-0.4195122551687287,-22.55906368092132,-29.91768463550891
-41.95122551687287,0.26761883595905256,-0.4195122551687287,-23.19784215917739,-30.664285775235992
-41.95122551687287,0.27132914783606343,-0.4195122551687287,-23.84553858805212,-31.233579498677447
-41.95122551687287,0.27503945971307425,-0.4195122551687287,-24.502152967545484,-31.648687285221886
-41.95122551687287,0.27874977159008507,-0.4195122551687287,-25.16768529765749,-31.942330765073812
-41.95122551687287,0.28246008346709595,-0.4195122551687287,-25.84213557838815,-32.146267799230735
-41.95122551687287,0.28617039534410676,-0.4195122551687287,-26.525503809737444,-32.28664656379189
-41.95122551687287,0.28988070722111764,-0.4195122551687287,-27.217789991705395,-32.38313813933937
-41.95122551687287,0.29359101909812846,-0.4195122551687287,-27.918994124291977,-32.449772620743
-41.95122551687287,0.2973013309751393,-0.4195122551687287,-28.62911620749721,-32.49624085774518
-41.95122551687287,0.30101164285215015,-0.4195122551687287,-29.348156241321092,-32.52911057528561
-41.95122551687287,0.30472195472916097,-0.4195122551687287,-30.076114225763607,-32.55278608980647
-40.563348665403836,0.011607316445304631,-0.40563348665403837,-0.04326533412013658,0.6740542698125482
-40.563348665403836,0.015317628322315471,-0.40563348665403837,-0.07534587267347224,0.5996169767312258
-40.563348665403836,0.01902794019932631,-0.40563348665403837,-0.11626793749493151,0.5226502008848566
-40.563348665403836,0.02273825207633715,-0.40563348665403837,-0.16603152858451442,0.44291803172604705
-40.563348665403836,0.02644856395334799,-0.40563348665403837,-0.224636645942221,0.36015480305612857
-40.563348665403836,0.03015887583035883,-0.40563348665403837,-0.29208328956805113,0.2740608120424386
-40.563348665403836,0.03386918770736967,-0.40563348665403837,-0.368371459462005,0.1842973908393042
-40.563348665403836,0.03757949958438051,-0.40563348665403837,-0.45350115562408244,0.09048126257493272
-40.563348665403836,0.04128981146139135,-0.40563348665403837,-0.5474723780542835,-0.007821875855711813
-40.563348665403836,0.04500012333840219,-0.40563348665403837,-0.6502851267526082,-0.11110457959705466
-40.563348665403836,0.04871043521541303,-0.40563348665403837,-0.7619394017190565,-0.21992568665574797
-40.563348665403836,0.05242074709242387,-0.40563348665403837,-0.8824352029536284,-0.3349190872955592
-40.563348665403836,0.05613105896943471,-0.40563348665403837,-1.011772530456324,-0.45680306993037423
-40.563348665403836,0.05984137084644555,-0.40563348665403837,-1.1499513842271432,-0.5863899424303511
-40.563348665403836,0.06355168272345639,-0.40563348665403837,-1.296971764266086,-0.7245954337353142
-40.563348665403836,0.06726199460046722,-0.40563348665403837,-1.4528336705731522,-0.8724471207542843
-40.563348665403836,0.07097230647747807,-0.40563348665403837,-1.6175371031483423,-1.0310907930720226
-40.563348665403836,0.0746826183544889,-0.40563348665403837,-1.7910820619916559,-1.2017932666724385
-40.563348665403836,0.07839293023149975,-0.40563348665403837,-1.9734685471030933,-1.385939711439364
-40.563348665403836,0.08210324210851058,-0.40563348665403837,-2.164696558482654,-1.5850231232626852
-40.563348665403836,0.08581355398552143,-0.40563348665403837,-2.364766096130339,-1.8006232594279916
-40.563348665403836,0.08952386586253226,-0.40563348665403837,-2.573677160046147,-2.0343723448264255
-40.563348665403836,0.09323417773954311,-0.40563348665403837,-2.791429750230079,-2.2879054068770674
-40.563348665403836,0.09694448961655394,-0.40563348665403837,-3.0180238666821344,-2.5627945403980763
-40.563348665403836,0.10065480149356479,-0.40563348665403837,-3.253459509402313,-2.860469088897894
-40.563348665403836,0.10436511337057562,-0.40563348665403837,-3.497736678390616,-3.1821279007377283
-40.563348665403836,0.10807542524758647,-0.40563348665403837,-3.7508553736470427,-3.528655415112529
-40.563348665403836,0.1117857371245973,-0.40563348665403837,-4.012815595171592,-3.900559721632483
-40.563348665403836,0.11549604900160815,-0.40563348665403837,-4.283617342964266,-4.297956479033918
-40.563348665403836,0.11920636087861898,-0.40563348665403837,-4.563260617025063,-4.720625371784246
-40.563348665403836,0.12291667275562983,-0.40563348665403837,-4.8517454173539845,-5.168162771923632
-40.563348665403836,0.12662698463264066,-0.40563348665403837,-5.149071743951029,-5.640242791199203
-40.563348665403836,0.1303372965096515,-0.40563348665403837,-5.455239596816196,-6.136977481116966
-40.563348665403836,0.13404760838666235,-0.40563348665403837,-5.770248975949489,-6.659336089793971
-40.563348665403836,0.13775792026367317,-0.40563348665403837,-6.094099881350903,-7.20954572246133
-40.563348665403836,0.14146823214068402,-0.40563348665403837,-6.426792313020442,-7.79135614471644
-40.563348665403836,0.14517854401769487,-0.40563348665403837,-6.768326270958105,-8.41001710082318
-40.563348665403836,0.1488888558947057,-0.40563348665403837,-7.118701755163892,-9.071800644405277
-40.563348665403836,0.15259916777171653,-0.40563348665403837,-7.4779187656378,-9.782928658065885
-40.563348665403836,0.15630947964872738,-0.40563348665403837,-7.8459773023798345,-10.547875732598921
-40.563348665403836,0.16001979152573823,-0.40563348665403837,-8.222877365389992,-11.367244926516092
-40.563348665403836,0.16373010340274907,-0.40563348665403837,-8.608618954668273,-12.235738365333484
-40.563348665403836,0.1674404152797599,-0.40563348665403837,-9.003202070214675,-13.141023409958343
-40.563348665403836,0.17115072715677074,-0.40563348665403837,-9.406626712029203,-14.0642678103314
-40.563348665403836,0.17486103903378158,-0.40563348665403837,-9.818892880111857,-14.982587566836612
-40.563348665403836,0.17857135091079243,-0.40563348665403837,-10.240000574462632,-15.872773625754352
-40.563348665403836,0.18228166278780325,-0.40563348665403837,-10.66994979508153,-16.71498991949584
-40.563348665403836,0.1859919746648141,-0.40563348665403837,-11.108740541968551,-17.495185942184104
-40.563348665403836,0.18970228654182494,-0.40563348665403837,-11.5563728151237,-18.205706593531875
-40.563348665403836,0.1934125984188358,-0.40563348665403837,-12.012846614546971,-18.844445202316223
-40.563348665403836,0.1971229102958466,-0.40563348665403837,-12.478161940238362,-19.413332430292805
-40.563348665403836,0.20083322217285746,-0.40563348665403837,-12.952318792197877,-19.916884566360075
-40.563348665403836,0.2045435340498683,-0.40563348665403837,-13.43531717042552,-20.36120188574643
-40.563348665403836,0.20825384592687915,-0.40563348665403837,-13.927157074921285,-20.75349605783143
-40.563348665403836,0.21196415780388997,-0.40563348665403837,-14.42783850568517,-21.102066135776553
-40.563348665403836,0.21567446968090082,-0.40563348665403837,-14.937361462717183,-21.416623327881478
-40.563348665403836,0.21938478155791166,-0.40563348665403837,-15.455725946017319,-21.708914246895347
-40.563348665403836,0.2230950934349225,-0.40563348665403837,-15.982931955585578,-21.993638427595418
-40.563348665403836,0.22680540531193333,-0.40563348665403837,-16.518979491421955,-22.289635396537665
-40.563348665403836,0.23051571718894417,-0.40563348665403837,-17.063868553526465,-22.621154889057962
-40.563348665403836,0.23422602906595502,-0.40563348665403837,-17.617599141899095,-23.01861768762402
-40.563348665403836,0.23793634094296587,-0.40563348665403837,-18.18017125653985,-23.51754561148142
-40.563348665403836,0.2416466528199767,-0.40563348665403837,-18.751584897448723,-24.15349301251247
-40.563348665403836,0.24535696469698753,-0.40563348665403837,-19.331840064625723,-24.950885193603522
-40.563348665403836,0.24906727657399838,-0.40563348665403837,-19.92093675807085,-25.90673944160887
-40.563348665403836,0.2527775884510092,-0.40563348665403837,-20.5188749777841,-26.97719961378489
-40.563348665403836,0.25648790032802005,-0.40563348665403837,-21.125654723765468,-28.080101458589606
-40.563348665403836,0.2601982122050309,-0.40563348665403837,-21.74127599601497,-29.119458175938384
-40.563348665403836,0.26390852408204174,-0.40563348665403837,-22.365738794532582,-30.01884626381606
-40.563348665403836,0.26761883595905256,-0.40563348665403837,-22.99904311931832,-30.741697361394028
-40.563348665403836,0.27132914783606343,-0.40563348665403837,-23.641188970372195,-31.289631918644307
-40.563348665403836,0.27503945971307425,-0.40563348665403837,-24.29217634769418,-31.687599157656727
-40.563348665403836,0.27874977159008507,-0.40563348665403837,-24.952005251284287,-31.96848170463801
-40.563348665403836,0.28246008346709595,-0.40563348665403837,-25.620675681142533,-32.16337241618943
-40.563348665403836,0.28617039534410676,-0.40563348665403837,-26.29818763726889,-32.297535209040646
-40.563348665403836,0.28988070722111764,-0.40563348665403837,-26.98454111966338,-32.38983636765798
-40.563348665403836,0.29359101909812846,-0.40563348665403837,-27.67973612832598,-32.453676333193265
-40.563348665403836,0.2973013309751393,-0.40563348665403837,-28.38377266325671,-32.498290558622934
-40.563348665403836,0.30101164285215015,-0.40563348665403837,-29.096650724455575,-32.52993181577811
-40.563348665403836,0.30472195472916097,-0.40563348665403837,-29.818370311922546,-32.55279223790774
-39.1754718139348,0.011607316445304631,-0.391754718139348,-0.042891357392598695,0.7365237504127051
-39.1754718139348,0.015317628322315471,-0.391754718139348,-0.07469459831100761,0.662195333448155
-39.1754718139348,0.01902794019932631,-0.391754718139348,-0.11526294114701943,0.5853440720290475
-39.1754718139348,0.02273825207633715,-0.391754718139348,-0.16459638590063413,0.5057367504010775
-39.1754718139348,0.02644856395334799,-0.391754718139348,-0.22269493257185183,0.42311055307382195
-39.1754718139348,0.03015887583035883,-0.391754718139348,-0.2895585811606724,0.3371687631927913
-39.1754718139348,0.03386918770736967,-0.391754718139348,-0.36518733166709594,0.247575794635982
-39.1754718139348,0.03757949958438051,-0.391754718139348,-0.4495811840911223,0.15395148095452482
-39.1754718139348,0.04128981146139135,-0.391754718139348,-0.5427401384327516,0.05586455196400397
-39.1754718139348,0.04500012333840219,-0.391754718139348,-0.6446641946919839,-0.0471747528336508
-39.1754718139348,0.04871043521541303,-0.391754718139348,-0.755353352868819,-0.1557229505002795
-39.1754718139348,0.05242074709242387,-0.391754718139348,-0.874807612963257,-0.27041241981506836
-39.1754718139348,0.05613105896943471,-0.391754718139348,-1.003026974975298,-0.3919612153531482
-39.1754718139348,0.05984137084644555,-0.391754718139348,-1.1400114389049418,-0.5211833284296488
-39.1754718139348,0.06355168272345639,-0.391754718139348,-1.2857610047521888,-0.6589989455854752
-39.1754718139348,0.06726199460046722,-0.391754718139348,-1.440275672517038,-0.8064440007312155
-39.1754718139348,0.07097230647747807,-0.391754718139348,-1.6035554421994909,-0.9646779865716792
-39.1754718139348,0.0746826183544889,-0.391754718139348,-1.7756003137995462,-1.1349885852596484
-39.1754718139348,0.07839293023149975,-0.391754718139348,-1.956410287317205,-1.3187912171461529
-39.1754718139348,0.08210324210851058,-0.391754718139348,-2.145985362752466,-1.5176211429947808
-39.1754718139348,0.08581355398552143,-0.391754718139348,-2.3443255401053307,-1.7331153939197441
-39.1754718139348,0.08952386586253226,-0.391754718139348,-2.5514308193757973,-1.966981721558038
-39.1754718139348,0.09323417773954311,-0.391754718139348,-2.7673012005638675,-2.220952222373583
-39.1754718139348,0.09694448961655394,-0.391754718139348,-2.9919366836695405,-2.4967206393948693
-39.1754718139348,0.10065480149356479,-0.391754718139348,-3.2253372686928166,-2.7958649589203413
-39.1754718139348,0.10436511337057562,-0.391754718139348,-3.4675029556336954,-3.119761086996648
-39.1754718139348,0.10807542524758647,-0.391754718139348,-3.7184337444921773,-3.4694990989665904
-39.1754718139348,0.1117857371245973,-0.391754718139348,-3.9781296352682616,-3.8458202056538147
-39.1754718139348,0.11549604900160815,-0.391754718139348,-4.246590627961949,-4.249098702541653
-39.1754718139348,0.11920636087861898,-0.391754718139348,-4.5238167225732395,-4.679396312009637
-39.1754718139348,0.12291667275562983,-0.391754718139348,-4.809807919102133,-5.136613321923883
-39.1754718139348,0.12662698463264066,-0.391754718139348,-5.10456421754863,-5.620748632882252
-39.1754718139348,0.1303372965096515,-0.391754718139348,-5.408085617912729,-6.132257275611186
-39.1754718139348,0.13404760838666235,-0.391754718139348,-5.7203721201944315,-6.672459394289145
-39.1754718139348,0.13775792026367317,-0.391754718139348,-6.041423724393735,-7.243912170217016
-39.1754718139348,0.14146823214068402,-0.391754718139348,-6.371240430510644,-7.850611913855878
-39.1754718139348,0.14517854401769487,-0.391754718139348,-6.709822238545154,-8.497858390420298
-39.1754718139348,0.1488888558947057,-0.391754718139348,-7.057169148497269,-9.19160664434973
-39.1754718139348,0.15259916777171653,-0.391754718139348,-7.413281160366984,-9.937185620026549
-39.1754718139348,0.15630947964872738,-0.391754718139348,-7.778158274154304,-10.737419438958264
-39.1754718139348,0.16001979152573823,-0.391754718139348,-8.151800489859228,-11.590467139804383
-39.1754718139348,0.16373010340274907,-0.391754718139348,-8.534207807481753,-12.488036392635005
-39.1754718139348,0.1674404152797599,-0.391754718139348,-8.92538022702188,-13.414824574097484
-39.1754718139348,0.17115072715677074,-0.391754718139348,-9.32531774847961,-14.34982457720652
-39.1754718139348,0.17486103903378158,-0.391754718139348,-9.734020371854948,-15.269412891179886
-39.1754718139348,0.17857135091079243,-0.391754718139348,-10.151488097147883,-16.151251247550054
-39.1754718139348,0.18228166278780325,-0.391754718139348,-10.577720924358424,-16.977601404954516
-39.1754718139348,0.1859919746648141,-0.391754718139348,-11.012718853486565,-17.73702326324668
-39.1754718139348,0.18970228654182494,-0.391754718139348,-11.456481884532312,-18.424305372765733
-39.1754718139348,0.1934125984188358,-0.391754718139348,-11.909010017495662,-19.03922514041252
-39.1754718139348,0.1971229102958466,-0.391754718139348,-12.370303252376612,-19.584963112616162
-39.1754718139348,0.20083322217285746,-0.391754718139348,-12.840361589175165,-20.066778328431287
-39.1754718139348,0.2045435340498683,-0.391754718139348,-13.319185027891324,-20.491195493247186
-39.1754718139348,0.20825384592687915,-0.391754718139348,-13.806773568525086,-20.865694847359006
-39.1754718139348,0.21196415780388997,-0.391754718139348,-14.303127211076447,-21.198797694545018
-39.1754718139348,0.21567446968090082,-0.391754718139348,-14.808245955545415,-21.500458797910365
-39.1754718139348,0.21938478155791166,-0.391754718139348,-15.322129801931984,-21.782736696057444
-39.1754718139348,0.2230950934349225,-0.391754718139348,-15.844778750236156,-22.06075105059373
-39.1754718139348,0.22680540531193333,-0.391754718139348,-16.37619280045793,-22.353896320289564
-39.1754718139348,0.23051571718894417,-0.391754718139348,-16.916371952597306,-22.68708962014887
-39.1754718139348,0.23422602906595502,-0.391754718139348,-17.46531620665429,-23.091383810735568
-39.1754718139348,0.23793634094296587,-0.391754718139348,-18.023025562628874,-23.60251367735752
-39.1754718139348,0.2416466528199767,-0.391754718139348,-18.589500020521058,-24.25514206622492
-39.1754718139348,0.24535696469698753,-0.391754718139348,-19.16473958033085,-25.07091242790595
-39.1754718139348,0.24906727657399838,-0.391754718139348,-19.74874424205824,-26.042004635212365
-39.1754718139348,0.2527775884510092,-0.391754718139348,-20.34151400570324,-27.119075858821798
-39.1754718139348,0.25648790032802005,-0.391754718139348,-20.943048871265834,-28.216659458768703
-39.1754718139348,0.2601982122050309,-0.391754718139348,-21.553348838746043,-29.23977185869675
-39.1754718139348,0.26390852408204174,-0.391754718139348,-22.17241390814384,-30.11657599094215
-39.1754718139348,0.26761883595905256,-0.391754718139348,-22.80024407945924,-30.815842135809984
-39.1754718139348,0.27132914783606343,-0.391754718139348,-23.43683935269226,-31.342932167764882
-39.1754718139348,0.27503945971307425,-0.391754718139348,-24.08219972784287,-31.72436380604747
-39.1754718139348,0.27874977159008507,-0.391754718139348,-24.736325204911083,-31.99303084759577
-39.1754718139348,0.28246008346709595,-0.391754718139348,-25.399215783896906,-32.17930734597599
-39.1754718139348,0.28617039534410676,-0.391754718139348,-26.070871464800323,-32.30757275057076
-39.1754718139348,0.28988070722111764,-0.391754718139348,-26.751292247621354,-32.39590899665359
-39.1754718139348,0.29359101909812846,-0.391754718139348,-27.440478132359978,-32.45711063203335
-39.1754718139348,0.2973013309751393,-0.391754718139348,-28.138429119016205,-32.49997802299448
-39.1754718139348,0.30101164285215015,-0.391754718139348,-28.845145207590047,-32.53046432688724
-39.1754718139348,0.30472195472916097,-0.391754718139348,-29.560626398081478,-32.55256037253159
-37.78759496246577,0.011607316445304631,-0.3778759496246577,-0.04251738066506082,0.7996352972301117
-37.78759496246577,0.015317628322315471,-0.3778759496246577,-0.07404332394854299,0.7254139830987201
-37.78759496246577,0.01902794019932631,-0.3778759496246577,-0.11425794479910735,0.6486738932544478
-37.78759496246577,0.02273825207633715,-0.3778759496246577,-0.1631612432167539,0.5691843755876724
-37.78759496246577,0.02644856395334799,-0.3778759496246577,-0.2207532192014827,0.48668532363777706
-37.78759496246577,0.03015887583035883,-0.3778759496246577,-0.2870338727532937,0.4008828532940021
-37.78759496246577,0.03386918770736967,-0.3778759496246577,-0.36200320387218693,0.31144429479022717
-37.78759496246577,0.03757949958438051,-0.3778759496246577,-0.44566121255816227,0.2179924146203318
-37.78759496246577,0.04128981146139135,-0.3778759496246577,-0.5380078988112199,0.12009878668160612
-37.78759496246577,0.04500012333840219,-0.3778759496246577,-0.6390432626313597,0.017276246489714042
-37.78759496246577,0.04871043521541303,-0.3778759496246577,-0.7487673040185817,-0.091029608164936
-37.78759496246577,0.05242074709242387,-0.3778759496246577,-0.8671800229728859,-0.20544985529598603
-37.78759496246577,0.05613105896943471,-0.3778759496246577,-0.9942814194942723,-0.3267025283071401
-37.78759496246577,0.05984137084644555,-0.3778759496246577,-1.1300714935827407,-0.4556035153246254
-37.78759496246577,0.06355168272345639,-0.3778759496246577,-1.2745502452382917,-0.5930776769538213
-37.78759496246577,0.06726199460046722,-0.3778759496246577,-1.4277176744609243,-0.7401695333145513
-37.78759496246577,0.07097230647747807,-0.3778759496246577,-1.5895737812506396,-0.8980525446093071
-37.78759496246577,0.0746826183544889,-0.3778759496246577,-1.760118565607437,-1.068035601998934
-37.78759496246577,0.07839293023149975,-0.3778759496246577,-1.9393520275313165,-1.2515648730189866
-37.78759496246577,0.08210324210851058,-0.3778759496246577,-2.127274167022278,-1.4502186562850452
-37.78759496246577,0.08581355398552143,-0.3778759496246577,-2.3238849840803226,-1.6656924936220456
-37.78759496246577,0.08952386586253226,-0.3778759496246577,-2.5291844787054485,-1.8997716376789155
-37.78759496246577,0.09323417773954311,-0.3778759496246577,-2.743172650897657,-2.1542883449394328
-37.78759496246577,0.09694448961655394,-0.3778759496246577,-2.9658495006569474,-2.431062713741337
-37.78759496246577,0.10065480149356479,-0.3778759496246577,-3.19721502798332,-2.731828316426767
-37.78759496246577,0.10436511337057562,-0.3778759496246577,-3.4372692328767753,-3.058148012994626
-37.78759496246577,0.10807542524758647,-0.3778759496246577,-3.686012115337313,-3.411331117341957
-37.78759496246577,0.1117857371245973,-0.3778759496246577,-3.9434436753649313,-3.7923699486063827
-37.78759496246577,0.11549604900160815,-0.3778759496246577,-4.209563912959633,-4.2019202380903256
-37.78759496246577,0.11920636087861898,-0.3778759496246577,-4.484372828121417,-4.640353267161725
-37.78759496246577,0.12291667275562983,-0.3778759496246577,-4.767870420850284,-5.10790447697415
-37.78759496246577,0.12662698463264066,-0.3778759496246577,-5.060056691146231,-5.604929983143361
-37.78759496246577,0.1303372965096515,-0.3778759496246577,-5.360931639009261,-6.132256446425426
-37.78759496246577,0.13404760838666235,-0.3778759496246577,-5.670495264439375,-6.691571108695253
-37.78759496246577,0.13775792026367317,-0.3778759496246577,-5.988747567436569,-7.285751163743532
-37.78759496246577,0.14146823214068402,-0.3778759496246577,-6.315688548000846,-7.918983417575436
-37.78759496246577,0.14517854401769487,-0.3778759496246577,-6.651318206132205,-8.596491828085233
-37.78759496246577,0.1488888558947057,-0.3778759496246577,-6.995636541830647,-9.323698470139915
-37.78759496246577,0.15259916777171653,-0.3778759496246577,-7.348643555096169,-10.104732296492447
-37.78759496246577,0.15630947964872738,-0.3778759496246577,-7.710339245928776,-10.94040960900216
-37.78759496246577,0.16001979152573823,-0.3778759496246577,-8.080723614328464,-11.826135903953434
-37.78759496246577,0.16373010340274907,-0.3778759496246577,-8.459796660295236,-12.75050227069041
-37.78759496246577,0.1674404152797599,-0.3778759496246577,-8.847558383829085,-13.6954178034592
-37.78759496246577,0.17115072715677074,-0.3778759496246577,-9.24400878493002,-14.638190657172794
-37.78759496246577,0.17486103903378158,-0.3778759496246577,-9.649147863598039,-15.555109183783289
-37.78759496246577,0.17857135091079243,-0.3778759496246577,-10.062975619833137,-16.425286054315396
-37.78759496246577,0.18228166278780325,-0.3778759496246577,-10.485492053635317,-17.233407103032057
-37.78759496246577,0.1859919746648141,-0.3778759496246577,-10.91669716500458,-17.970675295759413
-37.78759496246577,0.18970228654182494,-0.3778759496246577,-11.356590953940929,-18.634150429643835
-37.78759496246577,0.1934125984188358,-0.3778759496246577,-11.805173420444357,-19.225248261974077
-37.78759496246577,0.1971229102958466,-0.3778759496246577,-12.262444564514864,-19.748179593488118
-37.78759496246577,0.20083322217285746,-0.3778759496246577,-12.728404386152455,-20.20879429528619
-37.78759496246577,0.2045435340498683,-0.3778759496246577,-13.203052885357131,-20.61395505768603
-37.78759496246577,0.20825384592687915,-0.3778759496246577,-13.68639006212889,-20.971369111982487
-37.78759496246577,0.21196415780388997,-0.3778759496246577,-14.178415916467726,-21.289762997695902
-37.78759496246577,0.21567446968090082,-0.3778759496246577,-14.679130448373648,-21.57933014264197
-37.78759496246577,0.21938478155791166,-0.3778759496246577,-15.188533657846653,-21.8524432747305
-37.78759496246577,0.2230950934349225,-0.3778759496246577,-15.706625544886737,-22.124650012863697
-37.78759496246577,0.22680540531193333,-0.3778759496246577,-16.233406109493902,-22.415909579844087
-37.78759496246577,0.23051571718894417,-0.3778759496246577,-16.768875351668154,-22.75180667781313
-37.78759496246577,0.23422602906595502,-0.3778759496246577,-17.313033271409488,-23.163991181194557
-37.78759496246577,0.23793634094296587,-0.3778759496246577,-17.8658798687179,-23.68830066007615
-37.78759496246577,0.2416466528199767,-0.3778759496246577,-18.427415143593393,-24.358288355621937
-37.78759496246577,0.24535696469698753,-0.3778759496246577,-18.997639096035975,-25.192523582656634
-37.78759496246577,0.24906727657399838,-0.3778759496246577,-19.576551726045636,-26.178148340881197
-37.78759496246577,0.2527775884510092,-0.3778759496246577,-20.164153033622384,-27.260463411533944
-37.78759496246577,0.25648790032802005,-0.3778759496246577,-20.760443018766203,-28.35121202264252
-37.78759496246577,0.2601982122050309,-0.3778759496246577,-21.365421681477116,-29.35700107008736
-37.78759496246577,0.26390852408204174,-0.3778759496246577,-21.9790890217551,-30.21085361025376
-37.78759496246577,0.26761883595905256,-0.3778759496246577,-22.60144503960017,-30.886765047541868
-37.78759496246577,0.27132914783606343,-0.3778759496246577,-23.23248973501233,-31.393551918183643
-37.78759496246577,0.27503945971307425,-0.3778759496246577,-23.872223107991566,-31.759052811370466
-37.78759496246577,0.27874977159008507,-0.3778759496246577,-24.520645158537878,-32.016037363825134
-37.78759496246577,0.28246008346709595,-0.3778759496246577,-25.177755886651287,-32.19411656809811
-37.78759496246577,0.28617039534410676,-0.3778759496246577,-25.843555292331764,-32.316789607065395
-37.78759496246577,0.28988070722111764,-0.3778759496246577,-26.518043375579335,-32.40137581640715
-37.78759496246577,0.29359101909812846,-0.3778759496246577,-27.201220136393978,-32.46008751188142
-37.78759496246577,0.2973013309751393,-0.3778759496246577,-27.893085574775704,-32.50130973008356
-37.78759496246577,0.30101164285215015,-0.3778759496246577,-28.593639690724522,-32.53071076053047
-37.78759496246577,0.30472195472916097,-0.3778759496246577,-29.302882484240413,-32.55209051548667
-36.39971811099673,0.011607316445304631,-0.3639971811099673,-0.042143403937522944,0.8633932787463487
-36.39971811099673,0.015317628322315471,-0.3639971811099673,-0.07339204958607838,0.7892796280467775
-36.39971811099673,0.01902794019932631,-0.3639971811099673,-0.11325294845119528,0.7126486840920647
-36.39971811099673,0.02273825207633715,-0.3639971811099673,-0.16172610053287367,0.6332722161098745
-36.39971811099673,0.02644856395334799,-0.3639971811099673,-0.21881150583111358,0.5508926728228385
-36.39971811099673,0.03015887583035883,-0.3639971811099673,-0.28450916434591494,0.46521883581856405
-36.39971811099673,0.03386918770736967,-0.3639971811099673,-0.3588190760772779,0.3759207700308955
-36.39971811099673,0.03757949958438051,-0.3639971811099673,-0.44174124102520224,0.28262397757836877
-36.39971811099673,0.04128981146139135,-0.3639971811099673,-0.5332756591896881,0.18490266286065937
-36.39971811099673,0.04500012333840219,-0.3639971811099673,-0.6334223305707355,0.08227202745460183
-36.39971811099673,0.04871043521541303,-0.3639971811099673,-0.7421812551683443,-0.025820462036847625
-36.39971811099673,0.05242074709242387,-0.3639971811099673,-0.8595524329825147,-0.140004844619819
-36.39971811099673,0.05613105896943471,-0.3639971811099673,-0.9855358640132464,-0.26099941025110773
-36.39971811099673,0.05984137084644555,-0.3639971811099673,-1.1201315482605396,-0.3896222397400606
-36.39971811099673,0.06355168272345639,-0.3639971811099673,-1.2633394857243947,-0.5268031881502788
-36.39971811099673,0.06726199460046722,-0.3639971811099673,-1.4151596764048104,-0.6735957209413184
-36.39971811099673,0.07097230647747807,-0.3639971811099673,-1.5755921203017884,-0.8311876913354341
-36.39971811099673,0.0746826183544889,-0.3639971811099673,-1.7446368174153275,-1.0009097407202927
-36.39971811099673,0.07839293023149975,-0.3639971811099673,-1.9222937677454284,-1.184239523179366
-36.39971811099673,0.08210324210851058,-0.3639971811099673,-2.1085629712920904,-1.3827994435474773
-36.39971811099673,0.08581355398552143,-0.3639971811099673,-2.3034444280553146,-1.5983451500218413
-36.39971811099673,0.08952386586253226,-0.3639971811099673,-2.5069381380350997,-1.8327418066359933
-36.39971811099673,0.09323417773954311,-0.3639971811099673,-2.719044101231446,-2.0879254530345195
-36.39971811099673,0.09694448961655394,-0.3639971811099673,-2.9397623176443544,-2.365847903329688
-36.39971811099673,0.10065480149356479,-0.3639971811099673,-3.169092787273824,-2.668406066139001
-36.39971811099673,0.10436511337057562,-0.3639971811099673,-3.4070355101198553,-2.9973606501625834
-36.39971811099673,0.10807542524758647,-0.3639971811099673,-3.653590486182448,-3.3542550356688388
-36.39971811099673,0.1117857371245973,-0.3639971811099673,-3.9087577154616016,-3.7403521026853435
-36.39971811099673,0.11549604900160815,-0.3639971811099673,-4.172537197957317,-4.156613473837524
-36.39971811099673,0.11920636087861898,-0.3639971811099673,-4.444928933669595,-4.6037491760002816
-36.39971811099673,0.12291667275562983,-0.3639971811099673,-4.7259329225984334,-5.082362288827959
-36.39971811099673,0.12662698463264066,-0.3639971811099673,-5.015549164743834,-5.5931985699994575
-36.39971811099673,0.1303372965096515,-0.3639971811099673,-5.313777660105795,-6.137482298232552
-36.39971811099673,0.13404760838666235,-0.3639971811099673,-5.620618408684319,-6.717276548444442
-36.39971811099673,0.13775792026367317,-0.3639971811099673,-5.936071410479402,-7.335753446402841
-36.39971811099673,0.14146823214068402,-0.3639971811099673,-6.260136665491049,-7.997209076494242
-36.39971811099673,0.14517854401769487,-0.3639971811099673,-6.592814173719256,-8.706629915569083
-36.39971811099673,0.1488888558947057,-0.3639971811099673,-6.934103935164026,-9.46864748280874
-36.39971811099673,0.15259916777171653,-0.3639971811099673,-7.284005949825355,-10.285850257548521
-36.39971811099673,0.15630947964872738,-0.3639971811099673,-7.642520217703248,-11.156687347297995
-36.39971811099673,0.16001979152573823,-0.3639971811099673,-8.009646738797702,-12.073553924023019
-36.39971811099673,0.16373010340274907,-0.3639971811099673,-8.385385513108718,-13.021913811211297
-36.39971811099673,0.1674404152797599,-0.3639971811099673,-8.769736540636291,-13.98120658824501
-36.39971811099673,0.17115072715677074,-0.3639971811099673,-9.16269982138043,-14.927645998784376
-36.39971811099673,0.17486103903378158,-0.3639971811099673,-9.564275355341131,-15.838094852123813
-36.39971811099673,0.17857135091079243,-0.3639971811099673,-9.97446314251839,-16.693617974733577
-36.39971811099673,0.18228166278780325,-0.3639971811099673,-10.393263182912213,-17.481531996213587
-36.39971811099673,0.1859919746648141,-0.3639971811099673,-10.820675476522595,-18.195615352294187
-36.39971811099673,0.18970228654182494,-0.3639971811099673,-11.256700023349543,-18.83497704709721
-36.39971811099673,0.1934125984188358,-0.3639971811099673,-11.701336823393051,-19.402422418369802
-36.39971811099673,0.1971229102958466,-0.3639971811099673,-12.154585876653117,-19.902994622661463
-36.39971811099673,0.20083322217285746,-0.3639971811099673,-12.616447183129747,-20.3430084312622
-36.39971811099673,0.2045435340498683,-0.3639971811099673,-13.086920742822938,-20.729597492458776
-36.39971811099673,0.20825384592687915,-0.3639971811099673,-13.566006555732693,-21.070665266430023
-36.39971811099673,0.21196415780388997,-0.3639971811099673,-14.053704621859005,-21.375131171710123
-36.39971811099673,0.21567446968090082,-0.3639971811099673,-14.550014941201882,-21.653424147883307
-36.39971811099673,0.21938478155791166,-0.3639971811099673,-15.05493751376132,-21.918234376893416
-36.39971811099673,0.2230950934349225,-0.3639971811099673,-15.568472339537319,-22.18554620310217
-36.39971811099673,0.22680540531193333,-0.3639971811099673,-16.090619418529876,-22.475893613177764
-36.39971811099673,0.23051571718894417,-0.3639971811099673,-16.621378750738998,-22.815526667574012
-36.39971811099673,0.23422602906595502,-0.3639971811099673,-17.160750336164682,-23.23664975950893
-36.39971811099673,0.23793634094296587,-0.3639971811099673,-17.708734174806928,-23.775079705728004
-36.39971811099673,0.2416466528199767,-0.3639971811099673,-18.265330266665732,-24.463027973308847
-36.39971811099673,0.24535696469698753,-0.3639971811099673,-18.8305386117411,-25.315698464614986
-36.39971811099673,0.24906727657399838,-0.3639971811099673,-19.404359210033032,-26.3150289602677
-36.39971811099673,0.2527775884510092,-0.3639971811099673,-19.986792061541525,-27.401152819160345
-36.39971811099673,0.25648790032802005,-0.3639971811099673,-20.577837166266573,-28.483570803276326
-36.39971811099673,0.2601982122050309,-0.3639971811099673,-21.177494524208193,-29.471043226824513
-36.39971811099673,0.26390852408204174,-0.3639971811099673,-21.785764135366364,-30.301669291933404
-36.39971811099673,0.26761883595905256,-0.3639971811099673,-22.402645999741093,-30.954516403282476
-36.39971811099673,0.27132914783606343,-0.3639971811099673,-23.0281401173324,-31.441563707902286
-36.39971811099673,0.27503945971307425,-0.3639971811099673,-23.66224648814026,-31.79173608159664
-36.39971811099673,0.27874977159008507,-0.3639971811099673,-24.304965112164673,-32.03755782887628
-36.39971811099673,0.28246008346709595,-0.3639971811099673,-24.956295989405664,-32.20784143635445
-36.39971811099673,0.28617039534410676,-0.3639971811099673,-25.616239119863202,-32.32521389455877
-36.39971811099673,0.28988070722111764,-0.3639971811099673,-26.284794503537317,-32.40625471132178
-36.39971811099673,0.29359101909812846,-0.3639971811099673,-26.96196214042798,-32.46261741838044
-36.39971811099673,0.2973013309751393,-0.3639971811099673,-27.647742030535206,-32.502290895253196
-36.39971811099673,0.30101164285215015,-0.3639971811099673,-28.342134173859,-32.5306727207481
-36.39971811099673,0.30472195472916097,-0.3639971811099673,-29.04513857039935,-32.55138180040122
-35.0118412595277,0.011607316445304631,-0.350118412595277,-0.04176942720998507,0.9277982854117963
-35.0118412595277,0.015317628322315471,-0.350118412595277,-0.07274077522361376,0.8537952507103455
-35.0118412595277,0.01902794019932631,-0.350118412595277,-0.11224795210328321,0.7772738119666378
-35.0118412595277,0.02273825207633715,-0.350118412595277,-0.16029095784899344,0.6980080046591455
-35.0118412595277,0.02644856395334799,-0.350118412595277,-0.21686979246074448,0.6157426649871307
-35.0118412595277,0.03015887583035883,-0.350118412595277,-0.28198445593853627,0.5301890576307027
-35.0118412595277,0.03386918770736967,-0.350118412595277,-0.3556349482823689,0.4410197824771289
-35.0118412595277,0.03757949958438051,-0.350118412595277,-0.4378212694922422,0.34786285824685215
-35.0118412595277,0.04128981146139135,-0.350118412595277,-0.5285434195681564,0.25029487955674323
-35.0118412595277,0.04500012333840219,-0.350118412595277,-0.6278013985101113,0.14783315063917257
-35.0118412595277,0.04871043521541303,-0.350118412595277,-0.735595206318107,0.039926718504681435
-35.0118412595277,0.05242074709242387,-0.350118412595277,-0.8519248429921434,-0.07405373252959802
-35.0118412595277,0.05613105896943471,-0.350118412595277,-0.9767903085322207,-0.194827095386219
-35.0118412595277,0.05984137084644555,-0.350118412595277,-1.1101916029383387,-0.3232140267050765
-35.0118412595277,0.06355168272345639,-0.350118412595277,-1.2521287262104974,-0.4601498067914771
-35.0118412595277,0.06726199460046722,-0.350118412595277,-1.4026016783486968,-0.6066973443975487
-35.0118412595277,0.07097230647747807,-0.350118412595277,-1.5616104593529372,-0.7640594847677689
-35.0118412595277,0.0746826183544889,-0.350118412595277,-1.7291550692232183,-0.9335893761767671
-35.0118412595277,0.07839293023149975,-0.350118412595277,-1.9052355079595402,-1.1167971646754162
-35.0118412595277,0.08210324210851058,-0.350118412595277,-2.0898517755619026,-1.3153507568037275
-35.0118412595277,0.08581355398552143,-0.350118412595277,-2.2830038720303065,-1.5310679039120594
-35.0118412595277,0.08952386586253226,-0.350118412595277,-2.4846917973647504,-1.7658965833410534
-35.0118412595277,0.09323417773954311,-0.350118412595277,-2.6949155515652357,-2.021880844175163
-35.0118412595277,0.09694448961655394,-0.350118412595277,-2.9136751346317613,-2.3011103184575714
-35.0118412595277,0.10065480149356479,-0.350118412595277,-3.140970546564328,-2.605653914184594
-35.0118412595277,0.10436511337057562,-0.350118412595277,-3.376801787362935,-2.937482202221096
-35.0118412595277,0.10807542524758647,-0.350118412595277,-3.6211688570275835,-3.298388807009789
-35.0118412595277,0.1117857371245973,-0.350118412595277,-3.8740717555582718,-3.689928193840383
-35.0118412595277,0.11549604900160815,-0.350118412595277,-4.135510482955002,-4.1133940316590225
-35.0118412595277,0.11920636087861898,-0.350118412595277,-4.405485039217772,-4.569865841971196
-35.0118412595277,0.12291667275562983,-0.350118412595277,-4.683995424346584,-5.0603476862899806
-35.0118412595277,0.12662698463264066,-0.350118412595277,-4.971041638341435,-5.5860064962248295
-35.0118412595277,0.1303372965096515,-0.350118412595277,-5.266623681202328,-6.148485790346011
-35.0118412595277,0.13404760838666235,-0.350118412595277,-5.570741552929262,-6.7502229131904885
-35.0118412595277,0.13775792026367317,-0.350118412595277,-5.883395253522235,-7.394640717402616
-35.0118412595277,0.14146823214068402,-0.350118412595277,-6.204584782981251,-8.086033253483023
-35.0118412595277,0.14517854401769487,-0.350118412595277,-6.534310141306307,-8.828947947866142
-35.0118412595277,0.1488888558947057,-0.350118412595277,-6.872571328497404,-9.62692679642034
-35.0118412595277,0.15259916777171653,-0.350118412595277,-7.21936834455454,-10.48065288827725
-35.0118412595277,0.15630947964872738,-0.350118412595277,-7.574701189477719,-11.38586689035435
-35.0118412595277,0.16001979152573823,-0.350118412595277,-7.938569863266938,-12.331776300481655
-35.0118412595277,0.16373010340274907,-0.350118412595277,-8.310974365922199,-13.30083780254606
-35.0118412595277,0.1674404152797599,-0.350118412595277,-8.691914697443497,-14.270473366970498
-35.0118412595277,0.17115072715677074,-0.350118412595277,-9.081390857830838,-15.21646226640001
-35.0118412595277,0.17486103903378158,-0.350118412595277,-9.479402847084222,-16.116874785978343
-35.0118412595277,0.17857135091079243,-0.350118412595277,-9.885950665203644,-16.95512333249112
-35.0118412595277,0.18228166278780325,-0.350118412595277,-10.301034312189108,-17.721241275542052
-35.0118412595277,0.1859919746648141,-0.350118412595277,-10.724653788040612,-18.41143189304846
-35.0118412595277,0.18970228654182494,-0.350118412595277,-11.156809092758158,-19.026602265636825
-35.0118412595277,0.1934125984188358,-0.350118412595277,-11.597500226341745,-19.57070895582776
-35.0118412595277,0.1971229102958466,-0.350118412595277,-12.046727188791369,-20.049455763027336
-35.0118412595277,0.20083322217285746,-0.350118412595277,-12.504489980107037,-20.469521040637485
-35.0118412595277,0.2045435340498683,-0.350118412595277,-12.970788600288746,-20.838258482328417
-35.0118412595277,0.20825384592687915,-0.350118412595277,-13.445623049336497,-21.163745019467832
-35.0118412595277,0.21196415780388997,-0.350118412595277,-13.928993327250284,-21.455083704602373
-35.0118412595277,0.21567446968090082,-0.350118412595277,-14.420899434030115,-21.722937090001388
-35.0118412595277,0.21938478155791166,-0.350118412595277,-14.921341369675988,-21.980317135848477
-35.0118412595277,0.2230950934349225,-0.350118412595277,-15.430319134187899,-22.24365474388957
-35.0118412595277,0.22680540531193333,-0.350118412595277,-15.94783272756585,-22.53406870548181
-35.0118412595277,0.23051571718894417,-0.350118412595277,-16.473882149809846,-22.8784692274139
-35.0118412595277,0.23422602906595502,-0.350118412595277,-17.00846740091988,-23.30956439965786
-35.0118412595277,0.23793634094296587,-0.350118412595277,-17.551588480895955,-23.86301275062732
-35.0118412595277,0.2416466528199767,-0.350118412595277,-18.10324538973807,-24.56943875778108
-35.0118412595277,0.24535696469698753,-0.350118412595277,-18.663438127446227,-25.44039461004993
-35.0118412595277,0.24906727657399838,-0.350118412595277,-19.232166694020425,-26.452486681290424
-35.0118412595277,0.2527775884510092,-0.350118412595277,-19.809431089460666,-27.540928608597426
-35.0118412595277,0.25648790032802005,-0.350118412595277,-20.395231313766942,-28.613554166417778
-35.0118412595277,0.2601982122050309,-0.350118412595277,-20.98956736693927,-29.581807884796053
-35.0118412595277,0.26390852408204174,-0.350118412595277,-21.592439248977623,-30.389023077684048
-35.0118412595277,0.26761883595905256,-0.350118412595277,-22.20384695988202,-31.019151166788607
-35.0118412595277,0.27132914783606343,-0.350118412595277,-22.82379049965247,-31.487040436697946
-35.0118412595277,0.27503945971307425,-0.350118412595277,-23.45226986828895,-31.82248159475011
-35.0118412595277,0.27874977159008507,-0.350118412595277,-24.08928506579147,-32.057646131954016
-35.0118412595277,0.28246008346709595,-0.350118412595277,-24.73483609216004,-32.220520667152435
-35.0118412595277,0.28617039534410676,-0.350118412595277,-25.388922947394644,-32.332871442770895
-35.0118412595277,0.28988070722111764,-0.350118412595277,-26.051545631495294,-32.4105616793157
-35.0118412595277,0.29359101909812846,-0.350118412595277,-26.722704144461975,-32.46470926068718
-35.0118412595277,0.2973013309751393,-0.350118412595277,-27.402398486294704,-32.502925473577314
-35.0118412595277,0.30101164285215015,-0.350118412595277,-28.090628656993477,-32.53035075905083
-35.0118412595277,0.30472195472916097,-0.350118412595277,-28.78739465655828,-32.550432461395246
-33.62396440805866,0.011607316445304631,-0.3362396440805866,-0.041395450482447194,0.9928469576411059
-33.62396440805866,0.015317628322315471,-0.3362396440805866,-0.07208950086114914,0.9189599224726248
-33.62396440805866,0.01902794019932631,-0.3362396440805866,-0.11124295575537113,0.842550783915591
-33.62396440805866,0.02273825207633715,-0.3362396440805866,-0.15885581516511318,0.763395674195001
-33.62396440805866,0.02644856395334799,-0.3362396440805866,-0.21492807909037534,0.681241633650326
-33.62396440805866,0.03015887583035883,-0.3362396440805866,-0.27945974753115754,0.5958022099969107
-33.62396440805866,0.03386918770736967,-0.3362396440805866,-0.3524508204874599,0.5067523182259532
-33.62396440805866,0.03757949958438051,-0.3362396440805866,-0.43390129795928223,0.41372225078281955
-33.62396440805866,0.04128981146139135,-0.3362396440805866,-0.5238111799466246,0.31629072318306517
-33.62396440805866,0.04500012333840219,-0.3362396440805866,-0.6221804664494871,0.21397684287465446
-33.62396440805866,0.04871043521541303,-0.3362396440805866,-0.7290091574678697,0.10623090354398546
-33.62396440805866,0.05242074709242387,-0.3362396440805866,-0.8442972530017723,-0.007576060317589395
-33.62396440805866,0.05613105896943471,-0.3362396440805866,-0.9680447530511949,-0.12816396410721187
-33.62396440805866,0.05984137084644555,-0.3362396440805866,-1.1002516576161376,-0.2563565164155648
-33.62396440805866,0.06355168272345639,-0.3362396440805866,-1.2409179666966004,-0.3930949715367986
-33.62396440805866,0.06726199460046722,-0.3362396440805866,-1.3900436802925829,-0.5394523285421349
-33.62396440805866,0.07097230647747807,-0.3362396440805866,-1.547628798404086,-0.6966472111764175
-33.62396440805866,0.0746826183544889,-0.3362396440805866,-1.7136733210311088,-0.8660562658279489
-33.62396440805866,0.07839293023149975,-0.3362396440805866,-1.888177248173652,-1.0492234279936743
-33.62396440805866,0.08210324210851058,-0.3362396440805866,-2.071140579831715,-1.2478638635328578
-33.62396440805866,0.08581355398552143,-0.3362396440805866,-2.2625633160052985,-1.4638598713318884
-33.62396440805866,0.08952386586253226,-0.3362396440805866,-2.4624454566944016,-1.699245696119345
-33.62396440805866,0.09323417773954311,-0.3362396440805866,-2.6707870018990247,-1.9561783030550792
-33.62396440805866,0.09694448961655394,-0.3362396440805866,-2.8875879516191683,-2.2368920813902102
-33.62396440805866,0.10065480149356479,-0.3362396440805866,-3.1128483058548313,-2.543637627492744
-33.62396440805866,0.10436511337057562,-0.3362396440805866,-3.3465680646060147,-2.8786086318840693
-33.62396440805866,0.10807542524758647,-0.3362396440805866,-3.588747227872719,-3.243866614287362
-33.62396440805866,0.1117857371245973,-0.3362396440805866,-3.839385795654942,-3.641280312027825
-33.62396440805866,0.11549604900160815,-0.3362396440805866,-4.098483767952686,-4.07250329357174
-33.62396440805866,0.11920636087861898,-0.3362396440805866,-4.3660411447659495,-4.539016688137189
-33.62396440805866,0.12291667275562983,-0.3362396440805866,-4.642057926094734,-5.042259170812091
-33.62396440805866,0.12662698463264066,-0.3362396440805866,-4.926534111939038,-5.583848283924993
-33.62396440805866,0.1303372965096515,-0.3362396440805866,-5.219469702298861,-6.165861883085212
-33.62396440805866,0.13404760838666235,-0.3362396440805866,-5.520864697174206,-6.791096310087955
-33.62396440805866,0.13775792026367317,-0.3362396440805866,-5.830719096565069,-7.463157182063734
-33.62396440805866,0.14146823214068402,-0.3362396440805866,-6.149032900471454,-8.186190142139525
-33.62396440805866,0.14517854401769487,-0.3362396440805866,-6.475806108893357,-8.964059221889695
-33.62396440805866,0.1488888558947057,-0.3362396440805866,-6.811038721830783,-9.798879880988476
-33.62396440805866,0.15259916777171653,-0.3362396440805866,-7.154730739283726,-10.689054287180879
-33.62396440805866,0.15630947964872738,-0.3362396440805866,-7.50688216125219,-11.627316039815184
-33.62396440805866,0.16001979152573823,-0.3362396440805866,-7.867492987736175,-12.599613480557034
-33.62396440805866,0.16373010340274907,-0.3362396440805866,-8.23656321873568,-13.585658804879717
-33.62396440805866,0.1674404152797599,-0.3362396440805866,-8.614092854250703,-14.561425389335332
-33.62396440805866,0.17115072715677074,-0.3362396440805866,-9.000081894281248,-15.50294883360907
-33.62396440805866,0.17486103903378158,-0.3362396440805866,-9.394530338827314,-16.39007158762669
-33.62396440805866,0.17857135091079243,-0.3362396440805866,-9.797438187888899,-17.20882626721805
-33.62396440805866,0.18228166278780325,-0.3362396440805866,-10.208805441466003,-17.95193651030681
-33.62396440805866,0.1859919746648141,-0.3362396440805866,-10.628632099558628,-18.617817826474955
-33.62396440805866,0.18970228654182494,-0.3362396440805866,-11.056918162166774,-19.20891409219719
-33.62396440805866,0.1934125984188358,-0.3362396440805866,-11.49366362929044,-19.73011497258029
-33.62396440805866,0.1971229102958466,-0.3362396440805866,-11.938868500929622,-20.18764091689534
-33.62396440805866,0.20083322217285746,-0.3362396440805866,-12.392532777084327,-20.588454457991183
-33.62396440805866,0.2045435340498683,-0.3362396440805866,-12.854656457754553,-20.940091130719086
-33.62396440805866,0.20825384592687915,-0.3362396440805866,-13.3252395429403,-21.250784205868875
-33.62396440805866,0.21196415780388997,-0.3362396440805866,-13.804282032641563,-21.529813164041062
-33.62396440805866,0.21567446968090082,-0.3362396440805866,-14.291783926858349,-21.788073341885806
-33.62396440805866,0.21938478155791166,-0.3362396440805866,-14.787745225590657,-22.038904028169025
-33.62396440805866,0.2230950934349225,-0.3362396440805866,-15.29216592883848,-22.299193680377893
-33.62396440805866,0.22680540531193333,-0.3362396440805866,-15.805046036601823,-22.59065576073874
-33.62396440805866,0.23051571718894417,-0.3362396440805866,-16.32638554888069,-22.940851783052747
-33.62396440805866,0.23422602906595502,-0.3362396440805866,-16.856184465675078,-23.38293345437608
-33.62396440805866,0.23793634094296587,-0.3362396440805866,-17.394442786984985,-23.952248985979846
-33.62396440805866,0.2416466528199767,-0.3362396440805866,-17.941160512810406,-24.677579024158774
-33.62396440805866,0.24535696469698753,-0.3362396440805866,-18.496337643151353,-25.5665470781288
-33.62396440805866,0.24906727657399838,-0.3362396440805866,-19.05997417800782,-26.59034480353503
-33.62396440805866,0.2527775884510092,-0.3362396440805866,-19.63207011737981,-27.679571414432107
-33.62396440805866,0.25648790032802005,-0.3362396440805866,-20.21262546126731,-28.740988687851235
-33.62396440805866,0.2601982122050309,-0.3362396440805866,-20.801640209670346,-29.68921695868297
-33.62396440805866,0.26390852408204174,-0.3362396440805866,-21.399114362588886,-30.472924289925754
-33.62396440805866,0.26761883595905256,-0.3362396440805866,-22.005047920022946,-31.08072825694386
-33.62396440805866,0.27132914783606343,-0.3362396440805866,-22.61944088197254,-31.530054889874584
-33.62396440805866,0.27503945971307425,-0.3362396440805866,-23.242293248437644,-31.85135516633661
-33.62396440805866,0.27874977159008507,-0.3362396440805866,-23.873605019418267,-32.07635339706294
-33.62396440805866,0.28246008346709595,-0.3362396440805866,-24.51337619491442,-32.232190332231525
-33.62396440805866,0.28617039534410676,-0.3362396440805866,-25.16160677492608,-32.33978581093423
-33.62396440805866,0.28988070722111764,-0.3362396440805866,-25.818296759453276,-32.41431084826176
-33.62396440805866,0.29359101909812846,-0.3362396440805866,-26.483446148495975,-32.46637042039901
-33.62396440805866,0.2973013309751393,-0.3362396440805866,-27.157054942054202,-32.503216159704344
-33.62396440805866,0.30101164285215015,-0.3362396440805866,-27.839123140127956,-32.529744366175166
-33.62396440805866,0.30472195472916097,-0.3362396440805866,-28.529650742717216,-32.549239818353776
-32.23608755658963,0.011607316445304631,-0.3223608755658963,-0.04102147375490931,1.0585318545531905
-32.23608755658963,0.015317628322315471,-0.3223608755658963,-0.07143822649868452,0.9847686496142327
-32.23608755658963,0.01902794019932631,-0.3223608755658963,-0.11023795940745906,0.9084770715051869
-32.23608755658963,0.02273825207633715,-0.3223608755658963,-0.15742067248123295,0.8294351636676509
-32.23608755658963,0.02644856395334799,-0.3223608755658963,-0.21298636572000623,0.747391969814889
-32.23608755658963,0.03015887583035883,-0.3223608755658963,-0.27693503912377887,0.66206310119968
-32.23608755658963,0.03386918770736967,-0.3223608755658963,-0.3492666926925509,0.5731255457802369
-32.23608755658963,0.03757949958438051,-0.3223608755658963,-0.4299813264263222,0.4802116005924719
-32.23608755658963,0.04128981146139135,-0.3223608755658963,-0.5190789403250928,0.38290180102857585
-32.23608755658963,0.04500012333840219,-0.3223608755658963,-0.6165595343888629,0.28071671925477504
-32.23608755658963,0.04871043521541303,-0.3223608755658963,-0.7224231086176323,0.17310751305976657
-32.23608755658963,0.05242074709242387,-0.3223608755658963,-0.836669663011401,0.059445132275219414
-32.23608755658963,0.05613105896943471,-0.3223608755658963,-0.9592991975701691,-0.06099185881538394
-32.23608755658963,0.05984137084644555,-0.3223608755658963,-1.0903117122939365,-0.1890307965566771
-32.23608755658963,0.06355168272345639,-0.3223608755658963,-1.2297072071827033,-0.325619584752338
-32.23608755658963,0.06726199460046722,-0.3223608755658963,-1.3774856822364692,-0.4718421206615153
-32.23608755658963,0.07097230647747807,-0.3223608755658963,-1.5336471374552347,-0.6289337963566852
-32.23608755658963,0.0746826183544889,-0.3223608755658963,-1.6981915728389996,-0.7982960036011237
-32.23608755658963,0.07839293023149975,-0.3223608755658963,-1.871118988387764,-0.9815080858201024
-32.23608755658963,0.08210324210851058,-0.3223608755658963,-2.052429384101527,-1.1803346266407848
-32.23608755658963,0.08581355398552143,-0.3223608755658963,-2.2421227599802904,-1.3967254155693536
-32.23608755658963,0.08952386586253226,-0.3223608755658963,-2.4401991160240524,-1.6328050372229492
-32.23608755658963,0.09323417773954311,-0.3223608755658963,-2.646658452232814,-1.8908490436929324
-32.23608755658963,0.09694448961655394,-0.3223608755658963,-2.8615007686065748,-2.1732444604700745
-32.23608755658963,0.10065480149356479,-0.3223608755658963,-3.084726065145335,-2.4824344067012216
-32.23608755658963,0.10436511337057562,-0.3223608755658963,-3.3163343418490947,-2.8208503223752697
-32.23608755658963,0.10807542524758647,-0.3223608755658963,-3.556325598717854,-3.190840864014435
-32.23608755658963,0.1117857371245973,-0.3223608755658963,-3.804699835751612,-3.5946134549953257
-32.23608755658963,0.11549604900160815,-0.3223608755658963,-4.06145705295037,-4.034211050493583
-32.23608755658963,0.11920636087861898,-0.3223608755658963,-4.326597250314127,-4.51154953844387
-32.23608755658963,0.12291667275562983,-0.3223608755658963,-4.600120427842884,-5.028535328790888
-32.23608755658963,0.12662698463264066,-0.3223608755658963,-4.882026585536639,-5.587262346864005
-32.23608755658963,0.1303372965096515,-0.3223608755658963,-5.1723157233953945,-6.190248676152459
-32.23608755658963,0.13404760838666235,-0.3223608755658963,-5.4709878414191495,-6.840616664381638
-32.23608755658963,0.13775792026367317,-0.3223608755658963,-5.778042939607902,-7.5420579364421325
-32.23608755658963,0.14146823214068402,-0.3223608755658963,-6.093481017961656,-8.298383690665837
-32.23608755658963,0.14517854401769487,-0.3223608755658963,-6.417302076480408,-9.112486501332375
-32.23608755658963,0.1488888558947057,-0.3223608755658963,-6.749506115164161,-9.984687582038413
-32.23608755658963,0.15259916777171653,-0.3223608755658963,-7.0900931340129105,-10.9107410170606
-32.23608755658963,0.15630947964872738,-0.3223608755658963,-7.439063133026662,-11.880144885192498
-32.23608755658963,0.16001979152573823,-0.3223608755658963,-7.796416112205413,-12.875645895816897
-32.23608755658963,0.16373010340274907,-0.3223608755658963,-8.162152071549162,-13.874618080195138
-32.23608755658963,0.1674404152797599,-0.3223608755658963,-8.536271011057908,-14.852244361770675
-32.23608755658963,0.17115072715677074,-0.3223608755658963,-8.918772930731658,-15.785495174242001
-32.23608755658963,0.17486103903378158,-0.3223608755658963,-9.309657830570405,-16.65644903516708
-32.23608755658963,0.17857135091079243,-0.3223608755658963,-9.708925710574151,-17.453902735554273
-32.23608755658963,0.18228166278780325,-0.3223608755658963,-10.116576570742897,-18.173147436364864
-32.23608755658963,0.1859919746648141,-0.3223608755658963,-10.532610411076643,-18.81455859458956
-32.23608755658963,0.18970228654182494,-0.3223608755658963,-10.957027231575388,-19.381861368511558
-32.23608755658963,0.1934125984188358,-0.3223608755658963,-11.389827032239134,-19.880686749375368
-32.23608755658963,0.1971229102958466,-0.3223608755658963,-11.831009813067874,-20.317654753287574
-32.23608755658963,0.20083322217285746,-0.3223608755658963,-12.280575574061617,-20.699951157909382
-32.23608755658963,0.2045435340498683,-0.3223608755658963,-12.73852431522036,-21.035264656643008
-32.23608755658963,0.20825384592687915,-0.3223608755658963,-13.204856036544104,-21.331971493781587
-32.23608755658963,0.21196415780388997,-0.3223608755658963,-13.679570738032842,-21.599521768112453
-32.23608755658963,0.21567446968090082,-0.3223608755658963,-14.162668419686582,-21.849043883371056
-32.23608755658963,0.21938478155791166,-0.3223608755658963,-14.654149081505324,-22.094211447253713
-32.23608755658963,0.2230950934349225,-0.3223608755658963,-15.154012723489062,-22.352382683590033
-32.23608755658963,0.22680540531193333,-0.3223608755658963,-15.662259345637796,-22.64587510231329
-32.23608755658963,0.23051571718894417,-0.3223608755658963,-16.178888947951535,-23.00288832276128
-32.23608755658963,0.23422602906595502,-0.3223608755658963,-16.703901530430276,-23.456947391150536
-32.23608755658963,0.23793634094296587,-0.3223608755658963,-17.237297093074012,-24.042923367550966
-32.23608755658963,0.2416466528199767,-0.3223608755658963,-17.779075635882744,-24.78748644678311
-32.23608755658963,0.24535696469698753,-0.3223608755658963,-18.32923715885648,-25.69406851418546
-32.23608755658963,0.24906727657399838,-0.3223608755658963,-18.887781661995216,-26.728411304246958
-32.23608755658963,0.2527775884510092,-0.3223608755658963,-19.454709145298953,-27.816860130865276
-32.23608755658963,0.25648790032802005,-0.3223608755658963,-20.03001960876768,-28.865710480952682
-32.23608755658963,0.2601982122050309,-0.3223608755658963,-20.61371305240142,-29.79320476727563
-32.23608755658963,0.26390852408204174,-0.3223608755658963,-21.205789476200145,-30.55339086938039
-32.23608755658963,0.26761883595905256,-0.3223608755658963,-21.806248880163874,-31.139309852243702
-32.23608755658963,0.27132914783606343,-0.3223608755658963,-22.41509126429261,-31.570679291219033
-32.23608755658963,0.27503945971307425,-0.3223608755658963,-23.03231662858634,-31.878420239918956
-32.23608755658963,0.27874977159008507,-0.3223608755658963,-23.657924973045063,-32.09372791582396
-32.23608755658963,0.28246008346709595,-0.3223608755658963,-24.2919162976688,-32.24288385471185
-32.23608755658963,0.28617039534410676,-0.3223608755658963,-24.934290602457523,-32.345978302437324
-32.23608755658963,0.28988070722111764,-0.3223608755658963,-25.585047887411257,-32.41751448925584
-32.23608755658963,0.29359101909812846,-0.3223608755658963,-26.244188152529976,-32.46760675663774
-32.23608755658963,0.2973013309751393,-0.3223608755658963,-26.9117113978137,-32.50316438379766
-32.23608755658963,0.30101164285215015,-0.3223608755658963,-27.587617623262435,-32.528851960060386
-32.23608755658963,0.30472195472916097,-0.3223608755658963,-28.27190682887615,-32.547800258626
-30.848210705120593,0.011607316445304631,-0.30848210705120593,-0.040647497027371436,1.1248413714055954
-30.848210705120593,0.015317628322315471,-0.30848210705120593,-0.0707869521362199,1.051212264328283
-30.848210705120593,0.01902794019932631,-0.30848210705120593,-0.109232963059547,0.9750459770367936
-30.848210705120593,0.02273825207633715,-0.30848210705120593,-0.15598552979735272,0.8961222611077277
-30.848210705120593,0.02644856395334799,-0.30848210705120593,-0.21104465234963712,0.8141919436507992
-30.848210705120593,0.03015887583035883,-0.30848210705120593,-0.27441033071640014,0.7289724584778317
-30.848210705120593,0.03386918770736967,-0.30848210705120593,-0.3460825648976419,0.6401425997751988
-30.848210705120593,0.03757949958438051,-0.30848210705120593,-0.42606135489336217,0.5473363711561183
-30.848210705120593,0.04128981146139135,-0.30848210705120593,-0.5143467007035611,0.4501357921760536
-30.848210705120593,0.04500012333840219,-0.30848210705120593,-0.6109386023282387,0.34806251871196525
-30.848210705120593,0.04871043521541303,-0.30848210705120593,-0.715837059767395,0.24056813716668102
-30.848210705120593,0.05242074709242387,-0.30848210705120593,-0.8290420730210298,0.12702301126654958
-30.848210705120593,0.05613105896943471,-0.30848210705120593,-0.9505536420891433,0.00670360267212966
-30.848210705120593,0.05984137084644555,-0.30848210705120593,-1.0803717669717354,-0.12122173600753183
-30.848210705120593,0.06355168272345639,-0.30848210705120593,-1.2184964476688063,-0.2577083705486136
-30.848210705120593,0.06726199460046722,-0.30848210705120593,-1.3649276841803553,-0.40385207856641436
-30.848210705120593,0.07097230647747807,-0.30848210705120593,-1.5196654765063835,-0.5609062316165729
-30.848210705120593,0.0746826183544889,-0.30848210705120593,-1.6827098246468901,-0.7302984942383466
-30.848210705120593,0.07839293023149975,-0.30848210705120593,-1.8540607286018755,-0.9136455895221856
-30.848210705120593,0.08210324210851058,-0.30848210705120593,-2.0337181883713393,-1.1127641209844448
-30.848210705120593,0.08581355398552143,-0.30848210705120593,-2.2216822039552824,-1.3296748667322138
-30.848210705120593,0.08952386586253226,-0.30848210705120593,-2.4179527753537036,-1.5665975145719364
-30.848210705120593,0.09323417773954311,-0.30848210705120593,-2.6225299025666033,-1.825932729424328
-30.848210705120593,0.09694448961655394,-0.30848210705120593,-2.8354135855939817,-2.1102291015154817
-30.848210705120593,0.10065480149356479,-0.30848210705120593,-3.056603824435839,-2.422134377509372
-30.848210705120593,0.10436511337057562,-0.30848210705120593,-3.2861006190921747,-2.7643338771687693
-30.848210705120593,0.10807542524758647,-0.30848210705120593,-3.5239039695629897,-3.139484329873497
-30.848210705120593,0.1117857371245973,-0.30848210705120593,-3.770013875848282,-3.550158012194654
-30.848210705120593,0.11549604900160815,-0.30848210705120593,-4.024430337948054,-3.99881823648397
-30.848210705120593,0.11920636087861898,-0.30848210705120593,-4.287153355862304,-4.487849346183464
-30.848210705120593,0.12291667275562983,-0.30848210705120593,-4.558182929591034,-5.019657012119727
-30.848210705120593,0.12662698463264066,-0.30848210705120593,-4.837519059134241,-5.596831640917549
-30.848210705120593,0.1303372965096515,-0.30848210705120593,-5.125161744491927,-6.222324965948642
-30.848210705120593,0.13404760838666235,-0.30848210705120593,-5.421110985664093,-6.899530042913452
-30.848210705120593,0.13775792026367317,-0.30848210705120593,-5.7253667826507355,-7.63209373595389
-30.848210705120593,0.14146823214068402,-0.30848210705120593,-6.037929135451859,-8.423263422025396
-30.848210705120593,0.14517854401769487,-0.30848210705120593,-6.358798044067459,-9.274630333822646
-30.848210705120593,0.1488888558947057,-0.30848210705120593,-6.687973508497539,-10.184335212378242
-30.848210705120593,0.15259916777171653,-0.30848210705120593,-7.0254555287420954,-11.145149186623303
-30.848210705120593,0.15630947964872738,-0.30848210705120593,-7.371244104801133,-12.14320500174336
-30.848210705120593,0.16001979152573823,-0.30848210705120593,-7.72533923667465,-13.158250663429138
-30.848210705120593,0.16373010340274907,-0.30848210705120593,-8.087740924362643,-14.165860613694194
-30.848210705120593,0.1674404152797599,-0.30848210705120593,-8.458449167865114,-15.141136543373868
-30.848210705120593,0.17115072715677074,-0.30848210705120593,-8.837463967182066,-16.062607048762974
-30.848210705120593,0.17486103903378158,-0.30848210705120593,-9.224785322313497,-16.914927083138444
-30.848210705120593,0.17857135091079243,-0.30848210705120593,-9.620413233259406,-17.689677963342803
-30.848210705120593,0.18228166278780325,-0.30848210705120593,-10.024347700019792,-18.38452071529059
-30.848210705120593,0.1859919746648141,-0.30848210705120593,-10.436588722594658,-19.00152004652116
-30.848210705120593,0.18970228654182494,-0.30848210705120593,-10.857136300984005,-19.54544472100586
-30.848210705120593,0.1934125984188358,-0.30848210705120593,-11.285990435187829,-20.022504353114563
-30.848210705120593,0.1971229102958466,-0.30848210705120593,-11.723151125206128,-20.43962586376373
-30.848210705120593,0.20083322217285746,-0.30848210705120593,-12.168618371038907,-20.804172113768274
-30.848210705120593,0.2045435340498683,-0.30848210705120593,-12.622392172686167,-21.123963042964437
-30.848210705120593,0.20825384592687915,-0.30848210705120593,-13.084472530147906,-21.407506941043867
-30.848210705120593,0.21196415780388997,-0.30848210705120593,-13.554859443424121,-21.66441982650906
-30.848210705120593,0.21567446968090082,-0.30848210705120593,-14.033552912514816,-21.90606475008265
-30.848210705120593,0.21938478155791166,-0.30848210705120593,-14.52055293741999,-22.14645827848141
-30.848210705120593,0.2230950934349225,-0.30848210705120593,-15.015859518139642,-22.403441790409175
-30.848210705120593,0.22680540531193333,-0.30848210705120593,-15.519472654673772,-22.69994531392798
-30.848210705120593,0.23051571718894417,-0.30848210705120593,-16.031392347022383,-23.06478819626616
-30.848210705120593,0.23422602906595502,-0.30848210705120593,-16.55161859518547,-23.53178742418725
-30.848210705120593,0.23793634094296587,-0.30848210705120593,-17.08015139916304,-24.135155184521498
-30.848210705120593,0.2416466528199767,-0.30848210705120593,-17.616990758955083,-24.899177115454506
-30.848210705120593,0.24535696469698753,-0.30848210705120593,-18.16213667456161,-25.822849490964565
-30.848210705120593,0.24906727657399838,-0.30848210705120593,-18.715589145982612,-26.866480618109083
-30.848210705120593,0.2527775884510092,-0.30848210705120593,-19.277348173218094,-27.952574044900512
-30.848210705120593,0.25648790032802005,-0.30848210705120593,-19.84741375626805,-28.987566335474465
-30.848210705120593,0.2601982122050309,-0.30848210705120593,-20.425785895132496,-29.893717913169976
-30.848210705120593,0.26390852408204174,-0.30848210705120593,-21.012464589811408,-30.630448655036055
-30.848210705120593,0.26761883595905256,-0.30848210705120593,-21.6074498403048,-31.19496070855017
-30.848210705120593,0.27132914783606343,-0.30848210705120593,-22.210741646612682,-31.60898488593729
-30.848210705120593,0.27503945971307425,-0.30848210705120593,-22.822340008735033,-31.903737699441216
-30.848210705120593,0.27874977159008507,-0.30848210705120593,-23.442244926671858,-32.109815090476836
-30.848210705120593,0.28246008346709595,-0.30848210705120593,-24.070456400423176,-32.25263200743114
-30.848210705120593,0.28617039534410676,-0.30848210705120593,-24.70697442998896,-32.35146797764327
-30.848210705120593,0.28988070722111764,-0.30848210705120593,-25.351799015369235,-32.420183026312834
-30.848210705120593,0.29359101909812846,-0.30848210705120593,-26.004930156563976,-32.4684226070152
-30.848210705120593,0.2973013309751393,-0.30848210705120593,-26.6663678535732,-32.50277030333677
-30.848210705120593,0.30101164285215015,-0.30848210705120593,-27.33611210639691,-32.52767086985661
-30.848210705120593,0.30472195472916097,-0.30848210705120593,-28.014162915035087,-32.54610921496957
-29.46033385365156,0.011607316445304631,-0.2946033385365156,-0.040273520299833554,1.1917597133943765
-29.46033385365156,0.015317628322315471,-0.2946033385365156,-0.07013567777375528,1.1182773687323324
-29.46033385365156,0.01902794019932631,-0.2946033385365156,-0.1082279667116349,1.0422465491159165
-29.46033385365156,0.02273825207633715,-0.2946033385365156,-0.15455038711347244,0.9634484922291378
-29.46033385365156,0.02644856395334799,-0.2946033385365156,-0.20910293897926796,0.8816355676791552
-29.46033385365156,0.03015887583035883,-0.2946033385365156,-0.27188562230902136,0.7965267673360115
-29.46033385365156,0.03386918770736967,-0.2946033385365156,-0.34289843710273277,0.7078023978746522
-29.46033385365156,0.03757949958438051,-0.2946033385365156,-0.422141383360402,0.6150978397931424
-29.46033385365156,0.04128981146139135,-0.2946033385365156,-0.5096144610820292,0.5179962231305901
-29.46033385365156,0.04500012333840219,-0.2946033385365156,-0.6053176702676144,0.41601986009224956
-29.46033385365156,0.04871043521541303,-0.2946033385365156,-0.7092510109171575,0.3086202726626519
-29.46033385365156,0.05242074709242387,-0.2946033385365156,-0.8214144830306584,0.19516666475143052
-29.46033385365156,0.05613105896943471,-0.2946033385365156,-0.9418080866081173,0.07493272158020625
-29.46033385365156,0.05984137084644555,-0.2946033385365156,-1.070431821649534,-0.052918315054319987
-29.46033385365156,0.06355168272345639,-0.2946033385365156,-1.207285688154909,-0.1893502339581039
-29.46033385365156,0.06726199460046722,-0.2946033385365156,-1.3523696861242414,-0.3354718648912831
-29.46033385365156,0.07097230647747807,-0.2946033385365156,-1.505683815557532,-0.4925560116984886
-29.46033385365156,0.0746826183544889,-0.2946033385365156,-1.6672280764547804,-0.6620584462841488
-29.46033385365156,0.07839293023149975,-0.2946033385365156,-1.8370024688159872,-0.845635632333136
-29.46033385365156,0.08210324210851058,-0.2946033385365156,-2.015006992641151,-1.0451592864597028
-29.46033385365156,0.08581355398552143,-0.2946033385365156,-2.201241647930274,-1.2627252900201267
-29.46033385365156,0.08952386586253226,-0.2946033385365156,-2.395706434683354,-1.500653967028441
-29.46033385365156,0.09323417773954311,-0.2946033385365156,-2.598401352900392,-1.7614785741227004
-29.46033385365156,0.09694448961655394,-0.2946033385365156,-2.809326402581388,-2.047919360552995
-29.46033385365156,0.10065480149356479,-0.2946033385365156,-3.028481583726342,-2.3628422040895654
-29.46033385365156,0.10436511337057562,-0.2946033385365156,-3.255866896335254,-2.7092040587498327
-29.46033385365156,0.10807542524758647,-0.2946033385365156,-3.4914823404081243,-3.089992439427421
-29.46033385365156,0.1117857371245973,-0.2946033385365156,-3.7353279159449517,-3.5081723660165105
-29.46033385365156,0.11549604900160815,-0.2946033385365156,-3.9874036229457377,-3.9666596950610895
-29.46033385365156,0.11920636087861898,-0.2946033385365156,-4.247709461410481,-4.46834076326833
-29.46033385365156,0.12291667275562983,-0.2946033385365156,-4.516245431339183,-5.016148997555483
-29.46033385365156,0.12662698463264066,-0.2946033385365156,-4.7930115327318425,-5.613183189444455
-29.46033385365156,0.1303372965096515,-0.2946033385365156,-5.07800776558846,-6.262805795603824
-29.46033385365156,0.13404760838666235,-0.2946033385365156,-5.371234129909036,-6.968597899582473
-29.46033385365156,0.13775792026367317,-0.2946033385365156,-5.672690625693567,-7.733991783956651
-29.46033385365156,0.14146823214068402,-0.2946033385365156,-5.98237725294206,-8.561396277378197
-29.46033385365156,0.14517854401769487,-0.2946033385365156,-6.3002940116545085,-9.450735274712597
-29.46033385365156,0.1488888558947057,-0.2946033385365156,-6.626440901830916,-10.397581852050008
-29.46033385365156,0.15259916777171653,-0.2946033385365156,-6.9608179234712795,-11.391449464448336
-29.46033385365156,0.15630947964872738,-0.2946033385365156,-7.3034250765756035,-12.415100743254165
-29.46033385365156,0.16001979152573823,-0.2946033385365156,-7.654262361143885,-13.445639635891093
-29.46033385365156,0.16373010340274907,-0.2946033385365156,-8.013329777176125,-14.457487289244268
-29.46033385365156,0.1674404152797599,-0.2946033385365156,-8.380627324672318,-15.426379908514559
-29.46033385365156,0.17115072715677074,-0.2946033385365156,-8.756155003632474,-16.33293458266105
-29.46033385365156,0.17486103903378158,-0.2946033385365156,-9.139912814056588,-17.164588510304522
-29.46033385365156,0.17857135091079243,-0.2946033385365156,-9.531900755944658,-17.915618632051793
-29.46033385365156,0.18228166278780325,-0.2946033385365156,-9.932118829296686,-18.58580699865798
-29.46033385365156,0.1859919746648141,-0.2946033385365156,-10.340567034112672,-19.178636885660417
-29.46033385365156,0.18970228654182494,-0.2946033385365156,-10.757245370392617,-19.69970880663543
-29.46033385365156,0.1934125984188358,-0.2946033385365156,-11.18215383813652,-20.155677301516942
-29.46033385365156,0.1971229102958466,-0.2946033385365156,-11.615292437344378,-20.553704449398463
-29.46033385365156,0.20083322217285746,-0.2946033385365156,-12.056661168016195,-20.901295256427407
-29.46033385365156,0.2045435340498683,-0.2946033385365156,-12.506260030151973,-21.206383569618595
-29.46033385365156,0.20825384592687915,-0.2946033385365156,-12.964089023751708,-21.47760039848304
-29.46033385365156,0.21196415780388997,-0.2946033385365156,-13.430148148815396,-21.724724082514648
-29.46033385365156,0.21567446968090082,-0.2946033385365156,-13.904437405343048,-21.95935545780537
-29.46033385365156,0.21938478155791166,-0.2946033385365156,-14.386956793334656,-22.19586450580802
-29.46033385365156,0.2230950934349225,-0.2946033385365156,-14.877706312790222,-22.45259019830625
-29.46033385365156,0.22680540531193333,-0.2946033385365156,-15.376685963709742,-22.753082128608394
-29.46033385365156,0.23051571718894417,-0.2946033385365156,-15.883895746093225,-23.12675493995965
-29.46033385365156,0.23422602906595502,-0.2946033385365156,-16.399335659940665,-23.607624167220695
-29.46033385365156,0.23793634094296587,-0.2946033385365156,-16.923005705252063,-24.22904670247699
-29.46033385365156,0.2416466528199767,-0.2946033385365156,-17.454905882027415,-25.012644785937095
-29.46033385365156,0.24535696469698753,-0.2946033385365156,-17.99503619026673,-25.952759130377153
-29.46033385365156,0.24906727657399838,-0.2946033385365156,-18.54339662997,-27.004335598332265
-29.46033385365156,0.2527775884510092,-0.2946033385365156,-19.099987201137235,-28.086494909251986
-29.46033385365156,0.25648790032802005,-0.2946033385365156,-19.664807903768416,-29.10641465389881
-29.46033385365156,0.2601982122050309,-0.2946033385365156,-20.23785873786357,-29.990715008409303
-29.46033385365156,0.26390852408204174,-0.2946033385365156,-20.819139703422664,-30.704130620230618
-29.46033385365156,0.26761883595905256,-0.2946033385365156,-21.40865080044572,-31.24774749598617
-29.46033385365156,0.27132914783606343,-0.2946033385365156,-22.006392028932748,-31.645041553806216
-29.46033385365156,0.27503945971307425,-0.2946033385365156,-22.612363388883722,-31.927365701765765
-29.46033385365156,0.27874977159008507,-0.2946033385365156,-23.22656488029865,-32.12465738560404
-29.46033385365156,0.28246008346709595,-0.2946033385365156,-23.848996503177553,-32.26146291257925
-29.46033385365156,0.28617039534410676,-0.2946033385365156,-24.479658257520395,-32.35627166427426
-29.46033385365156,0.28988070722111764,-0.2946033385365156,-25.118550143327212,-32.422325042107204
-29.46033385365156,0.29359101909812846,-0.2946033385365156,-25.765672160597973,-32.46882078421136
-29.46033385365156,0.2973013309751393,-0.2946033385365156,-26.421024309332694,-32.50203279056273
-29.46033385365156,0.30101164285215015,-0.2946033385365156,-27.084606589531383,-32.526197315769096
-29.46033385365156,0.30472195472916097,-0.2946033385365156,-27.75641900119402,-32.54416113955338
-28.072457002182524,0.011607316445304631,-0.28072457002182527,-0.03989954357229568,1.2592669329220676
-28.072457002182524,0.015317628322315471,-0.28072457002182527,-0.06948440341129065,1.1859463393611633
-28.072457002182524,0.01902794019932631,-0.28072457002182527,-0.10722297036372283,1.1100635553645881
-28.072457002182524,0.02273825207633715,-0.28072457002182527,-0.1531152444295922,1.0314010625347307
-28.072457002182524,0.02644856395334799,-0.28072457002182527,-0.20716122560889885,0.9497125095638743
-28.072457002182524,0.03015887583035883,-0.28072457002182527,-0.2693609139016427,0.8647181563628077
-28.072457002182524,0.03386918770736967,-0.28072457002182527,-0.33971430930782376,0.7760994989187961
-28.072457002182524,0.03757949958438051,-0.28072457002182527,-0.418221411827442,0.6834929303060926
-28.072457002182524,0.04128981146139135,-0.28072457002182527,-0.5048822214604975,0.5864822758733335
-28.072457002182524,0.04500012333840219,-0.28072457002182527,-0.5996967382069902,0.4845900261422116
-28.072457002182524,0.04871043521541303,-0.28072457002182527,-0.7026649620669201,0.37726708292134425
-28.072457002182524,0.05242074709242387,-0.28072457002182527,-0.8137868930402873,0.26388083792880024
-28.072457002182524,0.05613105896943471,-0.28072457002182527,-0.9330625311270916,0.14370142658941143
-28.072457002182524,0.05984137084644555,-0.28072457002182527,-1.060491876327333,0.015886053404434053
-28.072457002182524,0.06355168272345639,-0.28072457002182527,-1.196074928641012,-0.12053861637428165
-28.072457002182524,0.06726199460046722,-0.28072457002182527,-1.3398116880681274,-0.26669584342636243
-28.072457002182524,0.07097230647747807,-0.28072457002182527,-1.4917021546086808,-0.4238795812512266
-28.072457002182524,0.0746826183544889,-0.28072457002182527,-1.6517463282626712,-0.593575881204925
-28.072457002182524,0.07839293023149975,-0.28072457002182527,-1.8199442090300988,-0.7774837377029671
-28.072457002182524,0.08210324210851058,-0.28072457002182527,-1.9962957969109636,-0.9775336171919811
-28.072457002182524,0.08581355398552143,-0.28072457002182527,-2.180801091905266,-1.195901303387665
-28.072457002182524,0.08952386586253226,-0.28072457002182527,-2.373460094013005,-1.435014145036317
-28.072457002182524,0.09323417773954311,-0.28072457002182527,-2.5742728032341815,-1.6975465274086832
-28.072457002182524,0.09694448961655394,-0.28072457002182527,-2.783239219568795,-1.9864017409027341
-28.072457002182524,0.10065480149356479,-0.28072457002182527,-3.000359343016846,-2.304678826272821
-28.072457002182524,0.10436511337057562,-0.28072457002182527,-3.225633173578334,-2.655625863581993
-28.072457002182524,0.10807542524758647,-0.28072457002182527,-3.45906071125326,-3.042585690488603
-28.072457002182524,0.1117857371245973,-0.28072457002182527,-3.7006419560416215,-3.4689455753854244
-28.072457002182524,0.11549604900160815,-0.28072457002182527,-3.9503769079434217,-3.938106903463307
-28.072457002182524,0.11920636087861898,-0.28072457002182527,-4.208265566958659,-4.45349041104964
-28.072457002182524,0.12291667275562983,-0.28072457002182527,-4.474307933087333,-5.01858088855843
-28.072457002182524,0.12662698463264066,-0.28072457002182527,-4.748504006329444,-5.63698612451796
-28.072457002182524,0.1303372965096515,-0.28072457002182527,-5.030853786684992,-6.3124355283539435
-28.072457002182524,0.13404760838666235,-0.28072457002182527,-5.321357274153979,-7.048582770960571
-28.072457002182524,0.13775792026367317,-0.28072457002182527,-5.620014468736401,-7.848432334836442
-28.072457002182524,0.14146823214068402,-0.28072457002182527,-5.926825370432262,-8.71323497160768
-28.072457002182524,0.14517854401769487,-0.28072457002182527,-6.241789979241559,-9.640855584645845
-28.072457002182524,0.1488888558947057,-0.28072457002182527,-6.564908295164295,-10.623934380944869
-28.072457002182524,0.15259916777171653,-0.28072457002182527,-6.896180318200465,-11.648542468828898
-28.072457002182524,0.15630947964872738,-0.28072457002182527,-7.235606048350075,-12.694213367192829
-28.072457002182524,0.16001979152573823,-0.28072457002182527,-7.583185485613122,-13.73590693083723
-28.072457002182524,0.16373010340274907,-0.28072457002182527,-7.9389186299896055,-14.747608686727256
-28.072457002182524,0.1674404152797599,-0.28072457002182527,-8.302805481479524,-15.706365342996138
-28.072457002182524,0.17115072715677074,-0.28072457002182527,-8.674846040082883,-16.595291207236485
-28.072457002182524,0.17486103903378158,-0.28072457002182527,-9.055040305799679,-17.4046780267812
-28.072457002182524,0.17857135091079243,-0.28072457002182527,-9.44338827862991,-18.131321295814576
-28.072457002182524,0.18228166278780325,-0.28072457002182527,-9.83988995857358,-18.77684748293226
-28.072457002182524,0.1859919746648141,-0.28072457002182527,-10.244545345630687,-19.34590222815915
-28.072457002182524,0.18970228654182494,-0.28072457002182527,-10.657354439801232,-19.844735890272574
-28.072457002182524,0.1934125984188358,-0.28072457002182527,-11.078317241085214,-20.280341104281685
-28.072457002182524,0.1971229102958466,-0.28072457002182527,-11.50743374948263,-20.660060343276132
-28.072457002182524,0.20083322217285746,-0.28072457002182527,-11.944703964993485,-20.991513915305074
-28.072457002182524,0.2045435340498683,-0.28072457002182527,-12.39012788761778,-21.282735197249707
-28.072457002182524,0.20825384592687915,-0.28072457002182527,-12.843705517355511,-21.542469778403305
-28.072457002182524,0.21196415780388997,-0.28072457002182527,-13.305436854206675,-21.780655994195207
-28.072457002182524,0.21567446968090082,-0.28072457002182527,-13.775321898171281,-22.00913743944818
-28.072457002182524,0.21938478155791166,-0.28072457002182527,-14.253360649249325,-22.2426498758693
-28.072457002182524,0.2230950934349225,-0.28072457002182527,-14.739553107440802,-22.5000451283001
-28.072457002182524,0.22680540531193333,-0.28072457002182527,-15.233899272745715,-22.805497369510967
-28.072457002182524,0.23051571718894417,-0.28072457002182527,-15.73639914516407,-23.188985128696036
-28.072457002182524,0.23422602906595502,-0.28072457002182527,-16.247052724695862,-23.684616312082746
-28.072457002182524,0.23793634094296587,-0.28072457002182527,-16.76586001134109,-24.324681896278854
-28.072457002182524,0.2416466528199767,-0.28072457002182527,-17.292821005099754,-25.127860343610262
-28.072457002182524,0.24535696469698753,-0.28072457002182527,-17.827935705971857,-26.0836460022975
-28.072457002182524,0.24906727657399838,-0.28072457002182527,-18.371204113957397,-27.141749621785912
-28.072457002182524,0.2527775884510092,-0.28072457002182527,-18.922626229056377,-28.218408915777744
-28.072457002182524,0.25648790032802005,-0.28072457002182527,-19.482202051268786,-29.222126177122323
-28.072457002182524,0.2601982122050309,-0.28072457002182527,-20.049931580594645,-30.084166259962338
-28.072457002182524,0.26390852408204174,-0.28072457002182527,-20.625814817033927,-30.774476078038848
-28.072457002182524,0.26761883595905256,-0.28072457002182527,-21.20985176058665,-31.2977381598548
-28.072457002182524,0.27132914783606343,-0.28072457002182527,-21.802042411252817,-31.678917452294897
-28.072457002182524,0.27503945971307425,-0.28072457002182527,-22.402386769032415,-31.94935952778595
-28.072457002182524,0.27874977159008507,-0.28072457002182527,-23.01088483392545,-32.13829428714373
-28.072457002182524,0.28246008346709595,-0.28072457002182527,-23.62753660593193,-32.26940204168828
-28.072457002182524,0.28617039534410676,-0.28072457002182527,-24.252342085051836,-32.360403964786755
-28.072457002182524,0.28988070722111764,-0.28072457002182527,-24.88530127128519,-32.4239472793907
-28.072457002182524,0.29359101909812846,-0.28072457002182527,-25.526414164631973,-32.468802567902316
-28.072457002182524,0.2973013309751393,-0.28072457002182527,-26.175680765092192,-32.50094941535191
-28.072457002182524,0.30101164285215015,-0.28072457002182527,-26.833101072665862,-32.524426384542195
-28.072457002182524,0.30472195472916097,-0.28072457002182527,-27.498675087352954,-32.541949473828154
-26.68458015071349,0.011607316445304631,-0.2668458015071349,-0.0395255668447578,1.3273390365608522
-26.68458015071349,0.015317628322315471,-0.2668458015071349,-0.06883312904882603,1.254197398889456
-26.68458015071349,0.01902794019932631,-0.2668458015071349,-0.10621797401581075,1.1784775194669794
-26.68458015071349,0.02273825207633715,-0.2668458015071349,-0.15168010174571198,1.0999628604681975
-26.68458015071349,0.02644856395334799,-0.2668458015071349,-0.20521951223852972,1.0184080623174483
-26.68458015071349,0.03015887583035883,-0.2668458015071349,-0.26683620549426396,0.9335343355323473
-26.68458015071349,0.03386918770736967,-0.2668458015071349,-0.33653018151291475,0.84502401037269
-26.68458015071349,0.03757949958438051,-0.2668458015071349,-0.414301440294482,0.7525140905331547
-26.68458015071349,0.04128981146139135,-0.2668458015071349,-0.5001499818389658,0.6555886362578454
-26.68458015071349,0.04500012333840219,-0.2668458015071349,-0.594075806146366,0.5537697831238206
-26.68458015071349,0.04871043521541303,-0.2668458015071349,-0.6960789132166828,0.44650718855745675
-26.68458015071349,0.05242074709242387,-0.2668458015071349,-0.806159303049916,0.3331656938921743
-26.68458015071349,0.05613105896943471,-0.2668458015071349,-0.9243169756460657,0.2130110028087575
-26.68458015071349,0.05984137084644555,-0.2668458015071349,-1.0505519310051321,0.08519321773039401
-26.68458015071349,0.06355168272345639,-0.2668458015071349,-1.184864169127115,-0.0512718417976501
-26.68458015071349,0.06726199460046722,-0.2668458015071349,-1.3272536900120138,-0.19752347272948545
-26.68458015071349,0.07097230647747807,-0.2668458015071349,-1.4777204936598296,-0.3548787858941085
-26.68458015071349,0.0746826183544889,-0.2668458015071349,-1.6362645800705617,-0.5248566555775218
-26.68458015071349,0.07839293023149975,-0.2668458015071349,-1.8028859492442106,-0.7092018707545564
-26.68458015071349,0.08210324210851058,-0.2668458015071349,-1.9775846011807758,-0.909907885862379
-26.68458015071349,0.08581355398552143,-0.2668458015071349,-2.160360535880258,-1.1292359447714497
-26.68458015071349,0.08952386586253226,-0.2668458015071349,-2.351213753342656,-1.3697277578547868
-26.68458015071349,0.09323417773954311,-0.2668458015071349,-2.5501442535679706,-1.6342085457492015
-26.68458015071349,0.09694448961655394,-0.2668458015071349,-2.757152036556202,-1.925777436197953
-26.68458015071349,0.10065480149356479,-0.2668458015071349,-2.9722371023073495,-2.24778331960582
-26.68458015071349,0.10436511337057562,-0.2668458015071349,-3.195399450821414,-2.6037867256116254
-26.68458015071349,0.10807542524758647,-0.2668458015071349,-3.426639082098395,-2.9975121748418596
-26.68458015071349,0.1117857371245973,-0.2668458015071349,-3.6659559961382917,-3.432800091309522
-26.68458015071349,0.11549604900160815,-0.2668458015071349,-3.913350192941106,-3.9135705552232656
-26.68458015071349,0.11920636087861898,-0.2668458015071349,-4.168821672506836,-4.4438086746422725
-26.68458015071349,0.12291667275562983,-0.2668458015071349,-4.432370434835483,-5.027566971464031
-26.68458015071349,0.12662698463264066,-0.2668458015071349,-4.703996479927047,-5.668947830973912
-26.68458015071349,0.1303372965096515,-0.2668458015071349,-4.983699807781526,-6.371977951433559
-26.68458015071349,0.13404760838666235,-0.2668458015071349,-5.271480418398923,-7.140230021046357
-26.68458015071349,0.13775792026367317,-0.2668458015071349,-5.567338311779235,-7.976021152401114
-26.68458015071349,0.14146823214068402,-0.2668458015071349,-5.871273487922465,-8.879083802189076
-26.68458015071349,0.14517854401769487,-0.2668458015071349,-6.18328594682861,-9.844822484513742
-26.68458015071349,0.1488888558947057,-0.2668458015071349,-6.503375688497673,-10.862628973905483
-26.68458015071349,0.15259916777171653,-0.2668458015071349,-6.83154271292965,-11.915066479697007
-26.68458015071349,0.15630947964872738,-0.2668458015071349,-7.167787020124546,-12.97873760020234
-26.68458015071349,0.16001979152573823,-0.2668458015071349,-7.512108610082358,-14.02708302999754
-26.68458015071349,0.16373010340274907,-0.2668458015071349,-7.864507482803088,-15.034396783650017
-26.68458015071349,0.1674404152797599,-0.2668458015071349,-8.22498363828673,-15.979629538962763
-26.68458015071349,0.17115072715677074,-0.2668458015071349,-8.593537076533291,-16.84866334774891
-26.68458015071349,0.17486103903378158,-0.2668458015071349,-8.970167797542771,-17.634595171770556
-26.68458015071349,0.17857135091079243,-0.2668458015071349,-9.354875801315165,-18.33649854598772
-26.68458015071349,0.18228166278780325,-0.2668458015071349,-9.747661087850474,-18.957560903500685
-26.68458015071349,0.1859919746648141,-0.2668458015071349,-10.148523657148703,-19.503358567396262
-26.68458015071349,0.18970228654182494,-0.2668458015071349,-10.557463509209848,-19.98064065174385
-26.68458015071349,0.1934125984188358,-0.2668458015071349,-10.974480644033909,-20.396654461501626
-26.68458015071349,0.1971229102958466,-0.2668458015071349,-11.399575061620883,-20.758881194810265
-26.68458015071349,0.20083322217285746,-0.2668458015071349,-11.832746761970776,-21.075035160936633
-26.68458015071349,0.2045435340498683,-0.2668458015071349,-12.273995745083587,-21.353236795508717
-26.68458015071349,0.20825384592687915,-0.2668458015071349,-12.723322010959315,-21.60233922139874
-26.68458015071349,0.21196415780388997,-0.2668458015071349,-13.180725559597954,-21.832439996924116
-26.68458015071349,0.21567446968090082,-0.2668458015071349,-13.646206390999515,-22.05563252908574
-26.68458015071349,0.21938478155791166,-0.2668458015071349,-14.119764505163992,-22.287032640787157
-26.68458015071349,0.2230950934349225,-0.2668458015071349,-14.601399902091384,-22.546020764930546
-26.68458015071349,0.22680540531193333,-0.2668458015071349,-15.09111258178169,-22.85739794318685
-26.68458015071349,0.23051571718894417,-0.2668458015071349,-15.588902544234916,-23.251667253025822
-26.68458015071349,0.23422602906595502,-0.2668458015071349,-16.09476978945106,-23.762909338411227
-26.68458015071349,0.23793634094296587,-0.2668458015071349,-16.60871431743012,-24.422125289316174
-26.68458015071349,0.2416466528199767,-0.2668458015071349,-17.130736128172092,-25.244771496760286
-26.68458015071349,0.24535696469698753,-0.2668458015071349,-17.660835221676983,-26.215339290657106
-26.68458015071349,0.24906727657399838,-0.2668458015071349,-18.199011597944793,-27.278488797163195
-26.68458015071349,0.2527775884510092,-0.2668458015071349,-18.745265256975518,-28.348108533751066
-26.68458015071349,0.25648790032802005,-0.2668458015071349,-19.299596198769155,-29.334584496564748
-26.68458015071349,0.2601982122050309,-0.2668458015071349,-19.86200442332572,-30.17405293067042
-26.68458015071349,0.26390852408204174,-0.2668458015071349,-20.43248993064519,-30.841529868341663
-26.68458015071349,0.26761883595905256,-0.2668458015071349,-21.011052720727573,-31.345001309502813
-26.68458015071349,0.27132914783606343,-0.2668458015071349,-21.597692793572886,-31.710678688990523
-26.68458015071349,0.27503945971307425,-0.2668458015071349,-22.19241014918111,-31.969771450408285
-26.68458015071349,0.27874977159008507,-0.2668458015071349,-22.795204787552244,-32.15076226730328
-26.68458015071349,0.28246008346709595,-0.2668458015071349,-23.406076708686307,-32.27647221508744
-26.68458015071349,0.28617039534410676,-0.2668458015071349,-24.025025912583274,-32.36387726019509
-26.68458015071349,0.28988070722111764,-0.2668458015071349,-24.65205239924317,-32.425054637738945
-26.68458015071349,0.29359101909812846,-0.2668458015071349,-25.287156168665973,-32.468367691782845
-26.68458015071349,0.2973013309751393,-0.2668458015071349,-25.930337220851694,-32.49951642330392
-26.68458015071349,0.30101164285215015,-0.2668458015071349,-26.581595555800337,-32.52235200038415
-26.68458015071349,0.30472195472916097,-0.2668458015071349,-27.24093117351189,-32.53946661407104
-25.296703299244456,0.011607316445304631,-0.25296703299244455,-0.03915159011721992,1.3959481667523728
-25.296703299244456,0.015317628322315471,-0.25296703299244455,-0.06818185468636141,1.3230047607834214
-25.296703299244456,0.01902794019932631,-0.25296703299244455,-0.10521297766789868,1.2474648288314405
-25.296703299244456,0.02273825207633715,-0.25296703299244455,-0.15024495906183172,1.1691125283975896
-25.296703299244456,0.02644856395334799,-0.25296703299244455,-0.2032777988681606,1.0877031791191827
-25.296703299244456,0.03015887583035883,-0.25296703299244455,-0.2643114970868852,1.0029585955063787
-25.296703299244456,0.03386918770736967,-0.25296703299244455,-0.33334605371800574,0.9145615528130715
-25.296703299244456,0.03757949958438051,-0.25296703299244455,-0.410381468761522,0.8221492226673985
-25.296703299244456,0.04128981146139135,-0.25296703299244455,-0.495417742217434,0.7253053906272073
-25.296703299244456,0.04500012333840219,-0.25296703299244455,-0.5884548740857418,0.6235512438549231
-25.296703299244456,0.04871043521541303,-0.25296703299244455,-0.6894928643664454,0.5163344964832324
-25.296703299244456,0.05242074709242387,-0.25296703299244455,-0.7985317130595448,0.40301660752572666
-25.296703299244456,0.05613105896943471,-0.25296703299244455,-0.91557142016504,0.2828578482750954
-25.296703299244456,0.05984137084644555,-0.25296703299244455,-1.040611985682931,0.15500000299259709
-25.296703299244456,0.06355168272345639,-0.25296703299244455,-1.1736534096132178,0.01844655203868295
-25.296703299244456,0.06726199460046722,-0.25296703299244455,-1.3146956919559,-0.12795969176241218
-25.296703299244456,0.07097230647747807,-0.25296703299244455,-1.4637388327109784,-0.2855613233984551
-25.296703299244456,0.0746826183544889,-0.25296703299244455,-1.6207828318784525,-0.45591299276476605
-25.296703299244456,0.07839293023149975,-0.25296703299244455,-1.7858276894583225,-0.640809070262992
-25.296703299244456,0.08210324210851058,-0.25296703299244455,-1.958873405450588,-0.8423109016690726
-25.296703299244456,0.08581355398552143,-0.25296703299244455,-2.1399199798552497,-1.062771588462377
-25.296703299244456,0.08952386586253226,-0.25296703299244455,-2.328967412672307,-1.3048555878557688
-25.296703299244456,0.09323417773954311,-0.25296703299244455,-2.52601570390176,-1.5715499502026666
-25.296703299244456,0.09694448961655394,-0.25296703299244455,-2.7310648535436086,-1.8661639789690743
-25.296703299244456,0.10065480149356479,-0.25296703299244455,-2.9441148615978534,-2.1923148738582565
-25.296703299244456,0.10436511337057562,-0.25296703299244455,-3.1651657280644936,-2.5538988342525597
-25.296703299244456,0.10807542524758647,-0.25296703299244455,-3.3942174529435305,-2.9550501756747476
-25.296703299244456,0.1117857371245973,-0.25296703299244455,-3.631270036234962,-3.4000944346921926
-25.296703299244456,0.11549604900160815,-0.25296703299244455,-3.87632347793879,-3.893502870662016
-25.296703299244456,0.11920636087861898,-0.25296703299244455,-4.129377778055013,-4.439850798206924
-25.296703299244456,0.12291667275562983,-0.25296703299244455,-4.390432936583633,-5.043764683282189
-25.296703299244456,0.12662698463264066,-0.25296703299244455,-4.659488953524648,-5.7098077344282885
-25.296703299244456,0.1303372965096515,-0.25296703299244455,-4.936545828878059,-6.442202926499027
-25.296703299244456,0.13404760838666235,-0.25296703299244455,-5.221603562643867,-7.244245373804279
-25.296703299244456,0.13775792026367317,-0.25296703299244455,-5.514662154822068,-8.117258208000608
-25.296703299244456,0.14146823214068402,-0.25296703299244455,-5.815721605412667,-9.05906337259933
-25.296703299244456,0.14517854401769487,-0.25296703299244455,-6.124781914415661,-10.06221549693161
-25.296703299244456,0.1488888558947057,-0.25296703299244455,-6.441843081831051,-11.112622718250833
-25.296703299244456,0.15259916777171653,-0.25296703299244455,-6.766905107658835,-12.18941857200621
-25.296703299244456,0.15630947964872738,-0.25296703299244455,-7.0999679918990175,-13.266729007852236
-25.296703299244456,0.16001979152573823,-0.25296703299244455,-7.441031734551595,-14.31719177860242
-25.296703299244456,0.16373010340274907,-0.25296703299244455,-7.790096335616569,-15.31613110777225
-25.296703299244456,0.1674404152797599,-0.25296703299244455,-8.147161795093936,-16.244878185502692
-25.296703299244456,0.17115072715677074,-0.25296703299244455,-8.512228112983701,-17.09221156955753
-25.296703299244456,0.17486103903378158,-0.25296703299244455,-8.885295289285862,-17.853882628133757
-25.296703299244456,0.17857135091079243,-0.25296703299244455,-9.266363324000418,-18.530964300288726
-25.296703299244456,0.18228166278780325,-0.25296703299244455,-9.65543221712737,-19.127931637018783
-25.296703299244456,0.1859919746648141,-0.25296703299244455,-10.052501968666718,-19.651090226201436
-25.296703299244456,0.18970228654182494,-0.25296703299244455,-10.457572578618462,-20.107566029332396
-25.296703299244456,0.1934125984188358,-0.25296703299244455,-10.870644046982603,-20.504796897619787
-25.296703299244456,0.1971229102958466,-0.25296703299244455,-11.291716373759135,-20.85037067728584
-25.296703299244456,0.20083322217285746,-0.25296703299244455,-11.720789558948066,-21.1520780049634
-25.296703299244456,0.2045435340498683,-0.25296703299244455,-12.157863602549394,-21.418115233930866
-25.296703299244456,0.20825384592687915,-0.25296703299244455,-12.602938504563118,-21.657437204122946
-25.296703299244456,0.21196415780388997,-0.25296703299244455,-13.056014264989233,-21.880301789320647
-25.296703299244456,0.21567446968090082,-0.25296703299244455,-13.517090883827748,-22.099061523051702
-25.296703299244456,0.21938478155791166,-0.25296703299244455,-13.98616836107866,-22.329228395420305
-25.296703299244456,0.2230950934349225,-0.25296703299244455,-14.463246696741965,-22.59072727744844
-25.296703299244456,0.22680540531193333,-0.25296703299244455,-14.948325890817664,-22.908984882939805
-25.296703299244456,0.23051571718894417,-0.25296703299244455,-15.441405943305762,-23.31498061983574
-25.296703299244456,0.23422602906595502,-0.25296703299244455,-15.942486854206257,-23.842634260717002
-25.296703299244456,0.23793634094296587,-0.25296703299244455,-16.451568623519147,-24.521420916221363
-25.296703299244456,0.2416466528199767,-0.25296703299244455,-16.968651251244427,-25.363302712942296
-25.296703299244456,0.24535696469698753,-0.25296703299244455,-17.49373473738211,-26.347650210756697
-25.296703299244456,0.24906727657399838,-0.25296703299244455,-18.026819081932185,-27.414314232673934
-25.296703299244456,0.2527775884510092,-0.25296703299244455,-18.567904284894663,-28.475394181772792
-25.296703299244456,0.25648790032802005,-0.25296703299244455,-19.116990346269525,-29.443686354846168
-25.296703299244456,0.2601982122050309,-0.25296703299244455,-19.674077266056795,-30.260366692457424
-25.296703299244456,0.26390852408204174,-0.25296703299244455,-20.23916504425645,-30.90534153795232
-25.296703299244456,0.26761883595905256,-0.25296703299244455,-20.8122536808685,-31.389605638120216
-25.296703299244456,0.27132914783606343,-0.25296703299244455,-21.39334317589296,-31.74038902230609
-25.296703299244456,0.27503945971307425,-0.25296703299244455,-21.982433529329803,-31.988650617659967
-25.296703299244456,0.27874977159008507,-0.25296703299244455,-22.57952474117904,-32.16209475403667
-25.296703299244456,0.28246008346709595,-0.25296703299244455,-23.184616811440687,-32.28269359998408
-25.296703299244456,0.28617039534410676,-0.25296703299244455,-23.797709740114716,-32.366701709835745
-25.296703299244456,0.28988070722111764,-0.25296703299244455,-24.418803527201153,-32.42565016529577
-25.296703299244456,0.29359101909812846,-0.25296703299244455,-25.047898172699973,-32.46751432543701
-25.296703299244456,0.2973013309751393,-0.25296703299244455,-25.684993676611192,-32.497728708832696
-25.296703299244456,0.30101164285215015,-0.25296703299244455,-26.330090038934816,-32.519966891135056
-25.296703299244456,0.30472195472916097,-0.25296703299244455,-26.983187259670824,-32.53670387240959
-23.90882644777542,0.011607316445304631,-0.23908826447775422,-0.038777613389682046,1.4650628618027512
-23.90882644777542,0.015317628322315471,-0.23908826447775422,-0.06753058032389679,1.3923388512206427
-23.90882644777542,0.01902794019932631,-0.23908826447775422,-0.10420798131998661,1.3169979179275757
-23.90882644777542,0.02273825207633715,-0.23908826447775422,-0.1488098163779515,1.238824607135929
-23.90882644777542,0.02644856395334799,-0.23908826447775422,-0.2013360854977915,1.1575745790158762
-23.90882644777542,0.03015887583035883,-0.23908826447775422,-0.26178678867950655,1.0729698746807343
-23.90882644777542,0.03386918770736967,-0.23908826447775422,-0.33016192592309673,0.9846932885737718
-23.90882644777542,0.03757949958438051,-0.23908826447775422,-0.40646149722856195,0.8923816737368806
-23.90882644777542,0.04128981146139135,-0.23908826447775422,-0.49068550259590227,0.7956179782140322
-23.90882644777542,0.04500012333840219,-0.23908826447775422,-0.5828339420251176,0.6939217817973471
-23.90882644777542,0.04871043521541303,-0.23908826447775422,-0.6829068155162081,0.5867380749286242
-23.90882644777542,0.05242074709242387,-0.23908826447775422,-0.7909041230691737,0.4734239999185892
-23.90882644777542,0.05613105896943471,-0.23908826447775422,-0.9068258646840143,0.35323326512134856
-23.90882644777542,0.05984137084644555,-0.23908826447775422,-1.03067204036073,0.22529795474837244
-23.90882644777542,0.06355168272345639,-0.23908826447775422,-1.1624426500993208,0.08860750392459327
-23.90882644777542,0.06726199460046722,-0.23908826447775422,-1.3021376938997862,-0.05801529190820953
-23.90882644777542,0.07097230647747807,-0.23908826447775422,-1.4497571717621272,-0.21594119008242707
-23.90882644777542,0.0746826183544889,-0.23908826447775422,-1.605301083686343,-0.38676402003480503
-23.90882644777542,0.07839293023149975,-0.23908826447775422,-1.7687694296724343,-0.5723320980824012
-23.90882644777542,0.08210324210851058,-0.23908826447775422,-1.9401622097204003,-0.774780299872508
-23.90882644777542,0.08581355398552143,-0.23908826447775422,-2.1194794238302417,-0.9965609095301795
-23.90882644777542,0.08952386586253226,-0.23908826447775422,-2.3067210720019578,-1.2404706714139369
-23.90882644777542,0.09323417773954311,-0.23908826447775422,-2.501887154235549,-1.5096708700713588
-23.90882644777542,0.09694448961655394,-0.23908826447775422,-2.7049776705310156,-1.807696991835507
-23.90882644777542,0.10065480149356479,-0.23908826447775422,-2.9159926208883573,-2.1384548809304262
-23.90882644777542,0.10436511337057562,-0.23908826447775422,-3.1349320053075735,-2.50620154453601
-23.90882644777542,0.10807542524758647,-0.23908826447775422,-3.361795823788666,-2.915510790744892
-23.90882644777542,0.1117857371245973,-0.23908826447775422,-3.596584076331632,-3.371225743044521
-23.90882644777542,0.11549604900160815,-0.23908826447775422,-3.839296762936474,-3.878399468612514
-23.90882644777542,0.11920636087861898,-0.23908826447775422,-4.089933883603191,-4.442217009238784
-23.90882644777542,0.12291667275562983,-0.23908826447775422,-4.348495438331783,-5.067871294771811
-23.90882644777542,0.12662698463264066,-0.23908826447775422,-4.61498142712225,-5.7603282457191085
-23.90882644777542,0.1303372965096515,-0.23908826447775422,-4.889391849974592,-6.523869159086666
-23.90882644777542,0.13404760838666235,-0.23908826447775422,-5.17172670688881,-7.361268197041362
-23.90882644777542,0.13775792026367317,-0.23908826447775422,-5.461985997864901,-8.272503442551127
-23.90882644777542,0.14146823214068402,-0.23908826447775422,-5.760169722902869,-9.253076232810404
-23.90882644777542,0.14517854401769487,-0.23908826447775422,-6.066277882002711,-10.292340684845719
-23.90882644777542,0.1488888558947057,-0.23908826447775422,-6.380310475164429,-11.372597596569344
-23.90882644777542,0.15259916777171653,-0.23908826447775422,-6.702267502388021,-12.469789128280233
-23.90882644777542,0.15630947964872738,-0.23908826447775422,-7.032148963673489,-13.556159353649173
-23.90882644777542,0.16001979152573823,-0.23908826447775422,-7.369954859020832,-14.604306281597623
-23.90882644777542,0.16373010340274907,-0.23908826447775422,-7.715685188430051,-15.591236561593464
-23.90882644777542,0.1674404152797599,-0.23908826447775422,-8.069339951901142,-16.500999068318926
-23.90882644777542,0.17115072715677074,-0.23908826447775422,-8.43091914943411,-17.325264528643046
-23.90882644777542,0.17486103903378158,-0.23908826447775422,-8.800422781028955,-18.062211650169438
-23.90882644777542,0.17857135091079243,-0.23908826447775422,-9.177850846685672,-18.714619341886742
-23.90882644777542,0.18228166278780325,-0.23908826447775422,-9.563203346404265,-19.28799930079666
-23.90882644777542,0.1859919746648141,-0.23908826447775422,-9.956480280184733,-19.78921721236152
-23.90882644777542,0.18970228654182494,-0.23908826447775422,-10.357681648027077,-20.225679859995946
-23.90882644777542,0.1934125984188358,-0.23908826447775422,-10.766807449931298,-20.604966631369138
-23.90882644777542,0.1971229102958466,-0.23908826447775422,-11.183857685897388,-20.93474662151132
-23.90882644777542,0.20083322217285746,-0.23908826447775422,-11.608832355925356,-21.22287144689366
-23.90882644777542,0.2045435340498683,-0.23908826447775422,-12.041731460015201,-21.47760337081901
-23.90882644777542,0.20825384592687915,-0.23908826447775422,-12.482554998166922,-21.70799463500893
-23.90882644777542,0.21196415780388997,-0.23908826447775422,-12.931302970380512,-21.92446668159985
-23.90882644777542,0.21567446968090082,-0.23908826447775422,-13.387975376655982,-22.139642842304156
-23.90882644777542,0.21938478155791166,-0.23908826447775422,-13.852572216993329,-22.369449019190068
-23.90882644777542,0.2230950934349225,-0.23908826447775422,-14.325093491392547,-22.63436992222341
-23.90882644777542,0.22680540531193333,-0.23908826447775422,-14.805539199853637,-22.960452437604005
-23.90882644777542,0.23051571718894417,-0.23908826447775422,-15.293909342376608,-23.379094274041247
-23.90882644777542,0.23422602906595502,-0.23908826447775422,-15.790203918961453,-23.923906420179343
-23.90882644777542,0.23793634094296587,-0.23908826447775422,-16.294422929608174,-24.622591426439318
-23.90882644777542,0.2416466528199767,-0.23908826447775422,-16.806566374316766,-25.48335540811372
-23.90882644777542,0.24535696469698753,-0.23908826447775422,-17.326634253087235,-26.48037365554991
-23.90882644777542,0.24906727657399838,-0.23908826447775422,-17.85462656591958,-27.548984318595267
-23.90882644777542,0.2527775884510092,-0.23908826447775422,-18.390543312813804,-28.600075707392893
-23.90882644777542,0.25648790032802005,-0.23908826447775422,-18.934384493769894,-29.54934174178849
-23.90882644777542,0.2601982122050309,-0.23908826447775422,-19.48615010878787,-30.343108889200195
-23.90882644777542,0.26390852408204174,-0.23908826447775422,-20.045840157867712,-30.96596452402721
-23.90882644777542,0.26761883595905256,-0.23908826447775422,-20.613454641009426,-31.4316193755979
-23.90882644777542,0.27132914783606343,-0.23908826447775422,-21.188993558213028,-31.76810958915087
-23.90882644777542,0.27503945971307425,-0.23908826447775422,-21.772456909478496,-32.00604294916607
-23.90882644777542,0.27874977159008507,-0.23908826447775422,-22.363844694805838,-32.17232210381009
-23.90882644777542,0.28246008346709595,-0.23908826447775422,-22.963156914195064,-32.28808370638687
-23.90882644777542,0.28617039534410676,-0.23908826447775422,-23.570393567646153,-32.368885246599
-23.90882644777542,0.28988070722111764,-0.23908826447775422,-24.18555465515913,-32.42573504520443
-23.90882644777542,0.29359101909812846,-0.23908826447775422,-24.808640176733974,-32.466239050820434
-23.90882644777542,0.2973013309751393,-0.23908826447775422,-25.43965013237069,-32.49557978305511
-23.90882644777542,0.30101164285215015,-0.23908826447775422,-26.078584522069296,-32.51726254948231
-23.90882644777542,0.30472195472916097,-0.23908826447775422,-26.72544334582976,-32.533651433131176
-22.520949596306387,0.011607316445304631,-0.22520949596306386,-0.03840363666214417,1.534648395980614
-22.520949596306387,0.015317628322315471,-0.22520949596306386,-0.06687930596143218,1.4621666109692428
-22.520949596306387,0.01902794019932631,-0.22520949596306386,-0.10320298497207453,1.387045530828211
-22.520949596306387,0.02273825207633715,-0.22520949596306386,-0.14737467369407126,1.3090697583090642
-22.520949596306387,0.02644856395334799,-0.22520949596306386,-0.19939437212742236,1.227994928524448
-22.520949596306387,0.03015887583035883,-0.22520949596306386,-0.2592620802721278,1.1435428996224652
-22.520949596306387,0.03386918770736967,-0.22520949596306386,-0.3269777981281877,1.0553960207309558
-22.520949596306387,0.03757949958438051,-0.22520949596306386,-0.4025415256956019,0.9631902928613678
-22.520949596306387,0.04128981146139135,-0.22520949596306386,-0.48595326297437047,0.866507206266484
-22.520949596306387,0.04500012333840219,-0.22520949596306386,-0.5772130099644934,0.7648640033507508
-22.520949596306387,0.04871043521541303,-0.22520949596306386,-0.6763207666659707,0.6577020816816272
-22.520949596306387,0.05242074709242387,-0.22520949596306386,-0.7832765330788024,0.5443732205323002
-22.520949596306387,0.05613105896943471,-0.22520949596306386,-0.8980803092029884,0.42412329250381475
-22.520949596306387,0.05984137084644555,-0.22520949596306386,-1.0207320950385288,0.2960731179771765
-22.520949596306387,0.06355168272345639,-0.22520949596306386,-1.1512318905854235,0.15919614722780073
-22.520949596306387,0.06726199460046722,-0.22520949596306386,-1.2895796958436725,0.012292730513884464
-22.520949596306387,0.07097230647747807,-0.22520949596306386,-1.4357755108132761,-0.14603911720462714
-22.520949596306387,0.0746826183544889,-0.22520949596306386,-1.5898193354942338,-0.31743630670546774
-22.520949596306387,0.07839293023149975,-0.22520949596306386,-1.7517111698865462,-0.5038061024947076
-22.520949596306387,0.08210324210851058,-0.22520949596306386,-1.9214510139902126,-0.7073633603121907
-22.520949596306387,0.08581355398552143,-0.22520949596306386,-2.0990388678052336,-0.9306678944439448
-22.520949596306387,0.08952386586253226,-0.22520949596306386,-2.284474731331609,-1.1766595447597965
-22.520949596306387,0.09323417773954311,-0.22520949596306386,-2.4777586045693387,-1.448687769797332
-22.520949596306387,0.09694448961655394,-0.22520949596306386,-2.6788904875184225,-1.750532034979513
-22.520949596306387,0.10065480149356479,-0.22520949596306386,-2.8878703801788608,-2.0864091171244903
-22.520949596306387,0.10436511337057562,-0.22520949596306386,-3.1046982825506535,-2.4609638466096473
-22.520949596306387,0.10807542524758647,-0.22520949596306386,-3.329374194633801,-2.8792405155162726
-22.520949596306387,0.1117857371245973,-0.22520949596306386,-3.561898116428302,-3.3466320642402536
-22.520949596306387,0.11549604900160815,-0.22520949596306386,-3.8022700479341585,-3.8688005909522722
-22.520949596306387,0.11920636087861898,-0.22520949596306386,-4.050489989151369,-4.4515513474726385
-22.520949596306387,0.12291667275562983,-0.22520949596306386,-4.306557940079934,-5.100618365399484
-22.520949596306387,0.12662698463264066,-0.22520949596306386,-4.570473900719852,-5.821282374443145
-22.520949596306387,0.1303372965096515,-0.22520949596306386,-4.842237871071125,-6.617702780836149
-22.520949596306387,0.13404760838666235,-0.22520949596306386,-5.121849851133754,-7.491840823096594
-22.520949596306387,0.13775792026367317,-0.22520949596306386,-5.409309840907735,-8.441940934327398
-22.520949596306387,0.14146823214068402,-0.22520949596306386,-5.704617840393071,-9.46077593101466
-22.520949596306387,0.14517854401769487,-0.22520949596306386,-6.007773849589762,-10.534218616422919
-22.520949596306387,0.1488888558947057,-0.22520949596306386,-6.318777868497808,-11.640978285682506
-22.520949596306387,0.15259916777171653,-0.22520949596306386,-6.637629897117206,-12.754208376764495
-22.520949596306387,0.15630947964872738,-0.22520949596306386,-6.96432993544796,-13.844976212553071
-22.520949596306387,0.16001979152573823,-0.22520949596306386,-7.298877983490069,-14.886599848648569
-22.520949596306387,0.16373010340274907,-0.22520949596306386,-7.641274041243532,-15.8583111100479
-22.520949596306387,0.1674404152797599,-0.22520949596306386,-7.991518108708347,-16.747065641710527
-22.520949596306387,0.17115072715677074,-0.22520949596306386,-8.349610185884519,-17.547307461498495
-22.520949596306387,0.17486103903378158,-0.22520949596306386,-8.715550272772047,-18.259366178701285
-22.520949596306387,0.17857135091079243,-0.22520949596306386,-9.089338369370926,-18.887437923918032
-22.520949596306387,0.18228166278780325,-0.22520949596306386,-9.47097447568116,-19.437849988460446
-22.520949596306387,0.1859919746648141,-0.22520949596306386,-9.860458591702749,-19.91789028007517
-22.520949596306387,0.18970228654182494,-0.22520949596306386,-10.257790717435693,-20.335172068521214
-22.520949596306387,0.1934125984188358,-0.22520949596306386,-10.662970852879992,-20.697378520442847
-22.520949596306387,0.1971229102958466,-0.22520949596306386,-11.07599899803564,-21.01223902057006
-22.520949596306387,0.20083322217285746,-0.22520949596306386,-11.496875152902646,-21.28765238445726
-22.520949596306387,0.2045435340498683,-0.22520949596306386,-11.925599317481009,-21.53193798664282
-22.520949596306387,0.20825384592687915,-0.22520949596306386,-12.362171491770725,-21.754242984855008
-22.520949596306387,0.21196415780388997,-0.22520949596306386,-12.806591675771791,-21.965158040037245
-22.520949596306387,0.21567446968090082,-0.22520949596306386,-13.258859869484215,-22.177591313889234
-22.520949596306387,0.21938478155791166,-0.22520949596306386,-13.718976072907996,-22.407901727202056
-22.520949596306387,0.2230950934349225,-0.22520949596306386,-14.186940286043127,-22.677148222705036
-22.520949596306387,0.22680540531193333,-0.22520949596306386,-14.66275250888961,-23.01198719935466
-22.520949596306387,0.23051571718894417,-0.22520949596306386,-15.146412741447454,-23.4441659392029
-22.520949596306387,0.23422602906595502,-0.22520949596306386,-15.63792098371665,-24.006824329912572
-22.520949596306387,0.23793634094296587,-0.22520949596306386,-16.1372772356972,-24.725637345954468
-22.520949596306387,0.2416466528199767,-0.22520949596306386,-16.6444814973891,-25.604808393888998
-22.520949596306387,0.24535696469698753,-0.22520949596306386,-17.15953376879236,-26.61329004289334
-22.520949596306387,0.24906727657399838,-0.22520949596306386,-17.682434049906977,-27.682256980231063
-22.520949596306387,0.2527775884510092,-0.22520949596306386,-18.213182340732946,-28.721973654313917
-22.520949596306387,0.25648790032802005,-0.22520949596306386,-18.751778641270263,-29.651473796541442
-22.520949596306387,0.2601982122050309,-0.22520949596306386,-19.298222951518948,-30.42228972674836
-22.520949596306387,0.26390852408204174,-0.22520949596306386,-19.85251527147897,-31.02345534974846
-22.520949596306387,0.26761883595905256,-0.22520949596306386,-20.41465560115035,-31.471109775764557
-22.520949596306387,0.27132914783606343,-0.22520949596306386,-20.984643940533097,-31.793898658006935
-22.520949596306387,0.27503945971307425,-0.22520949596306386,-21.562480289627192,-32.02199104425405
-22.520949596306387,0.27874977159008507,-0.22520949596306386,-22.148164648432633,-32.18147157644694
-22.520949596306387,0.28246008346709595,-0.22520949596306386,-22.74169701694944,-32.292657380143574
-22.520949596306387,0.28617039534410676,-0.22520949596306386,-23.343077395177595,-32.37043356719061
-22.520949596306387,0.28988070722111764,-0.22520949596306386,-23.95230578311711,-32.42530857643572
-22.520949596306387,0.29359101909812846,-0.22520949596306386,-24.56938218076797,-32.46453683313038
-22.520949596306387,0.2973013309751393,-0.22520949596306386,-25.19430658813019,-32.49306173627905
-22.520949596306387,0.30101164285215015,-0.22520949596306386,-25.82707900520377,-32.5142291890332
-22.520949596306387,0.30472195472916097,-0.22520949596306386,-26.467699431988695,-32.53029830408753
-21.133072744837353,0.011607316445304631,-0.21133072744837353,-0.038029659934606296,1.6046671995568242
-21.133072744837353,0.015317628322315471,-0.21133072744837353,-0.06622803159896756,1.532451878022356
-21.133072744837353,0.01902794019932631,-0.21133072744837353,-0.10219798862416246,1.4575730646856158
-21.133072744837353,0.02273825207633715,-0.21133072744837353,-0.14593953101019103,1.3798150671938625
-21.133072744837353,0.02644856395334799,-0.21133072744837353,-0.19745265875705326,1.2989331025985116
-21.133072744837353,0.03015887583035883,-0.21133072744837353,-0.2567373718647491,1.214648403129918
-21.133072744837353,0.03386918770736967,-0.21133072744837353,-0.3237936703332787,1.1266423673485704
-21.133072744837353,0.03757949958438051,-0.21133072744837353,-0.3986215541626419,1.0345495608008888
-21.133072744837353,0.04128981146139135,-0.21133072744837353,-0.48122102335283873,0.9379493339069478
-21.133072744837353,0.04500012333840219,-0.21133072744837353,-0.5715920779038692,0.8363557847380549
-21.133072744837353,0.04871043521541303,-0.21133072744837353,-0.6697347178157333,0.7292057521943016
-21.133072744837353,0.05242074709242387,-0.21133072744837353,-0.7756489430884312,0.6158444839004398
-21.133072744837353,0.05613105896943471,-0.21133072744837353,-0.8893347537219627,0.4955085880692087
-21.133072744837353,0.05984137084644555,-0.21133072744837353,-1.0107921497163277,0.3673058578121686
-21.133072744837353,0.06355168272345639,-0.21133072744837353,-1.1400211310715265,0.23019156211473923
-21.133072744837353,0.06726199460046722,-0.21133072744837353,-1.2770216977875586,0.08294084717939287
-21.133072744837353,0.07097230647747807,-0.21133072744837353,-1.421793849864425,-0.0758829919794437
-21.133072744837353,0.0746826183544889,-0.21133072744837353,-1.5743375873021244,-0.24796439862925257
-21.133072744837353,0.07839293023149975,-0.21133072744837353,-1.7346529101006578,-0.43527529156720046
-21.133072744837353,0.08210324210851058,-0.21133072744837353,-1.9027398182600248,-0.6401178517174237
-21.133072744837353,0.08581355398552143,-0.21133072744837353,-2.0785983117802256,-0.8651688951640042
-21.133072744837353,0.08952386586253226,-0.21133072744837353,-2.2622283906612597,-1.1135235517437847
-21.133072744837353,0.09323417773954311,-0.21133072744837353,-2.453630054903128,-1.3887350539873264
-21.133072744837353,0.09694448961655394,-0.21133072744837353,-2.6528033045058295,-1.6948465392509593
-21.133072744837353,0.10065480149356479,-0.21133072744837353,-2.8597481394693647,-2.0364099971168645
-21.133072744837353,0.10436511337057562,-0.21133072744837353,-3.0744645597937335,-2.4184868486177358
-21.133072744837353,0.10807542524758647,-0.21133072744837353,-3.2969525654789367,-2.8466236987546942
-21.133072744837353,0.1117857371245973,-0.21133072744837353,-3.527212156524972,-3.326794241870907
-21.133072744837353,0.11549604900160815,-0.21133072744837353,-3.7652433329318424,-3.8652914250776638
-21.133072744837353,0.11920636087861898,-0.21133072744837353,-4.011046094699546,-4.468538821791052
-21.133072744837353,0.12291667275562983,-0.21133072744837353,-4.264620441828083,-5.142763494502515
-21.133072744837353,0.12662698463264066,-0.21133072744837353,-4.525966374317454,-5.8934375679497295
-21.133072744837353,0.1303372965096515,-0.21133072744837353,-4.795083892167658,-6.7243716410069325
-21.133072744837353,0.13404760838666235,-0.21133072744837353,-5.071972995378697,-7.63637461289435
-21.133072744837353,0.13775792026367317,-0.21133072744837353,-5.356633683950568,-8.625543369265587
-21.133072744837353,0.14146823214068402,-0.21133072744837353,-5.649065957883274,-9.681542319961608
-21.133072744837353,0.14517854401769487,-0.21133072744837353,-5.949269817176813,-10.786584556714072
-21.133072744837353,0.1488888558947057,-0.21133072744837353,-6.257245261831186,-11.915964093826803
-21.133072744837353,0.15259916777171653,-0.21133072744837353,-6.572992291846392,-13.040602303983631
-21.133072744837353,0.15630947964872738,-0.21133072744837353,-6.896510907222432,-14.131162609376279
-21.133072744837353,0.16001979152573823,-0.21133072744837353,-7.227801107959307,-15.162388764590956
-21.133072744837353,0.16373010340274907,-0.21133072744837353,-7.566862894057015,-16.11614262918707
-21.133072744837353,0.1674404152797599,-0.21133072744837353,-7.913696265515553,-16.9823323956526
-21.133072744837353,0.17115072715677074,-0.21133072744837353,-8.268301222334928,-17.757967080874238
-21.133072744837353,0.17486103903378158,-0.21133072744837353,-8.630677764515138,-18.445226956619212
-21.133072744837353,0.17857135091079243,-0.21133072744837353,-9.000825892056179,-19.049455936301896
-21.133072744837353,0.18228166278780325,-0.21133072744837353,-9.378745604958054,-19.577609083207307
-21.133072744837353,0.1859919746648141,-0.21133072744837353,-9.764436903220764,-20.037286939473177
-21.133072744837353,0.18970228654182494,-0.21133072744837353,-10.157899786844307,-20.43625217937393
-21.133072744837353,0.1934125984188358,-0.21133072744837353,-10.559134255828686,-20.782261966010164
-21.133072744837353,0.1971229102958466,-0.21133072744837353,-10.968140310173894,-21.083087888941446
-21.133072744837353,0.20083322217285746,-0.21133072744837353,-11.384917949879936,-21.34666342465357
-21.133072744837353,0.2045435340498683,-0.21133072744837353,-11.809467174946816,-21.581357713529147
-21.133072744837353,0.20825384592687915,-0.21133072744837353,-12.241787985374527,-21.79641249558692
-21.133072744837353,0.21196415780388997,-0.21133072744837353,-12.68188038116307,-22.002595854548858
-21.133072744837353,0.21567446968090082,-0.21133072744837353,-13.12974436231245,-22.213117082813405
-21.133072744837353,0.21938478155791166,-0.21133072744837353,-13.585379928822663,-22.44478823044177
-21.133072744837353,0.2230950934349225,-0.21133072744837353,-14.048787080693709,-22.71925522025369
-21.133072744837353,0.22680540531193333,-0.21133072744837353,-14.519965817925586,-23.063767263090515
-21.133072744837353,0.23051571718894417,-0.21133072744837353,-14.998916140518299,-23.510340975668864
-21.133072744837353,0.23422602906595502,-0.21133072744837353,-15.485638048471847,-24.09146858394288
-21.133072744837353,0.23793634094296587,-0.21133072744837353,-15.980131541786228,-24.83053651390384
-21.133072744837353,0.2416466528199767,-0.21133072744837353,-16.48239662046144,-25.72751858338126
-21.133072744837353,0.24535696469698753,-0.21133072744837353,-16.99243328449749,-26.74616733064542
-21.133072744837353,0.24906727657399838,-0.21133072744837353,-17.510241533894373,-27.813891858416635
-21.133072744837353,0.2527775884510092,-0.21133072744837353,-18.03582136865209,-28.840920303145293
-21.133072744837353,0.25648790032802005,-0.21133072744837353,-18.569172788770633,-29.750018530021894
-21.133072744837353,0.2601982122050309,-0.21133072744837353,-19.11029579425002,-30.497927407217706
-21.133072744837353,0.26390852408204174,-0.21133072744837353,-19.659190385090234,-31.077872839979644
-21.133072744837353,0.26761883595905256,-0.21133072744837353,-20.21585656129128,-31.50814263860374
-21.133072744837353,0.27132914783606343,-0.21133072744837353,-20.78029432285317,-31.817811405673577
-21.133072744837353,0.27503945971307425,-0.21133072744837353,-21.352503669775885,-32.03653409997893
-21.133072744837353,0.27874977159008507,-0.21133072744837353,-21.93248460205943,-32.18956731091763
-21.133072744837353,0.28246008346709595,-0.21133072744837353,-22.520237119703822,-32.29642679242312
-21.133072744837353,0.28617039534410676,-0.21133072744837353,-23.115761222709033,-32.37135011702407
-21.133072744837353,0.28988070722111764,-0.21133072744837353,-23.719056911075093,-32.424368148746375
-21.133072744837353,0.29359101909812846,-0.21133072744837353,-24.33012418480197,-32.46240098585497
-21.133072744837353,0.2973013309751393,-0.21133072744837353,-24.94896304388969,-32.49016519490326
-21.133072744837353,0.30101164285215015,-0.21133072744837353,-25.57557348833825,-32.51085569506212
-21.133072744837353,0.30472195472916097,-0.21133072744837353,-26.20995551814763,-32.526632263011
-19.74519589336832,0.011607316445304631,-0.1974519589336832,-0.03765568320706841,1.6750793565017845
-19.74519589336832,0.015317628322315471,-0.1974519589336832,-0.06557675723650293,1.603155849700072
-19.74519589336832,0.01902794019932631,-0.1974519589336832,-0.10119299227625037,1.528542993850199
-19.74519589336832,0.02273825207633715,-0.1974519589336832,-0.14450438832631074,1.451024426713895
-19.74519589336832,0.02644856395334799,-0.1974519589336832,-0.1955109453866841,1.370354526590799
-19.74519589336832,0.03015887583035883,-0.1974519589336832,-0.25421266345737037,1.286253422441655
-19.74519589336832,0.03386918770736967,-0.1974519589336832,-0.32060954253836965,1.1984010143378645
-19.74519589336832,0.03757949958438051,-0.1974519589336832,-0.3947015826296818,1.1064297958968445
-19.74519589336832,0.04128981146139135,-0.1974519589336832,-0.4764887837313069,1.0099162294763617
-19.74519589336832,0.04500012333840219,-0.1974519589336832,-0.5659711458432449,0.9083703787811193
-19.74519589336832,0.04871043521541303,-0.1974519589336832,-0.663148668965496,0.8012234532809799
-19.74519589336832,0.05242074709242387,-0.1974519589336832,-0.7680213530980599,0.6878128668872756
-19.74519589336832,0.05613105896943471,-0.1974519589336832,-0.8805891982409367,0.5673643641519661
-19.74519589336832,0.05984137084644555,-0.1974519589336832,-1.0008522043941264,0.43897072827942796
-19.74519589336832,0.06355168272345639,-0.1974519589336832,-1.1288103715576292,0.30156656801618187
-19.74519589336832,0.06726199460046722,-0.1974519589336832,-1.2644636997314447,0.1538987019303404
-19.74519589336832,0.07097230647747807,-0.1974519589336832,-1.4078121889155732,-0.0055082578484859646
-19.74519589336832,0.0746826183544889,-0.1974519589336832,-1.5588558391100147,-0.17839134420065816
-19.74519589336832,0.07839293023149975,-0.1974519589336832,-1.7175946503147694,-0.3667936122940041
-19.74519589336832,0.08210324210851058,-0.1974519589336832,-1.8840286225298366,-0.5731128980650662
-19.74519589336832,0.08581355398552143,-0.1974519589336832,-2.058157755755217,-0.8001537229864057
-19.74519589336832,0.08952386586253226,-0.1974519589336832,-2.2399820499909104,-1.0511802087146564
-19.74519589336832,0.09323417773954311,-0.1974519589336832,-2.4295015052369164,-1.3299667423594008
-19.74519589336832,0.09694448961655394,-0.1974519589336832,-2.626716121493236,-1.6408418087682084
-19.74519589336832,0.10065480149356479,-0.1974519589336832,-2.8316258987598677,-1.9887188673884517
-19.74519589336832,0.10436511337057562,-0.1974519589336832,-3.044230837036813,-2.379106210772934
-19.74519589336832,0.10807542524758647,-0.1974519589336832,-3.2645309363240713,-2.818084756995294
-19.74519589336832,0.1117857371245973,-0.1974519589336832,-3.4925261966216414,-3.312237198166534
-19.74519589336832,0.11549604900160815,-0.1974519589336832,-3.728216617929526,-3.8685012198993967
-19.74519589336832,0.11920636087861898,-0.1974519589336832,-3.9716022002477227,-4.493900471602539
-19.74519589336832,0.12291667275562983,-0.1974519589336832,-4.222682943576233,-5.195078886324909
-19.74519589336832,0.12662698463264066,-0.1974519589336832,-4.481458847915055,-5.977535435880409
-19.74519589336832,0.1303372965096515,-0.1974519589336832,-4.747929913264191,-6.844455501434604
-19.74519589336832,0.13404760838666235,-0.1974519589336832,-5.02209613962364,-7.795113976627608
-19.74519589336832,0.13775792026367317,-0.1974519589336832,-5.3039575269934005,-8.823039236238293
-19.74519589336832,0.14146823214068402,-0.1974519589336832,-5.593514075373475,-9.914466065093304
-19.74519589336832,0.14517854401769487,-0.1974519589336832,-5.890765784763863,-11.047902666425577
-19.74519589336832,0.1488888558947057,-0.1974519589336832,-6.195712655164563,-12.195574006077699
-19.74519589336832,0.15259916777171653,-0.1974519589336832,-6.508354686575576,-13.32685421620822
-19.74519589336832,0.15630947964872738,-0.1974519589336832,-6.828691878996902,-14.412792479122759
-19.74519589336832,0.16001979152573823,-0.1974519589336832,-7.156724232428542,-15.430164648382547
-19.74519589336832,0.16373010340274907,-0.1974519589336832,-7.492451746870494,-16.363715284186465
-19.74519589336832,0.1674404152797599,-0.1974519589336832,-7.835874422322757,-17.206223833778417
-19.74519589336832,0.17115072715677074,-0.1974519589336832,-8.186992258785336,-17.95699464897165
-19.74519589336832,0.17486103903378158,-0.1974519589336832,-8.545805256258229,-18.619756620135828
-19.74519589336832,0.17857135091079243,-0.1974519589336832,-8.912313414741432,-19.200760843541808
-19.74519589336832,0.18228166278780325,-0.1974519589336832,-9.286516734234947,-19.70743545286302
-19.74519589336832,0.1859919746648141,-0.1974519589336832,-9.668415214738777,-20.1476081411865
-19.74519589336832,0.18970228654182494,-0.1974519589336832,-10.05800885625292,-20.529146966121505
-19.74519589336832,0.1934125984188358,-0.1974519589336832,-10.455297658777377,-20.859858709694905
-19.74519589336832,0.1971229102958466,-0.1974519589336832,-10.860281622312144,-21.147540990775447
-19.74519589336832,0.20083322217285746,-0.1974519589336832,-11.272960746857224,-21.400150645393317
-19.74519589336832,0.2045435340498683,-0.1974519589336832,-11.69333503241262,-21.626101012318234
-19.74519589336832,0.20825384592687915,-0.1974519589336832,-12.121404478978329,-21.834730504366373
-19.74519589336832,0.21196415780388997,-0.1974519589336832,-12.557169086554346,-22.036995449007026
-19.74519589336832,0.21567446968090082,-0.1974519589336832,-13.00062885514068,-22.24642465941323
-19.74519589336832,0.21938478155791166,-0.1974519589336832,-13.451783784737328,-22.48030400052947
-19.74519589336832,0.2230950934349225,-0.1974519589336832,-13.910633875344287,-22.7608767868343
-19.74519589336832,0.22680540531193333,-0.1974519589336832,-14.377179126961556,-23.11596140948038
-19.74519589336832,0.23051571718894417,-0.1974519589336832,-14.851419539589143,-23.57775135602396
-19.74519589336832,0.23422602906595502,-0.1974519589336832,-15.333355113227041,-24.177900841639598
-19.74519589336832,0.23793634094296587,-0.1974519589336832,-15.822985847875254,-24.937243709656123
-19.74519589336832,0.2416466528199767,-0.1974519589336832,-16.320311743533775,-25.85132195080665
-19.74519589336832,0.24535696469698753,-0.1974519589336832,-16.825332800202613,-26.878763162249943
-19.74519589336832,0.24906727657399838,-0.1974519589336832,-17.33804901788176,-27.943652377572864
-19.74519589336832,0.2527775884510092,-0.1974519589336832,-17.85846039657123,-28.956760477821486
-19.74519589336832,0.25648790032802005,-0.1974519589336832,-18.386566936271,-29.844924384534156
-19.74519589336832,0.2601982122050309,-0.1974519589336832,-18.922368636981094,-30.570047223930445
-19.74519589336832,0.26390852408204174,-0.1974519589336832,-19.46586549870149,-31.129277363306713
-19.74519589336832,0.26761883595905256,-0.1974519589336832,-20.0170575214322,-31.54278186741691
-19.74519589336832,0.27132914783606343,-0.1974519589336832,-20.575944705173235,-31.83989971581328
-19.74519589336832,0.27503945971307425,-0.1974519589336832,-21.142527049924574,-32.049707837416975
-19.74519589336832,0.27874977159008507,-0.1974519589336832,-21.71680455568622,-32.19663030101851
-19.74519589336832,0.28246008346709595,-0.1974519589336832,-22.298777222458195,-32.299401425033246
-19.74519589336832,0.28617039534410676,-0.1974519589336832,-22.88844505024047,-32.371636069383534
-19.74519589336832,0.28988070722111764,-0.1974519589336832,-23.485808039033067,-32.422909211527795
-19.74519589336832,0.29359101909812846,-0.1974519589336832,-24.090866188835967,-32.45982312981135
-19.74519589336832,0.2973013309751393,-0.1974519589336832,-24.703619499649182,-32.486879272556116
-19.74519589336832,0.30101164285215015,-0.1974519589336832,-25.324067971472722,-32.50712956976212
-19.74519589336832,0.30472195472916097,-0.1974519589336832,-25.95221160430656,-32.52263979856947
-18.357319041899284,0.011607316445304631,-0.18357319041899284,-0.03728170647953054,1.745843175361771
-18.357319041899284,0.015317628322315471,-0.18357319041899284,-0.0649254828740383,1.674237620734148
-18.357319041899284,0.01902794019932631,-0.18357319041899284,-0.1001879959283383,1.5999153721669106
-18.357319041899284,0.02273825207633715,-0.18357319041899284,-0.1430692456424305,1.5226590011560235
-18.357319041899284,0.02644856395334799,-0.18357319041899284,-0.19356923201631498,1.4422215987934794
-18.357319041899284,0.03015887583035883,-0.18357319041899284,-0.25168795504999164,1.3583216781669158
-18.357319041899284,0.03386918770736967,-0.18357319041899284,-0.31742541474346064,1.2706370484481855
-18.357319041899284,0.03757949958438051,-0.18357319041899284,-0.39078161109672177,1.1787974388040616
-18.357319041899284,0.04128981146139135,-0.18357319041899284,-0.47175654410977513,1.0823756045638657
-18.357319041899284,0.04500012333840219,-0.18357319041899284,-0.5603502137826207,0.9808765954718826
-18.357319041899284,0.04871043521541303,-0.18357319041899284,-0.6565626201152586,0.8737248069093153
-18.357319041899284,0.05242074709242387,-0.18357319041899284,-0.7603937631076886,0.7602483714778254
-18.357319041899284,0.05613105896943471,-0.18357319041899284,-0.8718436427599109,0.6396603840103623
-18.357319041899284,0.05984137084644555,-0.18357319041899284,-0.9909122590719254,0.5110363945434393
-18.357319041899284,0.06355168272345639,-0.18357319041899284,-1.1175996120437321,0.37328756187306
-18.357319041899284,0.06726199460046722,-0.18357319041899284,-1.2519057016753308,0.22512885160604212
-18.357319041899284,0.07097230647747807,-0.18357319041899284,-1.393830527966722,0.06504171115207225
-18.357319041899284,0.0746826183544889,-0.18357319041899284,-1.5433740909179055,-0.10876920708177673
-18.357319041899284,0.07839293023149975,-0.18357319041899284,-1.700536390528881,-0.2984254310686436
-18.357319041899284,0.08210324210851058,-0.18357319041899284,-1.8653174267996488,-0.5064298626571995
-18.357319041899284,0.08581355398552143,-0.18357319041899284,-2.037717199730209,-0.7357267772682936
-18.357319041899284,0.08952386586253226,-0.18357319041899284,-2.217735709320561,-0.9897646195746259
-18.357319041899284,0.09323417773954311,-0.18357319041899284,-2.405372955570706,-1.2725582025296083
-18.357319041899284,0.09694448961655394,-0.18357319041899284,-2.6006289384806425,-1.588745070006193
-18.357319041899284,0.10065480149356479,-0.18357319041899284,-2.8035036580503716,-1.9436282949952404
-18.357319041899284,0.10436511337057562,-0.18357319041899284,-3.013997114279893,-2.34319444874152
-18.357319041899284,0.10807542524758647,-0.18357319041899284,-3.232109307169207,-2.7940900036596528
-18.357319041899284,0.1117857371245973,-0.18357319041899284,-3.4578402367183116,-3.303530377461657
-18.357319041899284,0.11549604900160815,-0.18357319041899284,-3.69118990292721,-3.879100841142506
-18.357319041899284,0.11920636087861898,-0.18357319041899284,-3.9321583057959,-4.528385874882511
-18.357319041899284,0.12291667275562983,-0.18357319041899284,-4.180745445324383,-5.258336279179604
-18.357319041899284,0.12662698463264066,-0.18357319041899284,-4.436951321512657,-6.074267200931359
-18.357319041899284,0.1303372965096515,-0.18357319041899284,-4.700775934360724,-6.9784127264528735
-18.357319041899284,0.13404760838666235,-0.18357319041899284,-4.972219283868584,-7.968100121625362
-18.357319041899284,0.13775792026367317,-0.18357319041899284,-5.251281370036233,-9.033885576272638
-18.357319041899284,0.14146823214068402,-0.18357319041899284,-5.537962192863677,-10.158345065993458
-18.357319041899284,0.14517854401769487,-0.18357319041899284,-5.832261752350913,-11.31639489637008
-18.357319041899284,0.1488888558947057,-0.18357319041899284,-6.134180048497941,-12.477702414343247
-18.357319041899284,0.15259916777171653,-0.18357319041899284,-6.443717081304761,-13.610867564594146
-18.357319041899284,0.15630947964872738,-0.18357319041899284,-6.760872850771373,-14.6880782960208
-18.357319041899284,0.16001979152573823,-0.18357319041899284,-7.085647356897779,-15.688615343443562
-18.357319041899284,0.16373010340274907,-0.18357319041899284,-7.418040599683976,-16.600206692184717
-18.357319041899284,0.1674404152797599,-0.18357319041899284,-7.758052579129963,-17.418319082780638
-18.357319041899284,0.17115072715677074,-0.18357319041899284,-8.105683295235744,-18.144248736439526
-18.357319041899284,0.17486103903378158,-0.18357319041899284,-8.46093274800132,-18.782986384562765
-18.357319041899284,0.17857135091079243,-0.18357319041899284,-8.823800937426686,-19.34148337008928
-18.357319041899284,0.18228166278780325,-0.18357319041899284,-9.194287863511843,-19.82751675419916
-18.357319041899284,0.1859919746648141,-0.18357319041899284,-9.572393526256793,-20.249075382865588
-18.357319041899284,0.18970228654182494,-0.18357319041899284,-9.958117925661536,-20.614098104412452
-18.357319041899284,0.1934125984188358,-0.18357319041899284,-10.351461061726072,-20.93042049898425
-18.357319041899284,0.1971229102958466,-0.18357319041899284,-10.752422934450397,-21.205851475326803
-18.357319041899284,0.20083322217285746,-0.18357319041899284,-11.161003543834514,-21.448361363462084
-18.357319041899284,0.2045435340498683,-0.18357319041899284,-11.577202889878427,-21.666404244502772
-18.357319041899284,0.20825384592687915,-0.18357319041899284,-12.001020972582133,-21.86941991251261
-18.357319041899284,0.21196415780388997,-0.18357319041899284,-12.432457791945625,-22.068566346468902
-18.357319041899284,0.21567446968090082,-0.18357319041899284,-12.871513347968914,-22.277712101684635
-18.357319041899284,0.21938478155791166,-0.18357319041899284,-13.318187640651995,-22.514637630982374
-18.357319041899284,0.2230950934349225,-0.18357319041899284,-13.772480669994868,-22.80219098895177
-18.357319041899284,0.22680540531193333,-0.18357319041899284,-14.23439243599753,-23.168728303911944
-18.357319041899284,0.23051571718894417,-0.18357319041899284,-14.703922938659987,-23.646514659174592
-18.357319041899284,0.23422602906595502,-0.18357319041899284,-15.181072177982239,-24.26616290074193
-18.357319041899284,0.23793634094296587,-0.18357319041899284,-15.66584015396428,-25.045690484160477
-18.357319041899284,0.2416466528199767,-0.18357319041899284,-16.15822686660611,-25.976034734497244
-18.357319041899284,0.24535696469698753,-0.18357319041899284,-16.65823231590774,-27.01082710224578
-18.357319041899284,0.24906727657399838,-0.18357319041899284,-17.165856501869158,-28.07130766532154
-18.357319041899284,0.2527775884510092,-0.18357319041899284,-17.68109942449037,-29.06935211575745
-18.357319041899284,0.25648790032802005,-0.18357319041899284,-18.203961083771368,-29.93615164939143
-18.357319041899284,0.2601982122050309,-0.18357319041899284,-18.73444147971217,-30.638680632310592
-18.357319041899284,0.26390852408204174,-0.18357319041899284,-19.272540612312753,-31.177730105619847
-18.357319041899284,0.26761883595905256,-0.18357319041899284,-19.818258481573128,-31.57508906035309
-18.357319041899284,0.27132914783606343,-0.18357319041899284,-20.371595087493304,-31.860211997353137
-18.357319041899284,0.27503945971307425,-0.18357319041899284,-20.932550430073267,-32.06154443464888
-18.357319041899284,0.27874977159008507,-0.18357319041899284,-21.50112450931302,-32.20267836996949
-18.357319041899284,0.28246008346709595,-0.18357319041899284,-22.077317325212572,-32.30158805102741
-18.357319041899284,0.28617039534410676,-0.18357319041899284,-22.661128877771908,-32.37129029854107
-18.357319041899284,0.28988070722111764,-0.18357319041899284,-23.25255916699105,-32.420925236334774
-18.357319041899284,0.29359101909812846,-0.18357319041899284,-23.851608192869968,-32.456793146005296
-18.357319041899284,0.2973013309751393,-0.18357319041899284,-24.458275955408684,-32.4831915153185
-18.357319041899284,0.30101164285215015,-0.18357319041899284,-25.072562454607198,-32.503036871846994
-18.357319041899284,0.30472195472916097,-0.18357319041899284,-25.694467690465494,-32.5183060460022
-16.96944219043025,0.011607316445304631,-0.1696944219043025,-0.036907729751992656,1.8169158266617116
-16.96944219043025,0.015317628322315471,-0.1696944219043025,-0.06427420851157369,1.7456547916302225
-16.96944219043025,0.01902794019932631,-0.1696944219043025,-0.09918299958042623,1.6716484087440844
-16.96944219043025,0.02273825207633715,-0.1696944219043025,-0.14163410295855028,1.5946777659384226
-16.96944219043025,0.02644856395334799,-0.1696944219043025,-0.19162751864594585,1.514494190939781
-16.96944219043025,0.03015887583035883,-0.1696944219043025,-0.24916324664261294,1.4308140323722076
-16.96944219043025,0.03386918770736967,-0.1696944219043025,-0.31424128694855163,1.343312369853643
-16.96944219043025,0.03757949958438051,-0.1696944219043025,-0.38686163956376174,1.25161541646752
-16.96944219043025,0.04128981146139135,-0.1696944219043025,-0.4670243044882434,1.1552913261043967
-16.96944219043025,0.04500012333840219,-0.1696944219043025,-0.5547292817219965,1.05383905857169
-16.96944219043025,0.04871043521541303,-0.1696944219043025,-0.6499765712650212,0.9466748870703363
-16.96944219043025,0.05242074709242387,-0.1696944219043025,-0.7527661731173174,0.8331160567256066
-16.96944219043025,0.05613105896943471,-0.1696944219043025,-0.8630980872788852,0.7123610222391645
-16.96944219043025,0.05984137084644555,-0.1696944219043025,-0.9809723137497243,0.5834656131667253
-16.96944219043025,0.06355168272345639,-0.1696944219043025,-1.106388852529835,0.445314406891389
-16.96944219043025,0.06726199460046722,-0.1696944219043025,-1.239347703619217,0.29658654833530607
-16.96944219043025,0.07097230647747807,-0.1696944219043025,-1.379848867017871,0.13571526667836586
-16.96944219043025,0.0746826183544889,-0.1696944219043025,-1.527892342725796,-0.039159561011766986
-16.96944219043025,0.07839293023149975,-0.1696944219043025,-1.683478130742993,-0.23024621089045438
-16.96944219043025,0.08210324210851058,-0.1696944219043025,-1.846606231069461,-0.4401632449837356
-16.96944219043025,0.08581355398552143,-0.1696944219043025,-2.017276643705201,-0.6720082028057193
-16.96944219043025,0.08952386586253226,-0.1696944219043025,-2.1954893686502124,-0.929430931443981
-16.96944219043025,0.09323417773954311,-0.1696944219043025,-2.381244405904495,-1.2167079237379375
-16.96944219043025,0.09694448961655394,-0.1696944219043025,-2.5745417554680494,-1.5388115358413303
-16.96944219043025,0.10065480149356479,-0.1696944219043025,-2.7753814173408755,-1.901464293047978
-16.96944219043025,0.10436511337057562,-0.1696944219043025,-2.983763391522973,-2.3111630009816766
-16.96944219043025,0.10807542524758647,-0.1696944219043025,-3.199687678014342,-2.7751489134799234
-16.96944219043025,0.1117857371245973,-0.1696944219043025,-3.423154276814982,-3.301287067211489
-16.96944219043025,0.11549604900160815,-0.1696944219043025,-3.6541631879248944,-3.8977983662042144
-16.96944219043025,0.11920636087861898,-0.1696944219043025,-3.8927144113440773,-4.57276263334005
-16.96944219043025,0.12291667275562983,-0.1696944219043025,-4.138807947072532,-5.333287876530209
-16.96944219043025,0.12662698463264066,-0.1696944219043025,-4.392443795110259,-6.1842449881051085
-16.96944219043025,0.1303372965096515,-0.1696944219043025,-4.653621955457257,-7.126544547245184
-16.96944219043025,0.13404760838666235,-0.1696944219043025,-4.922342428113527,-8.155136845264122
-16.96944219043025,0.13775792026367317,-0.1696944219043025,-5.198605213079067,-9.257249297529578
-16.96944219043025,0.14146823214068402,-0.1696944219043025,-5.48241031035388,-10.411694868051647
-16.96944219043025,0.14517854401769487,-0.1696944219043025,-5.773757719937964,-11.590083901551752
-16.96944219043025,0.1488888558947057,-0.1696944219043025,-6.07264744183132,-12.760181893105754
-16.96944219043025,0.15259916777171653,-0.1696944219043025,-6.3790794760339455,-13.890625529911008
-16.96944219043025,0.15630947964872738,-0.1696944219043025,-6.693053822545845,-14.955408194524955
-16.96944219043025,0.16001979152573823,-0.1696944219043025,-7.0145704813670156,-15.936634465204857
-16.96944219043025,0.16373010340274907,-0.1696944219043025,-7.343629452497458,-16.824977731899786
-16.96944219043025,0.1674404152797599,-0.1696944219043025,-7.680230735937169,-17.61833409705115
-16.96944219043025,0.17115072715677074,-0.1696944219043025,-8.024374331686154,-18.31967881374377
-16.96944219043025,0.17486103903378158,-0.1696944219043025,-8.376060239744412,-18.935004615284697
-16.96944219043025,0.17857135091079243,-0.1696944219043025,-8.735288460111938,-19.471790745944034
-16.96944219043025,0.18228166278780325,-0.1696944219043025,-9.102058992788738,-19.9380655500307
-16.96944219043025,0.1859919746648141,-0.1696944219043025,-9.476371837774808,-20.341928027881085
-16.96944219043025,0.18970228654182494,-0.1696944219043025,-9.85822699507015,-20.691359747407187
-16.96944219043025,0.1934125984188358,-0.1696944219043025,-10.247624464674766,-20.99420663275001
-16.96944219043025,0.1971229102958466,-0.1696944219043025,-10.644564246588649,-21.258275472181808
-16.96944219043025,0.20083322217285746,-0.1696944219043025,-11.049046340811806,-21.491541964425906
-16.96944219043025,0.2045435340498683,-0.1696944219043025,-11.461070747344234,-21.702499879345442
-16.96944219043025,0.20825384592687915,-0.1696944219043025,-11.880637466185936,-21.900697820299616
-16.96944219043025,0.21196415780388997,-0.1696944219043025,-12.307746497336904,-22.097511294463803
-16.96944219043025,0.21567446968090082,-0.1696944219043025,-12.742397840797148,-22.30717032719892
-16.96944219043025,0.21938478155791166,-0.1696944219043025,-13.184591496566664,-22.54797028419523
-16.96944219043025,0.2230950934349225,-0.1696944219043025,-13.63432746464545,-22.84336749127651
-16.96944219043025,0.22680540531193333,-0.1696944219043025,-14.091605745033505,-23.222215704269725
-16.96944219043025,0.23051571718894417,-0.1696944219043025,-14.556426337730834,-23.716733086233674
-16.96944219043025,0.23422602906595502,-0.1696944219043025,-15.028789242737435,-24.3562758732943
-16.96944219043025,0.23793634094296587,-0.1696944219043025,-15.508694460053308,-25.155785206940937
-16.96944219043025,0.2416466528199767,-0.1696944219043025,-15.99614198967845,-26.101454867391173
-16.96944219043025,0.24535696469698753,-0.1696944219043025,-16.491131831612865,-27.142102919147202
-16.96944219043025,0.24906727657399838,-0.1696944219043025,-16.993663985856553,-28.196634292630865
-16.96944219043025,0.2527775884510092,-0.1696944219043025,-17.503738452409515,-29.17856660539051
-16.96944219043025,0.25648790032802005,-0.1696944219043025,-18.021355231271738,-30.023671752600155
-16.96944219043025,0.2601982122050309,-0.1696944219043025,-18.546514322443247,-30.703864310739952
-16.96944219043025,0.26390852408204174,-0.1696944219043025,-19.079215725924012,-31.223292379198348
-16.96944219043025,0.26761883595905256,-0.1696944219043025,-19.619459441714053,-31.605123135269924
-16.96944219043025,0.27132914783606343,-0.1696944219043025,-20.167245469813373,-31.87879302076209
-16.96944219043025,0.27503945971307425,-0.1696944219043025,-20.72257381022196,-32.07207246494162
-16.96944219043025,0.27874977159008507,-0.1696944219043025,-21.285444462939815,-32.20772614305044
-16.96944219043025,0.28246008346709595,-0.1696944219043025,-21.855857427966953,-32.302990710122025
-16.96944219043025,0.28617039534410676,-0.1696944219043025,-22.43381270530335,-32.370309346558265
-16.96944219043025,0.28988070722111764,-0.1696944219043025,-23.019310294949026,-32.41840767291904
-16.96944219043025,0.29359101909812846,-0.1696944219043025,-23.612350196903968,-32.45329912217286
-16.96944219043025,0.2973013309751393,-0.1696944219043025,-24.212932411168183,-32.47908784090081
-16.96944219043025,0.30101164285215015,-0.1696944219043025,-24.821056937741677,-32.49856215037173
-16.96944219043025,0.30472195472916097,-0.1696944219043025,-25.43672377662443,-32.51361471719953
-15.581565338961218,0.011607316445304631,-0.15581565338961217,-0.03653375302445478,1.8882540381273294
-15.581565338961218,0.015317628322315471,-0.15581565338961217,-0.06362293414910908,1.8173641394559852
-15.581565338961218,0.01902794019932631,-0.15581565338961217,-0.09817800323251415,1.74369911027739
-15.581565338961218,0.02273825207633715,-0.15581565338961217,-0.14019896027467002,1.6670381175097961
-15.581565338961218,0.02644856395334799,-0.15581565338961217,-0.18968580527557674,1.5871302217896208
-15.581565338961218,0.03015887583035883,-0.15581565338961217,-0.24663853823523424,1.5036890220162495
-15.581565338961218,0.03386918770736967,-0.15581565338961217,-0.3110571591536426,1.4163861816038794
-15.581565338961218,0.03757949958438051,-0.15581565338961217,-0.3829416680308017,1.3248435836736971
-15.581565338961218,0.04128981146139135,-0.15581565338961217,-0.46229206486671165,1.2286238059006733
-15.581565338961218,0.04500012333840219,-0.15581565338961217,-0.5491083496613723,1.1272185385653317
-15.581565338961218,0.04871043521541303,-0.15581565338961217,-0.6433905224147839,1.0200344909469468
-15.581565338961218,0.05242074709242387,-0.15581565338961217,-0.7451385831269463,0.9063762418735959
-15.581565338961218,0.05613105896943471,-0.15581565338961217,-0.8543525317978593,0.7854253920557814
-15.581565338961218,0.05984137084644555,-0.15581565338961217,-0.9710323684275232,0.6562152736329485
-15.581565338961218,0.06355168272345639,-0.15581565338961217,-1.095178093015938,0.5176003754710135
-15.581565338961218,0.06726199460046722,-0.15581565338961217,-1.2267897055631032,0.36821956723938154
-15.581565338961218,0.07097230647747807,-0.15581565338961217,-1.3658672060690198,0.20645217715609698
-15.581565338961218,0.0746826183544889,-0.15581565338961217,-1.5124105945336868,0.030366037612242547
-15.581565338961218,0.07839293023149975,-0.15581565338961217,-1.6664198709571048,-0.1623431806341693
-15.581565338961218,0.08210324210851058,-0.15581565338961217,-1.8278950353392733,-0.3744215847696395
-15.581565338961218,0.08581355398552143,-0.15581565338961217,-1.9968360876801932,-0.6091350680131531
-15.581565338961218,0.08952386586253226,-0.15581565338961217,-2.173243027979863,-0.8703538181369694
-15.581565338961218,0.09323417773954311,-0.15581565338961217,-2.3571158562382846,-1.1626393086614544
-15.581565338961218,0.09694448961655394,-0.15581565338961217,-2.5484545724554564,-1.4913264425780857
-15.581565338961218,0.10065480149356479,-0.15581565338961217,-2.747259176631379,-1.8625884067912954
-15.581565338961218,0.10436511337057562,-0.15581565338961217,-2.953529668766053,-2.283463927222686
-15.581565338961218,0.10807542524758647,-0.15581565338961217,-3.1672660488594775,-2.7618146038233453
-15.581565338961218,0.1117857371245973,-0.15581565338961217,-3.388468316911652,-3.3061622671093343
-15.581565338961218,0.11549604900160815,-0.15581565338961217,-3.6171364729225783,-3.9253322841012857
-15.581565338961218,0.11920636087861898,-0.15581565338961217,-3.853270516892255,-4.627802388479513
-15.581565338961218,0.12291667275562983,-0.15581565338961217,-4.096870448820683,-5.420643076664094
-15.581565338961218,0.12662698463264066,-0.15581565338961217,-4.347936268707861,-6.307969434430118
-15.581565338961218,0.1303372965096515,-0.15581565338961217,-4.60646797655379,-7.288958529235363
-15.581565338961218,0.13404760838666235,-0.15581565338961217,-4.872465572358471,-8.355761142524335
-15.581565338961218,0.13775792026367317,-0.15581565338961217,-5.145929056121901,-9.491999926053124
-15.581565338961218,0.14146823214068402,-0.15581565338961217,-5.426858427844082,-10.672774109160182
-15.581565338961218,0.14517854401769487,-0.15581565338961217,-5.715253687525014,-11.86684783588514
-15.581565338961218,0.1488888558947057,-0.15581565338961217,-6.011114835164698,-13.040848558698599
-15.581565338961218,0.15259916777171653,-0.15581565338961217,-6.314441870763131,-14.164243312700055
-15.581565338961218,0.15630947964872738,-0.15581565338961217,-6.625234794320317,-15.21337113765286
-15.581565338961218,0.16001979152573823,-0.15581565338961217,-6.943493605836252,-16.173320746453772
-15.581565338961218,0.16373010340274907,-0.15581565338961217,-7.26921830531094,-17.037557151399078
-15.581565338961218,0.1674404152797599,-0.15581565338961217,-7.602408892744375,-17.806103165362018
-15.581565338961218,0.17115072715677074,-0.15581565338961217,-7.943065368136563,-18.48331042874728
-15.581565338961218,0.17486103903378158,-0.15581565338961217,-8.291187731487502,-19.07594730626189
-15.581565338961218,0.17857135091079243,-0.15581565338961217,-8.646775982797193,-19.591881229953657
-15.581565338961218,0.18228166278780325,-0.15581565338961217,-9.009830122065633,-20.0393159597087
-15.581565338961218,0.1859919746648141,-0.15581565338961217,-9.380350149292823,-20.426420681960415
-15.581565338961218,0.18970228654182494,-0.15581565338961217,-9.758336064478767,-20.761195991050375
-15.581565338961218,0.1934125984188358,-0.15581565338961217,-10.14378786762346,-21.05148142486158
-15.581565338961218,0.1971229102958466,-0.15581565338961217,-10.5367055587269,-21.305069705560815
-15.581565338961218,0.20083322217285746,-0.15581565338961217,-10.937089137789096,-21.529935845382287
-15.581565338961218,0.2045435340498683,-0.15581565338961217,-11.344938604810041,-21.734614867732088
-15.581565338961218,0.20825384592687915,-0.15581565338961217,-11.76025395978974,-21.928774340301143
-15.581565338961218,0.21196415780388997,-0.15581565338961217,-12.183035202728183,-22.12402544920499
-15.581565338961218,0.21567446968090082,-0.15581565338961217,-12.613282333625381,-22.33498254529366
-15.581565338961218,0.21938478155791166,-0.15581565338961217,-13.050995352481332,-22.580475211404572
-15.581565338961218,0.2230950934349225,-0.15581565338961217,-13.49617425929603,-22.88456698811886
-15.581565338961218,0.22680540531193333,-0.15581565338961217,-13.948819054069478,-23.27655967163704
-15.581565338961218,0.23051571718894417,-0.15581565338961217,-14.40892973680168,-23.78849250339354
-15.581565338961218,0.23422602906595502,-0.15581565338961217,-14.876506307492633,-24.448239479637706
-15.581565338961218,0.23793634094296587,-0.15581565338961217,-15.351548766142336,-25.267413337044374
-15.581565338961218,0.2416466528199767,-0.15581565338961217,-15.834057112750786,-26.227363613657246
-15.581565338961218,0.24535696469698753,-0.15581565338961217,-16.32403134731799,-27.272330872426085
-15.581565338961218,0.24906727657399838,-0.15581565338961217,-16.821471469843946,-28.319417809141726
-15.581565338961218,0.2527775884510092,-0.15581565338961217,-17.326377480328656,-29.284288899779806
-15.581565338961218,0.25648790032802005,-0.15581565338961217,-17.838749378772107,-30.10746644924159
-15.581565338961218,0.2601982122050309,-0.15581565338961217,-18.35858716517432,-30.765639223912768
-15.581565338961218,0.26390852408204174,-0.15581565338961217,-18.885890839535275,-31.2660249701539
-15.581565338961218,0.26761883595905256,-0.15581565338961217,-19.420660401854978,-31.632939986524466
-15.581565338961218,0.27132914783606343,-0.15581565338961217,-19.962895852133446,-31.895683770231624
-15.581565338961218,0.27503945971307425,-0.15581565338961217,-20.512597190370656,-32.081316838741486
-15.581565338961218,0.27874977159008507,-0.15581565338961217,-21.06976441656661,-32.21178501749228
-15.581565338961218,0.28246008346709595,-0.15581565338961217,-21.63439753072133,-32.3036106785162
-15.581565338961218,0.28617039534410676,-0.15581565338961217,-22.206496532834787,-32.368687383554914
-15.581565338961218,0.28988070722111764,-0.15581565338961217,-22.786061422907007,-32.415345898632374
-15.581565338961218,0.29359101909812846,-0.15581565338961217,-23.37309220093797,-32.449327292897934
-15.581565338961218,0.2973013309751393,-0.15581565338961217,-23.96758886692768,-32.474552471673555
-15.581565338961218,0.30101164285215015,-0.15581565338961217,-24.569551420876152,-32.49368837266767
-15.581565338961218,0.30472195472916097,-0.15581565338961217,-25.178979862783365,-32.50854802511587
-14.193688487492183,0.011607316445304631,-0.14193688487492184,-0.036159776296916905,1.9598148371838267
-14.193688487492183,0.015317628322315471,-0.14193688487492184,-0.06297165978664446,1.8893223412328737
-14.193688487492183,0.01902794019932631,-0.14193688487492184,-0.09717300688460208,1.8160239809290528
-14.193688487492183,0.02273825207633715,-0.14193688487492184,-0.1387638175907898,1.7396965452917603
-14.193688487492183,0.02644856395334799,-0.14193688487492184,-0.18774409190520763,1.6600862966962568
-14.193688487492183,0.03015887583035883,-0.14193688487492184,-0.24411382982785554,1.5769034616711772
-14.193688487492183,0.03386918770736967,-0.14193688487492184,-0.3078730313587336,1.4898155509540534
-14.193688487492183,0.03757949958438051,-0.14193688487492184,-0.3790216964978417,1.3984392382842905
-14.193688487492183,0.04128981146139135,-0.14193688487492184,-0.45755982524517985,1.3023304647630483
-14.193688487492183,0.04500012333840219,-0.14193688487492184,-0.5434874176007481,1.200972360219662
-14.193688487492183,0.04871043521541303,-0.14193688487492184,-0.6368044735645465,1.0937604836353187
-14.193688487492183,0.05242074709242387,-0.14193688487492184,-0.737510993136575,0.9799847808338116
-14.193688487492183,0.05613105896943471,-0.14193688487492184,-0.8456069763168336,0.8588075404828162
-14.193688487492183,0.05984137084644555,-0.14193688487492184,-0.9610924231053222,0.7292365028850687
-14.193688487492183,0.06355168272345639,-0.14193688487492184,-1.083967333502041,0.5900921486735293
-14.193688487492183,0.06726199460046722,-0.14193688487492184,-1.2142317075069895,0.4399680824217904
-14.193688487492183,0.07097230647747807,-0.14193688487492184,-1.3518855451201686,0.2771833569809641
-14.193688487492183,0.0746826183544889,-0.14193688487492184,-1.4969288463415773,0.09972560323814461
-14.193688487492183,0.07839293023149975,-0.14193688487492184,-1.6493616111712166,-0.09481599168394017
-14.193688487492183,0.08210324210851058,-0.14193688487492184,-1.8091838396090856,-0.3093283668380067
-14.193688487492183,0.08581355398552143,-0.14193688487492184,-1.9763955316551851,-0.5472625540860572
-14.193688487492183,0.08952386586253226,-0.14193688487492184,-2.1509966873095143,-0.8127299746832486
-14.193688487492183,0.09323417773954311,-0.14193688487492184,-2.3329873065720736,-1.1106024531698042
-14.193688487492183,0.09694448961655394,-0.14193688487492184,-2.5223673894428633,-1.4466070053346656
-14.193688487492183,0.10065480149356479,-0.14193688487492184,-2.719136935921883,-1.8273995634709004
-14.193688487492183,0.10436511337057562,-0.14193688487492184,-2.9232959460091323,-2.260591073932958
-14.193688487492183,0.10807542524758647,-0.14193688487492184,-3.1348444197046126,-2.7546832727318495
-14.193688487492183,0.1117857371245973,-0.14193688487492184,-3.3537823570083223,-3.3188487338814197
-14.193688487492183,0.11549604900160815,-0.14193688487492184,-3.5801097579202623,-3.9624618510009038
-14.193688487492183,0.11920636087861898,-0.14193688487492184,-3.8138266224404322,-4.694262995295394
-14.193688487492183,0.12291667275562983,-0.14193688487492184,-4.0549329505688325,-5.521041042311691
-14.193688487492183,0.12662698463264066,-0.14193688487492184,-4.303428742305463,-6.445794563567114
-14.193688487492183,0.1303372965096515,-0.14193688487492184,-4.559313997650323,-7.46553342741586
-14.193688487492183,0.13404760838666235,-0.14193688487492184,-4.8225887166034145,-8.569221650771977
-14.193688487492183,0.13775792026367317,-0.14193688487492184,-5.0932528991647334,-9.736716123383525
-14.193688487492183,0.14146823214068402,-0.14193688487492184,-5.371306545334285,-10.939624697763465
-14.193688487492183,0.14517854401769487,-0.14193688487492184,-5.6567496551120655,-12.144483552183353
-14.193688487492183,0.1488888558947057,-0.14193688487492184,-5.949582228498077,-13.317605273544812
-14.193688487492183,0.15259916777171653,-0.14193688487492184,-6.249804265492316,-14.430010013583459
-14.193688487492183,0.15630947964872738,-0.14193688487492184,-6.557415766094788,-15.460769970016521
-14.193688487492183,0.16001979152573823,-0.14193688487492184,-6.872416730305489,-16.39796904751132
-14.193688487492183,0.16373010340274907,-0.14193688487492184,-7.194807158124421,-17.237623118488035
-14.193688487492183,0.1674404152797599,-0.14193688487492184,-7.52458704955158,-17.981561046415404
-14.193688487492183,0.17115072715677074,-0.14193688487492184,-7.861756404586973,-18.63523235601787
-14.193688487492183,0.17486103903378158,-0.14193688487492184,-8.206315223230595,-19.205990295372583
-14.193688487492183,0.17857135091079243,-0.14193688487492184,-8.558263505482445,-19.701979593696166
-14.193688487492183,0.18228166278780325,-0.14193688487492184,-8.917601251342527,-20.131520608339844
-14.193688487492183,0.1859919746648141,-0.14193688487492184,-9.284328460810839,-20.502820531684975
-14.193688487492183,0.18970228654182494,-0.14193688487492184,-9.658445133887382,-20.82387823657824
-14.193688487492183,0.1934125984188358,-0.14193688487492184,-10.039951270572155,-21.10251164041243
-14.193688487492183,0.1971229102958466,-0.14193688487492184,-10.428846870865154,-21.346489186893887
-14.193688487492183,0.20083322217285746,-0.14193688487492184,-10.825131934766386,-21.563781513542416
-14.193688487492183,0.2045435340498683,-0.14193688487492184,-11.228806462275848,-21.762969204870757
-14.193688487492183,0.20825384592687915,-0.14193688487492184,-11.639870453393543,-21.953851594120323
-14.193688487492183,0.21196415780388997,-0.14193688487492184,-12.058323908119462,-22.148295712270198
-14.193688487492183,0.21567446968090082,-0.14193688487492184,-12.484166826453617,-22.36132379721268
-14.193688487492183,0.21938478155791166,-0.14193688487492184,-12.917399208396,-22.612317331707498
-14.193688487492183,0.2230950934349225,-0.14193688487492184,-13.358021053946612,-22.925940651201554
-14.193688487492183,0.22680540531193333,-0.14193688487492184,-13.806032363105452,-23.33188377959426
-14.193688487492183,0.23051571718894417,-0.14193688487492184,-14.261433135872526,-23.86186151908802
-14.193688487492183,0.23422602906595502,-0.14193688487492184,-14.72422337224783,-24.542031476001366
-14.193688487492183,0.23793634094296587,-0.14193688487492184,-15.194403072231363,-25.38043792259022
-14.193688487492183,0.2416466528199767,-0.14193688487492184,-15.671972235823123,-26.353527385085616
-14.193688487492183,0.24535696469698753,-0.14193688487492184,-16.156930863023117,-27.401249960928578
-14.193688487492183,0.24906727657399838,-0.14193688487492184,-16.64927895383134,-28.439454054480734
-14.193688487492183,0.2527775884510092,-0.14193688487492184,-17.149016508247797,-29.386417419275357
-14.193688487492183,0.25648790032802005,-0.14193688487492184,-17.656143526272476,-30.18752692715464
-14.193688487492183,0.2601982122050309,-0.14193688487492184,-18.170660007905397,-30.824049699663355
-14.193688487492183,0.26390852408204174,-0.14193688487492184,-18.692565953146538,-31.30598752608527
-14.193688487492183,0.26761883595905256,-0.14193688487492184,-19.221861361995906,-31.658592172010792
-14.193688487492183,0.27132914783606343,-0.14193688487492184,-19.758546234453515,-31.910921309832943
-14.193688487492183,0.27503945971307425,-0.14193688487492184,-20.30262057051935,-32.08929874820737
-14.193688487492183,0.27874977159008507,-0.14193688487492184,-20.85408437019341,-32.214863128941765
-14.193688487492183,0.28246008346709595,-0.14193688487492184,-21.412937633475707,-32.303446432782906
-14.193688487492183,0.28617039534410676,-0.14193688487492184,-21.97918036036623,-32.36641616128471
-14.193688487492183,0.28988070722111764,-0.14193688487492184,-22.55281255086499,-32.4117271611112
-14.193688487492183,0.29359101909812846,-0.14193688487492184,-23.13383420497197,-32.44486197324126
-14.193688487492183,0.2973013309751393,-0.14193688487492184,-23.72224532268718,-32.46956786148939
-14.193688487492183,0.30101164285215015,-0.14193688487492184,-24.31804590401063,-32.488396846324456
-14.193688487492183,0.30472195472916097,-0.14193688487492184,-24.9212359489423,-32.503086602440604
-12.805811636023149,0.011607316445304631,-0.12805811636023148,-0.03578579956937903,2.031556328663255
-12.805811636023149,0.015317628322315471,-0.12805811636023148,-0.062320385424179836,1.9614867384112957
-12.805811636023149,0.01902794019932631,-0.12805811636023148,-0.09616801053669001,1.8885797689114863
-12.805811636023149,0.02273825207633715,-0.12805811636023148,-0.13732867490690956,1.8126093555941594
-12.805811636023149,0.02644856395334799,-0.12805811636023148,-0.1858023785348385,1.7333184039637748
-12.805811636023149,0.03015887583035883,-0.12805811636023148,-0.2415891214204768,1.6504131073037012
-12.805811636023149,0.03386918770736967,-0.12805811636023148,-0.3046889035638246,1.5635560353776843
-12.805811636023149,0.03757949958438051,-0.12805811636023148,-0.37510172496488164,1.4723577040318918
-12.805811636023149,0.04128981146139135,-0.12805811636023148,-0.4528275856236481,1.3763662662474878
-12.805811636023149,0.04500012333840219,-0.12805811636023148,-0.537866485540124,1.2750548808293434
-12.805811636023149,0.04871043521541303,-0.12805811636023148,-0.6302184247143092,1.1678062135822163
-12.805811636023149,0.05242074709242387,-0.12805811636023148,-0.7298834031462038,1.0538934062243184
-12.805811636023149,0.05613105896943471,-0.12805811636023148,-0.8368614208358077,0.9324567105965638
-12.805811636023149,0.05984137084644555,-0.12805811636023148,-0.9511524777831211,0.8024748329388911
-12.805811636023149,0.06355168272345639,-0.12805811636023148,-1.072756573988144,0.6627298730978297
-12.805811636023149,0.06726199460046722,-0.12805811636023148,-1.2016737094508756,0.5117645928606325
-12.805811636023149,0.07097230647747807,-0.12805811636023148,-1.3379038841713173,0.347830636213311
-12.805811636023149,0.0746826183544889,-0.12805811636023148,-1.481447098149468,0.16882630404180077
-12.805811636023149,0.07839293023149975,-0.12805811636023148,-1.6323033513853284,-0.027777357207438458
-12.805811636023149,0.08210324210851058,-0.12805811636023148,-1.7904726438788978,-0.24502291948535437
-12.805811636023149,0.08581355398552143,-0.12805811636023148,-1.955954975630177,-0.4865651429139457
-12.805811636023149,0.08952386586253226,-0.12805811636023148,-2.128750346639165,-0.7567796012687888
-12.805811636023149,0.09323417773954311,-0.12805811636023148,-2.308858756905863,-1.0608758750206673
-12.805811636023149,0.09694448961655394,-0.12805811636023148,-2.4962802064302703,-1.4050042220570917
-12.805811636023149,0.10065480149356479,-0.12805811636023148,-2.691014695212387,-1.796335565123854
-12.805811636023149,0.10436511337057562,-0.12805811636023148,-2.8930622232522123,-2.243080507881355
-12.805811636023149,0.10807542524758647,-0.12805811636023148,-3.102422790549748,-2.7543922911842627
-12.805811636023149,0.1117857371245973,-0.12805811636023148,-3.319096397104992,-3.3400707956019193
-12.805811636023149,0.11549604900160815,-0.12805811636023148,-3.5430830429179467,-4.009954167754788
-12.805811636023149,0.11920636087861898,-0.12805811636023148,-3.77438272798861,-4.772866618532587
-12.805811636023149,0.12291667275562983,-0.12805811636023148,-4.012995452316983,-5.63501949072287
-12.805811636023149,0.12662698463264066,-0.12805811636023148,-4.258921215903065,-6.597891401058382
-12.805811636023149,0.1303372965096515,-0.12805811636023148,-4.512160018746856,-7.655888098393704
-12.805811636023149,0.13404760838666235,-0.12805811636023148,-4.772711860848358,-8.7944679036944
-12.805811636023149,0.13775792026367317,-0.12805811636023148,-5.040576742207567,-9.989707349727976
-12.805811636023149,0.14146823214068402,-0.12805811636023148,-5.315754662824487,-11.210124916288986
-12.805811636023149,0.14517854401769487,-0.12805811636023148,-5.598245622699116,-12.420773752704951
-12.805811636023149,0.1488888558947057,-0.12805811636023148,-5.888049621831455,-13.588478284152634
-12.805811636023149,0.15259916777171653,-0.12805811636023148,-6.185166660221502,-14.686418247564088
-12.805811636023149,0.15630947964872738,-0.12805811636023148,-6.48959673786926,-15.696623330865672
-12.805811636023149,0.16001979152573823,-0.12805811636023148,-6.801339854774726,-16.610055283066686
-12.805811636023149,0.16373010340274907,-0.12805811636023148,-7.120396010937903,-17.42498361734739
-12.805811636023149,0.1674404152797599,-0.12805811636023148,-7.446765206358786,-18.1447266341335
-12.805811636023149,0.17115072715677074,-0.12805811636023148,-7.780447441037381,-18.77558579737946
-12.805811636023149,0.17486103903378158,-0.12805811636023148,-8.121442714973687,-19.325342929997213
-12.805811636023149,0.17857135091079243,-0.12805811636023148,-8.4697510281677,-19.802333261673397
-12.805811636023149,0.18228166278780325,-0.12805811636023148,-8.825372380619422,-20.2149476994778
-12.805811636023149,0.1859919746648141,-0.12805811636023148,-9.188306772328854,-20.571404602359465
-12.805811636023149,0.18970228654182494,-0.12805811636023148,-9.558554203295996,-20.879682487107022
-12.805811636023149,0.1934125984188358,-0.12805811636023148,-9.93611467352085,-21.147563966615973
-12.805811636023149,0.1971229102958466,-0.12805811636023148,-10.320988183003406,-21.382785039605043
-12.805811636023149,0.20083322217285746,-0.12805811636023148,-10.713174731743676,-21.59331087385168
-12.805811636023149,0.2045435340498683,-0.12805811636023148,-11.112674319741656,-21.787774694607833
-12.805811636023149,0.20825384592687915,-0.12805811636023148,-11.519486946997345,-21.976122890432688
-12.805811636023149,0.21196415780388997,-0.12805811636023148,-11.933612613510741,-22.170500209031445
-12.805811636023149,0.21567446968090082,-0.12805811636023148,-12.35505131928185,-22.386360589751916
-12.805811636023149,0.21938478155791166,-0.12805811636023148,-12.783803064310668,-22.643652855694466
-12.805811636023149,0.2230950934349225,-0.12805811636023148,-13.219867848597193,-22.967629582982564
-12.805811636023149,0.22680540531193333,-0.12805811636023148,-13.663245672141425,-23.388298319697277
-12.805811636023149,0.23051571718894417,-0.12805811636023148,-14.113936534943372,-23.93689060484301
-12.805811636023149,0.23422602906595502,-0.12805811636023148,-14.571940437003027,-24.63760723111265
-12.805811636023149,0.23793634094296587,-0.12805811636023148,-15.03725737832039,-25.494700329407635
-12.805811636023149,0.2416466528199767,-0.12805811636023148,-15.509887358895462,-26.479699706449733
-12.805811636023149,0.24535696469698753,-0.12805811636023148,-15.989830378728245,-27.528600091939307
-12.805811636023149,0.24906727657399838,-0.12805811636023148,-16.477086437818738,-28.556550232741454
-12.805811636023149,0.2527775884510092,-0.12805811636023148,-16.971655536166942,-29.484863759844917
-12.805811636023149,0.25648790032802005,-0.12805811636023148,-17.473537673772846,-30.263852849969478
-12.805811636023149,0.2601982122050309,-0.12805811636023148,-17.982732850636474,-30.87914252864398
-12.805811636023149,0.26390852408204174,-0.12805811636023148,-18.499241066757797,-31.343237984911767
-12.805811636023149,0.26761883595905256,-0.12805811636023148,-19.02306232213683,-31.682128628562715
-12.805811636023149,0.27132914783606343,-0.12805811636023148,-19.554196616773584,-31.9245386618038
-12.805811636023149,0.27503945971307425,-0.12805811636023148,-20.09264395066804,-32.09603561314279
-12.805811636023149,0.27874977159008507,-0.12805811636023148,-20.638404323820204,-32.21696531392766
-12.805811636023149,0.28246008346709595,-0.12805811636023148,-21.191477736230087,-32.30249360758375
-12.805811636023149,0.28617039534410676,-0.12805811636023148,-21.751864187897667,-32.36348495992389
-12.805811636023149,0.28988070722111764,-0.12805811636023148,-22.319563678822966,-32.40753651420961
-12.805811636023149,0.29359101909812846,-0.12805811636023148,-22.89457620900597,-32.43988548586525
-12.805811636023149,0.2973013309751393,-0.12805811636023148,-23.47690177844668,-32.464114616280284
-12.805811636023149,0.30101164285215015,-0.12805811636023148,-24.06654038714511,-32.482667135194866
-12.805811636023149,0.30472195472916097,-0.12805811636023148,-24.663492035101235,-32.497209414493774
-11.417934784554115,0.011607316445304631,-0.11417934784554115,-0.035411822841841155,2.103438494517423
-11.417934784554115,0.015317628322315471,-0.11417934784554115,-0.061669111061715215,2.0338161295713997
-11.417934784554115,0.01902794019932631,-0.11417934784554115,-0.09516301418877793,1.961324247397412
-11.417934784554115,0.02273825207633715,-0.11417934784554115,-0.1358935322230293,1.8857334357352957
-11.417934784554115,0.02644856395334799,-0.11417934784554115,-0.1838606651644694,1.8067826569580092
-11.417934784554115,0.03015887583035883,-0.11417934784554115,-0.2390644130130981,1.7241733709185054
-11.417934784554115,0.03386918770736967,-0.11417934784554115,-0.30150477576891554,1.6375623639986168
-11.417934784554115,0.03757949958438051,-0.11417934784554115,-0.3711817534319216,1.5465529726246376
-11.417934784554115,0.04128981146139135,-0.11417934784554115,-0.44809534600211637,1.4506843128057774
-11.417934784554115,0.04500012333840219,-0.11417934784554115,-0.5322455534794998,1.349418033065773
-11.417934784554115,0.04871043521541303,-0.11417934784554115,-0.6236323758640718,1.2421219937682315
-11.417934784554115,0.05242074709242387,-0.11417934784554115,-0.7222558131558325,1.1280501390972792
-11.417934784554115,0.05613105896943471,-0.11417934784554115,-0.828115865354782,1.0063176680485293
-11.417934784554115,0.05984137084644555,-0.11417934784554115,-0.94121253246092,0.8758704298102022
-11.417934784554115,0.06355168272345639,-0.11417934784554115,-1.0615458144742467,0.735447274393499
-11.417934784554115,0.06726199460046722,-0.11417934784554115,-1.189115711394762,0.5835338984213196
-11.417934784554115,0.07097230647747807,-0.11417934784554115,-1.323922223222466,0.41830657206515
-11.417934784554115,0.0746826183544889,-0.11417934784554115,-1.4659653499573586,0.23756407687448977
-11.417934784554115,0.07839293023149975,-0.11417934784554115,-1.61524509159944,0.038646330737917234
-11.417934784554115,0.08210324210851058,-0.11417934784554115,-1.77176144814871,-0.18166129788084584
-11.417934784554115,0.08581355398552143,-0.11417934784554115,-1.935514419605169,-0.42723778852971384
-11.417934784554115,0.08952386586253226,-0.11417934784554115,-2.1065040059688163,-0.7027478490415273
-11.417934784554115,0.09323417773954311,-0.11417934784554115,-2.2847302072396523,-1.0137681418450109
-11.417934784554115,0.09694448961655394,-0.11417934784554115,-2.470193023417677,-1.3669044386616953
-11.417934784554115,0.10065480149356479,-0.11417934784554115,-2.6628924545028902,-1.7698740761149734
-11.417934784554115,0.10436511337057562,-0.11417934784554115,-2.8628285004952922,-2.2315099818248063
-11.417934784554115,0.10807542524758647,-0.11417934784554115,-3.0700011613948837,-2.761616607696406
-11.417934784554115,0.1117857371245973,-0.11417934784554115,-3.2844104372016623,-3.370575512715914
-11.417934784554115,0.11549604900160815,-0.11417934784554115,-3.5060563279156307,-4.068567606089186
-11.417934784554115,0.11920636087861898,-0.11417934784554115,-3.7349388335367872,-4.864273734139911
-11.417934784554115,0.12291667275562983,-0.11417934784554115,-3.971057954065133,-5.762980516148912
-11.417934784554115,0.12662698463264066,-0.11417934784554115,-4.214413689500667,-6.764212359020453
-11.417934784554115,0.1303372965096515,-0.11417934784554115,-4.46500603984339,-7.859357449921215
-11.417934784554115,0.13404760838666235,-0.11417934784554115,-4.722835005093302,-9.030152929338715
-11.417934784554115,0.13775792026367317,-0.11417934784554115,-4.9879005852504,-10.249050747087454
-11.417934784554115,0.14146823214068402,-0.11417934784554115,-5.26020278031469,-11.482052211403252
-11.417934784554115,0.14517854401769487,-0.11417934784554115,-5.539741590286167,-12.693553195203297
-11.417934784554115,0.1488888558947057,-0.11417934784554115,-5.826517015164834,-13.85166375421636
-11.417934784554115,0.15259916777171653,-0.11417934784554115,-6.120529054950687,-14.932180998870193
-11.417934784554115,0.15630947964872738,-0.11417934784554115,-6.421777709643731,-15.920158252462027
-11.417934784554115,0.16001979152573823,-0.11417934784554115,-6.730262979243964,-16.809217572413722
-11.417934784554115,0.16373010340274907,-0.11417934784554115,-7.045984863751385,-17.5995572042967
-11.417934784554115,0.1674404152797599,-0.11417934784554115,-7.368943363165992,-18.295688645941475
-11.417934784554115,0.17115072715677074,-0.11417934784554115,-7.69913847748779,-18.904555489085993
-11.417934784554115,0.17486103903378158,-0.11417934784554115,-8.036570206716778,-19.4342428490516
-11.417934784554115,0.17857135091079243,-0.11417934784554115,-8.381238550852954,-19.893208848599443
-11.417934784554115,0.18228166278780325,-0.11417934784554115,-8.733143509896317,-20.289878099132878
-11.417934784554115,0.1859919746648141,-0.11417934784554115,-9.09228508384687,-20.632456937055522
-11.417934784554115,0.18970228654182494,-0.11417934784554115,-9.458663272704612,-20.928886633674704
-11.417934784554115,0.1934125984188358,-0.11417934784554115,-9.832278076469542,-21.186902580406155
-11.417934784554115,0.1971229102958466,-0.11417934784554115,-10.21312949514166,-21.41420250124332
-11.417934784554115,0.20083322217285746,-0.11417934784554115,-10.601217528720966,-21.618747728370813
-11.417934784554115,0.2045435340498683,-0.11417934784554115,-10.996542177207463,-21.80923391951111
-11.417934784554115,0.20825384592687915,-0.11417934784554115,-11.399103440601149,-21.99577207650828
-11.417934784554115,0.21196415780388997,-0.11417934784554115,-11.80890131890202,-22.190807894919427
-11.417934784554115,0.21567446968090082,-0.11417934784554115,-12.225935812110084,-22.41025060667921
-11.417934784554115,0.21938478155791166,-0.11417934784554115,-12.650206920225335,-22.674628939349915
-11.417934784554115,0.2230950934349225,-0.11417934784554115,-13.081714643247773,-23.009764266027364
-11.417934784554115,0.22680540531193333,-0.11417934784554115,-13.520458981177399,-23.445899502889528
-11.417934784554115,0.23051571718894417,-0.11417934784554115,-13.966439934014216,-24.01361127119433
-11.417934784554115,0.23422602906595502,-0.11417934784554115,-14.419657501758223,-24.734899466530816
-11.417934784554115,0.23793634094296587,-0.11417934784554115,-14.88011168440942,-25.61002119469963
-11.417934784554115,0.2416466528199767,-0.11417934784554115,-15.347802481967799,-26.605623295413327
-11.417934784554115,0.24535696469698753,-0.11417934784554115,-15.82272989443337,-27.654124133175298
-11.417934784554115,0.24906727657399838,-0.11417934784554115,-16.304893921806134,-28.67052574366174
-11.417934784554115,0.2527775884510092,-0.11417934784554115,-16.794294564086083,-29.579552226414926
-11.417934784554115,0.25648790032802005,-0.11417934784554115,-17.290931821273215,-30.336451356553887
-11.417934784554115,0.2601982122050309,-0.11417934784554115,-17.79480569336755,-30.93096609465292
-11.417934784554115,0.26390852408204174,-0.11417934784554115,-18.30591618036906,-31.3778320450915
-11.417934784554115,0.26761883595905256,-0.11417934784554115,-18.82426328227776,-31.70359441371694
-11.417934784554115,0.27132914783606343,-0.11417934784554115,-19.349846999093657,-31.9365646952292
-11.417934784554115,0.27503945971307425,-0.11417934784554115,-19.882667330816737,-32.10154102732695
-11.417934784554115,0.27874977159008507,-0.11417934784554115,-20.422724277447,-32.21809306787377
-11.417934784554115,0.28246008346709595,-0.11417934784554115,-20.970017838984464,-32.30074494705047
-11.417934784554115,0.28617039534410676,-0.11417934784554115,-21.524548015429108,-32.3598805280523
-11.417934784554115,0.28988070722111764,-0.11417934784554115,-22.086314806780948,-32.40275674721211
-11.417934784554115,0.29359101909812846,-0.11417934784554115,-22.65531821303997,-32.43437808169837
-11.417934784554115,0.2973013309751393,-0.11417934784554115,-23.23155823420618,-32.4581714084697
-11.417934784554115,0.30101164285215015,-0.11417934784554115,-23.815034870279586,-32.476476969453415
-11.417934784554115,0.30472195472916097,-0.11417934784554115,-24.40574812126017,-32.49089366636705
-10.03005793308508,0.011607316445304631,-0.1003005793308508,-0.03503784611430328,2.1754240016458795
-10.03005793308508,0.015317628322315471,-0.1003005793308508,-0.0610178366992506,2.1062715775826018
-10.03005793308508,0.01902794019932631,-0.1003005793308508,-0.09415801784086586,2.034217016255343
-10.03005793308508,0.02273825207633715,-0.1003005793308508,-0.13445838953914907,1.9590270452723975
-10.03005793308508,0.02644856395334799,-0.1003005793308508,-0.18191895179410028,1.8804360694198896
-10.03005793308508,0.03015887583035883,-0.1003005793308508,-0.2365397046057194,1.7981400741863263
-10.03005793308508,0.03386918770736967,-0.1003005793308508,-0.29832064797400654,1.71178916335674
-10.03005793308508,0.03757949958438051,-0.1003005793308508,-0.3672617818989616,1.6209783949713137
-10.03005793308508,0.04128981146139135,-0.1003005793308508,-0.4433631063805846,1.5252364951444204
-10.03005793308508,0.04500012333840219,-0.1003005793308508,-0.5266246214188756,1.4240119242789329
-10.03005793308508,0.04871043521541303,-0.1003005793308508,-0.6170463270138346,1.3166556415878456
-10.03005793308508,0.05242074709242387,-0.1003005793308508,-0.7146282231654614,1.2023997584375408
-10.03005793308508,0.05613105896943471,-0.1003005793308508,-0.8193703098737561,1.080331087079031
-10.03005793308508,0.05984137084644555,-0.1003005793308508,-0.931272587138719,0.9493583801175374
-10.03005793308508,0.06355168272345639,-0.1003005793308508,-1.0503350549603496,0.8081718249330818
-10.03005793308508,0.06726199460046722,-0.1003005793308508,-1.176557713338648,0.6551931247391811
-10.03005793308508,0.07097230647747807,-0.1003005793308508,-1.3099405622736149,0.4885143023584788
-10.03005793308508,0.0746826183544889,-0.1003005793308508,-1.4504836017652494,0.30582327636395634
-10.03005793308508,0.07839293023149975,-0.1003005793308508,-1.598186831813552,0.10431441129610342
-10.03005793308508,0.08210324210851058,-0.1003005793308508,-1.7530502524185223,-0.11941714246340496
-10.03005793308508,0.08581355398552143,-0.1003005793308508,-1.915073863580161,-0.36949705318990644
-10.03005793308508,0.08952386586253226,-0.1003005793308508,-2.0842576652984675,-0.6509061930428242
-10.03005793308508,0.09323417773954311,-0.1003005793308508,-2.260601657573442,-0.9696193361283154
-10.03005793308508,0.09694448961655394,-0.1003005793308508,-2.4441058404050837,-1.3327305672892855
-10.03005793308508,0.10065480149356479,-0.1003005793308508,-2.634770213793394,-1.7485329271096277
-10.03005793308508,0.10436511337057562,-0.1003005793308508,-2.832594777738372,-2.2264971588462616
-10.03005793308508,0.10807542524758647,-0.1003005793308508,-3.0375795322400188,-2.777063091902192
-10.03005793308508,0.1117857371245973,-0.1003005793308508,-3.2497244772983325,-3.4111207733891327
-10.03005793308508,0.11549604900160815,-0.1003005793308508,-3.4690296129133147,-4.139031329067998
-10.03005793308508,0.11920636087861898,-0.1003005793308508,-3.695494939084965,-4.96905332532877
-10.03005793308508,0.12291667275562983,-0.1003005793308508,-3.929120455813283,-5.90515476169763
-10.03005793308508,0.12662698463264066,-0.1003005793308508,-4.169906163098269,-6.944458921505886
-10.03005793308508,0.1303372965096515,-0.1003005793308508,-4.417852060939922,-8.0749784431282
-10.03005793308508,0.13404760838666235,-0.1003005793308508,-4.672958149338245,-9.274650871114325
-10.03005793308508,0.13775792026367317,-0.1003005793308508,-4.935224428293234,-10.512641806987638
-10.03005793308508,0.14146823214068402,-0.1003005793308508,-5.204650897804892,-11.753151311482519
-10.03005793308508,0.14517854401769487,-0.1003005793308508,-5.481237557873218,-12.960769244705912
-10.03005793308508,0.1488888558947057,-0.1003005793308508,-5.764984408498212,-14.105561911687786
-10.03005793308508,0.15259916777171653,-0.1003005793308508,-6.055891449679872,-15.166236474845663
-10.03005793308508,0.15630947964872738,-0.1003005793308508,-6.353958681418202,-16.130795758479724
-10.03005793308508,0.16001979152573823,-0.1003005793308508,-6.659186103713201,-16.99523570646727
-10.03005793308508,0.16373010340274907,-0.1003005793308508,-6.971573716564866,-17.761355181048426
-10.03005793308508,0.1674404152797599,-0.1003005793308508,-7.291121519973197,-18.434593482998526
-10.03005793308508,0.17115072715677074,-0.1003005793308508,-7.6178295139382,-19.022362432218166
-10.03005793308508,0.17486103903378158,-0.1003005793308508,-7.951697698459871,-19.532951554636178
-10.03005793308508,0.17857135091079243,-0.1003005793308508,-8.292726073538207,-19.974888897116177
-10.03005793308508,0.18228166278780325,-0.1003005793308508,-8.640914639173213,-20.356602377429745
-10.03005793308508,0.1859919746648141,-0.1003005793308508,-8.996263395364885,-20.68626573126339
-10.03005793308508,0.18970228654182494,-0.1003005793308508,-9.358772342113227,-20.971767794586693
-10.03005793308508,0.1934125984188358,-0.1003005793308508,-9.728441479418237,-21.220786869013534
-10.03005793308508,0.1971229102958466,-0.1003005793308508,-10.105270807279911,-21.440979137302286
-10.03005793308508,0.20083322217285746,-0.1003005793308508,-10.489260325698256,-21.640306499877077
-10.03005793308508,0.2045435340498683,-0.1003005793308508,-10.88041003467327,-21.8275394133672
-10.03005793308508,0.20825384592687915,-0.1003005793308508,-11.278719934204952,-22.012973050849656
-10.03005793308508,0.21196415780388997,-0.1003005793308508,-11.684190024293299,-22.209378273426893
-10.03005793308508,0.21567446968090082,-0.1003005793308508,-12.096820304938317,-22.43314248164377
-10.03005793308508,0.21938478155791166,-0.1003005793308508,-12.516610776140004,-22.705383354490753
-10.03005793308508,0.2230950934349225,-0.1003005793308508,-12.943561437898355,-23.052464000549087
-10.03005793308508,0.22680540531193333,-0.1003005793308508,-13.377672290213374,-23.50476865894608
-10.03005793308508,0.23051571718894417,-0.1003005793308508,-13.818943333085063,-24.092035311810122
-10.03005793308508,0.23422602906595502,-0.1003005793308508,-14.267374566513421,-24.833818174072782
-10.03005793308508,0.23793634094296587,-0.1003005793308508,-14.722965990498446,-25.726201596899408
-10.03005793308508,0.2416466528199767,-0.1003005793308508,-15.185717605040136,-26.731032219882195
-10.03005793308508,0.24535696469698753,-0.1003005793308508,-15.655629410138497,-27.777569814101128
-10.03005793308508,0.24906727657399838,-0.1003005793308508,-16.132701405793526,-28.7812127701159
-10.03005793308508,0.2527775884510092,-0.1003005793308508,-16.616933592005225,-29.670419212541535
-10.03005793308508,0.25648790032802005,-0.1003005793308508,-17.108325968773585,-30.405336034608148
-10.03005793308508,0.2601982122050309,-0.1003005793308508,-17.606878536098623,-30.979569541901213
-10.03005793308508,0.26390852408204174,-0.1003005793308508,-18.11259129398032,-31.40982267679627
-10.03005793308508,0.26761883595905256,-0.1003005793308508,-18.625464242418683,-31.72303047178166
-10.03005793308508,0.27132914783606343,-0.1003005793308508,-19.145497381413726,-31.94702402352034
-10.03005793308508,0.27503945971307425,-0.1003005793308508,-19.67269071096543,-32.105824704399595
-10.03005793308508,0.27874977159008507,-0.1003005793308508,-20.207044231073798,-32.21824449833007
-10.03005793308508,0.28246008346709595,-0.1003005793308508,-20.74855794173884,-32.29819024977684
-10.03005793308508,0.28617039534410676,-0.1003005793308508,-21.297231842960546,-32.35558701589085
-10.03005793308508,0.28988070722111764,-0.1003005793308508,-21.85306593473893,-32.39736830743236
-10.03005793308508,0.29359101909812846,-0.1003005793308508,-22.416060217073966,-32.42831785425291
-10.03005793308508,0.2973013309751393,-0.1003005793308508,-22.986214689965678,-32.45171488530713
-10.03005793308508,0.30101164285215015,-0.1003005793308508,-23.563529353414065,-32.469802149804636
-10.03005793308508,0.30472195472916097,-0.1003005793308508,-24.148004207419106,-32.48411470439431
-8.642181081616046,0.011607316445304631,-0.08642181081616046,-0.0346638693867654,2.247479003742665
-8.642181081616046,0.015317628322315471,-0.08642181081616046,-0.06036656233678598,2.17881721702119
-8.642181081616046,0.01902794019932631,-0.08642181081616046,-0.09315302149295379,2.1072203104463334
-8.642181081616046,0.02273825207633715,-0.08642181081616046,-0.13302324685526884,2.0324506203606205
-8.642181081616046,0.02644856395334799,-0.08642181081616046,-0.17997723842373115,1.9542373503283794
-8.642181081616046,0.03015887583035883,-0.08642181081616046,-0.2340149961983407,1.8722702278767274
-8.642181081616046,0.03386918770736967,-0.08642181081616046,-0.29513652017909753,1.7861917149386304
-8.642181081616046,0.03757949958438051,-0.08642181081616046,-0.36334181036600155,1.695587409698051
-8.642181081616046,0.04128981146139135,-0.08642181081616046,-0.43863086675905283,1.5999741838190638
-8.642181081616046,0.04500012333840219,-0.08642181081616046,-0.5210036893582514,1.4987854822358566
-8.642181081616046,0.04871043521541303,-0.08642181081616046,-0.6104602781635972,1.3913530684508133
-8.642181081616046,0.05242074709242387,-0.08642181081616046,-0.7070006331750902,1.2768843225652338
-8.642181081616046,0.05613105896943471,-0.08642181081616046,-0.8106247543927304,1.1544339893216347
-8.642181081616046,0.05984137084644555,-0.08642181081616046,-0.9213326418165179,1.0228690298812022
-8.642181081616046,0.06355168272345639,-0.08642181081616046,-1.0391242954464526,0.8808249614687071
-8.642181081616046,0.06726199460046722,-0.08642181081616046,-1.1639997152825343,0.7266517942627668
-8.642181081616046,0.07097230647747807,-0.08642181081616046,-1.2959589013247637,0.5583474400483541
-8.642181081616046,0.0746826183544889,-0.08642181081616046,-1.43500185357314,0.37347635976331506
-8.642181081616046,0.07839293023149975,-0.08642181081616046,-1.5811285720276638,0.1690713975874263
-8.642181081616046,0.08210324210851058,-0.08642181081616046,-1.7343390566883345,-0.05848250029752999
-8.642181081616046,0.08581355398552143,-0.08642181081616046,-1.894633307555153,-0.31358218462352894
-8.642181081616046,0.08952386586253226,-0.08642181081616046,-2.062011324628118,-0.6015536888988933
-8.642181081616046,0.09323417773954311,-0.08642181081616046,-2.236473107907231,-0.9288022801009206
-8.642181081616046,0.09694448961655394,-0.08642181081616046,-2.4180186573924907,-1.3029428264919087
-8.642181081616046,0.10065480149356479,-0.08642181081616046,-2.606647973083898,-1.732869525154108
-8.642181081616046,0.10436511337057562,-0.08642181081616046,-2.802361054981452,-2.2286962868803224
-8.642181081616046,0.10807542524758647,-0.08642181081616046,-3.0051579030851543,-2.8014624270170296
-8.642181081616046,0.1117857371245973,-0.08642181081616046,-3.2150385173950027,-3.4624599602431347
-8.642181081616046,0.11549604900160815,-0.08642181081616046,-3.432002897910999,-4.222020842777546
-8.642181081616046,0.11920636087861898,-0.08642181081616046,-3.6560510446331422,-5.087649958876575
-8.642181081616046,0.12291667275562983,-0.08642181081616046,-3.887182957561433,-6.061565795887258
-8.642181081616046,0.12662698463264066,-0.08642181081616046,-4.125398636695871,-7.138055519933604
-8.642181081616046,0.1303372965096515,-0.08642181081616046,-4.370698082036456,-8.301488829765427
-8.642181081616046,0.13404760838666235,-0.08642181081616046,-4.623081293583189,-9.526090076809917
-8.642181081616046,0.13775792026367317,-0.08642181081616046,-4.882548271336067,-10.77825588816721
-8.642181081616046,0.14146823214068402,-0.08642181081616046,-5.149099015295095,-12.0212027071499
-8.642181081616046,0.14517854401769487,-0.08642181081616046,-5.422733525460268,-13.22053283910975
-8.642181081616046,0.1488888558947057,-0.08642181081616046,-5.70345180183159,-14.348797948926926
-8.642181081616046,0.15259916777171653,-0.08642181081616046,-5.991253844409058,-15.387742690862655
-8.642181081616046,0.15630947964872738,-0.08642181081616046,-6.286139653192674,-16.328131905978207
-8.642181081616046,0.16001979152573823,-0.08642181081616046,-6.588109228182438,-17.168010632548935
-8.642181081616046,0.16373010340274907,-0.08642181081616046,-6.897162569378348,-17.910465799105342
-8.642181081616046,0.1674404152797599,-0.08642181081616046,-7.213299676780403,-18.561635154499385
-8.642181081616046,0.17115072715677074,-0.08642181081616046,-7.536520550388609,-19.1292579010146
-8.642181081616046,0.17486103903378158,-0.08642181081616046,-7.866825190202962,-19.621750490566093
-8.642181081616046,0.17857135091079243,-0.08642181081616046,-8.204213596223461,-20.04766868677591
-8.642181081616046,0.18228166278780325,-0.08642181081616046,-8.548685768450106,-20.41541780271791
-8.642181081616046,0.1859919746648141,-0.08642181081616046,-8.9002417068829,-20.733120478139455
-8.642181081616046,0.18970228654182494,-0.08642181081616046,-9.258881411521843,-21.008599772024024
-8.642181081616046,0.1934125984188358,-0.08642181081616046,-9.624604882366931,-21.249469350157685
-8.642181081616046,0.1971229102958466,-0.08642181081616046,-9.997412119418165,-21.463343289586827
-8.642181081616046,0.20083322217285746,-0.08642181081616046,-10.377303122675547,-21.658191182772708
-8.642181081616046,0.2045435340498683,-0.08642181081616046,-10.764277892139077,-21.84287302658335
-8.642181081616046,0.20825384592687915,-0.08642181081616046,-11.158336427808756,-22.027889421276488
-8.642181081616046,0.21196415780388997,-0.08642181081616046,-11.559478729684578,-22.2263612084929
-8.642181081616046,0.21567446968090082,-0.08642181081616046,-11.967704797766551,-22.45517561637285
-8.642181081616046,0.21938478155791166,-0.08642181081616046,-12.383014632054671,-22.73604416306947
-8.642181081616046,0.2230950934349225,-0.08642181081616046,-12.805408232548936,-23.09583632416207
-8.642181081616046,0.22680540531193333,-0.08642181081616046,-13.234885599249347,-23.564971438491973
-8.642181081616046,0.23051571718894417,-0.08642181081616046,-13.671446732155909,-24.17215413039633
-8.642181081616046,0.23422602906595502,-0.08642181081616046,-14.115091631268617,-24.934250721726784
-8.642181081616046,0.23793634094296587,-0.08642181081616046,-14.565820296587473,-25.84302442805532
-8.642181081616046,0.2416466528199767,-0.08642181081616046,-15.023632728112473,-26.85565409410663
-8.642181081616046,0.24535696469698753,-0.08642181081616046,-15.488528925843625,-27.89869144792045
-8.642181081616046,0.24906727657399838,-0.08642181081616046,-15.960508889780922,-28.888456627178762
-8.642181081616046,0.2527775884510092,-0.08642181081616046,-16.43957261992437,-29.757412448908944
-8.642181081616046,0.25648790032802005,-0.08642181081616046,-16.925720116273954,-30.47052588457265
-8.642181081616046,0.2601982122050309,-0.08642181081616046,-17.4189513788297,-31.025001984096974
-8.642181081616046,0.26390852408204174,-0.08642181081616046,-17.919266407591582,-31.439259673107276
-8.642181081616046,0.26761883595905256,-0.08642181081616046,-18.42666520255961,-31.740473422170236
-8.642181081616046,0.27132914783606343,-0.08642181081616046,-18.941147763733795,-31.955936909262647
-8.642181081616046,0.27503945971307425,-0.08642181081616046,-19.462714091114123,-32.10889242262115
-8.642181081616046,0.27874977159008507,-0.08642181081616046,-19.991364184700593,-32.21741427322973
-8.642181081616046,0.28246008346709595,-0.08642181081616046,-20.527098044493222,-32.29481630747561
-8.642181081616046,0.28617039534410676,-0.08642181081616046,-21.069915670491987,-32.35058590195469
-8.642181081616046,0.28988070722111764,-0.08642181081616046,-21.619817062696907,-32.391349216391866
-8.642181081616046,0.29359101909812846,-0.08642181081616046,-22.176802221107966,-32.42168064779291
-8.642181081616046,0.2973013309751393,-0.08642181081616046,-22.740871145725176,-32.44471957131252
-8.642181081616046,0.30101164285215015,-0.08642181081616046,-23.31202383654854,-32.46261644601599
-8.642181081616046,0.30472195472916097,-0.08642181081616046,-23.89026029357804,-32.476845912113596
-7.254304230147012,0.011607316445304631,-0.07254304230147011,-0.03428989265922752,2.31957392334634
-7.254304230147012,0.015317628322315471,-0.07254304230147011,-0.05971528797432136,2.2514210477044143
-7.254304230147012,0.01902794019932631,-0.07254304230147011,-0.09214802514504171,2.1802998007477816
-7.254304230147012,0.02273825207633715,-0.07254304230147011,-0.13158810417138858,2.1059675768557122
-7.254304230147012,0.02644856395334799,-0.07254304230147011,-0.178035525053362,2.0281477040258906
-7.254304230147012,0.03015887583035883,-0.07254304230147011,-0.23149028779096195,1.9465228230576892
-7.254304230147012,0.03386918770736967,-0.07254304230147011,-0.2919523923841885,1.8607267308352486
-7.254304230147012,0.03757949958438051,-0.07254304230147011,-0.3594218388330415,1.7703342958657158
-7.254304230147012,0.04128981146139135,-0.07254304230147011,-0.43389862713752103,1.6748489506607258
-7.254304230147012,0.04500012333840219,-0.07254304230147011,-0.5153827572976271,1.5736871357087414
-7.254304230147012,0.04871043521541303,-0.07254304230147011,-0.6038742293133598,1.466158908453641
-7.254304230147012,0.05242074709242387,-0.07254304230147011,-0.6993730431847188,1.3514437328355402
-7.254304230147012,0.05613105896943471,-0.07254304230147011,-0.8018791989117046,1.2285602269410096
-7.254304230147012,0.05984137084644555,-0.07254304230147011,-0.9113926964943166,1.096328368327457
-7.254304230147012,0.06355168272345639,-0.07254304230147011,-1.0279135359325555,0.9533223470093091
-7.254304230147012,0.06726199460046722,-0.07254304230147011,-1.1514417172264204,0.7978119393920144
-7.254304230147012,0.07097230647747807,-0.07254304230147011,-1.2819772403759122,0.627690006946054
-7.254304230147012,0.0746826183544889,-0.07254304230147011,-1.4195201053810305,0.4403836088480162
-7.254304230147012,0.07839293023149975,-0.07254304230147011,-1.5640703122417754,0.2327464584607073
-7.254304230147012,0.08210324210851058,-0.07254304230147011,-1.7156278609581466,0.0009314052776003834
-7.254304230147012,0.08581355398552143,-0.07254304230147011,-1.8741927515301449,-0.25975610539779725
-7.254304230147012,0.08952386586253226,-0.07254304230147011,-2.039764983957769,-0.5550180596686103
-7.254304230147012,0.09323417773954311,-0.07254304230147011,-2.21234455824102,-0.8917234264511431
-7.254304230147012,0.09694448961655394,-0.07254304230147011,-2.3919314743798976,-1.2780388467557875
-7.254304230147012,0.10065480149356479,-0.07254304230147011,-2.5785257323744015,-1.723479127247678
-7.254304230147012,0.10436511337057562,-0.07254304230147011,-2.7721273322245317,-2.2387929867817022
-7.254304230147012,0.10807542524758647,-0.07254304230147011,-2.9727362739302894,-2.8355581677839927
-7.254304230147012,0.1117857371245973,-0.07254304230147011,-3.1803525574916724,-3.5253229270280517
-7.254304230147012,0.11549604900160815,-0.07254304230147011,-3.3949761829086826,-4.318129789799551
-7.254304230147012,0.11920636087861898,-0.07254304230147011,-3.616607150181319,-5.220348898869892
-7.254304230147012,0.12291667275562983,-0.07254304230147011,-3.8452454593095826,-6.231997056626326
-7.254304230147012,0.12662698463264066,-0.07254304230147011,-4.080891110293472,-7.344132598464769
-7.254304230147012,0.1303372965096515,-0.07254304230147011,-4.323544103132988,-8.537340559568104
-7.254304230147012,0.13404760838666235,-0.07254304230147011,-4.573204437828132,-9.782400615977535
-7.254304230147012,0.13775792026367317,-0.07254304230147011,-4.8298721143789,-11.043616407415858
-7.254304230147012,0.14146823214068402,-0.07254304230147011,-5.093547132785297,-12.284086558890824
-7.254304230147012,0.14517854401769487,-0.07254304230147011,-5.364229493047318,-13.471157161481656
-7.254304230147012,0.1488888558947057,-0.07254304230147011,-5.641919195164968,-14.580230166717849
-7.254304230147012,0.15259916777171653,-0.07254304230147011,-5.926616239138242,-15.59606411939478
-7.254304230147012,0.15630947964872738,-0.07254304230147011,-6.218320624967145,-16.511916541005093
-7.254304230147012,0.16001979152573823,-0.07254304230147011,-6.517032352651674,-17.32754518125774
-7.254304230147012,0.16373010340274907,-0.07254304230147011,-6.822751422191829,-18.047040726638976
-7.254304230147012,0.1674404152797599,-0.07254304230147011,-7.135477833587609,-18.677046994480783
-7.254304230147012,0.17115072715677074,-0.07254304230147011,-7.455211586839017,-19.22551838308
-7.254304230147012,0.17486103903378158,-0.07254304230147011,-7.781952681946053,-19.700937409735136
-7.254304230147012,0.17857135091079243,-0.07254304230147011,-8.115701118908714,-20.111853048163894
-7.254304230147012,0.18228166278780325,-0.07254304230147011,-8.456456897727001,-20.466625318715188
-7.254304230147012,0.1859919746648141,-0.07254304230147011,-8.804220018400914,-20.773309188823447
-7.254304230147012,0.18970228654182494,-0.07254304230147011,-9.158990480930456,-21.039650683676598
-7.254304230147012,0.1934125984188358,-0.07254304230147011,-9.520768285315624,-21.273193826742954
-7.254304230147012,0.1971229102958466,-0.07254304230147011,-9.889553431556417,-21.481512770846944
-7.254304230147012,0.20083322217285746,-0.07254304230147011,-10.265345919652836,-21.672594516341086
-7.254304230147012,0.2045435340498683,-0.07254304230147011,-10.648145749604884,-21.855405470244236
-7.254304230147012,0.20825384592687915,-0.07254304230147011,-11.037952921412558,-22.040674290621347
-7.254304230147012,0.21196415780388997,-0.07254304230147011,-11.434767435075855,-22.2418968134434
-7.254304230147012,0.21567446968090082,-0.07254304230147011,-11.838589290594783,-22.47648002856238
-7.254304230147012,0.21938478155791166,-0.07254304230147011,-12.249418487969338,-22.766729384089512
-7.254304230147012,0.2230950934349225,-0.07254304230147011,-12.667255027199516,-23.139976410063735
-7.254304230147012,0.22680540531193333,-0.07254304230147011,-13.092098908285319,-23.626557024594867
-7.254304230147012,0.23051571718894417,-0.07254304230147011,-13.523950131226753,-24.253938165998655
-7.254304230147012,0.23422602906595502,-0.07254304230147011,-13.962808696023814,-25.036062156864862
-7.254304230147012,0.23793634094296587,-0.07254304230147011,-14.4086746026765,-25.96025595038848
-7.254304230147012,0.2416466528199767,-0.07254304230147011,-14.86154785118481,-26.979212274398126
-7.254304230147012,0.24535696469698753,-0.07254304230147011,-15.321428441548749,-28.017251451195627
-7.254304230147012,0.24906727657399838,-0.07254304230147011,-15.788316373768314,-28.992115883047372
-7.254304230147012,0.2527775884510092,-0.07254304230147011,-16.262211647843507,-29.84049014361808
-7.254304230147012,0.25648790032802005,-0.07254304230147011,-16.743114263774324,-30.53204428828477
-7.254304230147012,0.2601982122050309,-0.07254304230147011,-17.231024221560773,-31.06731175894572
-7.254304230147012,0.26390852408204174,-0.07254304230147011,-17.72594152120284,-31.46618923991261
-7.254304230147012,0.26761883595905256,-0.07254304230147011,-18.227866162700533,-31.755955368034886
-7.254304230147012,0.27132914783606343,-0.07254304230147011,-18.736798146053864,-31.963319175194915
-7.254304230147012,0.27503945971307425,-0.07254304230147011,-19.252737471262815,-32.110745968010065
-7.254304230147012,0.27874977159008507,-0.07254304230147011,-19.77568413832739,-32.21559356412742
-7.254304230147012,0.28246008346709595,-0.07254304230147011,-20.305638147247596,-32.290606837478684
-7.254304230147012,0.28617039534410676,-0.07254304230147011,-20.84259949802342,-32.344855913391264
-7.254304230147012,0.28988070722111764,-0.07254304230147011,-21.386568190654884,-32.38467497987362
-7.254304230147012,0.29359101909812846,-0.07254304230147011,-21.937544225141966,-32.41443995964605
-7.254304230147012,0.2973013309751393,-0.07254304230147011,-22.495527601484675,-32.43715776511259
-7.254304230147012,0.30101164285215015,-0.07254304230147011,-23.060518319683016,-32.454891490042655
-7.254304230147012,0.30472195472916097,-0.07254304230147011,-23.632516379736973,-32.46905860097345
-5.866427378677978,0.011607316445304631,-0.058664273786779776,-0.03391591593168965,2.391684201020067
-5.866427378677978,0.015317628322315471,-0.058664273786779776,-0.05906401361185674,2.3240557007404066
-5.866427378677978,0.01902794019932631,-0.058664273786779776,-0.09114302879712964,2.2534253727939975
-5.866427378677978,0.02273825207633715,-0.058664273786779776,-0.13015296148750835,2.179545097871996
-5.866427378677978,0.02644856395334799,-0.058664273786779776,-0.1760938116829929,2.1021316211822123
-5.866427378677978,0.03015887583035883,-0.058664273786779776,-0.22896557938358325,2.0208596196530646
-5.866427378677978,0.03386918770736967,-0.058664273786779776,-0.2887682645892795,1.9353531332889709
-5.866427378677978,0.03757949958438051,-0.058664273786779776,-0.3555018673000815,1.8451749359797776
-5.866427378677978,0.04128981146139135,-0.058664273786779776,-0.4291663875159893,1.7498133066121782
-5.866427378677978,0.04500012333840219,-0.058664273786779776,-0.5097618252370029,1.648665517132202
-5.866427378677978,0.04871043521541303,-0.058664273786779776,-0.5972881804631224,1.54101717413189
-5.866427378677978,0.05242074709242387,-0.058664273786779776,-0.6917454531943477,1.4260163285862484
-5.866427378677978,0.05613105896943471,-0.058664273786779776,-0.7931336434306787,1.3026410001502045
-5.866427378677978,0.05984137084644555,-0.058664273786779776,-0.9014527511721157,1.1696584480211054
-5.866427378677978,0.06355168272345639,-0.058664273786779776,-1.0167027764186585,1.025574169769343
-5.866427378677978,0.06726199460046722,-0.058664273786779776,-1.1388837191703065,0.8685682524893139
-5.866427378677978,0.07097230647747807,-0.058664273786779776,-1.267995579427061,0.6964164040496177
-5.866427378677978,0.0746826183544889,-0.058664273786779776,-1.4040383571889212,0.5063928901791392
-5.866427378677978,0.07839293023149975,-0.058664273786779776,-1.5470120524558872,0.2951529467994083
-5.866427378677978,0.08210324210851058,-0.058664273786779776,-1.6969166652279588,0.05859347475808985
-5.866427378677978,0.08581355398552143,-0.058664273786779776,-1.8537521955051368,-0.20830627856759798
-5.866427378677978,0.08952386586253226,-0.058664273786779776,-2.01751864328742,-0.5116565472756787
-5.866427378677978,0.09323417773954311,-0.058664273786779776,-2.188216008574809,-0.8588233016735749
-5.866427378677978,0.09694448961655394,-0.058664273786779776,-2.365844291367304,-1.2585529578958368
-5.866427378677978,0.10065480149356479,-0.058664273786779776,-2.550403491664905,-1.720991704742725
-5.866427378677978,0.10436511337057562,-0.058664273786779776,-2.7418936094676116,-2.257496801726594
-5.866427378677978,0.10807542524758647,-0.058664273786779776,-2.9403146447754245,-2.8800926210660664
-5.866427378677978,0.1117857371245973,-0.058664273786779776,-3.145666597588342,-3.600393189950916
-5.866427378677978,0.11549604900160815,-0.058664273786779776,-3.357949467906367,-4.427838553164794
-5.866427378677978,0.11920636087861898,-0.058664273786779776,-3.577163255729497,-5.367240928464303
-5.866427378677978,0.12291667275562983,-0.058664273786779776,-3.8033079610577327,-6.415964115752741
-5.866427378677978,0.12662698463264066,-0.058664273786779776,-4.036383583891074,-7.561521638378563
-5.866427378677978,0.1303372965096515,-0.058664273786779776,-4.276390124229521,-8.780728652844077
-5.866427378677978,0.13404760838666235,-0.058664273786779776,-4.523327582073075,-10.041373652982099
-5.866427378677978,0.13775792026367317,-0.058664273786779776,-4.777195957421733,-11.30646476462331
-5.866427378677978,0.14146823214068402,-0.058664273786779776,-5.0379952502754985,-12.539837752252712
-5.866427378677978,0.14517854401769487,-0.058664273786779776,-5.30572546063437,-13.711182762091294
-5.866427378677978,0.1488888558947057,-0.058664273786779776,-5.580386588498346,-14.798946945609014
-5.866427378677978,0.15259916777171653,-0.058664273786779776,-5.861978633867428,-15.790752950848232
-5.866427378677978,0.15630947964872738,-0.058664273786779776,-6.150501596741616,-16.682031654695614
-5.866427378677978,0.16001979152573823,-0.058664273786779776,-6.44595547712091,-17.47392678160161
-5.866427378677978,0.16373010340274907,-0.058664273786779776,-6.748340275005311,-18.17128371860604
-5.866427378677978,0.1674404152797599,-0.058664273786779776,-7.057655990394815,-18.781094820830482
-5.866427378677978,0.17115072715677074,-0.058664273786779776,-7.3739026232894265,-19.31144114700132
-5.866427378677978,0.17486103903378158,-0.058664273786779776,-7.6970801736891445,-19.770822883449917
-5.866427378677978,0.17857135091079243,-0.058664273786779776,-8.027188641593968,-20.167753168483298
-5.866427378677978,0.18228166278780325,-0.058664273786779776,-8.364228027003895,-20.510526557867106
-5.866427378677978,0.1859919746648141,-0.058664273786779776,-8.708198329918929,-20.80711575262017
-5.866427378677978,0.18970228654182494,-0.058664273786779776,-9.059099550339072,-21.06518081678697
-5.866427378677978,0.1934125984188358,-0.058664273786779776,-9.416931688264318,-21.29219379853322
-5.866427378677978,0.1971229102958466,-0.058664273786779776,-9.781694743694668,-21.495693807337652
-5.866427378677978,0.20083322217285746,-0.058664273786779776,-10.153388716630126,-21.683697368893544
-5.866427378677978,0.2045435340498683,-0.058664273786779776,-10.532013607070692,-21.865296021217254
-5.866427378677978,0.20825384592687915,-0.058664273786779776,-10.917569415016361,-22.051470151046725
-5.866427378677978,0.21196415780388997,-0.058664273786779776,-11.310056140467134,-22.256115398864008
-5.866427378677978,0.21567446968090082,-0.058664273786779776,-11.709473783423016,-22.497176214908595
-5.866427378677978,0.21938478155791166,-0.058664273786779776,-12.115822343884005,-22.797546643598324
-5.866427378677978,0.2230950934349225,-0.058664273786779776,-12.529101821850098,-23.18496644221229
-5.866427378677978,0.22680540531193333,-0.058664273786779776,-12.949312217321294,-23.68955736332432
-5.866427378677978,0.23051571718894417,-0.058664273786779776,-13.3764535302976,-24.337336432866238
-5.866427378677978,0.23422602906595502,-0.058664273786779776,-13.81052576077901,-25.13909571241935
-5.866427378677978,0.23793634094296587,-0.058664273786779776,-14.251528908765527,-26.077647514304605
-5.866427378677978,0.2416466528199767,-0.058664273786779776,-14.699462974257147,-27.101428016052438
-5.866427378677978,0.24535696469698753,-0.058664273786779776,-15.154327957253875,-28.133021644041538
-5.866427378677978,0.24906727657399838,-0.058664273786779776,-15.61612385775571,-29.09206226641045
-5.866427378677978,0.2527775884510092,-0.058664273786779776,-16.084850675762652,-29.919620037059996
-5.866427378677978,0.25648790032802005,-0.058664273786779776,-16.560508411274693,-30.589917995019775
-5.866427378677978,0.2601982122050309,-0.058664273786779776,-17.04309706429185,-31.106545730534002
-5.866427378677978,0.26390852408204174,-0.058664273786779776,-17.5326166348141,-31.49065362292155
-5.866427378677978,0.26761883595905256,-0.058664273786779776,-18.02906712284146,-31.769503723365823
-5.866427378677978,0.27132914783606343,-0.058664273786779776,-18.532448528373934,-31.969182120295965
-5.866427378677978,0.27503945971307425,-0.058664273786779776,-19.042760851411508,-32.11138307555325
-5.866427378677978,0.27874977159008507,-0.058664273786779776,-19.560004091954184,-32.212769984535605
-5.866427378677978,0.28246008346709595,-0.058664273786779776,-20.084178250001976,-32.2855424093964
-5.866427378677978,0.28617039534410676,-0.058664273786779776,-20.615283325554863,-32.33837294039591
-5.866427378677978,0.28988070722111764,-0.058664273786779776,-21.153319318612866,-32.37731849226298
-5.866427378677978,0.29359101909812846,-0.058664273786779776,-21.698286229175967,-32.40656683706632
-5.866427378677978,0.2973013309751393,-0.058664273786779776,-22.250184057244173,-32.42899943106175
-5.866427378677978,0.30101164285215015,-0.058664273786779776,-22.809012802817495,-32.44659666412064
-5.866427378677978,0.30472195472916097,-0.058664273786779776,-23.37477246589591,-32.460721896143944
-4.478550527208943,0.011607316445304631,-0.04478550527208944,-0.033541939204151765,2.4637909997403282
-4.478550527208943,0.015317628322315471,-0.04478550527208944,-0.05841273924939211,2.3966991644749287
-4.478550527208943,0.01902794019932631,-0.04478550527208944,-0.09013803244921754,2.3265718712141217
-4.478550527208943,0.02273825207633715,-0.04478550527208944,-0.1287178188036281,2.2531548920894977
-4.478550527208943,0.02644856395334799,-0.04478550527208944,-0.17415209831262377,2.1761576465330164
-4.478550527208943,0.03015887583035883,-0.04478550527208944,-0.22644087097620452,2.095245918078766
-4.478550527208943,0.03386918770736967,-0.04478550527208944,-0.28558413679437045,2.0100328237888654
-4.478550527208943,0.03757949958438051,-0.04478550527208944,-0.3515818957671214,1.9200675750514236
-4.478550527208943,0.04128981146139135,-0.04478550527208944,-0.4244341478944575,1.8248214420011954
-4.478550527208943,0.04500012333840219,-0.04478550527208944,-0.5041408931763787,1.7236701737963995
-4.478550527208943,0.04871043521541303,-0.04478550527208944,-0.590702131612885,1.6158719263770094
-4.478550527208943,0.05242074709242387,-0.04478550527208944,-0.6841178632039764,1.5005395012195086
-4.478550527208943,0.05613105896943471,-0.04478550527208944,-0.7843880879496529,1.3766053980019428
-4.478550527208943,0.05984137084644555,-0.04478550527208944,-0.8915128058499144,1.2427778314811755
-4.478550527208943,0.06355168272345639,-0.04478550527208944,-1.0054920169047612,1.0974854709533968
-4.478550527208943,0.06726199460046722,-0.04478550527208944,-1.1263257211141926,0.9388082666864965
-4.478550527208943,0.07097230647747807,-0.04478550527208944,-1.2540139184782098,0.7643914154977789
-4.478550527208943,0.0746826183544889,-0.04478550527208944,-1.3885566089968115,0.5713394554986233
-4.478550527208943,0.07839293023149975,-0.04478550527208944,-1.5299537926699989,0.35608798385056395
-4.478550527208943,0.08210324210851058,-0.04478550527208944,-1.6782054694977708,0.11425212469125157
-4.478550527208943,0.08581355398552143,-0.04478550527208944,-1.8333116394801285,-0.15954540566263664
-4.478550527208943,0.08952386586253226,-0.04478550527208944,-1.9952723026170707,-0.47185644921908665
-4.478550527208943,0.09323417773954311,-0.04478550527208944,-2.164087458908598,-0.8305763680057505
-4.478550527208943,0.09694448961655394,-0.04478550527208944,-2.339757108354711,-1.2450544479053096
-4.478550527208943,0.10065480149356479,-0.04478550527208944,-2.5222812509554084,-1.7260671017038574
-4.478550527208943,0.10436511337057562,-0.04478550527208944,-2.7116598867106916,-2.2855311602171104
-4.478550527208943,0.10807542524758647,-0.04478550527208944,-2.9078930156205596,-2.9357892921744746
-4.478550527208943,0.1117857371245973,-0.04478550527208944,-3.110980637685012,-3.688281478945414
-4.478550527208943,0.11549604900160815,-0.04478550527208944,-3.3209227529040506,-4.551480671930533
-4.478550527208943,0.11920636087861898,-0.04478550527208944,-3.5377193612776736,-5.5281890495877475
-4.478550527208943,0.12291667275562983,-0.04478550527208944,-3.7613704628058824,-6.612695192123361
-4.478550527208943,0.12662698463264066,-0.04478550527208944,-3.9918760574886756,-7.788764280152849
-4.478550527208943,0.1303372965096515,-0.04478550527208944,-4.2292361453260545,-9.029634905467322
-4.478550527208943,0.13404760838666235,-0.04478550527208944,-4.473450726318019,-10.300728766181503
-4.478550527208943,0.13775792026367317,-0.04478550527208944,-4.7245198004645665,-11.56462692476355
-4.478550527208943,0.14146823214068402,-0.04478550527208944,-4.9824433677657005,-12.78668898078532
-4.478550527208943,0.14517854401769487,-0.04478550527208944,-5.247221428221419,-13.939389305175617
-4.478550527208943,0.1488888558947057,-0.04478550527208944,-5.518853981831724,-15.004254845503423
-4.478550527208943,0.15259916777171653,-0.04478550527208944,-5.797341028596612,-15.97152739337489
-4.478550527208943,0.15630947964872738,-0.04478550527208944,-6.082682568516087,-16.83847073610034
-4.478550527208943,0.16001979152573823,-0.04478550527208944,-6.374878601590146,-17.607312491573133
-4.478550527208943,0.16373010340274907,-0.04478550527208944,-6.673929127818791,-18.283441240425805
-4.478550527208943,0.1674404152797599,-0.04478550527208944,-6.979834147202019,-18.874071175654322
-4.478550527208943,0.17115072715677074,-0.04478550527208944,-7.292593659739834,-19.38734019848873
-4.478550527208943,0.17486103903378158,-0.04478550527208944,-7.612207665432235,-19.831726872944305
-4.478550527208943,0.17857135091079243,-0.04478550527208944,-7.93867616427922,-20.215683413749897
-4.478550527208943,0.18228166278780325,-0.04478550527208944,-8.27199915628079,-20.54742095466757
-4.478550527208943,0.1859919746648141,-0.04478550527208944,-8.612176641436944,-20.834817495319538
-4.478550527208943,0.18970228654182494,-0.04478550527208944,-8.959208619747686,-21.085440739375713
-4.478550527208943,0.1934125984188358,-0.04478550527208944,-9.313095091213013,-21.306691141348008
-4.478550527208943,0.1971229102958466,-0.04478550527208944,-9.67383605583292,-21.506080222437124
-4.478550527208943,0.20083322217285746,-0.04478550527208944,-10.041431513607415,-21.691668316458003
-4.478550527208943,0.2045435340498683,-0.04478550527208944,-10.415881464536497,-21.872692368609137
-4.478550527208943,0.20825384592687915,-0.04478550527208944,-10.797185908620165,-22.060408867698353
-4.478550527208943,0.21196415780388997,-0.04478550527208944,-11.185344845858413,-22.269137462519065
-4.478550527208943,0.21567446968090082,-0.04478550527208944,-11.58035827625125,-22.517375016107497
-4.478550527208943,0.21938478155791166,-0.04478550527208944,-11.98222619979867,-22.828592800177468
-4.478550527208943,0.2230950934349225,-0.04478550527208944,-12.390948616500676,-23.230874968544217
-4.478550527208943,0.22680540531193333,-0.04478550527208944,-12.806525526357266,-23.753986424913275
-4.478550527208943,0.23051571718894417,-0.04478550527208944,-13.228956929368444,-24.422276191048656
-4.478550527208943,0.23422602906595502,-0.04478550527208944,-13.658242825534206,-25.24317351806722
-4.478550527208943,0.23793634094296587,-0.04478550527208944,-14.094383214854552,-26.194937411296692
-4.478550527208943,0.2416466528199767,-0.04478550527208944,-14.537378097329482,-27.222022554933435
-4.478550527208943,0.24535696469698753,-0.04478550527208944,-14.987227472959,-28.245784319993643
-4.478550527208943,0.24906727657399838,-0.04478550527208944,-15.443931341743102,-29.18818037836554
-4.478550527208943,0.2527775884510092,-0.04478550527208944,-15.907489703681792,-29.994778393462443
-4.478550527208943,0.25648790032802005,-0.04478550527208944,-16.37790255877506,-30.6441761357453
-4.478550527208943,0.2601982122050309,-0.04478550527208944,-16.855169907022923,-31.142748641093345
-4.478550527208943,0.26390852408204174,-0.04478550527208944,-17.33929174842536,-31.5126907700573
-4.478550527208943,0.26761883595905256,-0.04478550527208944,-17.830268082982386,-31.781141056901543
-4.478550527208943,0.27132914783606343,-0.04478550527208944,-18.328098910694003,-31.97353244019181
-4.478550527208943,0.27503945971307425,-0.04478550527208944,-18.8327842315602,-32.110797368394564
-4.478550527208943,0.27874977159008507,-0.04478550527208944,-19.34432404558098,-32.20892752365097
-4.478550527208943,0.28246008346709595,-0.04478550527208944,-19.862718352756353,-32.279600366404814
-4.478550527208943,0.28617039534410676,-0.04478550527208944,-20.3879671530863,-32.33110994523886
-4.478550527208943,0.28988070722111764,-0.04478550527208944,-20.920070446570843,-32.36924993572202
-4.478550527208943,0.29359101909812846,-0.04478550527208944,-21.459028233209963,-32.398029769184554
-4.478550527208943,0.2973013309751393,-0.04478550527208944,-22.00484051300367,-32.420212086168235
-4.478550527208943,0.30101164285215015,-0.04478550527208944,-22.557507285951967,-32.43769898433077
-4.478550527208943,0.30472195472916097,-0.04478550527208944,-23.117028552054844,-32.45180261791788
-3.0906736757399096,0.011607316445304631,-0.030906736757399095,-0.03316796247661389,2.535881854055436
-3.0906736757399096,0.015317628322315471,-0.030906736757399095,-0.057761464886927495,2.46933545907076
-3.0906736757399096,0.01902794019932631,-0.030906736757399095,-0.08913303610130548,2.3997197968487463
-3.0906736757399096,0.02273825207633715,-0.030906736757399095,-0.12728267611974786,2.326773910127658
-3.0906736757399096,0.02644856395334799,-0.030906736757399095,-0.17221038494225466,2.2501991101558234
-3.0906736757399096,0.03015887583035883,-0.030906736757399095,-0.22391616256882582,2.169651300292754
-3.0906736757399096,0.03386918770736967,-0.030906736757399095,-0.28240000899946144,2.0847314277646536
-3.0906736757399096,0.03757949958438051,-0.030906736757399095,-0.34766192423416137,1.994973561633256
-3.0906736757399096,0.04128981146139135,-0.030906736757399095,-0.41970190827292575,1.8998299552175275
-3.0906736757399096,0.04500012333840219,-0.030906736757399095,-0.4985199611157545,1.7986522737698374
-3.0906736757399096,0.04871043521541303,-0.030906736757399095,-0.5841160827626476,1.6906679451362743
-3.0906736757399096,0.05242074709242387,-0.030906736757399095,-0.6764902732136052,1.5749503146794328
-3.0906736757399096,0.05613105896943471,-0.030906736757399095,-0.775642532468627,1.4503809506140295
-3.0906736757399096,0.05984137084644555,-0.030906736757399095,-0.8815728605277133,1.3156020536624016
-3.0906736757399096,0.06355168272345639,-0.030906736757399095,-0.9942812573908641,1.1689564924412872
-3.0906736757399096,0.06726199460046722,-0.030906736757399095,-1.113767723058079,1.0084125609516434
-3.0906736757399096,0.07097230647747807,-0.030906736757399095,-1.2400322575293585,0.8314702432142134
-3.0906736757399096,0.0746826183544889,-0.030906736757399095,-1.3730748608047023,0.6350457850161475
-3.0906736757399096,0.07839293023149975,-0.030906736757399095,-1.5128955328841107,0.4153321116770201
-3.0906736757399096,0.08210324210851058,-0.030906736757399095,-1.659494273767583,0.16763479968117578
-3.0906736757399096,0.08581355398552143,-0.030906736757399095,-1.8128710834551205,-0.11381190353200776
-3.0906736757399096,0.08952386586253226,-0.030906736757399095,-1.9730259619467216,-0.43603524586104836
-3.0906736757399096,0.09323417773954311,-0.030906736757399095,-2.1399589092423876,-0.8074901479753744
-3.0906736757399096,0.09694448961655394,-0.030906736757399095,-2.3136699253421176,-1.238144557900048
-3.0906736757399096,0.10065480149356479,-0.030906736757399095,-2.4941590102459124,-1.7393881768592192
-3.0906736757399096,0.10436511337057562,-0.030906736757399095,-2.681426163953771,-2.323620438385285
-3.0906736757399096,0.10807542524758647,-0.030906736757399095,-2.875471386465695,-3.003331782630885
-3.0906736757399096,0.1117857371245973,-0.030906736757399095,-3.076294677781682,-3.789496112574387
-3.0906736757399096,0.11549604900160815,-0.030906736757399095,-3.283896037901735,-4.689208549094396
-3.0906736757399096,0.11920636087861898,-0.030906736757399095,-3.4982754668258513,-5.702799638660829
-3.0906736757399096,0.12291667275562983,-0.030906736757399095,-3.7194329645540325,-6.821122706515335
-3.0906736757399096,0.12662698463264066,-0.030906736757399095,-3.9473685310862776,-8.024136655018014
-3.0906736757399096,0.1303372965096515,-0.030906736757399095,-4.182082166422587,-9.281884261678085
-3.0906736757399096,0.13404760838666235,-0.030906736757399095,-4.423573870562962,-10.558184397666574
-3.0906736757399096,0.13775792026367317,-0.030906736757399095,-4.671843643507399,-11.816072091187692
-3.0906736757399096,0.14146823214068402,-0.030906736757399095,-4.926891485255903,-13.023100185494641
-3.0906736757399096,0.14517854401769487,-0.030906736757399095,-5.18871739580847,-14.154795318318651
-3.0906736757399096,0.1488888558947057,-0.030906736757399095,-5.457321375165102,-15.195660445156493
-3.0906736757399096,0.15259916777171653,-0.030906736757399095,-5.732703423325797,-16.138249077305915
-3.0906736757399096,0.15630947964872738,-0.030906736757399095,-6.014863540290558,-16.981320011663463
-3.0906736757399096,0.16001979152573823,-0.030906736757399095,-6.303801726059383,-17.727916346617654
-3.0906736757399096,0.16373010340274907,-0.030906736757399095,-6.599517980632274,-18.383794697765698
-3.0906736757399096,0.1674404152797599,-0.030906736757399095,-6.902012304009225,-18.956290323432647
-3.0906736757399096,0.17115072715677074,-0.030906736757399095,-7.211284696190243,-19.453542460071173
-3.0906736757399096,0.17486103903378158,-0.030906736757399095,-7.527335157175327,-19.883975339393068
-3.0906736757399096,0.17857135091079243,-0.030906736757399095,-7.850163686964474,-20.255958217394976
-3.0906736757399096,0.18228166278780325,-0.030906736757399095,-8.179770285557684,-20.577603023331335
-3.0906736757399096,0.1859919746648141,-0.030906736757399095,-8.51615495295496,-20.856682982929357
-3.0906736757399096,0.18970228654182494,-0.030906736757399095,-8.8593176891563,-21.10066969018813
-3.0906736757399096,0.1934125984188358,-0.030906736757399095,-9.209258494161705,-21.316895053656285
-3.0906736757399096,0.1971229102958466,-0.030906736757399095,-9.565977367971174,-21.5128528476852
-3.0906736757399096,0.20083322217285746,-0.030906736757399095,-9.929474310584705,-21.696663396308978
-3.0906736757399096,0.2045435340498683,-0.030906736757399095,-10.299749322002304,-21.87773058089035
-3.0906736757399096,0.20825384592687915,-0.030906736757399095,-10.676802402223966,-22.067611732815912
-3.0906736757399096,0.21196415780388997,-0.030906736757399095,-11.06063355124969,-22.281073705588618
-3.0906736757399096,0.21567446968090082,-0.030906736757399095,-11.451242769079483,-22.537177472294257
-3.0906736757399096,0.21938478155791166,-0.030906736757399095,-11.84863005571334,-22.859953540488693
-3.0906736757399096,0.2230950934349225,-0.030906736757399095,-12.252795411151258,-23.277756235818945
-3.0906736757399096,0.22680540531193333,-0.030906736757399095,-12.66373883539324,-23.819839509172162
-3.0906736757399096,0.23051571718894417,-0.030906736757399095,-13.08146032843929,-24.508662763314675
-3.0906736757399096,0.23422602906595502,-0.030906736757399095,-13.505959890289402,-25.34809751448297
-3.0906736757399096,0.23793634094296587,-0.030906736757399095,-13.937237520943581,-26.311852832015624
-3.0906736757399096,0.2416466528199767,-0.030906736757399095,-14.37529322040182,-27.340719080083094
-3.0906736757399096,0.24535696469698753,-0.030906736757399095,-14.820126988664127,-28.355333080735402
-3.0906736757399096,0.24906727657399838,-0.030906736757399095,-15.271738825730498,-29.280367229671
-3.0906736757399096,0.2527775884510092,-0.030906736757399095,-15.730128731600935,-30.065948950059916
-3.0906736757399096,0.25648790032802005,-0.030906736757399095,-16.19529670627543,-30.694849274671746
-3.0906736757399096,0.2601982122050309,-0.030906736757399095,-16.667242749754,-31.17596251283806
-3.0906736757399096,0.26390852408204174,-0.030906736757399095,-17.145966862036623,-31.532334027439084
-3.0906736757399096,0.26761883595905256,-0.030906736757399095,-17.63146904312331,-31.79088495142152
-3.0906736757399096,0.27132914783606343,-0.030906736757399095,-18.123749293014072,-31.976372151354187
-3.0906736757399096,0.27503945971307425,-0.030906736757399095,-18.622807611708893,-32.10897829513112
-3.0906736757399096,0.27874977159008507,-0.030906736757399095,-19.128643999207775,-32.20404647595456
-3.0906736757399096,0.28246008346709595,-0.030906736757399095,-19.64125845551073,-32.27275474180112
-3.0906736757399096,0.28617039534410676,-0.030906736757399095,-20.16065098061774,-32.323036866596745
-3.0906736757399096,0.28988070722111764,-0.030906736757399095,-20.686821574528825,-32.360436674896484
-3.0906736757399096,0.29359101909812846,-0.030906736757399095,-21.219770237243964,-32.38879457473379
-3.0906736757399096,0.2973013309751393,-0.030906736757399095,-21.75949696876317,-32.410760682993434
-3.0906736757399096,0.30101164285215015,-0.030906736757399095,-22.306001769086446,-32.428162980281826
-3.0906736757399096,0.30472195472916097,-0.030906736757399095,-22.85928463821378,-32.442265159331235
-1.7027968242708753,0.011607316445304631,-0.017027968242708753,-0.03279398574907601,2.6079512552935507
-1.7027968242708753,0.015317628322315471,-0.017027968242708753,-0.057110190524462874,2.541955250094052
-1.7027968242708753,0.01902794019932631,-0.017027968242708753,-0.08812803975339341,2.4728559465570568
-1.7027968242708753,0.02273825207633715,-0.017027968242708753,-0.1258475334358676,2.400385007698265
-1.7027968242708753,0.02644856395334799,-0.017027968242708753,-0.17026867157188552,2.3242348102812027
-1.7027968242708753,0.03015887583035883,-0.017027968242708753,-0.2213914541614471,2.2440503276471535
-1.7027968242708753,0.03386918770736967,-0.017027968242708753,-0.27921588120455243,2.1594190017840864
-1.7027968242708753,0.03757949958438051,-0.017027968242708753,-0.34374195270120134,2.0698580573969423
-1.7027968242708753,0.04128981146139135,-0.017027968242708753,-0.414969668651394,1.9747985561897836
-1.7027968242708753,0.04500012333840219,-0.017027968242708753,-0.4928990290551303,1.8735652929641529
-1.7027968242708753,0.04871043521541303,-0.017027968242708753,-0.5775300339124103,1.7653513875363258
-1.7027968242708753,0.05242074709242387,-0.017027968242708753,-0.668862683223234,1.6491861194413173
-1.7027968242708753,0.05613105896943471,-0.017027968242708753,-0.7668969769876013,1.523894180721754
-1.7027968242708753,0.05984137084644555,-0.017027968242708753,-0.8716329152055122,1.388044089372081
-1.7027968242708753,0.06355168272345639,-0.017027968242708753,-0.983070497876967,1.2398830351973948
-1.7027968242708753,0.06726199460046722,-0.017027968242708753,-1.1012097250019652,1.0772549829009097
-1.7027968242708753,0.07097230647747807,-0.017027968242708753,-1.2260505965805073,0.8974985698976521
-1.7027968242708753,0.0746826183544889,-0.017027968242708753,-1.3575931126125929,0.6973214779970378
-1.7027968242708753,0.07839293023149975,-0.017027968242708753,-1.4958372730982223,0.4726490293222132
-1.7027968242708753,0.08210324210851058,-0.017027968242708753,-1.6407830780373953,0.2184476383496592
-1.7027968242708753,0.08581355398552143,-0.017027968242708753,-1.7924305274301124,-0.07147009560072237
-1.7027968242708753,0.08952386586253226,-0.017027968242708753,-1.9507796212763726,-0.4046402068418191
-1.7027968242708753,0.09323417773954311,-0.017027968242708753,-2.1158303595761767,-0.7901034337192683
-1.7027968242708753,0.09694448961655394,-0.017027968242708753,-2.2875827423295245,-1.2384519578403257
-1.7027968242708753,0.10065480149356479,-0.017027968242708753,-2.4660367695364163,-1.7616516221850982
-1.7027968242708753,0.10436511337057562,-0.017027968242708753,-2.651192441196851,-2.372473879537254
-1.7027968242708753,0.10807542524758647,-0.017027968242708753,-2.84304975731083,-3.083339233457425
-1.7027968242708753,0.1117857371245973,-0.017027968242708753,-3.0416087178783524,-3.9044110495346676
-1.7027968242708753,0.11549604900160815,-0.017027968242708753,-3.246869322899419,-4.840960411844547
-1.7027968242708753,0.11920636087861898,-0.017027968242708753,-3.4588315723740286,-5.89040086197691
-1.7027968242708753,0.12291667275562983,-0.017027968242708753,-3.6774954663021826,-7.039888161078408
-1.7027968242708753,0.12662698463264066,-0.017027968242708753,-3.9028610046838796,-8.265688696016445
-1.7027968242708753,0.1303372965096515,-0.017027968242708753,-4.134928187519121,-9.535210289994795
-1.7027968242708753,0.13404760838666235,-0.017027968242708753,-4.373697014807906,-10.811526310496296
-1.7027968242708753,0.13775792026367317,-0.017027968242708753,-4.619167486550233,-12.058959966724114
-1.7027968242708753,0.14146823214068402,-0.017027968242708753,-4.871339602746105,-13.247774167307208
-1.7027968242708753,0.14517854401769487,-0.017027968242708753,-5.130213363395521,-14.356648157227154
-1.7027968242708753,0.1488888558947057,-0.017027968242708753,-5.39578876849848,-15.372848479630518
-1.7027968242708753,0.15259916777171653,-0.017027968242708753,-5.668065818054982,-16.290901135276943
-1.7027968242708753,0.15630947964872738,-0.017027968242708753,-5.9470445120650295,-17.11074200814647
-1.7027968242708753,0.16001979152573823,-0.017027968242708753,-6.232724850528621,-17.83599880970517
-1.7027968242708753,0.16373010340274907,-0.017027968242708753,-6.525106833445755,-18.472653902442097
-1.7027968242708753,0.1674404152797599,-0.017027968242708753,-6.824190460816431,-19.028083748386184
-1.7027968242708753,0.17115072715677074,-0.017027968242708753,-7.129975732640653,-19.5103840798208
-1.7027968242708753,0.17486103903378158,-0.017027968242708753,-7.442462648918419,-19.92789691046377
-1.7027968242708753,0.17857135091079243,-0.017027968242708753,-7.761651209649727,-20.28888909679256
-1.7027968242708753,0.18228166278780325,-0.017027968242708753,-8.087541414834579,-20.601359857507735
-1.7027968242708753,0.1859919746648141,-0.017027968242708753,-8.420133264472975,-20.872970104760473
-1.7027968242708753,0.18970228654182494,-0.017027968242708753,-8.759426758564915,-21.11109425628528
-1.7027968242708753,0.1934125984188358,-0.017027968242708753,-9.1054218971104,-21.323001261523643
-1.7027968242708753,0.1971229102958466,-0.017027968242708753,-9.458118680109425,-21.516179142624097
-1.7027968242708753,0.20083322217285746,-0.017027968242708753,-9.817517107561995,-21.698826013675955
-1.7027968242708753,0.2045435340498683,-0.017027968242708753,-10.183617179468111,-21.880535172938572
-1.7027968242708753,0.20825384592687915,-0.017027968242708753,-10.55641889582777,-22.073189572376574
-1.7027968242708753,0.21196415780388997,-0.017027968242708753,-10.93592225664097,-22.292025060968385
-1.7027968242708753,0.21567446968090082,-0.017027968242708753,-11.322127261907717,-22.55667465924065
-1.7027968242708753,0.21938478155791166,-0.017027968242708753,-11.715033911628007,-22.891702941714378
-1.7027968242708753,0.2230950934349225,-0.017027968242708753,-12.11464220580184,-23.32564951223058
-1.7027968242708753,0.22680540531193333,-0.017027968242708753,-12.520952144429213,-23.887092610510923
-1.7027968242708753,0.23051571718894417,-0.017027968242708753,-12.933963727510134,-24.59637951278565
-1.7027968242708753,0.23422602906595502,-0.017027968242708753,-13.3536769550446,-25.45365056451156
-1.7027968242708753,0.23793634094296587,-0.017027968242708753,-13.780091827032608,-26.428111897453956
-1.7027968242708753,0.2416466528199767,-0.017027968242708753,-14.213208343474157,-27.45724456754813
-1.7027968242708753,0.24535696469698753,-0.017027968242708753,-14.653026504369253,-28.461473436680553
-1.7027968242708753,0.24906727657399838,-0.017027968242708753,-15.099546309717892,-29.368531625996848
-1.7027968242708753,0.2527775884510092,-0.017027968242708753,-15.552767759520078,-30.133121843372802
-1.7027968242708753,0.25648790032802005,-0.017027968242708753,-16.012690853775798,-30.741968505540836
-1.7027968242708753,0.2601982122050309,-0.017027968242708753,-16.479315592485076,-31.2062260999346
-1.7027968242708753,0.26390852408204174,-0.017027968242708753,-16.952641975647882,-31.549611867209467
-1.7027968242708753,0.26761883595905256,-0.017027968242708753,-17.43267000326424,-31.79874787725979
-1.7027968242708753,0.27132914783606343,-0.017027968242708753,-17.919399675334144,-31.977698518840313
-1.7027968242708753,0.27503945971307425,-0.017027968242708753,-18.412830991857586,-32.10591106558896
-1.7027968242708753,0.27874977159008507,-0.017027968242708753,-18.91296395283457,-32.198103367379005
-1.7027968242708753,0.28246008346709595,-0.017027968242708753,-19.419798558265107,-32.264976171656286
-1.7027968242708753,0.28617039534410676,-0.017027968242708753,-19.93333480814918,-32.31412052006011
-1.7027968242708753,0.28988070722111764,-0.017027968242708753,-20.453572702486806,-32.35084314802793
-1.7027968242708753,0.29359101909812846,-0.017027968242708753,-20.980512241277964,-32.37882428640588
-1.7027968242708753,0.2973013309751393,-0.017027968242708753,-21.514153424522668,-32.400607489360205
-1.7027968242708753,0.30101164285215015,-0.017027968242708753,-22.054496252220925,-32.417950571726855
-1.7027968242708753,0.30472195472916097,-0.017027968242708753,-22.601540724372715,-32.432071360796556
-0.3149199728018411,0.011607316445304631,-0.003149199728018411,-0.03242000902153813,2.680001165945149
-0.3149199728018411,0.015317628322315471,-0.003149199728018411,-0.05645891616199826,2.6145563932998748
-0.3149199728018411,0.01902794019932631,-0.003149199728018411,-0.08712304340548134,2.5459739868870956
-0.3149199728018411,0.02273825207633715,-0.003149199728018411,-0.12441239075198737,2.473977545924776
-0.3149199728018411,0.02644856395334799,-0.003149199728018411,-0.1683269582015164,2.398249637197307
-0.3149199728018411,0.03015887583035883,-0.003149199728018411,-0.2188667457540684,2.318423184351177
-0.3149199728018411,0.03386918770736967,-0.003149199728018411,-0.2760317534096434,2.234070691416692
-0.3149199728018411,0.03757949958438051,-0.003149199728018411,-0.3398219811682413,2.144690702898459
-0.3149199728018411,0.04128981146139135,-0.003149199728018411,-0.4102374290298622,2.04969073194549
-0.3149199728018411,0.04500012333840219,-0.003149199728018411,-0.4872780969945061,1.9483656704460237
-0.3149199728018411,0.04871043521541303,-0.003149199728018411,-0.5709439850621729,1.839870420578029
-0.3149199728018411,0.05242074709242387,-0.003149199728018411,-0.6612350932328628,1.723185147472593
-0.3149199728018411,0.05613105896943471,-0.003149199728018411,-0.7581514215065756,1.5970711426767858
-0.3149199728018411,0.05984137084644555,-0.003149199728018411,-0.8616929698833112,1.4600148148774792
-0.3149199728018411,0.06355168272345639,-0.003149199728018411,-0.9718597383630699,1.3101568195004571
-0.3149199728018411,0.06726199460046722,-0.003149199728018411,-1.0886517269458513,1.1452028834089354
-0.3149199728018411,0.07097230647747807,-0.003149199728018411,-1.212068935631656,0.9623126492205618
-0.3149199728018411,0.0746826183544889,-0.003149199728018411,-1.3421113644204836,0.7579631974575027
-0.3149199728018411,0.07839293023149975,-0.003149199728018411,-1.4787790133123342,0.5277854327143796
-0.3149199728018411,0.08210324210851058,-0.003149199728018411,-1.6220718823072076,0.2663753350963498
-0.3149199728018411,0.08581355398552143,-0.003149199728018411,-1.7719899714051044,-0.032910040810226304
-0.3149199728018411,0.08952386586253226,-0.003149199728018411,-1.9285332806060236,-0.37814734765349645
-0.3149199728018411,0.09323417773954311,-0.003149199728018411,-2.0917018099099662,-0.7789833831685675
-0.3149199728018411,0.09694448961655394,-0.003149199728018411,-2.2614955593169315,-1.2466264367377566
-0.3149199728018411,0.10065480149356479,-0.003149199728018411,-2.4379145288269197,-1.7935561788965422
-0.3149199728018411,0.10436511337057562,-0.003149199728018411,-2.620958718439931,-2.4327662497729876
-0.3149199728018411,0.10807542524758647,-0.003149199728018411,-2.8106281281559657,-3.176338686332323
-0.3149199728018411,0.1117857371245973,-0.003149199728018411,-3.0069227579750226,-4.033232908344232
-0.3149199728018411,0.11549604900160815,-0.003149199728018411,-3.209842607897103,-5.006430895634282
-0.3149199728018411,0.11920636087861898,-0.003149199728018411,-3.4193876779222063,-6.0900311060602785
-0.3149199728018411,0.12291667275562983,-0.003149199728018411,-3.6355579680503327,-7.26736172641339
-0.3149199728018411,0.12662698463264066,-0.003149199728018411,-3.8583534782814817,-8.511296703614851
-0.3149199728018411,0.1303372965096515,-0.003149199728018411,-4.087774208615653,-9.787325168315
-0.3149199728018411,0.13404760838666235,-0.003149199728018411,-4.3238201590528496,-11.058669278426441
-0.3149199728018411,0.13775792026367317,-0.003149199728018411,-4.566491329593066,-12.291674511928074
-0.3149199728018411,0.14146823214068402,-0.003149199728018411,-4.815787720236308,-13.459659487996333
-0.3149199728018411,0.14517854401769487,-0.003149199728018411,-5.071709330982571,-14.544406814638188
-0.3149199728018411,0.1488888558947057,-0.003149199728018411,-5.334256161831859,-15.535658507538233
-0.3149199728018411,0.15259916777171653,-0.003149199728018411,-5.603428212784168,-16.42956800159158
-0.3149199728018411,0.15630947964872738,-0.003149199728018411,-5.879225483839501,-17.226961517261483
-0.3149199728018411,0.16001979152573823,-0.003149199728018411,-6.161647974997858,-17.931857987728236
-0.3149199728018411,0.16373010340274907,-0.003149199728018411,-6.450695686259237,-18.55035143535646
-0.3149199728018411,0.1674404152797599,-0.003149199728018411,-6.746368617623636,-19.089795967950923
-0.3149199728018411,0.17115072715677074,-0.003149199728018411,-7.048666769091062,-19.55820683392345
-0.3149199728018411,0.17486103903378158,-0.003149199728018411,-7.357590140661511,-19.963819648128112
-0.3149199728018411,0.17857135091079243,-0.003149199728018411,-7.673138732334981,-20.314781860338087
-0.3149199728018411,0.18228166278780325,-0.003149199728018411,-7.995312544111474,-20.618968898273536
-0.3149199728018411,0.1859919746648141,-0.003149199728018411,-8.32411157599099,-20.883924455897475
-0.3149199728018411,0.18970228654182494,-0.003149199728018411,-8.659535827973531,-21.116927336043403
-0.3149199728018411,0.1934125984188358,-0.003149199728018411,-9.001585300059094,-21.325191465905025
-0.3149199728018411,0.1971229102958466,-0.003149199728018411,-9.350259992247677,-21.516213001535032
-0.3149199728018411,0.20083322217285746,-0.003149199728018411,-9.705559904539285,-21.698286979198084
-0.3149199728018411,0.2045435340498683,-0.003149199728018411,-10.067485036933919,-21.88121925291966
-0.3149199728018411,0.20825384592687915,-0.003149199728018411,-10.436035389431574,-22.07724288871157
-0.3149199728018411,0.21196415780388997,-0.003149199728018411,-10.811210962032249,-22.302082721079167
-0.3149199728018411,0.21567446968090082,-0.003149199728018411,-11.19301175473595,-22.57594749762487
-0.3149199728018411,0.21938478155791166,-0.003149199728018411,-11.581437767542676,-22.923903000110233
-0.3149199728018411,0.2230950934349225,-0.003149199728018411,-11.976489000452421,-23.37457840642878
-0.3149199728018411,0.22680540531193333,-0.003149199728018411,-12.378165453465188,-23.95570185924762
-0.3149199728018411,0.23051571718894417,-0.003149199728018411,-12.78646712658098,-24.685287993870944
-0.3149199728018411,0.23422602906595502,-0.003149199728018411,-13.201394019799796,-25.559597750836005
-0.3149199728018411,0.23793634094296587,-0.003149199728018411,-13.622946133121635,-26.543425729789234
-0.3149199728018411,0.2416466528199767,-0.003149199728018411,-14.051123466546494,-27.57133145018742
-0.3149199728018411,0.24535696469698753,-0.003149199728018411,-14.48592602007438,-28.564023179765833
-0.3149199728018411,0.24906727657399838,-0.003149199728018411,-14.927353793705288,-29.452593424946972
-0.3149199728018411,0.2527775884510092,-0.003149199728018411,-15.37540678743922,-30.196292530392764
-0.3149199728018411,0.25648790032802005,-0.003149199728018411,-15.830085001276169,-30.7855645985979
-0.3149199728018411,0.2601982122050309,-0.003149199728018411,-16.291388435216152,-31.233574390187115
-0.3149199728018411,0.26390852408204174,-0.003149199728018411,-16.759317089259145,-31.5645476455937
-0.3149199728018411,0.26761883595905256,-0.003149199728018411,-17.233870963405163,-31.804737079181297
-0.3149199728018411,0.27132914783606343,-0.003149199728018411,-17.715050057654214,-31.977503987622757
-0.3149199728018411,0.27503945971307425,-0.003149199728018411,-18.202854372006282,-32.101576585709
-0.3149199728018411,0.27874977159008507,-0.003149199728018411,-18.69728390646137,-32.19107087896385
-0.3149199728018411,0.28246008346709595,-0.003149199728018411,-19.198338661019488,-32.25623180460382
-0.3149199728018411,0.28617039534410676,-0.003149199728018411,-19.706018635680618,-32.304324495888686
-0.3149199728018411,0.28988070722111764,-0.003149199728018411,-20.220323830444784,-32.34043075553799
-0.3149199728018411,0.29359101909812846,-0.003149199728018411,-20.741254245311964,-32.36807903288785
-0.3149199728018411,0.2973013309751393,-0.003149199728018411,-21.268809880282166,-32.38971196589544
-0.3149199728018411,0.30101164285215015,-0.003149199728018411,-21.8029907353554,-32.40702094311493
-0.3149199728018411,0.30472195472916097,-0.003149199728018411,-22.34379681053165,-32.42118038272909
1.0729568786671932,0.011607316445304631,0.010729568786671933,-0.03204603229400026,2.7520414582063824
1.0729568786671932,0.015317628322315471,0.010729568786671933,-0.05580764179953363,2.687144404694699
1.0729568786671932,0.01902794019932631,0.010729568786671933,-0.08611804705756924,2.619074954763282
1.0729568786671932,0.02273825207633715,0.010729568786671933,-0.12297724806810711,2.547547921063593
1.0729568786671932,0.02644856395334799,0.010729568786671933,-0.16638524483114728,2.4722351295920095
1.0729568786671932,0.03015887583035883,0.010729568786671933,-0.21634203734668966,2.3927562570490624
1.0729568786671932,0.03386918770736967,0.010729568786671933,-0.27284762561473436,2.308667329505753
1.0729568786671932,0.03757949958438051,0.010729568786671933,-0.3359020096352813,2.2194462286170094
1.0729568786671932,0.04128981146139135,0.010729568786671933,-0.4055051894083304,2.124474362823049
1.0729568786671932,0.04500012333840219,0.010729568786671933,-0.48165716493388183,2.023013420223724
1.0729568786671932,0.04871043521541303,0.010729568786671933,-0.5643579362119355,1.9141758165117027
1.0729568786671932,0.05242074709242387,0.010729568786671933,-0.6536075032424915,1.7968870764450136
1.0729568786671932,0.05613105896943471,0.010729568786671933,-0.7494058660255496,1.6698379377317105
1.0729568786671932,0.05984137084644555,0.010729568786671933,-0.85175302456111,1.5314234536575657
1.0729568786671932,0.06355168272345639,0.010729568786671933,-0.9606489788491728,1.3796658389039378
1.0729568786671932,0.06726199460046722,0.010729568786671933,-1.0760937288897374,1.212117358230805
1.0729568786671932,0.07097230647747807,0.010729568786671933,-1.1980872746828048,1.0257394239819655
1.0729568786671932,0.0746826183544889,0.010729568786671933,-1.3266296162283742,0.8167546789826476
1.0729568786671932,0.07839293023149975,0.010729568786671933,-1.4617207535264458,0.58047098377471
1.0729568786671932,0.08210324210851058,0.010729568786671933,-1.6033606865770196,0.311081248346293
1.0729568786671932,0.08581355398552143,0.010729568786671933,-1.7515494153800961,0.001453089798187479
1.0729568786671932,0.08952386586253226,0.010729568786671933,-1.9062869399356743,-0.3570595900746243
1.0729568786671932,0.09323417773954311,0.010729568786671933,-2.0675732602437553,-0.7747212893491513
1.0729568786671932,0.09694448961655394,0.010729568786671933,-2.235408376304338,-1.2633305441180283
1.0729568786671932,0.10065480149356479,0.010729568786671933,-2.409792288117423,-1.8357880319133222
1.0729568786671932,0.10436511337057562,0.010729568786671933,-2.590724995683011,-2.5051152862247985
1.0729568786671932,0.10807542524758647,0.010729568786671933,-2.778206499001101,-3.2827350785756586
1.0729568786671932,0.1117857371245973,0.010729568786671933,-2.9722367980716924,-4.175968695474943
1.0729568786671932,0.11549604900160815,0.010729568786671933,-3.172815892894787,-5.185047884826443
1.0729568786671932,0.11920636087861898,0.010729568786671933,-3.379943783470383,-6.300439785454781
1.0729568786671932,0.12291667275562983,0.010729568786671933,-3.5936204697984824,-7.501676689376701
1.0729568786671932,0.12662698463264066,0.010729568786671933,-3.8138459518790833,-8.758726012692168
1.0729568786671932,0.1303372965096515,0.010729568786671933,-4.040620229712186,-10.035989112522431
1.0729568786671932,0.13404760838666235,0.010729568786671933,-4.273943303297792,-11.297708167053967
1.0729568786671932,0.13775792026367317,0.010729568786671933,-4.513815172635899,-12.512843623953932
1.0729568786671932,0.14146823214068402,0.010729568786671933,-4.760235837726509,-13.657942724330074
1.0729568786671932,0.14517854401769487,0.010729568786671933,-5.013205298569622,-14.717720228746218
1.0729568786671932,0.1488888558947057,0.010729568786671933,-5.2727235551652365,-15.68406185321397
1.0729568786671932,0.15259916777171653,0.010729568786671933,-5.538790607513352,-16.554417490988993
1.0729568786671932,0.15630947964872738,0.010729568786671933,-5.811406455613972,-17.330253792059867
1.0729568786671932,0.16001979152573823,0.010729568786671933,-6.090571099467094,-18.015822242027873
1.0729568786671932,0.16373010340274907,0.010729568786671933,-6.376284539072718,-18.61723763003133
1.0729568786671932,0.1674404152797599,0.010729568786671933,-6.668546774430841,-19.14178055224074
1.0729568786671932,0.17115072715677074,0.010729568786671933,-6.96735780554147,-19.5973546323182
1.0729568786671932,0.17486103903378158,0.010729568786671933,-7.272717632404602,-19.992067975419637
1.0729568786671932,0.17857135091079243,0.010729568786671933,-7.5846262550202335,-20.333934061012624
1.0729568786671932,0.18228166278780325,0.010729568786671933,-7.903083673388368,-20.630696002770257
1.0729568786671932,0.1859919746648141,0.010729568786671933,-8.228089887509006,-20.88977802593484
1.0729568786671932,0.18970228654182494,0.010729568786671933,-8.559644897382146,-21.118367376115792
1.0729568786671932,0.1934125984188358,0.010729568786671933,-8.897748703007787,-21.32363301127987
1.0729568786671932,0.1971229102958466,0.010729568786671933,-9.242401304385929,-21.513094723381503
1.0729568786671932,0.20083322217285746,0.010729568786671933,-9.593602701516575,-21.695164654898917
1.0729568786671932,0.2045435340498683,0.010729568786671933,-9.951352894399724,-21.879884730150227
1.0729568786671932,0.20825384592687915,0.010729568786671933,-10.315651883035375,-22.07986202419177
1.0729568786671932,0.21196415780388997,0.010729568786671933,-10.686499667423528,-22.311328154491598
1.0729568786671932,0.21567446968090082,0.010729568786671933,-11.063896247564182,-22.595066529794725
1.0729568786671932,0.21938478155791166,0.010729568786671933,-11.447841623457341,-22.956603127330176
1.0729568786671932,0.2230950934349225,0.010729568786671933,-11.838335795103001,-23.424550193981656
1.0729568786671932,0.22680540531193333,0.010729568786671933,-12.23537876250116,-24.025603056751816
1.0729568786671932,0.23051571718894417,0.010729568786671933,-12.638970525651825,-24.77522828670347
1.0729568786671932,0.23422602906595502,0.010729568786671933,-13.049111084554992,-25.66568784553538
1.0729568786671932,0.23793634094296587,0.010729568786671933,-13.465800439210662,-26.65750052903001
1.0729568786671932,0.2416466528199767,0.010729568786671933,-13.88903858961883,-27.68271910335203
1.0729568786671932,0.24535696469698753,0.010729568786671933,-14.318825535779505,-28.662812539582763
1.0729568786671932,0.24906727657399838,0.010729568786671933,-14.75516127769268,-29.532482689037508
1.0729568786671932,0.2527775884510092,0.010729568786671933,-15.19804581535836,-30.255460720655137
1.0729568786671932,0.25648790032802005,0.010729568786671933,-15.647479148776537,-30.82566720286899
1.0729568786671932,0.2601982122050309,0.010729568786671933,-16.103461277947225,-31.258038155707034
1.0729568786671932,0.26390852408204174,0.010729568786671933,-16.565992202870405,-31.57715938978619
1.0729568786671932,0.26761883595905256,0.010729568786671933,-17.035071923546088,-31.80885447610129
1.0729568786671932,0.27132914783606343,0.010729568786671933,-17.510700439974283,-31.97577611787769
1.0729568786671932,0.27503945971307425,0.010729568786671933,-17.99287775215497,-32.095951392452
1.0729568786671932,0.27874977159008507,0.010729568786671933,-18.48160386008816,-32.182917769168114
1.0729568786671932,0.28246008346709595,0.010729568786671933,-18.97687876377386,-32.2464852100348
1.0729568786671932,0.28617039534410676,0.010729568786671933,-19.478702463212056,-32.29360905530809
1.0729568786671932,0.28988070722111764,0.010729568786671933,-19.98707495840276,-32.32915774736933
1.0729568786671932,0.29359101909812846,0.010729568786671933,-20.50199624934596,-32.356515919840625
1.0729568786671932,0.2973013309751393,0.010729568786671933,-21.023466336041665,-32.37803064264447
1.0729568786671932,0.30101164285215015,0.010729568786671933,-21.551485218489876,-32.39533041729066
1.0729568786671932,0.30472195472916097,0.010729568786671933,-22.086052896690582,-32.40954857735427
2.4608337301362275,0.011607316445304631,0.024608337301362276,-0.031672055566462375,2.8240902734409694
2.4608337301362275,0.015317628322315471,0.024608337301362276,-0.05515636743706901,2.7597328517968096
2.4608337301362275,0.01902794019932631,0.024608337301362276,-0.08511305070965718,2.6921676802355137
2.4608337301362275,0.02273825207633715,0.024608337301362276,-0.12154210538422688,2.6211000177728554
2.4608337301362275,0.02644856395334799,0.024608337301362276,-0.16444353146077814,2.5461899565782105
2.4608337301362275,0.03015887583035883,0.024608337301362276,-0.21381732893931096,2.4670426428819017
2.4608337301362275,0.03386918770736967,0.024608337301362276,-0.26966349781982535,2.3831959663911375
2.4608337301362275,0.03757949958438051,0.024608337301362276,-0.33198203810232124,2.2941050020657388
2.4608337301362275,0.04128981146139135,0.024608337301362276,-0.40077294978679867,2.199122279507833
2.4608337301362275,0.04500012333840219,0.024608337301362276,-0.47603623287325764,2.097472689217657
2.4608337301362275,0.04871043521541303,0.024608337301362276,-0.5577718873616981,1.9882215003611277
2.4608337301362275,0.05242074709242387,0.024608337301362276,-0.6459799132521202,1.8702335527291936
2.4608337301362275,0.05613105896943471,0.024608337301362276,-0.7406603105445239,1.7421211956338787
2.4608337301362275,0.05984137084644555,0.024608337301362276,-0.8418130792389089,1.6021779974515689
2.4608337301362275,0.06355168272345639,0.024608337301362276,-0.9494382193352757,1.4482947011956016
2.4608337301362275,0.06726199460046722,0.024608337301362276,-1.0635357308336237,1.2778534936157218
2.4608337301362275,0.07097230647747807,0.024608337301362276,-1.1841056137339536,1.0875966755466135
2.4608337301362275,0.0746826183544889,0.024608337301362276,-1.3111478680362647,0.8734668177320881
2.4608337301362275,0.07839293023149975,0.024608337301362276,-1.4446624937405577,0.6304184406230682
2.4608337301362275,0.08210324210851058,0.024608337301362276,-1.5846494908468318,0.35220781584181426
2.4608337301362275,0.08581355398552143,0.024608337301362276,-1.731108859355088,0.031180192724301392
2.4608337301362275,0.08952386586253226,0.024608337301362276,-1.8840405992653255,-0.34190396443858684
2.4608337301362275,0.09323417773954311,0.024608337301362276,-2.0434447105775444,-0.7779268006410758
2.4608337301362275,0.09694448961655394,0.024608337301362276,-2.209321193291745,-1.2892289426425574
2.4608337301362275,0.10065480149356479,0.024608337301362276,-2.381670047407927,-1.8890032650046167
2.4608337301362275,0.10436511337057562,0.024608337301362276,-2.5604912729260905,-2.5900562331671813
2.4608337301362275,0.10807542524758647,0.024608337301362276,-2.7457848698462364,-3.4027799803144516
2.4608337301362275,0.1117857371245973,0.024608337301362276,-2.9375508381683626,-4.332396383372061
2.4608337301362275,0.11549604900160815,0.024608337301362276,-3.135789177892471,-5.3759582678813205
2.4608337301362275,0.11920636087861898,0.024608337301362276,-3.340499889018561,-6.520102126368408
2.4608337301362275,0.12291667275562983,0.024608337301362276,-3.5516829715466325,-7.740777490714859
2.4608337301362275,0.12662698463264066,0.024608337301362276,-3.769338425476685,-9.005699482566113
2.4608337301362275,0.1303372965096515,0.024608337301362276,-3.9934662508087193,-10.279074354936574
2.4608337301362275,0.13404760838666235,0.024608337301362276,-4.224066447542736,-11.526955906551875
2.4608337301362275,0.13775792026367317,0.024608337301362276,-4.461139015678732,-12.721345534934242
2.4608337301362275,0.14146823214068402,0.024608337301362276,-4.704683955216712,-13.842032667768125
2.4608337301362275,0.14517854401769487,0.024608337301362276,-4.954701266156673,-14.876403470457895
2.4608337301362275,0.1488888558947057,0.024608337301362276,-5.211190948498615,-15.81814002892969
2.4608337301362275,0.15259916777171653,0.024608337301362276,-5.474153002242538,-16.66568532591401
2.4608337301362275,0.15630947964872738,0.024608337301362276,-5.7435874273884435,-17.420934662816208
2.4608337301362275,0.16001979152573823,0.024608337301362276,-6.019494223936331,-18.088243843114252
2.4608337301362275,0.16373010340274907,0.024608337301362276,-6.3018733918861995,-18.673675975972664
2.4608337301362275,0.1674404152797599,0.024608337301362276,-6.590724931238047,-19.18439630142082
2.4608337301362275,0.17115072715677074,0.024608337301362276,-6.8860488419918795,-19.628170165309054
2.4608337301362275,0.17486103903378158,0.024608337301362276,-7.187845124147693,-20.012959821577006
2.4608337301362275,0.17857135091079243,0.024608337301362276,-7.496113777705488,-20.34663274067886
2.4608337301362275,0.18228166278780325,0.024608337301362276,-7.810854802665263,-20.636793831457464
2.4608337301362275,0.1859919746648141,0.024608337301362276,-8.132068199027021,-20.89074818934507
2.4608337301362275,0.18970228654182494,0.024608337301362276,-8.45975396679076,-21.115597863850283
2.4608337301362275,0.1934125984188358,0.024608337301362276,-8.793912105956482,-21.318478751464284
2.4608337301362275,0.1971229102958466,0.024608337301362276,-9.134542616524183,-21.506951120759854
2.4608337301362275,0.20083322217285746,0.024608337301362276,-9.481645498493865,-21.689565187422605
2.4608337301362275,0.2045435340498683,0.024608337301362276,-9.835220751865531,-21.87662256671028
2.4608337301362275,0.20825384592687915,0.024608337301362276,-10.195268376639179,-22.081127332926606
2.4608337301362275,0.21196415780388997,0.024608337301362276,-10.561788372814807,-22.319833102635993
2.4608337301362275,0.21567446968090082,0.024608337301362276,-10.934780740392418,-22.614091660629732
2.4608337301362275,0.21938478155791166,0.024608337301362276,-11.314245479372008,-22.989839618650386
2.4608337301362275,0.2230950934349225,0.024608337301362276,-11.700182589753581,-23.47555516452876
2.4608337301362275,0.22680540531193333,0.024608337301362276,-12.092592071537133,-24.096711322331103
2.4608337301362275,0.23051571718894417,0.024608337301362276,-12.491473924722671,-24.86601952235577
2.4608337301362275,0.23422602906595502,0.024608337301362276,-12.89682814931019,-25.771654933019793
2.4608337301362275,0.23793634094296587,0.024608337301362276,-13.30865474529969,-26.770039622219137
2.4608337301362275,0.2416466528199767,0.024608337301362276,-13.726953712691168,-27.79115513180714
2.4608337301362275,0.24535696469698753,0.024608337301362276,-14.15172505148463,-28.7576841380629
2.4608337301362275,0.24906727657399838,0.024608337301362276,-14.582968761680075,-29.60813875861955
2.4608337301362275,0.2527775884510092,0.024608337301362276,-15.020684843277504,-30.310629333318797
2.4608337301362275,0.25648790032802005,0.024608337301362276,-15.464873296276906,-30.862304107226556
2.4608337301362275,0.2601982122050309,0.024608337301362276,-15.9155341206783,-31.27964355166306
2.4608337301362275,0.26390852408204174,0.024608337301362276,-16.372667316481667,-31.587459612535937
2.4608337301362275,0.26761883595905256,0.024608337301362276,-16.836272883687013,-31.811096573494854
2.4608337301362275,0.27132914783606343,0.024608337301362276,-17.306350822294352,-31.972497524938266
2.4608337301362275,0.27503945971307425,0.024608337301362276,-17.782901132303667,-32.08900758992834
2.4608337301362275,0.27874977159008507,0.024608337301362276,-18.26592381371496,-32.17360879627764
2.4608337301362275,0.28246008346709595,0.024608337301362276,-18.75541886652824,-32.235696286221234
2.4608337301362275,0.28617039534410676,0.024608337301362276,-19.251386290743497,-32.28193102688574
2.4608337301362275,0.28988070722111764,0.024608337301362276,-19.753826086360743,-32.31697911060736
2.4608337301362275,0.29359101909812846,0.024608337301362276,-20.26273825337996,-32.3440889113203
2.4608337301362275,0.2973013309751393,0.024608337301362276,-20.778122791801163,-32.36551699623071
2.4608337301362275,0.30101164285215015,0.024608337301362276,-21.299979701624355,-32.38283232978785
2.4608337301362275,0.30472195472916097,0.024608337301362276,-21.828308982849517,-32.397129361116825
3.848710581605262,0.011607316445304631,0.038487105816052615,-0.0312980788389245,2.8961743009050505
3.848710581605262,0.015317628322315471,0.038487105816052615,-0.0545050930746044,2.832343663715995
3.848710581605262,0.01902794019932631,0.038487105816052615,-0.08410805436174511,2.76526912812707
3.848710581605262,0.02273825207633715,0.038487105816052615,-0.12010696270034664,2.6946455819362978
3.848710581605262,0.02644856395334799,0.038487105816052615,-0.16250181809040903,2.6201203205539665
3.848710581605262,0.03015887583035883,0.038487105816052615,-0.21129262053193223,2.5412825803252828
3.848710581605262,0.03386918770736967,0.038487105816052615,-0.26647937002491634,2.4576503255392073
3.848710581605262,0.03757949958438051,0.038487105816052615,-0.3280620665693612,2.3686535036517036
3.848710581605262,0.04128981146139135,0.038487105816052615,-0.39604071016526693,2.273612752888303
3.848710581605262,0.04500012333840219,0.038487105816052615,-0.47041530081263344,2.1717122528778745
3.848710581605262,0.04871043521541303,0.038487105816052615,-0.5511858385114609,2.0619650407434955
3.848710581605262,0.05242074709242387,0.038487105816052615,-0.6383523232617491,1.943168664319957
3.848710581605262,0.05613105896943471,0.038487105816052615,-0.731914755063498,1.8138485141485956
3.848710581605262,0.05984137084644555,0.038487105816052615,-0.8318731339167079,1.6721855954159517
3.848710581605262,0.06355168272345639,0.038487105816052615,-0.9382274598213786,1.5159249515016608
3.848710581605262,0.06726199460046722,0.038487105816052615,-1.0509777327775098,1.3422606152539067
3.848710581605262,0.07097230647747807,0.038487105816052615,-1.1701239527851024,1.147693211185756
3.848710581605262,0.0746826183544889,0.038487105816052615,-1.2956661198441555,0.9278578525671797
3.848710581605262,0.07839293023149975,0.038487105816052615,-1.4276042339546695,0.6773239881101574
3.848710581605262,0.08210324210851058,0.038487105816052615,-1.565938295116644,0.3893773481395162
3.848710581605262,0.08581355398552143,0.038487105816052615,-1.71066830333008,0.055810085270183496
3.848710581605262,0.08952386586253226,0.038487105816052615,-1.8617942585949765,-0.3332276795378095
3.848710581605262,0.09323417773954311,0.038487105816052615,-2.019316160911334,-0.789220372917772
3.848710581605262,0.09694448961655394,0.038487105816052615,-2.183234010279152,-1.3249752816820246
3.848710581605262,0.10065480149356479,0.038487105816052615,-2.353547806698431,-1.953807407802113
3.848710581605262,0.10436511337057562,0.038487105816052615,-2.5302575501691704,-2.68801405832424
3.848710581605262,0.10807542524758647,0.038487105816052615,-2.7133632406913715,-3.5365405916020105
3.848710581605262,0.1117857371245973,0.038487105816052615,-2.9028648782650324,-4.502040761175135
3.848710581605262,0.11549604900160815,0.038487105816052615,-3.0987624628901553,-5.578024982685228
3.848710581605262,0.11920636087861898,0.038487105816052615,-3.301055994566738,-6.747248426664059
3.848710581605262,0.12291667275562983,0.038487105816052615,-3.5097454732947826,-7.982478662506756
3.848710581605262,0.12662698463264066,0.038487105816052615,-3.724830899074287,-9.249966908648457
3.848710581605262,0.1303372965096515,0.038487105816052615,-3.9463122719052524,-10.51461955752449
3.848710581605262,0.13404760838666235,0.038487105816052615,-4.1741895917876795,-11.744967363176272
3.848710581605262,0.13775792026367317,0.038487105816052615,-4.408462858721566,-12.91630378452875
3.848710581605262,0.14146823214068402,0.038487105816052615,-4.649132072706914,-14.011539181558994
3.848710581605262,0.14517854401769487,0.038487105816052615,-4.896197233743723,-15.020413723396649
3.848710581605262,0.1488888558947057,0.038487105816052615,-5.1496583418319934,-15.93806533398536
3.848710581605262,0.15259916777171653,0.038487105816052615,-5.409515396971723,-16.763662002986855
3.848710581605262,0.15630947964872738,0.038487105816052615,-5.675768399162915,-17.499352206346053
3.848710581605262,0.16001979152573823,0.038487105816052615,-5.948417348405568,-18.14949337794729
3.848710581605262,0.16373010340274907,0.038487105816052615,-6.227462244699681,-18.72003881559306
3.848710581605262,0.1674404152797599,0.038487105816052615,-6.512903088045253,-19.218003579736706
3.848710581605262,0.17115072715677074,0.038487105816052615,-6.804739878442288,-19.650991743373268
3.848710581605262,0.17486103903378158,0.038487105816052615,-7.102972615890785,-20.026804038558645
3.848710581605262,0.17857135091079243,0.038487105816052615,-7.407601300390741,-20.353152495174754
3.848710581605262,0.18228166278780325,0.038487105816052615,-7.7186259319421575,-20.63750055844362
3.848710581605262,0.1859919746648141,0.038487105816052615,-8.036046510545036,-20.887036983472473
3.848710581605262,0.18970228654182494,0.038487105816052615,-8.359863036199375,-21.108787051727386
3.848710581605262,0.1934125984188358,0.038487105816052615,-8.690075508905176,-21.309867086883763
3.848710581605262,0.1971229102958466,0.038487105816052615,-9.026683928662434,-21.497895744170766
3.848710581605262,0.20083322217285746,0.038487105816052615,-9.369688295471155,-21.681582808802126
3.848710581605262,0.2045435340498683,0.038487105816052615,-9.719088609331338,-21.871513057466608
3.848710581605262,0.20825384592687915,0.038487105816052615,-10.074884870242983,-22.08110934938451
3.848710581605262,0.21196415780388997,0.038487105816052615,-10.437077078206086,-22.32765954989388
3.848710581605262,0.21567446968090082,0.038487105816052615,-10.805665233220651,-22.633071861345066
3.848710581605262,0.21938478155791166,0.038487105816052615,-11.180649335286677,-23.023635099673655
3.848710581605262,0.2230950934349225,0.038487105816052615,-11.562029384404163,-23.5275660048453
3.848710581605262,0.22680540531193333,0.038487105816052615,-11.949805380573107,-24.168920869570453
3.848710581605262,0.23051571718894417,0.038487105816052615,-12.343977323793517,-24.957460602751425
3.848710581605262,0.23422602906595502,0.038487105816052615,-12.744545214065386,-25.877220164352384
3.848710581605262,0.23793634094296587,0.038487105816052615,-13.151509051388716,-26.880745453547906
3.848710581605262,0.2416466528199767,0.038487105816052615,-13.564868835763505,-27.896396448882196
3.848710581605262,0.24535696469698753,0.038487105816052615,-13.984624567189757,-28.84849276127402
3.848710581605262,0.24906727657399838,0.038487105816052615,-14.41077624566747,-29.67950926802956
3.848710581605262,0.2527775884510092,0.038487105816052615,-14.843323871196645,-30.361803491542172
3.848710581605262,0.25648790032802005,0.038487105816052615,-15.282267443777275,-30.89550056278608
3.848710581605262,0.2601982122050309,0.038487105816052615,-15.727606963409375,-31.29841176217031
3.848710581605262,0.26390852408204174,0.038487105816052615,-16.179342430092927,-31.59545515363946
3.848710581605262,0.26761883595905256,0.038487105816052615,-16.63747384382794,-31.811454388738795
3.848710581605262,0.27132914783606343,0.038487105816052615,-17.10200120461442,-31.967645824976753
3.848710581605262,0.27503945971307425,0.038487105816052615,-17.57292451245236,-32.080712788273054
3.848710581605262,0.27874977159008507,0.038487105816052615,-18.050243767341755,-32.16310464263279
3.848710581605262,0.28246008346709595,0.038487105816052615,-18.53395896928262,-32.223821170164356
3.848710581605262,0.28617039534410676,0.038487105816052615,-19.024070118274935,-32.26924370479087
3.848710581605262,0.28988070722111764,0.038487105816052615,-19.520577214318724,-32.303846459170174
3.848710581605262,0.29359101909812846,0.038487105816052615,-20.02348025741396,-32.3307487134027
3.848710581605262,0.2973013309751393,0.038487105816052615,-20.53277924756066,-32.352121329291876
3.848710581605262,0.30101164285215015,0.038487105816052615,-21.04847418475883,-32.369476905420576
3.848710581605262,0.30472195472916097,0.038487105816052615,-21.570565069008452,-32.383873089367356
5.236587433074296,0.011607316445304631,0.052365874330742954,-0.030924102111386624,2.968328975407661
5.236587433074296,0.015317628322315471,0.052365874330742954,-0.053853818712139775,2.9050073591471897
5.236587433074296,0.01902794019932631,0.052365874330742954,-0.08310305801383304,2.83840465702189
5.236587433074296,0.02273825207633715,0.052365874330742954,-0.1186718200164664,2.768204510764928
5.236587433074296,0.02644856395334799,0.052365874330742954,-0.16056010472003993,2.694040277854624
5.236587433074296,0.03015887583035883,0.052365874330742954,-0.20876791212455353,2.615483798968225
5.236587433074296,0.03386918770736967,0.052365874330742954,-0.26329524223000733,2.532031179953546
5.236587433074296,0.03757949958438051,0.052365874330742954,-0.3241420950364012,2.443084725900823
5.236587433074296,0.04128981146139135,0.052365874330742954,-0.3913084705437352,2.347929910666382
5.236587433074296,0.04500012333840219,0.052365874330742954,-0.46479436875200925,2.2457059418349354
5.236587433074296,0.04871043521541303,0.052365874330742954,-0.5445997896612235,2.135368077037043
5.236587433074296,0.05242074709242387,0.052365874330742954,-0.6307247332713778,2.015639356738844
5.236587433074296,0.05613105896943471,0.052365874330742954,-0.7231691995824723,1.8849488500641016
5.236587433074296,0.05984137084644555,0.052365874330742954,-0.8219331885945068,1.7413529062566784
5.236587433074296,0.06355168272345639,0.052365874330742954,-0.9270167003074815,1.5824353750224927
5.236587433074296,0.06726199460046722,0.052365874330742954,-1.0384197347213961,1.4051825428087328
5.236587433074296,0.07097230647747807,0.052365874330742954,-1.1561422918362512,1.2058290998672578
5.236587433074296,0.0746826183544889,0.052365874330742954,-1.280184371652046,0.979673671845392
5.236587433074296,0.07839293023149975,0.052365874330742954,-1.4105459741687814,0.7208678159603246
5.236587433074296,0.08210324210851058,0.052365874330742954,-1.5472270993864563,0.42219328233433906
5.236587433074296,0.08581355398552143,0.052365874330742954,-1.690227747305072,0.07486216188429884
5.236587433074296,0.08952386586253226,0.052365874330742954,-1.8395479179246275,-0.33159287991076125
5.236587433074296,0.09323417773954311,0.052365874330742954,-1.995187611245123,-0.8092237538263283
5.236587433074296,0.09694448961655394,0.052365874330742954,-2.157146827266559,-1.3711964850149494
5.236587433074296,0.10065480149356479,0.052365874330742954,-2.3254255659889345,-2.0307323066520775
5.236587433074296,0.10436511337057562,0.052365874330742954,-2.5000238274122504,-2.7992742846248193
5.236587433074296,0.10807542524758647,0.052365874330742954,-2.680941611536507,-3.68387089592313
5.236587433074296,0.1117857371245973,0.052365874330742954,-2.8681789183617026,-4.68415706450415
5.236587433074296,0.11549604900160815,0.052365874330742954,-3.0617357478878393,-5.789837101284357
5.236587433074296,0.11920636087861898,0.052365874330742954,-3.2616121001149154,-6.979906970632306
5.236587433074296,0.12291667275562983,0.052365874330742954,-3.4678079750429323,-8.224530787141518
5.236587433074296,0.12662698463264066,0.052365874330742954,-3.680323372671889,-9.489370445564846
5.236587433074296,0.1303372965096515,0.052365874330742954,-3.8991582930017854,-10.740871778707758
5.236587433074296,0.13404760838666235,0.052365874330742954,-4.124312736032623,-11.950549543390425
5.236587433074296,0.13775792026367317,0.052365874330742954,-4.355786701764399,-13.097073263350774
5.236587433074296,0.14146823214068402,0.052365874330742954,-4.593580190197117,-14.166249216397343
5.236587433074296,0.14517854401769487,0.052365874330742954,-4.837693201330774,-15.149827428554193
5.236587433074296,0.1488888558947057,0.052365874330742954,-5.088125735165372,-16.044083906193038
5.236587433074296,0.15259916777171653,0.052365874330742954,-5.344877791700908,-16.84868172179456
5.236587433074296,0.15630947964872738,0.052365874330742954,-5.607949370937386,-17.565879613799595
5.236587433074296,0.16001979152573823,0.052365874330742954,-5.877340472874804,-18.199954692374995
5.236587433074296,0.16373010340274907,0.052365874330742954,-6.1530510975131625,-18.756703272526536
5.236587433074296,0.1674404152797599,0.052365874330742954,-6.435081244852459,-19.24296083557198
5.236587433074296,0.17115072715677074,0.052365874330742954,-6.723430914892697,-19.66615038499183
5.236587433074296,0.17486103903378158,0.052365874330742954,-7.0181001076338765,-20.033898130253704
5.236587433074296,0.17857135091079243,0.052365874330742954,-7.319088823075995,-20.353753875615816
5.236587433074296,0.18228166278780325,0.052365874330742954,-7.626397061219053,-20.63303889765512
5.236587433074296,0.1859919746648141,0.052365874330742954,-7.940024822063051,-20.878830653099747
5.236587433074296,0.18970228654182494,0.052365874330742954,-8.259972105607991,-21.098087887417556
5.236587433074296,0.1934125984188358,0.052365874330742954,-8.58623891185387,-21.297922147380294
5.236587433074296,0.1971229102958466,0.052365874330742954,-8.918825240800688,-21.48602919922065
5.236587433074296,0.20083322217285746,0.052365874330742954,-9.257731092448447,-21.671300186946464
5.236587433074296,0.2045435340498683,0.052365874330742954,-9.602956466797146,-21.864626125217075
5.236587433074296,0.20825384592687915,0.052365874330742954,-9.954501363846786,-22.07986894486313
5.236587433074296,0.21196415780388997,0.052365874330742954,-10.312365783597365,-22.334859662430134
5.236587433074296,0.21567446968090082,0.052365874330742954,-10.676549726048885,-22.65204483734661
5.236587433074296,0.21938478155791166,0.052365874330742954,-11.047053191201345,-23.057997960493626
5.236587433074296,0.2230950934349225,0.052365874330742954,-11.423876179054744,-23.58053723470343
5.236587433074296,0.22680540531193333,0.052365874330742954,-11.807018689609082,-24.242104929047688
5.236587433074296,0.23051571718894417,0.052365874330742954,-12.196480722864363,-25.049331115478072
5.236587433074296,0.23422602906595502,0.052365874330742954,-12.592262278820584,-25.982093618075847
5.236587433074296,0.23793634094296587,0.052365874330742954,-12.994363357477745,-26.98932148624949
5.236587433074296,0.2416466528199767,0.052365874330742954,-13.402783958835842,-27.998210144398843
5.236587433074296,0.24535696469698753,0.052365874330742954,-13.817524082894884,-28.93510496946376
5.236587433074296,0.24906727657399838,0.052365874330742954,-14.238583729654865,-29.746549127143542
5.236587433074296,0.2527775884510092,0.052365874330742954,-14.665962899115788,-30.40898956470023
5.236587433074296,0.25648790032802005,0.052365874330742954,-15.099661591277645,-30.925278668430913
5.236587433074296,0.2601982122050309,0.052365874330742954,-15.539679806140452,-31.314358692458885
5.236587433074296,0.26390852408204174,0.052365874330742954,-15.986017543704188,-31.601147047936745
5.236587433074296,0.26761883595905256,0.052365874330742954,-16.438674803968865,-31.80991339004451
5.236587433074296,0.27132914783606343,0.052365874330742954,-16.897651586934494,-31.96119358785306
5.236587433074296,0.27503945971307425,0.052365874330742954,-17.362947892601053,-32.07103004712043
5.236587433074296,0.27874977159008507,0.052365874330742954,-17.83456372096855,-32.15136184271084
5.236587433074296,0.28246008346709595,0.052365874330742954,-18.312499072037,-32.2108121512594
5.236587433074296,0.28617039534410676,0.052365874330742954,-18.796753945806376,-32.25549675103179
5.236587433074296,0.28988070722111764,0.052365874330742954,-19.2873283422767,-32.28970792763902
5.236587433074296,0.29359101909812846,0.052365874330742954,-19.78422226144796,-32.31644266205455
5.236587433074296,0.2973013309751393,0.052365874330742954,-20.28743570332016,-32.337790654206
5.236587433074296,0.30101164285215015,0.052365874330742954,-20.79696866789331,-32.355211139153745
5.236587433074296,0.30472195472916097,0.052365874330742954,-21.312821155167388,-32.36972693527899
6.62446428454333,0.011607316445304631,0.0662446428454333,-0.030550125383848745,3.0405985945982543
6.62446428454333,0.015317628322315471,0.0662446428454333,-0.053202544349675154,2.977763192557542
6.62446428454333,0.01902794019932631,0.0662446428454333,-0.08209806166592094,2.911608195373696
6.62446428454333,0.02273825207633715,0.0662446428454333,-0.11723667733258615,2.841805059385682
6.62446428454333,0.02644856395334799,0.0662446428454333,-0.1586183913496708,2.7679719757701813
6.62446428454333,0.03015887583035883,0.0662446428454333,-0.2062432037171748,2.6896617861261607
6.62446428454333,0.03386918770736967,0.0662446428454333,-0.26011111443509827,2.6063466465596523
6.62446428454333,0.03757949958438051,0.0662446428454333,-0.3202221235034411,2.517398492555234
6.62446428454333,0.04128981146139135,0.0662446428454333,-0.38657623092220333,2.4220640766029735
6.62446428454333,0.04500012333840219,0.0662446428454333,-0.459173436691385,2.319432994959187
6.62446428454333,0.04871043521541303,0.0662446428454333,-0.5380137408109861,2.208396677975143
6.62446428454333,0.05242074709242387,0.0662446428454333,-0.6230971432810065,2.087595787040497
6.62446428454333,0.05613105896943471,0.0662446428454333,-0.7144236441014464,1.9553528574080328
6.62446428454333,0.05984137084644555,0.0662446428454333,-0.8119932432723056,1.809586410570471
6.62446428454333,0.06355168272345639,0.0662446428454333,-0.9158059407935843,1.6477022796152798
6.62446428454333,0.06726199460046722,0.0662446428454333,-1.0258617366652822,1.4664578556679444
6.62446428454333,0.07097230647747807,0.0662446428454333,-1.1421606308873997,1.2617959715330234
6.62446428454333,0.0746826183544889,0.0662446428454333,-1.2647026234599366,1.0286482716337877
6.62446428454333,0.07839293023149975,0.0662446428454333,-1.393487714382893,0.7607150002791181
6.62446428454333,0.08210324210851058,0.0662446428454333,-1.5285159036562685,0.45024198845006835
6.62446428454333,0.08581355398552143,0.0662446428454333,-1.6697871912800637,0.08783999208624871
6.62446428454333,0.08952386586253226,0.0662446428454333,-1.8173015772542782,-0.33756991348483467
6.62446428454333,0.09323417773954311,0.0662446428454333,-1.971059061578912,-0.838548340348725
6.62446428454333,0.09694448961655394,0.0662446428454333,-2.1310596442539653,-1.4284744684794428
6.62446428454333,0.10065480149356479,0.0662446428454333,-2.297303325279438,-2.120210802453901
6.62446428454333,0.10436511337057562,0.0662446428454333,-2.4697901046553303,-2.9239537364507493
6.62446428454333,0.10807542524758647,0.0662446428454333,-2.648519982381642,-3.844387152811497
6.62446428454333,0.1117857371245973,0.0662446428454333,-2.8334929584583723,-4.877724707155787
6.62446428454333,0.11549604900160815,0.0662446428454333,-3.024709032885523,-6.009733751172
6.62446428454333,0.11920636087861898,0.0662446428454333,-3.2221682056630927,-7.21595840429503
6.62446428454333,0.12291667275562983,0.0662446428454333,-3.425870476791082,-8.464688846266823
6.62446428454333,0.12662698463264066,0.0662446428454333,-3.6358158462694905,-9.72190173321803
6.62446428454333,0.1303372965096515,0.0662446428454333,-3.8520043140983184,-10.956314575788246
6.62446428454333,0.13404760838666235,0.0662446428454333,-4.074435880277567,-12.142759713125518
6.62446428454333,0.13775792026367317,0.0662446428454333,-4.3031105448072315,-13.263220047179514
6.62446428454333,0.14146823214068402,0.0662446428454333,-4.538028307687319,-14.306102056514378
6.62446428454333,0.14517854401769487,0.0662446428454333,-4.779189168917824,-15.264819439209939
6.62446428454333,0.1488888558947057,0.0662446428454333,-5.0265931284987495,-16.136501192593524
6.62446428454333,0.15259916777171653,0.0662446428454333,-5.280240186430093,-16.92111302585887
6.62446428454333,0.15630947964872738,0.0662446428454333,-5.540130342711858,-17.620908953668128
6.62446428454333,0.16001979152573823,0.0662446428454333,-5.80626359734404,-18.240020226175204
6.62446428454333,0.16373010340274907,0.0662446428454333,-6.078639950326644,-18.784047398066573
6.62446428454333,0.1674404152797599,0.0662446428454333,-6.357259401659664,-19.25962135269855
6.62446428454333,0.17115072715677074,0.0662446428454333,-6.642121951343106,-19.673967201385704
6.62446428454333,0.17486103903378158,0.0662446428454333,-6.933227599376968,-20.034526321497168
6.62446428454333,0.17857135091079243,0.0662446428454333,-7.230576345761247,-20.348682127664258
6.62446428454333,0.18228166278780325,0.0662446428454333,-7.534168190495946,-20.623615428216034
6.62446428454333,0.1859919746648141,0.0662446428454333,-7.844003133581065,-20.866299435766678
6.62446428454333,0.18970228654182494,0.0662446428454333,-8.160081175016606,-21.083638121791928
6.62446428454333,0.1934125984188358,0.0662446428454333,-8.482402314802563,-21.282754095480623
6.62446428454333,0.1971229102958466,0.0662446428454333,-8.81096655293894,-21.471439536218156
6.62446428454333,0.20083322217285746,0.0662446428454333,-9.145773889425735,-21.658788810191055
6.62446428454333,0.2045435340498683,0.0662446428454333,-9.486824324262953,-21.856021619789807
6.62446428454333,0.20825384592687915,0.0662446428454333,-9.834117857450588,-22.077457464772525
6.62446428454333,0.21196415780388997,0.0662446428454333,-10.187654488988642,-22.34147569320063
6.62446428454333,0.21567446968090082,0.0662446428454333,-10.547434218877116,-22.67103666352153
6.62446428454333,0.21938478155791166,0.0662446428454333,-10.913457047116012,-23.09292178859575
6.62446428454333,0.2230950934349225,0.0662446428454333,-11.285722973705324,-23.634404713704992
6.62446428454333,0.22680540531193333,0.0662446428454333,-11.664231998645054,-24.31611583296246
6.62446428454333,0.23051571718894417,0.0662446428454333,-12.048984121935208,-25.14139243978349
6.62446428454333,0.23422602906595502,0.0662446428454333,-12.439979343575779,-26.085976240476658
6.62446428454333,0.23793634094296587,0.0662446428454333,-12.83721766356677,-27.09547399046453
6.62446428454333,0.2416466528199767,0.0662446428454333,-13.24069908190818,-28.096374143251545
6.62446428454333,0.24535696469698753,0.0662446428454333,-13.650423598600009,-29.017398568316406
6.62446428454333,0.24906727657399838,0.0662446428454333,-14.066391213642259,-29.80921948910395
6.62446428454333,0.2527775884510092,0.0662446428454333,-14.48860192703493,-30.452194267375088
6.62446428454333,0.25648790032802005,0.0662446428454333,-14.917055738778012,-30.951656820707196
6.62446428454333,0.2601982122050309,0.0662446428454333,-15.351752648871525,-31.327494706649777
6.62446428454333,0.26390852408204174,0.0662446428454333,-15.792692657315447,-31.60453041983537
6.62446428454333,0.26761883595905256,0.0662446428454333,-16.23987576410979,-31.80645345007654
6.62446428454333,0.27132914783606343,0.0662446428454333,-16.69330196925456,-31.95310829895554
6.62446428454333,0.27503945971307425,0.0662446428454333,-17.152971272749745,-32.05991782588089
6.62446428454333,0.27874977159008507,0.0662446428454333,-17.618883674595345,-32.13833271742305
6.62446428454333,0.28246008346709595,0.0662446428454333,-18.091039174791373,-32.196617591182616
6.62446428454333,0.28617039534410676,0.0662446428454333,-18.569437773337814,-32.240636104072244
6.62446428454333,0.28988070722111764,0.0662446428454333,-19.05407947023468,-32.27450807160695
6.62446428454333,0.29359101909812846,0.0662446428454333,-19.54496426548196,-32.30111461759825
6.62446428454333,0.2973013309751393,0.0662446428454333,-20.042092159079658,-32.32246858342145
6.62446428454333,0.30101164285215015,0.0662446428454333,-20.545463151027786,-32.33997868353585
6.62446428454333,0.30472195472916097,0.0662446428454333,-21.05507724132632,-32.35463477524557
8.012341136012365,0.011607316445304631,0.08012341136012364,-0.03017614865631087,3.113036357257645
8.012341136012365,0.015317628322315471,0.08012341136012364,-0.05255126998721053,3.0506592197068656
8.012341136012365,0.01902794019932631,0.08012341136012364,-0.08109306531800888,2.9849223355522234
8.012341136012365,0.02273825207633715,0.08012341136012364,-0.1158015346487059,2.9154839643255164
8.012341136012365,0.02644856395334799,0.08012341136012364,-0.15667667797930165,2.841945805857563
8.012341136012365,0.03015887583035883,0.08012341136012364,-0.2037184953097961,2.7638399696829596
8.012341136012365,0.03386918770736967,0.08012341136012364,-0.25692698664018926,2.6806123973908074
8.012341136012365,0.03757949958438051,0.08012341136012364,-0.31630215197048106,2.5916016958022094
8.012341136012365,0.04128981146139135,0.08012341136012364,-0.3818439913006716,2.496012030135021
8.012341136012365,0.04500012333840219,0.08012341136012364,-0.4535525046307608,2.3928783361541326
8.012341136012365,0.04871043521541303,0.08012341136012364,-0.5314276919607487,2.28102162879218
8.012341136012365,0.05242074709242387,0.08012341136012364,-0.6154695532906354,2.158991613208846
8.012341136012365,0.05613105896943471,0.08012341136012364,-0.7056780886204206,2.0249931709249998
8.012341136012365,0.05984137084644555,0.08012341136012364,-0.8020532979501046,1.8767926832070516
8.012341136012365,0.06355168272345639,0.08012341136012364,-0.9045951812796873,1.7115997614535352
8.012341136012365,0.06726199460046722,0.08012341136012364,-1.0133037386091683,1.5259201792936519
8.012341136012365,0.07097230647747807,0.08012341136012364,-1.1281789699385485,1.3153773998119218
8.012341136012365,0.0746826183544889,0.08012341136012364,-1.249220875267827,1.074504403669857
8.012341136012365,0.07839293023149975,0.08012341136012364,-1.3764294545970046,0.7965167526149834
8.012341136012365,0.08210324210851058,0.08012341136012364,-1.5098047079260808,0.473095229944716
8.012341136012365,0.08581355398552143,0.08012341136012364,-1.6493466352550559,0.09423600246904895
8.012341136012365,0.08952386586253226,0.08012341136012364,-1.7950552365839292,-0.3517289487534414
8.012341136012365,0.09323417773954311,0.08012341136012364,-1.9469305119127014,-0.8777813184945615
8.012341136012365,0.09694448961655394,0.08012341136012364,-2.1049724612413723,-1.4973254687779736
8.012341136012365,0.10065480149356479,0.08012341136012364,-2.269181084569942,-2.222549991001676
8.012341136012365,0.10436511337057562,0.08012341136012364,-2.43955638189841,-3.061972845473025
8.012341136012365,0.10807542524758647,0.08012341136012364,-2.616098353226777,-4.017450037618506
8.012341136012365,0.1117857371245973,0.08012341136012364,-2.7988069985550426,-5.081452944648763
8.012341136012365,0.11549604900160815,0.08012341136012364,-2.9876823178832073,-6.235841475992832
8.012341136012365,0.11920636087861898,0.08012341136012364,-3.18272431121127,-7.4531981625788335
8.012341136012365,0.12291667275562983,0.08012341136012364,-3.383932978539232,-8.7007781428098
8.012341136012365,0.12662698463264066,0.08012341136012364,-3.5913083198670925,-9.945747510207134
8.012341136012365,0.1303372965096515,0.08012341136012364,-3.8048503351948515,-11.15968227235349
8.012341136012365,0.13404760838666235,0.08012341136012364,-4.02455902452251,-12.320893769508361
8.012341136012365,0.13775792026367317,0.08012341136012364,-4.250434387850065,-13.41449761159057
8.012341136012365,0.14146823214068402,0.08012341136012364,-4.482476425177521,-14.431165336250244
8.012341136012365,0.14517854401769487,0.08012341136012364,-4.7206851365048745,-15.36564458366722
8.012341136012365,0.1488888558947057,0.08012341136012364,-4.965060521832128,-16.215669611684095
8.012341136012365,0.15259916777171653,0.08012341136012364,-5.2156025811592786,-16.981350802856227
8.012341136012365,0.15630947964872738,0.08012341136012364,-5.472311314486329,-17.66484559768822
8.012341136012365,0.16001979152573823,0.08012341136012364,-5.735186721813278,-18.27008666351098
8.012341136012365,0.16373010340274907,0.08012341136012364,-6.004228803140125,-18.802446554951807
8.012341136012365,0.1674404152797599,0.08012341136012364,-6.27943755846687,-19.268330281565017
8.012341136012365,0.17115072715677074,0.08012341136012364,-6.560812987793515,-19.674751115709217
8.012341136012365,0.17486103903378158,0.08012341136012364,-6.84835509112006,-20.028957979343723
8.012341136012365,0.17857135091079243,0.08012341136012364,-7.142063868446501,-20.33816625882552
8.012341136012365,0.18228166278780325,0.08012341136012364,-7.441939319772842,-20.609420195504175
8.012341136012365,0.1859919746648141,0.08012341136012364,-7.7479814450990805,-20.84959755932553
8.012341136012365,0.18970228654182494,0.08012341136012364,-8.06019024442522,-21.06556056735538
8.012341136012365,0.1934125984188358,0.08012341136012364,-8.378565717751258,-21.26445952669904
8.012341136012365,0.1971229102958466,0.08012341136012364,-8.703107865077191,-21.4542026938574
8.012341136012365,0.20083322217285746,0.08012341136012364,-9.033816686403025,-21.644109392536546
8.012341136012365,0.2045435340498683,0.08012341136012364,-9.37069218172876,-21.84574961206589
8.012341136012365,0.20825384592687915,0.08012341136012364,-9.713734351054391,-22.07391684171528
8.012341136012365,0.21196415780388997,0.08012341136012364,-10.06294319437992,-22.347539852645667
8.012341136012365,0.21567446968090082,0.08012341136012364,-10.41831871170535,-22.690061392606555
8.012341136012365,0.21938478155791166,0.08012341136012364,-10.779860903030679,-23.128384813916025
8.012341136012365,0.2230950934349225,0.08012341136012364,-11.147569768355904,-23.68908523810998
8.012341136012365,0.22680540531193333,0.08012341136012364,-11.521445307681027,-24.390785275240592
8.012341136012365,0.23051571718894417,0.08012341136012364,-11.901487521006052,-25.233389036037575
8.012341136012365,0.23422602906595502,0.08012341136012364,-12.287696408330977,-26.18856183684278
8.012341136012365,0.23793634094296587,0.08012341136012364,-12.680071969655797,-27.19891369526412
8.012341136012365,0.2416466528199767,0.08012341136012364,-13.078614204980516,-28.19067766145394
8.012341136012365,0.24535696469698753,0.08012341136012364,-13.483323114305135,-29.095261965511302
8.012341136012365,0.24906727657399838,0.08012341136012364,-13.894198697629653,-29.867486723380345
8.012341136012365,0.2527775884510092,0.08012341136012364,-14.311240954954071,-30.491423822605707
8.012341136012365,0.25648790032802005,0.08012341136012364,-14.734449886278382,-30.974649228953158
8.012341136012365,0.2601982122050309,0.08012341136012364,-15.163825491602601,-31.337824410741575
8.012341136012365,0.26390852408204174,0.08012341136012364,-15.59936777092671,-31.60559440484988
8.012341136012365,0.26761883595905256,0.08012341136012364,-16.041076724250715,-31.801048815801256
8.012341136012365,0.27132914783606343,0.08012341136012364,-16.488952351574632,-31.94335233225993
8.012341136012365,0.27503945971307425,0.08012341136012364,-16.942994652898438,-32.04732994338555
8.012341136012365,0.27874977159008507,0.08012341136012364,-17.40320362822214,-32.1239653173276
8.012341136012365,0.28246008346709595,0.08012341136012364,-17.869579277545753,-32.18118185273691
8.012341136012365,0.28617039534410676,0.08012341136012364,-18.342121600869252,-32.224603896553695
8.012341136012365,0.28988070722111764,0.08012341136012364,-18.82083059819266,-32.25818777724587
8.012341136012365,0.29359101909812846,0.08012341136012364,-19.30570626951596,-32.28470486843789
8.012341136012365,0.2973013309751393,0.08012341136012364,-19.796748614839156,-32.306095229024706
8.012341136012365,0.30101164285215015,0.08012341136012364,-20.29395763416226,-32.32371974529394
8.012341136012365,0.30472195472916097,0.08012341136012364,-20.797333327485255,-32.33853708332798
9.4002179874814,0.011607316445304631,0.09400217987481399,-0.02980217192877299,3.1857043243232006
9.4002179874814,0.015317628322315471,0.09400217987481399,-0.05189999562474591,3.1237522841685283
9.4002179874814,0.01902794019932631,0.09400217987481399,-0.0800880689700968,3.0583983473450456
9.4002179874814,0.02273825207633715,0.09400217987481399,-0.11436639196482568,2.989286485178841
9.4002179874814,0.02644856395334799,0.09400217987481399,-0.15473496460893255,2.91600047453057
9.4002179874814,0.03015887583035883,0.09400217987481399,-0.20119378690241738,2.8380498177783444
9.4002179874814,0.03386918770736967,0.09400217987481399,-0.25374285884528025,2.754851787784685
9.4002179874814,0.03757949958438051,0.09400217987481399,-0.31238218043752103,2.66570845142847
9.4002179874814,0.04128981146139135,0.09400217987481399,-0.37711175167913985,2.569777185780554
9.4002179874814,0.04500012333840219,0.09400217987481399,-0.4479315725701366,2.4660327740310164
9.4002179874814,0.04871043521541303,0.09400217987481399,-0.5248416431105114,2.353218646014117
9.4002179874814,0.05242074709242387,0.09400217987481399,-0.6078419633002641,2.2297842183656416
9.4002179874814,0.05613105896943471,0.09400217987481399,-0.6969325331393948,2.093804635222222
9.4002179874814,0.05984137084644555,0.09400217987481399,-0.7921133526279035,1.9428786281450854
9.4002179874814,0.06355168272345639,0.09400217987481399,-0.8933844217657902,1.7739999601776926
9.4002179874814,0.06726199460046722,0.09400217987481399,-1.0007457405530547,1.5833985055237318
9.4002179874814,0.07097230647747807,0.09400217987481399,-1.1141973089896973,1.366349393259345
9.4002179874814,0.0746826183544889,0.09400217987481399,-1.2337391270757179,1.1169544570305925
9.4002179874814,0.07839293023149975,0.09400217987481399,-1.3593711948111165,0.8279121085552308
9.4002179874814,0.08210324210851058,0.09400217987481399,-1.491093512195893,0.49031338613275466
9.4002179874814,0.08581355398552143,0.09400217987481399,-1.6289060792300478,0.09353738181214055
9.4002179874814,0.08952386586253226,0.09400217987481399,-1.7728088959135802,-0.3746298138818125
9.4002179874814,0.09323417773954311,0.09400217987481399,-1.9228019622464907,-0.9274695930855947
9.4002179874814,0.09694448961655394,0.09400217987481399,-2.078885278228779,-1.5781773720792458
9.4002179874814,0.10065480149356479,0.09400217987481399,-2.2410588438604457,-2.3379041557308478
9.4002179874814,0.10436511337057562,0.09400217987481399,-2.40932265914149,-3.2130314385737417
9.4002179874814,0.10807542524758647,0.09400217987481399,-2.5836767240719127,-4.202155636651896
9.4002179874814,0.1117857371245973,0.09400217987481399,-2.7641210386517128,-5.2937994997390225
9.4002179874814,0.11549604900160815,0.09400217987481399,-2.9506556028808912,-6.466123347506764
9.4002179874814,0.11920636087861898,0.09400217987481399,-3.1432804167594477,-7.6894026849171055
9.4002179874814,0.12291667275562983,0.09400217987481399,-3.341995480287382,-8.930753389890068
9.4002179874814,0.12662698463264066,0.09400217987481399,-3.5468007934646946,-10.159321880077991
9.4002179874814,0.1303372965096515,0.09400217987481399,-3.7576963562913845,-11.349961641851175
9.4002179874814,0.13404760838666235,0.09400217987481399,-3.9746821687674534,-12.484467537167683
9.4002179874814,0.13775792026367317,0.09400217987481399,-4.197758230892899,-13.550821639171234
9.4002179874814,0.14146823214068402,0.09400217987481399,-4.426924542667724,-14.541612831472817
9.4002179874814,0.14517854401769487,0.09400217987481399,-4.662181104091926,-15.452621695051214
9.4002179874814,0.1488888558947057,0.09400217987481399,-4.9035279151655065,-16.281978084096185
9.4002179874814,0.15259916777171653,0.09400217987481399,-5.1509649758884635,-17.029809333735418
9.4002179874814,0.15630947964872738,0.09400217987481399,-5.4044922862608,-17.69810315111951
9.4002179874814,0.16001979152573823,0.09400217987481399,-5.664109846282515,-18.290550872163728
9.4002179874814,0.16373010340274907,0.09400217987481399,-5.929817655953607,-18.812270075091217
9.4002179874814,0.1674404152797599,0.09400217987481399,-6.201615715274076,-19.26942199433528
9.4002179874814,0.17115072715677074,0.09400217987481399,-6.479504024243924,-19.66879694030199
9.4002179874814,0.17486103903378158,0.09400217987481399,-6.763482582863151,-20.017446385497593
9.4002179874814,0.17857135091079243,0.09400217987481399,-7.053551391131755,-20.322418414593475
9.4002179874814,0.18228166278780325,0.09400217987481399,-7.349710449049737,-20.590626559843678
9.4002179874814,0.1859919746648141,0.09400217987481399,-7.651959756617096,-20.828863422299435
9.4002179874814,0.18970228654182494,0.09400217987481399,-7.960299313833835,-21.04396348079413
9.4002179874814,0.1934125984188358,0.09400217987481399,-8.274729120699952,-21.243121945648863
9.4002179874814,0.1971229102958466,0.09400217987481399,-8.595249177215445,-21.434382981118798
9.4002179874814,0.20083322217285746,0.09400217987481399,-8.921859483380315,-21.62731228851491
9.4002179874814,0.2045435340498683,0.09400217987481399,-9.254560039194567,-21.833850675996054
9.4002179874814,0.20825384592687915,0.09400217987481399,-9.593350844658195,-22.069279681335434
9.4002179874814,0.21196415780388997,0.09400217987481399,-9.9382318997712,-22.35307414664136
9.4002179874814,0.21567446968090082,0.09400217987481399,-10.289203204533584,-22.709120644491502
9.4002179874814,0.21938478155791166,0.09400217987481399,-10.646264758945346,-23.164349381413547
9.4002179874814,0.2230950934349225,0.09400217987481399,-11.009416563006486,-23.744476247038943
9.4002179874814,0.22680540531193333,0.09400217987481399,-11.378658616717003,-24.465924758145068
9.4002179874814,0.23051571718894417,0.09400217987481399,-11.753990920076898,-25.325049907022805
9.4002179874814,0.23422602906595502,0.09400217987481399,-12.135413473086173,-26.28953908475943
9.4002179874814,0.23793634094296587,0.09400217987481399,-12.522926275744826,-27.299357287515456
9.4002179874814,0.2416466528199767,0.09400217987481399,-12.916529328052853,-28.280921470890043
9.4002179874814,0.24535696469698753,0.09400217987481399,-13.316222630010262,-29.16859343714871
9.4002179874814,0.24906727657399838,0.09400217987481399,-13.722006181617049,-29.921321411603284
9.4002179874814,0.2527775884510092,0.09400217987481399,-14.133879982873214,-30.526683195617785
9.4002179874814,0.25648790032802005,0.09400217987481399,-14.551844033778751,-30.99426549631258
9.4002179874814,0.2601982122050309,0.09400217987481399,-14.975898334333676,-31.345346480761712
9.4002179874814,0.26390852408204174,0.09400217987481399,-15.406042884537971,-31.6043220991287
9.4002179874814,0.26761883595905256,0.09400217987481399,-15.842277684391643,-31.793668096567405
9.4002179874814,0.27132914783606343,0.09400217987481399,-16.2846027338947,-31.931882937239198
9.4002179874814,0.27503945971307425,0.09400217987481399,-16.73301803304713,-32.03321554983521
9.4002179874814,0.27874977159008507,0.09400217987481399,-17.187523581848936,-32.1082033778116
9.4002179874814,0.28246008346709595,0.09400217987481399,-17.64811938030013,-32.16444524073482
9.4002179874814,0.28617039534410676,0.09400217987481399,-18.114805428400693,-32.20733838518901
9.4002179874814,0.28988070722111764,0.09400217987481399,-18.587581726150642,-32.24068418312847
9.4002179874814,0.29359101909812846,0.09400217987481399,-19.06644827354996,-32.26715004704872
9.4002179874814,0.2973013309751393,0.09400217987481399,-19.551405070598655,-32.288607114513205
9.4002179874814,0.30101164285215015,0.09400217987481399,-20.04245211729674,-32.30637099402265
9.4002179874814,0.30472195472916097,0.09400217987481399,-20.53958941364419,-32.321370837646406
10.788094838950434,0.011607316445304631,0.10788094838950434,-0.029428195201235116,3.2586733044315075
10.788094838950434,0.015317628322315471,0.10788094838950434,-0.0512487212622813,3.197107926730199
10.788094838950434,0.01902794019932631,0.10788094838950434,-0.07908307262218474,3.1320961128137323
10.788094838950434,0.02273825207633715,0.10788094838950434,-0.11293124928094543,3.0632663663003035
10.788094838950434,0.02644856395334799,0.10788094838950434,-0.15279325123856344,2.9901829926417856
10.788094838950434,0.03015887583035883,0.10788094838950434,-0.19866907849503868,2.912330856867068
10.788094838950434,0.03386918770736967,0.10788094838950434,-0.25055873105037124,2.8290959028880946
10.788094838950434,0.03757949958438051,0.10788094838950434,-0.308462208904561,2.7397401729578146
10.788094838950434,0.04128981146139135,0.10788094838950434,-0.3723795120576081,2.643369693186985
10.788094838950434,0.04500012333840219,0.10788094838950434,-0.4423106405095124,2.538893125227962
10.788094838950434,0.04871043521541303,0.10788094838950434,-0.518255594260274,2.424968520791439
10.788094838950434,0.05242074709242387,0.10788094838950434,-0.6002143733098929,2.2999348712341305
10.788094838950434,0.05613105896943471,0.10788094838950434,-0.688186977658369,2.1617244822829793
10.788094838950434,0.05984137084644555,0.10788094838950434,-0.7821734073057024,2.0077516810448737
10.788094838950434,0.06355168272345639,0.10788094838950434,-0.8821736622518931,1.8347733131752226
10.788094838950434,0.06726199460046722,0.10788094838950434,-0.9881877424969409,1.6387175642148046
10.788094838950434,0.07097230647747807,0.10788094838950434,-1.100215648040846,1.4144810253529398
10.788094838950434,0.0746826183544889,0.10788094838950434,-1.2182573788836084,1.1557016237512354
10.788094838950434,0.07839293023149975,0.10788094838950434,-1.3423129350252283,0.8545301341964866
10.788094838950434,0.08210324210851058,0.10788094838950434,-1.4723823164657053,0.501449546483963
10.788094838950434,0.08581355398552143,0.10788094838950434,-1.6084655232050398,0.08523333463374505
10.788094838950434,0.08952386586253226,0.10788094838950434,-1.7505625552432311,-0.40680998437044846
10.788094838950434,0.09323417773954311,0.10788094838950434,-1.89867341258028,-0.9881016489007688
10.788094838950434,0.09694448961655394,0.10788094838950434,-2.052798095216186,-1.6713456739361763
10.788094838950434,0.10065480149356479,0.10788094838950434,-2.212936603150949,-2.466248768856014
10.788094838950434,0.10436511337057562,0.10788094838950434,-2.3790889363845698,-3.3765900807864684
10.788094838950434,0.10807542524758647,0.10788094838950434,-2.5512550949170483,-4.397337136348201
10.788094838950434,0.1117857371245973,0.10788094838950434,-2.729435078748383,-5.5130021325547975
10.788094838950434,0.11549604900160815,0.10788094838950434,-2.9136288878785757,-6.698436939080366
10.788094838950434,0.11920636087861898,0.10788094838950434,-3.103836522307625,-7.922394807819133
10.788094838950434,0.12291667275562983,0.10788094838950434,-3.3000579820355322,-9.152747483280246
10.788094838950434,0.12662698463264066,0.10788094838950434,-3.502293267062296,-10.361284828655341
10.788094838950434,0.1303372965096515,0.10788094838950434,-3.7105423773879176,-11.526383118772092
10.788094838950434,0.13404760838666235,0.10788094838950434,-3.924805313012397,-12.63319362526349
10.788094838950434,0.13775792026367317,0.10788094838950434,-4.145082073935732,-13.672245123633958
10.788094838950434,0.14146823214068402,0.10788094838950434,-4.371372660157926,-14.637704560209333
10.788094838950434,0.14517854401769487,0.10788094838950434,-4.603677071678976,-15.526119944515186
10.788094838950434,0.1488888558947057,0.10788094838950434,-4.841995308498885,-16.335843089093043
10.788094838950434,0.15259916777171653,0.10788094838950434,-5.086327370617648,-17.066916145921695
10.788094838950434,0.15630947964872738,0.10788094838950434,-5.336673258035272,-17.721098794560575
10.788094838950434,0.16001979152573823,0.10788094838950434,-5.593032970751752,-18.301806139123386
10.788094838950434,0.16373010340274907,0.10788094838950434,-5.855406508767089,-18.813878232813593
10.788094838950434,0.1674404152797599,0.10788094838950434,-6.123793872081281,-19.26321779670948
10.788094838950434,0.17115072715677074,0.10788094838950434,-6.398195060694333,-19.656383821233092
10.788094838950434,0.17486103903378158,0.10788094838950434,-6.678610074606243,-20.000227847307542
10.788094838950434,0.17857135091079243,0.10788094838950434,-6.965038913817009,-20.301633537630533
10.788094838950434,0.18228166278780325,0.10788094838950434,-7.257481578326631,-20.567391262450037
10.788094838950434,0.1859919746648141,0.10788094838950434,-7.555938068135111,-20.804219928131186
10.788094838950434,0.18970228654182494,0.10788094838950434,-7.860408383242451,-21.018941045350033
10.788094838950434,0.1934125984188358,0.10788094838950434,-8.170892523648646,-21.21881229928529
10.788094838950434,0.1971229102958466,0.10788094838950434,-8.487390489353697,-21.412033584044263
10.788094838950434,0.20083322217285746,0.10788094838950434,-8.809902280357607,-21.60843790890312
10.788094838950434,0.2045435340498683,0.10788094838950434,-9.138427896660374,-21.820356153720727
10.788094838950434,0.20825384592687915,0.10788094838950434,-9.472967338261999,-22.063569319851776
10.788094838950434,0.21196415780388997,0.10788094838950434,-9.813520605162479,-22.35809018531707
10.788094838950434,0.21567446968090082,0.10788094838950434,-10.160087697361817,-22.72820318645408
10.788094838950434,0.21938478155791166,0.10788094838950434,-10.512668614860015,-23.200761468178218
10.788094838950434,0.2230950934349225,0.10788094838950434,-10.871263357657067,-23.800455657237855
10.788094838950434,0.22680540531193333,0.10788094838950434,-11.235871925752976,-24.541326233398465
10.788094838950434,0.23051571718894417,0.10788094838950434,-11.606494319147744,-25.416090215728737
10.788094838950434,0.23422602906595502,0.10788094838950434,-11.98313053784137,-26.388593540865077
10.788094838950434,0.23793634094296587,0.10788094838950434,-12.365780581833853,-27.396528745106753
10.788094838950434,0.2416466528199767,0.10788094838950434,-12.75444445112519,-28.366917987833933
10.788094838950434,0.24535696469698753,0.10788094838950434,-13.149122145715388,-29.237300328521865
10.788094838950434,0.24906727657399838,0.10788094838950434,-13.549813665604443,-29.97069738185144
10.788094838950434,0.2527775884510092,0.10788094838950434,-13.956519010792357,-30.55797540318135
10.788094838950434,0.25648790032802005,0.10788094838950434,-14.36923818127912,-31.010510267209
10.788094838950434,0.2601982122050309,0.10788094838950434,-14.787971177064753,-31.350053536440537
10.788094838950434,0.26390852408204174,0.10788094838950434,-15.212717998149232,-31.600690538438844
10.788094838950434,0.26761883595905256,0.10788094838950434,-15.643478644532568,-31.78427427287942
10.788094838950434,0.27132914783606343,0.10788094838950434,-16.08025311621477,-31.91865224266483
10.788094838950434,0.27503945971307425,0.10788094838950434,-16.523041413195827,-32.01751911436476
10.788094838950434,0.27874977159008507,0.10788094838950434,-16.971843535475735,-32.09098628965251
10.788094838950434,0.28246008346709595,0.10788094838950434,-17.426659483054507,-32.14634395834696
10.788094838950434,0.28617039534410676,0.10788094838950434,-17.88748925593213,-32.18877389623795
10.788094838950434,0.28988070722111764,0.10788094838950434,-18.35433285410862,-32.22193061768459
10.788094838950434,0.29359101909812846,0.10788094838950434,-18.82719027758396,-32.24838306157447
10.788094838950434,0.2973013309751393,0.10788094838950434,-19.306061526358157,-32.26993710208084
10.788094838950434,0.30101164285215015,0.10788094838950434,-19.790946600431216,-32.287865486238914
10.788094838950434,0.30472195472916097,0.10788094838950434,-20.281845499803126,-32.303069441953596
12.175971690419468,0.011607316445304631,0.12175971690419468,-0.029054218473697234,3.3320226655628495
12.175971690419468,0.015317628322315471,0.12175971690419468,-0.05059744689981667,3.2708002194925783
12.175971690419468,0.01902794019932631,0.12175971690419468,-0.07807807627427264,3.206083984491798
12.175971690419468,0.02273825207633715,0.12175971690419468,-0.11149610659706517,3.13748572061432
12.175971690419468,0.02644856395334799,0.12175971690419468,-0.1508515378681943,3.064548586189665
12.175971690419468,0.03015887583035883,0.12175971690419468,-0.19614437008765995,2.9867306102717857
12.175971690419468,0.03386918770736967,0.12175971690419468,-0.2473746032554622,2.9033835245447888
12.175971690419468,0.03757949958438051,0.12175971690419468,-0.30454223737160097,2.813725566794113
12.175971690419468,0.04128981146139135,0.12175971690419468,-0.3676472724360763,2.716806459834122
12.175971690419468,0.04500012333840219,0.12175971690419468,-0.43668970844888816,2.611462263493819
12.175971690419468,0.04871043521541303,0.12175971690419468,-0.5116695454100366,2.49625719324633
12.175971690419468,0.05242074709242387,0.12175971690419468,-0.5925867833195216,2.3694088261250092
12.175971690419468,0.05613105896943471,0.12175971690419468,-0.6794414221773432,2.228692462182658
12.175971690419468,0.05984137084644555,0.12175971690419468,-0.7722334619835012,2.071319987190833
12.175971690419468,0.06355168272345639,0.12175971690419468,-0.8709629027379959,1.8937888217570327
12.175971690419468,0.06726199460046722,0.12175971690419468,-0.975629744440827,1.6916982675338967
12.175971690419468,0.07097230647747807,0.12175971690419468,-1.0862339870919948,1.459535238320363
12.175971690419468,0.0746826183544889,0.12175971690419468,-1.202775630691499,1.1904414040546454
12.175971690419468,0.07839293023149975,0.12175971690419468,-1.32525467523934,0.8759927327926549
12.175971690419468,0.08210324210851058,0.12175971690419468,-1.4536711207355173,0.5060545829151457
12.175971690419468,0.08581355398552143,0.12175971690419468,-1.5880249671800315,0.06882378159573688
12.175971690419468,0.08952386586253226,0.12175971690419468,-1.7283162145728819,-0.448770724589451
12.175971690419468,0.09323417773954311,0.12175971690419468,-1.8745448629140689,-1.0600876516927127
12.175971690419468,0.09694448961655394,0.12175971690419468,-2.0267109122035927,-1.7770089659770893
12.175971690419468,0.10065480149356479,0.12175971690419468,-2.1848143624414527,-2.607357213911091
12.175971690419468,0.10436511337057562,0.12175971690419468,-2.3488552136276493,-3.5518590126820397
12.175971690419468,0.10807542524758647,0.12175971690419468,-2.518833465762183,-4.601578396552207
12.175971690419468,0.1117857371245973,0.12175971690419468,-2.6947491188450527,-5.737121959436412
12.175971690419468,0.11549604900160815,0.12175971690419468,-2.876602172876259,-6.930597349869478
12.175971690419468,0.11920636087861898,0.12175971690419468,-3.0643926278558022,-8.150103938308353
12.175971690419468,0.12291667275562983,0.12175971690419468,-3.258120483783682,-9.365107735216412
12.175971690419468,0.12662698463264066,0.12175971690419468,-3.4577857406598977,-10.55054785959767
12.175971690419468,0.1303372965096515,0.12175971690419468,-3.66338839848445,-11.688404099024527
12.175971690419468,0.13404760838666235,0.12175971690419468,-3.87492845725734,-12.766956171800091
12.175971690419468,0.13775792026367317,0.12175971690419468,-4.0924059169785645,-13.778934940352658
12.175971690419468,0.14146823214068402,0.12175971690419468,-4.315820777648128,-14.719769360531789
12.175971690419468,0.14517854401769487,0.12175971690419468,-4.545173039266026,-15.586547194249956
12.175971690419468,0.1488888558947057,0.12175971690419468,-4.7804627018322625,-16.377700934919716
12.175971690419468,0.15259916777171653,0.12175971690419468,-5.021689765346833,-17.093106496898873
12.175971690419468,0.15630947964872738,0.12175971690419468,-5.268854229809742,-17.734248996121643
12.175971690419468,0.16001979152573823,0.12175971690419468,-5.521956095220988,-18.30423872912724
12.175971690419468,0.16373010340274907,0.12175971690419468,-5.78099536158057,-18.807619571200956
12.175971690419468,0.1674404152797599,0.12175971690419468,-6.045972028888486,-19.250024016193006
12.175971690419468,0.17115072715677074,0.12175971690419468,-6.316886097144741,-19.637774046157617
12.175971690419468,0.17486103903378158,0.12175971690419468,-6.593737566349334,-19.977521125813254
12.175971690419468,0.17857135091079243,0.12175971690419468,-6.876526436502261,-20.275989280028693
12.175971690419468,0.18228166278780325,0.12175971690419468,-7.165252707603526,-20.539854677727604
12.175971690419468,0.1859919746648141,0.12175971690419468,-7.459916379653126,-20.775774946032186
12.175971690419468,0.18970228654182494,0.12175971690419468,-7.760517452651064,-20.99057393129154
12.175971690419468,0.1934125984188358,0.12175971690419468,-8.06705592659734,-21.191589551330406
12.175971690419468,0.1971229102958466,0.12175971690419468,-8.379531801491948,-21.387197086561915
12.175971690419468,0.20083322217285746,0.12175971690419468,-8.697945077334895,-21.58751713070599
12.175971690419468,0.2045435340498683,0.12175971690419468,-9.02229575412618,-21.80528840086176
12.175971690419468,0.20825384592687915,0.12175971690419468,-9.3525838318658,-22.056799854082048
12.175971690419468,0.21196415780388997,0.12175971690419468,-9.688809310553756,-22.36258896834173
12.175971690419468,0.21567446968090082,0.12175971690419468,-10.03097219019005,-22.74728451634549
12.175971690419468,0.21938478155791166,0.12175971690419468,-10.37907247077468,-23.23755026342809
12.175971690419468,0.2230950934349225,0.12175971690419468,-10.733110152307647,-23.85688184482713
12.175971690419468,0.22680540531193333,0.12175971690419468,-11.093085234788948,-24.61676294238148
12.175971690419468,0.23051571718894417,0.12175971690419468,-11.458997718218589,-25.50621304102189
12.175971690419468,0.23422602906595502,0.12175971690419468,-11.830847602596565,-26.48540961373979
12.175971690419468,0.23793634094296587,0.12175971690419468,-12.208634887922878,-27.49016049703207
12.175971690419468,0.2416466528199767,0.12175971690419468,-12.592359574197527,-28.448491203467327
12.175971690419468,0.24535696469698753,0.12175971690419468,-12.982021661420513,-29.301298213145902
12.175971690419468,0.24906727657399838,0.12175971690419468,-13.377621149591835,-30.015590795335893
12.175971690419468,0.2527775884510092,0.12175971690419468,-13.779158038711497,-30.58530090285935
12.175971690419468,0.25648790032802005,0.12175971690419468,-14.186632328779488,-31.0233829419053
12.175971690419468,0.2601982122050309,0.12175971690419468,-14.600044019795826,-31.351932061210512
12.175971690419468,0.26390852408204174,0.12175971690419468,-15.019393111760492,-31.594670708577326
12.175971690419468,0.26761883595905256,0.12175971690419468,-15.444679604673492,-31.772824728774953
12.175971690419468,0.27132914783606343,0.12175971690419468,-15.87590349853484,-31.903607280741433
12.175971690419468,0.27503945971307425,0.12175971690419468,-16.313064793344516,-32.00018043190493
12.175971690419468,0.27874977159008507,0.12175971690419468,-16.756163489102526,-32.07224908872415
12.175971690419468,0.28246008346709595,0.12175971690419468,-17.205199585808884,-32.12681008269129
12.175971690419468,0.28617039534410676,0.12175971690419468,-17.66017308346357,-32.168840790319614
12.175971690419468,0.28988070722111764,0.12175971690419468,-18.121083982066597,-32.20185655601502
12.175971690419468,0.29359101909812846,0.12175971690419468,-18.587932281617956,-32.22833304671941
12.175971690419468,0.2973013309751393,0.12175971690419468,-19.06071798211765,-32.250014339065984
12.175971690419468,0.30101164285215015,0.12175971690419468,-19.53944108356569,-32.268132608414895
12.175971690419468,0.30472195472916097,0.12175971690419468,-20.024101585962057,-32.283562665964396
13.5638485418885,0.011607316445304631,0.135638485418885,-0.02868024174615936,3.405840073990526
13.5638485418885,0.015317628322315471,0.135638485418885,-0.04994617253735205,3.3449115262114013
13.5638485418885,0.01902794019932631,0.135638485418885,-0.07707307992636057,3.2804385687626283
13.5638485418885,0.02273825207633715,0.135638485418885,-0.11006096391318494,3.212014837621382
13.5638485418885,0.02644856395334799,0.135638485418885,-0.14890982449782517,3.139160530423556
13.5638485418885,0.03015887583035883,0.135638485418885,-0.19361966168028125,3.061304459653953
13.5638485418885,0.03386918770736967,0.135638485418885,-0.2441904754605532,2.9777610211175443
13.5638485418885,0.03757949958438051,0.135638485418885,-0.30062226583864093,2.8877005510520384
13.5638485418885,0.04128981146139135,0.135638485418885,-0.3629150328145445,2.7901110992590787
13.5638485418885,0.04500012333840219,0.135638485418885,-0.43106877638826396,2.683749097722754
13.5638485418885,0.04871043521541303,0.135638485418885,-0.5050834965597992,2.5670757616040936
13.5638485418885,0.05242074709242387,0.135638485418885,-0.5849591933291504,2.438175367278941
13.5638485418885,0.05613105896943471,0.135638485418885,-0.6706958666963174,2.2946509337395247
13.5638485418885,0.05984137084644555,0.135638485418885,-0.7622935166613002,2.133492564862869
13.5638485418885,0.06355168272345639,0.135638485418885,-0.8597521432240989,1.950914344889221
13.5638485418885,0.06726199460046722,0.135638485418885,-0.9630717463847132,1.7421582517966325
13.5638485418885,0.07097230647747807,0.135638485418885,-1.0722523261431436,1.5012698600908891
13.5638485418885,0.0746826183544889,0.135638485418885,-1.1872938824993897,1.2208635108005026
13.5638485418885,0.07839293023149975,0.135638485418885,-1.3081964154534518,0.8919181343107738
13.5638485418885,0.08210324210851058,0.135638485418885,-1.4349599250053295,0.5036832943400249
13.5638485418885,0.08581355398552143,0.135638485418885,-1.5675844111550234,0.04382956215469913
13.5638485418885,0.08952386586253226,0.135638485418885,-1.7060698739025328,-0.5009614937335667
13.5638485418885,0.09323417773954311,0.135638485418885,-1.8504163132478582,-1.1437382940161411
13.5638485418885,0.09694448961655394,0.135638485418885,-2.0006237291909996,-1.8951851066984842
13.5638485418885,0.10065480149356479,0.135638485418885,-2.1566921217319566,-2.7607820428218766
13.5638485418885,0.10436511337057562,0.135638485418885,-2.318621490870729,-3.7377964605781715
13.5638485418885,0.10807542524758647,0.135638485418885,-2.4864118366073185,-4.813239708341131
13.5638485418885,0.1117857371245973,0.135638485418885,-2.6600631589417225,-5.964096174367758
13.5638485418885,0.11549604900160815,0.135638485418885,-2.839575457873943,-7.160440981815617
13.5638485418885,0.11920636087861898,0.135638485418885,-3.0249487334039795,-8.370617342946002
13.5638485418885,0.12291667275562983,0.135638485418885,-3.216182985531832,-9.566418727055416
13.5638485418885,0.12662698463264066,0.135638485418885,-3.4132782142574998,-10.726268567173356
13.5638485418885,0.1303372965096515,0.135638485418885,-3.6162344195809832,-11.835686961082379
13.5638485418885,0.13404760838666235,0.135638485418885,-3.8250516015022837,-12.885785332975399
13.5638485418885,0.13775792026367317,0.135638485418885,-4.039729760021398,-13.871150567315668
13.5638485418885,0.14146823214068402,0.135638485418885,-4.2602688951383305,-14.788189861695724
13.5638485418885,0.14517854401769487,0.135638485418885,-4.486669006853077,-15.634340047298215
13.5638485418885,0.1488888558947057,0.135638485418885,-4.718930095165641,-16.408000988777776
13.5638485418885,0.15259916777171653,0.135638485418885,-4.957052160076018,-17.108818379327463
13.5638485418885,0.15630947964872738,0.135638485418885,-5.201035201584213,-17.73796558847687
13.5638485418885,0.16001979152573823,0.135638485418885,-5.450879219690225,-18.29822479924402
13.5638485418885,0.16373010340274907,0.135638485418885,-5.706584214394051,-18.793828609356527
13.5638485418885,0.1674404152797599,0.135638485418885,-5.968150185695692,-19.23013047267965
13.5638485418885,0.17115072715677074,0.135638485418885,-6.23557713359515,-19.613212200430393
13.5638485418885,0.17486103903378158,0.135638485418885,-6.508865058092425,-19.949527153093484
13.5638485418885,0.17857135091079243,0.135638485418885,-6.788013959187515,-20.245646136774614
13.5638485418885,0.18228166278780325,0.135638485418885,-7.07302383688042,-20.508141221963175
13.5638485418885,0.1859919746648141,0.135638485418885,-7.363894691171141,-20.743621873549554
13.5638485418885,0.18970228654182494,0.135638485418885,-7.66062652205968,-20.958929915626456
13.5638485418885,0.1934125984188358,0.135638485418885,-7.963219329546034,-21.161501284706382
13.5638485418885,0.1971229102958466,0.135638485418885,-8.2716731136302,-21.359905996975172
13.5638485418885,0.20083322217285746,0.135638485418885,-8.585987874312185,-21.564571696922012
13.5638485418885,0.2045435340498683,0.135638485418885,-8.906163611591987,-21.78866101092055
13.5638485418885,0.20825384592687915,0.135638485418885,-9.232200325469604,-22.04897614659619
13.5638485418885,0.21196415780388997,0.135638485418885,-9.564098015945035,-22.366560654216435
13.5638485418885,0.21567446968090082,0.135638485418885,-9.901856683018284,-22.76632646260924
13.5638485418885,0.21938478155791166,0.135638485418885,-10.24547632668935,-23.27462783068745
13.5638485418885,0.2230950934349225,0.135638485418885,-10.594956946958229,-23.91359379109445
13.5638485418885,0.22680540531193333,0.135638485418885,-10.950298543824921,-24.691990456223383
13.5638485418885,0.23051571718894417,0.135638485418885,-11.311501117289435,-25.595111249775865
13.5638485418885,0.23422602906595502,0.135638485418885,-11.678564667351763,-26.579672477661735
13.5638485418885,0.23793634094296587,0.135638485418885,-12.051489194011907,-27.57999440779763
13.5638485418885,0.2416466528199767,0.135638485418885,-12.430274697269864,-28.525476477103783
13.5638485418885,0.24535696469698753,0.135638485418885,-12.814921177125639,-29.360510032995787
13.5638485418885,0.24906727657399838,0.135638485418885,-13.205428633579231,-30.055979297758444
13.5638485418885,0.2527775884510092,0.135638485418885,-13.60179706663064,-30.608657065702403
13.5638485418885,0.25648790032802005,0.135638485418885,-14.004026476279858,-31.032877458915088
13.5638485418885,0.2601982122050309,0.135638485418885,-14.412116862526902,-31.350962369794665
13.5638485418885,0.26390852408204174,0.135638485418885,-14.826068225371753,-31.586227589665757
13.5638485418885,0.26761883595905256,0.135638485418885,-15.245880564814419,-31.759271311152297
13.5638485418885,0.27132914783606343,0.135638485418885,-15.67155388085491,-31.88669003540172
13.5638485418885,0.27503945971307425,0.135638485418885,-16.103088173493212,-31.981134653379456
13.5638485418885,0.27874977159008507,0.135638485418885,-16.540483442729325,-32.05192246895502
13.5638485418885,0.28246008346709595,0.135638485418885,-16.98373968856326,-32.105771563775484
13.5638485418885,0.28617039534410676,0.135638485418885,-17.432856910995007,-32.14746545065141
13.5638485418885,0.28988070722111764,0.135638485418885,-17.88783511002458,-32.180387600119104
13.5638485418885,0.29359101909812846,0.135638485418885,-18.348674285651956,-32.2069253379549
13.5638485418885,0.2973013309751393,0.135638485418885,-18.81537443787715,-32.22876422754439
13.5638485418885,0.30101164285215015,0.135638485418885,-19.28793556670017,-32.247098042933246
13.5638485418885,0.30472195472916097,0.135638485418885,-19.766357672120993,-32.262776608347885
14.951725393357535,0.011607316445304631,0.14951725393357534,-0.028306265018621483,3.480221161254547
14.951725393357535,0.015317628322315471,0.14951725393357534,-0.049294898174887435,3.4195321900186784
14.951725393357535,0.01902794019932631,0.14951725393357534,-0.0760680835784485,3.355244435937572
14.951725393357535,0.02273825207633715,0.14951725393357534,-0.1086258212293047,3.286931917470958
14.951725393357535,0.02644856395334799,0.14951725393357534,-0.14696811112745606,3.2140899095331266
14.951725393357535,0.03015887583035883,0.14951725393357534,-0.19109495327290252,3.1361154318802296
14.951725393357535,0.03386918770736967,0.14951725393357534,-0.2410063476656442,3.052282163003113
14.951725393357535,0.03757949958438051,0.14951725393357534,-0.2967022943056809,2.9617081011349793
14.951725393357535,0.04128981146139135,0.14951725393357534,-0.35818279319301277,2.8633138082328795
14.951725393357535,0.04500012333840219,0.14951725393357534,-0.42544784432763977,2.755768482892874
14.951725393357535,0.04871043521541303,0.14951725393357534,-0.49849744770956195,2.6374204308768965
14.951725393357535,0.05242074709242387,0.14951725393357534,-0.5773316033387792,2.5062078036675137
14.951725393357535,0.05613105896943471,0.14951725393357534,-0.6619503112152916,2.3595449234287686
14.951725393357535,0.05984137084644555,0.14951725393357534,-0.7523535713390991,2.194179466185271
14.951725393357535,0.06355168272345639,0.14951725393357534,-0.8485413837102018,2.0060169386565097
14.951725393357535,0.06726199460046722,0.14951725393357534,-0.9505137483285994,1.7899125447917819
14.951725393357535,0.07097230647747807,0.14951725393357534,-1.0582706651942924,1.5394388768632952
14.951725393357535,0.0746826183544889,0.14951725393357534,-1.1718121343072803,1.2466542345360991
14.951725393357535,0.07839293023149975,0.14951725393357534,-1.2911381556675636,0.9019251462371913
14.951725393357535,0.08210324210851058,0.14951725393357534,-1.4162487292751418,0.4939016958055096
14.951725393357535,0.08581355398552143,0.14951725393357534,-1.5471438551300154,0.009804133308535246
14.951725393357535,0.08952386586253226,0.14951725393357534,-1.6838235332321838,-0.5637628583846637
14.951725393357535,0.09323417773954311,0.14951725393357534,-1.8262877635816475,-1.2392431058856586
14.951725393357535,0.09694448961655394,0.14951725393357534,-1.9745365461784063,-2.0257094618933706
14.951725393357535,0.10065480149356479,0.14951725393357534,-2.1285698810224605,-2.925842595349048
14.951725393357535,0.10436511337057562,0.14951725393357534,-2.288387768113809,-3.9331175923531525
14.951725393357535,0.10807542524758647,0.14951725393357534,-2.453990207452454,-5.030494994843909
14.951725393357535,0.1117857371245973,0.14951725393357534,-2.6253771990383927,-6.191796879017273
14.951725393357535,0.11549604900160815,0.14951725393357534,-2.8025487428716276,-7.385885798227628
14.951725393357535,0.11920636087861898,0.14951725393357534,-2.9855048389521572,-8.58221999386015
14.951725393357535,0.12291667275562983,0.14951725393357534,-3.174245487279982,-9.755512222155064
14.951725393357535,0.12662698463264066,0.14951725393357534,-3.368770687855102,-10.887836529156333
14.951725393357535,0.1303372965096515,0.14951725393357534,-3.5690804406775167,-11.968074213392518
14.951725393357535,0.13404760838666235,0.14951725393357534,-3.7751747457472273,-12.98983285348963
14.951725393357535,0.13775792026367317,0.14951725393357534,-3.987053603064232,-13.949225248952683
14.951725393357535,0.14146823214068402,0.14951725393357534,-4.2047170126285325,-14.84338961764543
14.951725393357535,0.14517854401769487,0.14951725393357534,-4.4281649744401275,-15.669955286915263
14.951725393357535,0.1488888558947057,0.14951725393357534,-4.657397488499019,-16.427199678716228
14.951725393357535,0.15259916777171653,0.14951725393357534,-4.892414554805204,-17.114487990900784
14.951725393357535,0.15630947964872738,0.14951725393357534,-5.133216173358686,-17.732652225967335
14.951725393357535,0.16001979152573823,0.14951725393357534,-5.379802344159462,-18.28412769995209
14.951725393357535,0.16373010340274907,0.14951725393357534,-5.632173067207534,-18.77282394597381
14.951725393357535,0.1674404152797599,0.14951725393357534,-5.890328342502897,-19.20380932458011
14.951725393357535,0.17115072715677074,0.14951725393357534,-6.15426817004556,-19.582924647966557
14.951725393357535,0.17486103903378158,0.14951725393357534,-6.423992549835518,-19.91642900747721
14.951725393357535,0.17857135091079243,0.14951725393357534,-6.699501481872769,-20.21074776847107
14.951725393357535,0.18228166278780325,0.14951725393357534,-6.980794966157315,-20.472359890496843
14.951725393357535,0.1859919746648141,0.14951725393357534,-7.267873002689156,-20.707840278886447
14.951725393357535,0.18970228654182494,0.14951725393357534,-7.560735591468295,-20.924064545216204
14.951725393357535,0.1934125984188358,0.14951725393357534,-7.859382732494728,-21.1285843215245
14.951725393357535,0.1971229102958466,0.14951725393357534,-8.163814425768454,-21.330183274044803
14.951725393357535,0.20083322217285746,0.14951725393357534,-8.474030671289476,-21.53961460356835
14.951725393357535,0.2045435340498683,0.14951725393357534,-8.790031469057794,-21.77047901948602
14.951725393357535,0.20825384592687915,0.14951725393357534,-9.111816819073407,-22.04009381040004
14.951725393357535,0.21196415780388997,0.14951725393357534,-9.439386721336314,-22.36998432295948
14.951725393357535,0.21567446968090082,0.14951725393357534,-9.772741175846518,-22.785276816665895
14.951725393357535,0.21938478155791166,0.14951725393357534,-10.111880182604017,-23.31188887191795
14.951725393357535,0.2230950934349225,0.14951725393357534,-10.456803741608809,-23.97041140743771
14.951725393357535,0.22680540531193333,0.14951725393357534,-10.807511852860896,-24.76674791266669
14.951725393357535,0.23051571718894417,0.14951725393357534,-11.164004516360281,-25.68246946189338
14.951725393357535,0.23422602906595502,0.14951725393357534,-11.526281732106959,-26.671069904755804
14.951725393357535,0.23793634094296587,0.14951725393357534,-11.894343500100934,-27.665782588387277
14.951725393357535,0.2416466528199767,0.14951725393357534,-12.2681898203422,-28.597720214622466
14.951725393357535,0.24535696469698753,0.14951725393357534,-12.647820692830766,-29.41486524163886
14.951725393357535,0.24906727657399838,0.14951725393357534,-13.033236117566625,-30.091841246055477
14.951725393357535,0.2527775884510092,0.14951725393357534,-13.424436094549783,-30.62803773539535
14.951725393357535,0.25648790032802005,0.14951725393357534,-13.821420623780229,-31.038982146243278
14.951725393357535,0.2601982122050309,0.14951725393357534,-14.224189705257977,-31.347118625110788
14.951725393357535,0.26390852408204174,0.14951725393357534,-14.632743338983014,-31.57532023724549
14.951725393357535,0.26761883595905256,0.14951725393357534,-15.047081524955345,-31.74356041979606
14.951725393357535,0.27132914783606343,0.14951725393357534,-15.46720426317498,-31.867837518946043
14.951725393357535,0.27503945971307425,0.14951725393357534,-15.893111553641905,-31.96031234360739
14.951725393357535,0.27874977159008507,0.14951725393357534,-16.32480339635612,-32.02993282296601
14.951725393357535,0.28246008346709595,0.14951725393357534,-16.762279791317642,-32.083152251219
14.951725393357535,0.28617039534410676,0.14951725393357534,-17.205540738526448,-32.124570299116506
14.951725393357535,0.28988070722111764,0.14951725393357534,-17.65458623798256,-32.15744548690507
14.951725393357535,0.29359101909812846,0.14951725393357534,-18.109416289685957,-32.18408147337259
14.951725393357535,0.2973013309751393,0.14951725393357534,-18.570030893636652,-32.206108421361314
14.951725393357535,0.30101164285215015,0.14951725393357534,-19.036430049834646,-32.2246837612215
14.951725393357535,0.30472195472916097,0.14951725393357534,-19.508613758279928,-32.24063368660034
16.33960224482657,0.011607316445304631,0.16339602244826568,-0.027932288291083605,3.555269119379652
16.33960224482657,0.015317628322315471,0.16339602244826568,-0.04864362381242281,3.49476014919785
16.33960224482657,0.01902794019932631,0.16339602244826568,-0.07506308723053644,3.4305937581479524
16.33960224482657,0.02273825207633715,0.16339602244826568,-0.10719067854542447,3.36232273263688
16.33960224482657,0.02644856395334799,0.16339602244826568,-0.14502639775708695,3.289415303865198
16.33960224482657,0.03015887583035883,0.16339602244826568,-0.18857024486552382,3.2112339136263204
16.33960224482657,0.03386918770736967,0.16339602244826568,-0.23782221987073518,3.1270078665890253
16.33960224482657,0.03757949958438051,0.16339602244826568,-0.29278232277272087,3.035798025253661
16.33960224482657,0.04128981146139135,0.16339602244826568,-0.35345055357148103,2.9364511766159413
16.33960224482657,0.04500012333840219,0.16339602244826568,-0.4198269122670156,2.827541068345096
16.33960224482657,0.04871043521541303,0.16339602244826568,-0.4919113988593246,2.7072924065641804
16.33960224482657,0.05242074709242387,0.16339602244826568,-0.569704013348408,2.57348342130192
16.33960224482657,0.05613105896943471,0.16339602244826568,-0.6532047557342658,2.423322162137934
16.33960224482657,0.05984137084644555,0.16339602244826568,-0.742413626016898,2.2532919491135495
16.33960224482657,0.06355168272345639,0.16339602244826568,-0.8373306241963047,2.0589632616395415
16.33960224482657,0.06726199460046722,0.16339602244826568,-0.9379557502724856,1.83477438878824
16.33960224482657,0.07097230647747807,0.16339602244826568,-1.0442890042454411,1.573794005539195
16.33960224482657,0.0746826183544889,0.16339602244826568,-1.156330386115171,1.267499329341282
16.33960224482657,0.07839293023149975,0.16339602244826568,-1.2740798958816753,0.9056382334110953
16.33960224482657,0.08210324210851058,0.16339602244826568,-1.397537533544954,0.4762954905603989
16.33960224482657,0.08581355398552143,0.16339602244826568,-1.5267032991050073,-0.03365332320363135
16.33960224482657,0.08952386586253226,0.16339602244826568,-1.6615771925618348,-0.6374683084909376
16.33960224482657,0.09323417773954311,0.16339602244826568,-1.8021592139154368,-1.3466491668406526
16.33960224482657,0.09694448961655394,0.16339602244826568,-1.9484493631658133,-2.168216756939218
16.33960224482657,0.10065480149356479,0.16339602244826568,-2.100447640312964,-3.1016206380457683
16.33960224482657,0.10436511337057562,0.16339602244826568,-2.258154045356889,-4.136314662191311
16.33960224482657,0.10807542524758647,0.16339602244826568,-2.421568578297589,-5.251378649896659
16.33960224482657,0.1117857371245973,0.16339602244826568,-2.590691239135063,-6.418092133893728
16.33960224482657,0.11549604900160815,0.16339602244826568,-2.7655220278693116,-7.604984319432248
16.33960224482657,0.11920636087861898,0.16339602244826568,-2.9460609445003345,-8.783421700145588
16.33960224482657,0.12291667275562983,0.16339602244826568,-3.1323079890281322,-9.931465602919879
16.33960224482657,0.12662698463264066,0.16339602244826568,-3.324263161452704,-11.034853086841593
16.33960224482657,0.1303372965096515,0.16339602244826568,-3.5219264617740498,-12.085562759741517
16.33960224482657,0.13404760838666235,0.16339602244826568,-3.725297889992171,-13.079349560850138
16.33960224482657,0.13775792026367317,0.16339602244826568,-3.934377446107065,-14.0135496141169
16.33960224482657,0.14146823214068402,0.16339602244826568,-4.149165130118735,-14.885822109733908
16.33960224482657,0.14517854401769487,0.16339602244826568,-4.369660942027179,-15.693862445484251
16.33960224482657,0.1488888558947057,0.16339602244826568,-4.595864881832397,-16.435755142402865
16.33960224482657,0.15259916777171653,0.16339602244826568,-4.827776949534389,-17.110545648966948
16.33960224482657,0.15630947964872738,0.16339602244826568,-5.065397145133157,-17.7187012450804
16.33960224482657,0.16001979152573823,0.16339602244826568,-5.308725468628698,-18.2622956847027
16.33960224482657,0.16373010340274907,0.16339602244826568,-5.557761920021015,-18.744906761596877
16.33960224482657,0.1674404152797599,0.16339602244826568,-5.812506499310103,-19.171314273238035
16.33960224482657,0.17115072715677074,0.16339602244826568,-6.072959206495969,-19.547119307602593
16.33960224482657,0.17486103903378158,0.16339602244826568,-6.339120041578609,-19.878392113724836
16.33960224482657,0.17857135091079243,0.16339602244826568,-6.610989004558022,-20.17142148274759
16.33960224482657,0.18228166278780325,0.16339602244826568,-6.88856609543421,-20.432604898245607
16.33960224482657,0.1859919746648141,0.16339602244826568,-7.1718513142071725,-20.668496604203337
16.33960224482657,0.18970228654182494,0.16339602244826568,-7.46084466087691,-20.886021830465033
16.33960224482657,0.1934125984188358,0.16339602244826568,-7.7555461354434225,-21.092865352772268
16.33960224482657,0.1971229102958466,0.16339602244826568,-8.055955737906705,-21.298042848747528
16.33960224482657,0.20083322217285746,0.16339602244826568,-8.362073468266766,-21.51265047326343
16.33960224482657,0.2045435340498683,0.16339602244826568,-8.673899326523602,-21.750739090620765
16.33960224482657,0.20825384592687915,0.16339602244826568,-8.991433312677211,-22.030139179233707
16.33960224482657,0.21196415780388997,0.16339602244826568,-9.314675426727593,-22.372827743301297
16.33960224482657,0.21567446968090082,0.16339602244826568,-9.643625668674751,-22.80406901457678
16.33960224482657,0.21938478155791166,0.16339602244826568,-9.978284038518684,-23.34921061334413
16.33960224482657,0.2230950934349225,0.16339602244826568,-10.31865053625939,-24.02713605204257
16.33960224482657,0.22680540531193333,0.16339602244826568,-10.66472516189687,-24.84075944260486
16.33960224482657,0.23051571718894417,0.16339602244826568,-11.016507915431125,-25.76796608321606
16.33960224482657,0.23422602906595502,0.16339602244826568,-11.373998796862157,-26.759293996447155
16.33960224482657,0.23793634094296587,0.16339602244826568,-11.737197806189961,-27.747288040469375
16.33960224482657,0.2416466528199767,0.16339602244826568,-12.106104943414538,-28.665079455743548
16.33960224482657,0.24535696469698753,0.16339602244826568,-12.480720208535892,-29.46429897045213
16.33960224482657,0.24906727657399838,0.16339602244826568,-12.861043601554021,-30.123155019790328
16.33960224482657,0.2527775884510092,0.16339602244826568,-13.247075122468924,-30.64343287644434
16.33960224482657,0.25648790032802005,0.16339602244826568,-13.638814771280598,-31.041679642682574
16.33960224482657,0.2601982122050309,0.16339602244826568,-14.036262547989054,-31.340368906657417
16.33960224482657,0.26390852408204174,0.16339602244826568,-14.439418452594275,-31.561901903509412
16.33960224482657,0.26761883595905256,0.16339602244826568,-14.848282485096272,-31.72563313220896
16.33960224482657,0.27132914783606343,0.16339602244826568,-15.26285464549505,-31.846981881526013
16.33960224482657,0.27503945971307425,0.16339602244826568,-15.683134933790598,-31.937639571571815
16.33960224482657,0.27874977159008507,0.16339602244826568,-16.109123349982916,-32.00620231509545
16.33960224482657,0.28246008346709595,0.16339602244826568,-16.54081989407202,-32.05887195345828
16.33960224482657,0.28617039534410676,0.16339602244826568,-16.97822456605789,-32.10007384483841
16.33960224482657,0.28988070722111764,0.16339602244826568,-17.421337365940538,-32.132948128628186
16.33960224482657,0.29359101909812846,0.16339602244826568,-17.870158293719957,-32.159719227794135
16.33960224482657,0.2973013309751393,0.16339602244826568,-18.32468734939615,-32.18196485517586
16.33960224482657,0.30101164285215015,0.16339602244826568,-18.784924532969125,-32.200808048600834
16.33960224482657,0.30472195472916097,0.16339602244826568,-19.250869844438864,-32.21705265829639
17.727479096295603,0.011607316445304631,0.17727479096295604,-0.027558311563545726,3.6310942241280966
17.727479096295603,0.015317628322315471,0.17727479096295604,-0.04799234944995819,3.5707004812589647
17.727479096295603,0.01902794019932631,0.17727479096295604,-0.07405809088262436,3.5065858757542028
17.727479096295603,0.02273825207633715,0.17727479096295604,-0.10575553586154421,3.4382802183556525
17.727479096295603,0.02644856395334799,0.17727479096295604,-0.14308468438671781,3.365222406287975
17.727479096295603,0.03015887583035883,0.17727479096295604,-0.1860455364581451,3.2867372958085577
17.727479096295603,0.03386918770736967,0.17727479096295604,-0.23463809207582612,3.202005869239648
17.727479096295603,0.03757949958438051,0.17727479096295604,-0.2888623512397608,3.1100266730271775
17.727479096295603,0.04128981146139135,0.17727479096295604,-0.34871831394994923,3.009565933698017
17.727479096295603,0.04500012333840219,0.17727479096295604,-0.4142059802063913,2.899093088070156
17.727479096295603,0.04871043521541303,0.17727479096295604,-0.48532535000908716,2.776697739246079
17.727479096295603,0.05242074709242387,0.17727479096295604,-0.5620764233580366,2.6399834007230707
17.727479096295603,0.05613105896943471,0.17727479096295604,-0.6444592002532399,2.485933110215454
17.727479096295603,0.05984137084644555,0.17727479096295604,-0.7324736806946969,2.3107426753665106
17.727479096295603,0.06355168272345639,0.17727479096295604,-0.8261198646824075,2.1096200677500683
17.727479096295603,0.06726199460046722,0.17727479096295604,-0.9253977522163717,1.8765562506435625
17.727479096295603,0.07097230647747807,0.17727479096295604,-1.0303073432965897,1.6040866101218214
17.727479096295603,0.0746826183544889,0.17727479096295604,-1.1408486379230613,1.283087474674469
17.727479096295603,0.07839293023149975,0.17727479096295604,-1.2570216360957869,0.9026934765681014
17.727479096295603,0.08210324210851058,0.17727479096295604,-1.378826337814766,0.4504797158139806
17.727479096295603,0.08581355398552143,0.17727479096295604,-1.506262743079999,-0.0868835741201508
17.727479096295603,0.08952386586253226,0.17727479096295604,-1.6393308518914855,-0.7222655435695544
17.727479096295603,0.09323417773954311,0.17727479096295604,-1.7780306642492258,-1.4658413503200758
17.727479096295603,0.09694448961655394,0.17727479096295604,-1.9223621801532198,-2.3221281287705247
17.727479096295603,0.10065480149356479,0.17727479096295604,-2.0723253996034674,-3.2869653028801915
17.727479096295603,0.10436511337057562,0.17727479096295604,-2.2279203225999686,-4.345687997759713
17.727479096295603,0.10807542524758647,0.17727479096295604,-2.389146949142724,-5.473839275807729
17.727479096295603,0.1117857371245973,0.17727479096295604,-2.5560052792317327,-6.640905199418911
17.727479096295603,0.11549604900160815,0.17727479096295604,-2.7284953128669955,-7.81596653512555
17.727479096295603,0.11920636087861898,0.17727479096295604,-2.9066170500485113,-8.972971514927636
17.727479096295603,0.12291667275562983,0.17727479096295604,-3.090370490776282,-10.093590965418542
17.727479096295603,0.12662698463264066,0.17727479096295604,-3.279755635050305,-11.167107450690096
17.727479096295603,0.1303372965096515,0.17727479096295604,-3.4747724828705824,-12.188278779184426
17.727479096295603,0.13404760838666235,0.17727479096295604,-3.675421034237114,-13.154665214317443
17.727479096295603,0.13775792026367317,0.17727479096295604,-3.881701289149898,-14.064557583819068
17.727479096295603,0.14146823214068402,0.17727479096295604,-4.093613247608936,-14.915961323154868
17.727479096295603,0.14517854401769487,0.17727479096295604,-4.311156909614229,-15.70653730277179
17.727479096295603,0.1488888558947057,0.17727479096295604,-4.5343322751657755,-16.4341224492721
17.727479096295603,0.15259916777171653,0.17727479096295604,-4.763139344263574,-17.097412152116938
17.727479096295603,0.15630947964872738,0.17727479096295604,-4.997578116907627,-17.696490950566066
17.727479096295603,0.16001979152573823,0.17727479096295604,-5.237648593097934,-18.233060038613093
17.727479096295603,0.16373010340274907,0.17727479096295604,-5.483350772834496,-18.71035971009726
17.727479096295603,0.1674404152797599,0.17727479096295604,-5.734684656117309,-19.13288010050187
17.727479096295603,0.17115072715677074,0.17727479096295604,-5.991650242946377,-19.50598569252206
17.727479096295603,0.17486103903378158,0.17727479096295604,-6.2542475333217,-19.83556463566972
17.727479096295603,0.17857135091079243,0.17727479096295604,-6.522476527243275,-20.127778846235106
17.727479096295603,0.18228166278780325,0.17727479096295604,-6.796337224711104,-20.388956401711955
17.727479096295603,0.1859919746648141,0.17727479096295604,-7.075829625725186,-20.62564491440699
17.727479096295603,0.18970228654182494,0.17727479096295604,-7.360953730285524,-20.84483495966455
17.727479096295603,0.1934125984188358,0.17727479096295604,-7.651709538392115,-21.05436157225755
17.727479096295603,0.1971229102958466,0.17727479096295604,-7.948097050044957,-21.263490139768432
17.727479096295603,0.20083322217285746,0.17727479096295604,-8.250116265244055,-21.483675916339507
17.727479096295603,0.2045435340498683,0.17727479096295604,-8.557767183989407,-21.729429689348077
17.727479096295603,0.20825384592687915,0.17727479096295604,-8.871049806281013,-22.019089271154332
17.727479096295603,0.21196415780388997,0.17727479096295604,-9.18996413211887,-22.375047157081408
17.727479096295603,0.21567446968090082,0.17727479096295604,-9.514510161502983,-22.822621885949655
17.727479096295603,0.21938478155791166,0.17727479096295604,-9.844687894433351,-23.386452832128946
17.727479096295603,0.2230950934349225,0.17727479096295604,-10.18049733090997,-24.083551247838805
17.727479096295603,0.22680540531193333,0.17727479096295604,-10.521938470932842,-24.913735775302438
17.727479096295603,0.23051571718894417,0.17727479096295604,-10.86901131450197,-25.851275380653522
17.727479096295603,0.23422602906595502,0.17727479096295604,-11.221715861617351,-26.84404279897767
17.727479096295603,0.23793634094296587,0.17727479096295604,-11.580052112278988,-27.82428514451949
17.727479096295603,0.2416466528199767,0.17727479096295604,-11.944020066486875,-28.72742139428259
17.727479096295603,0.24535696469698753,0.17727479096295604,-12.313619724241017,-29.50875123645587
17.727479096295603,0.24906727657399838,0.17727479096295604,-12.688851085541414,-30.14989842513118
17.727479096295603,0.2527775884510092,0.17727479096295604,-13.069714150388066,-30.65482831367914
17.727479096295603,0.25648790032802005,0.17727479096295604,-13.456208918780966,-31.040946890652304
17.727479096295603,0.2601982122050309,0.17727479096295604,-13.848335390720127,-31.330675332943322
17.727479096295603,0.26390852408204174,0.17727479096295604,-14.246093566205534,-31.54592020236533
17.727479096295603,0.26761883595905256,0.17727479096295604,-14.649483445237195,-31.70542536765574
17.727479096295603,0.27132914783606343,0.17727479096295604,-15.05850502781512,-31.82405055822893
17.727479096295603,0.27503945971307425,0.17727479096295604,-15.47315831393929,-31.913038037952216
17.727479096295603,0.27874977159008507,0.17727479096295604,-15.893443303609711,-31.98064899174673
17.727479096295603,0.28246008346709595,0.17727479096295604,-16.319359996826396,-32.03284653436332
17.727479096295603,0.28617039534410676,0.17727479096295604,-16.750908393589324,-32.07389077016524
17.727479096295603,0.28988070722111764,0.17727479096295604,-17.188088493898515,-32.10680969062769
17.727479096295603,0.29359101909812846,0.17727479096295604,-17.630900297753954,-32.133752683973164
17.727479096295603,0.2973013309751393,0.17727479096295604,-18.079343805155645,-32.156247810317936
17.727479096295603,0.30101164285215015,0.17727479096295604,-18.5334190161036,-32.17538556561364
17.727479096295603,0.30472195472916097,0.17727479096295604,-18.993125930597795,-32.19194867844591
19.115355947764638,0.011607316445304631,0.19115355947764637,-0.02718433483600785,3.7078132857973705
19.115355947764638,0.015317628322315471,0.19115355947764637,-0.04734107508749357,3.647464875246458
19.115355947764638,0.01902794019932631,0.19115355947764637,-0.07305309453471227,3.583326792642689
19.115355947764638,0.02273825207633715,0.19115355947764637,-0.10432039317766396,3.5149039926524193
19.115355947764638,0.02644856395334799,0.19115355947764637,-0.14114297101634868,3.4416035690012166
19.115355947764638,0.03015887583035883,0.19115355947764637,-0.1835208280507664,3.3627095496433004
19.115355947764638,0.03386918770736967,0.19115355947764637,-0.2314539642809171,3.2773503376584934
19.115355947764638,0.03757949958438051,0.19115355947764637,-0.28494237970680075,3.184456580136633
19.115355947764638,0.04128981146139135,0.19115355947764637,-0.3439860743284175,3.082706634745759
19.115355947764638,0.04500012333840219,0.19115355947764637,-0.4085850481457671,2.970456097699272
19.115355947764638,0.04871043521541303,0.19115355947764637,-0.47873930115884983,2.845647126106152
19.115355947764638,0.05242074709242387,0.19115355947764637,-0.5544488333676655,2.705692707662447
19.115355947764638,0.05613105896943471,0.19115355947764637,-0.6357136447722141,2.5473309817487504
19.115355947764638,0.05984137084644555,0.19115355947764637,-0.7225337353724958,2.3664459497367174
19.115355947764638,0.06355168272345639,0.19115355947764637,-0.8149091051685105,2.1578548086602662
19.115355947764638,0.06726199460046722,0.19115355947764637,-0.9128397541602579,1.9150710503689232
19.115355947764638,0.07097230647747807,0.19115355947764637,-1.0163256823477387,1.630070003643685
19.115355947764638,0.0746826183544889,0.19115355947764637,-1.1253668897309521,1.2931143588015377
19.115355947764638,0.07839293023149975,0.19115355947764637,-1.2399633763098987,0.8927454324498714
19.115355947764638,0.08210324210851058,0.19115355947764637,-1.3601151420845783,0.4161094909318448
19.115355947764638,0.08581355398552143,0.19115355947764637,-1.485822187054991,-0.15015209561542586
19.115355947764638,0.08952386586253226,0.19115355947764637,-1.6170845112211365,-0.8182179688907358
19.115355947764638,0.09323417773954311,0.19115355947764637,-1.7539021145830151,-1.5965253744915433
19.115355947764638,0.09694448961655394,0.19115355947764637,-1.8962749971406268,-2.4866448652734316
19.115355947764638,0.10065480149356479,0.19115355947764637,-2.0442031588939713,-3.480508030175832
19.115355947764638,0.10436511337057562,0.19115355947764637,-2.1976865998430486,-4.559386535191873
19.115355947764638,0.10807542524758647,0.19115355947764637,-2.3567253199878597,-5.695796920852334
19.115355947764638,0.1117857371245973,0.19115355947764637,-2.521319319328403,-6.858268258277449
19.115355947764638,0.11549604900160815,0.19115355947764637,-2.6914685978646795,-8.017271069340957
19.115355947764638,0.11920636087861898,0.19115355947764637,-2.867173155596689,-9.14986047365734
19.115355947764638,0.12291667275562983,0.19115355947764637,-3.0484329925244316,-10.241417306358402
19.115355947764638,0.12662698463264066,0.19115355947764637,-3.235248108647907,-11.284551227597568
19.115355947764638,0.1303372965096515,0.19115355947764637,-3.4276185039671154,-12.276454227082667
19.115355947764638,0.13404760838666235,0.19115355947764637,-3.6255441784820577,-13.2161708300151
19.115355947764638,0.13775792026367317,0.19115355947764637,-3.829025132192731,-14.102714316307562
19.115355947764638,0.14146823214068402,0.19115355947764637,-4.038061365099139,-14.934293635492525
19.115355947764638,0.14517854401769487,0.19115355947764637,-4.252652877201279,-15.708456172182396
19.115355947764638,0.1488888558947057,0.19115355947764637,-4.472799668499153,-16.422749359977576
19.115355947764638,0.15259916777171653,0.19115355947764637,-4.698501738992759,-17.075495600788468
19.115355947764638,0.15630947964872738,0.19115355947764637,-4.929759088682099,-17.66638334246537
19.115355947764638,0.16001979152573823,0.19115355947764637,-5.166571717567172,-18.19673362498039
19.115355947764638,0.16373010340274907,0.19115355947764637,-5.408939625647978,-18.669446180113972
19.115355947764638,0.1674404152797599,0.19115355947764637,-5.656862812924515,-19.08872250913353
19.115355947764638,0.17115072715677074,0.19115355947764637,-5.910341279396786,-19.459695179325674
19.115355947764638,0.17486103903378158,0.19115355947764637,-6.169375025064792,-19.78807803060331
19.115355947764638,0.17857135091079243,0.19115355947764637,-6.433964049928528,-20.079916402124034
19.115355947764638,0.18228166278780325,0.19115355947764637,-6.704108353987999,-20.341481284082242
19.115355947764638,0.1859919746648141,0.19115355947764637,-6.979807937243202,-20.57932767915251
19.115355947764638,0.18970228654182494,0.19115355947764637,-7.261062799694139,-20.80052702679638
19.115355947764638,0.1934125984188358,0.19115355947764637,-7.54787294134081,-21.01308131157014
19.115355947764638,0.1971229102958466,0.19115355947764637,-7.84023836218321,-21.22652256256564
19.115355947764638,0.20083322217285746,0.19115355947764637,-8.138159062221344,-21.452679881976714
19.115355947764638,0.2045435340498683,0.19115355947764637,-8.441635041455214,-21.706531245597205
19.115355947764638,0.20825384592687915,0.19115355947764637,-8.750666299884816,-22.006911754536358
19.115355947764638,0.21196415780388997,0.19115355947764637,-9.06525283751015,-22.37658709491111
19.115355947764638,0.21567446968090082,0.19115355947764637,-9.385394654331218,-22.840839488706134
19.115355947764638,0.21938478155791166,0.19115355947764637,-9.711091750348018,-23.42345804188048
19.115355947764638,0.2230950934349225,0.19115355947764637,-10.042344125560552,-24.139423607788885
19.115355947764638,0.22680540531193333,0.19115355947764637,-10.379151779968815,-24.98537600765233
19.115355947764638,0.23051571718894417,0.19115355947764637,-10.721514713572816,-25.932069573984002
19.115355947764638,0.23422602906595502,0.19115355947764637,-11.06943292637255,-26.925021791881637
19.115355947764638,0.23793634094296587,0.19115355947764637,-11.422906418368015,-27.896560005971633
19.115355947764638,0.2416466528199767,0.19115355947764637,-11.781935189559212,-28.784622855451133
19.115355947764638,0.24535696469698753,0.19115355947764637,-12.146519239946144,-29.54816620852711
19.115355947764638,0.24906727657399838,0.19115355947764637,-12.51665856952881,-30.172048198138715
19.115355947764638,0.2527775884510092,0.19115355947764637,-12.892353178307209,-30.662205565098006
19.115355947764638,0.25648790032802005,0.19115355947764637,-13.273603066281336,-31.036755202302555
19.115355947764638,0.2601982122050309,0.19115355947764637,-13.660408233451204,-31.317994240849757
19.115355947764638,0.26390852408204174,0.19115355947764637,-14.052768679816795,-31.527317322303794
19.115355947764638,0.26761883595905256,0.19115355947764637,-14.450684405378121,-31.682868095043368
19.115355947764638,0.27132914783606343,0.19115355947764637,-14.854155410135188,-31.798966458699994
19.115355947764638,0.27503945971307425,0.19115355947764637,-15.263181694087983,-31.886425244979353
19.115355947764638,0.27874977159008507,0.19115355947764637,-15.677763257236508,-31.95318693414777
19.115355947764638,0.28246008346709595,0.19115355947764637,-16.097900099580773,-32.0049880523459
19.115355947764638,0.28617039534410676,0.19115355947764637,-16.523592221120765,-32.045932059119856
19.115355947764638,0.28988070722111764,0.19115355947764637,-16.954839621856497,-32.07894071138808
19.115355947764638,0.29359101909812846,0.19115355947764637,-17.391642301787954,-32.10609234588333
19.115355947764638,0.2973013309751393,0.19115355947764637,-17.834000260915147,-32.12886802241821
19.115355947764638,0.30101164285215015,0.19115355947764637,-18.281913499238076,-32.14832745075603
19.115355947764638,0.30472195472916097,0.19115355947764637,-18.73538201675673,-32.16523339784831
20.503232799233672,0.011607316445304631,0.20503232799233673,-0.026810358108469972,3.7855490270101804
20.503232799233672,0.015317628322315471,0.20503232799233673,-0.04668980072502895,3.725171032084603
20.503232799233672,0.01902794019932631,0.20503232799233673,-0.0720480981868002,3.6609286006011157
20.503232799233672,0.02273825207633715,0.20503232799233673,-0.10288525049378373,3.592299806560545
20.503232799233672,0.02644856395334799,0.20503232799233673,-0.13920125764597957,3.5186572818473625
20.503232799233672,0.03015887583035883,0.20503232799233673,-0.18099611964338766,3.4392407358822537
20.503232799233672,0.03386918770736967,0.20503232799233673,-0.2282698364860081,3.353121411729507
20.503232799233672,0.03757949958438051,0.20503232799233673,-0.2810224081738408,3.259156051781921
20.503232799233672,0.04128981146139135,0.20503232799233673,-0.3392538347068857,3.155927291302934
20.503232799233672,0.04500012333840219,0.20503232799233673,-0.40296411608514293,3.0416666627742046
20.503232799233672,0.04871043521541303,0.20503232799233673,-0.4721532523086125,2.9141556753730864
20.503232799233672,0.05242074709242387,0.20503232799233673,-0.5468212433772943,2.770599964895598
20.503232799233672,0.05613105896943471,0.20503232799233673,-0.6269680892911883,2.607471779103024
20.503232799233672,0.05984137084644555,0.20503232799233673,-0.7125937900502947,2.4203180162735025
20.503232799233672,0.06355168272345639,0.20503232799233673,-0.8036983456546134,2.2035363676643644
20.503232799233672,0.06726199460046722,0.20503232799233673,-0.9002817561041441,1.950133637900455
20.503232799233672,0.07097230647747807,0.20503232799233673,-1.0023440213988875,1.6515021717828728
20.503232799233672,0.0746826183544889,0.20503232799233673,-1.1098851415388427,1.2972874143444832
20.503232799233672,0.07839293023149975,0.20503232799233673,-1.2229051165240106,0.8754748819017244
20.503232799233672,0.08210324210851058,0.20503232799233673,-1.3414039463543905,0.3728917207264073
20.503232799233672,0.08581355398552143,0.20503232799233673,-1.465381631029983,-0.22363335953743113
20.503232799233672,0.08952386586253226,0.20503232799233673,-1.5948381705507875,-0.9252473000614734
20.503232799233672,0.09323417773954311,0.20503232799233673,-1.7297735649168045,-1.7382149949183492
20.503232799233672,0.09694448961655394,0.20503232799233673,-1.8701878141280335,-2.660750052482606
20.503232799233672,0.10065480149356479,0.20503232799233673,-2.016080918184475,-3.6806874886757495
20.503232799233672,0.10436511337057562,0.20503232799233673,-2.1674528770861285,-4.775455726985207
20.503232799233672,0.10807542524758647,0.20503232799233673,-2.324303690832995,-5.915200132522752
20.503232799233672,0.1117857371245973,0.20503232799233673,-2.4866333594250727,-7.068367633538557
20.503232799233672,0.11549604900160815,0.20503232799233673,-2.6544418828623635,-8.207564134101876
20.503232799233672,0.11920636087861898,0.20503232799233673,-2.8277292611448663,-9.313314478485479
20.503232799233672,0.12291667275562983,0.20503232799233673,-3.0064954942725817,-10.37466821762682
20.503232799233672,0.12662698463264066,0.20503232799233673,-3.190740582245509,-11.387273012680273
20.503232799233672,0.1303372965096515,0.20503232799233673,-3.3804645250636485,-12.350405536834506
20.503232799233672,0.13404760838666235,0.20503232799233673,-3.5756673227270013,-13.26430339817494
20.503232799233672,0.13775792026367317,0.20503232799233673,-3.776348975235565,-14.12850591347807
20.503232799233672,0.14146823214068402,0.20503232799233673,-3.9825094825893417,-14.941310806444394
20.503232799233672,0.14517854401769487,0.20503232799233673,-4.19414884478833,-15.700090883597907
20.503232799233672,0.1488888558947057,0.20503232799233673,-4.411267061832532,-16.402072610539918
20.503232799233672,0.15259916777171653,0.20503232799233673,-4.633864133721945,-17.04518868958375
20.503232799233672,0.15630947964872738,0.20503232799233673,-4.86194006045657,-17.628722289307973
20.503232799233672,0.16001979152573823,0.20503232799233673,-5.095494842036409,-18.15360983734534
20.503232799233672,0.16373010340274907,0.20503232799233673,-5.3345284784614595,-18.622409899961358
20.503232799233672,0.1674404152797599,0.20503232799233673,-5.57904096973172,-19.039038233037015
20.503232799233672,0.17115072715677074,0.20503232799233673,-5.829032315847195,-19.408401474120076
20.503232799233672,0.17486103903378158,0.20503232799233673,-6.084502516807883,-19.736047737476042
20.503232799233672,0.17857135091079243,0.20503232799233673,-6.345451572613783,-20.027916471862888
20.503232799233672,0.18228166278780325,0.20503232799233673,-6.611879483264894,-20.29023398850902
20.503232799233672,0.1859919746648141,0.20503232799233673,-6.883786248761218,-20.529576578828642
20.503232799233672,0.18970228654182494,0.20503232799233673,-7.161171869102755,-20.753111768077353
20.503232799233672,0.1934125984188358,0.20503232799233673,-7.444036344289504,-20.969024674785565
20.503232799233672,0.1971229102958466,0.20503232799233673,-7.732379674321463,-21.187130033421784
20.503232799233672,0.20083322217285746,0.20503232799233673,-8.026201859198636,-21.41964400320794
20.503232799233672,0.2045435340498683,0.20503232799233673,-8.325502898921021,-21.68201631626408
20.503232799233672,0.20825384592687915,0.20503232799233673,-8.63028279348862,-21.99356492693505
20.503232799233672,0.21196415780388997,0.20503232799233673,-8.940541542901428,-22.37738023828238
20.503232799233672,0.21567446968090082,0.20503232799233673,-9.256279147159452,-22.858611048534247
20.503232799233672,0.21938478155791166,0.20503232799233673,-9.577495606262687,-23.460051853194404
20.503232799233672,0.2230950934349225,0.20503232799233673,-9.904190920211132,-24.194503969715637
20.503232799233672,0.22680540531193333,0.20503232799233673,-10.23636508900479,-25.055369519537944
20.503232799233672,0.23051571718894417,0.20503232799233673,-10.574018112643662,-26.010020919661702
20.503232799233672,0.23422602906595502,0.20503232799233673,-10.917149991127745,-27.00194524257997
20.503232799233672,0.23793634094296587,0.20503232799233673,-11.265760724457042,-27.963910676325156
20.503232799233672,0.2416466528199767,0.20503232799233673,-11.619850312631549,-28.83656975368277
20.503232799233672,0.24535696469698753,0.20503232799233673,-11.97941875565127,-29.582491546921247
20.503232799233672,0.24906727657399838,0.20503232799233673,-12.344466053516204,-30.1895796129708
20.503232799233672,0.2527775884510092,0.20503232799233673,-12.71499220622635,-30.665541769867193
20.503232799233672,0.25648790032802005,0.20503232799233673,-13.090997213781705,-31.029070400790378
20.503232799233672,0.2601982122050309,0.20503232799233673,-13.472481076182278,-31.302276425048852
20.503232799233672,0.26390852408204174,0.20503232799233673,-13.859443793428058,-31.50603029121961
20.503232799233672,0.26761883595905256,0.20503232799233673,-14.251885365519048,-31.65788758938002
20.503232799233672,0.27132914783606343,0.20503232799233673,-14.64980579245526,-31.77164820432213
20.503232799233672,0.27503945971307425,0.20503232799233673,-15.053205074236677,-31.857714713737945
20.503232799233672,0.27874977159008507,0.20503232799233673,-15.462083210863304,-31.92372645867207
20.503232799233672,0.28246008346709595,0.20503232799233673,-15.876440202335152,-31.975204947099794
20.503232799233672,0.28617039534410676,0.20503232799233673,-16.296276048652203,-32.01610517343334
20.503232799233672,0.28988070722111764,0.20503232799233673,-16.721590749814478,-32.04924827001529
20.503232799233672,0.29359101909812846,0.20503232799233673,-17.152384305821954,-32.07664529915342
20.503232799233672,0.2973013309751393,0.20503232799233673,-17.588656716674645,-32.099732835842154
20.503232799233672,0.30101164285215015,0.20503232799233673,-18.030407982372555,-32.11954146961606
20.503232799233672,0.30472195472916097,0.20503232799233673,-18.477638102915666,-32.136815107413256
21.891109650702706,0.011607316445304631,0.21891109650702706,-0.026436381380932097,3.864429387151299
21.891109650702706,0.015317628322315471,0.21891109650702706,-0.046038526362564336,3.803941992881855
21.891109650702706,0.01902794019932631,0.21891109650702706,-0.07104310183888814,3.739508832997478
21.891109650702706,0.02273825207633715,0.21891109650702706,-0.10145010780990349,3.670578925103861
21.891109650702706,0.02644856395334799,0.21891109650702706,-0.13725954427561046,3.596487583082439
21.891109650702706,0.03015887583035883,0.21891109650702706,-0.17847141123600896,3.5164264486281693
21.891109650702706,0.03386918770736967,0.21891109650702706,-0.2250857086910991,3.4294046857622478
21.891109650702706,0.03757949958438051,0.21891109650702706,-0.27710243664088074,3.3341986874932665
21.891109650702706,0.04128981146139135,0.21891109650702706,-0.33452159508535395,3.22928694858036
21.891109650702706,0.04500012333840219,0.21891109650702706,-0.39734318402451874,3.112766002664685
21.891109650702706,0.04871043521541303,0.21891109650702706,-0.46556720345837516,2.9822426394660173
21.891109650702706,0.05242074709242387,0.21891109650702706,-0.539193653386923,2.8346973130943276
21.891109650702706,0.05613105896943471,0.21891109650702706,-0.6182225338101626,2.6663143484650558
21.891109650702706,0.05984137084644555,0.21891109650702706,-0.7026538447280936,2.4722774262935108
21.891109650702706,0.06355168272345639,0.21891109650702706,-0.7924875861407163,2.2465359455125284
21.891109650702706,0.06726199460046722,0.21891109650702706,-0.8877237580480303,1.9815625444384286
21.891109650702706,0.07097230647747807,0.21891109650702706,-0.9883623604500361,1.668148945612132
21.891109650702706,0.0746826183544889,0.21891109650702706,-1.0944033933467334,1.295331215388553
21.891109650702706,0.07839293023149975,0.21891109650702706,-1.2058468567381224,0.850597406012432
21.891109650702706,0.08210324210851058,0.21891109650702706,-1.3226927506242028,0.3205975182576617
21.891109650702706,0.08581355398552143,0.21891109650702706,-1.444941075004975,-0.307395215657001
21.891109650702706,0.08952386586253226,0.21891109650702706,-1.5725918298804384,-1.0431182976194053
21.891109650702706,0.09323417773954311,0.21891109650702706,-1.7056450152505938,-1.8902246253757768
21.891109650702706,0.09694448961655394,0.21891109650702706,-1.8441006311154404,-2.843218914555358
21.891109650702706,0.10065480149356479,0.21891109650702706,-1.9879586774749787,-3.885783632822248
21.891109650702706,0.10436511337057562,0.21891109650702706,-2.1372191543292085,-4.991889962889152
21.891109650702706,0.10807542524758647,0.21891109650702706,-2.2918820616781304,-6.130079274119977
21.891109650702706,0.1117857371245973,0.21891109650702706,-2.451947399521743,-7.269578510006651
21.891109650702706,0.11549604900160815,0.21891109650702706,-2.617415167860048,-8.3857468814429
21.891109650702706,0.11920636087861898,0.21891109650702706,-2.788285366693044,-9.462779558909741
21.891109650702706,0.12291667275562983,0.21891109650702706,-2.964557996020732,-10.493237247908722
21.891109650702706,0.12662698463264066,0.21891109650702706,-3.146233055843111,-11.475474213566184
21.891109650702706,0.1303372965096515,0.21891109650702706,-3.333310546160182,-12.410514767614943
21.891109650702706,0.13404760838666235,0.21891109650702706,-3.525790466971945,-13.299532792352073
21.891109650702706,0.13775792026367317,0.21891109650702706,-3.723672818278398,-14.14243063015281
21.891109650702706,0.14146823214068402,0.21891109650702706,-3.926957600079544,-14.937503911034275
21.891109650702706,0.14517854401769487,0.21891109650702706,-4.135644812375381,-15.681904408761044
21.891109650702706,0.1488888558947057,0.21891109650702706,-4.34973445516591,-16.372514720080783
21.891109650702706,0.15259916777171653,0.21891109650702706,-4.5692265284511295,-17.006866478638926
21.891109650702706,0.15630947964872738,0.21891109650702706,-4.7941210322310415,-17.583832141944352
21.891109650702706,0.16001979152573823,0.21891109650702706,-5.024417966505646,-18.103961935824863
21.891109650702706,0.16373010340274907,0.21891109650702706,-5.260117331274941,-18.569474854857404
21.891109650702706,0.1674404152797599,0.21891109650702706,-5.501219126538926,-18.98400538371415
21.891109650702706,0.17115072715677074,0.21891109650702706,-5.747723352297604,-19.35224124512254
21.891109650702706,0.17486103903378158,0.21891109650702706,-5.999630008550975,-19.679573974395062
21.891109650702706,0.17857135091079243,0.21891109650702706,-6.256939095299036,-19.97184802322545
21.891109650702706,0.18228166278780325,0.21891109650702706,-6.519650612541788,-20.235257388022415
21.891109650702706,0.1859919746648141,0.21891109650702706,-6.787764560279233,-20.476413328085588
21.891109650702706,0.18970228654182494,0.21891109650702706,-7.06128093851137,-20.702594304733744
21.891109650702706,0.1934125984188358,0.21891109650702706,-7.340199747238198,-20.92218417334373
21.891109650702706,0.1971229102958466,0.21891109650702706,-7.624520986459715,-21.145295471260695
21.891109650702706,0.20083322217285746,0.21891109650702706,-7.914244656175926,-21.384542940828503
21.891109650702706,0.2045435340498683,0.21891109650702706,-8.209370756386829,-21.65584975319041
21.891109650702706,0.20825384592687915,0.21891109650702706,-8.509899287092423,-21.978997718381432
21.891109650702706,0.21196415780388997,0.21891109650702706,-8.815830248292707,-22.37734734410845
21.891109650702706,0.21567446968090082,0.21891109650702706,-9.127163639987685,-22.87581102154368
21.891109650702706,0.21938478155791166,0.21891109650702706,-9.443899462177354,-23.496043523060816
21.891109650702706,0.2230950934349225,0.21891109650702706,-9.766037714861714,-24.24852873878025
21.891109650702706,0.22680540531193333,0.21891109650702706,-10.093578398040764,-25.12339801456354
21.891109650702706,0.23051571718894417,0.21891109650702706,-10.426521511714508,-26.08480376354898
21.891109650702706,0.23422602906595502,0.21891109650702706,-10.764867055882943,-27.07453742446719
21.891109650702706,0.23793634094296587,0.21891109650702706,-11.108615030546071,-28.026147268272283
21.891109650702706,0.2416466528199767,0.21891109650702706,-11.457765435703886,-28.883156553416608
21.891109650702706,0.24535696469698753,0.21891109650702706,-11.812318271356396,-29.61167782915165
21.891109650702706,0.24906727657399838,0.21891109650702706,-12.172273537503598,-30.20246619956407
21.891109650702706,0.2527775884510092,0.21891109650702706,-12.537631234145493,-30.66480971306134
21.891109650702706,0.25648790032802005,0.21891109650702706,-12.908391361282074,-31.017853038730554
21.891109650702706,0.2601982122050309,0.21891109650702706,-13.284553918913355,-31.283467440716908
21.891109650702706,0.26390852408204174,0.21891109650702706,-13.66611890703932,-31.481991297387527
21.891109650702706,0.26761883595905256,0.21891109650702706,-14.053086325659974,-31.630405741550145
21.891109650702706,0.27132914783606343,0.21891109650702706,-14.445456174775329,-31.74201041793655
21.891109650702706,0.27503945971307425,0.21891109650702706,-14.84322845438537,-31.82681625399109
21.891109650702706,0.27874977159008507,0.21891109650702706,-15.2464031644901,-31.892174369815983
21.891109650702706,0.28246008346709595,0.21891109650702706,-15.65498030508953,-31.94340227905877
21.891109650702706,0.28617039534410676,0.21891109650702706,-16.068959876183644,-31.984314281227846
21.891109650702706,0.28988070722111764,0.21891109650702706,-16.488341877772456,-32.01763620616981
21.891109650702706,0.29359101909812846,0.21891109650702706,-16.913126309855954,-32.04531542366699
21.891109650702706,0.2973013309751393,0.21891109650702706,-17.343313172434144,-32.06874640992018
21.891109650702706,0.30101164285215015,0.21891109650702706,-17.77890246550703,-32.08893221538326
21.891109650702706,0.30472195472916097,0.21891109650702706,-18.2198941890746,-32.106598933387076
23.27898650217174,0.011607316445304631,0.2327898650217174,-0.02606240465339422,3.944586753616699
23.27898650217174,0.015317628322315471,0.2327898650217174,-0.045387252000099715,3.8839053955147467
23.27898650217174,0.01902794019932631,0.2327898650217174,-0.07003810549097605,3.8191897482817847
23.27898650217174,0.02273825207633715,0.2327898650217174,-0.10001496512602326,3.749857439806127
23.27898650217174,0.02644856395334799,0.2327898650217174,-0.13531783090524133,3.675203403670225
23.27898650217174,0.03015887583035883,0.2327898650217174,-0.17594670282863026,3.594367195158407
23.27898650217174,0.03386918770736967,0.2327898650217174,-0.22190158089619008,3.5062906290156395
23.27898650217174,0.03757949958438051,0.2327898650217174,-0.2731824651079207,3.4096628497331647
23.27898650217174,0.04128981146139135,0.2327898650217174,-0.3297893554638222,3.302849213096297
23.27898650217174,0.04500012333840219,0.2327898650217174,-0.39172225196389454,3.1837995942640163
23.27898650217174,0.04871043521541303,0.2327898650217174,-0.45898115460813776,3.049931122316986
23.27898650217174,0.05242074709242387,0.2327898650217174,-0.5315660633965519,2.8979802680566324
23.27898650217174,0.05613105896943471,0.2327898650217174,-0.6094769783291368,2.723820466482941
23.27898650217174,0.05984137084644555,0.2327898650217174,-0.6927138994058926,2.522245492008264
23.27898650217174,0.06355168272345639,0.2327898650217174,-0.7812768266268192,2.286728116358285
23.27898650217174,0.06726199460046722,0.2327898650217174,-0.8751657599919165,2.0091820293242755
23.27898650217174,0.07097230647747807,0.2327898650217174,-0.9743806995011849,1.6797876385261439
23.27898650217174,0.0746826183544889,0.2327898650217174,-1.078921645154624,1.2869935180634424
23.27898650217174,0.07839293023149975,0.2327898650217174,-1.1887885969522343,0.8178726745210658
23.27898650217174,0.08210324210851058,0.2327898650217174,-1.303981554894015,0.2590750150605352
23.27898650217174,0.08581355398552143,0.2327898650217174,-1.424500518979967,-0.4013840646727891
23.27898650217174,0.08952386586253226,0.2327898650217174,-1.5503454892100894,-1.1714267178600364
23.27898650217174,0.09323417773954311,0.2327898650217174,-1.681516465584383,-2.0516684938560283
23.27898650217174,0.09694448961655394,0.2327898650217174,-1.8180134481028474,-3.032638053471038
23.27898650217174,0.10065480149356479,0.2327898650217174,-1.9598364367654826,-4.093959263464147
23.27898650217174,0.10436511337057562,0.2327898650217174,-2.1069854315722885,-5.206686256735019
23.27898650217174,0.10807542524758647,0.2327898650217174,-2.259460432523266,-6.338593068383245
23.27898650217174,0.1117857371245973,0.2327898650217174,-2.417261439618413,-7.46048826486342
23.27898650217174,0.11549604900160815,0.2327898650217174,-2.580388452857732,-8.550952588775102
23.27898650217174,0.11920636087861898,0.2327898650217174,-2.7488414722412213,-9.597901835090255
23.27898650217174,0.12291667275562983,0.2327898650217174,-2.922620497768882,-10.597162696013582
23.27898650217174,0.12662698463264066,0.2327898650217174,-3.101725529440713,-11.549446842196163
23.27898650217174,0.1303372965096515,0.2327898650217174,-3.286156567256715,-12.457213208173268
23.27898650217174,0.13404760838666235,0.2327898650217174,-3.4759136112168885,-13.322350622618092
23.27898650217174,0.13775792026367317,0.2327898650217174,-3.6709966613212313,-14.144991366754759
23.27898650217174,0.14146823214068402,0.2327898650217174,-3.8714057175697465,-14.923358105694662
23.27898650217174,0.14517854401769487,0.2327898650217174,-4.0771407799624315,-15.65434709957423
23.27898650217174,0.1488888558947057,0.2327898650217174,-4.2882018484992885,-16.334481323458476
23.27898650217174,0.15259916777171653,0.2327898650217174,-4.5045889231803145,-16.96088464282897
23.27898650217174,0.15630947964872738,0.2327898650217174,-4.726302004005514,-17.532016772492106
23.27898650217174,0.16001979152573823,0.2327898650217174,-4.953341090974883,-18.048042739812125
23.27898650217174,0.16373010340274907,0.2327898650217174,-5.185706184088422,-18.510845483044402
23.27898650217174,0.1674404152797599,0.2327898650217174,-5.423397283346132,-18.92378400045377
23.27898650217174,0.17115072715677074,0.2327898650217174,-5.666414388748014,-19.291334894298142
23.27898650217174,0.17486103903378158,0.2327898650217174,-5.914757500294067,-19.61874262460539
23.27898650217174,0.17857135091079243,0.2327898650217174,-6.16842661798429,-19.911767590572754
23.27898650217174,0.18228166278780325,0.2327898650217174,-6.427421741818684,-20.1765836836098
23.27898650217174,0.1859919746648141,0.2327898650217174,-6.691742871797248,-20.419850512936918
23.27898650217174,0.18970228654182494,0.2327898650217174,-6.961390007919984,-20.648971891385045
23.27898650217174,0.1934125984188358,0.2327898650217174,-7.236363150186892,-20.872545362974645
23.27898650217174,0.1971229102958466,0.2327898650217174,-7.516662298597968,-21.100995301148387
23.27898650217174,0.20083322217285746,0.2327898650217174,-7.802287453153216,-21.347344732242743
23.27898650217174,0.2045435340498683,0.2327898650217174,-8.093238613852636,-21.627988885829
23.27898650217174,0.20825384592687915,0.2327898650217174,-8.389515780696227,-21.963149731568027
23.27898650217174,0.21196415780388997,0.2327898650217174,-8.691118953683986,-22.37639724811533
23.27898650217174,0.21567446968090082,0.2327898650217174,-8.998048132815919,-22.892299297779626
23.27898650217174,0.21938478155791166,0.2327898650217174,-9.310303318092021,-23.531226704015936
23.27898650217174,0.2230950934349225,0.2327898650217174,-9.627884509512295,-24.3012214315013
23.27898650217174,0.22680540531193333,0.2327898650217174,-9.950791707076737,-25.18913766318619
23.27898650217174,0.23051571718894417,0.2327898650217174,-10.279024910785354,-26.156096541679393
23.27898650217174,0.23422602906595502,0.2327898650217174,-10.61258412063814,-27.14253369987019
23.27898650217174,0.23793634094296587,0.2327898650217174,-10.951469336635098,-28.083091985350634
23.27898650217174,0.2416466528199767,0.2327898650217174,-11.295680558776224,-28.924285753819838
23.27898650217174,0.24535696469698753,0.2327898650217174,-11.645217787061522,-29.63567807337294
23.27898650217174,0.24906727657399838,0.2327898650217174,-12.000081021490994,-30.21067957434176
23.27898650217174,0.2527775884510092,0.2327898650217174,-12.360270262064637,-30.659977948457616
23.27898650217174,0.25648790032802005,0.2327898650217174,-12.725785508782444,-31.003058695801386
23.27898650217174,0.2601982122050309,0.2327898650217174,-13.09662676164443,-31.26150797275102
23.27898650217174,0.26390852408204174,0.2327898650217174,-13.47279402065058,-31.45512807069463
23.27898650217174,0.26761883595905256,0.2327898650217174,-13.8542872858009,-31.600340425992137
23.27898650217174,0.27132914783606343,0.2327898650217174,-14.2411065570954,-31.709964070906864
23.27898650217174,0.27503945971307425,0.2327898650217174,-14.633251834534065,-31.793636291408614
23.27898650217174,0.27874977159008507,0.2327898650217174,-15.030723118116898,-31.8584342707316
23.27898650217174,0.28246008346709595,0.2327898650217174,-15.43352040784391,-31.909482026464797
23.27898650217174,0.28617039534410676,0.2327898650217174,-15.841643703715084,-31.950460543225706
23.27898650217174,0.28988070722111764,0.2327898650217174,-16.255093005730437,-31.98400539731531
23.27898650217174,0.29359101909812846,0.2327898650217174,-16.673868313889955,-32.012003663165785
23.27898650217174,0.2973013309751393,0.2327898650217174,-17.097969628193642,-32.03580998179329
23.27898650217174,0.30101164285215015,0.2327898650217174,-17.52739694864151,-32.056401365529275
23.27898650217174,0.30472195472916097,0.2327898650217174,-17.962150275233537,-32.074487088264
24.666863353640775,0.011607316445304631,0.24666863353640775,-0.02568842792585634,4.026157120867994
24.666863353640775,0.015317628322315471,0.24666863353640775,-0.044735977637635094,3.965192660513809
24.666863353640775,0.01902794019932631,0.24666863353640775,-0.06903310914306397,3.900097544408406
24.666863353640775,0.02273825207633715,0.24666863353640775,-0.098579822442143,3.8302555139517818
24.666863353640775,0.02644856395334799,0.24666863353640775,-0.1333761175348722,3.754917846507638
24.666863353640775,0.03015887583035883,0.24666863353640775,-0.17342199442125153,3.6731677134166842
24.666863353640775,0.03386918770736967,0.24666863353640775,-0.21871745310128102,3.5838739474995602
24.666863353640775,0.03757949958438051,0.24666863353640775,-0.2692624935749606,3.485631078742193
24.666863353640775,0.04128981146139135,0.24666863353640775,-0.3250571158422904,3.376681733635425
24.666863353640775,0.04500012333840219,0.24666863353640775,-0.3861013199032703,3.25481673937794
24.666863353640775,0.04871043521541303,0.24666863353640775,-0.4523951057579004,3.1172477659732882
24.666863353640775,0.05242074709242387,0.24666863353640775,-0.5239384734061806,2.960447581092918
24.666863353640775,0.05613105896943471,0.24666863353640775,-0.6007314228481109,2.779954967089717
24.666863353640775,0.05984137084644555,0.24666863353640775,-0.6827739540836913,2.5701468377472514
24.666863353640775,0.06355168272345639,0.24666863353640775,-0.770066067112922,2.3239920683800044
24.666863353640775,0.06726199460046722,0.24666863353640775,-0.8626077619358026,2.032824435855077
24.666863353640775,0.07097230647747807,0.24666863353640775,-0.9603990385523336,1.6862111460694014
24.666863353640775,0.0746826183544889,0.24666863353640775,-1.0634398969625145,1.2720518925812134
24.666863353640775,0.07839293023149975,0.24666863353640775,-1.171730337166346,0.777114266943755
24.666863353640775,0.08210324210851058,0.24666863353640775,-1.285270359163827,0.1882621280651191
24.666863353640775,0.08581355398552143,0.24666863353640775,-1.4040599629549588,-0.5054116165786999
24.666863353640775,0.08952386586253226,0.24666863353640775,-1.5280991485397402,-1.3095915502359747
24.666863353640775,0.09323417773954311,0.24666863353640775,-1.657387915918172,-2.221467125786255
24.666863353640775,0.09694448961655394,0.24666863353640775,-1.7919262650902539,-3.2274331272582923
24.666863353640775,0.10065480149356479,0.24666863353640775,-1.931714196055986,-4.303306790690084
24.666863353640775,0.10436511337057562,0.24666863353640775,-2.076751708815368,-5.417895918734097
24.666863353640775,0.10807542524758647,0.24666863353640775,-2.227038803368401,-6.5390661378438075
24.666863353640775,0.1117857371245973,0.24666863353640775,-2.382575479715083,-7.639908556638777
24.666863353640775,0.11549604900160815,0.24666863353640775,-2.543361737855416,-8.702535630679805
24.666863353640775,0.11920636087861898,0.24666863353640775,-2.7093975777893986,-9.718504354774089
24.666863353640775,0.12291667275562983,0.24666863353640775,-2.8806829995170316,-10.686603155124976
24.666863353640775,0.12662698463264066,0.24666863353640775,-3.0572180030383147,-11.609553654595402
24.666863353640775,0.1303372965096515,0.24666863353640775,-3.2390025883532476,-12.490967300883328
24.666863353640775,0.13404760838666235,0.24666863353640775,-3.4260367554618316,-13.333260783000329
24.666863353640775,0.13775792026367317,0.24666863353640775,-3.618320504364064,-14.13668927158748
24.666863353640775,0.14146823214068402,0.24666863353640775,-3.8158538350599485,-14.899348153122922
24.666863353640775,0.14517854401769487,0.24666863353640775,-4.018636747549482,-15.617853522722518
24.666863353640775,0.1488888558947057,0.24666863353640775,-4.226669241832666,-16.288359026492593
24.666863353640775,0.15259916777171653,0.24666863353640775,-4.439951317909499,-16.90757818805678
24.666863353640775,0.15630947964872738,0.24666863353640775,-4.658482975779984,-17.473559014642323
24.666863353640775,0.16001979152573823,0.24666863353640775,-4.882264215444119,-17.986084644951916
24.666863353640775,0.16373010340274907,0.24666863353640775,-5.111295036901904,-18.446707117083385
24.666863353640775,0.1674404152797599,0.24666863353640775,-5.345575440153337,-18.85851677406932
24.666863353640775,0.17115072715677074,0.24666863353640775,-5.585105425198422,-19.225787444073788
24.666863353640775,0.17486103903378158,0.24666863353640775,-5.829884992037158,-19.55362619387579
24.666863353640775,0.17857135091079243,0.24666863353640775,-6.079914140669542,-19.847720236497775
24.666863353640775,0.18228166278780325,0.24666863353640775,-6.335192871095577,-20.11423532475344
24.666863353640775,0.1859919746648141,0.24666863353640775,-6.595721183315263,-20.35989243958041
24.666863353640775,0.18970228654182494,0.24666863353640775,-6.861499077328599,-20.592234670983622
24.666863353640775,0.1934125984188358,0.24666863353640775,-7.132526553135586,-20.82008748570216
24.666863353640775,0.1971229102958466,0.24666863353640775,-7.40880361073622,-21.054199964302967
24.666863353640775,0.20083322217285746,0.24666863353640775,-7.690330250130505,-21.308011152071813
24.666863353640775,0.2045435340498683,0.24666863353640775,-7.977106471318442,-21.59838372811667
24.666863353640775,0.20825384592687915,0.24666863353640775,-8.269132274300029,-21.94595133199383
24.666863353640775,0.21196415780388997,0.24666863353640775,-8.566407659075264,-22.37442696350816
24.666863353640775,0.21567446968090082,0.24666863353640775,-8.86893262564415,-22.907921561798105
24.666863353640775,0.21938478155791166,0.24666863353640775,-9.176707174006689,-23.565380400443974
24.666863353640775,0.2230950934349225,0.24666863353640775,-9.489731304162875,-24.352294410988616
24.666863353640775,0.22680540531193333,0.24666863353640775,-9.80800501611271,-25.252261323687776
24.666863353640775,0.23051571718894417,0.24666863353640775,-10.131528309856197,-26.22358371082306
24.666863353640775,0.23422602906595502,0.24666863353640775,-10.460301185393336,-27.205681472900753
24.666863353640775,0.23793634094296587,0.24666863353640775,-10.794323642724123,-28.134579087355824
24.666863353640775,0.2416466528199767,0.24666863353640775,-11.13359568184856,-28.959867416629876
24.666863353640775,0.24535696469698753,0.24666863353640775,-11.478117302766648,-29.65444736848342
24.666863353640775,0.24906727657399838,0.24666863353640775,-11.827888505478386,-30.21418938648651
24.666863353640775,0.2527775884510092,0.24666863353640775,-12.182909289983776,-30.65101102033332
24.666863353640775,0.25648790032802005,0.24666863353640775,-12.543179656282812,-30.984638357311788
24.666863353640775,0.2601982122050309,0.24666863353640775,-12.908699604375505,-31.236334274495178
24.666863353640775,0.26390852408204174,0.24666863353640775,-13.27946913426184,-31.42536432796063
24.666863353640775,0.26761883595905256,0.24666863353640775,-13.655488245941825,-31.567605930543557
24.666863353640775,0.27132914783606343,0.24666863353640775,-14.036756939415469,-31.675416891982735
24.666863353640775,0.27503945971307425,0.24666863353640775,-14.423275214682755,-31.758078256724566
24.666863353640775,0.27874977159008507,0.24666863353640775,-14.815043071743691,-31.82240693585728
24.666863353640775,0.28246008346709595,0.24666863353640775,-15.212060510598285,-31.873343444584773
24.666863353640775,0.28617039534410676,0.24666863353640775,-15.614327531246522,-31.914442461012488
24.666863353640775,0.28988070722111764,0.24666863353640775,-16.021844133688415,-31.948254097798554
24.666863353640775,0.29359101909812846,0.24666863353640775,-16.43461031792395,-31.97660835636034
24.666863353640775,0.2973013309751393,0.24666863353640775,-16.85262608395314,-32.000822190365845
24.666863353640775,0.30101164285215015,0.24666863353640775,-17.275891431775985,-32.02184799913871
24.666863353640775,0.30472195472916097,0.24666863353640775,-17.704406361392472,-32.04037918184874
26.05474020510981,0.011607316445304631,0.2605474020510981,-0.025314451198318464,4.109279179421142
26.05474020510981,0.015317628322315471,0.2605474020510981,-0.04408470327517047,4.0479381082767665
26.05474020510981,0.01902794019932631,0.2605474020510981,-0.0680281127951519,3.9823615061463213
26.05474020510981,0.02273825207633715,0.2605474020510981,-0.09714467975826276,3.9118965625575646
26.05474020510981,0.02644856395334799,0.2605474020510981,-0.13143440416450308,3.8357474025906297
26.05474020510981,0.03015887583035883,0.2605474020510981,-0.1708972860138728,3.7529362293002073
26.05474020510981,0.03386918770736967,0.2605474020510981,-0.215533325306372,3.662252889383506
26.05474020510981,0.03757949958438051,0.2605474020510981,-0.2653425220420006,3.562189456268806
26.05474020510981,0.04128981146139135,0.2605474020510981,-0.32032487622075867,3.450855638624991
26.05474020510981,0.04500012333840219,0.2605474020510981,-0.3804803878426461,3.3258700995690598
26.05474020510981,0.04871043521541303,0.2605474020510981,-0.44580905690766304,3.1842224211918975
26.05474020510981,0.05242074709242387,0.2605474020510981,-0.5163108834158093,3.022101108606379
26.05474020510981,0.05613105896943471,0.2605474020510981,-0.5919858673670851,2.8346859162658875
26.05474020510981,0.05984137084644555,0.2605474020510981,-0.6728340087614902,2.6159100582886374
26.05474020510981,0.06355168272345639,0.2605474020510981,-0.758855307599025,2.3582130388152382
26.05474020510981,0.06726199460046722,0.2605474020510981,-0.8500497638796888,2.052332859575401
26.05474020510981,0.07097230647747807,0.2605474020510981,-0.9464173776034823,1.6872324870874171
26.05474020510981,0.0746826183544889,0.2605474020510981,-1.0479581487704053,1.250320854915221
26.05474020510981,0.07839293023149975,0.2605474020510981,-1.1546720773804577,0.7281997779360199
26.05474020510981,0.08210324210851058,0.2605474020510981,-1.2665591634336393,0.10819875999192896
26.05474020510981,0.08581355398552143,0.2605474020510981,-1.3836194069299508,-0.6191440882078698
26.05474020510981,0.08952386586253226,0.2605474020510981,-1.5058528078693911,-1.4568524985474136
26.05474020510981,0.09323417773954311,0.2605474020510981,-1.6332593662519612,-2.3983615091340242
26.05474020510981,0.09694448961655394,0.2605474020510981,-1.7658390820776608,-3.425903821836359
26.05474020510981,0.10065480149356479,0.2605474020510981,-1.9035919553464897,-4.511897451315439
26.05474020510981,0.10436511337057562,0.2605474020510981,-2.046517986058448,-5.623671250022175
26.05474020510981,0.10807542524758647,0.2605474020510981,-2.194617174213536,-6.730016272727659
26.05474020510981,0.1117857371245973,0.2605474020510981,-2.347889519811753,-7.806877181315253
26.05474020510981,0.11549604900160815,0.2605474020510981,-2.5063350228531,-8.840054402743698
26.05474020510981,0.11920636087861898,0.2605474020510981,-2.669953683337576,-9.824562654331453
26.05474020510981,0.12291667275562983,0.2605474020510981,-2.8387455012651817,-10.761814699197053
26.05474020510981,0.12662698463264066,0.2605474020510981,-3.0127104766359163,-11.656210755899671
26.05474020510981,0.1303372965096515,0.2605474020510981,-3.1918486094497807,-12.512266675726314
26.05474020510981,0.13404760838666235,0.2605474020510981,-3.376159899706775,-13.332771468166865
26.05474020510981,0.13775792026367317,0.2605474020510981,-3.5656443474068973,-14.118018321735983
26.05474020510981,0.14146823214068402,0.2605474020510981,-3.760301952550151,-14.865934656757762
26.05474020510981,0.14517854401769487,0.2605474020510981,-3.9601327151365324,-15.572839878254362
26.05474020510981,0.1488888558947057,0.2605474020510981,-4.165136635166045,-16.23451377448684
26.05474020510981,0.15259916777171653,0.2605474020510981,-4.375313712638684,-16.847260614908212
26.05474020510981,0.15630947964872738,0.2605474020510981,-4.5906639475544555,-17.40872047552063
26.05474020510981,0.16001979152573823,0.2605474020510981,-4.811187339913356,-17.918299930312745
26.05474020510981,0.16373010340274907,0.2605474020510981,-5.036883889715385,-18.377226637845624
26.05474020510981,0.1674404152797599,0.2605474020510981,-5.267753596960542,-18.78832991707647
26.05474020510981,0.17115072715677074,0.2605474020510981,-5.503796461648831,-19.15568951887901
26.05474020510981,0.17486103903378158,0.2605474020510981,-5.74501248378025,-19.484284825761762
26.05474020510981,0.17857135091079243,0.2605474020510981,-5.991401663354797,-19.77974054704702
26.05474020510981,0.18228166278780325,0.2605474020510981,-6.2429640003724725,-20.048225949058853
26.05474020510981,0.1859919746648141,0.2605474020510981,-6.499699494833278,-20.29653599480578
26.05474020510981,0.18970228654182494,0.2605474020510981,-6.761608146737214,-20.53236643847792
26.05474020510981,0.1934125984188358,0.2605474020510981,-7.02868995608428,-20.76478412082192
26.05474020510981,0.1971229102958466,0.2605474020510981,-7.300944922874472,-21.00487444009304
26.05474020510981,0.20083322217285746,0.2605474020510981,-7.578373047107795,-21.26649809190938
26.05474020510981,0.2045435340498683,0.2605474020510981,-7.860974328784249,-21.566977219580426
26.05474020510981,0.20825384592687915,0.2605474020510981,-8.148748767903832,-21.927323801415053
26.05474020510981,0.21196415780388997,0.2605474020510981,-8.441696364466543,-22.37132189085596
26.05474020510981,0.21567446968090082,0.2605474020510981,-8.739817118472384,-22.922509824443104
26.05474020510981,0.21938478155791166,0.2605474020510981,-9.043111029921356,-23.5982701355051
26.05474020510981,0.2230950934349225,0.2605474020510981,-9.351578098813457,-24.40145079898179
26.05474020510981,0.22680540531193333,0.2605474020510981,-9.665218325148684,-25.312440815492756
26.05474020510981,0.23051571718894417,0.2605474020510981,-9.984031708927043,-26.286957593623043
26.05474020510981,0.23422602906595502,0.2605474020510981,-10.308018250148534,-27.26374102037367
26.05474020510981,0.23793634094296587,0.2605474020510981,-10.637177948813152,-28.18045481278738
26.05474020510981,0.2416466528199767,0.2605474020510981,-10.971510804920896,-28.98981875419181
26.05474020510981,0.24535696469698753,0.2605474020510981,-11.311016818471774,-29.667942618202
26.05474020510981,0.24906727657399838,0.2605474020510981,-11.655695989465782,-30.212963381269578
26.05474020510981,0.2527775884510092,0.2605474020510981,-12.00554831790292,-30.63786978472784
26.05474020510981,0.25648790032802005,0.2605474020510981,-12.360573803783181,-30.962538875182386
26.05474020510981,0.2601982122050309,0.2605474020510981,-12.72077244710658,-31.207878678583487
26.05474020510981,0.26390852408204174,0.2605474020510981,-13.0861442478731,-31.39262028570992
26.05474020510981,0.26761883595905256,0.2605474020510981,-13.45668920608275,-31.5321134522052
26.05474020510981,0.27132914783606343,0.2605474020510981,-13.832407321735538,-31.638273841882533
26.05474020510981,0.27503945971307425,0.2605474020510981,-14.21329859483145,-31.720043040804892
26.05474020510981,0.27874977159008507,0.2605474020510981,-14.599363025370488,-31.783990749643902
26.05474020510981,0.28246008346709595,0.2605474020510981,-14.990600613352663,-31.834883491074834
26.05474020510981,0.28617039534410676,0.2605474020510981,-15.387011358777961,-31.876156291349563
26.05474020510981,0.28988070722111764,0.2605474020510981,-15.788595261646394,-31.910278343751884
26.05474020510981,0.29359101909812846,0.2605474020510981,-16.19535232195795,-31.9390256335358
26.05474020510981,0.2973013309751393,0.2605474020510981,-16.60728253971264,-31.963679465350356
26.05474020510981,0.30101164285215015,0.2605474020510981,-17.02438591491046,-31.98516897887255
26.05474020510981,0.30472195472916097,0.2605474020510981,-17.446662447551407,-32.00417259645055
27.442617056578843,0.011607316445304631,0.27442617056578844,-0.02494047447078059,4.194093338312784
27.442617056578843,0.015317628322315471,0.27442617056578844,-0.04343342891270585,4.132278010914436
27.442617056578843,0.01902794019932631,0.27442617056578844,-0.06702311644723984,4.066113088387124
27.442617056578843,0.02273825207633715,0.27442617056578844,-0.09570953707438253,3.9949063700164036
27.442617056578843,0.02644856395334799,0.27442617056578844,-0.12949269079413395,3.9178111069870187
27.442617056578843,0.03015887583035883,0.27442617056578844,-0.1683725776064941,3.8337836565758057
27.442617056578843,0.03386918770736967,0.27442617056578844,-0.212349197511463,3.7415284968886704
27.442617056578843,0.03757949958438051,0.27442617056578844,-0.26142255050904056,3.6394269211973977
27.442617056578843,0.04128981146139135,0.27442617056578844,-0.3155926365992269,3.5254449332039375
27.442617056578843,0.04500012333840219,0.27442617056578844,-0.3748594557820219,3.3970152021571867
27.442617056578843,0.04871043521541303,0.27442617056578844,-0.4392230080574257,3.250887806357998
27.442617056578843,0.05242074709242387,0.27442617056578844,-0.5086832934254382,3.082945696052378
27.442617056578843,0.05613105896943471,0.27442617056578844,-0.5832403118860593,2.8879848408511464
27.442617056578843,0.05984137084644555,0.27442617056578844,-0.6628940634392892,2.6594684906881456
27.442617056578843,0.06355168272345639,0.27442617056578844,-0.7476445480851279,2.3892839470598277
27.442617056578843,0.06726199460046722,0.27442617056578844,-0.837491765823575,2.067564120422775
27.442617056578843,0.07097230647747807,0.27442617056578844,-0.9324357166546312,1.6826897405556538
27.442617056578843,0.0746826183544889,0.27442617056578844,-1.0324764005782958,1.2216593618409897
27.442617056578843,0.07839293023149975,0.27442617056578844,-1.1376138175945694,0.67108088846465
27.442617056578843,0.08210324210851058,0.27442617056578844,-1.2478479677034515,0.01903783385893898
27.442617056578843,0.08581355398552143,0.27442617056578844,-1.3631788509049427,-0.742094696274533
27.442617056578843,0.08952386586253226,0.27442617056578844,-1.483606467199042,-1.612273445464316
27.442617056578843,0.09323417773954311,0.27442617056578844,-1.6091308165857505,-2.580934770491478
27.442617056578843,0.09694448961655394,0.27442617056578844,-1.7397518990650678,-3.626264357967332
27.442617056578843,0.10065480149356479,0.27442617056578844,-1.8754697146369934,-4.717830071793568
27.442617056578843,0.10436511337057562,0.27442617056578844,-2.016284263301528,-5.822304904053584
27.442617056578843,0.10807542524758647,0.27442617056578844,-2.1621955450586716,-6.910171128936528
27.442617056578843,0.1117857371245973,0.27442617056578844,-2.3132035599084233,-7.960651305189837
27.442617056578843,0.11549604900160815,0.27442617056578844,-2.4693083078507843,-8.963250317305725
27.442617056578843,0.11920636087861898,0.27442617056578844,-2.630509788885753,-9.916180494316386
27.442617056578843,0.12291667275562983,0.27442617056578844,-2.7968080030133318,-10.823130235193782
27.442617056578843,0.12662698463264066,0.27442617056578844,-2.9682029502335183,-11.689872611972632
27.442617056578843,0.1303372965096515,0.27442617056578844,-3.1446946305463137,-12.521614060124902
27.442617056578843,0.13404760838666235,0.27442617056578844,-3.326283043951719,-13.321388470402065
27.442617056578843,0.13775792026367317,0.27442617056578844,-3.512968190449731,-14.089460786393323
27.442617056578843,0.14146823214068402,0.27442617056578844,-3.704750070040353,-14.823560970141747
27.442617056578843,0.14517854401769487,0.27442617056578844,-3.901628682723583,-15.519701987958694
27.442617056578843,0.1488888558947057,0.27442617056578844,-4.103604028499423,-16.17328971656974
27.442617056578843,0.15259916777171653,0.27442617056578844,-4.31067610736787,-16.780223502490703
27.442617056578843,0.15630947964872738,0.27442617056578844,-4.522844919328927,-17.337741685468327
27.442617056578843,0.16001979152573823,0.27442617056578844,-4.740110464382592,-17.844881321510552
27.442617056578843,0.16373010340274907,0.27442617056578844,-4.962472742528867,-18.302553311030284
27.442617056578843,0.1674404152797599,0.27442617056578844,-5.189931753767748,-18.713334156655623
27.442617056578843,0.17115072715677074,0.27442617056578844,-5.42248749809924,-19.081118404876964
27.442617056578843,0.17486103903378158,0.27442617056578844,-5.660139975523341,-19.410767364423126
27.442617056578843,0.17857135091079243,0.27442617056578844,-5.90288918604005,-19.707853655273592
27.442617056578843,0.18228166278780325,0.27442617056578844,-6.150735129649367,-19.978561339499432
27.442617056578843,0.1859919746648141,0.27442617056578844,-6.403677806351293,-20.229771519168846
27.442617056578843,0.18970228654182494,0.27442617056578844,-6.66171721614583,-20.46934541623081
27.442617056578843,0.1934125984188358,0.27442617056578844,-6.924853359032974,-20.706603849309396
27.442617056578843,0.1971229102958466,0.27442617056578844,-7.193086235012725,-20.952978785890572
27.442617056578843,0.20083322217285746,0.27442617056578844,-7.466415844085086,-21.22275596691813
27.442617056578843,0.2045435340498683,0.27442617056578844,-7.7448421862500565,-21.53370551091957
27.442617056578843,0.20825384592687915,0.27442617056578844,-8.028365261507636,-21.907179567841336
27.442617056578843,0.21196415780388997,0.27442617056578844,-8.316985069857822,-22.366956154126804
27.442617056578843,0.21567446968090082,0.27442617056578844,-8.610701611300618,-22.935883137293374
27.442617056578843,0.21938478155791166,0.27442617056578844,-8.909514885836025,-23.629649327866776
27.442617056578843,0.2230950934349225,0.27442617056578844,-9.213424893464037,-24.448386546455225
27.442617056578843,0.22680540531193333,0.27442617056578844,-9.522431634184658,-25.36934921905854
27.442617056578843,0.23051571718894417,0.27442617056578844,-9.83653510799789,-26.34592012623593
27.442617056578843,0.23422602906595502,0.27442617056578844,-10.15573531490373,-27.31648621151014
27.442617056578843,0.23793634094296587,0.27442617056578844,-10.480032254902179,-28.220577278969373
27.442617056578843,0.2416466528199767,0.27442617056578844,-10.809425927993235,-29.01406379239708
27.442617056578843,0.24535696469698753,0.27442617056578844,-11.1439163341769,-29.676122404370524
27.442617056578843,0.24906727657399838,0.27442617056578844,-11.483503473453176,-30.206967580803028
27.442617056578843,0.2527775884510092,0.27442617056578844,-11.828187345822062,-30.620511829979183
27.442617056578843,0.25648790032802005,0.27442617056578844,-12.17796795128355,-30.936703512231745
27.442617056578843,0.2601982122050309,0.27442617056578844,-12.532845289837656,-31.176070181890648
27.442617056578843,0.26390852408204174,0.27442617056578844,-12.892819361484362,-31.356813243073702
27.442617056578843,0.26761883595905256,0.27442617056578844,-13.257890166223676,-31.493771661847518
27.442617056578843,0.27132914783606343,0.27442617056578844,-13.628057704055609,-31.59843765676694
27.442617056578843,0.27503945971307425,0.27442617056578844,-14.003321974980143,-31.679429518854114
27.442617056578843,0.27874977159008507,0.27442617056578844,-14.383682978997284,-31.743082214624994
27.442617056578843,0.28246008346709595,0.27442617056578844,-14.769140716107042,-31.793997320747643
27.442617056578843,0.28617039534410676,0.27442617056578844,-15.159695186309401,-31.83549652979654
27.442617056578843,0.28988070722111764,0.27442617056578844,-15.555346389604376,-31.86997242708435
27.442617056578843,0.29359101909812846,0.27442617056578844,-15.95609432599195,-31.89914988192572
27.442617056578843,0.2973013309751393,0.27442617056578844,-16.361938995472137,-31.924276484685087
27.442617056578843,0.30101164285215015,0.27442617056578844,-16.77288039804494,-31.946259400853958
27.442617056578843,0.30472195472916097,0.27442617056578844,-17.188918533710343,-31.965762929507736
28.830493908047877,0.011607316445304631,0.2883049390804788,-0.024566497743242707,4.28074068623145
28.830493908047877,0.015317628322315471,0.2883049390804788,-0.04278215455024123,4.218349583549821
28.830493908047877,0.01902794019932631,0.2883049390804788,-0.06601812009932775,4.151484939941185
28.830493908047877,0.02273825207633715,0.2883049390804788,-0.09427439439050227,4.079412149614432
28.830493908047877,0.02644856395334799,0.2883049390804788,-0.1275509774237648,4.00122963857284
28.830493908047877,0.03015887583035883,0.2883049390804788,-0.16584786919911537,3.9158227431896346
28.830493908047877,0.03386918770736967,0.2883049390804788,-0.20916506971655396,3.821803808297168
28.830493908047877,0.03757949958438051,0.2883049390804788,-0.25750257897608053,3.7174345406508955
28.830493908047877,0.04128981146139135,0.2883049390804788,-0.3108603969776951,3.6005258595925804
28.830493908047877,0.04500012333840219,0.2883049390804788,-0.36923852372139765,3.468309921118527
28.830493908047877,0.04871043521541303,0.2883049390804788,-0.43263695920718825,3.317279158708196
28.830493908047877,0.05242074709242387,0.2883049390804788,-0.5010557034350669,3.142989080517321
28.830493908047877,0.05613105896943471,0.2883049390804788,-0.5744947564050334,2.9398270155790884
28.830493908047877,0.05984137084644555,0.2883049390804788,-0.652954118117088,2.700761102235095
28.830493908047877,0.06355168272345639,0.2883049390804788,-0.7364337885712307,2.417107222153507
28.830493908047877,0.06726199460046722,0.2883049390804788,-0.8249337677674611,2.078392015745763
28.830493908047877,0.07097230647747807,0.2883049390804788,-0.9184540557057798,1.6724513051381942
28.830493908047877,0.0746826183544889,0.2883049390804788,-1.0169946523861864,1.1859784858932152
28.830493908047877,0.07839293023149975,0.2883049390804788,-1.120555557808681,0.6057930189300031
28.830493908047877,0.08210324210851058,0.2883049390804788,-1.2291367719732635,-0.07894548632512044
28.830493908047877,0.08581355398552143,0.2883049390804788,-1.3427382948799345,-0.8736202350572126
28.830493908047877,0.08952386586253226,0.2883049390804788,-1.461360126528693,-1.7747523233441103
28.830493908047877,0.09323417773954311,0.2883049390804788,-1.5850022669195396,-2.7676406299228367
28.830493908047877,0.09694448961655394,0.2883049390804788,-1.7136647160524743,-3.8266873132902406
28.830493908047877,0.10065480149356479,0.2883049390804788,-1.8473474739274969,-4.9192766080812005
28.830493908047877,0.10436511337057562,0.2883049390804788,-1.9860505405446076,-6.012260355386582
28.830493908047877,0.10807542524758647,0.2883049390804788,-2.1297739159038067,-7.078474915184603
28.830493908047877,0.1117857371245973,0.2883049390804788,-2.278517600005093,-8.100694005408652
28.830493908047877,0.11549604900160815,0.2883049390804788,-2.432281592848468,-9.072024759670793
28.830493908047877,0.11920636087861898,0.2883049390804788,-2.5910658944339304,-9.993566810356944
28.830493908047877,0.12291667275562983,0.2883049390804788,-2.7548705047614814,-10.870941257681888
28.830493908047877,0.12662698463264066,0.2883049390804788,-2.92369542383112,-11.71101930604159
28.830493908047877,0.1303372965096515,0.2883049390804788,-3.0975406516428468,-12.519516838483083
28.830493908047877,0.13404760838666235,0.2883049390804788,-3.276406188196662,-13.299609604962942
28.830493908047877,0.13775792026367317,0.2883049390804788,-3.4602920334925638,-14.051483501407846
28.830493908047877,0.14146823214068402,0.2883049390804788,-3.649198187530555,-14.772650752481956
28.830493908047877,0.14517854401769487,0.2883049390804788,-3.8431246503106333,-15.458813834101983
28.830493908047877,0.1488888558947057,0.2883049390804788,-4.042071421832801,-16.105008540483915
28.830493908047877,0.15259916777171653,0.2883049390804788,-4.246038502097054,-16.70673647974256
28.830493908047877,0.15630947964872738,0.2883049390804788,-4.455025891103397,-17.2608425502824
28.830493908047877,0.16001979152573823,0.2883049390804788,-4.669033588851829,-17.766002776740855
28.830493908047877,0.16373010340274907,0.2883049390804788,-4.888061595342348,-18.222819778967782
28.830493908047877,0.1674404152797599,0.2883049390804788,-5.1121099105749535,-18.6336258302461
28.830493908047877,0.17115072715677074,0.2883049390804788,-5.341178534549648,-19.002139174560668
28.830493908047877,0.17486103903378158,0.2883049390804788,-5.575267467266432,-19.333112457413513
28.830493908047877,0.17857135091079243,0.2883049390804788,-5.814376708725303,-19.632076289932034
28.830493908047877,0.18228166278780325,0.2883049390804788,-6.058506258926261,-19.905240399215806
28.830493908047877,0.1859919746648141,0.2883049390804788,-6.307656117869308,-20.159583694996773
28.830493908047877,0.18970228654182494,0.2883049390804788,-6.561826285554443,-20.40314504471984
28.830493908047877,0.1934125984188358,0.2883049390804788,-6.821016761981667,-20.645510936353272
28.830493908047877,0.1971229102958466,0.2883049390804788,-7.085227547150977,-20.898468700742555
28.830493908047877,0.20083322217285746,0.2883049390804788,-7.354458641062375,-21.17673015698015
28.830493908047877,0.2045435340498683,0.2883049390804788,-7.628710043715863,-21.49849830419337
28.830493908047877,0.20825384592687915,0.2883049390804788,-7.907981755111438,-21.8854225247783
28.830493908047877,0.21196415780388997,0.2883049390804788,-8.192273775249099,-22.361193076225398
28.830493908047877,0.21567446968090082,0.2883049390804788,-8.481586104128851,-22.947848497986325
28.830493908047877,0.21938478155791166,0.2883049390804788,-8.77591874175069,-23.659260872858383
28.830493908047877,0.2230950934349225,0.2883049390804788,-9.075271688114617,-24.492792641087743
28.830493908047877,0.22680540531193333,0.2883049390804788,-9.37964494322063,-25.4226631768962
28.830493908047877,0.23051571718894417,0.2883049390804788,-9.689038507068734,-26.40018449957599
28.830493908047877,0.23422602906595502,0.2883049390804788,-10.003452379658926,-27.36370512901015
28.830493908047877,0.23793634094296587,0.2883049390804788,-10.322886560991206,-28.254816379227485
28.830493908047877,0.2416466528199767,0.2883049390804788,-10.64734105106557,-29.032533120630227
28.830493908047877,0.24535696469698753,0.2883049390804788,-10.976815849882026,-29.678946972668204
28.830493908047877,0.24906727657399838,0.2883049390804788,-11.31131095744057,-30.196166581347562
28.830493908047877,0.2527775884510092,0.2883049390804788,-11.650826373741202,-30.59889199550439
28.830493908047877,0.25648790032802005,0.2883049390804788,-11.995362098783918,-30.907072569868472
28.830493908047877,0.2601982122050309,0.2883049390804788,-12.34491813256873,-31.140835105724495
28.830493908047877,0.26390852408204174,0.2883049390804788,-12.699494475095621,-31.317858236581216
28.830493908047877,0.26761883595905256,0.2883049390804788,-13.059091126364601,-31.45248733992492
28.830493908047877,0.27132914783606343,0.2883049390804788,-13.423708086375676,-31.55580946280175
28.830493908047877,0.27503945971307425,0.2883049390804788,-13.793345355128835,-31.636135146012418
28.830493908047877,0.27874977159008507,0.2883049390804788,-14.168002932624079,-31.699576531105976
28.830493908047877,0.28246008346709595,0.2883049390804788,-14.547680818861418,-31.75057885203307
28.830493908047877,0.28617039534410676,0.2883049390804788,-14.932379013840837,-31.79235646594865
28.830493908047877,0.28988070722111764,0.2883049390804788,-15.322097517562353,-31.827229440883297
28.830493908047877,0.29359101909812846,0.2883049390804788,-15.716836330025949,-31.856874282195065
28.830493908047877,0.2973013309751393,0.2883049390804788,-16.116595451231635,-31.88250670268701
28.830493908047877,0.30101164285215015,0.2883049390804788,-16.521374881179415,-31.90501311486157
28.830493908047877,0.30472195472916097,0.2883049390804788,-16.931174619869275,-31.925044506051513
30.21837075951691,0.011607316445304631,0.3021837075951691,-0.02419252101570483,4.369361898307551
30.21837075951691,0.015317628322315471,0.3021837075951691,-0.04213088018777661,4.306289921579719
30.21837075951691,0.01902794019932631,0.3021837075951691,-0.06501312375141567,4.238609873875716
30.21837075951691,0.02273825207633715,0.3021837075951691,-0.09283925170662204,4.165541550550614
30.21837075951691,0.02644856395334799,0.3021837075951691,-0.1256092640533957,4.086124368771864
30.21837075951691,0.03015887583035883,0.3021837075951691,-0.16332316079173667,3.9991671688577775
30.21837075951691,0.03386918770736967,0.3021837075951691,-0.20598094192164496,3.9031830146544273
30.21837075951691,0.03757949958438051,0.3021837075951691,-0.2535826074431205,3.7963047408765043
30.21837075951691,0.04128981146139135,0.3021837075951691,-0.30612815735616333,3.676176224847378
30.21837075951691,0.04500012333840219,0.3021837075951691,-0.36361759166077345,3.539813936773137
30.21837075951691,0.04871043521541303,0.3021837075951691,-0.4260509103569509,3.383433881523578
30.21837075951691,0.05242074709242387,0.3021837075951691,-0.49342811344469567,3.2022418151360332
30.21837075951691,0.05613105896943471,0.3021837075951691,-0.5657492009240077,2.9901918103019414
30.21837075951691,0.05984137084644555,0.3021837075951691,-0.6430141727948869,2.739733492797555
30.21837075951691,0.06355168272345639,0.3021837075951691,-0.7252230290573336,2.441596812481645
30.21837075951691,0.06726199460046722,0.3021837075951691,-0.8123757697113473,2.0847108149327944
30.21837075951691,0.07097230647747807,0.3021837075951691,-0.9044723947569286,1.6564213789141469
30.21837075951691,0.0746826183544889,0.3021837075951691,-1.0015129041940771,1.1432490396889043
30.21837075951691,0.07839293023149975,0.3021837075951691,-1.1034972980227928,0.5324641260931566
30.21837075951691,0.08210324210851058,0.3021837075951691,-1.2104255762430758,-0.18534704650561085
30.21837075951691,0.08581355398552143,0.3021837075951691,-1.3222977388549264,-1.0129223839151404
30.21837075951691,0.08952386586253226,0.3021837075951691,-1.439113785858344,-1.9430374193672477
30.21837075951691,0.09323417773954311,0.3021837075951691,-1.560873717253329,-2.95683736961174
30.21837075951691,0.09694448961655394,0.3021837075951691,-1.6875775330398812,-4.025348292533462
30.21837075951691,0.10065480149356479,0.3021837075951691,-1.8192252332180008,-5.1145221072855165
30.21837075951691,0.10436511337057562,0.3021837075951691,-1.9558168177876876,-6.192192778754522
30.21837075951691,0.10807542524758647,0.3021837075951691,-2.097352286748942,-7.234086283027499
30.21837075951691,0.1117857371245973,0.3021837075951691,-2.243831640101763,-8.226656116423134
30.21837075951691,0.11549604900160815,0.3021837075951691,-2.3952548778461518,-9.166415554938595
30.21837075951691,0.11920636087861898,0.3021837075951691,-2.5516219999821077,-10.057014549592017
30.21837075951691,0.12291667275562983,0.3021837075951691,-2.7129330065096315,-10.905682037464919
30.21837075951691,0.12662698463264066,0.3021837075951691,-2.879187897428722,-11.720145830683261
30.21837075951691,0.1303372965096515,0.3021837075951691,-3.05038667273938,-12.506480059564646
30.21837075951691,0.13404760838666235,0.3021837075951691,-3.2265293324416056,-13.267920143974164
30.21837075951691,0.13775792026367317,0.3021837075951691,-3.407615876535397,-14.004534899465531
30.21837075951691,0.14146823214068402,0.3021837075951691,-3.593646305020757,-14.713606141882142
30.21837075951691,0.14517854401769487,0.3021837075951691,-3.784620617897684,-15.390526622376047
30.21837075951691,0.1488888558947057,0.3021837075951691,-3.980538815166179,-16.029969245788852
30.21837075951691,0.15259916777171653,0.3021837075951691,-4.18140089682624,-16.62704754795469
30.21837075951691,0.15630947964872738,0.3021837075951691,-4.3872068628778695,-17.17822307026035
30.21837075951691,0.16001979152573823,0.3021837075951691,-4.597956713321066,-17.681820464787396
30.21837075951691,0.16373010340274907,0.3021837075951691,-4.81365044815583,-18.138143183641745
30.21837075951691,0.1674404152797599,0.3021837075951691,-5.0342880673821595,-18.549288066906946
30.21837075951691,0.17115072715677074,0.3021837075951691,-5.259869571000057,-18.918805865743565
30.21837075951691,0.17486103903378158,0.3021837075951691,-5.490394959009524,-19.25134969305212
30.21837075951691,0.17857135091079243,0.3021837075951691,-5.725864231410556,-19.552417847635965
30.21837075951691,0.18228166278780325,0.3021837075951691,-5.966277388203156,-19.82825614472411
30.21837075951691,0.1859919746648141,0.3021837075951691,-6.211634429387323,-20.08595245173826
30.21837075951691,0.18970228654182494,0.3021837075951691,-6.4619353549630585,-20.333734792162897
30.21837075951691,0.1934125984188358,0.3021837075951691,-6.717180164930362,-20.581466036616085
30.21837075951691,0.1971229102958466,0.3021837075951691,-6.9773688592892285,-20.841296118615176
30.21837075951691,0.20083322217285746,0.3021837075951691,-7.242501438039665,-21.12836148981971
30.21837075951691,0.2045435340498683,0.3021837075951691,-7.51257790118167,-21.461279257263087
30.21837075951691,0.20825384592687915,0.3021837075951691,-7.787598248715241,-21.861948451402377
30.21837075951691,0.21196415780388997,0.3021837075951691,-8.067562480640378,-22.35388580521736
30.21837075951691,0.21567446968090082,0.3021837075951691,-8.352470596957085,-22.95820195082215
30.21837075951691,0.21938478155791166,0.3021837075951691,-8.642322597665359,-23.686838917969254
30.21837075951691,0.2230950934349225,0.3021837075951691,-8.937118482765198,-24.534357426886015
30.21837075951691,0.22680540531193333,0.3021837075951691,-9.236858252256605,-25.4720651711459
30.21837075951691,0.23051571718894417,0.3021837075951691,-9.54154190613958,-26.449476688265705
30.21837075951691,0.23422602906595502,0.3021837075951691,-9.851169444414122,-27.405200605202438
30.21837075951691,0.23793634094296587,0.3021837075951691,-10.165740867080233,-28.283053694662872
30.21837075951691,0.2416466528199767,0.3021837075951691,-10.485256174137907,-29.04516373803088
30.21837075951691,0.24535696469698753,0.3021837075951691,-10.809715365587152,-29.676378341783813
30.21837075951691,0.24906727657399838,0.3021837075951691,-11.139118441427964,-30.180523964933354
30.21837075951691,0.2527775884510092,0.3021837075951691,-11.473465401660345,-30.572962986738958
30.21837075951691,0.25648790032802005,0.3021837075951691,-11.812756246284287,-30.873584098254845
30.21837075951691,0.2601982122050309,0.3021837075951691,-12.156990975299806,-31.10209783129162
30.21837075951691,0.26390852408204174,0.3021837075951691,-12.506169588706882,-31.275668767433356
30.21837075951691,0.26761883595905256,0.3021837075951691,-12.860292086505527,-31.40816608406398
30.21837075951691,0.27132914783606343,0.3021837075951691,-13.219358468695747,-31.51028946279507
30.21837075951691,0.27503945971307425,0.3021837075951691,-13.583368735277528,-31.590056625381365
30.21837075951691,0.27874977159008507,0.3021837075951691,-13.952322886250874,-31.65336824954014
30.21837075951691,0.28246008346709595,0.3021837075951691,-14.326220921615796,-31.704521406224917
30.21837075951691,0.28617039534410676,0.3021837075951691,-14.705062841372277,-31.746628811408495
30.21837075951691,0.28988070722111764,0.3021837075951691,-15.088848645520333,-31.781941897376143
30.21837075951691,0.29359101909812846,0.3021837075951691,-15.477578334059949,-31.812091417215413
30.21837075951691,0.2973013309751393,0.3021837075951691,-15.871251906991134,-31.83826295015924
30.21837075951691,0.30101164285215015,0.3021837075951691,-16.26986936431389,-31.861323316087613
30.21837075951691,0.30472195472916097,0.3021837075951691,-16.67343070602821,-31.881910962306414
31.606247610985946,0.011607316445304631,0.31606247610985944,-0.023818544288166956,4.460096097445451
31.606247610985946,0.015317628322315471,0.31606247610985944,-0.041479605825311995,4.396234892196261
31.606247610985946,0.01902794019932631,0.31606247610985944,-0.0640081274035036,4.32761979212564
31.606247610985946,0.02273825207633715,0.31606247610985944,-0.09140410902274179,4.25342161964369
31.606247610985946,0.02644856395334799,0.31606247610985944,-0.12366755068302658,4.172616365957129
31.606247610985946,0.03015887583035883,0.31606247610985944,-0.16079845238435794,4.0839306000901
31.606247610985946,0.03386918770736967,0.31606247610985944,-0.20279681412673595,3.985770576826744
31.606247610985946,0.03757949958438051,0.31606247610985944,-0.24966263591016047,3.876130503093739
31.606247610985946,0.04128981146139135,0.31606247610985944,-0.3013959177346316,3.7524747006842576
31.606247610985946,0.04500012333840219,0.31606247610985944,-0.35799665960014926,3.6115881783864205
31.606247610985946,0.04871043521541303,0.31606247610985944,-0.4194648615067136,3.449391190674895
31.606247610985946,0.05242074709242387,0.31606247610985944,-0.48580052345432445,3.2607172174774144
31.606247610985946,0.05613105896943471,0.31606247610985944,-0.5570036454429819,3.0390630969214945
31.606247610985946,0.05984137084644555,0.31606247610985944,-0.6330742274726859,2.7763390049065997
31.606247610985946,0.06355168272345639,0.31606247610985944,-0.7140122695434366,2.462680356024806
31.606247610985946,0.06726199460046722,0.31606247610985944,-0.7998177716552335,2.086438938642372
31.606247610985946,0.07097230647747807,0.31606247610985944,-0.8904907338080774,1.6345455261315605
31.606247610985946,0.0746826183544889,0.31606247610985944,-0.9860311560019677,1.093508875555038
31.606247610985946,0.07839293023149975,0.31606247610985944,-1.0864390382369047,0.45132216980250073
31.606247610985946,0.08210324210851058,0.31606247610985944,-1.191714380512888,-0.29963004491235457
31.606247610985946,0.08581355398552143,0.31606247610985944,-1.3018571828299184,-1.1590541704550485
31.606247610985946,0.08952386586253226,0.31606247610985944,-1.416867445187995,-2.11574970443242
31.606247610985946,0.09323417773954311,0.31606247610985944,-1.5367451675871182,-3.146825613110046
31.606247610985946,0.09694448961655394,0.31606247610985944,-1.661490350027288,-4.220468977686892
31.606247610985946,0.10065480149356479,0.31606247610985944,-1.7911029925085045,-5.3019973513100815
31.606247610985946,0.10436511337057562,0.31606247610985944,-1.9255830950307675,-6.36096045393425
31.606247610985946,0.10807542524758647,0.31606247610985944,-2.0649306575940773,-7.3763690466280245
31.606247610985946,0.1117857371245973,0.31606247610985944,-2.209145680198433,-8.338355249573935
31.606247610985946,0.11549604900160815,0.31606247610985944,-2.358228162843836,-9.2465741196451
31.606247610985946,0.11920636087861898,0.31606247610985944,-2.5121781055302854,-10.106881758022606
31.606247610985946,0.12291667275562983,0.31606247610985944,-2.6709955082577816,-10.927816144022877
31.606247610985946,0.12662698463264066,0.31606247610985944,-2.834680371026324,-11.717753194228068
31.606247610985946,0.1303372965096515,0.31606247610985944,-3.003232693835913,-12.483000719510445
31.606247610985946,0.13404760838666235,0.31606247610985944,-3.176652476686549,-13.226789163499333
31.606247610985946,0.13775792026367317,0.31606247610985944,-3.3549397195782302,-13.949042748214255
31.606247610985946,0.14146823214068402,0.31606247610985944,-3.5380944225109596,-14.646806514326668
31.606247610985946,0.14517854401769487,0.31606247610985944,-3.726116585484735,-15.315168336215546
31.606247610985946,0.1488888558947057,0.31606247610985944,-3.919006208499557,-15.94844831843868
31.606247610985946,0.15259916777171653,0.31606247610985944,-4.116763291555425,-16.541383716490504
31.606247610985946,0.15630947964872738,0.31606247610985944,-4.319387834652341,-17.09006429140424
31.606247610985946,0.16001979152573823,0.31606247610985944,-4.526879837790303,-17.59247390667508
31.606247610985946,0.16373010340274907,0.31606247610985944,-4.739239300969311,-18.048626399964434
31.606247610985946,0.1674404152797599,0.31606247610985944,-4.956466224189365,-18.460392040457393
31.606247610985946,0.17115072715677074,0.31606247610985944,-5.178560607450467,-18.831162706762708
31.606247610985946,0.17486103903378158,0.31606247610985944,-5.405522450752616,-19.165500768583925
31.606247610985946,0.17857135091079243,0.31606247610985944,-5.6373517540958105,-19.468881487747627
31.606247610985946,0.18228166278780325,0.31606247610985944,-5.874048517480051,-19.74759671880018
31.606247610985946,0.1859919746648141,0.31606247610985944,-6.1156127409053385,-20.008853891182152
31.606247610985946,0.18970228654182494,0.31606247610985944,-6.362044424371674,-20.261080986445453
31.606247610985946,0.1934125984188358,0.31606247610985944,-6.613343567879055,-20.514426926386236
31.606247610985946,0.1971229102958466,0.31606247610985944,-6.869510171427481,-20.781409836427326
31.606247610985946,0.20083322217285746,0.31606247610985944,-7.130544235016956,-21.077586772879823
31.606247610985946,0.2045435340498683,0.31606247610985944,-7.396445758647477,-21.421966461253263
31.606247610985946,0.20825384592687915,0.31606247610985944,-7.667214742319045,-21.836645543832248
31.606247610985946,0.21196415780388997,0.31606247610985944,-7.942851186031657,-22.3448780996679
31.606247610985946,0.21567446968090082,0.31606247610985944,-8.223355089785318,-22.96672988277343
31.606247610985946,0.21938478155791166,0.31606247610985944,-8.508726453580026,-23.712110817897067
31.606247610985946,0.2230950934349225,0.31606247610985944,-8.79896527741578,-24.572769008762755
31.606247610985946,0.22680540531193333,0.31606247610985944,-9.094071561292578,-25.517245754432917
31.606247610985946,0.23051571718894417,0.31606247610985944,-9.394045305210426,-26.493536864088476
31.606247610985946,0.23422602906595502,0.31606247610985944,-9.69888650916932,-27.440790687342652
31.606247610985946,0.23793634094296587,0.31606247610985944,-10.00859517316926,-28.305182435700125
31.606247610985946,0.2416466528199767,0.31606247610985944,-10.323171297210244,-29.05189900240696
31.606247610985946,0.24535696469698753,0.31606247610985944,-10.642614881292278,-29.668380534859676
31.606247610985946,0.24906727657399838,0.31606247610985944,-10.966925925415358,-30.16000282151565
31.606247610985946,0.2527775884510092,0.31606247610985944,-11.296104429579488,-30.54267608286887
31.606247610985946,0.25648790032802005,0.31606247610985944,-11.630150393784657,-30.83617468672038
31.606247610985946,0.2601982122050309,0.31606247610985944,-11.96906381803088,-31.059781609108295
31.606247610985946,0.26390852408204174,0.31606247610985944,-12.312844702318143,-31.230157600436886
31.606247610985946,0.26761883595905256,0.31606247610985944,-12.661493046646454,-31.360713087946742
31.606247610985946,0.27132914783606343,0.31606247610985944,-13.015008851015816,-31.46177769443971
31.606247610985946,0.27503945971307425,0.31606247610985944,-13.373392115426222,-31.541090648063665
31.606247610985946,0.27874977159008507,0.31606247610985944,-13.736642839877671,-31.60435199521482
31.606247610985946,0.28246008346709595,0.31606247610985944,-14.104761024370175,-31.655718419173144
31.606247610985946,0.28617039534410676,0.31606247610985944,-14.477746668903716,-31.698206400191754
31.606247610985946,0.28988070722111764,0.31606247610985944,-14.855599773478312,-31.734002418196898
31.606247610985946,0.29359101909812846,0.31606247610985944,-15.23832033809395,-31.764693952926557
31.606247610985946,0.2973013309751393,0.31606247610985944,-15.625908362750634,-31.79143810630013
31.606247610985946,0.30101164285215015,0.31606247610985944,-16.01836384744837,-31.815083208364094
31.606247610985946,0.30472195472916097,0.31606247610985944,-16.415686792187145,-31.836255900388956
32.994124462454984,0.011607316445304631,0.3299412446245498,-0.023444567560629077,4.553079680962561
32.994124462454984,0.015317628322315471,0.3299412446245498,-0.040828331462847374,4.4883179902669355
32.994124462454984,0.01902794019932631,0.3299412446245498,-0.06300313105559154,4.418644573818596
32.994124462454984,0.02273825207633715,0.3299412446245498,-0.08996896633886155,4.343177726517838
32.994124462454984,0.02644856395334799,0.3299412446245498,-0.12172583731265747,4.260825363660171
32.994124462454984,0.03015887583035883,0.3299412446245498,-0.15827374397697924,4.170225710145397
32.994124462454984,0.03386918770736967,0.3299412446245498,-0.19961268633182694,4.069670309751026
32.994124462454984,0.03757949958438051,0.3299412446245498,-0.24574266437720044,3.9570045304459462
32.994124462454984,0.04128981146139135,0.3299412446245498,-0.29666367811309985,3.829500100737958
32.994124462454984,0.04500012333840219,0.3299412446245498,-0.35237572753952506,3.683694254111689
32.994124462454984,0.04871043521541303,0.3299412446245498,-0.41287881265647625,3.515191763640816
32.994124462454984,0.05242074709242387,0.3299412446245498,-0.47817293346395323,3.3184313428777408
32.994124462454984,0.05613105896943471,0.3299412446245498,-0.5482580899619561,3.0864297128828344
32.994124462454984,0.05984137084644555,0.3299412446245498,-0.6231342821504848,2.8105399295657474
32.994124462454984,0.06355168272345639,0.3299412446245498,-0.7028015100295395,2.480301479227025
32.994124462454984,0.06726199460046722,0.3299412446245498,-0.7872597735991197,2.083522747076997
32.994124462454984,0.07097230647747807,0.3299412446245498,-0.8765090728592262,1.6068161680835489
32.994124462454984,0.0746826183544889,0.3299412446245498,-0.9705494078098583,1.0368695506166843
32.994124462454984,0.07839293023149975,0.3299412446245498,-1.0693807784510165,0.36270076527424777
32.994124462454984,0.08210324210851058,0.3299412446245498,-1.1730031847827003,-0.4211249937102499
32.994124462454984,0.08581355398552143,0.3299412446245498,-1.2814166268049103,-1.310931731767678
32.994124462454984,0.08952386586253226,0.3299412446245498,-1.394621104517646,-2.291410338301257
32.994124462454984,0.09323417773954311,0.3299412446245498,-1.5126166179209075,-3.3358879243230515
32.994124462454984,0.09694448961655394,0.3299412446245498,-1.635403167014695,-4.410356327596238
32.994124462454984,0.10065480149356479,0.3299412446245498,-1.7629807517990082,-5.480303165199398
32.994124462454984,0.10436511337057562,0.3299412446245498,-1.8953493722738473,-6.517627484283179
32.994124462454984,0.10807542524758647,0.3299412446245498,-2.0325090284392124,-7.504877534704931
32.994124462454984,0.1117857371245973,0.3299412446245498,-2.1744597202951033,-8.435753591588385
32.994124462454984,0.11549604900160815,0.3299412446245498,-2.32120144784152,-9.31274411127349
32.994124462454984,0.11920636087861898,0.3299412446245498,-2.4727342110784627,-10.14357505367011
32.994124462454984,0.12291667275562983,0.3299412446245498,-2.6290580100059313,-10.93782512740591
32.994124462454984,0.12662698463264066,0.3299412446245498,-2.790172844623926,-11.704341130998246
32.994124462454984,0.1303372965096515,0.3299412446245498,-2.956078714932446,-12.449563176517866
32.994124462454984,0.13404760838666235,0.3299412446245498,-3.1267756209314927,-13.176666725014789
32.994124462454984,0.13775792026367317,0.3299412446245498,-3.302263562621064,-13.885412550910148
32.994124462454984,0.14146823214068402,0.3299412446245498,-3.482542540001162,-14.57260779145954
32.994124462454984,0.14517854401769487,0.3299412446245498,-3.667612553071786,-15.233043743884462
32.994124462454984,0.1488888558947057,0.3299412446245498,-3.8574736018329356,-15.860700266432456
32.994124462454984,0.15259916777171653,0.3299412446245498,-4.052125686284611,-16.449951913382357
32.994124462454984,0.15630947964872738,0.3299412446245498,-4.251568806426812,-16.99652945591687
32.994124462454984,0.16001979152573823,0.3299412446245498,-4.45580296225954,-17.49808725536342
32.994124462454984,0.16373010340274907,0.3299412446245498,-4.664828153782794,-17.954359361129484
32.994124462454984,0.1674404152797599,0.3299412446245498,-4.878644380996571,-18.366998282739527
32.994124462454984,0.17115072715677074,0.3299412446245498,-5.097251643900876,-18.739245381372054
32.994124462454984,0.17486103903378158,0.3299412446245498,-5.320649942495708,-19.075580686309742
32.994124462454984,0.17857135091079243,0.3299412446245498,-5.548839276781064,-19.38146524964796
32.994124462454984,0.18228166278780325,0.3299412446245498,-5.781819646756946,-19.663246424217903
32.994124462454984,0.1859919746648141,0.3299412446245498,-6.019591052423354,-19.928261234640278
32.994124462454984,0.18970228654182494,0.3299412446245498,-6.262153493780289,-20.185147672072976
32.994124462454984,0.1934125984188358,0.3299412446245498,-6.50950697082775,-20.444349265996404
32.994124462454984,0.1971229102958466,0.3299412446245498,-6.761651483565734,-20.718756181212797
32.994124462454984,0.20083322217285746,0.3299412446245498,-7.018587031994246,-21.024339379734386
32.994124462454984,0.2045435340498683,0.3299412446245498,-7.280313616113284,-21.38047299848388
32.994124462454984,0.20825384592687915,0.3299412446245498,-7.546831235922848,-21.809395065614503
32.994124462454984,0.21196415780388997,0.3299412446245498,-7.818139891422936,-22.334005278197882
32.994124462454984,0.21567446968090082,0.3299412446245498,-8.094239582613552,-22.973210510363334
32.994124462454984,0.21938478155791166,0.3299412446245498,-8.375130309494693,-23.734799249757398
32.994124462454984,0.2230950934349225,0.3299412446245498,-8.66081207206636,-24.607717712944243
32.994124462454984,0.22680540531193333,0.3299412446245498,-8.951284870328552,-25.557905712348663
32.994124462454984,0.23051571718894417,0.3299412446245498,-9.24654870428127,-26.532120692990727
32.994124462454984,0.23422602906595502,0.3299412446245498,-9.546603573924516,-27.47030904573302
32.994124462454984,0.23793634094296587,0.3299412446245498,-9.851449479258287,-28.32110742576675
32.994124462454984,0.2416466528199767,0.3299412446245498,-10.161086420282583,-29.052688685019927
32.994124462454984,0.24535696469698753,0.3299412446245498,-10.475514396997406,-29.654919929692856
32.994124462454984,0.24906727657399838,0.3299412446245498,-10.794733409402754,-30.134566376178224
32.994124462454984,0.2527775884510092,0.3299412446245498,-11.11874345749863,-30.50798193247772
32.994124462454984,0.25648790032802005,0.3299412446245498,-11.447544541285026,-30.794780330667987
32.994124462454984,0.2601982122050309,0.3299412446245498,-11.781136660761957,-31.013809439422232
32.994124462454984,0.26390852408204174,0.3299412446245498,-12.119519815929404,-31.181237632118908
32.994124462454984,0.26761883595905256,0.3299412446245498,-12.46269400678738,-31.310033989226795
32.994124462454984,0.27132914783606343,0.3299412446245498,-12.810659233335887,-31.410174858001525
32.994124462454984,0.27503945971307425,0.3299412446245498,-13.163415495574915,-31.48913470311629
32.994124462454984,0.27874977159008507,0.3299412446245498,-13.520962793504468,-31.55242326319415
32.994124462454984,0.28246008346709595,0.3299412446245498,-13.883301127124552,-31.604064223417947
32.994124462454984,0.28617039534410676,0.3299412446245498,-14.250430496435156,-31.64698295961886
32.994124462454984,0.28988070722111764,0.3299412446245498,-14.622350901436294,-31.683304495071088
32.994124462454984,0.29359101909812846,0.3299412446245498,-14.99906234212795,-31.714575389465214
32.994124462454984,0.2973013309751393,0.3299412446245498,-15.380564818510132,-31.741925840666795
32.994124462454984,0.30101164285215015,0.3299412446245498,-15.766858330582847,-31.766186737185496
32.994124462454984,0.30472195472916097,0.3299412446245498,-16.15794287834608,-31.787973612511056
34.382001313924015,0.011607316445304631,0.34382001313924015,-0.023070590833091202,4.6484451250801495
34.382001313924015,0.015317628322315471,0.34382001313924015,-0.04017705710038275,4.582669170395586
34.382001313924015,0.01902794019932631,0.34382001313924015,-0.06199813470767946,4.511810938412004
34.382001313924015,0.02273825207633715,0.34382001313924015,-0.08853382365498132,4.43493246263423
34.382001313924015,0.02644856395334799,0.34382001313924015,-0.11978412394228835,4.350868702210846
34.382001313924015,0.03015887583035883,0.34382001313924015,-0.15574903556960054,4.258163172771202
34.382001313924015,0.03386918770736967,0.34382001313924015,-0.1964285585369179,4.154984441914726
34.382001313924015,0.03757949958438051,0.34382001313924015,-0.2418226928442404,4.039018393195279
34.382001313924015,0.04128981146139135,0.34382001313924015,-0.29193143849156805,3.907330641349364
34.382001313924015,0.04500012333840219,0.34382001313924015,-0.34675479547890087,3.7561938730339337
34.382001313924015,0.04871043521541303,0.34382001313924015,-0.4062927638062389,3.5808773938630676
34.382001313924015,0.05242074709242387,0.34382001313924015,-0.470545343473582,3.3754029824959595
34.382001313924015,0.05613105896943471,0.34382001313924015,-0.5395125344809303,3.132285975265706
34.382001313924015,0.05984137084644555,0.34382001313924015,-0.6131943368282837,2.8423087900866086
34.382001313924015,0.06355168272345639,0.34382001313924015,-0.6915907505156423,2.4944221818698615
34.382001313924015,0.06726199460046722,0.34382001313924015,-0.774701775543006,2.07594034327603
34.382001313924015,0.07097230647747807,0.34382001313924015,-0.862527411910375,1.573277808411931
34.382001313924015,0.0746826183544889,0.34382001313924015,-0.955067659617749,0.9735220239074678
34.382001313924015,0.07839293023149975,0.34382001313924015,-1.0523225186651284,0.26704255822249645
34.382001313924015,0.08210324210851058,0.34382001313924015,-1.1542919890525125,-0.5490336818131321
34.382001313924015,0.08581355398552143,0.34382001313924015,-1.2609760707799023,-1.4673511902695435
34.382001313924015,0.08952386586253226,0.34382001313924015,-1.372374763847297,-2.4684721176609052
34.382001313924015,0.09323417773954311,0.34382001313924015,-1.4884880682546968,-3.5223281340760124
34.382001313924015,0.09694448961655394,0.34382001313924015,-1.6093159840021019,-4.593436131325241
34.382001313924015,0.10065480149356479,0.34382001313924015,-1.734858511089512,-5.6482261025310585
34.382001313924015,0.10436511337057562,0.34382001313924015,-1.8651156495169272,-6.661459095302732
34.382001313924015,0.10807542524758647,0.34382001313924015,-2.000087399284348,-7.619338351650721
34.382001313924015,0.1117857371245973,0.34382001313924015,-2.1397737603917735,-8.518935761671726
34.382001313924015,0.11549604900160815,0.34382001313924015,-2.2841747328392046,-9.36524207521829
34.382001313924015,0.11920636087861898,0.34382001313924015,-2.4332903166266404,-10.16753546033688
34.382001313924015,0.12291667275562983,0.34382001313924015,-2.5871205117540814,-10.936199152632806
34.382001313924015,0.12662698463264066,0.34382001313924015,-2.7456653182215276,-11.680402225317565
34.382001313924015,0.1303372965096515,0.34382001313924015,-2.908924736028979,-12.406635576487552
34.382001313924015,0.13404760838666235,0.34382001313924015,-3.0768987651764363,-13.117981822253322
34.382001313924015,0.13775792026367317,0.34382001313924015,-3.249587405663897,-13.81402656288555
34.382001313924015,0.14146823214068402,0.34382001313924015,-3.4269906574913644,-14.491342254913974
34.382001313924015,0.14517854401769487,0.34382001313924015,-3.6091085206588365,-15.144434815355597
34.382001313924015,0.1488888558947057,0.34382001313924015,-3.795940995166314,-15.766958474549877
34.382001313924015,0.15259916777171653,0.34382001313924015,-3.9874880810137956,-16.3529401332302
34.382001313924015,0.15630947964872738,0.34382001313924015,-4.183749778201284,-16.89776532128157
34.382001313924015,0.16001979152573823,0.34382001313924015,-4.384726086728777,-17.39877069044714
34.382001313924015,0.16373010340274907,0.34382001313924015,-4.590417006596275,-17.85542046016971
34.382001313924015,0.1674404152797599,0.34382001313924015,-4.800822537803777,-18.269158047044055
34.382001313924015,0.17115072715677074,0.34382001313924015,-5.0159426803512845,-18.643082327803803
34.382001313924015,0.17486103903378158,0.34382001313924015,-5.235777434238799,-18.981598975222163
34.382001313924015,0.17857135091079243,0.34382001313924015,-5.460326799466317,-19.29016319186096
34.382001313924015,0.18228166278780325,0.34382001313924015,-5.689590776033841,-19.575186778945746
34.382001313924015,0.1859919746648141,0.34382001313924015,-5.923569363941369,-19.84414579333706
34.382001313924015,0.18970228654182494,0.34382001313924015,-6.162262563188904,-20.105897493839826
34.382001313924015,0.1934125984188358,0.34382001313924015,-6.405670373776444,-20.371187394743824
34.382001313924015,0.1971229102958466,0.34382001313924015,-6.653792795703986,-20.653279719526434
34.382001313924015,0.20083322217285746,0.34382001313924015,-6.9066298289715355,-20.968549895442372
34.382001313924015,0.2045435340498683,0.34382001313924015,-7.164181473579091,-21.336707586570707
34.382001313924015,0.20825384592687915,0.34382001313924015,-7.426447729526652,-21.78007212297182
34.382001313924015,0.21196415780388997,0.34382001313924015,-7.693428596814215,-22.321095334516478
34.382001313924015,0.21567446968090082,0.34382001313924015,-7.965124075441786,-22.97741554794678
34.382001313924015,0.21938478155791166,0.34382001313924015,-8.241534165409362,-23.75462446471531
34.382001313924015,0.2230950934349225,0.34382001313924015,-8.522658866716942,-24.63889857273261
34.382001313924015,0.22680540531193333,0.34382001313924015,-8.808498179364525,-25.593758137711227
34.382001313924015,0.23051571718894417,0.34382001313924015,-9.099052103352117,-26.565000516396545
34.382001313924015,0.23422602906595502,0.34382001313924015,-9.394320638679714,-27.493605337214532
34.382001313924015,0.23793634094296587,0.34382001313924015,-9.694303785347316,-28.330745136259694
34.382001313924015,0.2416466528199767,0.34382001313924015,-9.99900154335492,-29.047489131237214
34.382001313924015,0.24535696469698753,0.34382001313924015,-10.308413912702532,-29.635965721754925
34.382001313924015,0.24906727657399838,0.34382001313924015,-10.622540893390148,-30.104178714020474
34.382001313924015,0.2527775884510092,0.34382001313924015,-10.941382485417773,-30.468831430501687
34.382001313924015,0.25648790032802005,0.34382001313924015,-11.264938688785396,-30.74933736944638
34.382001313924015,0.2601982122050309,0.34382001313924015,-11.593209503493032,-30.964105018873042
34.382001313924015,0.26390852408204174,0.34382001313924015,-11.926194929540667,-31.12882282365721
34.382001313924015,0.26761883595905256,0.34382001313924015,-12.263894966928305,-31.25603578231102
34.382001313924015,0.27132914783606343,0.34382001313924015,-12.606309615655958,-31.355383209386044
34.382001313924015,0.27503945971307425,0.34382001313924015,-12.95343887572361,-31.4340879534146
34.382001313924015,0.27874977159008507,0.34382001313924015,-13.305282747131264,-31.497479279575813
34.382001313924015,0.28246008346709595,0.34382001313924015,-13.661841229878931,-31.54945489688704
34.382001313924015,0.28617039534410676,0.34382001313924015,-14.023114323966595,-31.59285394788569
34.382001313924015,0.28988070722111764,0.34382001313924015,-14.389102029394273,-31.62974331719216
34.382001313924015,0.29359101909812846,0.34382001313924015,-14.759804346161948,-31.66163087892081
34.382001313924015,0.2973013309751393,0.34382001313924015,-15.13522127426963,-31.68962142164477
34.382001313924015,0.30101164285215015,0.34382001313924015,-15.515352813717325,-31.71452938907568
34.382001313924015,0.30472195472916097,0.34382001313924015,-15.900198964505014,-31.736959871336495
35.76987816539305,0.011607316445304631,0.35769878165393054,-0.02269661410555332,4.746319781392966
35.76987816539305,0.015317628322315471,0.35769878165393054,-0.03952578273791813,4.67941366854088
35.76987816539305,0.01902794019932631,0.35769878165393054,-0.06099313835976738,4.607241296254623
35.76987816539305,0.02273825207633715,0.35769878165393054,-0.08709868097110106,4.528804525995799
35.76987816539305,0.02644856395334799,0.35769878165393054,-0.11784241057191921,4.442860254818218
35.76987816539305,0.03015887583035883,0.35769878165393054,-0.15322432716222179,4.347850639871631
35.76987816539305,0.03386918770736967,0.35769878165393054,-0.19324443074200887,4.241812659261449
35.76987816539305,0.03757949958438051,0.35769878165393054,-0.23790272131128035,4.122261660275726
35.76987816539305,0.04128981146139135,0.35769878165393054,-0.28719919887003625,3.9860431926863757
35.76987816539305,0.04500012333840219,0.35769878165393054,-0.3411338634182766,3.829148264402491
35.76987816539305,0.04871043521541303,0.35769878165393054,-0.39970671495600146,3.646490653031231
35.76987816539305,0.05242074709242387,0.35769878165393054,-0.46291775348321074,3.4316536846162435
35.76987816539305,0.05613105896943471,0.35769878165393054,-0.5307669789999044,3.17663223658709
35.76987816539305,0.05984137084644555,0.35769878165393054,-0.6032543915060826,2.8716296804200185
35.76987816539305,0.06355168272345639,0.35769878165393054,-0.6803799910017452,2.5050252546727503
35.76987816539305,0.06726199460046722,0.35769878165393054,-0.762143777486892,2.0637052801022353
35.76987816539305,0.07097230647747807,0.35769878165393054,-0.8485457509615236,1.5340317817751765
35.76987816539305,0.0746826183544889,0.35769878165393054,-0.9395859114256395,0.9037410450180496
35.76987816539305,0.07839293023149975,0.35769878165393054,-1.03526425887924,0.16489991753761268
35.76987816539305,0.08210324210851058,0.35769878165393054,-1.1355807933223245,-0.6824373261814498
35.76987816539305,0.08581355398552143,0.35769878165393054,-1.240535514754894,-1.6270101222067122
35.76987816539305,0.08952386586253226,0.35769878165393054,-1.3501284231769477,-2.6453533449271984
35.76987816539305,0.09323417773954311,0.35769878165393054,-1.464359518588486,-3.70450839618505
35.76987816539305,0.09694448961655394,0.35769878165393054,-1.5832288009895084,-4.768279684191306
35.76987816539305,0.10065480149356479,0.35769878165393054,-1.7067362703800155,-5.8047458702894845
35.76987816539305,0.10436511337057562,0.35769878165393054,-1.834881926760007,-6.791911049031527
35.76987816539305,0.10807542524758647,0.35769878165393054,-1.967665770129483,-7.719630152538817
35.76987816539305,0.1117857371245973,0.35769878165393054,-2.1050878004884432,-8.588087669854227
35.76987816539305,0.11549604900160815,0.35769878165393054,-2.247148017836888,-9.40444033829485
35.76987816539305,0.11920636087861898,0.35769878165393054,-2.3938464221748172,-10.179226475871648
35.76987816539305,0.12291667275562983,0.35769878165393054,-2.545183013502231,-10.92342937390282
35.76987816539305,0.12662698463264066,0.35769878165393054,-2.701157791819129,-11.64641728229312
35.76987816539305,0.1303372965096515,0.35769878165393054,-2.8617707571255115,-12.354667186160064
35.76987816539305,0.13404760838666235,0.35769878165393054,-3.027021909421379,-13.051141028929163
35.76987816539305,0.13775792026367317,0.35769878165393054,-3.19691124870673,-13.735243374048471
35.76987816539305,0.14146823214068402,0.35769878165393054,-3.3714387749815664,-14.403318820301301
35.76987816539305,0.14517854401769487,0.35769878165393054,-3.5506044882458867,-15.049601503130393
35.76987816539305,0.1488888558947057,0.35769878165393054,-3.7344083884996917,-15.66743633578487
35.76987816539305,0.15259916777171653,0.35769878165393054,-3.92285047574298,-16.250518786237226
35.76987816539305,0.15630947964872738,0.35769878165393054,-4.115930749975754,-16.79390361943133
35.76987816539305,0.16001979152573823,0.35769878165393054,-4.313649211198013,-17.294621907033754
35.76987816539305,0.16373010340274907,0.35769878165393054,-4.516005859409756,-17.751878013558947
35.76987816539305,0.1674404152797599,0.35769878165393054,-4.723000694610981,-18.166914712767884
35.76987816539305,0.17115072715677074,0.35769878165393054,-4.934633716801693,-18.542696066819655
35.76987816539305,0.17486103903378158,0.35769878165393054,-5.15090492598189,-18.883560935438986
35.76987816539305,0.17857135091079243,0.35769878165393054,-5.37181432215157,-19.194966551801524
35.76987816539305,0.18228166278780325,0.35769878165393054,-5.597361905310735,-19.483397592368796
35.76987816539305,0.1859919746648141,0.35769878165393054,-5.827547675459384,-19.75647796198969
35.76987816539305,0.18970228654182494,0.35769878165393054,-6.062371632597518,-20.023292607510243
35.76987816539305,0.1934125984188358,0.35769878165393054,-6.301833776725137,-20.294895159067398
35.76987816539305,0.1971229102958466,0.35769878165393054,-6.545934107842238,-20.584924010643523
35.76987816539305,0.20083322217285746,0.35769878165393054,-6.794672625948825,-20.91014682350051
35.76987816539305,0.2045435340498683,0.35769878165393054,-7.048049331044897,-21.290575312196793
35.76987816539305,0.20825384592687915,0.35769878165393054,-7.306064223130454,-21.74854656729359
35.76987816539305,0.21196415780388997,0.35769878165393054,-7.568717302205493,-22.30597021489894
35.76987816539305,0.21567446968090082,0.35769878165393054,-7.836008568270018,-22.979112042862226
35.76987816539305,0.21938478155791166,0.35769878165393054,-8.107938021324028,-23.7713066483175
35.76987816539305,0.2230950934349225,0.35769878165393054,-8.384505661367522,-24.666013808367666
35.76987816539305,0.22680540531193333,0.35769878165393054,-8.665711488400499,-25.624530398636004
35.76987816539305,0.23051571718894417,0.35769878165393054,-8.951555502422961,-26.59196641870923
35.76987816539305,0.23422602906595502,0.35769878165393054,-9.242037703434908,-27.510545534796112
35.76987816539305,0.23793634094296587,0.35769878165393054,-9.537158091436341,-28.334023778453524
35.76987816539305,0.2416466528199767,0.35769878165393054,-9.836916666427255,-29.036263523748488
35.76987816539305,0.24535696469698753,0.35769878165393054,-10.141313428407656,-29.611490491587915
35.76987816539305,0.24906727657399838,0.35769878165393054,-10.450348377377543,-30.06880559333316
35.76987816539305,0.2527775884510092,0.35769878165393054,-10.764021513336914,-30.42517666796022
35.76987816539305,0.25648790032802005,0.35769878165393054,-11.082332836285763,-30.699783487690148
35.76987816539305,0.2601982122050309,0.35769878165393054,-11.405282346224107,-30.910593746581693
35.76987816539305,0.26390852408204174,0.35769878165393054,-11.732870043151927,-31.072829192184187
35.76987816539305,0.26761883595905256,0.35769878165393054,-12.06509592706923,-31.198627789745956
35.76987816539305,0.27132914783606343,0.35769878165393054,-12.401959997976025,-31.297307512421963
35.76987816539305,0.27503945971307425,0.35769878165393054,-12.7434622558723,-31.375852171339357
35.76987816539305,0.27874977159008507,0.35769878165393054,-13.089602700758059,-31.439419923045865
35.76987816539305,0.28246008346709595,0.35769878165393054,-13.440381332633308,-31.49178917222064
35.76987816539305,0.28617039534410676,0.35769878165393054,-13.795798151498033,-31.535717452468358
35.76987816539305,0.28988070722111764,0.35769878165393054,-14.15585315735225,-31.57321665954345
35.76987816539305,0.29359101909812846,0.35769878165393054,-14.520546350195946,-31.605758104078667
35.76987816539305,0.2973013309751393,0.35769878165393054,-14.889877730029127,-31.634422585897408
35.76987816539305,0.30101164285215015,0.35769878165393054,-15.263847296851798,-31.660009051891436
35.76987816539305,0.30472195472916097,0.35769878165393054,-15.642455050663948,-31.68311278120496
37.15775501686208,0.011607316445304631,0.3715775501686208,-0.022322637378015445,4.846824680741761
37.15775501686208,0.015317628322315471,0.3715775501686208,-0.03887450837545351,4.77867082786679
37.15775501686208,0.01902794019932631,0.3715775501686208,-0.0599881420118553,4.70505260047233
37.15775501686208,0.02273825207633715,0.3715775501686208,-0.08566353828722083,4.624907604615558
37.15775501686208,0.02644856395334799,0.3715775501686208,-0.11590069720155009,4.536909350322516
37.15775501686208,0.03015887583035883,0.3715775501686208,-0.15069961875484308,4.439391714397323
37.15775501686208,0.03386918770736967,0.3715775501686208,-0.19006030294709986,4.330251143764131
37.15775501686208,0.03757949958438051,0.3715775501686208,-0.23398274977832031,4.206821026207987
37.15775501686208,0.04128981146139135,0.3715775501686208,-0.2824669592485045,4.065712527655421
37.15775501686208,0.04500012333840219,0.3715775501686208,-0.3355129313576524,3.90261759942449
37.15775501686208,0.04871043521541303,0.3715775501686208,-0.3931206661057641,3.7120745635871
37.15775501686208,0.05242074709242387,0.3715775501686208,-0.4552901634928395,3.4872077964469064
37.15775501686208,0.05613105896943471,0.3715775501686208,-0.5220214235188787,3.2194754704892947
37.15775501686208,0.05984137084644555,0.3715775501686208,-0.5933144461838815,2.8984996286912645
37.15775501686208,0.06355168272345639,0.3715775501686208,-0.6691692314878481,2.5121166662277012
37.15775501686208,0.06726199460046722,0.3715775501686208,-0.7495857794307783,2.0468700447146544
37.15775501686208,0.07097230647747807,0.3715775501686208,-0.8345640900126724,1.4892403014282112
37.15775501686208,0.0746826183544889,0.3715775501686208,-0.9241041632335302,0.827887907038501
37.15775501686208,0.07839293023149975,0.3715775501686208,-1.0182059990933516,0.056932634474529786
37.15775501686208,0.08210324210851058,0.3715775501686208,-1.1168695975921368,-0.8203088685440783
37.15775501686208,0.08581355398552143,0.3715775501686208,-1.220094958729886,-1.7885327804289455
37.15775501686208,0.08952386586253226,0.3715775501686208,-1.3278820825065987,-2.8204724381081396
37.15775501686208,0.09323417773954311,0.3715775501686208,-1.4402309689222752,-3.8808822454402625
37.15775501686208,0.09694448961655394,0.3715775501686208,-1.5571416179769153,-4.933622970358271
37.15775501686208,0.10065480149356479,0.3715775501686208,-1.6786140296705192,-5.949035365237485
37.15775501686208,0.10436511337057562,0.3715775501686208,-1.804648204003087,-6.90861478742217
37.15775501686208,0.10807542524758647,0.3715775501686208,-1.9352441409746184,-7.805762776015084
37.15775501686208,0.1117857371245973,0.3715775501686208,-2.070401840585113,-8.643477008934626
37.15775501686208,0.11549604900160815,0.3715775501686208,-2.210121302834572,-9.430752212366912
37.15775501686208,0.11920636087861898,0.3715775501686208,-2.354402527722995,-10.179124193254578
37.15775501686208,0.12291667275562983,0.3715775501686208,-2.503245515250381,-10.900001845388553
37.15775501686208,0.12662698463264066,0.3715775501686208,-2.656650265416731,-11.602851799562474
37.15775501686208,0.1303372965096515,0.3715775501686208,-2.814616778222045,-12.294086541776974
37.15775501686208,0.13404760838666235,0.3715775501686208,-2.9771450536663226,-12.976527783944928
37.15775501686208,0.13775792026367317,0.3715775501686208,-3.144235091749563,-13.649398004030447
37.15775501686208,0.14146823214068402,0.3715775501686208,-3.315886892471769,-14.30882372043372
37.15775501686208,0.14517854401769487,0.3715775501686208,-3.4921004558329374,-14.948782839653855
37.15775501686208,0.1488888558947057,0.3715775501686208,-3.67287578183307,-15.56232861762713
37.15775501686208,0.15259916777171653,0.3715775501686208,-3.8582128704721654,-16.142842213944753
37.15775501686208,0.15630947964872738,0.3715775501686208,-4.048111721750225,-16.68506262953663
37.15775501686208,0.16001979152573823,0.3715775501686208,-4.24257233566725,-17.18572767966745
37.15775501686208,0.16373010340274907,0.3715775501686208,-4.441594712223237,-17.64379177376382
37.15775501686208,0.1674404152797599,0.3715775501686208,-4.645178851418187,-18.060305222734655
37.15775501686208,0.17115072715677074,0.3715775501686208,-4.853324753252102,-18.438104553293318
37.15775501686208,0.17486103903378158,0.3715775501686208,-5.066032417724982,-18.781468901923343
37.15775501686208,0.17857135091079243,0.3715775501686208,-5.283301844836823,-19.09586492372575
37.15775501686208,0.18228166278780325,0.3715775501686208,-5.5051330345876295,-19.387858060645094
37.15775501686208,0.1859919746648141,0.3715775501686208,-5.731525986977399,-19.665228233933448
37.15775501686208,0.18970228654182494,0.3715775501686208,-5.9624807020061334,-19.937295616076966
37.15775501686208,0.1934125984188358,0.3715775501686208,-6.197997179673831,-20.2154267729389
37.15775501686208,0.1971229102958466,0.3715775501686208,-6.438075419980491,-20.513632403212497
37.15775501686208,0.20083322217285746,0.3715775501686208,-6.682715422926115,-20.849057354942616
37.15775501686208,0.2045435340498683,0.3715775501686208,-6.931917188510704,-21.241978455448614
37.15775501686208,0.20825384592687915,0.3715775501686208,-7.185680716734257,-21.714684023831392
37.15775501686208,0.21196415780388997,0.3715775501686208,-7.444006007596772,-22.28844725044434
37.15775501686208,0.21567446968090082,0.3715775501686208,-7.706893061098252,-22.978064357870977
37.15775501686208,0.21938478155791166,0.3715775501686208,-7.974341877238696,-23.78456835830236
37.15775501686208,0.2230950934349225,0.3715775501686208,-8.246352456018103,-24.688775269494645
37.15775501686208,0.22680540531193333,0.3715775501686208,-8.522924797436472,-25.64996598427814
37.15775501686208,0.23051571718894417,0.3715775501686208,-8.804058901493807,-26.612827183358657
37.15775501686208,0.23422602906595502,0.3715775501686208,-9.089754768190106,-27.521012231822425
37.15775501686208,0.23793634094296587,0.3715775501686208,-9.380012397525368,-28.330883454295975
37.15775501686208,0.2416466528199767,0.3715775501686208,-9.674831789499592,-29.018982241720902
37.15775501686208,0.24535696469698753,0.3715775501686208,-9.974212944112782,-29.581470865580325
37.15775501686208,0.24906727657399838,0.3715775501686208,-10.278155861364937,-30.028415335519973
37.15775501686208,0.2527775884510092,0.3715775501686208,-10.586660541256055,-30.37697194385385
37.15775501686208,0.25648790032802005,0.3715775501686208,-10.899726983786133,-30.646058770498033
37.15775501686208,0.2601982122050309,0.3715775501686208,-11.217355188955182,-30.85320378066873
37.15775501686208,0.26390852408204174,0.3715775501686208,-11.539545156763188,-31.0131758517964
37.15775501686208,0.26761883595905256,0.3715775501686208,-11.866296887210156,-31.1377226837105
37.15775501686208,0.27132914783606343,0.3715775501686208,-12.197610380296096,-31.235856041964748
37.15775501686208,0.27503945971307425,0.3715775501686208,-12.533485636020995,-31.314332725973948
37.15775501686208,0.27874977159008507,0.3715775501686208,-12.873922654384854,-31.37814869850628
37.15775501686208,0.28246008346709595,0.3715775501686208,-13.218921435387685,-31.430969398596392
37.15775501686208,0.28617039534410676,0.3715775501686208,-13.568481979029473,-31.475475141342603
37.15775501686208,0.28988070722111764,0.3715775501686208,-13.92260428531023,-31.51362582426503
37.15775501686208,0.29359101909812846,0.3715775501686208,-14.281288354229947,-31.546858210377728
37.15775501686208,0.2973013309751393,0.3715775501686208,-14.644534185788627,-31.576230461156477
37.15775501686208,0.30101164285215015,0.3715775501686208,-15.012341779986276,-31.602526928563993
37.15775501686208,0.30472195472916097,0.3715775501686208,-15.384711136822883,-31.626333682870374
38.54563186833112,0.011607316445304631,0.3854563186833112,-0.021948660650477566,4.950073360846084
38.54563186833112,0.015317628322315471,0.3854563186833112,-0.03822323401298889,4.880552944463792
38.54563186833112,0.01902794019932631,0.3854563186833112,-0.05898314566394322,4.805355215062704
38.54563186833112,0.02273825207633715,0.3854563186833112,-0.08422839560334057,4.723349272829654
38.54563186833112,0.02644856395334799,0.3854563186833112,-0.11395898383118096,4.63311970582737
38.54563186833112,0.03015887583035883,0.3854563186833112,-0.14817491034746436,4.532884930694169
38.54563186833112,0.03386918770736967,0.3854563186833112,-0.18687617515219082,4.4203916177779
38.54563186833112,0.03757949958438051,0.3854563186833112,-0.23006277824536026,4.292779443125772
38.54563186833112,0.04128981146139135,0.3854563186833112,-0.2777347196269727,4.146410576601518
38.54563186833112,0.04500012333840219,0.3854563186833112,-0.32989199929702817,3.976660421197132
38.54563186833112,0.04871043521541303,0.3854563186833112,-0.38653461725552674,3.7776722833925644
38.54563186833112,0.05242074709242387,0.3854563186833112,-0.44766257350246824,3.542092522387968
38.54563186833112,0.05613105896943471,0.3854563186833112,-0.5132758680378527,3.260829872631323
38.54563186833112,0.05984137084644555,0.3854563186833112,-0.5833745008616803,2.922929951219624
38.54563186833112,0.06355168272345639,0.3854563186833112,-0.657958471973951,2.515727846935196
38.54563186833112,0.06726199460046722,0.3854563186833112,-0.7370277813746644,2.025529183208244
38.54563186833112,0.07097230647747807,0.3854563186833112,-0.8205824290638211,1.4391295782950804
38.54563186833112,0.0746826183544889,0.3854563186833112,-0.9086224150414206,0.7464112726138821
38.54563186833112,0.07839293023149975,0.3854563186833112,-1.0011477393074633,-0.05609755440462072
38.54563186833112,0.08210324210851058,0.3854563186833112,-1.098158401861949,-0.9615291267809689
38.54563186833112,0.08581355398552143,0.3854563186833112,-1.1996544027048779,-1.9504979730494292
38.54563186833112,0.08952386586253226,0.3854563186833112,-1.3056357418362494,-2.992281592804358
38.54563186833112,0.09323417773954311,0.3854563186833112,-1.416102419256064,-4.05002233436573
38.54563186833112,0.09694448961655394,0.3854563186833112,-1.5310544349643218,-5.088378325051198
38.54563186833112,0.10065480149356479,0.3854563186833112,-1.6504917889610227,-6.080454532895452
38.54563186833112,0.10436511337057562,0.3854563186833112,-1.7744144812461664,-7.011359841333847
38.54563186833112,0.10807542524758647,0.3854563186833112,-1.9028225118197535,-7.877856782075721
38.54563186833112,0.1117857371245973,0.3854563186833112,-2.0357158806817828,-8.685435750237101
38.54563186833112,0.11549604900160815,0.3854563186833112,-2.173094587832256,-9.44461944459118
38.54563186833112,0.11920636087861898,0.3854563186833112,-2.314958633271172,-10.167709268969283
38.54563186833112,0.12291667275562983,0.3854563186833112,-2.461308016998531,-10.86639278172766
38.54563186833112,0.12662698463264066,0.3854563186833112,-2.612142739014333,-11.550153411521718
38.54563186833112,0.1303372965096515,0.3854563186833112,-2.7674627993185776,-12.225300328223925
38.54563186833112,0.13404760838666235,0.3854563186833112,-2.927268197911266,-12.894502249855499
38.54563186833112,0.13775792026367317,0.3854563186833112,-3.0915589347923964,-13.556802453369528
38.54563186833112,0.14146823214068402,0.3854563186833112,-3.260335009961971,-14.20812154508863
38.54563186833112,0.14517854401769487,0.3854563186833112,-3.4335964234199876,-14.842198303634277
38.54563186833112,0.1488888558947057,0.3854563186833112,-3.6113431751664478,-15.45181302247975
38.54563186833112,0.15259916777171653,0.3854563186833112,-3.7935752652013504,-16.03005033899377
38.54563186833112,0.15630947964872738,0.3854563186833112,-3.9802926935246967,-16.5713488396045
38.54563186833112,0.16001979152573823,0.3854563186833112,-4.171495460136486,-17.072165483294793
38.54563186833112,0.16373010340274907,0.3854563186833112,-4.367183565036719,-17.53121447807606
38.54563186833112,0.1674404152797599,0.3854563186833112,-4.567357008225392,-17.94936154434377
38.54563186833112,0.17115072715677074,0.3854563186833112,-4.772015789702511,-18.329322545015575
38.54563186833112,0.17486103903378158,0.3854563186833112,-4.981159909468072,-18.67532352268106
38.54563186833112,0.17857135091079243,0.3854563186833112,-5.194789367522077,-18.992847450844778
38.54563186833112,0.18228166278780325,0.3854563186833112,-5.412904163864524,-19.288547877478585
38.54563186833112,0.1859919746648141,0.3854563186833112,-5.635504298495413,-19.570368234194913
38.54563186833112,0.18970228654182494,0.3854563186833112,-5.862589771414748,-19.847870528140533
38.54563186833112,0.1934125984188358,0.3854563186833112,-6.094160582622525,-20.132737707349566
38.54563186833112,0.1971229102958466,0.3854563186833112,-6.330216732118743,-20.43934887284372
38.54563186833112,0.20083322217285746,0.3854563186833112,-6.5707582199034045,-20.78520819770308
38.54563186833112,0.2045435340498683,0.3854563186833112,-6.815785045976511,-21.190817402631417
38.54563186833112,0.20825384592687915,0.3854563186833112,-7.065297210338059,-21.67834704167309
38.54563186833112,0.21196415780388997,0.3854563186833112,-7.319294712988049,-22.26834073159857
38.54563186833112,0.21567446968090082,0.3854563186833112,-7.577777553926484,-22.97403627642057
38.54563186833112,0.21938478155791166,0.3854563186833112,-7.840745733153362,-23.794137005742087
38.54563186833112,0.2230950934349225,0.3854563186833112,-8.108199250668683,-24.70690680900624
38.54563186833112,0.22680540531193333,0.3854563186833112,-8.380138106472444,-25.669826213800853
38.54563186833112,0.23051571718894417,0.3854563186833112,-8.656562300564651,-26.627411139624257
38.54563186833112,0.23422602906595502,0.3854563186833112,-8.937471832945302,-27.524904926254347
38.54563186833112,0.23793634094296587,0.3854563186833112,-9.222866703614395,-28.321276364221912
38.54563186833112,0.2416466528199767,0.3854563186833112,-9.512746912571929,-28.99562330598234
38.54563186833112,0.24535696469698753,0.3854563186833112,-9.807112459817908,-29.545888256569185
38.54563186833112,0.24906727657399838,0.3854563186833112,-10.10596334535233,-29.98297977800663
38.54563186833112,0.2527775884510092,0.3854563186833112,-10.409299569175197,-30.324174826449187
38.54563186833112,0.25648790032802005,0.3854563186833112,-10.7171211312865,-30.588106800593106
38.54563186833112,0.2601982122050309,0.3854563186833112,-11.029428031686257,-30.79186713391877
38.54563186833112,0.26390852408204174,0.3854563186833112,-11.346220270374447,-30.949786093291106
38.54563186833112,0.26761883595905256,0.3854563186833112,-11.66749784735108,-31.07323754679777
38.54563186833112,0.27132914783606343,0.3854563186833112,-11.993260762616163,-31.170941627109872
38.54563186833112,0.27503945971307425,0.3854563186833112,-12.323509016169686,-31.249439611196838
38.54563186833112,0.27874977159008507,0.3854563186833112,-12.65824260801165,-31.313573752262748
38.54563186833112,0.28246008346709595,0.3854563186833112,-12.997461538142062,-31.3669025456563
38.54563186833112,0.28617039534410676,0.3854563186833112,-13.34116580656091,-31.412033256747332
38.54563186833112,0.28988070722111764,0.3854563186833112,-13.689355413268208,-31.45087662493336
38.54563186833112,0.29359101909812846,0.3854563186833112,-14.042030358263943,-31.4848367810984
38.54563186833112,0.2973013309751393,0.3854563186833112,-14.399190641548124,-31.514950532525273
38.54563186833112,0.30101164285215015,0.3854563186833112,-14.760836263120751,-31.541988494611832
38.54563186833112,0.30472195472916097,0.3854563186833112,-15.126967222981815,-31.56652810225363
39.93350871980015,0.011607316445304631,0.39933508719800154,-0.021574683922939687,5.0561707345631834
39.93350871980015,0.015317628322315471,0.39933508719800154,-0.03757195965052427,4.9851641491488525
39.93350871980015,0.01902794019932631,0.39933508719800154,-0.057978149316031145,4.908251814702644
39.93350871980015,0.02273825207633715,0.39933508719800154,-0.08279325291946033,4.824229915194323
39.93350871980015,0.02644856395334799,0.39933508719800154,-0.11201727046081184,4.731588383100215
39.93350871980015,0.03015887583035883,0.39933508719800154,-0.14565020194008566,4.6284227552234185
39.93350871980015,0.03386918770736967,0.39933508719800154,-0.1836920473572818,4.51232040592426
39.93350871980015,0.03757949958438051,0.39933508719800154,-0.22614280671240022,4.38021526821593
39.93350871980015,0.04128981146139135,0.39933508719800154,-0.273002480005441,4.2282056961836485
39.93350871980015,0.04500012333840219,0.39933508719800154,-0.324271067236404,4.051333088457545
39.93350871980015,0.04871043521541303,0.39933508719800154,-0.37994856840528934,3.8433268041103137
39.93350871980015,0.05242074709242387,0.39933508719800154,-0.440034983512097,3.5963379934994713
39.93350871980015,0.05613105896943471,0.39933508719800154,-0.504530312556827,3.3007174594476956
39.93350871980015,0.05984137084644555,0.39933508719800154,-0.5734345555394792,2.9449475575023545
39.93350871980015,0.06355168272345639,0.39933508719800154,-0.6467477124600539,2.5159177905096834
39.93350871980015,0.06726199460046722,0.39933508719800154,-0.7244697833185506,1.9998219221155782
39.93350871980015,0.07097230647747807,0.39933508719800154,-0.8066007681149698,1.3839917936227237
39.93350871980015,0.0746826183544889,0.39933508719800154,-0.8931406668493113,0.6598458416013353
39.93350871980015,0.07839293023149975,0.39933508719800154,-0.9840894795215751,-0.17333564797623424
39.93350871980015,0.08210324210851058,0.39933508719800154,-1.0794472061317613,-1.1049062677684873
39.93350871980015,0.08581355398552143,0.39933508719800154,-1.1792138466798698,-2.111468324938106
39.93350871980015,0.08952386586253226,0.39933508719800154,-1.2833894011659004,-3.159297943204159
39.93350871980015,0.09323417773954311,0.39933508719800154,-1.3919738695898534,-4.210642006928329
39.93350871980015,0.09694448961655394,0.39933508719800154,-1.5049672519517288,-5.231639051749965
39.93350871980015,0.10065480149356479,0.39933508719800154,-1.6223695482515263,-6.198539427971498
39.93350871980015,0.10436511337057562,0.39933508719800154,-1.7441807584892464,-7.100074859123412
39.93350871980015,0.10807542524758647,0.39933508719800154,-1.8704008826648888,-7.9361241487160745
39.93350871980015,0.1117857371245973,0.39933508719800154,-2.001029920778453,-8.714344807613793
39.93350871980015,0.11549604900160815,0.39933508719800154,-2.13606787282994,-9.446501771371944
39.93350871980015,0.11920636087861898,0.39933508719800154,-2.275514738819349,-10.14546052952034
39.93350871980015,0.12291667275562983,0.39933508719800154,-2.419370518746681,-10.823064999282659
39.93350871980015,0.12662698463264066,0.39933508719800154,-2.567635212611935,-11.488750190603193
39.93350871980015,0.1303372965096515,0.39933508719800154,-2.7203088204151107,-12.148692907308687
39.93350871980015,0.13404760838666235,0.39933508719800154,-2.8773913421562094,-12.805401678818225
39.93350871980015,0.13775792026367317,0.39933508719800154,-3.0388827778352296,-13.457746651737317
39.93350871980015,0.14146823214068402,0.39933508719800154,-3.204783127452173,-14.101456583567312
39.93350871980015,0.14517854401769487,0.39933508719800154,-3.3750923910070383,-14.730049408093246
39.93350871980015,0.1488888558947057,0.39933508719800154,-3.5498105684998262,-15.33605190294624
39.93350871980015,0.15259916777171653,0.39933508719800154,-3.7289376599305353,-15.91227041784611
39.93350871980015,0.15630947964872738,0.39933508719800154,-3.912473665299168,-16.452858673292337
39.93350871980015,0.16001979152573823,0.39933508719800154,-4.100418584605723,-16.954005153811934
39.93350871980015,0.16373010340274907,0.39933508719800154,-4.2927724178502,-17.41419342087857
39.93350871980015,0.1674404152797599,0.39933508719800154,-4.489535165032598,-17.834112144891527
39.93350871980015,0.17115072715677074,0.39933508719800154,-4.69070682615292,-18.2163629810758
39.93350871980015,0.17486103903378158,0.39933508719800154,-4.896287401211165,-18.56512504491093
39.93350871980015,0.17857135091079243,0.39933508719800154,-5.10627689020733,-18.885904025594737
39.93350871980015,0.18228166278780325,0.39933508719800154,-5.320675293141418,-19.18544835446691
39.93350871980015,0.1859919746648141,0.39933508719800154,-5.539482610013429,-19.47187176470788
39.93350871980015,0.18970228654182494,0.39933508719800154,-5.762698840823362,-19.754983732700666
39.93350871980015,0.1934125984188358,0.39933508719800154,-5.9903239855712185,-20.04678560347562
39.93350871980015,0.1971229102958466,0.39933508719800154,-6.222358044256995,-20.362018895706623
39.93350871980015,0.20083322217285746,0.39933508719800154,-6.458801016880694,-20.71852646166533
39.93350871980015,0.2045435340498683,0.39933508719800154,-6.699652903442318,-21.136991642201494
39.93350871980015,0.20825384592687915,0.39933508719800154,-6.944913703941863,-21.63939635591433
39.93350871980015,0.21196415780388997,0.39933508719800154,-7.194583418379328,-22.24546360751633
39.93350871980015,0.21567446968090082,0.39933508719800154,-7.448662046754718,-22.96679320172946
39.93350871980015,0.21938478155791166,0.39933508719800154,-7.70714958906803,-23.79974734311092
39.93350871980015,0.2230950934349225,0.39933508719800154,-7.970046045319264,-24.720146557743295
39.93350871980015,0.22680540531193333,0.39933508719800154,-8.237351415508419,-25.68389179561606
39.93350871980015,0.23051571718894417,0.39933508719800154,-8.509065699635498,-26.635566901775128
39.93350871980015,0.23422602906595502,0.39933508719800154,-8.785188897700499,-27.522140287476155
39.93350871980015,0.23793634094296587,0.39933508719800154,-9.065721009703422,-28.305167066306062
39.93350871980015,0.2416466528199767,0.39933508719800154,-9.350662035644266,-28.96617289714445
39.93350871980015,0.24535696469698753,0.39933508719800154,-9.640011975523034,-29.504729668215337
39.93350871980015,0.24906727657399838,0.39933508719800154,-9.933770829339725,-29.932475274166503
39.93350871980015,0.2527775884510092,0.39933508719800154,-10.231938597094338,-30.266747248980533
39.93350871980015,0.25648790032802005,0.39933508719800154,-10.53451527878687,-30.525875783361148
39.93350871980015,0.2601982122050309,0.39933508719800154,-10.841500874417331,-30.726520795013858
39.93350871980015,0.26390852408204174,0.39933508719800154,-11.152895383985708,-30.882588489332004
39.93350871980015,0.26761883595905256,0.39933508719800154,-11.468698807492007,-31.005094958945552
39.93350871980015,0.27132914783606343,0.39933508719800154,-11.788911144936234,-31.10248272148863
39.93350871980015,0.27503945971307425,0.39933508719800154,-12.11353239631838,-31.181088501750178
39.93350871980015,0.27874977159008507,0.39933508719800154,-12.442562561638445,-31.24560891597132
39.93350871980015,0.28246008346709595,0.39933508719800154,-12.776001640896439,-31.299501236866142
39.93350871980015,0.28617039534410676,0.39933508719800154,-13.11384963409235,-31.34530363896817
39.93350871980015,0.28988070722111764,0.39933508719800154,-13.45610654122619,-31.38488040138689
39.93350871980015,0.29359101909812846,0.39933508719800154,-13.802772362297944,-31.419604843580387
39.93350871980015,0.2973013309751393,0.39933508719800154,-14.153847097307622,-31.45049364026861
39.93350871980015,0.30101164285215015,0.39933508719800154,-14.509330746255229,-31.47830448758064
39.93350871980015,0.30472195472916097,0.39933508719800154,-14.86922330914075,-31.5036067315527
