V,s,V_norm,ICa_true,ICa_nn
-69.70876254625355,0.011607316445304631,-0.6970876254625356,-0.051118845398432,-0.03545901975358179
-69.70876254625355,0.015317628322315471,-0.6970876254625356,-0.08902263428522926,-0.0883356429231732
-69.70876254625355,0.01902794019932631,-0.6970876254625356,-0.13737286080108507,-0.14618745976482916
-69.70876254625355,0.02273825207633715,-0.6970876254625356,-0.19616952494599948,-0.20949253733625284
-69.70876254625355,0.02644856395334799,-0.6970876254625356,-0.2654126267199725,-0.2787651514462466
-69.70876254625355,0.03015887583035883,-0.6970876254625356,-0.34510216612300415,-0.35455592342119635
-69.70876254625355,0.03386918770736967,-0.6970876254625356,-0.4352381431550944,-0.4374511838324491
-69.70876254625355,0.03757949958438051,-0.6970876254625356,-0.5358205578162432,-0.5280713617875383
-69.70876254625355,0.04128981146139135,-0.6970876254625356,-0.6468494101064506,-0.6270681750442533
-69.70876254625355,0.04500012333840219,-0.6970876254625356,-0.7683247000257165,-0.7351203774546224
-69.70876254625355,0.04871043521541303,-0.6970876254625356,-0.900246427574041,-0.8529278095437833
-69.70876254625355,0.05242074709242387,-0.6970876254625356,-1.042614592751424,-0.9812034997212109
-69.70876254625355,0.05613105896943471,-0.6970876254625356,-1.195429195557866,-1.1206635828878633
-69.70876254625355,0.05984137084644555,-0.6970876254625356,-1.3586902359933661,-1.272014845851479
-69.70876254625355,0.06355168272345639,-0.6970876254625356,-1.532397714057925,-1.4359397810116343
-69.70876254625355,0.06726199460046722,-0.6970876254625356,-1.7165516297515422,-1.6130791367623942
-69.70876254625355,0.07097230647747807,-0.6970876254625356,-1.9111519830742183,-1.8040120990408952
-69.70876254625355,0.0746826183544889,-0.6970876254625356,-2.116198774025953,-2.009234424701049
-69.70876254625355,0.07839293023149975,-0.6970876254625356,-2.3316920026067463,-2.229135070899908
-69.70876254625355,0.08210324210851058,-0.6970876254625356,-2.557631668816598,-2.4639721165985002
-69.70876254625355,0.08581355398552143,-0.6970876254625356,-2.7940177726555087,-2.7138490366532144
-69.70876254625355,0.08952386586253226,-0.6970876254625356,-3.0408503141234773,-2.978692642205583
-69.70876254625355,0.09323417773954311,-0.6970876254625356,-3.2981292932205046,-3.2582342125425963
-69.70876254625355,0.09694448961655394,-0.6970876254625356,-3.5658547099465907,-3.55199547790206
-69.70876254625355,0.10065480149356479,-0.6970876254625356,-3.8440265643017355,-3.859281133807806
-69.70876254625355,0.10436511337057562,-0.6970876254625356,-4.132644856285939,-4.179179444602287
-69.70876254625355,0.10807542524758647,-0.6970876254625356,-4.431709585899202,-4.510572208152183
-69.70876254625355,0.1117857371245973,-0.6970876254625356,-4.741220753141521,-4.852154905240372
-69.70876254625355,0.11549604900160815,-0.6970876254625356,-5.0611783580129,-5.2024672694875775
-69.70876254625355,0.11920636087861898,-0.6970876254625356,-5.391582400513338,-5.5599338350841805
-69.70876254625355,0.12291667275562983,-0.6970876254625356,-5.732432880642834,-5.92291331957291
-69.70876254625355,0.12662698463264066,-0.6970876254625356,-6.083729798401389,-6.289755059154198
-69.70876254625355,0.1303372965096515,-0.6970876254625356,-6.445473153789003,-6.658860215777718
-69.70876254625355,0.13404760838666235,-0.6970876254625356,-6.817662946805675,-7.028745185019142
-69.70876254625355,0.13775792026367317,-0.6970876254625356,-7.200299177451404,-7.398104589940353
-69.70876254625355,0.14146823214068402,-0.6970876254625356,-7.593381845726195,-7.765871451019333
-69.70876254625355,0.14517854401769487,-0.6970876254625356,-7.996910951630042,-8.13127253987636
-69.70876254625355,0.1488888558947057,-0.6970876254625356,-8.410886495162949,-8.493877485832643
-69.70876254625355,0.15259916777171653,-0.6970876254625356,-8.835308476324911,-8.853640817592312
-69.70876254625355,0.15630947964872738,-0.6970876254625356,-9.270176895115936,-9.21093668643656
-69.70876254625355,0.16001979152573823,-0.6970876254625356,-9.71549175153602,-9.56658643474357
-69.70876254625355,0.16373010340274907,-0.6970876254625356,-10.17125304558516,-9.921879360671683
-69.70876254625355,0.1674404152797599,-0.6970876254625356,-10.637460777263357,-10.278586922847328
-69.70876254625355,0.17115072715677074,-0.6970876254625356,-11.114114946570615,-10.638970187405098
-69.70876254625355,0.17486103903378158,-0.6970876254625356,-11.601215553506934,-11.005779528211278
-69.70876254625355,0.17857135091079243,-0.6970876254625356,-12.098762598072309,-11.382244462761946
-69.70876254625355,0.18228166278780325,-0.6970876254625356,-12.606756080266742,-11.77205009222023
-69.70876254625355,0.1859919746648141,-0.6970876254625356,-13.125196000090233,-12.179295020967322
-69.70876254625355,0.18970228654182494,-0.6970876254625356,-13.654082357542785,-12.608424047818277
-69.70876254625355,0.1934125984188358,-0.6970876254625356,-14.193415152624397,-13.06412765197979
-69.70876254625355,0.1971229102958466,-0.6970876254625356,-14.74319438533506,-13.551199791054461
-69.70876254625355,0.20083322217285746,-0.6970876254625356,-15.303420055674787,-14.074346386414266
-69.70876254625355,0.2045435340498683,-0.6970876254625356,-15.874092163643573,-14.637939797671587
-69.70876254625355,0.20825384592687915,-0.6970876254625356,-16.45521070924142,-15.245720252700407
-69.70876254625355,0.21196415780388997,-0.6970876254625356,-17.046775692468316,-15.900453977335946
-69.70876254625355,0.21567446968090082,-0.6970876254625356,-17.64878711332428,-16.603569362897545
-69.70876254625355,0.21938478155791166,-0.6970876254625356,-18.2612449718093,-17.354805544569473
-69.70876254625355,0.2230950934349225,-0.6970876254625356,-18.884149267923377,-18.15191953615252
-69.70876254625355,0.22680540531193333,-0.6970876254625356,-19.517500001666512,-18.990504730512033
-69.70876254625355,0.23051571718894417,-0.6970876254625356,-20.161297173038708,-19.863971002175468
-69.70876254625355,0.23422602906595502,-0.6970876254625356,-20.815540782039964,-20.763721966011104
-69.70876254625355,0.23793634094296587,-0.6970876254625356,-21.480230828670276,-21.679538304448794
-69.70876254625355,0.2416466528199767,-0.6970876254625356,-22.155367312929645,-22.600141774222855
-69.70876254625355,0.24535696469698753,-0.6970876254625356,-22.840950234818074,-23.513880544507618
-69.70876254625355,0.24906727657399838,-0.6970876254625356,-23.536979594335566,-24.40945226962036
-69.70876254625355,0.2527775884510092,-0.6970876254625356,-24.243455391482115,-25.276574019691935
-69.70876254625355,0.25648790032802005,-0.6970876254625356,-24.960377626257714,-26.106520052081777
-69.70876254625355,0.2601982122050309,-0.6970876254625356,-25.687746298662386,-26.892475587306066
-69.70876254625355,0.26390852408204174,-0.6970876254625356,-26.425561408696105,-27.629689118482396
-69.70876254625355,0.26761883595905256,-0.6970876254625356,-27.173822956358876,-28.315438172952618
-69.70876254625355,0.27132914783606343,-0.6970876254625356,-27.932530941650725,-28.948846891548676
-69.70876254625355,0.27503945971307425,-0.6970876254625356,-28.701685364571624,-29.530605259731598
-69.70876254625355,0.27874977159008507,-0.6970876254625356,-29.481286225121572,-30.06264010499398
-69.70876254625355,0.28246008346709595,-0.6970876254625356,-30.271333523300598,-30.547780303608246
-69.70876254625355,0.28617039534410676,-0.6970876254625356,-31.071827259108666,-30.98944699702655
-69.70876254625355,0.28988070722111764,-0.6970876254625356,-31.882767432545805,-31.391387424679873
-69.70876254625355,0.29359101909812846,-0.6970876254625356,-32.70415404361199,-31.757460475728006
-69.70876254625355,0.2973013309751393,-0.6970876254625356,-33.53598709230724,-32.0914742725104
-69.70876254625355,0.30101164285215015,-0.6970876254625356,-34.37826657863155,-32.39707112914021
-69.70876254625355,0.30472195472916097,-0.6970876254625356,-35.23099250258492,-32.67765265260641
-68.32088569478452,0.011607316445304631,-0.6832088569478452,-0.050744868670894124,-0.03920992129073264
-68.32088569478452,0.015317628322315471,-0.6832088569478452,-0.08837135992276464,-0.09212302473389666
-68.32088569478452,0.01902794019932631,-0.6832088569478452,-0.136367864453173,-0.14998985824528566
-68.32088569478452,0.02273825207633715,-0.6832088569478452,-0.19473438226211925,-0.21328349493970977
-68.32088569478452,0.02644856395334799,-0.6832088569478452,-0.26347091334960343,-0.2825125139518643
-68.32088569478452,0.03015887583035883,-0.6832088569478452,-0.3425774577156254,-0.3582210967408552
-68.32088569478452,0.03386918770736967,-0.6832088569478452,-0.4320540153601854,-0.44098836444671585
-68.32088569478452,0.03757949958438051,-0.6832088569478452,-0.5319005862832831,-0.5314267610267489
-68.32088569478452,0.04128981146139135,-0.6832088569478452,-0.6421171704849188,-0.6301792646880973
-68.32088569478452,0.04500012333840219,-0.6832088569478452,-0.7627037679650923,-0.7379151924302589
-68.32088569478452,0.04871043521541303,-0.6832088569478452,-0.8936603787238037,-0.8553243526285073
-68.32088569478452,0.05242074709242387,-0.6832088569478452,-1.034987002761053,-0.9831093026702229
-68.32088569478452,0.05613105896943471,-0.6832088569478452,-1.1866836400768401,-1.1219754876287653
-68.32088569478452,0.05984137084644555,-0.6832088569478452,-1.348750290671165,-1.2726190773317843
-68.32088569478452,0.06355168272345639,-0.6832088569478452,-1.521186954544028,-1.4357123886452858
-68.32088569478452,0.06726199460046722,-0.6832088569478452,-1.7039936316954283,-1.6118868825743036
-68.32088569478452,0.07097230647747807,-0.6832088569478452,-1.897170322125367,-1.801713865686931
-68.32088569478452,0.0746826183544889,-0.6832088569478452,-2.1007170258338435,-2.00568320358618
-68.32088569478452,0.07839293023149975,-0.6832088569478452,-2.314633742820858,-2.2241805678229767
-68.32088569478452,0.08210324210851058,-0.6832088569478452,-2.53892047308641,-2.457463978414046
-68.32088569478452,0.08581355398552143,-0.6832088569478452,-2.7735772166305006,-2.7056406569825286
-68.32088569478452,0.08952386586253226,-0.6832088569478452,-3.018603973453128,-2.968645448256878
-68.32088569478452,0.09323417773954311,-0.6832088569478452,-3.274000743554294,-3.246222271395141
-68.32088569478452,0.09694448961655394,-0.6832088569478452,-3.5397675269339977,-3.5379101939451214
-68.32088569478452,0.10065480149356479,-0.6832088569478452,-3.8159043235922394,-3.843035746064725
-68.32088569478452,0.10436511337057562,-0.6832088569478452,-4.102411133529019,-4.1607129814508745
-68.32088569478452,0.10807542524758647,-0.6832088569478452,-4.399287956744336,-4.489852525899712
-68.32088569478452,0.1117857371245973,-0.6832088569478452,-4.706534793238191,-4.82918043356902
-68.32088569478452,0.11549604900160815,-0.6832088569478452,-5.024151643010585,-5.177267115853269
-68.32088569478452,0.11920636087861898,-0.6832088569478452,-5.352138506061515,-5.532565962671823
-68.32088569478452,0.12291667275562983,-0.6832088569478452,-5.690495382390985,-5.89346060548264
-68.32088569478452,0.12662698463264066,-0.6832088569478452,-6.039222271998991,-6.25831915235654
-68.32088569478452,0.1303372965096515,-0.6832088569478452,-6.398319174885535,-6.625553235434532
-68.32088569478452,0.13404760838666235,-0.6832088569478452,-6.767786091050619,-6.993679414581068
-68.32088569478452,0.13775792026367317,-0.6832088569478452,-7.147623020494238,-7.361380417323343
-68.32088569478452,0.14146823214068402,-0.6832088569478452,-7.537829963216397,-7.727563869922053
-68.32088569478452,0.14517854401769487,-0.6832088569478452,-7.938406919217092,-8.091416557396688
-68.32088569478452,0.1488888558947057,-0.6832088569478452,-8.349353888496328,-8.452452779423517
-68.32088569478452,0.15259916777171653,-0.6832088569478452,-8.770670871054097,-8.810555959659311
-68.32088569478452,0.15630947964872738,-0.6832088569478452,-9.202357866890408,-9.16601322342019
-68.32088569478452,0.16001979152573823,-0.6832088569478452,-9.644414876005257,-9.519543089977544
-68.32088569478452,0.16373010340274907,-0.6832088569478452,-10.096841898398642,-9.872316650110049
-68.32088569478452,0.1674404152797599,-0.6832088569478452,-10.559638934070563,-10.225972554148267
-68.32088569478452,0.17115072715677074,-0.6832088569478452,-11.032805983021024,-10.582625778749044
-68.32088569478452,0.17486103903378158,-0.6832088569478452,-11.516343045250025,-10.944869452548096
-68.32088569478452,0.17857135091079243,-0.6832088569478452,-12.010250120757561,-11.315768007034835
-68.32088569478452,0.18228166278780325,-0.6832088569478452,-12.514527209543637,-11.698838616727238
-68.32088569478452,0.1859919746648141,-0.6832088569478452,-13.029174311608248,-12.098016385532404
-68.32088569478452,0.18970228654182494,-0.6832088569478452,-13.5541914269514,-12.517597177176539
-68.32088569478452,0.1934125984188358,-0.6832088569478452,-14.089578555573091,-12.962150630102352
-68.32088569478452,0.1971229102958466,-0.6832088569478452,-14.635335697473314,-13.436395125714352
-68.32088569478452,0.20083322217285746,-0.6832088569478452,-15.191462852652077,-13.945026824767035
-68.32088569478452,0.2045435340498683,-0.6832088569478452,-15.75796002110938,-14.492497003594433
-68.32088569478452,0.20825384592687915,-0.6832088569478452,-16.334827202845222,-15.082736485160604
-68.32088569478452,0.21196415780388997,-0.6832088569478452,-16.922064397859597,-15.718833457853007
-68.32088569478452,0.21567446968090082,-0.6832088569478452,-17.519671606152514,-16.402681381972695
-68.32088569478452,0.21938478155791166,-0.6832088569478452,-18.12764882772397,-17.134626066761204
-68.32088569478452,0.2230950934349225,-0.6832088569478452,-18.74599606257396,-17.91315320308525
-68.32088569478452,0.22680540531193333,-0.6832088569478452,-19.374713310702486,-18.734666282289798
-68.32088569478452,0.23051571718894417,-0.6832088569478452,-20.013800572109552,-19.593405905993585
-68.32088569478452,0.23422602906595502,-0.6832088569478452,-20.66325784679516,-20.48155160773918
-68.32088569478452,0.23793634094296587,-0.6832088569478452,-21.323085134759303,-21.389525394522167
-68.32088569478452,0.2416466528199767,-0.6832088569478452,-21.99328243600198,-22.30648492496638
-68.32088569478452,0.24535696469698753,-0.6832088569478452,-22.673849750523203,-23.220960140819876
-68.32088569478452,0.24906727657399838,-0.6832088569478452,-23.36478707832296,-24.12155915036115
-68.32088569478452,0.2527775884510092,-0.6832088569478452,-24.066094419401256,-24.99765536829821
-68.32088569478452,0.25648790032802005,-0.6832088569478452,-24.777771773758083,-25.839972512447293
-68.32088569478452,0.2601982122050309,-0.6832088569478452,-25.499819141393463,-26.641005495673756
-68.32088569478452,0.26390852408204174,-0.6832088569478452,-26.232236522307364,-27.395246969621454
-68.32088569478452,0.26761883595905256,-0.6832088569478452,-26.975023916499804,-28.099222426387357
-68.32088569478452,0.27132914783606343,-0.6832088569478452,-27.728181323970798,-28.7513635127163
-68.32088569478452,0.27503945971307425,-0.6832088569478452,-28.491708744720317,-29.351765058980565
-68.32088569478452,0.27874977159008507,-0.6832088569478452,-29.26560617874837,-29.901875675386265
-68.32088569478452,0.28246008346709595,-0.6832088569478452,-30.049873626054975,-30.40416699042224
-68.32088569478452,0.28617039534410676,-0.6832088569478452,-30.844511086640104,-30.861816429309535
-68.32088569478452,0.28988070722111764,-0.6832088569478452,-31.649518560503786,-31.27842647971782
-68.32088569478452,0.29359101909812846,-0.6832088569478452,-32.46489604764599,-31.657792327755338
-68.32088569478452,0.2973013309751393,-0.6832088569478452,-33.29064354806674,-32.00372102227735
-68.32088569478452,0.30101164285215015,-0.6832088569478452,-34.12676106176603,-32.31989936965264
-68.32088569478452,0.30472195472916097,-0.6832088569478452,-34.97324858874385,-32.6098043366618
-66.93300884331549,0.011607316445304631,-0.6693300884331549,-0.05037089194335625,-0.04313839085454951
-66.93300884331549,0.015317628322315471,-0.6693300884331549,-0.08772008556030002,-0.0960989475075853
-66.93300884331549,0.01902794019932631,-0.6693300884331549,-0.13536286810526094,-0.15399237753168693
-66.93300884331549,0.02273825207633715,-0.6693300884331549,-0.19329923957823902,-0.21728678553018144
-66.93300884331549,0.02644856395334799,-0.6693300884331549,-0.2615291999792343,-0.2864850790943918
-66.93300884331549,0.03015887583035883,-0.6693300884331549,-0.3400527493082467,-0.3621250240366547
-66.93300884331549,0.03386918770736967,-0.6693300884331549,-0.4288698875652764,-0.4447785544662781
-66.93300884331549,0.03757949958438051,-0.6693300884331549,-0.5279806147503231,-0.535050148455265
-66.93300884331549,0.04128981146139135,-0.6693300884331549,-0.637384930863387,-0.6335740589410612
-66.93300884331549,0.04500012333840219,-0.6693300884331549,-0.7570828359044681,-0.7410101728438239
-66.93300884331549,0.04871043521541303,-0.6693300884331549,-0.8870743298735664,-0.858038262303094
-66.93300884331549,0.05242074709242387,-0.6693300884331549,-1.0273594127706818,-0.9853503944162769
-66.93300884331549,0.05613105896943471,-0.6693300884331549,-1.1779380845958143,-1.1236412845712866
-66.93300884331549,0.05984137084644555,-0.6693300884331549,-1.338810345348964,-1.2735964186278932
-66.93300884331549,0.06355168272345639,-0.6693300884331549,-1.509976195030131,-1.435877836194671
-66.93300884331549,0.06726199460046722,-0.6693300884331549,-1.6914356336393146,-1.6111075659887644
-66.93300884331549,0.07097230647747807,-0.6693300884331549,-1.8831886611765158,-1.7998488383279776
-66.93300884331549,0.0746826183544889,-0.6693300884331549,-2.085235277641734,-2.0025853702775995
-66.93300884331549,0.07839293023149975,-0.6693300884331549,-2.29757548303497,-2.21969922313573
-66.93300884331549,0.08210324210851058,-0.6693300884331549,-2.5202092773562224,-2.451447961909217
-66.93300884331549,0.08581355398552143,-0.6693300884331549,-2.7531366606054926,-2.697942088064128
-66.93300884331549,0.08952386586253226,-0.6693300884331549,-2.9963576327827792,-2.959123949218775
-66.93300884331549,0.09323417773954311,-0.6693300884331549,-3.2498721938880832,-3.234749525428064
-66.93300884331549,0.09694448961655394,-0.6693300884331549,-3.5136803439214046,-3.524374619790705
-66.93300884331549,0.10065480149356479,-0.6693300884331549,-3.7877820828827433,-3.827347008990651
-66.93300884331549,0.10436511337057562,-0.6693300884331549,-4.072177410772099,-4.142806008966701
-66.93300884331549,0.10807542524758647,-0.6693300884331549,-4.366866327589472,-4.469690664286841
-66.93300884331549,0.1117857371245973,-0.6693300884331549,-4.671848833334861,-4.806757375175815
-66.93300884331549,0.11549604900160815,-0.6693300884331549,-4.987124928008269,-5.1526072522071225
-66.93300884331549,0.11920636087861898,-0.6693300884331549,-5.312694611609693,-5.505722876086532
-66.93300884331549,0.12291667275562983,-0.6693300884331549,-5.648557884139135,-5.864513498698662
-66.93300884331549,0.12662698463264066,-0.6693300884331549,-5.9947147455965935,-6.227367123844871
-66.93300884331549,0.1303372965096515,-0.6693300884331549,-6.351165195982069,-6.5927074254962434
-66.93300884331549,0.13404760838666235,-0.6693300884331549,-6.717909235295562,-6.959053160438723
-66.93300884331549,0.13775792026367317,-0.6693300884331549,-7.094946863537071,-7.325077650598232
-66.93300884331549,0.14146823214068402,-0.6693300884331549,-7.4822780807066,-7.68966605679806
-66.93300884331549,0.14517854401769487,-0.6693300884331549,-7.879902886804143,-8.05196851515015
-66.93300884331549,0.1488888558947057,-0.6693300884331549,-8.287821281829705,-8.411447704150126
-66.93300884331549,0.15259916777171653,-0.6693300884331549,-8.706033265783283,-8.767919977101723
-66.93300884331549,0.15630947964872738,-0.6693300884331549,-9.134538838664879,-9.121589742098049
-66.93300884331549,0.16001979152573823,-0.6693300884331549,-9.573338000474493,-9.473077212412846
-66.93300884331549,0.16373010340274907,-0.6693300884331549,-10.022430751212124,-9.823439905881033
-66.93300884331549,0.1674404152797599,-0.6693300884331549,-10.481817090877769,-10.174188280989895
-66.93300884331549,0.17115072715677074,-0.6693300884331549,-10.951497019471434,-10.52729561736163
-66.93300884331549,0.17486103903378158,-0.6693300884331549,-11.431470536993118,-10.885201656562366
-66.93300884331549,0.17857135091079243,-0.6693300884331549,-11.921737643442816,-11.250808614848223
-66.93300884331549,0.18228166278780325,-0.6693300884331549,-12.42229833882053,-11.627466988477378
-66.93300884331549,0.1859919746648141,-0.6693300884331549,-12.933152623126263,-12.018947158886231
-66.93300884331549,0.18970228654182494,-0.6693300884331549,-13.454300496360016,-12.429391291947432
-66.93300884331549,0.1934125984188358,-0.6693300884331549,-13.985741958521785,-12.86323862132897
-66.93300884331549,0.1971229102958466,-0.6693300884331549,-14.527477009611566,-13.3251162360965
-66.93300884331549,0.20083322217285746,-0.6693300884331549,-15.079505649629366,-13.819687421413473
-66.93300884331549,0.2045435340498683,-0.6693300884331549,-15.641827878575187,-14.351451023724815
-66.93300884331549,0.20825384592687915,-0.6693300884331549,-16.214443696449024,-14.924488886046824
-66.93300884331549,0.21196415780388997,-0.6693300884331549,-16.797353103250874,-15.54216468309123
-66.93300884331549,0.21567446968090082,-0.6693300884331549,-17.39055609898075,-16.20678666242802
-66.93300884331549,0.21938478155791166,-0.6693300884331549,-17.994052683638635,-16.919258308962803
-66.93300884331549,0.2230950934349225,-0.6693300884331549,-18.60784285722454,-17.67875314900783
-66.93300884331549,0.22680540531193333,-0.6693300884331549,-19.23192661973846,-18.48245992968953
-66.93300884331549,0.23051571718894417,-0.6693300884331549,-19.8663039711804,-19.325448499758384
-66.93300884331549,0.23422602906595502,-0.6693300884331549,-20.510974911550356,-20.200701230765137
-66.93300884331549,0.23793634094296587,-0.6693300884331549,-21.165939440848334,-21.099337730280137
-66.93300884331549,0.2416466528199767,-0.6693300884331549,-21.83119755907432,-22.011033054200862
-66.93300884331549,0.24535696469698753,-0.6693300884331549,-22.50674926622833,-22.924596637832934
-66.93300884331549,0.24906727657399838,-0.6693300884331549,-23.192594562310354,-23.8286487478969
-66.93300884331549,0.2527775884510092,-0.6693300884331549,-23.8887334473204,-24.712311909414204
-66.93300884331549,0.25648790032802005,-0.6693300884331549,-24.595165921258452,-25.565832252647397
-66.93300884331549,0.2601982122050309,-0.6693300884331549,-25.31189198412454,-26.381060730977257
-66.93300884331549,0.26390852408204174,-0.6693300884331549,-26.038911635918627,-27.15175200492932
-66.93300884331549,0.26761883595905256,-0.6693300884331549,-26.77622487664073,-27.873671426273898
-66.93300884331549,0.27132914783606343,-0.6693300884331549,-27.523831706290867,-28.54452971394613
-66.93300884331549,0.27503945971307425,-0.6693300884331549,-28.28173212486901,-29.163784813757136
-66.93300884331549,0.27874977159008507,-0.6693300884331549,-29.049926132375166,-29.732359031480097
-66.93300884331549,0.28246008346709595,-0.6693300884331549,-29.828413728809355,-30.252318117389546
-66.93300884331549,0.28617039534410676,-0.6693300884331549,-30.617194914171545,-30.72655080746524
-66.93300884331549,0.28988070722111764,-0.6693300884331549,-31.416269688461767,-31.158476064489474
-66.93300884331549,0.29359101909812846,-0.6693300884331549,-32.225638051679994,-31.551793921528684
-66.93300884331549,0.2973013309751393,-0.6693300884331549,-33.045300003826235,-31.910286295897627
-66.93300884331549,0.30101164285215015,-0.6693300884331549,-33.87525554490051,-32.2376672087932
-66.93300884331549,0.30472195472916097,-0.6693300884331549,-34.71550467490279,-32.53747751620603
-65.54513199184645,0.011607316445304631,-0.6554513199184645,-0.04999691521581837,-0.0472446278880323
-65.54513199184645,0.015317628322315471,-0.6554513199184645,-0.08706881119783541,-0.10026336073321263
-65.54513199184645,0.01902794019932631,-0.6554513199184645,-0.13435787175734887,-0.15819468456062813
-65.54513199184645,0.02273825207633715,-0.6554513199184645,-0.19186409689435877,-0.221501759299231
-65.54513199184645,0.02644856395334799,-0.6554513199184645,-0.25958748660886516,-0.2906818449261559
-65.54513199184645,0.03015887583035883,-0.6554513199184645,-0.337528040900868,-0.3662663151617265
-65.54513199184645,0.03386918770736967,-0.6554513199184645,-0.4256857597703674,-0.4488199395227852
-65.54513199184645,0.03757949958438051,-0.6554513199184645,-0.524060643217363,-0.5389392503946362
-65.54513199184645,0.04128981146139135,-0.6554513199184645,-0.6326526912418553,-0.6372497917729318
-65.54513199184645,0.04500012333840219,-0.6554513199184645,-0.7514619038438439,-0.744402030670321
-65.54513199184645,0.04871043521541303,-0.6554513199184645,-0.880488281023329,-0.8610657039096767
-65.54513199184645,0.05242074709242387,-0.6554513199184645,-1.0197318227803105,-0.987922375902524
-65.54513199184645,0.05613105896943471,-0.6554513199184645,-1.1691925291147884,-1.1256560014848649
-65.54513199184645,0.05984137084644555,-0.6554513199184645,-1.3288704000267628,-1.274941326894881
-65.54513199184645,0.06355168272345639,-0.6554513199184645,-1.4987654355162339,-1.436430026601824
-65.54513199184645,0.06726199460046722,-0.6554513199184645,-1.6788776355832007,-1.6107345685566048
-65.54513199184645,0.07097230647747807,-0.6554513199184645,-1.8692070002276646,-1.7984099288745834
-65.54513199184645,0.0746826183544889,-0.6554513199184645,-2.069753529449625,-1.9999334399701505
-65.54513199184645,0.07839293023149975,-0.6554513199184645,-2.2805172232490816,-2.2156832511444082
-65.54513199184645,0.08210324210851058,-0.6554513199184645,-2.5014980816260346,-2.4459161001355274
-65.54513199184645,0.08581355398552143,-0.6554513199184645,-2.7326961045804845,-2.69074532485793
-65.54513199184645,0.08952386586253226,-0.6554513199184645,-2.97411129211243,-2.950120266810013
-65.54513199184645,0.09323417773954311,-0.6554513199184645,-3.2257436442218728,-3.223808405875122
-65.54513199184645,0.09694448961655394,-0.6554513199184645,-3.4875931609088116,-3.5113816908114406
-65.54513199184645,0.10065480149356479,-0.6554513199184645,-3.759659842173247,-3.8122085600939246
-65.54513199184645,0.10436511337057562,-0.6554513199184645,-4.041943688015179,-4.125453057193619
-65.54513199184645,0.10807542524758647,-0.6554513199184645,-4.3344446984346074,-4.45008221546782
-65.54513199184645,0.1117857371245973,-0.6554513199184645,-4.6371628734315316,-4.784882518078295
-65.54513199184645,0.11549604900160815,-0.6554513199184645,-4.950098213005953,-5.128485744349352
-65.54513199184645,0.11920636087861898,-0.6554513199184645,-5.27325071715787,-5.479403932944357
-65.54513199184645,0.12291667275562983,-0.6554513199184645,-5.606620385887285,-5.836072579798996
-65.54513199184645,0.12662698463264066,-0.6554513199184645,-5.950207219194195,-6.196900612549651
-65.54513199184645,0.1303372965096515,-0.6554513199184645,-6.304011217078602,-6.560325213066591
-65.54513199184645,0.13404760838666235,-0.6554513199184645,-6.668032379540506,-6.924869255998994
-65.54513199184645,0.13775792026367317,-0.6554513199184645,-7.042270706579904,-7.2891990337748
-65.54513199184645,0.14146823214068402,-0.6554513199184645,-7.426726198196802,-7.652180058534201
-65.54513199184645,0.14517854401769487,-0.6554513199184645,-7.821398854391194,-8.012929048660896
-65.54513199184645,0.1488888558947057,-0.6554513199184645,-8.226288675163085,-8.37086067244618
-65.54513199184645,0.15259916777171653,-0.6554513199184645,-8.641395660512467,-8.72572816277516
-65.54513199184645,0.15630947964872738,-0.6554513199184645,-9.06671981043935,-9.077657451912852
-65.54513199184645,0.16001979152573823,-0.6554513199184645,-9.50226112494373,-9.427174921219288
-65.54513199184645,0.16373010340274907,-0.6554513199184645,-9.948019604025605,-9.775229142144507
-65.54513199184645,0.1674404152797599,-0.6554513199184645,-10.403995247684975,-10.123207041871682
-65.54513199184645,0.17115072715677074,-0.6554513199184645,-10.870188055921842,-10.472944716580791
-65.54513199184645,0.17486103903378158,-0.6554513199184645,-11.346598028736208,-10.826732612718958
-65.54513199184645,0.17857135091079243,-0.6554513199184645,-11.83322516612807,-11.187313996082542
-65.54513199184645,0.18228166278780325,-0.6554513199184645,-12.330069468097426,-11.557874546699194
-65.54513199184645,0.1859919746648141,-0.6554513199184645,-12.837130934644279,-11.9420196028909
-65.54513199184645,0.18970228654182494,-0.6554513199184645,-13.35440956576863,-12.343734127348048
-65.54513199184645,0.1934125984188358,-0.6554513199184645,-13.88190536147048,-12.767319051435765
-65.54513199184645,0.1971229102958466,-0.6554513199184645,-14.41961832174982,-13.21729654371495
-65.54513199184645,0.20083322217285746,-0.6554513199184645,-14.967548446606658,-13.698276345330344
-65.54513199184645,0.2045435340498683,-0.6554513199184645,-15.525695736040994,-14.214776151816627
-65.54513199184645,0.20825384592687915,-0.6554513199184645,-16.09406019005283,-14.770991721613163
-65.54513199184645,0.21196415780388997,-0.6554513199184645,-16.672641808642155,-15.370517548353813
-65.54513199184645,0.21567446968090082,-0.6554513199184645,-17.26144059180898,-16.016026881128912
-65.54513199184645,0.21938478155791166,-0.6554513199184645,-17.860456539553304,-16.70893036514563
-65.54513199184645,0.2230950934349225,-0.6554513199184645,-18.46968965187512,-17.449044416634088
-65.54513199184645,0.22680540531193333,-0.6554513199184645,-19.089139928774433,-18.234311288883575
-65.54513199184645,0.23051571718894417,-0.6554513199184645,-19.718807370251245,-19.06061925329721
-65.54513199184645,0.23422602906595502,-0.6554513199184645,-20.358691976305554,-19.92176971852745
-65.54513199184645,0.23793634094296587,-0.6554513199184645,-21.00879374693736,-20.809625740297246
-65.54513199184645,0.2416466528199767,-0.6554513199184645,-21.669112682146658,-21.71445307115627
-65.54513199184645,0.24535696469698753,-0.6554513199184645,-22.339648781933455,-22.625434107516618
-65.54513199184645,0.24906727657399838,-0.6554513199184645,-23.02040204629775,-23.531303644363334
-65.54513199184645,0.2527775884510092,-0.6554513199184645,-23.711372475239543,-24.421031605627118
-65.54513199184645,0.25648790032802005,-0.6554513199184645,-24.412560068758822,-25.284468790641338
-65.54513199184645,0.2601982122050309,-0.6554513199184645,-25.123964826855616,-26.112879872250257
-65.54513199184645,0.26390852408204174,-0.6554513199184645,-25.845586749529886,-26.89931079302997
-65.54513199184645,0.26761883595905256,-0.6554513199184645,-26.577425836781657,-27.638768536010225
-65.54513199184645,0.27132914783606343,-0.6554513199184645,-27.319482088610936,-28.32822174626418
-65.54513199184645,0.27503945971307425,-0.6554513199184645,-28.071755505017705,-28.966454081378036
-65.54513199184645,0.27874977159008507,-0.6554513199184645,-28.83424608600196,-29.553815008284403
-65.54513199184645,0.28246008346709595,-0.6554513199184645,-29.606953831563732,-30.091915095465026
-65.54513199184645,0.28617039534410676,-0.6554513199184645,-30.389878741702983,-30.58330721105643
-65.54513199184645,0.28988070722111764,-0.6554513199184645,-31.183020816419745,-31.031184956001397
-65.54513199184645,0.29359101909812846,-0.6554513199184645,-31.98638005571399,-31.439118394322783
-65.54513199184645,0.2973013309751393,-0.6554513199184645,-32.79995645958574,-31.810836985112356
-65.54513199184645,0.30101164285215015,-0.6554513199184645,-33.62375002803499,-32.150061762982254
-65.54513199184645,0.30472195472916097,-0.6554513199184645,-34.45776076106172,-32.46038354520937
-64.15725514037742,0.011607316445304631,-0.6415725514037741,-0.049622938488280484,-0.05152891929170389
-64.15725514037742,0.015317628322315471,-0.6415725514037741,-0.08641753683537078,-0.10461630287591861
-64.15725514037742,0.01902794019932631,-0.6415725514037741,-0.13335287540943677,-0.1625965368998834
-64.15725514037742,0.02273825207633715,-0.6415725514037741,-0.1904289542104785,-0.22592785888159206
-64.15725514037742,0.02644856395334799,-0.6415725514037741,-0.257645773238496,-0.2951019039232663
-64.15725514037742,0.03015887583035883,-0.6415725514037741,-0.33500333249348924,-0.3706436765395962
-64.15725514037742,0.03386918770736967,-0.6415725514037741,-0.42250163197545826,-0.45311080410725957
-64.15725514037742,0.03757949958438051,-0.6415725514037741,-0.5201406716844029,-0.543091894404871
-64.15725514037742,0.04128981146139135,-0.6415725514037741,-0.6279204516203234,-0.6412038007707901
-64.15725514037742,0.04500012333840219,-0.6415725514037741,-0.7458409717832196,-0.7480875837424885
-64.15725514037742,0.04871043521541303,-0.6415725514037741,-0.8739022321730915,-0.8644029505538127
-64.15725514037742,0.05242074709242387,-0.6415725514037741,-1.0121042327899392,-0.9908209571419815
-64.15725514037742,0.05613105896943471,-0.6415725514037741,-1.1604469736337626,-1.128014775575593
-64.15725514037742,0.05984137084644555,-0.6415725514037741,-1.3189304547045617,-1.2766483677307563
-64.15725514037742,0.06355168272345639,-0.6415725514037741,-1.4875546760023366,-1.4373629683976876
-64.15725514037742,0.06726199460046722,-0.6415725514037741,-1.6663196375270868,-1.6107613721342413
-64.15725514037742,0.07097230647747807,-0.6415725514037741,-1.8552253392788132,-1.797390141212921
-64.15725514037742,0.0746826183544889,-0.6415725514037741,-2.054271781257515,-1.9977200078273891
-64.15725514037742,0.07839293023149975,-0.6415725514037741,-2.263458963463193,-2.2121249298478123
-64.15725514037742,0.08210324210851058,-0.6415725514037741,-2.4827868858958464,-2.4408604688055373
-64.15725514037742,0.08581355398552143,-0.6415725514037741,-2.712255548555476,-2.6840423789027916
-64.15725514037742,0.08952386586253226,-0.6415725514037741,-2.9518649514420807,-2.941626508187323
-64.15725514037742,0.09323417773954311,-0.6415725514037741,-3.2016150945556614,-3.2133912935883235
-64.15725514037742,0.09694448961655394,-0.6415725514037741,-3.461505977896218,-3.498924252362521
-64.15725514037742,0.10065480149356479,-0.6415725514037741,-3.7315376014637502,-3.797613904832839
-64.15725514037742,0.10436511337057562,-0.6415725514037741,-4.011709965258258,-4.108648481707425
-64.15725514037742,0.10807542524758647,-0.6415725514037741,-4.302023069279742,-4.431022556912881
-64.15725514037742,0.1117857371245973,-0.6415725514037741,-4.602476913528201,-4.763552400677002
-64.15725514037742,0.11549604900160815,-0.6415725514037741,-4.913071498003636,-5.104900382235601
-64.15725514037742,0.11920636087861898,-0.6415725514037741,-5.233806822706047,-5.453608201041005
-64.15725514037742,0.12291667275562983,-0.6415725514037741,-5.564682887635434,-5.808138141220972
-64.15725514037742,0.12662698463264066,-0.6415725514037741,-5.905699692791796,-6.166920989566459
-64.15725514037742,0.1303372965096515,-0.6415725514037741,-6.256857238175134,-6.528408798598786
-64.15725514037742,0.13404760838666235,-0.6415725514037741,-6.618155523785449,-6.891130371366607
-64.15725514037742,0.13775792026367317,-0.6415725514037741,-6.989594549622737,-7.253747233194559
-64.15725514037742,0.14146823214068402,-0.6415725514037741,-7.371174315687003,-7.615107951082006
-64.15725514037742,0.14517854401769487,-0.6415725514037741,-7.762894821978244,-7.974298947738948
-64.15725514037742,0.1488888558947057,-0.6415725514037741,-8.16475606849646,-8.330690390563246
-64.15725514037742,0.15259916777171653,-0.6415725514037741,-8.576758055241651,-8.683976251204573
-64.15725514037742,0.15630947964872738,-0.6415725514037741,-8.998900782213822,-9.034208151884451
-64.15725514037742,0.16001979152573823,-0.6415725514037741,-9.431184249412965,-9.381823061789463
-64.15725514037742,0.16373010340274907,-0.6415725514037741,-9.873608456839087,-9.727665209060659
-64.15725514037742,0.1674404152797599,-0.6415725514037741,-10.32617340449218,-10.073002672531963
-64.15725514037742,0.17115072715677074,-0.6415725514037741,-10.78887909237225,-10.419538969582023
-64.15725514037742,0.17486103903378158,-0.6415725514037741,-11.261725520479299,-10.769419535873274
-64.15725514037742,0.17857135091079243,-0.6415725514037741,-11.74471268881332,-11.125232289710898
-64.15725514037742,0.18228166278780325,-0.6415725514037741,-12.23784059737432,-11.49000049769021
-64.15725514037742,0.1859919746648141,-0.6415725514037741,-12.741109246162292,-11.867164944696967
-64.15725514037742,0.18970228654182494,-0.6415725514037741,-13.254518635177243,-12.260551035509156
-64.15725514037742,0.1934125984188358,-0.6415725514037741,-13.77806876441917,-12.674315053887774
-64.15725514037742,0.1971229102958466,-0.6415725514037741,-14.31175963388807,-13.112862603607566
-64.15725514037742,0.20083322217285746,-0.6415725514037741,-14.855591243583945,-13.580731595756113
-64.15725514037742,0.2045435340498683,-0.6415725514037741,-15.4095635935068,-14.08243249857102
-64.15725514037742,0.20825384592687915,-0.6415725514037741,-15.97367668365663,-14.622240507979441
-64.15725514037742,0.21196415780388997,-0.6415725514037741,-16.547930514033432,-15.203938426697674
-64.15725514037742,0.21567446968090082,-0.6415725514037741,-17.132325084637213,-15.830515794669447
-64.15725514037742,0.21938478155791166,-0.6415725514037741,-17.72686039546797,-16.50383918903892
-64.15725514037742,0.2230950934349225,-0.6415725514037741,-18.3315364465257,-17.22431981918651
-64.15725514037742,0.22680540531193333,-0.6415725514037741,-18.946353237810403,-17.990615727697378
-64.15725514037742,0.23051571718894417,-0.6415725514037741,-19.57131076932209,-18.799414132588485
-64.15725514037742,0.23422602906595502,-0.6415725514037741,-20.20640904106075,-19.64534115133415
-64.15725514037742,0.23793634094296587,-0.6415725514037741,-20.851648053026384,-20.521038211275012
-64.15725514037742,0.2416466528199767,-0.6415725514037741,-21.50702780521899,-21.417425645041913
-64.15725514037742,0.24535696469698753,-0.6415725514037741,-22.172548297638578,-22.324146245553862
-64.15725514037742,0.24906727657399838,-0.6415725514037741,-22.84820953028514,-23.230150376083404
-64.15725514037742,0.2527775884510092,-0.6415725514037741,-23.53401150315868,-24.124357380774438
-64.15725514037742,0.25648790032802005,-0.6415725514037741,-24.229954216259188,-24.996313071690757
-64.15725514037742,0.2601982122050309,-0.6415725514037741,-24.936037669586685,-25.836764409231904
-64.15725514037742,0.26390852408204174,-0.6415725514037741,-25.652261863141145,-26.638089644527597
-64.15725514037742,0.26761883595905256,-0.6415725514037741,-26.37862679692258,-27.394549964490526
-64.15725514037742,0.27132914783606343,-0.6415725514037741,-27.115132470931,-28.1023593293446
-64.15725514037742,0.27503945971307425,-0.6415725514037741,-27.861778885166395,-28.759595327844938
-64.15725514037742,0.27874977159008507,-0.6415725514037741,-28.618566039628753,-29.36599074341293
-64.15725514037742,0.28246008346709595,-0.6415725514037741,-29.385493934318106,-29.922651843369383
-64.15725514037742,0.28617039534410676,-0.6415725514037741,-30.162562569234417,-30.43174678778875
-64.15725514037742,0.28988070722111764,-0.6415725514037741,-30.949771944377723,-30.89619917372497
-64.15725514037742,0.29359101909812846,-0.6415725514037741,-31.747122059747987,-31.319410949205377
-64.15725514037742,0.2973013309751393,-0.6415725514037741,-32.55461291534523,-31.70502840231023
-64.15725514037742,0.30101164285215015,-0.6415725514037741,-33.37224451116946,-32.05675625065806
-64.15725514037742,0.30472195472916097,-0.6415725514037741,-34.20001684722065,-32.37821864623237
-62.769378288908385,0.011607316445304631,-0.6276937828890838,-0.049248961760742616,-0.05599163727790657
-62.769378288908385,0.015317628322315471,-0.6276937828890838,-0.08576626247290617,-0.10915789900311612
-62.769378288908385,0.01902794019932631,-0.6276937828890838,-0.13234787906152473,-0.1671977801615605
-62.769378288908385,0.02273825207633715,-0.6276937828890838,-0.1889938115265983,-0.23056461657766691
-62.769378288908385,0.02644856395334799,-0.6276937828890838,-0.25570405986812694,-0.2997444400478835
-62.769378288908385,0.03015887583035883,-0.6276937828890838,-0.33247862408611056,-0.3752559081058484
-62.769378288908385,0.03386918770736967,-0.6276937828890838,-0.41931750418054936,-0.45764952844133067
-62.769378288908385,0.03757949958438051,-0.6276937828890838,-0.5162207001514431,-0.547506006146965
-62.769378288908385,0.04128981146139135,-0.6276937828890838,-0.6231882119987917,-0.6454335240675908
-62.769378288908385,0.04500012333840219,-0.6276937828890838,-0.7402200397225955,-0.7520637528342617
-62.769378288908385,0.04871043521541303,-0.6276937828890838,-0.8673161833228543,-0.8680463804465197
-62.769378288908385,0.05242074709242387,-0.6276937828890838,-1.0044766427995682,-0.9940419549375803
-62.769378288908385,0.05613105896943471,-0.6276937828890838,-1.151701418152737,-1.1307128517193554
-62.769378288908385,0.05984137084644555,-0.6276937828890838,-1.3089905093823608,-1.2787122140725633
-62.769378288908385,0.06355168272345639,-0.6276937828890838,-1.4763439164884398,-1.4386707754237977
-62.769378288908385,0.06726199460046722,-0.6276937828890838,-1.653761639470973,-1.6111815596023282
-62.769378288908385,0.07097230647747807,-0.6276937828890838,-1.8412436783299624,-1.7967825730948261
-62.769378288908385,0.0746826183544889,-0.6276937828890838,-2.038790033065406,-1.9959377522112844
-62.769378288908385,0.07839293023149975,-0.6276937828890838,-2.2464007036773053,-2.209016605656823
-62.769378288908385,0.08210324210851058,-0.6276937828890838,-2.464075690165659,-2.436273192618945
-62.769378288908385,0.08581355398552143,-0.6276937828890838,-2.6918149925304684,-2.6778252863135608
-62.769378288908385,0.08952386586253226,-0.6276937828890838,-2.9296186107717324,-2.9336347756045607
-62.769378288908385,0.09323417773954311,-0.6276937828890838,-3.1774865448894514,-3.2034905302547116
-62.769378288908385,0.09694448961655394,-0.6276937828890838,-3.4354187948836254,-3.4869950723354455
-62.769378288908385,0.10065480149356479,-0.6276937828890838,-3.7034153607542546,-3.7835564301537215
-62.769378288908385,0.10436511337057562,-0.6276937828890838,-3.9814762425013384,-4.092386477646181
-62.769378288908385,0.10807542524758647,-0.6276937828890838,-4.2696014401248785,-4.412506865304005
-62.769378288908385,0.1117857371245973,-0.6276937828890838,-4.567790953624872,-4.742763324775906
-62.769378288908385,0.11549604900160815,-0.6276937828890838,-4.876044783001321,-5.0818486913058525
-62.769378288908385,0.11920636087861898,-0.6276937828890838,-5.194362928254225,-5.428334467154043
-62.769378288908385,0.12291667275562983,-0.6276937828890838,-5.522745389383585,-5.780710192754752
-62.769378288908385,0.12662698463264066,-0.6276937828890838,-5.861192166389399,-6.13742935969376
-62.769378288908385,0.1303372965096515,-0.6276937828890838,-6.209703259271668,-6.496960153054082
-62.769378288908385,0.13404760838666235,-0.6276937828890838,-6.568278668030393,-6.857839006009382
-62.769378288908385,0.13775792026367317,-0.6276937828890838,-6.9369183926655715,-7.218724825979054
-62.769378288908385,0.14146823214068402,-0.6276937828890838,-7.315622433177206,-7.578451824431395
-62.769378288908385,0.14517854401769487,-0.6276937828890838,-7.704390789565296,-7.936079139262571
-62.769378288908385,0.1488888558947057,-0.6276937828890838,-8.10322346182984,-8.290935841072546
-62.769378288908385,0.15259916777171653,-0.6276937828890838,-8.512120449970839,-8.642660403459299
-62.769378288908385,0.15630947964872738,-0.6276937828890838,-8.931081753988293,-8.991234221425314
-62.769378288908385,0.16001979152573823,-0.6276937828890838,-9.360107373882204,-9.337009207222952
-62.769378288908385,0.16373010340274907,-0.6276937828890838,-9.79919730965257,-9.68072981118475
-62.769378288908385,0.1674404152797599,-0.6276937828890838,-10.248351561299385,-10.023549949476429
-62.769378288908385,0.17115072715677074,-0.6276937828890838,-10.707570128822661,-10.367045228818649
-62.769378288908385,0.17486103903378158,-0.6276937828890838,-11.176853012222393,-10.713220512576628
-62.769378288908385,0.17857135091079243,-0.6276937828890838,-11.656200211498577,-11.064512260628694
-62.769378288908385,0.18228166278780325,-0.6276937828890838,-12.145611726651216,-11.423784200714566
-62.769378288908385,0.1859919746648141,-0.6276937828890838,-12.64508755768031,-11.79431377652892
-62.769378288908385,0.18970228654182494,-0.6276937828890838,-13.154627704585861,-12.17976552519506
-62.769378288908385,0.1934125984188358,-0.6276937828890838,-13.674232167367867,-12.584146172416004
-62.769378288908385,0.1971229102958466,-0.6276937828890838,-14.203900946026325,-13.011734981971603
-62.769378288908385,0.20083322217285746,-0.6276937828890838,-14.743634040561238,-13.466982044808693
-62.769378288908385,0.2045435340498683,-0.6276937828890838,-15.293431450972609,-13.954367151498115
-62.769378288908385,0.20825384592687915,-0.6276937828890838,-15.853293177260436,-14.478213185465226
-62.769378288908385,0.21196415780388997,-0.6276937828890838,-16.423219219424713,-15.042451185046804
-62.769378288908385,0.21567446968090082,-0.6276937828890838,-17.003209577465448,-15.650339849742078
-62.769378288908385,0.21938478155791166,-0.6276937828890838,-17.59326425138264,-16.304150490993937
-62.769378288908385,0.2230950934349225,-0.6276937828890838,-18.193383241176285,-17.004838798180984
-62.769378288908385,0.22680540531193333,-0.6276937828890838,-18.80356654684638,-17.75173591297477
-62.769378288908385,0.23051571718894417,-0.6276937828890838,-19.423814168392937,-18.54230071085465
-62.769378288908385,0.23422602906595502,-0.6276937828890838,-20.05412610581595,-19.37197958651254
-62.769378288908385,0.23793634094296587,-0.6276937828890838,-20.694502359115415,-20.234216120013695
-62.769378288908385,0.2416466528199767,-0.6276937828890838,-21.34494292829133,-21.120638726264005
-62.769378288908385,0.24535696469698753,-0.6276937828890838,-22.005447813343707,-22.021430373104053
-62.769378288908385,0.24906727657399838,-0.6276937828890838,-22.67601701427254,-22.925854703572156
-62.769378288908385,0.2527775884510092,-0.6276937828890838,-23.35665053107783,-23.82288427468595
-62.769378288908385,0.25648790032802005,-0.6276937828890838,-24.04734836375956,-24.701856828287003
-62.769378288908385,0.2601982122050309,-0.6276937828890838,-24.748110512317766,-25.553080285993165
-62.769378288908385,0.26390852408204174,-0.6276937828890838,-25.45893697675241,-26.368318014642703
-62.769378288908385,0.26761883595905256,-0.6276937828890838,-26.17982775706351,-27.1411095000325
-62.769378288908385,0.27132914783606343,-0.6276937828890838,-26.910782853251078,-27.86691110963112
-62.769378288908385,0.27503945971307425,-0.6276937828890838,-27.65180226531509,-28.543069534971202
-62.769378288908385,0.27874977159008507,-0.6276937828890838,-28.402885993255556,-29.168660966495356
-62.769378288908385,0.28246008346709595,-0.6276937828890838,-29.16403403707249,-29.744239436676708
-62.769378288908385,0.28617039534410676,-0.6276937828890838,-29.935246396765862,-30.271538584616785
-62.769378288908385,0.28988070722111764,-0.6276937828890838,-30.716523072335708,-30.753164938045394
-62.769378288908385,0.29359101909812846,-0.6276937828890838,-31.50786406378199,-31.19231097672797
-62.769378288908385,0.2973013309751393,-0.6276937828890838,-32.30926937110473,-31.59250565860172
-62.769378288908385,0.30101164285215015,-0.6276937828890838,-33.12073899430394,-31.957410748579985
-62.769378288908385,0.30472195472916097,-0.6276937828890838,-33.94227293337959,-32.29066417413706
-61.38150143743935,0.011607316445304631,-0.6138150143743935,-0.04887498503320473,-0.060633237286252584
-61.38150143743935,0.015317628322315471,-0.6138150143743935,-0.08511498811044153,-0.11388835847630929
-61.38150143743935,0.01902794019932631,-0.6138150143743935,-0.13134288271361264,-0.17199834548528914
-61.38150143743935,0.02273825207633715,-0.6138150143743935,-0.18755866884271802,-0.23541165164974753
-61.38150143743935,0.02644856395334799,-0.6138150143743935,-0.2537623464977578,-0.30460872588677335
-61.38150143743935,0.03015887583035883,-0.6138150143743935,-0.32995391567873184,-0.38010190032702873
-61.38150143743935,0.03386918770736967,-0.6138150143743935,-0.41613337638564024,-0.46243458542435034
-61.38150143743935,0.03757949958438051,-0.6138150143743935,-0.5123007286184829,-0.5521796063170212
-61.38150143743935,0.04128981146139135,-0.6138150143743935,-0.6184559723772599,-0.6499364973341488
-61.38150143743935,0.04500012333840219,-0.6138150143743935,-0.7345991076619712,-0.7563275587945841
-61.38150143743935,0.04871043521541303,-0.6138150143743935,-0.8607301344726168,-0.8719924742781644
-61.38150143743935,0.05242074709242387,-0.6138150143743935,-0.9968490528091968,-0.9975812906090766
-61.38150143743935,0.05613105896943471,-0.6138150143743935,-1.142955862671711,-1.1337455806696313
-61.38150143743935,0.05984137084644555,-0.6138150143743935,-1.2990505640601595,-1.2811276450274454
-61.38150143743935,0.06355168272345639,-0.6138150143743935,-1.4651331569745425,-1.4403476664415233
-61.38150143743935,0.06726199460046722,-0.6138150143743935,-1.6412036414148592,-1.6119888154176958
-61.38150143743935,0.07097230647747807,-0.6138150143743935,-1.8272620173811107,-1.796580417800976
-61.38150143743935,0.0746826183544889,-0.6138150143743935,-2.0233082848732966,-1.994579437621283
-61.38150143743935,0.07839293023149975,-0.6138150143743935,-2.2293424438914164,-2.206350697759138
-61.38150143743935,0.08210324210851058,-0.6138150143743935,-2.445364494435471,-2.4321464511734496
-61.38150143743935,0.08581355398552143,-0.6138150143743935,-2.67137443650546,-2.6720861153117594
-61.38150143743935,0.08952386586253226,-0.6138150143743935,-2.9073722701013827,-2.926137175569507
-61.38150143743935,0.09323417773954311,-0.6138150143743935,-3.15335799522324,-3.1940984290967025
-61.38150143743935,0.09694448961655394,-0.6138150143743935,-3.4093316118710315,-3.47558685320957
-61.38150143743935,0.10065480149356479,-0.6138150143743935,-3.6752931200447576,-3.7700294175744067
-61.38150143743935,0.10436511337057562,-0.6138150143743935,-3.951242519744418,-4.076661093369982
-61.38150143743935,0.10807542524758647,-0.6138150143743935,-4.237179810970013,-4.39453013018027
-61.38150143743935,0.1117857371245973,-0.6138150143743935,-4.533104993721541,-4.72251136850441
-61.38150143743935,0.11549604900160815,-0.6138150143743935,-4.839018067999005,-5.059327943889195
-61.38150143743935,0.11920636087861898,-0.6138150143743935,-5.154919033802402,-5.403581246102972
-61.38150143743935,0.12291667275562983,-0.6138150143743935,-5.480807891131734,-5.753788467464043
-61.38150143743935,0.12662698463264066,-0.6138150143743935,-5.816684639987,-6.10842656353209
-61.38150143743935,0.1303372965096515,-0.6138150143743935,-6.1625492803682,-6.465981015693794
-61.38150143743935,0.13404760838666235,-0.6138150143743935,-6.518401812275336,-6.824997482039519
-61.38150143743935,0.13775792026367317,-0.6138150143743935,-6.884242235708403,-7.1841342889599975
-61.38150143743935,0.14146823214068402,-0.6138150143743935,-7.2600705506674075,-7.542213767787576
-61.38150143743935,0.14517854401769487,-0.6138150143743935,-7.645886757152345,-7.898270669713046
-61.38150143743935,0.1488888558947057,-0.6138150143743935,-8.041690855163218,-8.25159626446574
-61.38150143743935,0.15259916777171653,-0.6138150143743935,-8.447482844700023,-8.601777190235008
-61.38150143743935,0.15630947964872738,-0.6138150143743935,-8.863262725762764,-8.94872860818451
-61.38150143743935,0.16001979152573823,-0.6138150143743935,-9.289030498351439,-9.29272165531437
-61.38150143743935,0.16373010340274907,-0.6138150143743935,-9.72478616246605,-9.63440551941809
-61.38150143743935,0.1674404152797599,-0.6138150143743935,-10.17052971810659,-9.974824624605635
-61.38150143743935,0.17115072715677074,-0.6138150143743935,-10.626261165273068,-10.315431373510252
-61.38150143743935,0.17486103903378158,-0.6138150143743935,-11.091980503965482,-10.65809461473739
-61.38150143743935,0.17857135091079243,-0.6138150143743935,-11.567687734183828,-11.00510347655493
-61.38150143743935,0.18228166278780325,-0.6138150143743935,-12.053382855928108,-11.35916542934693
-61.38150143743935,0.1859919746648141,-0.6138150143743935,-12.549065869198323,-11.723396426557349
-61.38150143743935,0.18970228654182494,-0.6138150143743935,-13.054736773994474,-12.101299769694565
-61.38150143743935,0.1934125984188358,-0.6138150143743935,-13.57039557031656,-12.496729032296662
-61.38150143743935,0.1971229102958466,-0.6138150143743935,-14.096042258164575,-12.913829109530672
-61.38150143743935,0.20083322217285746,-0.6138150143743935,-14.631676837538526,-13.356948473519001
-61.38150143743935,0.2045435340498683,-0.6138150143743935,-15.177299308438414,-13.830515361450203
-61.38150143743935,0.20825384592687915,-0.6138150143743935,-15.732909670864236,-14.338871373051727
-61.38150143743935,0.21196415780388997,-0.6138150143743935,-16.29850792481599,-14.886058356436383
-61.38150143743935,0.21567446968090082,-0.6138150143743935,-16.87409407029368,-15.475559045345518
-61.38150143743935,0.21938478155791166,-0.6138150143743935,-17.459668107297304,-16.109998990906647
-61.38150143743935,0.2230950934349225,-0.6138150143743935,-18.055230035826863,-16.790826728506815
-61.38150143743935,0.22680540531193333,-0.6138150143743935,-18.660779855882353,-17.517999853023962
-61.38150143743935,0.23051571718894417,-0.6138150143743935,-19.27631756746378,-18.289714745974223
-61.38150143743935,0.23422602906595502,-0.6138150143743935,-19.90184317057114,-19.102224175041837
-61.38150143743935,0.23793634094296587,-0.6138150143743935,-20.537356665204438,-19.949786567809717
-61.38150143743935,0.2416466528199767,-0.6138150143743935,-21.182858051363667,-20.824780858525365
-61.38150143743935,0.24535696469698753,-0.6138150143743935,-21.83834732904883,-21.71800089540641
-61.38150143743935,0.24906727657399838,-0.6138150143743935,-22.50382449825993,-22.61911605145515
-61.38150143743935,0.2527775884510092,-0.6138150143743935,-23.179289558996967,-23.517255591022426
-61.38150143743935,0.25648790032802005,-0.6138150143743935,-23.864742511259927,-24.401650902886317
-61.38150143743935,0.2601982122050309,-0.6138150143743935,-24.56018335504884,-25.262258523406707
-61.38150143743935,0.26390852408204174,-0.6138150143743935,-25.265612090363668,-26.09029121355898
-61.38150143743935,0.26761883595905256,-0.6138150143743935,-25.98102871720443,-26.878602840632908
-61.38150143743935,0.27132914783606343,-0.6138150143743935,-26.706433235571144,-27.621900007597727
-61.38150143743935,0.27503945971307425,-0.6138150143743935,-27.44182564546378,-28.316781949420008
-61.38150143743935,0.27874977159008507,-0.6138150143743935,-28.187205946882347,-28.96163361723408
-61.38150143743935,0.28246008346709595,-0.6138150143743935,-28.942574139826863,-29.55641119857505
-61.38150143743935,0.28617039534410676,-0.6138150143743935,-29.707930224297296,-30.102363866143303
-61.38150143743935,0.28988070722111764,-0.6138150143743935,-30.483274200293682,-30.60173210853462
-61.38150143743935,0.29359101909812846,-0.6138150143743935,-31.268606067815988,-31.05745461283289
-61.38150143743935,0.2973013309751393,-0.6138150143743935,-32.06392582686423,-31.472905414184407
-61.38150143743935,0.30101164285215015,-0.6138150143743935,-32.869233477438414,-31.85167324886458
-61.38150143743935,0.30472195472916097,-0.6138150143743935,-33.68452901953852,-32.1973871102883
-59.993624585970316,0.011607316445304631,-0.5999362458597032,-0.04850100830566686,-0.06545425595673571
-59.993624585970316,0.015317628322315471,-0.5999362458597032,-0.08446371374797691,-0.11880797270554977
-59.993624585970316,0.01902794019932631,-0.5999362458597032,-0.13033788636570057,-0.17699824708876744
-59.993624585970316,0.02273825207633715,-0.5999362458597032,-0.1861235261588378,-0.2404686676897696
-59.993624585970316,0.02644856395334799,-0.5999362458597032,-0.25182063312738867,-0.3096941198646035
-59.993624585970316,0.03015887583035883,-0.5999362458597032,-0.3274292072713531,-0.3851806312959898
-59.993624585970316,0.03386918770736967,-0.5999362458597032,-0.41294924859073123,-0.46746453765635954
-59.993624585970316,0.03757949958438051,-0.5999362458597032,-0.5083807570855229,-0.5571108076526974
-59.993624585970316,0.04128981146139135,-0.5999362458597032,-0.6137237327557281,-0.6547103508361722
-59.993624585970316,0.04500012333840219,-0.5999362458597032,-0.728978175601347,-0.7608761197344824
-59.993624585970316,0.04871043521541303,-0.5999362458597032,-0.8541440856223795,-0.8762378126281996
-59.993624585970316,0.05242074709242387,-0.5999362458597032,-0.9892214628188255,-1.0014349877320008
-59.993624585970316,0.05613105896943471,-0.5999362458597032,-1.1342103071906853,-1.137108417246547
-59.993624585970316,0.05984137084644555,-0.5999362458597032,-1.2891106187379584,-1.2838895446465095
-59.993624585970316,0.06355168272345639,-0.5999362458597032,-1.4539223974606452,-1.4423879646382014
-59.993624585970316,0.06726199460046722,-0.5999362458597032,-1.6286456433587453,-1.6131769260089337
-59.993624585970316,0.07097230647747807,-0.5999362458597032,-1.8132803564322595,-1.7967769655881751
-59.993624585970316,0.0746826183544889,-0.5999362458597032,-2.007826536681187,-1.993637917353912
-59.993624585970316,0.07839293023149975,-0.5999362458597032,-2.2122841841055285,-2.2041197021396663
-59.993624585970316,0.08210324210851058,-0.5999362458597032,-2.426653298705283,-2.4284724844694376
-59.993624585970316,0.08581355398552143,-0.5999362458597032,-2.650933880480452,-2.666816973295862
-59.993624585970316,0.08952386586253226,-0.5999362458597032,-2.885125929431034,-2.9191258274998737
-59.993624585970316,0.09323417773954311,-0.5999362458597032,-3.129229445557029,-3.185207285051527
-59.993624585970316,0.09694448961655394,-0.5999362458597032,-3.3832444288584385,-3.464692243589212
-59.993624585970316,0.10065480149356479,-0.5999362458597032,-3.6471708793352615,-3.7570260557917905
-59.993624585970316,0.10436511337057562,-0.5999362458597032,-3.921008796987498,-4.061466243718691
-59.993624585970316,0.10807542524758647,-0.5999362458597032,-4.204758181815148,-4.377087167291558
-59.993624585970316,0.1117857371245973,-0.5999362458597032,-4.4984190338182115,-4.702792399090898
-59.993624585970316,0.11549604900160815,-0.5999362458597032,-4.801991352996689,-5.037335170628129
-59.993624585970316,0.11920636087861898,-0.5999362458597032,-5.115475139350579,-5.379346790007965
-59.993624585970316,0.12291667275562983,-0.5999362458597032,-5.438870392879884,-5.727372427978192
-59.993624585970316,0.12662698463264066,-0.5999362458597032,-5.772177113584602,-6.079913180097716
-59.993624585970316,0.1303372965096515,-0.5999362458597032,-6.1153953014647335,-6.435472892474333
-59.993624585970316,0.13404760838666235,-0.5999362458597032,-6.468524956520279,-6.7926079381047995
-59.993624585970316,0.13775792026367317,-0.5999362458597032,-6.831566078751237,-7.149977988116422
-59.993624585970316,0.14146823214068402,-0.5999362458597032,-7.20451866815761,-7.506395855015546
-59.993624585970316,0.14517854401769487,-0.5999362458597032,-7.5873827247393955,-7.8608746875727515
-59.993624585970316,0.1488888558947057,-0.5999362458597032,-7.980158248496596,-8.212671140018744
-59.993624585970316,0.15259916777171653,-0.5999362458597032,-8.382845239429209,-8.561323573366025
-59.993624585970316,0.15630947964872738,-0.5999362458597032,-8.795443697537236,-8.906684813210543
-59.993624585970316,0.16001979152573823,-0.5999362458597032,-9.217953622820676,-9.248949421408135
-59.993624585970316,0.16373010340274907,-0.5999362458597032,-9.650375015279531,-9.588675776955673
-59.993624585970316,0.1674404152797599,-0.5999362458597032,-10.092707874913796,-9.926803451456303
-59.993624585970316,0.17115072715677074,-0.5999362458597032,-10.544952201723477,-10.26466636575099
-59.993624585970316,0.17486103903378158,-0.5999362458597032,-11.007107995708575,-10.604001998220022
-59.993624585970316,0.17857135091079243,-0.5999362458597032,-11.479175256869082,-10.94695646549689
-59.993624585970316,0.18228166278780325,-0.5999362458597032,-11.961153985205003,-11.296084608472471
-59.993624585970316,0.1859919746648141,-0.5999362458597032,-12.453044180716338,-11.654343300453332
-59.993624585970316,0.18970228654182494,-0.5999362458597032,-12.954845843403088,-12.0250750813321
-59.993624585970316,0.1934125984188358,-0.5999362458597032,-13.466558973265254,-12.411977976846126
-59.993624585970316,0.1971229102958466,-0.5999362458597032,-13.988183570302827,-12.819056104145826
-59.993624585970316,0.20083322217285746,-0.5999362458597032,-14.519719634515816,-13.250544590524814
-59.993624585970316,0.2045435340498683,-0.5999362458597032,-15.061167165904221,-13.710801739586595
-59.993624585970316,0.20825384592687915,-0.5999362458597032,-15.61252616446804,-14.20416168060043
-59.993624585970316,0.21196415780388997,-0.5999362458597032,-16.173796630207267,-14.734742440633479
-59.993624585970316,0.21567446968090082,-0.5999362458597032,-16.744978563121915,-15.306208016861524
-59.993624585970316,0.21938478155791166,-0.5999362458597032,-17.326071963211973,-15.921489001461024
-59.993624585970316,0.2230950934349225,-0.5999362458597032,-17.917076830477445,-16.58247465909323
-59.993624585970316,0.22680540531193333,-0.5999362458597032,-18.517993164918327,-17.289699449156732
-59.993624585970316,0.23051571718894417,-0.5999362458597032,-19.128820966534626,-18.04205727416948
-59.993624585970316,0.23422602906595502,-0.5999362458597032,-19.74956023532634,-18.83658470460278
-59.993624585970316,0.23793634094296587,-0.5999362458597032,-20.380210971293465,-19.66835694070122
-59.993624585970316,0.2416466528199767,-0.5999362458597032,-21.020773174436002,-20.53053442021384
-59.993624585970316,0.24535696469698753,-0.5999362458597032,-21.671246844753956,-21.414582343234606
-59.993624585970316,0.24906727657399838,-0.5999362458597032,-22.331631982247327,-22.310661203171275
-59.993624585970316,0.2527775884510092,-0.5999362458597032,-23.001928586916108,-23.208158060948676
-59.993624585970316,0.25648790032802005,-0.5999362458597032,-23.682136658760296,-24.0963024876281
-59.993624585970316,0.2601982122050309,-0.5999362458597032,-24.372256197779915,-24.96479481577814
-59.993624585970316,0.26390852408204174,-0.5999362458597032,-25.072287203974927,-25.804372282801
-59.993624585970316,0.26761883595905256,-0.5999362458597032,-25.782229677345356,-26.60725136857356
-59.993624585970316,0.27132914783606343,-0.5999362458597032,-26.502083617891213,-27.367408316005093
-59.993624585970316,0.27503945971307425,-0.5999362458597032,-27.231849025612476,-28.08068786593098
-59.993624585970316,0.27874977159008507,-0.5999362458597032,-27.971525900509143,-28.744755722208996
-59.993624585970316,0.28246008346709595,-0.5999362458597032,-28.72111424258124,-29.358928199589236
-59.993624585970316,0.28617039534410676,-0.5999362458597032,-29.480614051828738,-29.923920918743878
-59.993624585970316,0.28988070722111764,-0.5999362458597032,-30.250025328251663,-30.44155812305841
-59.993624585970316,0.29359101909812846,-0.5999362458597032,-31.029348071849984,-30.914477767797848
-59.993624585970316,0.2973013309751393,-0.5999362458597032,-31.818582282623726,-31.345858042108144
-59.993624585970316,0.30101164285215015,-0.5999362458597032,-32.61772796057289,-31.739181058511456
-59.993624585970316,0.30472195472916097,-0.5999362458597032,-33.426785105697455,-32.09804082594723
-58.60574773450128,0.011607316445304631,-0.5860574773450128,-0.04812703157812898,-0.07045530915667131
-58.60574773450128,0.015317628322315471,-0.5860574773450128,-0.0838124393855123,-0.12391711296294261
-58.60574773450128,0.01902794019932631,-0.5860574773450128,-0.12933289001778847,-0.18219757988248286
-58.60574773450128,0.02273825207633715,-0.5860574773450128,-0.18468838347495756,-0.24573545005586217
-58.60574773450128,0.02644856395334799,-0.5860574773450128,-0.24987891975701954,-0.31500006352970233
-58.60574773450128,0.03015887583035883,-0.5860574773450128,-0.3249044988639744,-0.3904911639018893
-58.60574773450128,0.03386918770736967,-0.5860574773450128,-0.4097651207958222,-0.47273803453588004
-58.60574773450128,0.03757949958438051,-0.5860574773450128,-0.5044607855525628,-0.562297812011809
-58.60574773450128,0.04128981146139135,-0.5860574773450128,-0.6089914931341964,-0.6597528065571274
-58.60574773450128,0.04500012333840219,-0.5860574773450128,-0.7233572435407228,-0.7657066482690587
-58.60574773450128,0.04871043521541303,-0.5860574773450128,-0.8475580367721421,-0.8807790734134766
-58.60574773450128,0.05242074709242387,-0.5860574773450128,-0.9815938728284543,-1.005599169892676
-58.60574773450128,0.05613105896943471,-0.5860574773450128,-1.1254647517096594,-1.140796918512378
-58.60574773450128,0.05984137084644555,-0.5860574773450128,-1.2791706734157573,-1.2869929006480785
-58.60574773450128,0.06355168272345639,-0.5860574773450128,-1.4427116379467482,-1.4447860970377575
-58.60574773450128,0.06726199460046722,-0.5860574773450128,-1.6160876453026316,-1.6147397800241579
-58.60574773450128,0.07097230647747807,-0.5860574773450128,-1.7992986954834085,-1.7973656049303748
-58.60574773450128,0.0746826183544889,-0.5860574773450128,-1.9923447884890777,-1.993106135892782
-58.60574773450128,0.07839293023149975,-0.5860574773450128,-2.19522592431964,-2.202316195266323
-58.60574773450128,0.08210324210851058,-0.5860574773450128,-2.4079421029750954,-2.4252435980164218
-58.60574773450128,0.08581355398552143,-0.5860574773450128,-2.630493324455444,-2.6620100134566425
-58.60574773450128,0.08952386586253226,-0.5860574773450128,-2.8628795887606846,-2.912592871880082
-58.60574773450128,0.09323417773954311,-0.5860574773450128,-3.1051008958908186,-3.1768093844255283
-58.60574773450128,0.09694448961655394,-0.5860574773450128,-3.3571572458458454,-3.4543038492146563
-58.60574773450128,0.10065480149356479,-0.5860574773450128,-3.619048638625765,-3.7445394527931595
-58.60574773450128,0.10436511337057562,-0.5860574773450128,-3.890775074230578,-4.046795722838142
-58.60574773450128,0.10807542524758647,-0.5860574773450128,-4.172336552660283,-4.360172631621384
-58.60574773450128,0.1117857371245973,-0.5860574773450128,-4.463733073914881,-4.68360208543973
-58.60574773450128,0.11549604900160815,-0.5860574773450128,-4.764964637994373,-5.015867171867369
-58.60574773450128,0.11920636087861898,-0.5860574773450128,-5.076031244898757,-5.355629097689299
-58.60574773450128,0.12291667275562983,-0.5860574773450128,-5.396932894628034,-5.7014612730990955
-58.60574773450128,0.12662698463264066,-0.5860574773450128,-5.727669587182204,-6.051889529902106
-58.60574773450128,0.1303372965096515,-0.5860574773450128,-6.068241322561266,-6.405437055011153
-58.60574773450128,0.13404760838666235,-0.5860574773450128,-6.418648100765223,-6.760672323877369
-58.60574773450128,0.13775792026367317,-0.5860574773450128,-6.77888992179407,-7.116258168537039
-58.60574773450128,0.14146823214068402,-0.5860574773450128,-7.148966785647812,-7.471000130407793
-58.60574773450128,0.14517854401769487,-0.5860574773450128,-7.528878692326447,-7.823892425686811
-58.60574773450128,0.1488888558947057,-0.5860574773450128,-7.9186256418299745,-8.174160166071557
-58.60574773450128,0.15259916777171653,-0.5860574773450128,-8.318207634158393,-8.521296885980885
-58.60574773450128,0.15630947964872738,-0.5860574773450128,-8.727624669311707,-8.86509687371355
-58.60574773450128,0.16001979152573823,-0.5860574773450128,-9.146876747289914,-9.205682227476915
-58.60574773450128,0.16373010340274907,-0.5860574773450128,-9.575963868093012,-9.543524899669704
-58.60574773450128,0.1674404152797599,-0.5860574773450128,-10.014886031721002,-9.879464203581787
-58.60574773450128,0.17115072715677074,-0.5860574773450128,-10.463643238173887,-10.214720295840651
-58.60574773450128,0.17486103903378158,-0.5860574773450128,-10.922235487451665,-10.550903987028653
-58.60574773450128,0.17857135091079243,-0.5860574773450128,-11.390662779554336,-10.890022854389706
-58.60574773450128,0.18228166278780325,-0.5860574773450128,-11.868925114481899,-11.234483027360564
-58.60574773450128,0.1859919746648141,-0.5860574773450128,-12.357022492234353,-11.587085193562942
-58.60574773450128,0.18970228654182494,-0.5860574773450128,-12.854954912811705,-11.9510123515807
-58.60574773450128,0.1934125984188358,-0.5860574773450128,-13.362722376213949,-12.329805666426301
-58.60574773450128,0.1971229102958466,-0.5860574773450128,-13.88032488244108,-12.727323557250283
-58.60574773450128,0.20083322217285746,-0.5860574773450128,-14.407762431493106,-13.147678023994002
-58.60574773450128,0.2045435340498683,-0.5860574773450128,-14.945035023370028,-13.595141449946375
-58.60574773450128,0.20825384592687915,-0.5860574773450128,-15.492142658071844,-14.074017057574988
-58.60574773450128,0.21196415780388997,-0.5860574773450128,-16.049085335598548,-14.588467305508322
-58.60574773450128,0.21567446968090082,-0.5860574773450128,-16.615863055950147,-15.14229731017795
-58.60574773450128,0.21938478155791166,-0.5860574773450128,-17.192475819126642,-15.738695311015862
-58.60574773450128,0.2230950934349225,-0.5860574773450128,-17.778923625128026,-16.37993946863274
-58.60574773450128,0.22680540531193333,-0.5860574773450128,-18.3752064739543,-17.067089557789995
-58.60574773450128,0.23051571718894417,-0.5860574773450128,-18.98132436560547,-17.799692255407376
-58.60574773450128,0.23422602906595502,-0.5860574773450128,-19.597277300081537,-18.575537646015977
-58.60574773450128,0.23793634094296587,-0.5860574773450128,-20.223065277382496,-19.390509412249866
-58.60574773450128,0.2416466528199767,-0.5860574773450128,-20.85868829750834,-20.23856893722541
-58.60574773450128,0.24535696469698753,-0.5860574773450128,-21.504146360459085,-21.111902139310935
-58.60574773450128,0.24906727657399838,-0.5860574773450128,-22.15943946623472,-22.001237361951937
-58.60574773450128,0.2527775884510092,-0.5860574773450128,-22.824567614835253,-22.896316077112758
-58.60574773450128,0.25648790032802005,-0.5860574773450128,-23.499530806260665,-23.78647126479116
-58.60574773450128,0.2601982122050309,-0.5860574773450128,-24.18432904051099,-24.66124801778836
-58.60574773450128,0.26390852408204174,-0.5860574773450128,-24.87896231758619,-25.51099290424909
-58.60574773450128,0.26761883595905256,-0.5860574773450128,-25.583430637486284,-26.32734521295874
-58.60574773450128,0.27132914783606343,-0.5860574773450128,-26.297734000211285,-27.10358239668064
-58.60574773450128,0.27503945971307425,-0.5860574773450128,-27.02187240576117,-27.834798317206616
-58.60574773450128,0.27874977159008507,-0.5860574773450128,-27.75584585413594,-28.51791943968847
-58.60574773450128,0.28246008346709595,-0.5860574773450128,-28.49965434533562,-29.15158511507395
-58.60574773450128,0.28617039534410676,-0.5860574773450128,-29.253297879360176,-29.735930324670754
-58.60574773450128,0.28988070722111764,-0.5860574773450128,-30.016776456209644,-30.27231244943004
-58.60574773450128,0.29359101909812846,-0.5860574773450128,-30.790090075883985,-30.763019656224124
-58.60574773450128,0.2973013309751393,-0.5860574773450128,-31.57323873838323,-31.21099024529701
-58.60574773450128,0.30101164285215015,-0.5860574773450128,-32.36622244370737,-31.619562584409717
-58.60574773450128,0.30472195472916097,-0.5860574773450128,-33.169041191856394,-31.992266156282778
-57.21787088303225,0.011607316445304631,-0.5721787088303225,-0.04775305485059111,-0.07563709005698449
-57.21787088303225,0.015317628322315471,-0.5721787088303225,-0.08316116502304768,-0.12921622825107182
-57.21787088303225,0.01902794019932631,-0.5721787088303225,-0.1283278936698764,-0.18759651714480485
-57.21787088303225,0.02273825207633715,-0.5721787088303225,-0.1832532407910773,-0.25121186337427925
-57.21787088303225,0.02644856395334799,-0.5721787088303225,-0.24793720638665043,-0.320526078909376
-57.21787088303225,0.03015887583035883,-0.5721787088303225,-0.3223797904565957,-0.3960326430724881
-57.21787088303225,0.03386918770736967,-0.5721787088303225,-0.4065809930009132,-0.4782538094307207
-57.21787088303225,0.03757949958438051,-0.5721787088303225,-0.5005408140196028,-0.5677389075218606
-57.21787088303225,0.04128981146139135,-0.5721787088303225,-0.6042592535126646,-0.6650616753863989
-57.21787088303225,0.04500012333840219,-0.5721787088303225,-0.7177363114800986,-0.7708164488147253
-57.21787088303225,0.04871043521541303,-0.5721787088303225,-0.8409719879219048,-0.8856130293764886
-57.21787088303225,0.05242074709242387,-0.5721787088303225,-0.9739662828380832,-1.0100700584615683
-57.21787088303225,0.05613105896943471,-0.5721787088303225,-1.1167191962286336,-1.1448067419370043
-57.21787088303225,0.05984137084644555,-0.5721787088303225,-1.2692307280935562,-1.290432803095003
-57.21787088303225,0.06355168272345639,-0.5721787088303225,-1.4315008784328511,-1.4475365938217597
-57.21787088303225,0.06726199460046722,-0.5721787088303225,-1.6035296472465177,-1.6166713684381948
-57.21787088303225,0.07097230647747807,-0.5721787088303225,-1.7853170345345573,-1.7983398235613017
-57.21787088303225,0.0746826183544889,-0.5721787088303225,-1.9768630402969685,-1.992977131037395
-57.21787088303225,0.07839293023149975,-0.5721787088303225,-2.178167664533752,-2.2009328374489674
-57.21787088303225,0.08210324210851058,-0.5721787088303225,-2.3892309072449076,-2.422452167548469
-57.21787088303225,0.08581355398552143,-0.5721787088303225,-2.6100527684304358,-2.6576574409425526
-57.21787088303225,0.08952386586253226,-0.5721787088303225,-2.840633248090336,-2.906530477919958
-57.21787088303225,0.09323417773954311,-0.5721787088303225,-3.0809723462246077,-3.1688970140197332
-57.21787088303225,0.09694448961655394,-0.5721787088303225,-3.3310700628332524,-3.4444142434372105
-57.21787088303225,0.10065480149356479,-0.5721787088303225,-3.590926397916269,-3.732562647453174
-57.21787088303225,0.10436511337057562,-0.5721787088303225,-3.8605413514736573,-4.03264321654752
-57.21787088303225,0.10807542524758647,-0.5721787088303225,-4.139914923505419,-4.343781030041892
-57.21787088303225,0.1117857371245973,-0.5721787088303225,-4.429047114011551,-4.664935910465781
-57.21787088303225,0.11549604900160815,-0.5721787088303225,-4.727937922992057,-4.994920528954186
-57.21787088303225,0.11920636087861898,-0.5721787088303225,-5.0365873504469345,-5.33242592415009
-57.21787088303225,0.12291667275562983,-0.5721787088303225,-5.354995396376184,-5.676053944665666
-57.21787088303225,0.12662698463264066,-0.5721787088303225,-5.683162060779806,-6.024355678445909
-57.21787088303225,0.1303372965096515,-0.5721787088303225,-6.0210873436578,-6.375874540073342
-57.21787088303225,0.13404760838666235,-0.5721787088303225,-6.368771245010167,-6.72919239512272
-57.21787088303225,0.13775792026367317,-0.5721787088303225,-6.726213764836904,-7.082976944918178
-57.21787088303225,0.14146823214068402,-0.5721787088303225,-7.093414903138015,-7.436028594821863
-57.21787088303225,0.14517854401769487,-0.5721787088303225,-7.470374659913497,-7.787325183679005
-57.21787088303225,0.1488888558947057,-0.5721787088303225,-7.857093035163353,-8.13606323986563
-57.21787088303225,0.15259916777171653,-0.5721787088303225,-8.253570028887578,-8.481694811502688
-57.21787088303225,0.15630947964872738,-0.5721787088303225,-8.659805641086178,-8.823959343697013
-57.21787088303225,0.16001979152573823,-0.5721787088303225,-9.07579987175915,-9.162910487771583
-57.21787088303225,0.16373010340274907,-0.5721787088303225,-9.501552720906494,-9.49893807136538
-57.21787088303225,0.1674404152797599,-0.5721787088303225,-9.937064188528208,-9.832785685602436
-57.21787088303225,0.17115072715677074,-0.5721787088303225,-10.382334274624295,-10.165564417462237
-57.21787088303225,0.17486103903378158,-0.5721787088303225,-10.837362979194758,-10.49876314377247
-57.21787088303225,0.17857135091079243,-0.5721787088303225,-11.302150302239589,-10.83425548962259
-57.21787088303225,0.18228166278780325,-0.5721787088303225,-11.776696243758794,-11.174303029410442
-57.21787088303225,0.1859919746648141,-0.5721787088303225,-12.261000803752369,-11.52155357394309
-57.21787088303225,0.18970228654182494,-0.5721787088303225,-12.75506398222032,-11.879032456242932
-57.21787088303225,0.1934125984188358,-0.5721787088303225,-13.258885779162643,-12.250123637986245
-57.21787088303225,0.1971229102958466,-0.5721787088303225,-13.772466194579332,-12.638536279721176
-57.21787088303225,0.20083322217285746,-0.5721787088303225,-14.295805228470396,-13.048251278689168
-57.21787088303225,0.2045435340498683,-0.5721787088303225,-14.828902880835836,-13.483441384354569
-57.21787088303225,0.20825384592687915,-0.5721787088303225,-15.371759151675647,-13.948358158460357
-57.21787088303225,0.21196415780388997,-0.5721787088303225,-15.924374040989825,-14.447179662269471
-57.21787088303225,0.21567446968090082,-0.5721787088303225,-16.486747548778382,-14.98381481312825
-57.21787088303225,0.21938478155791166,-0.5721787088303225,-17.058879675041307,-15.561664331727656
-57.21787088303225,0.2230950934349225,-0.5721787088303225,-17.640770419778605,-16.18334440821544
-57.21787088303225,0.22680540531193333,-0.5721787088303225,-18.232419782990274,-16.850387552732375
-57.21787088303225,0.23051571718894417,-0.5721787088303225,-18.833827764676318,-17.562944790964725
-57.21787088303225,0.23422602906595502,-0.5721787088303225,-19.444994364836734,-18.31952276489333
-57.21787088303225,0.23793634094296587,-0.5721787088303225,-20.065919583471523,-19.116795894828222
-57.21787088303225,0.2416466528199767,-0.5721787088303225,-20.69660342058068,-19.94953460800138
-57.21787088303225,0.24535696469698753,-0.5721787088303225,-21.33704587616421,-20.810683243040252
-57.21787088303225,0.24906727657399838,-0.5721787088303225,-21.987246950222115,-21.69160471325916
-57.21787088303225,0.2527775884510092,-0.5721787088303225,-22.647206642754394,-22.58248508432295
-57.21787088303225,0.25648790032802005,-0.5721787088303225,-23.316924953761035,-23.472864464808822
-57.21787088303225,0.2601982122050309,-0.5721787088303225,-23.996401883242065,-24.352237464584405
-57.21787088303225,0.26390852408204174,-0.5721787088303225,-24.685637431197453,-25.210653223277408
-57.21787088303225,0.26761883595905256,-0.5721787088303225,-25.38463159762721,-26.03924544499629
-57.21787088303225,0.27132914783606343,-0.5721787088303225,-26.093384382531355,-26.830636812653317
-57.21787088303225,0.27503945971307425,-0.5721787088303225,-26.81189578590986,-27.5791855243736
-57.21787088303225,0.27874977159008507,-0.5721787088303225,-27.540165807762737,-28.28106816006001
-57.21787088303225,0.28246008346709595,-0.5721787088303225,-28.278194448089998,-28.934216368653967
-57.21787088303225,0.28617039534410676,-0.5721787088303225,-29.025981706891617,-29.53814067347411
-57.21787088303225,0.28988070722111764,-0.5721787088303225,-29.783527584167622,-30.093681549321982
-57.21787088303225,0.29359101909812846,-0.5721787088303225,-30.550832079917985,-30.60272685098535
-57.21787088303225,0.2973013309751393,-0.5721787088303225,-31.327895194142727,-31.06792816375337
-57.21787088303225,0.30101164285215015,-0.5721787088303225,-32.11471692684185,-31.49243954696804
-57.21787088303225,0.30472195472916097,-0.5721787088303225,-32.911297278015326,-31.87969282857791
-55.82999403156321,0.011607316445304631,-0.5582999403156321,-0.047379078123053225,-0.08100036725309412
-55.82999403156321,0.015317628322315471,-0.5582999403156321,-0.08250989066058306,-0.13470584322174428
-55.82999403156321,0.01902794019932631,-0.5582999403156321,-0.12732289732196433,-0.1931953082531277
-55.82999403156321,0.02273825207633715,-0.5582999403156321,-0.18181809810719707,-0.25689784910273916
-55.82999403156321,0.02644856395334799,-0.5582999403156321,-0.24599549301628132,-0.32627176593112717
-55.82999403156321,0.03015887583035883,-0.5582999403156321,-0.319855082049217,-0.4018042930855019
-55.82999403156321,0.03386918770736967,-0.5582999403156321,-0.4033968652060042,-0.48401067691899247
-55.82999403156321,0.03757949958438051,-0.5582999403156321,-0.4966208424866428,-0.5734324657983145
-55.82999403156321,0.04128981146139135,-0.5582999403156321,-0.5995270138911329,-0.6706348543712135
-55.82999403156321,0.04500012333840219,-0.5582999403156321,-0.7121153794194744,-0.7762029149409311
-55.82999403156321,0.04871043521541303,-0.5582999403156321,-0.8343859390716675,-0.8907365456135921
-55.82999403156321,0.05242074709242387,-0.5582999403156321,-0.9663386928477119,-1.0148439703860834
-55.82999403156321,0.05613105896943471,-0.5582999403156321,-1.1079736407476077,-1.1491336435553174
-55.82999403156321,0.05984137084644555,-0.5582999403156321,-1.259290782771355,-1.294204443029042
-55.82999403156321,0.06355168272345639,-0.5582999403156321,-1.420290118918954,-1.450634087565136
-55.82999403156321,0.06726199460046722,-0.5582999403156321,-1.590971649190404,-1.618965784524395
-55.82999403156321,0.07097230647747807,-0.5582999403156321,-1.771335373585706,-1.7996932093247073
-55.82999403156321,0.0746826183544889,-0.5582999403156321,-1.961381292104859,-1.9932440357774137
-55.82999403156321,0.07839293023149975,-0.5582999403156321,-2.161109404747864,-2.1999623758786475
-55.82999403156321,0.08210324210851058,-0.5582999403156321,-2.37051971151472,-2.4200906433545666
-55.82999403156321,0.08581355398552143,-0.5582999403156321,-2.5896122124054277,-2.653751518579334
-55.82999403156321,0.08952386586253226,-0.5582999403156321,-2.8183869074199865,-2.900930850716764
-55.82999403156321,0.09323417773954311,-0.5582999403156321,-3.056843796558397,-3.1614624697232614
-55.82999403156321,0.09694448961655394,-0.5582999403156321,-3.3049828798206593,-3.4350159771484305
-55.82999403156321,0.10065480149356479,-0.5582999403156321,-3.5628041572067723,-3.72108862059958
-55.82999403156321,0.10436511337057562,-0.5582999403156321,-3.8303076287167372,-4.019002314222011
-55.82999403156321,0.10807542524758647,-0.5582999403156321,-4.107493294350554,-4.32790673356613
-55.82999403156321,0.1117857371245973,-0.5582999403156321,-4.394361154108221,-4.646789183142694
-55.82999403156321,0.11549604900160815,-0.5582999403156321,-4.690911207989741,-4.974491615398682
-55.82999403156321,0.11920636087861898,-0.5582999403156321,-4.997143455995112,-5.309734790086295
-55.82999403156321,0.12291667275562983,-0.5582999403156321,-5.313057898124335,-5.6511491346194465
-55.82999403156321,0.12662698463264066,-0.5582999403156321,-5.638654534377408,-5.997311440075701
-55.82999403156321,0.1303372965096515,-0.5582999403156321,-5.973933364754333,-6.346786149568308
-55.82999403156321,0.13404760838666235,-0.5582999403156321,-6.31889438925511,-6.698169709326352
-55.82999403156321,0.13775792026367317,-0.5582999403156321,-6.673537607879737,-7.050136292601167
-55.82999403156321,0.14146823214068402,-0.5582999403156321,-7.037863020628217,-7.401483192225477
-55.82999403156321,0.14517854401769487,-0.5582999403156321,-7.411870627500548,-7.751174310501696
-55.82999403156321,0.1488888558947057,-0.5582999403156321,-7.7955604284967315,-8.09838043706968
-55.82999403156321,0.15259916777171653,-0.5582999403156321,-8.188932423616764,-8.442515361683629
-55.82999403156321,0.15630947964872738,-0.5582999403156321,-8.59198661286065,-8.783267272716923
-55.82999403156321,0.16001979152573823,-0.5582999403156321,-9.004722996228388,-9.120625291380414
-55.82999403156321,0.16373010340274907,-0.5582999403156321,-9.427141573719977,-9.454901334337052
-55.82999403156321,0.1674404152797599,-0.5582999403156321,-9.859242345335414,-9.786747737455974
-55.82999403156321,0.17115072715677074,-0.5582999403156321,-10.301025311074705,-10.117171173343822
-55.82999403156321,0.17486103903378158,-0.5582999403156321,-10.75249047093785,-10.447543327147889
-55.82999403156321,0.17857135091079243,-0.5582999403156321,-11.213637824924843,-10.779608540243432
-55.82999403156321,0.18228166278780325,-0.5582999403156321,-11.684467373035687,-11.115488179317596
-55.82999403156321,0.1859919746648141,-0.5582999403156321,-12.164979115270384,-11.4576808367642
-55.82999403156321,0.18970228654182494,-0.5582999403156321,-12.655173051628935,-11.809056625599984
-55.82999403156321,0.1934125984188358,-0.5582999403156321,-13.155049182111336,-12.172842823839458
-55.82999403156321,0.1971229102958466,-0.5582999403156321,-13.664607506717585,-12.552597003783227
-55.82999403156321,0.20083322217285746,-0.5582999403156321,-14.183848025447688,-12.952162651416328
-55.82999403156321,0.2045435340498683,-0.5582999403156321,-14.712770738301643,-13.375601308014526
-55.82999403156321,0.20825384592687915,-0.5582999403156321,-15.25137564527945,-13.827094706771339
-55.82999403156321,0.21196415780388997,-0.5582999403156321,-15.799662746381104,-14.310810588940852
-55.82999403156321,0.21567446968090082,-0.5582999403156321,-16.357632041606614,-14.830727311483583
-55.82999403156321,0.21938478155791166,-0.5582999403156321,-16.925283530955976,-15.39041547598717
-55.82999403156321,0.2230950934349225,-0.5582999403156321,-17.502617214429186,-15.99277999648047
-55.82999403156321,0.22680540531193333,-0.5582999403156321,-18.089633092026247,-16.639773366513225
-55.82999403156321,0.23051571718894417,-0.5582999403156321,-18.686331163747163,-17.332099918759187
-55.82999403156321,0.23422602906595502,-0.5582999403156321,-19.29271142959193,-18.06894034369278
-55.82999403156321,0.23793634094296587,-0.5582999403156321,-19.90877388956055,-18.847733531204373
-55.82999403156321,0.2416466528199767,-0.5582999403156321,-20.534518543653014,-19.664056175112975
-55.82999403156321,0.24535696469698753,-0.5582999403156321,-21.169945391869337,-20.511636832667605
-55.82999403156321,0.24906727657399838,-0.5582999403156321,-21.81505443420951,-21.382528643327465
-55.82999403156321,0.2527775884510092,-0.5582999403156321,-22.469845670673536,-22.267444243849766
-55.82999403156321,0.25648790032802005,-0.5582999403156321,-23.134319101261404,-23.15623089389775
-55.82999403156321,0.2601982122050309,-0.5582999403156321,-23.80847472597314,-24.038439099770844
-55.82999403156321,0.26390852408204174,-0.5582999403156321,-24.492312544808712,-24.903920489195684
-55.82999403156321,0.26761883595905256,-0.5582999403156321,-25.185832557768137,-25.74338525865211
-55.82999403156321,0.27132914783606343,-0.5582999403156321,-25.889034764851424,-26.54885772666449
-55.82999403156321,0.27503945971307425,-0.5582999403156321,-26.601919166058554,-27.31398794584023
-55.82999403156321,0.27874977159008507,-0.5582999403156321,-27.324485761389532,-28.034202527942266
-55.82999403156321,0.28246008346709595,-0.5582999403156321,-28.056734550844375,-28.70670246747857
-55.82999403156321,0.28617039534410676,-0.5582999403156321,-28.798665534423055,-29.33033465851888
-55.82999403156321,0.28988070722111764,-0.5582999403156321,-29.550278712125603,-29.905374339268338
-55.82999403156321,0.29359101909812846,-0.5582999403156321,-30.311574083951985,-30.43325787436738
-55.82999403156321,0.2973013309751393,-0.5582999403156321,-31.082551649902225,-30.91630100389886
-55.82999403156321,0.30101164285215015,-0.5582999403156321,-31.863211409976326,-31.35742966425696
-55.82999403156321,0.30472195472916097,-0.5582999403156321,-32.653553364174265,-31.759941289527667
-54.44211718009418,0.011607316445304631,-0.5444211718009417,-0.04700510139551535,-0.0865459829248243
-54.44211718009418,0.015317628322315471,-0.5444211718009417,-0.08185861629811844,-0.14038655613985673
-54.44211718009418,0.01902794019932631,-0.5444211718009417,-0.12631790097405227,-0.1989942764660695
-54.44211718009418,0.02273825207633715,-0.5444211718009417,-0.18038295542331684,-0.2627934231503857
-54.44211718009418,0.02644856395334799,-0.5444211718009417,-0.24405377964591218,-0.33223679990530375
-54.44211718009418,0.03015887583035883,-0.5444211718009417,-0.3173303736418383,-0.4078054149449124
-54.44211718009418,0.03386918770736967,-0.5444211718009417,-0.4002127374110952,-0.4900075300967046
-54.44211718009418,0.03757949958438051,-0.5444211718009417,-0.49270087095368276,-0.5793769392283945
-54.44211718009418,0.04128981146139135,-0.5444211718009417,-0.5947947742696011,-0.676470324029669
-54.44211718009418,0.04500012333840219,-0.5444211718009417,-0.7064944473588503,-0.7818635267742886
-54.44211718009418,0.04871043521541303,-0.5444211718009417,-0.8277998902214301,-0.8961465771418347
-54.44211718009418,0.05242074709242387,-0.5444211718009417,-0.9587111028573407,-1.0199173160022412
-54.44211718009418,0.05613105896943471,-0.5444211718009417,-1.0992280852665821,-1.153773476117114
-54.44211718009418,0.05984137084644555,-0.5444211718009417,-1.2493508374491542,-1.298303111064048
-54.44211718009418,0.06355168272345639,-0.5444211718009417,-1.409079359405057,-1.454073312389188
-54.44211718009418,0.06726199460046722,-0.5444211718009417,-1.5784136511342903,-1.6216172236946398
-54.44211718009418,0.07097230647747807,-0.5444211718009417,-1.7573537126368548,-1.8014194508371153
-54.44211718009418,0.0746826183544889,-0.5444211718009417,-1.9458995439127498,-1.9939000799176152
-54.44211718009418,0.07839293023149975,-0.5444211718009417,-2.1440511449619755,-2.1993976473522605
-54.44211718009418,0.08210324210851058,-0.5444211718009417,-2.351808515784532,-2.418151554228853
-54.44211718009418,0.08581355398552143,-0.5444211718009417,-2.5691716563804197,-2.6502845721473203
-54.44211718009418,0.08952386586253226,-0.5444211718009417,-2.7961405667496377,-2.895786237921333
-54.44211718009418,0.09323417773954311,-0.5444211718009417,-3.0327152468921863,-3.154498064571484
-54.44211718009418,0.09694448961655394,-0.5444211718009417,-3.278895696808066,-3.426101588155168
-54.44211718009418,0.10065480149356479,-0.5444211718009417,-3.5346819164972763,-3.710110305531797
-54.44211718009418,0.10436511337057562,-0.5444211718009417,-3.800073905959817,-4.005866520167165
-54.44211718009418,0.10807542524758647,-0.5444211718009417,-4.07507166519569,-4.3125439891648805
-54.44211718009418,0.1117857371245973,-0.5444211718009417,-4.3596751942048915,-4.629157050223178
-54.44211718009418,0.11549604900160815,-0.5444211718009417,-4.653884492987426,-4.9545766078449756
-54.44211718009418,0.11920636087861898,-0.5444211718009417,-4.957699561543289,-5.287552991369081
-54.44211718009418,0.12291667275562983,-0.5444211718009417,-5.271120399872484,-5.626745292214581
-54.44211718009418,0.12662698463264066,-0.5444211718009417,-5.5941470079750095,-5.970756382150427
-54.44211718009418,0.1303372965096515,-0.5444211718009417,-5.926779385850866,-6.318172450972856
-54.44211718009418,0.13404760838666235,-0.5444211718009417,-6.269017533500054,-6.667605621851402
-54.44211718009418,0.13775792026367317,-0.5444211718009417,-6.62086145092257,-7.0177380391467
-54.44211718009418,0.14146823214068402,-0.5444211718009417,-6.98231113811842,-7.367365796679239
-54.44211718009418,0.14517854401769487,-0.5444211718009417,-7.353366595087599,-7.7154411871901125
-54.44211718009418,0.1488888558947057,-0.5444211718009417,-7.73402782183011,-8.061111991112552
-54.44211718009418,0.15259916777171653,-0.5444211718009417,-8.124294818345948,-8.403756853850945
-54.44211718009418,0.15630947964872738,-0.5444211718009417,-8.524167584635121,-8.743016183013948
-54.44211718009418,0.16001979152573823,-0.5444211718009417,-8.933646120697624,-9.078818382022725
-54.44211718009418,0.16373010340274907,-0.5444211718009417,-9.352730426533459,-9.411401575643737
-54.44211718009418,0.1674404152797599,-0.5444211718009417,-9.78142050214262,-9.741331232373962
-54.44211718009418,0.17115072715677074,-0.5444211718009417,-10.219716347525114,-10.069514212048082
-54.44211718009418,0.17486103903378158,-0.5444211718009417,-10.667617962680941,-10.397209737199056
-54.44211718009418,0.17857135091079243,-0.5444211718009417,-11.125125347610096,-10.72603758469643
-54.44211718009418,0.18228166278780325,-0.5444211718009417,-11.592238502312583,-11.057983408534886
-54.44211718009418,0.1859919746648141,-0.5444211718009417,-12.0689574267884,-11.395400530810758
-54.44211718009418,0.18970228654182494,-0.5444211718009417,-12.55528212103755,-11.741006779811425
-54.44211718009418,0.1934125984188358,-0.5444211718009417,-13.05121258506003,-12.09787402898687
-54.44211718009418,0.1971229102958466,-0.5444211718009417,-13.556748818855837,-12.469407038459368
-54.44211718009418,0.20083322217285746,-0.5444211718009417,-14.071890822424978,-12.859307099389726
-54.44211718009418,0.2045435340498683,-0.5444211718009417,-14.59663859576745,-13.271514965797635
-54.44211718009418,0.20825384592687915,-0.5444211718009417,-15.130992138883254,-13.710126841419635
-54.44211718009418,0.21196415780388997,-0.5444211718009417,-15.674951451772383,-14.179277078149282
-54.44211718009418,0.21567446968090082,-0.5444211718009417,-16.22851653443485,-14.682982137478957
-54.44211718009418,0.21938478155791166,-0.5444211718009417,-16.791687386870645,-15.224942722905393
-54.44211718009418,0.2230950934349225,-0.5444211718009417,-17.364464009079768,-15.808305228100103
-54.44211718009418,0.22680540531193333,-0.5444211718009417,-17.94684640106222,-16.435389980237897
-54.44211718009418,0.23051571718894417,-0.5444211718009417,-18.53883456281801,-17.10740197790059
-54.44211718009418,0.23422602906595502,-0.5444211718009417,-19.140428494347127,-17.824149041987816
-54.44211718009418,0.23793634094296587,-0.5444211718009417,-19.751628195649577,-18.58380080127386
-54.44211718009418,0.2416466528199767,-0.5444211718009417,-20.372433666725353,-19.38272726651812
-54.44211718009418,0.24535696469698753,-0.5444211718009417,-21.002844907574463,-20.215455183832038
-54.44211718009418,0.24906727657399838,-0.5444211718009417,-21.642861918196903,-21.07477178257311
-54.44211718009418,0.2527775884510092,-0.5444211718009417,-22.29248469859268,-21.951988515826056
-54.44211718009418,0.25648790032802005,-0.5444211718009417,-22.951713248761777,-22.83735401916587
-54.44211718009418,0.2601982122050309,-0.5444211718009417,-23.620547568704218,-23.72058042215082
-54.44211718009418,0.26390852408204174,-0.5444211718009417,-24.298987658419975,-24.59142644450227
-54.44211718009418,0.26761883595905256,-0.5444211718009417,-24.98703351790906,-25.440270004374554
-54.44211718009418,0.27132914783606343,-0.5444211718009417,-25.684685147171496,-26.258605397353907
-54.44211718009418,0.27503945971307425,-0.5444211718009417,-26.39194254620725,-27.039414750070886
-54.44211718009418,0.27874977159008507,-0.5444211718009417,-27.10880571501633,-27.777386231699516
-54.44211718009418,0.28246008346709595,-0.5444211718009417,-27.835274653598756,-28.468976411884345
-54.44211718009418,0.28617039534410676,-0.5444211718009417,-28.571349361954496,-29.11233548444912
-54.44211718009418,0.28988070722111764,-0.5444211718009417,-29.317029840083585,-29.707128115763823
-54.44211718009418,0.29359101909812846,-0.5444211718009417,-30.072316087985985,-30.254288327068643
-54.44211718009418,0.2973013309751393,-0.5444211718009417,-30.837208105661723,-30.755745214630558
-54.44211718009418,0.30101164285215015,-0.5444211718009417,-31.611705893110802,-31.214149845527892
-54.44211718009418,0.30472195472916097,-0.5444211718009417,-32.395809450333196,-31.632624976709344
-53.05424032862514,0.011607316445304631,-0.5305424032862515,-0.046631124667977475,-0.09227485102957189
-53.05424032862514,0.015317628322315471,-0.5305424032862515,-0.08120734193565382,-0.14625903688654596
-53.05424032862514,0.01902794019932631,-0.5305424032862515,-0.1253129046261402,-0.2049938167511245
-53.05424032862514,0.02273825207633715,-0.5305424032862515,-0.17894781273943658,-0.2688986735490282
-53.05424032862514,0.02644856395334799,-0.5305424032862515,-0.24211206627554308,-0.3384209290640512
-53.05424032862514,0.03015887583035883,-0.5305424032862515,-0.3148056652344596,-0.41403538381734295
-53.05424032862514,0.03386918770736967,-0.5305424032862515,-0.3970286096161862,-0.4962433379472704
-53.05424032862514,0.03757949958438051,-0.5305424032862515,-0.4887808994207227,-0.5855708583161467
-53.05424032862514,0.04128981146139135,-0.5305424032862515,-0.5900625346480693,-0.6825661457210499
-53.05424032862514,0.04500012333840219,-0.5305424032862515,-0.7008735152982261,-0.7877958484518519
-53.05424032862514,0.04871043521541303,-0.5305424032862515,-0.8212138413711928,-0.9018401665017581
-53.05424032862514,0.05242074709242387,-0.5305424032862515,-0.9510835128669695,-1.0252865968632792
-53.05424032862514,0.05613105896943471,-0.5305424032862515,-1.0904825297855563,-1.1587221872283182
-53.05424032862514,0.05984137084644555,-0.5305424032862515,-1.239410892126953,-1.302724195937619
-53.05424032862514,0.06355168272345639,-0.5305424032862515,-1.39786859989116,-1.4578491030327472
-53.05424032862514,0.06726199460046722,-0.5305424032862515,-1.5658556530781764,-1.6246199832097559
-53.05424032862514,0.07097230647747807,-0.5305424032862515,-1.7433720516880036,-1.8035123379657416
-53.05424032862514,0.0746826183544889,-0.5305424032862515,-1.9304177957206403,-1.9949385914573354
-53.05424032862514,0.07839293023149975,-0.5305424032862515,-2.1269928851760875,-2.199231580686961
-53.05424032862514,0.08210324210851058,-0.5305424032862515,-2.3330973200543443,-2.4166275110445596
-53.05424032862514,0.08581355398552143,-0.5305424032862515,-2.5487311003554116,-2.6472489952193734
-53.05424032862514,0.08952386586253226,-0.5305424032862515,-2.7738942260792885,-2.8910889359088277
-53.05424032862514,0.09323417773954311,-0.5305424032862515,-3.008586697225976,-3.1479961362659314
-53.05424032862514,0.09694448961655394,-0.5305424032862515,-3.2528085137954728,-3.4176636099923967
-53.05424032862514,0.10065480149356479,-0.5305424032862515,-3.50655967578778,-3.699620597978213
-53.05424032862514,0.10436511337057562,-0.5305424032862515,-3.769840183202897,-3.9932292644625673
-53.05424032862514,0.10807542524758647,-0.5305424032862515,-4.042650036040825,-4.297686931117205
-53.05424032862514,0.1117857371245973,-0.5305424032862515,-4.324989234301562,-4.6120345075919555
-53.05424032862514,0.11549604900160815,-0.5305424032862515,-4.61685777798511,-4.935171496805716
-53.05424032862514,0.11920636087861898,-0.5305424032862515,-4.918255667091467,-5.26587760844661
-53.05424032862514,0.12291667275562983,-0.5305424032862515,-5.229182901620635,-5.60284063131677
-53.05424032862514,0.12662698463264066,-0.5305424032862515,-5.549639481572612,-5.944689829463597
-53.05424032862514,0.1303372965096515,-0.5305424032862515,-5.879625406947399,-6.290033778164927
-53.05424032862514,0.13404760838666235,-0.5305424032862515,-6.219140677744997,-6.637501282596254
-53.05424032862514,0.13775792026367317,-0.5305424032862515,-6.568185293965404,-6.985783856437562
-53.05424032862514,0.14146823214068402,-0.5305424032862515,-6.926759255608622,-7.333678199778635
-53.05424032862514,0.14517854401769487,-0.5305424032862515,-7.294862562674649,-7.680127209881645
-53.05424032862514,0.1488888558947057,-0.5305424032862515,-7.6724952151634875,-8.024258272431531
-53.05424032862514,0.15259916777171653,-0.5305424032862515,-8.059657213075134,-8.365417887528855
-53.05424032862514,0.15630947964872738,-0.5305424032862515,-8.456348556409592,-8.703202045250471
-53.05424032862514,0.16001979152573823,-0.5305424032862515,-8.862569245166862,-9.03748213538901
-53.05424032862514,0.16373010340274907,-0.5305424032862515,-9.27831927934694,-9.36842650951031
-53.05424032862514,0.1674404152797599,-0.5305424032862515,-9.703598658949824,-9.696518069101241
-53.05424032862514,0.17115072715677074,-0.5305424032862515,-10.138407383975522,-10.022568396532328
-53.05424032862514,0.17486103903378158,-0.5305424032862515,-10.582745454424034,-10.347728949133607
-53.05424032862514,0.17857135091079243,-0.5305424032862515,-11.03661287029535,-10.673499681993361
-53.05424032862514,0.18228166278780325,-0.5305424032862515,-11.500009631589478,-11.001735140001642
-53.05424032862514,0.1859919746648141,-0.5305424032862515,-11.972935738306415,-11.334647558000418
-53.05424032862514,0.18970228654182494,-0.5305424032862515,-12.455391190446164,-11.67480583018036
-53.05424032862514,0.1934125984188358,-0.5305424032862515,-12.947375988008725,-12.02512836684213
-53.05424032862514,0.1971229102958466,-0.5305424032862515,-13.44889013099409,-12.388866876927809
-53.05424032862514,0.20083322217285746,-0.5305424032862515,-13.959933619402268,-12.7695770572718
-53.05424032862514,0.2045435340498683,-0.5305424032862515,-14.480506453233257,-13.171071140886793
-53.05424032862514,0.20825384592687915,-0.5305424032862515,-15.010608632487058,-13.597346431193085
-53.05424032862514,0.21196415780388997,-0.5305424032862515,-15.550240157163662,-14.052483587312542
-53.05424032862514,0.21567446968090082,-0.5305424032862515,-16.09940102726308,-14.54050888026899
-53.05424032862514,0.21938478155791166,-0.5305424032862515,-16.65809124278531,-15.065216336333616
-53.05424032862514,0.2230950934349225,-0.5305424032862515,-17.22631080373035,-15.629949053101802
-53.05424032862514,0.22680540531193333,-0.5305424032862515,-17.804059710098194,-16.237344323688397
-53.05424032862514,0.23051571718894417,-0.5305424032862515,-18.391337961888855,-16.889054520961952
-53.05424032862514,0.23422602906595502,-0.5305424032862515,-18.988145559102325,-17.5854644053813
-53.05424032862514,0.23793634094296587,-0.5305424032862515,-19.594482501738604,-18.32543429989678
-53.05424032862514,0.2416466528199767,-0.5305424032862515,-20.21034878979769,-19.106105314208598
-53.05424032862514,0.24535696469698753,-0.5305424032862515,-20.83574442327959,-19.922804897444394
-53.05424032862514,0.24906727657399838,-0.5305424032862515,-21.4706694021843,-20.769086050563857
-53.05424032862514,0.2527775884510092,-0.5305424032862515,-22.115123726511822,-21.636920327238958
-53.05424032862514,0.25648790032802005,-0.5305424032862515,-22.769107396262147,-22.51704423367275
-53.05424032862514,0.2601982122050309,-0.5305424032862515,-23.43262041143529,-23.399434300912226
-53.05424032862514,0.26390852408204174,-0.5305424032862515,-24.105662772031234,-24.273863428787294
-53.05424032862514,0.26761883595905256,-0.5305424032862515,-24.788234478049986,-25.130475966213282
-53.05424032862514,0.27132914783606343,-0.5305424032862515,-25.480335529491565,-25.960315611840198
-53.05424032862514,0.27503945971307425,-0.5305424032862515,-26.181965926355943,-26.75574953068101
-53.05424032862514,0.27874977159008507,-0.5305424032862515,-26.893125668643126,-27.51075138826133
-53.05424032862514,0.28246008346709595,-0.5305424032862515,-27.613814756353133,-28.221030038774845
-53.05424032862514,0.28617039534410676,-0.5305424032862515,-28.344033189485938,-28.884013487659413
-53.05424032862514,0.28988070722111764,-0.5305424032862515,-29.083780968041562,-29.498714890782935
-53.05424032862514,0.29359101909812846,-0.5305424032862515,-29.833058092019986,-30.065516540093988
-53.05424032862514,0.2973013309751393,-0.5305424032862515,-30.591864561421225,-30.58590922454234
-53.05424032862514,0.30101164285215015,-0.5305424032862515,-31.36020037624528,-31.062219927797052
-53.05424032862514,0.30472195472916097,-0.5305424032862515,-32.138065536492135,-31.49735307800774
-51.66636347715611,0.011607316445304631,-0.5166636347715611,-0.04625714794043959,-0.09818795552202486
-51.66636347715611,0.015317628322315471,-0.5166636347715611,-0.0805560675731892,-0.15232402499522113
-51.66636347715611,0.01902794019932631,-0.5166636347715611,-0.1243079082782281,-0.21119439365144643
-51.66636347715611,0.02273825207633715,-0.5166636347715611,-0.17751267005555632,-0.2752137581694307
-51.66636347715611,0.02644856395334799,-0.5166636347715611,-0.2401703529051739,-0.3448239721505715
-51.66636347715611,0.03015887583035883,-0.5166636347715611,-0.3122809568270808,-0.42049364652265675
-51.66636347715611,0.03386918770736967,-0.5166636347715611,-0.3938444818212771,-0.5027171427674322
-51.66636347715611,0.03757949958438051,-0.5166636347715611,-0.48486092788776264,-0.5920128290835271
-51.66636347715611,0.04128981146139135,-0.5166636347715611,-0.5853302950265376,-0.688920459068469
-51.66636347715611,0.04500012333840219,-0.5166636347715611,-0.6952525832376018,-0.7939975256189924
-51.66636347715611,0.04871043521541303,-0.5166636347715611,-0.8146277925209553,-0.9078144413921994
-51.66636347715611,0.05242074709242387,-0.5166636347715611,-0.9434559228765982,-1.0309484035819376
-51.66636347715611,0.05613105896943471,-0.5166636347715611,-1.0817369743045302,-1.1639758174809844
-51.66636347715611,0.05984137084644555,-0.5166636347715611,-1.2294709468047518,-1.3074631830195935
-51.66636347715611,0.06355168272345639,-0.5166636347715611,-1.3866578403772627,-1.4619563938407918
-51.66636347715611,0.06726199460046722,-0.5166636347715611,-1.5532976550220623,-1.627968461760355
-51.66636347715611,0.07097230647747807,-0.5166636347715611,-1.7293903907391521,-1.805965762123095
-51.66636347715611,0.0746826183544889,-0.5166636347715611,-1.9149360475285306,-1.9963529977265098
-51.66636347715611,0.07839293023149975,-0.5166636347715611,-2.1099346253901987,-2.1994571988268192
-51.66636347715611,0.08210324210851058,-0.5166636347715611,-2.314386124324156,-2.415511209954384
-51.66636347715611,0.08581355398552143,-0.5166636347715611,-2.528290544330403,-2.6446372535609504
-51.66636347715611,0.08952386586253226,-0.5166636347715611,-2.7516478854089392,-2.88683129545421
-51.66636347715611,0.09323417773954311,-0.5166636347715611,-2.9844581475597645,-3.1419490541528603
-51.66636347715611,0.09694448961655394,-0.5166636347715611,-3.2267213307828793,-3.4096945801661196
-51.66636347715611,0.10065480149356479,-0.5166636347715611,-3.478437435078283,-3.6896123654785558
-51.66636347715611,0.10436511337057562,-0.5166636347715611,-3.7396064604459767,-3.981083913254286
-51.66636347715611,0.10807542524758647,-0.5166636347715611,-4.01022840688596,-4.2833295918660355
-51.66636347715611,0.1117857371245973,-0.5166636347715611,-4.290303274398231,-4.595416411214107
-51.66636347715611,0.11549604900160815,-0.5166636347715611,-4.579831062982793,-4.916272097114709
-51.66636347715611,0.11920636087861898,-0.5166636347715611,-4.878811772639644,-5.24470551561344
-51.66636347715611,0.12291667275562983,-0.5166636347715611,-5.187245403368784,-5.579433137736112
-51.66636347715611,0.12662698463264066,-0.5166636347715611,-5.505131955170213,-5.919110868867978
-51.66636347715611,0.1303372965096515,-0.5166636347715611,-5.832471428043931,-6.262370232609166
-51.66636347715611,0.13404760838666235,-0.5166636347715611,-6.16926382198994,-6.60785763311806
-51.66636347715611,0.13775792026367317,-0.5166636347715611,-6.515509137008236,-6.954275253296192
-51.66636347715611,0.14146823214068402,-0.5166636347715611,-6.871207373098823,-7.300422098570047
-51.66636347715611,0.14517854401769487,-0.5166636347715611,-7.236358530261699,-7.645233773151308
-51.66636347715611,0.1488888558947057,-0.5166636347715611,-7.610962608496865,-7.987819767732615
-51.66636347715611,0.15259916777171653,-0.5166636347715611,-7.995019607804318,-8.32749732058851
-51.66636347715611,0.15630947964872738,-0.5166636347715611,-8.388529528184062,-8.663821253070857
-51.66636347715611,0.16001979152573823,-0.5166636347715611,-8.791492369636096,-8.996609534324934
-51.66636347715611,0.16373010340274907,-0.5166636347715611,-9.20390813216042,-9.325964656246647
-51.66636347715611,0.1674404152797599,-0.5166636347715611,-9.625776815757028,-9.65229115886357
-51.66636347715611,0.17115072715677074,-0.5166636347715611,-10.05709842042593,-9.976309805116166
-51.66636347715611,0.17486103903378158,-0.5166636347715611,-10.497872946167123,-10.29906893647756
-51.66636347715611,0.17857135091079243,-0.5166636347715611,-10.948100392980603,-10.621953428250594
-51.66636347715611,0.18228166278780325,-0.5166636347715611,-11.407780760866371,-10.946691393190955
-51.66636347715611,0.1859919746648141,-0.5166636347715611,-11.876914049824428,-11.275358346996686
-51.66636347715611,0.18970228654182494,-0.5166636347715611,-12.355500259854779,-11.610377947180774
-51.66636347715611,0.1934125984188358,-0.5166636347715611,-12.843539390957417,-11.954517653694834
-51.66636347715611,0.1971229102958466,-0.5166636347715611,-13.34103144313234,-12.310876754911165
-51.66636347715611,0.20083322217285746,-0.5166636347715611,-13.847976416379556,-12.68286319979378
-51.66636347715611,0.2045435340498683,-0.5166636347715611,-14.364374310699063,-13.07415465902711
-51.66636347715611,0.20825384592687915,-0.5166636347715611,-14.890225126090858,-13.488638345130365
-51.66636347715611,0.21196415780388997,-0.5166636347715611,-15.42552886255494,-13.930323571573739
-51.66636347715611,0.21567446968090082,-0.5166636347715611,-15.970285520091313,-14.403221129670143
-51.66636347715611,0.21938478155791166,-0.5166636347715611,-16.524495098699976,-14.911184696629261
-51.66636347715611,0.2230950934349225,-0.5166636347715611,-17.088157598380928,-15.457712082661756
-51.66636347715611,0.22680540531193333,-0.5166636347715611,-17.661273019134164,-16.045708541364835
-51.66636347715611,0.23051571718894417,-0.5166636347715611,-18.2438413609597,-16.67722074110485
-51.66636347715611,0.23422602906595502,-0.5166636347715611,-18.83586262385752,-17.35315801680285
-51.66636347715611,0.23793634094296587,-0.5166636347715611,-19.43733680782763,-18.073026221838344
-51.66636347715611,0.2416466528199767,-0.5166636347715611,-20.048263912870024,-18.83470713914392
-51.66636347715611,0.24535696469698753,-0.5166636347715611,-20.66864393898471,-19.63432061815526
-51.66636347715611,0.24906727657399838,-0.5166636347715611,-21.29847688617169,-20.466204880482284
-51.66636347715611,0.2527775884510092,-0.5166636347715611,-21.93776275443096,-21.323041010165174
-51.66636347715611,0.25648790032802005,-0.5166636347715611,-22.586501543762513,-22.196130455478308
-51.66636347715611,0.2601982122050309,-0.5166636347715611,-23.244693254166364,-23.075811748784286
-51.66636347715611,0.26390852408204174,-0.5166636347715611,-23.912337885642494,-23.951979202357943
-51.66636347715611,0.26761883595905256,-0.5166636347715611,-24.58943543819091,-24.81464780271989
-51.66636347715611,0.27132914783606343,-0.5166636347715611,-25.27598591181163,-25.65449990876256
-51.66636347715611,0.27503945971307425,-0.5166636347715611,-25.971989306504632,-26.46335308166919
-51.66636347715611,0.27874977159008507,-0.5166636347715611,-26.677445622269918,-27.234503337311352
-51.66636347715611,0.28246008346709595,-0.5166636347715611,-27.392354859107506,-27.9629201359324
-51.66636347715611,0.28617039534410676,-0.5166636347715611,-28.116717017017372,-28.645292846925788
-51.66636347715611,0.28988070722111764,-0.5166636347715611,-28.85053209599954,-29.279948060789543
-51.66636347715611,0.29359101909812846,-0.5166636347715611,-29.593800096053982,-29.866669715787562
-51.66636347715611,0.2973013309751393,-0.5166636347715611,-30.346521017180716,-30.406458741578952
-51.66636347715611,0.30101164285215015,-0.5166636347715611,-31.108694859379753,-30.90126698146437
-51.66636347715611,0.30472195472916097,-0.5166636347715611,-31.880321622651064,-31.353733819614526
-50.27848662568707,0.011607316445304631,-0.5027848662568707,-0.04588317121290172,-0.10428634859334851
-50.27848662568707,0.015317628322315471,-0.5027848662568707,-0.07990479321072458,-0.15858232771334624
-50.27848662568707,0.01902794019932631,-0.5027848662568707,-0.12330291193031603,-0.21759653918476785
-50.27848662568707,0.02273825207633715,-0.5027848662568707,-0.1760775273716761,-0.2817389024758028
-50.27848662568707,0.02644856395334799,-0.5027848662568707,-0.2382286395348048,-0.3514458160518181
-50.27848662568707,0.03015887583035883,-0.5027848662568707,-0.3097562484197021,-0.42717971907218466
-50.27848662568707,0.03386918770736967,-0.5027848662568707,-0.3906603540263681,-0.5094280576430248
-50.27848662568707,0.03757949958438051,-0.5027848662568707,-0.4809409563548026,-0.5987015305211236
-50.27848662568707,0.04128981146139135,-0.5027848662568707,-0.5805980554050058,-0.6955314794277654
-50.27848662568707,0.04500012333840219,-0.5027848662568707,-0.6896316511769776,-0.8004662829661275
-50.27848662568707,0.04871043521541303,-0.5027848662568707,-0.8080417436707179,-0.9140666123316952
-50.27848662568707,0.05242074709242387,-0.5027848662568707,-0.9358283328862269,-1.036899413681513
-50.27848662568707,0.05613105896943471,-0.5027848662568707,-1.0729914188235046,-1.16953049856801
-50.27848662568707,0.05984137084644555,-0.5027848662568707,-1.2195310014825507,-1.3125156527742026
-50.27848662568707,0.06355168272345639,-0.5027848662568707,-1.3754470808633656,-1.4663902176682582
-50.27848662568707,0.06726199460046722,-0.5027848662568707,-1.5407396569659486,-1.6316571589170108
-50.27848662568707,0.07097230647747807,-0.5027848662568707,-1.715408729790301,-1.8087737163778517
-50.27848662568707,0.0746826183544889,-0.5027848662568707,-1.8994542993364214,-1.9981368262789094
-50.27848662568707,0.07839293023149975,-0.5027848662568707,-2.092876365604311,-2.2000676206431296
-50.27848662568707,0.08210324210851058,-0.5027848662568707,-2.2956749285939684,-2.4147954352187244
-50.27848662568707,0.08581355398552143,-0.5027848662568707,-2.507849988305395,-2.6424418890937815
-50.27848662568707,0.08952386586253226,-0.5027848662568707,-2.72940154473859,-2.883005726912092
-50.27848662568707,0.09323417773954311,-0.5027848662568707,-2.960329597893554,-3.1363492256578125
-50.27848662568707,0.09694448961655394,-0.5027848662568707,-3.200634147770286,-3.4021870478199063
-50.27848662568707,0.10065480149356479,-0.5027848662568707,-3.450315194368787,-3.680078456179171
-50.27848662568707,0.10436511337057562,-0.5027848662568707,-3.7093727376890566,-3.9694237784772173
-50.27848662568707,0.10807542524758647,-0.5027848662568707,-3.9778067777310953,-4.269465912351853
-50.27848662568707,0.1117857371245973,-0.5027848662568707,-4.255617314494901,-4.579297487643532
-50.27848662568707,0.11549604900160815,-0.5027848662568707,-4.542804347980477,-4.897874058054687
-50.27848662568707,0.11920636087861898,-0.5027848662568707,-4.83936787818782,-5.224033390098185
-50.27848662568707,0.12291667275562983,-0.5027848662568707,-5.145307905116934,-5.556520576540359
-50.27848662568707,0.12662698463264066,-0.5027848662568707,-5.460624428767815,-5.894018354048585
-50.27848662568707,0.1303372965096515,-0.5027848662568707,-5.785317449140464,-6.235181684847223
-50.27848662568707,0.13404760838666235,-0.5027848662568707,-6.119386966234884,-6.57867540418504
-50.27848662568707,0.13775792026367317,-0.5027848662568707,-6.462832980051069,-6.9232135685983405
-50.27848662568707,0.14146823214068402,-0.5027848662568707,-6.815655490589026,-7.267599083948525
-50.27848662568707,0.14517854401769487,-0.5027848662568707,-7.17785449784875,-7.610762253705975
-50.27848662568707,0.1488888558947057,-0.5027848662568707,-7.549430001830244,-7.95179705934904
-50.27848662568707,0.15259916777171653,-0.5027848662568707,-7.930382002533503,-8.289994245065714
-50.27848662568707,0.15630947964872738,-0.5027848662568707,-8.320710499958533,-8.624870596688982
-50.27848662568707,0.16001979152573823,-0.5027848662568707,-8.720415494105334,-8.956194142141271
-50.27848662568707,0.16373010340274907,-0.5027848662568707,-9.129496984973901,-9.284005318061048
-50.27848662568707,0.1674404152797599,-0.5027848662568707,-9.547954972564234,-9.608634407573504
-50.27848662568707,0.17115072715677074,-0.5027848662568707,-9.97578945687634,-9.93071572548258
-50.27848662568707,0.17486103903378158,-0.5027848662568707,-10.413000437910215,-10.251199084351532
-50.27848662568707,0.17857135091079243,-0.5027848662568707,-10.859587915665855,-10.571358999542085
-50.27848662568707,0.18228166278780325,-0.5027848662568707,-11.315551890143265,-10.89280187058102
-50.27848662568707,0.1859919746648141,-0.5027848662568707,-11.780892361342444,-11.21747100211337
-50.27848662568707,0.18970228654182494,-0.5027848662568707,-12.255609329263393,-11.547648796379429
-50.27848662568707,0.1934125984188358,-0.5027848662568707,-12.739702793906112,-11.88595476266202
-50.27848662568707,0.1971229102958466,-0.5027848662568707,-13.233172755270592,-12.235337159904597
-50.27848662568707,0.20083322217285746,-0.5027848662568707,-13.736019213356846,-12.59905514791543
-50.27848662568707,0.2045435340498683,-0.5027848662568707,-14.24824216816487,-12.980647333157181
-50.27848662568707,0.20825384592687915,-0.5027848662568707,-14.769841619694661,-13.383881668593515
-50.27848662568707,0.21196415780388997,-0.5027848662568707,-15.300817567946218,-13.812680982228175
-50.27848662568707,0.21567446968090082,-0.5027848662568707,-15.841170012919546,-14.271018226933744
-50.27848662568707,0.21938478155791166,-0.5027848662568707,-16.390898954614645,-14.762776209947296
-50.27848662568707,0.2230950934349225,-0.5027848662568707,-16.95000439303151,-15.291568476477869
-50.27848662568707,0.22680540531193333,-0.5027848662568707,-17.51848632817014,-15.860521575920886
-50.27848662568707,0.23051571718894417,-0.5027848662568707,-18.096344760030544,-16.47202437170521
-50.27848662568707,0.23422602906595502,-0.5027848662568707,-18.683579688612717,-17.127457268538393
-50.27848662568707,0.23793634094296587,-0.5027848662568707,-19.280191113916658,-17.82692256967315
-50.27848662568707,0.2416466528199767,-0.5027848662568707,-19.886179035942362,-18.569005270076303
-50.27848662568707,0.24535696469698753,-0.5027848662568707,-20.501543454689838,-19.3505993680101
-50.27848662568707,0.24906727657399838,-0.5027848662568707,-21.126284370159087,-20.16683579544014
-50.27848662568707,0.2527775884510092,-0.5027848662568707,-21.760401782350105,-21.011142205152503
-50.27848662568707,0.25648790032802005,-0.5027848662568707,-22.403895691262882,-21.875451241444765
-50.27848662568707,0.2601982122050309,-0.5027848662568707,-23.05676609689744,-22.750553781507193
-50.27848662568707,0.26390852408204174,-0.5027848662568707,-23.719012999253753,-23.626570537233942
-50.27848662568707,0.26761883595905256,-0.5027848662568707,-24.390636398331836,-24.49349460887866
-50.27848662568707,0.27132914783606343,-0.5027848662568707,-25.0716362941317,-25.34174446952893
-50.27848662568707,0.27503945971307425,-0.5027848662568707,-25.762012686653325,-26.16266505773738
-50.27848662568707,0.27874977159008507,-0.5027848662568707,-26.461765575896713,-26.948924650578522
-50.27848662568707,0.28246008346709595,-0.5027848662568707,-27.170894961861887,-27.69477414499294
-50.27848662568707,0.28617039534410676,-0.5027848662568707,-27.88940084454881,-28.396158236348562
-50.27848662568707,0.28988070722111764,-0.5027848662568707,-28.617283223957518,-29.050689307010437
-50.27848662568707,0.29359101909812846,-0.5027848662568707,-29.354542100087983,-29.657510502398406
-50.27848662568707,0.2973013309751393,-0.5027848662568707,-30.10117747294022,-30.217082599940472
-50.27848662568707,0.30101164285215015,-0.5027848662568707,-30.857189342514232,-30.730930200305703
-50.27848662568707,0.30472195472916097,-0.5027848662568707,-31.62257770881,-31.201378317786077
-48.89060977421804,0.011607316445304631,-0.4889060977421804,-0.045509194485363835,-0.11057114892191766
-48.89060977421804,0.015317628322315471,-0.4889060977421804,-0.07925351884825996,-0.165034818082209
-48.89060977421804,0.01902794019932631,-0.4889060977421804,-0.12229791558240395,-0.22420085076664975
-48.89060977421804,0.02273825207633715,-0.4889060977421804,-0.17464238468779586,-0.2884743973107238
-48.89060977421804,0.02644856395334799,-0.4889060977421804,-0.2362869261644357,-0.3582864134670656
-48.89060977421804,0.03015887583035883,-0.4889060977421804,-0.3072315400123234,-0.43409318424686116
-48.89060977421804,0.03386918770736967,-0.4889060977421804,-0.3874762262314591,-0.5163752639670598
-48.89060977421804,0.03757949958438051,-0.4889060977421804,-0.4770209848218426,-0.6056357120810869
-48.89060977421804,0.04128981146139135,-0.4889060977421804,-0.5758658157834741,-0.7023974953954091
-48.89060977421804,0.04500012333840219,-0.4889060977421804,-0.6840107191163534,-0.8071999217972956
-48.89060977421804,0.04871043521541303,-0.4889060977421804,-0.8014556948204806,-0.9205939703399584
-48.89060977421804,0.05242074709242387,-0.4889060977421804,-0.9282007428958557,-1.0431363894496495
-48.89060977421804,0.05613105896943471,-0.4889060977421804,-1.0642458633424787,-1.1753824513769269
-48.89060977421804,0.05984137084644555,-0.4889060977421804,-1.2095910561603496,-1.3178772791709163
-48.89060977421804,0.06355168272345639,-0.4889060977421804,-1.3642363213494686,-1.471145704694957
-48.89060977421804,0.06726199460046722,-0.4889060977421804,-1.528181658909835,-1.6356806744467707
-48.89060977421804,0.07097230647747807,-0.4889060977421804,-1.7014270688414497,-1.8119302953802445
-48.89060977421804,0.0746826183544889,-0.4889060977421804,-1.883972551144312,-2.000283705541823
-48.89060977421804,0.07839293023149975,-0.4889060977421804,-2.0758181058184224,-2.2010560624282745
-48.89060977421804,0.08210324210851058,-0.4889060977421804,-2.2769637328637806,-2.4144730616622114
-48.89060977421804,0.08581355398552143,-0.4889060977421804,-2.487409432280387,-2.6406555234229274
-48.89060977421804,0.08952386586253226,-0.4889060977421804,-2.707155204068241,-2.8796047048999815
-48.89060977421804,0.09323417773954311,-0.4889060977421804,-2.936201048227343,-3.131189102172623
-48.89060977421804,0.09694448961655394,-0.4889060977421804,-3.174546964757693,-3.395133580818048
-48.89060977421804,0.10065480149356479,-0.4889060977421804,-3.4221929536592905,-3.6710117070298964
-48.89060977421804,0.10436511337057562,-0.4889060977421804,-3.6791390149321366,-3.9582421269893655
-48.89060977421804,0.10807542524758647,-0.4889060977421804,-3.9453851485762303,-4.256089751799677
-48.89060977421804,0.1117857371245973,-0.4889060977421804,-4.220931354591571,-4.563672344058742
-48.89060977421804,0.11549604900160815,-0.4889060977421804,-4.505777632978162,-4.879972873119381
-48.89060977421804,0.11920636087861898,-0.4889060977421804,-4.799923983735998,-5.203857720921587
-48.89060977421804,0.12291667275562983,-0.4889060977421804,-5.103370406865084,-5.534100499296447
-48.89060977421804,0.12662698463264066,-0.4889060977421804,-5.416116902365417,-5.869410910391174
-48.89060977421804,0.1303372965096515,-0.4889060977421804,-5.738163470236998,-6.208467776243821
-48.89060977421804,0.13404760838666235,-0.4889060977421804,-6.069510110479827,-6.54995511371793
-48.89060977421804,0.13775792026367317,-0.4889060977421804,-6.410156823093903,-6.892599964859979
-48.89060977421804,0.14146823214068402,-0.4889060977421804,-6.760103608079228,-7.2352106295388054
-48.89060977421804,0.14517854401769487,-0.4889060977421804,-7.119350465435801,-7.576713994471486
-48.89060977421804,0.1488888558947057,-0.4889060977421804,-7.487897395163622,-7.916190804773702
-48.89060977421804,0.15259916777171653,-0.4889060977421804,-7.865744397262689,-8.252907962772985
-48.89060977421804,0.15630947964872738,-0.4889060977421804,-8.252891471733006,-8.586347235692873
-48.89060977421804,0.16001979152573823,-0.4889060977421804,-8.649338618574571,-8.91623007431598
-48.89060977421804,0.16373010340274907,-0.4889060977421804,-9.055085837787383,-9.242538552127357
-48.89060977421804,0.1674404152797599,-0.4889060977421804,-9.47013312937144,-9.565532693747807
-48.89060977421804,0.17115072715677074,-0.4889060977421804,-9.89448049332675,-9.885764642322934
-48.89060977421804,0.17486103903378158,-0.4889060977421804,-10.328127929653306,-10.204090193641697
-48.89060977421804,0.17857135091079243,-0.4889060977421804,-10.77107543835111,-10.521678182025129
-48.89060977421804,0.18228166278780325,-0.4889060977421804,-11.22332301942016,-10.840018026693157
-48.89060977421804,0.1859919746648141,-0.4889060977421804,-11.684870672860459,-11.160925428801749
-48.89060977421804,0.18970228654182494,-0.4889060977421804,-12.15571839867201,-11.486545743575261
-48.89060977421804,0.1934125984188358,-0.4889060977421804,-12.635866196854806,-11.819353938228963
-48.89060977421804,0.1971229102958466,-0.4889060977421804,-13.125314067408846,-12.162149291647466
-48.89060977421804,0.20083322217285746,-0.4889060977421804,-13.624062010334136,-12.518042117433973
-48.89060977421804,0.2045435340498683,-0.4889060977421804,-14.132110025630677,-12.890428844612265
-48.89060977421804,0.20825384592687915,-0.4889060977421804,-14.649458113298465,-13.282950856801872
-48.89060977421804,0.21196415780388997,-0.4889060977421804,-15.176106273337497,-13.699431715853352
-48.89060977421804,0.21567446968090082,-0.4889060977421804,-15.712054505747782,-14.14378699898421
-48.89060977421804,0.21938478155791166,-0.4889060977421804,-16.257302810529314,-14.619901261098148
-48.89060977421804,0.2230950934349225,-0.4889060977421804,-16.81185118768209,-15.131467967513826
-48.89060977421804,0.22680540531193333,-0.4889060977421804,-17.375699637206115,-15.681791017949832
-48.89060977421804,0.23051571718894417,-0.4889060977421804,-17.948848159101388,-16.273551008696337
-48.89060977421804,0.23422602906595502,-0.4889060977421804,-18.53129675336791,-16.908545719756496
-48.89060977421804,0.23793634094296587,-0.4889060977421804,-19.123045420005685,-17.587422081039
-48.89060977421804,0.2416466528199767,-0.4889060977421804,-19.724094159014697,-18.309425041137217
-48.89060977421804,0.24535696469698753,-0.4889060977421804,-20.334442970394967,-19.072195599091135
-48.89060977421804,0.24906727657399838,-0.4889060977421804,-20.95409185414648,-19.87165349689352
-48.89060977421804,0.2527775884510092,-0.4889060977421804,-21.583040810269246,-20.70199742734191
-48.89060977421804,0.25648790032802005,-0.4889060977421804,-22.22128983876325,-21.555845616874784
-48.89060977421804,0.2601982122050309,-0.4889060977421804,-22.868838939628514,-22.42452252766168
-48.89060977421804,0.26390852408204174,-0.4889060977421804,-23.525688112865016,-23.298475667134525
-48.89060977421804,0.26761883595905256,-0.4889060977421804,-24.191837358472764,-24.167784598809614
-48.89060977421804,0.27132914783606343,-0.4889060977421804,-24.867286676451773,-25.022707587447393
-48.89060977421804,0.27503945971307425,-0.4889060977421804,-25.55203606680202,-25.85420436041671
-48.89060977421804,0.27874977159008507,-0.4889060977421804,-26.246085529523512,-26.654378160635382
-48.89060977421804,0.28246008346709595,-0.4889060977421804,-26.949435064616264,-27.416795255528875
-48.89060977421804,0.28617039534410676,-0.4889060977421804,-27.66208467208025,-28.1366612489572
-48.89060977421804,0.28988070722111764,-0.4889060977421804,-28.3840343519155,-28.810855598207613
-48.89060977421804,0.29359101909812846,-0.4889060977421804,-29.115284104121983,-29.437843921957175
-48.89060977421804,0.2973013309751393,-0.4889060977421804,-29.855833928699717,-30.017499119249468
-48.89060977421804,0.30101164285215015,-0.4889060977421804,-30.605683825648708,-30.550866377313078
-48.89060977421804,0.30472195472916097,-0.4889060977421804,-31.364833794968934,-31.039905021424254
-47.502732922749004,0.011607316445304631,-0.47502732922749,-0.04513521775782596,-0.11704353992708283
-47.502732922749004,0.015317628322315471,-0.47502732922749,-0.07860224448579534,-0.1716824330261093
-47.502732922749004,0.01902794019932631,-0.47502732922749,-0.12129291923449188,-0.23100798914963772
-47.502732922749004,0.02273825207633715,-0.47502732922749,-0.1732072420039156,-0.2954205967019963
-47.502732922749004,0.02644856395334799,-0.47502732922749,-0.23434521279406656,-0.3653457806037288
-47.502732922749004,0.03015887583035883,-0.47502732922749,-0.30470683160494466,-0.44123368920678363
-47.502732922749004,0.03386918770736967,-0.47502732922749,-0.3842920984365501,-0.5235580089915413
-47.502732922749004,0.03757949958438051,-0.47502732922749,-0.47310101328888254,-0.6128141912038831
-47.502732922749004,0.04128981146139135,-0.47502732922749,-0.5711335761619423,-0.7095168663469771
-47.502732922749004,0.04500012333840219,-0.47502732922749,-0.6783897870557292,-0.8141963176223697
-47.502732922749004,0.04871043521541303,-0.47502732922749,-0.7948696459702432,-0.9273938846313157
-47.502732922749004,0.05242074709242387,-0.47502732922749,-0.9205731529054845,-1.0496561757871543
-47.502732922749004,0.05613105896943471,-0.47502732922749,-1.0555003078614529,-1.1815279840558586
-47.502732922749004,0.05984137084644555,-0.47502732922749,-1.1996511108381485,-1.323543828037816
-47.502732922749004,0.06355168272345639,-0.47502732922749,-1.3530255618355713,-1.4762180811464574
-47.502732922749004,0.06726199460046722,-0.47502732922749,-1.515623660853721,-1.6400337074916802
-47.502732922749004,0.07097230647747807,-0.47502732922749,-1.6874454078925984,-1.815429695098604
-47.502732922749004,0.0746826183544889,-0.47502732922749,-1.8684908029522027,-2.0027873652199184
-47.502732922749004,0.07839293023149975,-0.47502732922749,-2.0587598460325345,-2.2024158390819135
-47.502732922749004,0.08210324210851058,-0.47502732922749,-2.258252537133593,-2.4145370567577498
-47.502732922749004,0.08581355398552143,-0.47502732922749,-2.466968876255379,-2.639270860926949
-47.502732922749004,0.08952386586253226,-0.47502732922749,-2.684908863397892,-2.876620772483607
-47.502732922749004,0.09323417773954311,-0.47502732922749,-2.9120724985611326,-3.1264611843922188
-47.502732922749004,0.09694448961655394,-0.47502732922749,-3.1484597817450997,-3.388526772239576
-47.502732922749004,0.10065480149356479,-0.47502732922749,-3.3940707129497945,-3.662404951371828
-47.502732922749004,0.10436511337057562,-0.47502732922749,-3.6489052921752165,-3.947532189102219
-47.502732922749004,0.10807542524758647,-0.47502732922749,-3.912963519421366,-4.243194896935975
-47.502732922749004,0.1117857371245973,-0.47502732922749,-4.186245394688242,-4.5485354777951645
-47.502732922749004,0.11549604900160815,-0.47502732922749,-4.468750917975846,-4.862563889371156
-47.502732922749004,0.11920636087861898,-0.47502732922749,-4.760480089284176,-5.18417481747959
-47.502732922749004,0.12291667275562983,-0.47502732922749,-5.061432908613234,-5.512170251189714
-47.502732922749004,0.12662698463264066,-0.47502732922749,-5.371609375963018,-5.845286939893658
-47.502732922749004,0.1303372965096515,-0.47502732922749,-5.6910094913335305,-6.182227920938651
-47.502732922749004,0.13404760838666235,-0.47502732922749,-6.019633254724771,-6.521697065078946
-47.502732922749004,0.13775792026367317,-0.47502732922749,-6.357480666136736,-6.862435422270851
-47.502732922749004,0.14146823214068402,-0.47502732922749,-6.704551725569431,-7.2032580810552975
-47.502732922749004,0.14517854401769487,-0.47502732922749,-7.060846433022851,-7.543090289098789
-47.502732922749004,0.1488888558947057,-0.47502732922749,-7.4263647884970005,-7.881001716431015
-47.502732922749004,0.15259916777171653,-0.47502732922749,-7.801106791991874,-8.216237960821552
-47.502732922749004,0.15630947964872738,-0.47502732922749,-8.185072443507478,-8.548248671242026
-47.502732922749004,0.16001979152573823,-0.47502732922749,-8.578261743043807,-8.876711968838427
-47.502732922749004,0.16373010340274907,-0.47502732922749,-8.980674690600866,-9.201555141246914
-47.502732922749004,0.1674404152797599,-0.47502732922749,-9.392311286178646,-9.522971842589948
-47.502732922749004,0.17115072715677074,-0.47502732922749,-9.813171529777158,-9.841436219218064
-47.502732922749004,0.17486103903378158,-0.47502732922749,-10.243255421396398,-10.157714476824474
-47.502732922749004,0.17857135091079243,-0.47502732922749,-10.682562961036364,-10.47287439029168
-47.502732922749004,0.18228166278780325,-0.47502732922749,-11.131094148697056,-10.788293120859374
-47.502732922749004,0.1859919746648141,-0.47502732922749,-11.588848984378474,-11.105663437078004
-47.502732922749004,0.18970228654182494,-0.47502732922749,-12.055827468080624,-11.426998030629216
-47.502732922749004,0.1934125984188358,-0.47502732922749,-12.532029599803499,-11.754631072770197
-47.502732922749004,0.1971229102958466,-0.47502732922749,-13.017455379547098,-12.091215474755959
-47.502732922749004,0.20083322217285746,-0.47502732922749,-13.512104807311426,-12.43971350979722
-47.502732922749004,0.2045435340498683,-0.47502732922749,-14.015977883096484,-12.803377558392189
-47.502732922749004,0.20825384592687915,-0.47502732922749,-14.529074606902268,-13.18571681945697
-47.502732922749004,0.21196415780388997,-0.47502732922749,-15.051394978728775,-13.590445001808915
-47.502732922749004,0.21567446968090082,-0.47502732922749,-15.582938998576015,-14.021403455438026
-47.502732922749004,0.21938478155791166,-0.47502732922749,-16.12370666644398,-14.482454178812082
-47.502732922749004,0.2230950934349225,-0.47502732922749,-16.673697982332673,-14.977337981636298
-47.502732922749004,0.22680540531193333,-0.47502732922749,-17.232912946242088,-15.509495170218896
-47.502732922749004,0.23051571718894417,-0.47502732922749,-17.801351558172236,-16.08184980053849
-47.502732922749004,0.23422602906595502,-0.47502732922749,-18.37901381812311,-16.696563992883213
-47.502732922749004,0.23793634094296587,-0.47502732922749,-18.96589972609471,-17.354775853567297
-47.502732922749004,0.2416466528199767,-0.47502732922749,-19.562009282087036,-18.05634248994318
-47.502732922749004,0.24535696469698753,-0.47502732922749,-20.167342486100093,-18.799617045095264
-47.502732922749004,0.24906727657399838,-0.47502732922749,-20.781899338133876,-19.581293607414906
-47.502732922749004,0.2527775884510092,-0.47502732922749,-21.405679838188387,-20.396353987845384
-47.502732922749004,0.25648790032802005,-0.47502732922749,-22.03868398626362,-21.23814383471899
-47.502732922749004,0.2601982122050309,-0.47502732922749,-22.68091178235959,-22.09859178344725
-47.502732922749004,0.26390852408204174,-0.47502732922749,-23.332363226476275,-22.968565731217126
-47.502732922749004,0.26761883595905256,-0.47502732922749,-23.99303831861369,-23.838338455420033
-47.502732922749004,0.27132914783606343,-0.47502732922749,-24.662937058771842,-24.698115663955743
-47.502732922749004,0.27503945971307425,-0.47502732922749,-25.342059446950714,-25.538568115604562
-47.502732922749004,0.27874977159008507,-0.47502732922749,-26.030405483150307,-26.351308820612473
-47.502732922749004,0.28246008346709595,-0.47502732922749,-26.72797516737064,-27.12926668326592
-47.502732922749004,0.28617039534410676,-0.47502732922749,-27.43476849961169,-27.866926398257505
-47.502732922749004,0.28988070722111764,-0.47502732922749,-28.15078547987348,-28.560426140494638
-47.502732922749004,0.29359101909812846,-0.47502732922749,-28.87602610815598,-29.207524544426064
-47.502732922749004,0.2973013309751393,-0.47502732922749,-29.610490384459215,-29.80746291792537
-47.502732922749004,0.30101164285215015,-0.47502732922749,-30.354178308783187,-30.36075595053044
-47.502732922749004,0.30472195472916097,-0.47502732922749,-31.10708988112787,-30.8689447613478
-46.11485607127997,0.011607316445304631,-0.46114856071279975,-0.044761241030288085,-0.12370476801667607
-46.11485607127997,0.015317628322315471,-0.46114856071279975,-0.07795097012333072,-0.17852617144162997
-46.11485607127997,0.01902794019932631,-0.46114856071279975,-0.12028792288657982,-0.23801867636880036
-46.11485607127997,0.02273825207633715,-0.46114856071279975,-0.17177209932003537,-0.30257791568199943
-46.11485607127997,0.02644856395334799,-0.46114856071279975,-0.23240349942369745,-0.3726239948909362
-46.11485607127997,0.03015887583035883,-0.46114856071279975,-0.302182123197566,-0.44860094312270027
-46.11485607127997,0.03386918770736967,-0.46114856071279975,-0.38110797064164104,-0.5309756034036015
-46.11485607127997,0.03757949958438051,-0.46114856071279975,-0.4691810417559225,-0.6202358508690868
-46.11485607127997,0.04128981146139135,-0.46114856071279975,-0.5664013365404105,-0.7168880199967416
-46.11485607127997,0.04500012333840219,-0.46114856071279975,-0.672768854995105,-0.8214534177634496
-46.11485607127997,0.04871043521541303,-0.46114856071279975,-0.788283597120006,-0.9344638003109793
-46.11485607127997,0.05242074709242387,-0.46114856071279975,-0.9129455629151133,-1.0564556980430497
-46.11485607127997,0.05613105896943471,-0.46114856071279975,-1.0467547523804273,-1.1879634900430922
-46.11485607127997,0.05984137084644555,-0.46114856071279975,-1.1897111655159474,-1.3295111553496723
-46.11485607127997,0.06355168272345639,-0.46114856071279975,-1.3418148023216743,-1.481602667913664
-46.11485607127997,0.06726199460046722,-0.46114856071279975,-1.5030656627976073,-1.6447110556032145
-46.11485607127997,0.07097230647747807,-0.46114856071279975,-1.6734637469437472,-1.8192662123622538
-46.11485607127997,0.0746826183544889,-0.46114856071279975,-1.8530090547600933,-2.0056416364494605
-46.11485607127997,0.07839293023149975,-0.46114856071279975,-2.041701586246646,-2.204140364986736
-46.11485607127997,0.08210324210851058,-0.46114856071279975,-2.239541341403405,-2.414980482336303
-46.11485607127997,0.08581355398552143,-0.46114856071279975,-2.446528320230371,-2.6382806914091663
-46.11485607127997,0.08952386586253226,-0.46114856071279975,-2.662662522727543,-2.874046544862339
-46.11485607127997,0.09323417773954311,-0.46114856071279975,-2.8879439488949217,-3.1221580270975933
-46.11485607127997,0.09694448961655394,-0.46114856071279975,-3.1223725987325066,-3.3823592462769634
-46.11485607127997,0.10065480149356479,-0.46114856071279975,-3.3659484722402984,-3.6542510259063987
-46.11485607127997,0.10436511337057562,-0.46114856071279975,-3.618671569418296,-3.9372871664920437
-46.11485607127997,0.10807542524758647,-0.46114856071279975,-3.8805418902665014,-4.230775070614419
-46.11485607127997,0.1117857371245973,-0.46114856071279975,-4.151559434784912,-4.5338812853451405
-46.11485607127997,0.11549604900160815,-0.46114856071279975,-4.4317242029735295,-4.845642316358077
-46.11485607127997,0.11920636087861898,-0.46114856071279975,-4.721036194832354,-5.164980817807897
-46.11485607127997,0.12291667275562983,-0.46114856071279975,-5.019495410361384,-5.4907269779718915
-46.11485607127997,0.12662698463264066,-0.46114856071279975,-5.327101849560621,-5.8216446260690855
-46.11485607127997,0.1303372965096515,-0.46114856071279975,-5.643855512430064,-6.156461307954206
-46.11485607127997,0.13404760838666235,-0.46114856071279975,-5.969756398969714,-6.493901345665412
-46.11485607127997,0.13775792026367317,-0.46114856071279975,-6.3048045091795695,-6.832720733144468
-46.11485607127997,0.14146823214068402,-0.46114856071279975,-6.648999843059633,-7.171742646131291
-46.11485607127997,0.14517854401769487,-0.46114856071279975,-7.002342400609902,-7.509892366907961
-46.11485607127997,0.1488888558947057,-0.46114856071279975,-7.364832181830378,-7.846230541744443
-46.11485607127997,0.15259916777171653,-0.46114856071279975,-7.7364691867210595,-8.17998388715573
-46.11485607127997,0.15630947964872738,-0.46114856071279975,-8.117253415281949,-8.510572717818887
-46.11485607127997,0.16001979152573823,-0.46114856071279975,-8.507184867513045,-8.837634955429087
-46.11485607127997,0.16373010340274907,-0.46114856071279975,-8.906263543414347,-9.161046562428256
-46.11485607127997,0.1674404152797599,-0.46114856071279975,-9.314489442985852,-9.480938596671042
-46.11485607127997,0.17115072715677074,-0.46114856071279975,-9.731862566227568,-9.797711275326057
-46.11485607127997,0.17486103903378158,-0.46114856071279975,-10.15838291313949,-10.112045546184028
-46.11485607127997,0.17857135091079243,-0.46114856071279975,-10.594050483721617,-10.424912674885954
-46.11485607127997,0.18228166278780325,-0.46114856071279975,-11.038865277973951,-10.737582254887798
-46.11485607127997,0.1859919746648141,-0.46114856071279975,-11.49282729589649,-11.051628824290967
-46.11485607127997,0.18970228654182494,-0.46114856071279975,-11.955936537489238,-11.368936923569427
-46.11485607127997,0.1934125984188358,-0.46114856071279975,-12.428193002752193,-11.691703946675988
-46.11485607127997,0.1971229102958466,-0.46114856071279975,-12.909596691685351,-12.022439524866572
-46.11485607127997,0.20083322217285746,-0.46114856071279975,-13.400147604288717,-12.363959445613158
-46.11485607127997,0.2045435340498683,-0.46114856071279975,-13.899845740562291,-12.719371271159298
-46.11485607127997,0.20825384592687915,-0.46114856071279975,-14.408691100506072,-13.092047931827869
-46.11485607127997,0.21196415780388997,-0.46114856071279975,-14.926683684120054,-13.485584718161254
-46.11485607127997,0.21567446968090082,-0.46114856071279975,-15.453823491404249,-13.903734430686091
-46.11485607127997,0.21938478155791166,-0.46114856071279975,-15.990110522358648,-14.350315185436997
-46.11485607127997,0.2230950934349225,-0.46114856071279975,-16.535544776983254,-14.829085812258658
-46.11485607127997,0.22680540531193333,-0.46114856071279975,-17.09012625527806,-15.34358527507242
-46.11485607127997,0.23051571718894417,-0.46114856071279975,-17.65385495724308,-15.89693544751047
-46.11485607127997,0.23422602906595502,-0.46114856071279975,-18.226730882878307,-16.49161115317518
-46.11485607127997,0.23793634094296587,-0.46114856071279975,-18.80875403218374,-17.129187629792334
-46.11485607127997,0.2416466528199767,-0.46114856071279975,-19.399924405159375,-17.810083055490615
-46.11485607127997,0.24535696469698753,-0.46114856071279975,-20.00024200180522,-18.533321426100873
-46.11485607127997,0.24906727657399838,-0.46114856071279975,-20.60970682212127,-19.296347187181922
-46.11485607127997,0.2527775884510092,-0.46114856071279975,-21.228318866107532,-20.094925450296692
-46.11485607127997,0.25648790032802005,-0.46114856071279975,-21.85607813376399,-20.923158282255734
-46.11485607127997,0.2601982122050309,-0.46114856071279975,-22.492984625090667,-21.773637230539304
-46.11485607127997,0.26390852408204174,-0.46114856071279975,-23.139038340087538,-22.637735386265494
-46.11485607127997,0.26761883595905256,-0.46114856071279975,-23.794239278754613,-23.50602144141176
-46.11485607127997,0.27132914783606343,-0.46114856071279975,-24.45858744109191,-24.368757727064015
-46.11485607127997,0.27503945971307425,-0.46114856071279975,-25.132082827099406,-25.216429142092288
-46.11485607127997,0.27874977159008507,-0.46114856071279975,-25.814725436777103,-26.040244222601657
-46.11485607127997,0.28246008346709595,-0.46114856071279975,-26.50651527012502,-26.832554923550447
-46.11485607127997,0.28617039534410676,-0.46114856071279975,-27.20745232714313,-27.58715648838315
-46.11485607127997,0.28988070722111764,-0.46114856071279975,-27.917536607831458,-28.299449093293596
-46.11485607127997,0.29359101909812846,-0.46114856071279975,-28.63676811218998,-28.96646377291806
-46.11485607127997,0.2973013309751393,-0.46114856071279975,-29.365146840218713,-29.586772096701615
-46.11485607127997,0.30101164285215015,-0.46114856071279975,-30.102672791917662,-30.160309582154937
-46.11485607127997,0.30472195472916097,-0.46114856071279975,-30.849345967286805,-30.688146407510793
-44.726979219810936,0.011607316445304631,-0.44726979219810936,-0.04438726430275021,-0.13055614081816103
-44.726979219810936,0.015317628322315471,-0.44726979219810936,-0.0772996957608661,-0.1855670922769379
-44.726979219810936,0.01902794019932631,-0.44726979219810936,-0.11928292653866773,-0.24523369368365078
-44.726979219810936,0.02273825207633715,-0.44726979219810936,-0.17033695663615514,-0.30994682810930074
-44.726979219810936,0.02644856395334799,-0.44726979219810936,-0.23046178605332834,-0.38012119270067624
-44.726979219810936,0.03015887583035883,-0.44726979219810936,-0.29965741479018726,-0.456194714818869
-44.726979219810936,0.03386918770736967,-0.44726979219810936,-0.377923842846732,-0.5386274189151417
-44.726979219810936,0.03757949958438051,-0.44726979219810936,-0.4652610702229625,-0.6278996371597829
-44.726979219810936,0.04128981146139135,-0.44726979219810936,-0.5616690969188788,-0.7245094499675298
-44.726979219810936,0.04500012333840219,-0.44726979219810936,-0.6671479229344808,-0.8289692389646919
-44.726979219810936,0.04871043521541303,-0.44726979219810936,-0.7816975482697686,-0.9418012360635766
-44.726979219810936,0.05242074709242387,-0.44726979219810936,-0.9053179729247421,-1.0635319598255242
-44.726979219810936,0.05613105896943471,-0.44726979219810936,-1.0380091968994014,-1.194685446050555
-44.726979219810936,0.05984137084644555,-0.44726979219810936,-1.1797712201937465,-1.3357752054415015
-44.726979219810936,0.06355168272345639,-0.44726979219810936,-1.3306040428077772,-1.487294879063049
-44.726979219810936,0.06726199460046722,-0.44726979219810936,-1.4905076647414934,-1.649707613625481
-44.726979219810936,0.07097230647747807,-0.44726979219810936,-1.659482085994896,-1.823434244204451
-44.726979219810936,0.0746826183544889,-0.44726979219810936,-1.837527306567984,-2.008840451698098
-44.726979219810936,0.07839293023149975,-0.44726979219810936,-2.0246433264607577,-2.206223154569968
-44.726979219810936,0.08210324210851058,-0.44726979219810936,-2.2208301456732173,-2.4157964959194054
-44.726979219810936,0.08581355398552143,-0.44726979219810936,-2.4260877642053633,-2.637677892308117
-44.726979219810936,0.08952386586253226,-0.44726979219810936,-2.640416182057194,-2.8718747125522457
-44.726979219810936,0.09323417773954311,-0.44726979219810936,-2.8638153992287108,-3.1182722433816434
-44.726979219810936,0.09694448961655394,-0.44726979219810936,-3.0962854157199136,-3.3766236635343896
-44.726979219810936,0.10065480149356479,-0.44726979219810936,-3.337826231530802,-3.6465427770369834
-44.726979219810936,0.10436511337057562,-0.44726979219810936,-3.588437846661376,-3.9275002394785004
-44.726979219810936,0.10807542524758647,-0.44726979219810936,-3.8481202611116365,-4.218823939830573
-44.726979219810936,0.1117857371245973,-0.44726979219810936,-4.116873474881582,-4.519704070799078
-44.726979219810936,0.11549604900160815,-0.44726979219810936,-4.3946974879712135,-4.829203234556307
-44.726979219810936,0.11920636087861898,-0.44726979219810936,-4.68159230038053,-5.1462716964872435
-44.726979219810936,0.12291667275562983,-0.44726979219810936,-4.977557912109534,-5.469767632691251
-44.726979219810936,0.12662698463264066,-0.44726979219810936,-5.282594323158222,-5.79848193879023
-44.726979219810936,0.1303372965096515,-0.44726979219810936,-5.596701533526597,-6.131166903409943
-44.726979219810936,0.13404760838666235,-0.44726979219810936,-5.919879543214658,-6.4665678257634625
-44.726979219810936,0.13775792026367317,-0.44726979219810936,-6.252128352222403,-6.803456496752119
-44.726979219810936,0.14146823214068402,-0.44726979219810936,-6.5934479605498355,-7.140665384603343
-44.726979219810936,0.14517854401769487,-0.44726979219810936,-6.943838368196952,-7.477121378282174
-44.726979219810936,0.1488888558947057,-0.44726979219810936,-7.303299575163757,-7.8118780435465105
-44.726979219810936,0.15259916777171653,-0.44726979219810936,-7.6718315814502445,-8.144145526191862
-44.726979219810936,0.15630947964872738,-0.44726979219810936,-8.04943438705642,-8.473317474682105
-44.726979219810936,0.16001979152573823,-0.44726979219810936,-8.436107991982281,-8.798994623852012
-44.726979219810936,0.16373010340274907,-0.44726979219810936,-8.831852396227829,-9.121004953687525
-44.726979219810936,0.1674404152797599,-0.44726979219810936,-9.236667599793059,-9.439420583620818
-44.726979219810936,0.17115072715677074,-0.44726979219810936,-9.650553602677977,-9.754571757423358
-44.726979219810936,0.17486103903378158,-0.44726979219810936,-10.073510404882581,-10.067058395137813
-44.726979219810936,0.17857135091079243,-0.44726979219810936,-10.505538006406871,-10.377759719908752
-44.726979219810936,0.18228166278780325,-0.44726979219810936,-10.946636407250844,-10.687842396786765
-44.726979219810936,0.1859919746648141,-0.44726979219810936,-11.396805607414505,-10.998767438651878
-44.726979219810936,0.18970228654182494,-0.44726979219810936,-11.856045606897855,-11.312295834635076
-44.726979219810936,0.1934125984188358,-0.44726979219810936,-12.324356405700888,-11.630492433889973
-44.726979219810936,0.1971229102958466,-0.44726979219810936,-12.801738003823603,-11.95572706999569
-44.726979219810936,0.20083322217285746,-0.44726979219810936,-13.288190401266007,-12.290671241978938
-44.726979219810936,0.2045435340498683,-0.44726979219810936,-13.783713598028099,-12.638287891670002
-44.726979219810936,0.20825384592687915,-0.44726979219810936,-14.288307594109876,-13.001810969259816
-44.726979219810936,0.21196415780388997,-0.44726979219810936,-14.801972389511333,-13.384710628358373
-44.726979219810936,0.21567446968090082,-0.44726979219810936,-15.324707984232482,-13.790639156284776
-44.726979219810936,0.21938478155791166,-0.44726979219810936,-15.856514378273316,-14.223352306526312
-44.726979219810936,0.2230950934349225,-0.44726979219810936,-16.397391571633833,-14.686600813369216
-44.726979219810936,0.22680540531193333,-0.44726979219810936,-16.947339564314035,-15.183987855625944
-44.726979219810936,0.23051571718894417,-0.44726979219810936,-17.50635835631393,-15.718790450778815
-44.726979219810936,0.23422602906595502,-0.44726979219810936,-18.074447947633505,-16.293746509345915
-44.726979219810936,0.23793634094296587,-0.44726979219810936,-18.651608338272766,-16.910814690817688
-44.726979219810936,0.2416466528199767,-0.44726979219810936,-19.23783952823171,-17.57092105415722
-44.726979219810936,0.24535696469698753,-0.44726979219810936,-19.833141517510345,-18.273714034469762
-44.726979219810936,0.24906727657399838,-0.44726979219810936,-20.437514306108664,-19.017356116971058
-44.726979219810936,0.2527775884510092,-0.44726979219810936,-21.050957894026674,-19.798384783077747
-44.726979219810936,0.25648790032802005,-0.44726979219810936,-21.67347228126436,-20.611674748525797
-44.726979219810936,0.2601982122050309,-0.44726979219810936,-22.305057467821744,-21.45052655022034
-44.726979219810936,0.26390852408204174,-0.44726979219810936,-22.9457134536988,-22.3068927964301
-44.726979219810936,0.26761883595905256,-0.44726979219810936,-23.59544023889554,-23.171734413603918
-44.726979219810936,0.27132914783606343,-0.44726979219810936,-24.254237823411984,-24.035478517551383
-44.726979219810936,0.27503945971307425,-0.44726979219810936,-24.9221062072481,-24.88853185305327
-44.726979219810936,0.27874977159008507,-0.44726979219810936,-25.5990453904039,-25.721793628822184
-44.726979219810936,0.28246008346709595,-0.44726979219810936,-26.2850553728794,-26.527111778250873
-44.726979219810936,0.28617039534410676,-0.44726979219810936,-26.980136154674568,-27.297637133163743
-44.726979219810936,0.28988070722111764,-0.44726979219810936,-27.68428773578944,-28.028047847971813
-44.726979219810936,0.29359101909812846,-0.44726979219810936,-28.39751011622398,-28.71463707644469
-44.726979219810936,0.2973013309751393,-0.44726979219810936,-29.119803295978215,-29.355275679870005
-44.726979219810936,0.30101164285215015,-0.44726979219810936,-29.85116727505214,-29.949275209842654
-44.726979219810936,0.30472195472916097,-0.44726979219810936,-30.59160205344574,-30.49718311715987
-43.339102368341905,0.011607316445304631,-0.43339102368341903,-0.044013287575212334,-0.13759902538257673
-43.339102368341905,0.015317628322315471,-0.43339102368341903,-0.07664842139840149,-0.1928063125900783
-43.339102368341905,0.01902794019932631,-0.43339102368341903,-0.11827793019075566,-0.2526538795052402
-43.339102368341905,0.02273825207633715,-0.43339102368341903,-0.16890181395227488,-0.3175278644813111
-43.339102368341905,0.02644856395334799,-0.43339102368341903,-0.2285200726829592,-0.38783756706490147
-43.339102368341905,0.03015887583035883,-0.43339102368341903,-0.2971327063828086,-0.46401483041584823
-43.339102368341905,0.03386918770736967,-0.43339102368341903,-0.374739715051823,-0.5465128858545789
-43.339102368341905,0.03757949958438051,-0.43339102368341903,-0.46134109869000245,-0.6358045568285964
-43.339102368341905,0.04128981146139135,-0.43339102368341903,-0.556936857297347,-0.7323797133590979
-43.339102368341905,0.04500012333840219,-0.43339102368341903,-0.6615269908738566,-0.8367418649938587
-43.339102368341905,0.04871043521541303,-0.43339102368341903,-0.7751114994195312,-0.9494037818221424
-43.339102368341905,0.05242074709242387,-0.43339102368341903,-0.8976903829343709,-1.070882040777319
-43.339102368341905,0.05613105896943471,-0.43339102368341903,-1.0292636414183756,-1.201690409990038
-43.339102368341905,0.05984137084644555,-0.43339102368341903,-1.1698312748715454,-1.342332009137198
-43.339102368341905,0.06355168272345639,-0.43339102368341903,-1.3193932832938802,-1.4932902202276108
-43.339102368341905,0.06726199460046722,-0.43339102368341903,-1.4779496666853797,-1.6550183724182803
-43.339102368341905,0.07097230647747807,-0.43339102368341903,-1.6455004250460448,-1.8279282869980022
-43.339102368341905,0.0746826183544889,-0.43339102368341903,-1.8220455583758746,-2.0123778444037503
-43.339102368341905,0.07839293023149975,-0.43339102368341903,-2.00758506667487,-2.208657822545702
-43.339102368341905,0.08210324210851058,-0.43339102368341903,-2.2021189499430296,-2.416978351670644
-43.339102368341905,0.08581355398552143,-0.43339102368341903,-2.4056472081803553,-2.6374554304638034
-43.339102368341905,0.08952386586253226,-0.43339102368341903,-2.618169841386845,-2.87009804406391
-43.339102368341905,0.09323417773954311,-0.43339102368341903,-2.8396868495625003,-3.114796508314329
-43.339102368341905,0.09694448961655394,-0.43339102368341903,-3.0701982327073205,-3.371312725719979
-43.339102368341905,0.10065480149356479,-0.43339102368341903,-3.3097039908213057,-3.639273066574741
-43.339102368341905,0.10436511337057562,-0.43339102368341903,-3.558204123904456,-3.9181645736584714
-43.339102368341905,0.10807542524758647,-0.43339102368341903,-3.815698631956772,-4.207335123107887
-43.339102368341905,0.1117857371245973,-0.43339102368341903,-4.082187514978251,-4.505998053703452
-43.339102368341905,0.11549604900160815,-0.43339102368341903,-4.3576707729688975,-4.813241603306304
-43.339102368341905,0.11920636087861898,-0.43339102368341903,-4.642148405928708,-5.128043272150336
-43.339102368341905,0.12291667275562983,-0.43339102368341903,-4.935620413857684,-5.449288982160236
-43.339102368341905,0.12662698463264066,-0.43339102368341903,-5.238086796755825,-5.7757966390271385
-43.339102368341905,0.1303372965096515,-0.43339102368341903,-5.54954755462313,-6.10634345279394
-43.339102368341905,0.13404760838666235,-0.43339102368341903,-5.870002687459602,-6.439696157617379
-43.339102368341905,0.13775792026367317,-0.43339102368341903,-6.199452195265236,-6.7746431145057056
-43.339102368341905,0.14146823214068402,-0.43339102368341903,-6.5378960780400375,-7.110027199232137
-43.339102368341905,0.14517854401769487,-0.43339102368341903,-6.885334335784004,-7.444778380517318
-43.339102368341905,0.1488888558947057,-0.43339102368341903,-7.241766968497135,-7.777944980869879
-43.339102368341905,0.15259916777171653,-0.43339102368341903,-7.607193976179429,-8.108722774642176
-43.339102368341905,0.15630947964872738,-0.43339102368341903,-7.981615358830892,-8.436481297155531
-43.339102368341905,0.16001979152573823,-0.43339102368341903,-8.365031116451519,-8.760786991520488
-43.339102368341905,0.16373010340274907,-0.43339102368341903,-8.75744124904131,-9.081423079354357
-43.339102368341905,0.1674404152797599,-0.43339102368341903,-9.158845756600263,-9.398406281217508
-43.339102368341905,0.17115072715677074,-0.43339102368341903,-9.569244639128385,-9.712000707820808
-43.339102368341905,0.17486103903378158,-0.43339102368341903,-9.988637896625674,-10.022729373358194
-43.339102368341905,0.17857135091079243,-0.43339102368341903,-10.417025529092124,-10.331383831603112
-43.339102368341905,0.18228166278780325,-0.43339102368341903,-10.85440753652774,-10.639032391690506
-43.339102368341905,0.1859919746648141,-0.43339102368341903,-11.30078391893252,-10.947027224950306
-43.339102368341905,0.18970228654182494,-0.43339102368341903,-11.756154676306469,-11.257010419970229
-43.339102368341905,0.1934125984188358,-0.43339102368341903,-12.220519808649582,-11.57091867479779
-43.339102368341905,0.1971229102958466,-0.43339102368341903,-12.693879315961857,-11.890985829103673
-43.339102368341905,0.20083322217285746,-0.43339102368341903,-13.176233198243297,-12.21974183528053
-43.339102368341905,0.2045435340498683,-0.43339102368341903,-13.667581455493906,-12.56000605424558
-43.339102368341905,0.20825384592687915,-0.43339102368341903,-14.16792408771368,-12.914871963501321
-43.339102368341905,0.21196415780388997,-0.43339102368341903,-14.677261094902612,-13.287679533095861
-43.339102368341905,0.21567446968090082,-0.43339102368341903,-15.195592477060716,-13.681970751783085
-43.339102368341905,0.21938478155791166,-0.43339102368341903,-15.722918234187985,-14.101423219317466
-43.339102368341905,0.2230950934349225,-0.43339102368341903,-16.259238366284414,-14.5497565780693
-43.339102368341905,0.22680540531193333,-0.43339102368341903,-16.80455287335001,-15.03060712433474
-43.339102368341905,0.23051571718894417,-0.43339102368341903,-17.358861755384773,-15.547367552245339
-43.339102368341905,0.23422602906595502,-0.43339102368341903,-17.9221650123887,-16.102991769088565
-43.339102368341905,0.23793634094296587,-0.43339102368341903,-18.494462644361793,-16.69976929679205
-43.339102368341905,0.2416466528199767,-0.43339102368341903,-19.07575465130405,-17.33907989346164
-43.339102368341905,0.24535696469698753,-0.43339102368341903,-19.66604103321547,-18.02114620411216
-43.339102368341905,0.24906727657399838,-0.43339102368341903,-20.26532179009606,-18.744809411583525
-43.339102368341905,0.2527775884510092,-0.43339102368341903,-20.873596921945815,-19.50735834257909
-43.339102368341905,0.25648790032802005,-0.43339102368341903,-21.49086642876473,-20.30444425262753
-43.339102368341905,0.2601982122050309,-0.43339102368341903,-22.117130310552817,-21.13010967258545
-43.339102368341905,0.26390852408204174,-0.43339102368341903,-22.75238856731006,-21.976949236393885
-43.339102368341905,0.26761883595905256,-0.43339102368341903,-23.396641199036466,-22.836403926750116
-43.339102368341905,0.27132914783606343,-0.43339102368341903,-24.049888205732053,-23.699170241056226
-43.339102368341905,0.27503945971307425,-0.43339102368341903,-24.712129587396795,-24.555686581935987
-43.339102368341905,0.27874977159008507,-0.43339102368341903,-25.383365344030697,-25.39664540584694
-43.339102368341905,0.28246008346709595,-0.43339102368341903,-26.063595475633775,-26.213474971462865
-43.339102368341905,0.28617039534410676,-0.43339102368341903,-26.75281998220601,-26.998740202128435
-43.339102368341905,0.28988070722111764,-0.43339102368341903,-27.45103886374742,-27.746426647891756
-43.339102368341905,0.29359101909812846,-0.43339102368341903,-28.15825212025798,-28.452090979632278
-43.339102368341905,0.2973013309751393,-0.43339102368341903,-28.874459751737714,-29.112881172065595
-43.339102368341905,0.30101164285215015,-0.43339102368341903,-29.59966175818662,-29.727445481727525
-43.339102368341905,0.30472195472916097,-0.43339102368341903,-30.333858139604676,-30.295759134915553
-41.95122551687287,0.011607316445304631,-0.4195122551687287,-0.04363931084767445,-0.14483484634950994
-41.95122551687287,0.015317628322315471,-0.4195122551687287,-0.07599714703593685,-0.20024500557447933
-41.95122551687287,0.01902794019932631,-0.4195122551687287,-0.11727293384284357,-0.26028012729654115
-41.95122551687287,0.02273825207633715,-0.4195122551687287,-0.16746667126839462,-0.3253216097258762
-41.95122551687287,0.02644856395334799,-0.4195122551687287,-0.22657835931259004,-0.3957733653765234
-41.95122551687287,0.03015887583035883,-0.4195122551687287,-0.2946079979754298,-0.4720611709607545
-41.95122551687287,0.03386918770736967,-0.4195122551687287,-0.37155558725691396,-0.5546314907477625
-41.95122551687287,0.03757949958438051,-0.4195122551687287,-0.45742112715704236,-0.6439496748525975
-41.95122551687287,0.04128981146139135,-0.4195122551687287,-0.5522046176758152,-0.740497428302004
-41.95122551687287,0.04500012333840219,-0.4195122551687287,-0.6559060588132323,-0.8447694442223659
-41.95122551687287,0.04871043521541303,-0.4195122551687287,-0.7685254505692938,-0.9572690964046071
-41.95122551687287,0.05242074709242387,-0.4195122551687287,-0.8900627929439995,-1.078503094302607
-41.95122551687287,0.05613105896943471,-0.4195122551687287,-1.0205180859373497,-1.208975018829686
-41.95122551687287,0.05984137084644555,-0.4195122551687287,-1.159891329549344,-1.3491776817812053
-41.95122551687287,0.06355168272345639,-0.4195122551687287,-1.308182523779983,-1.4995842868675213
-41.95122551687287,0.06726199460046722,-0.4195122551687287,-1.4653916686292656,-1.6606384174100803
-41.95122551687287,0.07097230647747807,-0.4195122551687287,-1.6315187640971933,-1.8327429353745068
-41.95122551687287,0.0746826183544889,-0.4195122551687287,-1.8065638101837649,-2.0162479483452556
-41.95122551687287,0.07839293023149975,-0.4195122551687287,-1.9905268068889812,-2.211438083831809
-41.95122551687287,0.08210324210851058,-0.4195122551687287,-2.1834077542128414,-2.4185194009611415
-41.95122551687287,0.08581355398552143,-0.4195122551687287,-2.3852066521553468,-2.637606363435954
-41.95122551687287,0.08952386586253226,-0.4195122551687287,-2.5959235007164954,-2.868709388071556
-41.95122551687287,0.09323417773954311,-0.4195122551687287,-2.815558299896289,-3.1117235620434065
-41.95122551687287,0.09694448961655394,-0.4195122551687287,-3.044111049694727,-3.366419179727361
-41.95122551687287,0.10065480149356479,-0.4195122551687287,-3.2815817501118087,-3.632434776801239
-41.95122551687287,0.10436511337057562,-0.4195122551687287,-3.5279704011475355,-3.9092733258833934
-41.95122551687287,0.10807542524758647,-0.4195122551687287,-3.7832770028019067,-4.196302197238497
-41.95122551687287,0.1117857371245973,-0.4195122551687287,-4.047501555074922,-4.492757376312925
-41.95122551687287,0.11549604900160815,-0.4195122551687287,-4.3206440579665815,-4.797752268213296
-41.95122551687287,0.11920636087861898,-0.4195122551687287,-4.602704511476885,-5.110291214554437
-41.95122551687287,0.12291667275562983,-0.4195122551687287,-4.893682915605833,-5.429287613117877
-41.95122551687287,0.12662698463264066,-0.4195122551687287,-5.193579270353426,-5.7535862834309395
-41.95122551687287,0.1303372965096515,-0.4195122551687287,-5.502393575719663,-6.081989483243807
-41.95122551687287,0.13404760838666235,-0.4195122551687287,-5.820125831704544,-6.413285774669188
-41.95122551687287,0.13775792026367317,-0.4195122551687287,-6.146776038308069,-6.746280785452502
-41.95122551687287,0.14146823214068402,-0.4195122551687287,-6.482344195530239,-7.079828826837966
-41.95122551687287,0.14517854401769487,-0.4195122551687287,-6.826830303371053,-7.412864324127311
-41.95122551687287,0.1488888558947057,-0.4195122551687287,-7.180234361830513,-7.744432090149896
-41.95122551687287,0.15259916777171653,-0.4195122551687287,-7.542556370908613,-8.073715617594145
-41.95122551687287,0.15630947964872738,-0.4195122551687287,-7.913796330605361,-8.400062767873923
-41.95122551687287,0.16001979152573823,-0.4195122551687287,-8.293954240920753,-8.72300847058086
-41.95122551687287,0.16373010340274907,-0.4195122551687287,-8.68303010185479,-9.042294294147414
-41.95122551687287,0.1674404152797599,-0.4195122551687287,-9.081023913407467,-9.357884980242847
-41.95122551687287,0.17115072715677074,-0.4195122551687287,-9.487935675578793,-9.669982228649227
-41.95122551687287,0.17486103903378158,-0.4195122551687287,-9.903765388368763,-9.979036156348007
-41.95122551687287,0.17857135091079243,-0.4195122551687287,-10.328513051777376,-10.285754918784644
-41.95122551687287,0.18228166278780325,-0.4195122551687287,-10.762178665804633,-10.59111296110199
-41.95122551687287,0.1859919746648141,-0.4195122551687287,-11.204762230450534,-10.896358253868287
-41.95122551687287,0.18970228654182494,-0.4195122551687287,-11.656263745715082,-11.203018654700648
-41.95122551687287,0.1934125984188358,-0.4195122551687287,-12.116683211598275,-11.51290721849754
-41.95122551687287,0.1971229102958466,-0.4195122551687287,-12.586020628100107,-11.828125850069421
-41.95122551687287,0.20083322217285746,-0.4195122551687287,-13.064275995220585,-12.151066151545313
-41.95122551687287,0.2045435340498683,-0.4195122551687287,-13.55144931295971,-12.484405666656388
-41.95122551687287,0.20825384592687915,-0.4195122551687287,-14.04754058131748,-12.831096980508635
-41.95122551687287,0.21196415780388997,-0.4195122551687287,-14.552549800293889,-13.194346333747834
-41.95122551687287,0.21567446968090082,-0.4195122551687287,-15.066476969888948,-13.577577624851214
-41.95122551687287,0.21938478155791166,-0.4195122551687287,-15.58932209010265,-13.984377022645168
-41.95122551687287,0.2230950934349225,-0.4195122551687287,-16.121085160934992,-14.418413073801114
-41.95122551687287,0.22680540531193333,-0.4195122551687287,-16.66176618238598,-14.883327416306335
-41.95122551687287,0.23051571718894417,-0.4195122551687287,-17.211365154455613,-15.382592308269265
-41.95122551687287,0.23422602906595502,-0.4195122551687287,-17.769882077143894,-15.919333481676732
-41.95122551687287,0.23793634094296587,-0.4195122551687287,-18.33731695045082,-16.496120604458223
-41.95122551687287,0.2416466528199767,-0.4195122551687287,-18.913669774376384,-17.1147329674272
-41.95122551687287,0.24535696469698753,-0.4195122551687287,-19.498940548920594,-17.775914641289457
-41.95122551687287,0.24906727657399838,-0.4195122551687287,-20.093129274083452,-18.479140497923268
-41.95122551687287,0.2527775884510092,-0.4195122551687287,-20.696235949864956,-19.222420793373306
-41.95122551687287,0.25648790032802005,-0.4195122551687287,-21.308260576265095,-20.002175611996204
-41.95122551687287,0.2601982122050309,-0.4195122551687287,-21.92920315328389,-20.81320939536311
-41.95122551687287,0.26390852408204174,-0.4195122551687287,-22.55906368092132,-21.648808561258974
-41.95122551687287,0.26761883595905256,-0.4195122551687287,-23.19784215917739,-22.500971651298123
-41.95122551687287,0.27132914783606343,-0.4195122551687287,-23.84553858805212,-23.36076313622629
-41.95122551687287,0.27503945971307425,-0.4195122551687287,-24.502152967545484,-24.21876237876258
-41.95122551687287,0.27874977159008507,-0.4195122551687287,-25.16768529765749,-25.065562797636428
-41.95122551687287,0.28246008346709595,-0.4195122551687287,-25.84213557838815,-25.892267197337773
-41.95122551687287,0.28617039534410676,-0.4195122551687287,-26.525503809737444,-26.69092597882696
-41.95122551687287,0.28988070722111764,-0.4195122551687287,-27.217789991705395,-27.45487531751541
-41.95122551687287,0.29359101909812846,-0.4195122551687287,-27.918994124291977,-28.178949594924934
-41.95122551687287,0.2973013309751393,-0.4195122551687287,-28.62911620749721,-28.85956205847054
-41.95122551687287,0.30101164285215015,-0.4195122551687287,-29.348156241321092,-29.494665456774147
-41.95122551687287,0.30472195472916097,-0.4195122551687287,-30.076114225763607,-30.083617080128864
-40.563348665403836,0.011607316445304631,-0.40563348665403837,-0.04326533412013658,-0.1522650840605264
-40.563348665403836,0.015317628322315471,-0.40563348665403837,-0.07534587267347224,-0.2078843985389196
-40.563348665403836,0.01902794019932631,-0.40563348665403837,-0.11626793749493151,-0.26811338343320257
-40.563348665403836,0.02273825207633715,-0.40563348665403837,-0.16603152858451442,-0.3333287009587438
-40.563348665403836,0.02644856395334799,-0.40563348665403837,-0.224636645942221,-0.40392888706090124
-40.563348665403836,0.03015887583035883,-0.40563348665403837,-0.29208328956805113,-0.48033367003135785
-40.563348665403836,0.03386918770736967,-0.40563348665403837,-0.368371459462005,-0.5629827738745647
-40.563348665403836,0.03757949958438051,-0.40563348665403837,-0.45350115562408244,-0.6523341119631141
-40.563348665403836,0.04128981146139135,-0.40563348665403837,-0.5474723780542835,-0.7488612714827836
-40.563348665403836,0.04500012333840219,-0.40563348665403837,-0.6502851267526082,-0.8530501871697473
-40.563348665403836,0.04871043521541303,-0.40563348665403837,-0.7619394017190565,-0.9653949051036048
-40.563348665403836,0.05242074709242387,-0.40563348665403837,-0.8824352029536284,-1.0863923452315754
-40.563348665403836,0.05613105896943471,-0.40563348665403837,-1.011772530456324,-1.216535986367158
-40.563348665403836,0.05984137084644555,-0.40563348665403837,-1.1499513842271432,-1.356308421160354
-40.563348665403836,0.06355168272345639,-0.40563348665403837,-1.296971764266086,-1.5061727623883239
-40.563348665403836,0.06726199460046722,-0.40563348665403837,-1.4528336705731522,-1.666562926969728
-40.563348665403836,0.07097230647747807,-0.40563348665403837,-1.6175371031483423,-1.8378728809174643
-40.563348665403836,0.0746826183544889,-0.40563348665403837,-1.7910820619916559,-2.0204449967361087
-40.563348665403836,0.07839293023149975,-0.40563348665403837,-1.9734685471030933,-2.2145577531345295
-40.563348665403836,0.08210324210851058,-0.40563348665403837,-2.164696558482654,-2.420413092543465
-40.563348665403836,0.08581355398552143,-0.40563348665403837,-2.364766096130339,-2.6381238403697975
-40.563348665403836,0.08952386586253226,-0.40563348665403837,-2.573677160046147,-2.8677016750697324
-40.563348665403836,0.09323417773954311,-0.40563348665403837,-2.791429750230079,-3.109046212327078
-40.563348665403836,0.09694448961655394,-0.40563348665403837,-3.0180238666821344,-3.3619358211015573
-40.563348665403836,0.10065480149356479,-0.40563348665403837,-3.253459509402313,-3.6260208148814455
-40.563348665403836,0.10436511337057562,-0.40563348665403837,-3.497736678390616,-3.9008196495707548
-40.563348665403836,0.10807542524758647,-0.40563348665403837,-3.7508553736470427,-4.18571870336445
-40.563348665403836,0.1117857371245973,-0.40563348665403837,-4.012815595171592,-4.479976110216449
-40.563348665403836,0.11549604900160815,-0.40563348665403837,-4.283617342964266,-4.782729967985395
-40.563348665403836,0.11920636087861898,-0.40563348665403837,-4.563260617025063,-5.09301105118576
-40.563348665403836,0.12291667275562983,-0.40563348665403837,-4.8517454173539845,-5.409759938047333
-40.563348665403836,0.12662698463264066,-0.40563348665403837,-5.149071743951029,-5.7318482287192545
-40.563348665403836,0.1303372965096515,-0.40563348665403837,-5.455239596816196,-6.058103305790226
-40.563348665403836,0.13404760838666235,-0.40563348665403837,-5.770248975949489,-6.38733589092363
-40.563348665403836,0.13775792026367317,-0.40563348665403837,-6.094099881350903,-6.7183695020439895
-40.563348665403836,0.14146823214068402,-0.40563348665403837,-6.426792313020442,-7.050070829825692
-40.563348665403836,0.14517854401769487,-0.40563348665403837,-6.768326270958105,-7.381380039600172
-40.563348665403836,0.1488888558947057,-0.40563348665403837,-7.118701755163892,-7.711340066861855
-40.563348665403836,0.15259916777171653,-0.40563348665403837,-7.4779187656378,-8.039124104905467
-40.563348665403836,0.15630947964872738,-0.40563348665403837,-7.8459773023798345,-8.36406066809367
-40.563348665403836,0.16001979152573823,-0.40563348665403837,-8.222877365389992,-8.685655834643176
-40.563348665403836,0.16373010340274907,-0.40563348665403837,-8.608618954668273,-9.003612506265721
-40.563348665403836,0.1674404152797599,-0.40563348665403837,-9.003202070214675,-9.317846745445069
-40.563348665403836,0.17115072715677074,-0.40563348665403837,-9.406626712029203,-9.62850144298174
-40.563348665403836,0.17486103903378158,-0.40563348665403837,-9.818892880111857,-9.935957710096599
-40.563348665403836,0.17857135091079243,-0.40563348665403837,-10.240000574462632,-10.240844465945036
-40.563348665403836,0.18228166278780325,-0.40563348665403837,-10.66994979508153,-10.544046691533872
-40.563348665403836,0.1859919746648141,-0.40563348665403837,-11.108740541968551,-10.846712736278244
-40.563348665403836,0.18970228654182494,-0.40563348665403837,-11.5563728151237,-11.15026088712556
-40.563348665403836,0.1934125984188358,-0.40563348665403837,-12.012846614546971,-11.456385136535797
-40.563348665403836,0.1971229102958466,-0.40563348665403837,-12.478161940238362,-11.767059709438927
-40.563348665403836,0.20083322217285746,-0.40563348665403837,-12.952318792197877,-12.084541426770409
-40.563348665403836,0.2045435340498683,-0.40563348665403837,-13.43531717042552,-12.41136839443286
-40.563348665403836,0.20825384592687915,-0.40563348665403837,-13.927157074921285,-12.750352820480474
-40.563348665403836,0.21196415780388997,-0.40563348665403837,-14.42783850568517,-13.104565005469693
-40.563348665403836,0.21567446968090082,-0.40563348665403837,-14.937361462717183,-13.477304774124125
-40.563348665403836,0.21938478155791166,-0.40563348665403837,-15.455725946017319,-13.87205591427933
-40.563348665403836,0.2230950934349225,-0.40563348665403837,-15.982931955585578,-14.292418709643265
-40.563348665403836,0.22680540531193333,-0.40563348665403837,-16.518979491421955,-14.742015609107321
-40.563348665403836,0.23051571718894417,-0.40563348665403837,-17.063868553526465,-15.224365743735257
-40.563348665403836,0.23422602906595502,-0.40563348665403837,-17.617599141899095,-15.742725700294256
-40.563348665403836,0.23793634094296587,-0.40563348665403837,-18.18017125653985,-16.29989698716556
-40.563348665403836,0.2416466528199767,-0.40563348665403837,-18.751584897448723,-16.89800516482042
-40.563348665403836,0.24535696469698753,-0.40563348665403837,-19.331840064625723,-17.538261573644263
-40.563348665403836,0.24906727657399838,-0.40563348665403837,-19.92093675807085,-18.220725462790888
-40.563348665403836,0.2527775884510092,-0.40563348665403837,-20.5188749777841,-18.944091038953516
-40.563348665403836,0.25648790032802005,-0.40563348665403837,-21.125654723765468,-19.70552890221829
-40.563348665403836,0.2601982122050309,-0.40563348665403837,-21.74127599601497,-20.500612592983533
-40.563348665403836,0.26390852408204174,-0.40563348665403837,-22.365738794532582,-21.323356803378466
-40.563348665403836,0.26761883595905256,-0.40563348665403837,-22.99904311931832,-22.166383359471894
-40.563348665403836,0.27132914783606343,-0.40563348665403837,-23.641188970372195,-23.021215057605872
-40.563348665403836,0.27503945971307425,-0.40563348665403837,-24.29217634769418,-23.878678379893113
-40.563348665403836,0.27874977159008507,-0.40563348665403837,-24.952005251284287,-24.72937802635549
-40.563348665403836,0.28246008346709595,-0.40563348665403837,-25.620675681142533,-25.564193482073946
-40.563348665403836,0.28617039534410676,-0.40563348665403837,-26.29818763726889,-26.374743835118515
-40.563348665403836,0.28988070722111764,-0.40563348665403837,-26.98454111966338,-27.153772865759088
-40.563348665403836,0.29359101909812846,-0.40563348665403837,-27.67973612832598,-27.895420463971888
-40.563348665403836,0.2973013309751393,-0.40563348665403837,-28.38377266325671,-28.595365047825297
-40.563348665403836,0.30101164285215015,-0.40563348665403837,-29.096650724455575,-29.250840420735916
-40.563348665403836,0.30472195472916097,-0.40563348665403837,-29.818370311922546,-29.86054562799079
-39.1754718139348,0.011607316445304631,-0.391754718139348,-0.042891357392598695,-0.15989127260752678
-39.1754718139348,0.015317628322315471,-0.391754718139348,-0.07469459831100761,-0.21572577082833533
-39.1754718139348,0.01902794019932631,-0.391754718139348,-0.11526294114701943,-0.27615464501089804
-39.1754718139348,0.02273825207633715,-0.391754718139348,-0.16459638590063413,-0.3415498251928186
-39.1754718139348,0.02644856395334799,-0.391754718139348,-0.22269493257185183,-0.4123044812035981
-39.1754718139348,0.03015887583035883,-0.391754718139348,-0.2895585811606724,-0.48883231129963844
-39.1754718139348,0.03386918770736967,-0.391754718139348,-0.36518733166709594,-0.5715663267861504
-39.1754718139348,0.03757949958438051,-0.391754718139348,-0.4495811840911223,-0.6609570421354061
-39.1754718139348,0.04128981146139135,-0.391754718139348,-0.5427401384327516,-0.7574699756253804
-39.1754718139348,0.04500012333840219,-0.391754718139348,-0.6446641946919839,-0.8615823639971394
-39.1754718139348,0.04871043521541303,-0.391754718139348,-0.755353352868819,-0.973778997214255
-39.1754718139348,0.05242074709242387,-0.391754718139348,-0.874807612963257,-1.0945470874073622
-39.1754718139348,0.05613105896943471,-0.391754718139348,-1.003026974975298,-1.2243701009046726
-39.1754718139348,0.05984137084644555,-0.391754718139348,-1.1400114389049418,-1.3637205053014676
-39.1754718139348,0.06355168272345639,-0.391754718139348,-1.2857610047521888,-1.513051416103118
-39.1754718139348,0.06726199460046722,-0.391754718139348,-1.440275672517038,-1.6727871705843946
-39.1754718139348,0.07097230647747807,-0.391754718139348,-1.6035554421994909,-1.843312910618096
-39.1754718139348,0.0746826183544889,-0.391754718139348,-1.7756003137995462,-2.0249633210317852
-39.1754718139348,0.07839293023149975,-0.391754718139348,-1.956410287317205,-2.2180107441925307
-39.1754718139348,0.08210324210851058,-0.391754718139348,-2.145985362752466,-2.4226529723274512
-39.1754718139348,0.08581355398552143,-0.391754718139348,-2.3443255401053307,-2.6390011024042277
-39.1754718139348,0.08952386586253226,-0.391754718139348,-2.5514308193757973,-2.8670679185133805
-39.1754718139348,0.09323417773954311,-0.391754718139348,-2.7673012005638675,-3.106757336494679
-39.1754718139348,0.09694448961655394,-0.391754718139348,-2.9919366836695405,-3.35785549688529
-39.1754718139348,0.10065480149356479,-0.391754718139348,-3.2253372686928166,-3.6200241166208276
-39.1754718139348,0.10436511337057562,-0.391754718139348,-3.4675029556336954,-3.8927966993403786
-39.1754718139348,0.10807542524758647,-0.391754718139348,-3.7184337444921773,-4.175578152386265
-39.1754718139348,0.1117857371245973,-0.391754718139348,-3.9781296352682616,-4.46764826231894
-39.1754718139348,0.11549604900160815,-0.391754718139348,-4.246590627961949,-4.768169340684406
-39.1754718139348,0.11920636087861898,-0.391754718139348,-4.5238167225732395,-5.076198173364476
-39.1754718139348,0.12291667275562983,-0.391754718139348,-4.809807919102133,-5.390702200610644
-39.1754718139348,0.12662698463264066,-0.391754718139348,-5.10456421754863,-5.710579635820436
-39.1754718139348,0.1303372965096515,-0.391754718139348,-5.408085617912729,-6.034683017517595
-39.1754718139348,0.13404760838666235,-0.391754718139348,-5.7203721201944315,-6.361845500394001
-39.1754718139348,0.13775792026367317,-0.391754718139348,-6.041423724393735,-6.690909046139575
-39.1754718139348,0.14146823214068402,-0.391754718139348,-6.371240430510644,-7.020753588071246
-39.1754718139348,0.14517854401769487,-0.391754718139348,-6.709822238545154,-7.350326224595095
-39.1754718139348,0.1488888558947057,-0.391754718139348,-7.057169148497269,-7.6786695476089815
-39.1754718139348,0.15259916777171653,-0.391754718139348,-7.413281160366984,-8.004948327965966
-39.1754718139348,0.15630947964872738,-0.391754718139348,-7.778158274154304,-8.328473949164774
-39.1754718139348,0.16001979152573823,-0.391754718139348,-8.151800489859228,-8.648726185312627
-39.1754718139348,0.16373010340274907,-0.391754718139348,-8.534207807481753,-8.965372139722279
-39.1754718139348,0.1674404152797599,-0.391754718139348,-8.92538022702188,-9.278282374929866
-39.1754718139348,0.17115072715677074,-0.391754718139348,-9.32531774847961,-9.587544453232288
-39.1754718139348,0.17486103903378158,-0.391754718139348,-9.734020371854948,-9.893474251409007
-39.1754718139348,0.17857135091079243,-0.391754718139348,-10.151488097147883,-10.196625499819097
-39.1754718139348,0.18228166278780325,-0.391754718139348,-10.577720924358424,-10.497798013587843
-39.1754718139348,0.1859919746648141,-0.391754718139348,-11.012718853486565,-10.798045023873312
-39.1754718139348,0.18970228654182494,-0.391754718139348,-11.456481884532312,-11.098679873735295
-39.1754718139348,0.1934125984188358,-0.391754718139348,-11.909010017495662,-11.401282110213547
-39.1754718139348,0.1971229102958466,-0.391754718139348,-12.370303252376612,-11.707702676415352
-39.1754718139348,0.20083322217285746,-0.391754718139348,-12.840361589175165,-12.020067479907633
-39.1754718139348,0.2045435340498683,-0.391754718139348,-13.319185027891324,-12.340778084134735
-39.1754718139348,0.20825384592687915,-0.391754718139348,-13.806773568525086,-12.672507641802676
-39.1754718139348,0.21196415780388997,-0.391754718139348,-14.303127211076447,-13.018189479603357
-39.1754718139348,0.21567446968090082,-0.391754718139348,-14.808245955545415,-13.380994990496076
-39.1754718139348,0.21938478155791166,-0.391754718139348,-15.322129801931984,-13.764296764950755
-39.1754718139348,0.2230950934349225,-0.391754718139348,-15.844778750236156,-14.171612315253538
-39.1754718139348,0.22680540531193333,-0.391754718139348,-16.37619280045793,-14.606523495572155
-39.1754718139348,0.23051571718894417,-0.391754718139348,-16.916371952597306,-15.072567037311268
-39.1754718139348,0.23422602906595502,-0.391754718139348,-17.46531620665429,-15.573092799062254
-39.1754718139348,0.23793634094296587,-0.391754718139348,-18.023025562628874,-16.111088680631877
-39.1754718139348,0.2416466528199767,-0.391754718139348,-18.589500020521058,-16.688974912366344
-39.1754718139348,0.24535696469698753,-0.391754718139348,-19.16473958033085,-17.308375655917832
-39.1754718139348,0.24906727657399838,-0.391754718139348,-19.74874424205824,-17.969882248121387
-39.1754718139348,0.2527775884510092,-0.391754718139348,-20.34151400570324,-18.67282920337601
-39.1754718139348,0.25648790032802005,-0.391754718139348,-20.943048871265834,-19.415109927340172
-39.1754718139348,0.2601982122050309,-0.391754718139348,-21.553348838746043,-20.19306221378659
-39.1754718139348,0.26390852408204174,-0.391754718139348,-22.17241390814384,-21.001452152289225
-39.1754718139348,0.26761883595905256,-0.391754718139348,-22.80024407945924,-21.83357775371057
-39.1754718139348,0.27132914783606343,-0.391754718139348,-23.43683935269226,-22.68150031400757
-39.1754718139348,0.27503945971307425,-0.391754718139348,-24.08219972784287,-23.53639391085148
-39.1754718139348,0.27874977159008507,-0.391754718139348,-24.736325204911083,-24.38898476877525
-39.1754718139348,0.28246008346709595,-0.391754718139348,-25.399215783896906,-25.230036790844263
-39.1754718139348,0.28617039534410676,-0.391754718139348,-26.070871464800323,-26.050831254953597
-39.1754718139348,0.28988070722111764,-0.391754718139348,-26.751292247621354,-26.843589736725885
-39.1754718139348,0.29359101909812846,-0.391754718139348,-27.440478132359978,-27.60179946328222
-39.1754718139348,0.2973013309751393,-0.391754718139348,-28.138429119016205,-28.320416832499422
-39.1754718139348,0.30101164285215015,-0.391754718139348,-28.845145207590047,-28.99594363653199
-39.1754718139348,0.30472195472916097,-0.391754718139348,-29.560626398081478,-29.6263874594564
-37.78759496246577,0.011607316445304631,-0.3778759496246577,-0.04251738066506082,-0.16771499780153887
-37.78759496246577,0.015317628322315471,-0.3778759496246577,-0.07404332394854299,-0.22377045167077725
-37.78759496246577,0.01902794019932631,-0.3778759496246577,-0.11425794479910735,-0.28440495758436146
-37.78759496246577,0.02273825207633715,-0.3778759496246577,-0.1631612432167539,-0.3499857169842642
-37.78759496246577,0.02644856395334799,-0.3778759496246577,-0.2207532192014827,-0.42090054411905076
-37.78759496246577,0.03015887583035883,-0.3778759496246577,-0.2870338727532937,-0.49755712603914626
-37.78759496246577,0.03386918770736967,-0.3778759496246577,-0.36200320387218693,-0.5803817897672303
-37.78759496246577,0.03757949958438051,-0.3778759496246577,-0.44566121255816227,-0.6698176900221307
-37.78759496246577,0.04128981146139135,-0.3778759496246577,-0.5380078988112199,-0.7663223269123898
-37.78759496246577,0.04500012333840219,-0.3778759496246577,-0.6390432626313597,-0.8703643019334648
-37.78759496246577,0.04871043521541303,-0.3778759496246577,-0.7487673040185817,-0.9824192234835483
-37.78759496246577,0.05242074709242387,-0.3778759496246577,-0.8671800229728859,-1.1029646811791882
-37.78759496246577,0.05613105896943471,-0.3778759496246577,-0.9942814194942723,-1.2324742228099854
-37.78759496246577,0.05984137084644555,-0.3778759496246577,-1.1300714935827407,-1.371410290129528
-37.78759496246577,0.06355168272345639,-0.3778759496246577,-1.2745502452382917,-1.5202161010243653
-37.78759496246577,0.06726199460046722,-0.3778759496246577,-1.4277176744609243,-1.679306506830581
-37.78759496246577,0.07097230647747807,-0.3778759496246577,-1.5895737812506396,-1.8490579050817932
-37.78759496246577,0.0746826183544889,-0.3778759496246577,-1.760118565607437,-2.0297973494401766
-37.78759496246577,0.07839293023149975,-0.3778759496246577,-1.9393520275313165,-2.221791068671775
-37.78759496246577,0.08210324210851058,-0.3778759496246577,-2.127274167022278,-2.4252326827508512
-37.78759496246577,0.08581355398552143,-0.3778759496246577,-2.3238849840803226,-2.640231482616847
-37.78759496246577,0.08952386586253226,-0.3778759496246577,-2.5291844787054485,-2.866801215436972
-37.78759496246577,0.09323417773954311,-0.3778759496246577,-2.743172650897657,-3.1048498828316093
-37.78759496246577,0.09694448961655394,-0.3778759496246577,-2.9658495006569474,-3.3541711078413474
-37.78759496246577,0.10065480149356479,-0.3778759496246577,-3.19721502798332,-3.6144376495615447
-37.78759496246577,0.10436511337057562,-0.3778759496246577,-3.4372692328767753,-3.885197634968256
-37.78759496246577,0.10807542524758647,-0.3778759496246577,-3.686012115337313,-4.165874029687539
-37.78759496246577,0.1117857371245973,-0.3778759496246577,-3.9434436753649313,-4.455767780162393
-37.78759496246577,0.11549604900160815,-0.3778759496246577,-4.209563912959633,-4.754064929367593
-37.78759496246577,0.11920636087861898,-0.3778759496246577,-4.484372828121417,-5.059847841821504
-37.78759496246577,0.12291667275562983,-0.3778759496246577,-4.767870420850284,-5.372110480665968
-37.78759496246577,0.12662698463264066,-0.3778759496246577,-5.060056691146231,-5.689777473736376
-37.78759496246577,0.1303372965096515,-0.3778759496246577,-5.360931639009261,-6.011726503598474
-37.78759496246577,0.13404760838666235,-0.3778759496246577,-5.670495264439375,-6.336813376585124
-37.78759496246577,0.13775792026367317,-0.3778759496246577,-5.988747567436569,-6.66389898520581
-37.78759496246577,0.14146823214068402,-0.3778759496246577,-6.315688548000846,-6.991877291140339
-37.78759496246577,0.14517854401769487,-0.3778759496246577,-6.651318206132205,-7.319703431567174
-37.78759496246577,0.1488888558947057,-0.3778759496246577,-6.995636541830647,-7.646421092671735
-37.78759496246577,0.15259916777171653,-0.3778759496246577,-7.348643555096169,-7.971188396868865
-37.78759496246577,0.15630947964872738,-0.3778759496246577,-7.710339245928776,-8.293301704248847
-37.78759496246577,0.16001979152573823,-0.3778759496246577,-8.080723614328464,-8.612216918660886
-37.78759496246577,0.16373010340274907,-0.3778759496246577,-8.459796660295236,-8.927568096128518
-37.78759496246577,0.1674404152797599,-0.3778759496246577,-8.847558383829085,-9.239183358276403
-37.78759496246577,0.17115072715677074,-0.3778759496246577,-9.24400878493002,-9.547098297241458
-37.78759496246577,0.17486103903378158,-0.3778759496246577,-9.649147863598039,-9.851567204467598
-37.78759496246577,0.17857135091079243,-0.3778759496246577,-10.062975619833137,-10.153072550165295
-37.78759496246577,0.18228166278780325,-0.3778759496246577,-10.485492053635317,-10.452333172467648
-37.78759496246577,0.1859919746648141,-0.3778759496246577,-10.91669716500458,-10.750311597432553
-37.78759496246577,0.18970228654182494,-0.3778759496246577,-11.356590953940929,-11.04822079672937
-37.78759496246577,0.1934125984188358,-0.3778759496246577,-11.805173420444357,-11.34753049355852
-37.78759496246577,0.1971229102958466,-0.3778759496246577,-12.262444564514864,-11.649972843615844
-37.78759496246577,0.20083322217285746,-0.3778759496246577,-12.728404386152455,-11.957546941369328
-37.78759496246577,0.2045435340498683,-0.3778759496246577,-13.203052885357131,-12.272521128514894
-37.78759496246577,0.20825384592687915,-0.3778759496246577,-13.68639006212889,-12.597431511348658
-37.78759496246577,0.21196415780388997,-0.3778759496246577,-14.178415916467726,-12.935074436328563
-37.78759496246577,0.21567446968090082,-0.3778759496246577,-14.679130448373648,-13.288489954678132
-37.78759496246577,0.21938478155791166,-0.3778759496246577,-15.188533657846653,-13.660932581366094
-37.78759496246577,0.2230950934349225,-0.3778759496246577,-15.706625544886737,-14.055825015123752
-37.78759496246577,0.22680540531193333,-0.3778759496246577,-16.233406109493902,-14.476690081056676
-37.78759496246577,0.23051571718894417,-0.3778759496246577,-16.768875351668154,-14.927056193832188
-37.78759496246577,0.23422602906595502,-0.3778759496246577,-17.313033271409488,-15.410332383576664
-37.78759496246577,0.23793634094296587,-0.3778759496246577,-17.8658798687179,-15.929650678148198
-37.78759496246577,0.2416466528199767,-0.3778759496246577,-18.427415143593393,-16.48767666926991
-37.78759496246577,0.24535696469698753,-0.3778759496246577,-18.997639096035975,-17.086393556291494
-37.78759496246577,0.24906727657399838,-0.3778759496246577,-19.576551726045636,-17.726870746937834
-37.78759496246577,0.2527775884510092,-0.3778759496246577,-20.164153033622384,-18.40903467136659
-37.78759496246577,0.25648790032802005,-0.3778759496246577,-20.760443018766203,-19.131465783828094
-37.78759496246577,0.2601982122050309,-0.3778759496246577,-21.365421681477116,-19.891250233041205
-37.78759496246577,0.26390852408204174,-0.3778759496246577,-21.9790890217551,-20.683915559047165
-37.78759496246577,0.26761883595905256,-0.3778759496246577,-22.60144503960017,-21.503475419559848
-37.78759496246577,0.27132914783606343,-0.3778759496246577,-23.23248973501233,-22.342598036075476
-37.78759496246577,0.27503945971307425,-0.3778759496246577,-23.872223107991566,-23.192897534570065
-37.78759496246577,0.27874977159008507,-0.3778759496246577,-24.520645158537878,-24.045329117657015
-37.78759496246577,0.28246008346709595,-0.3778759496246577,-25.177755886651287,-24.890651867605612
-37.78759496246577,0.28617039534410676,-0.3778759496246577,-25.843555292331764,-25.71991108265826
-37.78759496246577,0.28988070722111764,-0.3778759496246577,-26.518043375579335,-26.524888500586794
-37.78759496246577,0.29359101909812846,-0.3778759496246577,-27.201220136393978,-27.298474526901632
-37.78759496246577,0.2973013309751393,-0.3778759496246577,-27.893085574775704,-28.034930120235323
-37.78759496246577,0.30101164285215015,-0.3778759496246577,-28.593639690724522,-28.730023818015866
-37.78759496246577,0.30472195472916097,-0.3778759496246577,-29.302882484240413,-29.381047322165713
-36.39971811099673,0.011607316445304631,-0.3639971811099673,-0.042143403937522944,-0.1757378950466757
-36.39971811099673,0.015317628322315471,-0.3639971811099673,-0.07339204958607838,-0.23201981793507365
-36.39971811099673,0.01902794019932631,-0.3639971811099673,-0.11325294845119528,-0.2928654128224766
-36.39971811099673,0.02273825207633715,-0.3639971811099673,-0.16172610053287367,-0.3586371559993742
-36.39971811099673,0.02644856395334799,-0.3639971811099673,-0.21881150583111358,-0.4297175168440246
-36.39971811099673,0.03015887583035883,-0.3639971811099673,-0.28450916434591494,-0.5065081905596291
-36.39971811099673,0.03386918770736967,-0.3639971811099673,-0.3588190760772779,-0.5894288492264237
-36.39971811099673,0.03757949958438051,-0.3639971811099673,-0.44174124102520224,-0.6789153283135292
-36.39971811099673,0.04128981146139135,-0.3639971811099673,-0.5332756591896881,-0.7754171623288637
-36.39971811099673,0.04500012333840219,-0.3639971811099673,-0.6334223305707355,-0.8793943826168089
-36.39971811099673,0.04871043521541303,-0.3639971811099673,-0.7421812551683443,-0.9913134934638919
-36.39971811099673,0.05242074709242387,-0.3639971811099673,-0.8595524329825147,-1.1116425507844383
-36.39971811099673,0.05613105896943471,-0.3639971811099673,-0.9855358640132464,-1.2408452819464757
-36.39971811099673,0.05984137084644555,-0.3639971811099673,-1.1201315482605396,-1.3793742069701134
-36.39971811099673,0.06355168272345639,-0.3639971811099673,-1.2633394857243947,-1.5276627514697978
-36.39971811099673,0.06726199460046722,-0.3639971811099673,-1.4151596764048104,-1.6861163811236852
-36.39971811099673,0.07097230647747807,-0.3639971811099673,-1.5755921203017884,-1.8551028364724083
-36.39971811099673,0.0746826183544889,-0.3639971811099673,-1.7446368174153275,-2.0349416051237803
-36.39971811099673,0.07839293023149975,-0.3639971811099673,-1.9222937677454284,-2.2258928347016838
-36.39971811099673,0.08210324210851058,-0.3639971811099673,-2.1085629712920904,-2.4281459617371084
-36.39971811099673,0.08581355398552143,-0.3639971811099673,-2.3034444280553146,-2.641808405499748
-36.39971811099673,0.08952386586253226,-0.3639971811099673,-2.5069381380350997,-2.8668947465479486
-36.39971811099673,0.09323417773954311,-0.3639971811099673,-2.719044101231446,-3.103316871384934
-36.39971811099673,0.09694448961655394,-0.3639971811099673,-2.9397623176443544,-3.350875610047702
-36.39971811099673,0.10065480149356479,-0.3639971811099673,-3.169092787273824,-3.609254415413339
-36.39971811099673,0.10436511337057562,-0.3639971811099673,-3.4070355101198553,-3.8780156246513124
-36.39971811099673,0.10807542524758647,-0.3639971811099673,-3.653590486182448,-4.156599799165914
-36.39971811099673,0.1117857371245973,-0.3639971811099673,-3.9087577154616016,-4.444328556571958
-36.39971811099673,0.11549604900160815,-0.3639971811099673,-4.172537197957317,-4.7404111871001415
-36.39971811099673,0.11920636087861898,-0.3639971811099673,-4.444928933669595,-5.0439551917213885
-36.39971811099673,0.12291667275562983,-0.3639971811099673,-4.7259329225984334,-5.353980698834964
-36.39971811099673,0.12662698463264066,-0.3639971811099673,-5.015549164743834,-5.6694385230862085
-36.39971811099673,0.1303372965096515,-0.3639971811099673,-5.313777660105795,-5.98923143916001
-36.39971811099673,0.13404760838666235,-0.3639971811099673,-5.620618408684319,-6.312238071971123
-36.39971811099673,0.13775792026367317,-0.3639971811099673,-5.936071410479402,-6.637338668671731
-36.39971811099673,0.14146823214068402,-0.3639971811099673,-6.260136665491049,-6.9634419308077575
-36.39971811099673,0.14517854401769487,-0.3639971811099673,-6.592814173719256,-7.289512055802687
-36.39971811099673,0.1488888558947057,-0.3639971811099673,-6.934103935164026,-7.6145951690227545
-36.39971811099673,0.15259916777171653,-0.3639971811099673,-7.284005949825355,-7.937844418025877
-36.39971811099673,0.15630947964872738,-0.3639971811099673,-7.642520217703248,-8.258543140357217
-36.39971811099673,0.16001979152573823,-0.3639971811099673,-8.009646738797702,-8.576125691762286
-36.39971811099673,0.16373010340274907,-0.3639971811099673,-8.385385513108718,-8.890195716120148
-36.39971811099673,0.1674404152797599,-0.3639971811099673,-8.769736540636291,-9.200541833652931
-36.39971811099673,0.17115072715677074,-0.3639971811099673,-9.16269982138043,-9.507150902432937
-36.39971811099673,0.17486103903378158,-0.3639971811099673,-9.564275355341131,-9.810219154150436
-36.39971811099673,0.17857135091079243,-0.3639971811099673,-9.97446314251839,-10.11016160546845
-36.39971811099673,0.18228166278780325,-0.3639971811099673,-10.393263182912213,-10.40762019087195
-36.39971811099673,0.1859919746648141,-0.3639971811099673,-10.820675476522595,-10.703471043970772
-36.39971811099673,0.18970228654182494,-0.3639971811099673,-11.256700023349543,-10.998831265658906
-36.39971811099673,0.1934125984188358,-0.3639971811099673,-11.701336823393051,-11.295065354028564
-36.39971811099673,0.1971229102958466,-0.3639971811099673,-12.154585876653117,-11.593791227136611
-36.39971811099673,0.20083322217285746,-0.3639971811099673,-12.616447183129747,-11.896885440036844
-36.39971811099673,0.2045435340498683,-0.3639971811099673,-13.086920742822938,-12.206486776817316
-36.39971811099673,0.20825384592687915,-0.3639971811099673,-13.566006555732693,-12.524996884197385
-36.39971811099673,0.21196415780388997,-0.3639971811099673,-14.053704621859005,-12.85507600961049
-36.39971811099673,0.21567446968090082,-0.3639971811099673,-14.550014941201882,-13.199631230649912
-36.39971811099673,0.21938478155791166,-0.3639971811099673,-15.05493751376132,-13.561793853277457
-36.39971811099673,0.2230950934349225,-0.3639971811099673,-15.568472339537319,-13.944881985685088
-36.39971811099673,0.22680540531193333,-0.3639971811099673,-16.090619418529876,-14.352343781519194
-36.39971811099673,0.23051571718894417,-0.3639971811099673,-16.621378750738998,-14.787676665289043
-36.39971811099673,0.23422602906595502,-0.3639971811099673,-17.160750336164682,-15.254318238803133
-36.39971811099673,0.23793634094296587,-0.3639971811099673,-17.708734174806928,-15.755505801505034
-36.39971811099673,0.2416466528199767,-0.3639971811099673,-18.265330266665732,-16.294103786826703
-36.39971811099673,0.24535696469698753,-0.3639971811099673,-18.8305386117411,-16.872402136688702
-36.39971811099673,0.24906727657399838,-0.3639971811099673,-19.404359210033032,-17.49189373253297
-36.39971811099673,0.2527775884510092,-0.3639971811099673,-19.986792061541525,-18.153045163673244
-36.39971811099673,0.25648790032802005,-0.3639971811099673,-20.577837166266573,-18.855081564224147
-36.39971811099673,0.2601982122050309,-0.3639971811099673,-21.177494524208193,-19.595811693520602
-36.39971811099673,0.26390852408204174,-0.3639971811099673,-21.785764135366364,-20.371522181524576
-36.39971811099673,0.26761883595905256,-0.3639971811099673,-22.402645999741093,-21.176968180990315
-36.39971811099673,0.27132914783606343,-0.3639971811099673,-23.0281401173324,-22.005480368428675
-36.39971811099673,0.27503945971307425,-0.3639971811099673,-23.66224648814026,-22.849195303154524
-36.39971811099673,0.27874977159008507,-0.3639971811099673,-24.304965112164673,-23.699399198557373
-36.39971811099673,0.28246008346709595,-0.3639971811099673,-24.956295989405664,-24.54695735896404
-36.39971811099673,0.28617039534410676,-0.3639971811099673,-25.616239119863202,-25.382786922991155
-36.39971811099673,0.28988070722111764,-0.3639971811099673,-26.284794503537317,-26.198322809485976
-36.39971811099673,0.29359101909812846,-0.3639971811099673,-26.96196214042798,-26.985927947666323
-36.39971811099673,0.2973013309751393,-0.3639971811099673,-27.647742030535206,-27.73920868029913
-36.39971811099673,0.30101164285215015,-0.3639971811099673,-28.342134173859,-28.453212089929554
-36.39971811099673,0.30472195472916097,-0.3639971811099673,-29.04513857039935,-29.12450001165309
-35.0118412595277,0.011607316445304631,-0.350118412595277,-0.04176942720998507,-0.1839616471026706
-35.0118412595277,0.015317628322315471,-0.350118412595277,-0.07274077522361376,-0.24047529178257632
-35.0118412595277,0.01902794019932631,-0.350118412595277,-0.11224795210328321,-0.3015371460626084
-35.0118412595277,0.02273825207633715,-0.350118412595277,-0.16029095784899344,-0.36750496448529457
-35.0118412595277,0.02644856395334799,-0.350118412595277,-0.21686979246074448,-0.43875588253841347
-35.0118412595277,0.03015887583035883,-0.350118412595277,-0.28198445593853627,-0.5156856235514429
-35.0118412595277,0.03386918770736967,-0.350118412595277,-0.3556349482823689,-0.5987072349968874
-35.0118412595277,0.03757949958438051,-0.350118412595277,-0.4378212694922422,-0.6882492750062115
-35.0118412595277,0.04128981146139135,-0.350118412595277,-0.5285434195681564,-0.7847533669104436
-35.0118412595277,0.04500012333840219,-0.350118412595277,-0.6278013985101113,-0.8886710393325821
-35.0118412595277,0.04871043521541303,-0.350118412595277,-0.735595206318107,-1.0004597727524152
-35.0118412595277,0.05242074709242387,-0.350118412595277,-0.8519248429921434,-1.1205781816013953
-35.0118412595277,0.05613105896943471,-0.350118412595277,-0.9767903085322207,-1.2494802749544225
-35.0118412595277,0.05984137084644555,-0.350118412595277,-1.1101916029383387,-1.3876087598788067
-35.0118412595277,0.06355168272345639,-0.350118412595277,-1.2521287262104974,-1.5353873804663167
-35.0118412595277,0.06726199460046722,-0.350118412595277,-1.4026016783486968,-1.6932123232312626
-35.0118412595277,0.07097230647747807,-0.350118412595277,-1.5616104593529372,-1.8614427661807662
-35.0118412595277,0.0746826183544889,-0.350118412595277,-1.7291550692232183,-2.0403907040818083
-35.0118412595277,0.07839293023149975,-0.350118412595277,-1.9052355079595402,-2.2303102450424737
-35.0118412595277,0.08210324210851058,-0.350118412595277,-2.0898517755619026,-2.4313866412321348
-35.0118412595277,0.08581355398552143,-0.350118412595277,-2.2830038720303065,-2.6437253859599927
-35.0118412595277,0.08952386586253226,-0.350118412595277,-2.4846917973647504,-2.8673417757901216
-35.0118412595277,0.09323417773954311,-0.350118412595277,-2.6949155515652357,-3.1021513941859213
-35.0118412595277,0.09694448961655394,-0.350118412595277,-2.9136751346317613,-3.3479620158621723
-35.0118412595277,0.10065480149356479,-0.350118412595277,-3.140970546564328,-3.604467451815414
-35.0118412595277,0.10436511337057562,-0.350118412595277,-3.376801787362935,-3.871243847577924
-35.0118412595277,0.10807542524758647,-0.350118412595277,-3.6211688570275835,-4.147748906562276
-35.0118412595277,0.1117857371245973,-0.350118412595277,-3.8740717555582718,-4.433324433615144
-35.0118412595277,0.11549604900160815,-0.350118412595277,-4.135510482955002,-4.727202481321401
-35.0118412595277,0.11920636087861898,-0.350118412595277,-4.405485039217772,-5.028515237107628
-35.0118412595277,0.12291667275562983,-0.350118412595277,-4.683995424346584,-5.3363086205906
-35.0118412595277,0.12662698463264066,-0.350118412595277,-4.971041638341435,-5.649559379295482
-35.0118412595277,0.1303372965096515,-0.350118412595277,-5.266623681202328,-5.967195290943044
-35.0118412595277,0.13404760838666235,-0.350118412595277,-5.570741552929262,-6.288117917426732
-35.0118412595277,0.13775792026367317,-0.350118412595277,-5.883395253522235,-6.61122722440116
-35.0118412595277,0.14146823214068402,-0.350118412595277,-6.204584782981251,-6.9354472938450655
-35.0118412595277,0.14517854401769487,-0.350118412595277,-6.534310141306307,-7.259752323845355
-35.0118412595277,0.1488888558947057,-0.350118412595277,-6.872571328497404,-7.58319213380717
-35.0118412595277,0.15259916777171653,-0.350118412595277,-7.21936834455454,-7.904916472253262
-35.0118412595277,0.15630947964872738,-0.350118412595277,-7.574701189477719,-8.22419755077291
-35.0118412595277,0.16001979152573823,-0.350118412595277,-7.938569863266938,-8.540450389406802
-35.0118412595277,0.16373010340274907,-0.350118412595277,-8.310974365922199,-8.853250740597877
-35.0118412595277,0.1674404152797599,-0.350118412595277,-8.691914697443497,-9.162350544185111
-35.0118412595277,0.17115072715677074,-0.350118412595277,-9.081390857830838,-9.467691038396557
-35.0118412595277,0.17486103903378158,-0.350118412595277,-9.479402847084222,-9.769413796596847
-35.0118412595277,0.17857135091079243,-0.350118412595277,-9.885950665203644,-10.067870064230549
-35.0118412595277,0.18228166278780325,-0.350118412595277,-10.301034312189108,-10.363628825162914
-35.0118412595277,0.1859919746648141,-0.350118412595277,-10.724653788040612,-10.657484023963903
-35.0118412595277,0.18970228654182494,-0.350118412595277,-11.156809092758158,-10.950461304756855
-35.0118412595277,0.1934125984188358,-0.350118412595277,-11.597500226341745,-11.243824492959666
-35.0118412595277,0.1971229102958466,-0.350118412595277,-12.046727188791369,-11.539081838450818
-35.0118412595277,0.20083322217285746,-0.350118412595277,-12.504489980107037,-11.837991751813083
-35.0118412595277,0.2045435340498683,-0.350118412595277,-12.970788600288746,-12.142567393659084
-35.0118412595277,0.20825384592687915,-0.350118412595277,-13.445623049336497,-12.455079016307707
-35.0118412595277,0.21196415780388997,-0.350118412595277,-13.928993327250284,-12.778052407402777
-35.0118412595277,0.21567446968090082,-0.350118412595277,-14.420899434030115,-13.11426115619614
-35.0118412595277,0.21938478155791166,-0.350118412595277,-14.921341369675988,-13.466709782134656
-35.0118412595277,0.2230950934349225,-0.350118412595277,-15.430319134187899,-13.83860408639325
-35.0118412595277,0.22680540531193333,-0.350118412595277,-15.94783272756585,-14.233304503610997
-35.0118412595277,0.23051571718894417,-0.350118412595277,-16.473882149809846,-14.654257887660814
-35.0118412595277,0.23422602906595502,-0.350118412595277,-17.00846740091988,-15.104903264061186
-35.0118412595277,0.23793634094296587,-0.350118412595277,-17.551588480895955,-15.58854787830171
-35.0118412595277,0.2416466528199767,-0.350118412595277,-18.10324538973807,-16.10821164728631
-35.0118412595277,0.24535696469698753,-0.350118412595277,-18.663438127446227,-16.666441133691997
-35.0118412595277,0.24906727657399838,-0.350118412595277,-19.232166694020425,-17.265098536857955
-35.0118412595277,0.2527775884510092,-0.350118412595277,-19.809431089460666,-17.90513679691016
-35.0118412595277,0.25648790032802005,-0.350118412595277,-20.395231313766942,-18.586378209973585
-35.0118412595277,0.2601982122050309,-0.350118412595277,-20.98956736693927,-19.30731992578844
-35.0118412595277,0.26390852408204174,-0.350118412595277,-21.592439248977623,-20.064993854108902
-35.0118412595277,0.26761883595905256,-0.350118412595277,-22.20384695988202,-20.85490912004151
-35.0118412595277,0.27132914783606343,-0.350118412595277,-22.82379049965247,-21.671100790695238
-35.0118412595277,0.27503945971307425,-0.350118412595277,-23.45226986828895,-22.506298507051525
-35.0118412595277,0.27874977159008507,-0.350118412595277,-24.08928506579147,-23.352213669406336
-35.0118412595277,0.28246008346709595,-0.350118412595277,-24.73483609216004,-24.199926339447302
-35.0118412595277,0.28617039534410676,-0.350118412595277,-25.388922947394644,-25.040336681551548
-35.0118412595277,0.28988070722111764,-0.350118412595277,-26.051545631495294,-25.864634487882814
-35.0118412595277,0.29359101909812846,-0.350118412595277,-26.722704144461975,-26.664737039935865
-35.0118412595277,0.2973013309751393,-0.350118412595277,-27.402398486294704,-27.433651144856725
-35.0118412595277,0.30101164285215015,-0.350118412595277,-28.090628656993477,-28.16572817661606
-35.0118412595277,0.30472195472916097,-0.350118412595277,-28.78739465655828,-28.856798051091896
-33.62396440805866,0.011607316445304631,-0.3362396440805866,-0.041395450482447194,-0.19238798171888494
-33.62396440805866,0.015317628322315471,-0.3362396440805866,-0.07208950086114914,-0.2491383381954817
-33.62396440805866,0.01902794019932631,-0.3362396440805866,-0.11124295575537113,-0.31042133374644143
-33.62396440805866,0.02273825207633715,-0.3362396440805866,-0.15885581516511318,-0.3765900046265407
-33.62396440805866,0.02644856395334799,-0.3362396440805866,-0.21492807909037534,-0.44801616377534836
-33.62396440805866,0.03015887583035883,-0.3362396440805866,-0.27945974753115754,-0.5250895833211424
-33.62396440805866,0.03386918770736967,-0.3362396440805866,-0.3524508204874599,-0.6082167175284332
-33.62396440805866,0.03757949958438051,-0.3362396440805866,-0.43390129795928223,-0.6978188905615239
-33.62396440805866,0.04128981146139135,-0.3362396440805866,-0.5238111799466246,-0.794329870876529
-33.62396440805866,0.04500012333840219,-0.3362396440805866,-0.6221804664494871,-0.8981927541292571
-33.62396440805866,0.04871043521541303,-0.3362396440805866,-0.7290091574678697,-1.0098560800967968
-33.62396440805866,0.05242074709242387,-0.3362396440805866,-0.8442972530017723,-1.1297691172537392
-33.62396440805866,0.05613105896943471,-0.3362396440805866,-0.9680447530511949,-1.258376262364977
-33.62396440805866,0.05984137084644555,-0.3362396440805866,-1.1002516576161376,-1.3961105227798467
-33.62396440805866,0.06355168272345639,-0.3362396440805866,-1.2409179666966004,-1.5433860769346839
-33.62396440805866,0.06726199460046722,-0.3362396440805866,-1.3900436802925829,-1.7005899445340775
-33.62396440805866,0.07097230647747807,-0.3362396440805866,-1.547628798404086,-1.8680728422031025
-33.62396440805866,0.0746826183544889,-0.3362396440805866,-1.7136733210311088,-2.046139352699807
-33.62396440805866,0.07839293023149975,-0.3362396440805866,-1.888177248173652,-2.2350375948732464
-33.62396440805866,0.08210324210851058,-0.3362396440805866,-2.071140579831715,-2.4349486453116507
-33.62396440805866,0.08581355398552143,-0.3362396440805866,-2.2625633160052985,-2.645976027838124
-33.62396440805866,0.08952386586253226,-0.3362396440805866,-2.4624454566944016,-2.868135649371985
-33.62396440805866,0.09323417773954311,-0.3362396440805866,-2.6707870018990247,-3.1013466148864888
-33.62396440805866,0.09694448961655394,-0.3362396440805866,-2.8875879516191683,-3.3454233942539977
-33.62396440805866,0.10065480149356479,-0.3362396440805866,-3.1128483058548313,-3.600069833426618
-33.62396440805866,0.10436511337057562,-0.3362396440805866,-3.3465680646060147,-3.8648754958004115
-33.62396440805866,0.10807542524758647,-0.3362396440805866,-3.588747227872719,-4.139314782082042
-33.62396440805866,0.1117857371245973,-0.3362396440805866,-3.839385795654942,-4.422749205863834
-33.62396440805866,0.11549604900160815,-0.3362396440805866,-4.098483767952686,-4.714433097549558
-33.62396440805866,0.11920636087861898,-0.3362396440805866,-4.3660411447659495,-5.013522874750024
-33.62396440805866,0.12291667275562983,-0.3362396440805866,-4.642057926094734,-5.3190898598390035
-33.62396440805866,0.12662698463264066,-0.3362396440805866,-4.926534111939038,-5.6301364553986115
-33.62396440805866,0.1303372965096515,-0.3362396440805866,-5.219469702298861,-5.945615318717035
-33.62396440805866,0.13404760838666235,-0.3362396440805866,-5.520864697174206,-6.264451021573057
-33.62396440805866,0.13775792026367317,-0.3362396440805866,-5.830719096565069,-6.5855635552437395
-33.62396440805866,0.14146823214068402,-0.3362396440805866,-6.149032900471454,-6.907892955043858
-33.62396440805866,0.14517854401769487,-0.3362396440805866,-6.475806108893357,-7.230424282291358
-33.62396440805866,0.1488888558947057,-0.3362396440805866,-6.811038721830783,-7.552212218283868
-33.62396440805866,0.15259916777171653,-0.3362396440805866,-7.154730739283726,-7.8724045933494065
-33.62396440805866,0.15630947964872738,-0.3362396440805866,-7.50688216125219,-8.190264287911091
-33.62396440805866,0.16001979152573823,-0.3362396440805866,-7.867492987736175,-8.505189091088852
-33.62396440805866,0.16373010340274907,-0.3362396440805866,-8.23656321873568,-8.81672927193998
-33.62396440805866,0.1674404152797599,-0.3362396440805866,-8.614092854250703,-9.124602793808762
-33.62396440805866,0.17115072715677074,-0.3362396440805866,-9.000081894281248,-9.428708268227002
-33.62396440805866,0.17486103903378158,-0.3362396440805866,-9.394530338827314,-9.72913588747623
-33.62396440805866,0.17857135091079243,-0.3362396440805866,-9.797438187888899,-10.026176682473034
-33.62396440805866,0.18228166278780325,-0.3362396440805866,-10.208805441466003,-10.320330515653154
-33.62396440805866,0.1859919746648141,-0.3362396440805866,-10.628632099558628,-10.612313229779216
-33.62396440805866,0.18970228654182494,-0.3362396440805866,-11.056918162166774,-10.903063327450333
-33.62396440805866,0.1934125984188358,-0.3362396440805866,-11.49366362929044,-11.193748447705039
-33.62396440805866,0.1971229102958466,-0.3362396440805866,-11.938868500929622,-11.485771730616591
-33.62396440805866,0.20083322217285746,-0.3362396440805866,-12.392532777084327,-11.780777912770985
-33.62396440805866,0.2045435340498683,-0.3362396440805866,-12.854656457754553,-12.080658670076412
-33.62396440805866,0.20825384592687915,-0.3362396440805866,-13.3252395429403,-12.387556314038205
-33.62396440805866,0.21196415780388997,-0.3362396440805866,-13.804282032641563,-12.703864450789244
-33.62396440805866,0.21567446968090082,-0.3362396440805866,-14.291783926858349,-13.032223633026137
-33.62396440805866,0.21938478155791166,-0.3362396440805866,-14.787745225590657,-13.375509390996042
-33.62396440805866,0.2230950934349225,-0.3362396440805866,-15.29216592883848,-13.736809359177759
-33.62396440805866,0.22680540531193333,-0.3362396440805866,-15.805046036601823,-14.119385592502143
-33.62396440805866,0.23051571718894417,-0.3362396440805866,-16.32638554888069,-14.526617706585911
-33.62396440805866,0.23422602906595502,-0.3362396440805866,-16.856184465675078,-14.961922351249802
-33.62396440805866,0.23793634094296587,-0.3362396440805866,-17.394442786984985,-15.428644962075765
-33.62396440805866,0.2416466528199767,-0.3362396440805866,-17.941160512810406,-15.929920999049548
-33.62396440805866,0.24535696469698753,-0.3362396440805866,-18.496337643151353,-16.468506243770477
-33.62396440805866,0.24906727657399838,-0.3362396440805866,-19.05997417800782,-17.04657938205034
-33.62396440805866,0.2527775884510092,-0.3362396440805866,-19.63207011737981,-17.665525053778463
-33.62396440805866,0.25648790032802005,-0.3362396440805866,-20.21262546126731,-18.32571148856187
-33.62396440805866,0.2601982122050309,-0.3362396440805866,-20.801640209670346,-19.026282999256562
-33.62396440805866,0.26390852408204174,-0.3362396440805866,-21.399114362588886,-19.76499272573632
-33.62396440805866,0.26761883595905256,-0.3362396440805866,-22.005047920022946,-20.53810349565133
-33.62396440805866,0.27132914783606343,-0.3362396440805866,-22.61944088197254,-21.340382867261546
-33.62396440805866,0.27503945971307425,-0.3362396440805866,-23.242293248437644,-22.16521123892218
-33.62396440805866,0.27874977159008507,-0.3362396440805866,-23.873605019418267,-23.004809379438726
-33.62396440805866,0.28246008346709595,-0.3362396440805866,-24.51337619491442,-23.850575421037398
-33.62396440805866,0.28617039534410676,-0.3362396440805866,-25.16160677492608,-24.693504301855604
-33.62396440805866,0.28988070722111764,-0.3362396440805866,-25.818296759453276,-25.524648682780807
-33.62396440805866,0.29359101909812846,-0.3362396440805866,-26.483446148495975,-26.335572981364425
-33.62396440805866,0.2973013309751393,-0.3362396440805866,-27.157054942054202,-27.118753316397893
-33.62396440805866,0.30101164285215015,-0.3362396440805866,-27.839123140127956,-27.86788555019778
-33.62396440805866,0.30472195472916097,-0.3362396440805866,-28.529650742717216,-28.578078820804258
-32.23608755658963,0.011607316445304631,-0.3223608755658963,-0.04102147375490931,-0.2010186691212299
-32.23608755658963,0.015317628322315471,-0.3223608755658963,-0.07143822649868452,-0.2580104623632682
-32.23608755658963,0.01902794019932631,-0.3223608755658963,-0.11023795940745906,-0.3195191907186796
-32.23608755658963,0.02273825207633715,-0.3223608755658963,-0.15742067248123295,-0.38589317576853555
-32.23608755658963,0.02644856395334799,-0.3223608755658963,-0.21298636572000623,-0.45749891970128065
-32.23608755658963,0.03015887583035883,-0.3223608755658963,-0.27693503912377887,-0.5347202648988887
-32.23608755658963,0.03386918770736967,-0.3223608755658963,-0.3492666926925509,-0.6179571049514561
-32.23608755658963,0.03757949958438051,-0.3223608755658963,-0.4299813264263222,-0.7076235749335402
-32.23608755658963,0.04128981146139135,-0.3223608755658963,-0.5190789403250928,-0.8041456466283883
-32.23608755658963,0.04500012333840219,-0.3223608755658963,-0.6165595343888629,-0.9079580547913988
-32.23608755658963,0.04871043521541303,-0.3223608755658963,-0.7224231086176323,-1.0195004843475113
-32.23608755658963,0.05242074709242387,-0.3223608755658963,-0.836669663011401,-1.1392129565467917
-32.23608755658963,0.05613105896943471,-0.3223608755658963,-0.9592991975701691,-1.2675303655274615
-32.23608755658963,0.05984137084644555,-0.3223608755658963,-1.0903117122939365,-1.4048761363952456
-32.23608755658963,0.06355168272345639,-0.3223608755658963,-1.2297072071827033,-1.5516550026376184
-32.23608755658963,0.06726199460046722,-0.3223608755658963,-1.3774856822364692,-1.7082449350187723
-32.23608755658963,0.07097230647747807,-0.3223608755658963,-1.5336471374552347,-1.874988296214812
-32.23608755658963,0.0746826183544889,-0.3223608755658963,-1.6981915728389996,-2.052182344953807
-32.23608755658963,0.07839293023149975,-0.3223608755658963,-1.871118988387764,-2.2400692691900774
-32.23608755658963,0.08210324210851058,-0.3223608755658963,-2.052429384101527,-2.438825987850575
-32.23608755658963,0.08581355398552143,-0.3223608755658963,-2.2421227599802904,-2.6485540219384394
-32.23608755658963,0.08952386586253226,-0.3223608755658963,-2.4401991160240524,-2.8692697942558407
-32.23608755658963,0.09323417773954311,-0.3223608755658963,-2.646658452232814,-3.100895767806381
-32.23608755658963,0.09694448961655394,-0.3223608755658963,-2.8615007686065748,-3.34325287050064
-32.23608755658963,0.10065480149356479,-0.3223608755658963,-3.084726065145335,-3.596054672342303
-32.23608755658963,0.10436511337057562,-0.3223608755658963,-3.3163343418490947,-3.8589037754065174
-32.23608755658963,0.10807542524758647,-0.3223608755658963,-3.556325598717854,-4.131290842303354
-32.23608755658963,0.1117857371245973,-0.3223608755658963,-3.804699835751612,-4.412596622951155
-32.23608755658963,0.11549604900160815,-0.3223608755658963,-4.06145705295037,-4.702097242412627
-32.23608755658963,0.11920636087861898,-0.3223608755658963,-4.326597250314127,-4.998972887376132
-32.23608755658963,0.12291667275562983,-0.3223608755658963,-4.600120427842884,-5.302319881971309
-32.23608755658963,0.12662698463264066,-0.3223608755658963,-4.882026585536639,-5.611165984424892
-32.23608755658963,0.1303372965096515,-0.3223608755658963,-5.1723157233953945,-5.924488576416221
-32.23608755658963,0.13404760838666235,-0.3223608755658963,-5.4709878414191495,-6.241235270000267
-32.23608755658963,0.13775792026367317,-0.3223608755658963,-5.778042939607902,-6.560346335627485
-32.23608755658963,0.14146823214068402,-0.3223608755658963,-6.093481017961656,-6.880778270441306
-32.23608755658963,0.14517854401769487,-0.3223608755658963,-6.417302076480408,-7.201527786929464
-32.23608755658963,0.1488888558947057,-0.3223608755658963,-6.749506115164161,-7.5216555122191675
-32.23608755658963,0.15259916777171653,-0.3223608755658963,-7.0900931340129105,-7.840308747178126
-32.23608755658963,0.15630947964872738,-0.3223608755658963,-7.439063133026662,-8.156742736663668
-32.23608755658963,0.16001979152573823,-0.3223608755658963,-7.796416112205413,-8.470340038359206
-32.23608755658963,0.16373010340274907,-0.3223608755658963,-8.162152071549162,-8.780627735328107
-32.23608755658963,0.1674404152797599,-0.3223608755658963,-8.536271011057908,-9.08729240281855
-32.23608755658963,0.17115072715677074,-0.3223608755658963,-8.918772930731658,-9.390192898920832
-32.23608755658963,0.17486103903378158,-0.3223608755658963,-9.309657830570405,-9.689371188382946
-32.23608755658963,0.17857135091079243,-0.3223608755658963,-9.708925710574151,-9.985061518031674
-32.23608755658963,0.18228166278780325,-0.3223608755658963,-10.116576570742897,-10.277698331801453
-32.23608755658963,0.1859919746648141,-0.3223608755658963,-10.532610411076643,-10.567923336374678
-32.23608755658963,0.18970228654182494,-0.3223608755658963,-10.957027231575388,-10.856592099474618
-32.23608755658963,0.1934125984188358,-0.3223608755658963,-11.389827032239134,-11.144780477331862
-32.23608755658963,0.1971229102958466,-0.3223608755658963,-11.831009813067874,-11.433791021203154
-32.23608755658963,0.20083322217285746,-0.3223608755658963,-12.280575574061617,-11.725159299917985
-32.23608755658963,0.2045435340498683,-0.3223608755658963,-12.73852431522036,-12.020659790374165
-32.23608755658963,0.20825384592687915,-0.3223608755658963,-13.204856036544104,-12.322310624640753
-32.23608755658963,0.21196415780388997,-0.3223608755658963,-13.679570738032842,-12.632376036301912
-32.23608755658963,0.21567446968090082,-0.3223608755658963,-14.162668419686582,-12.953364820040168
-32.23608755658963,0.21938478155791166,-0.3223608755658963,-14.654149081505324,-13.28802251720736
-32.23608755658963,0.2230950934349225,-0.3223608755658963,-15.154012723489062,-13.639314393530693
-32.23608755658963,0.22680540531193333,-0.3223608755658963,-15.662259345637796,-14.010395637368276
-32.23608755658963,0.23051571718894417,-0.3223608755658963,-16.178888947951535,-14.404564670459377
-32.23608755658963,0.23422602906595502,-0.3223608755658963,-16.703901530430276,-14.825195169131833
-32.23608755658963,0.23793634094296587,-0.3223608755658963,-17.237297093074012,-15.275642538460357
-32.23608755658963,0.2416466528199767,-0.3223608755658963,-17.779075635882744,-15.759121410281024
-32.23608755658963,0.24535696469698753,-0.3223608755658963,-18.32923715885648,-16.278552516927405
-32.23608755658963,0.24906727657399838,-0.3223608755658963,-18.887781661995216,-16.836380261468282
-32.23608755658963,0.2527775884510092,-0.3223608755658963,-19.454709145298953,-17.434366570990285
-32.23608755658963,0.25648790032802005,-0.3223608755658963,-20.03001960876768,-18.073372039404546
-32.23608755658963,0.2601982122050309,-0.3223608755658963,-20.61371305240142,-18.75314141458157
-32.23608755658963,0.26390852408204174,-0.3223608755658963,-21.205789476200145,-19.47211616660658
-32.23608755658963,0.26761883595905256,-0.3223608755658963,-21.806248880163874,-20.227300760225916
-32.23608755658963,0.27132914783606343,-0.3223608755658963,-22.41509126429261,-21.014209707919996
-32.23608755658963,0.27503945971307425,-0.3223608755658963,-23.03231662858634,-21.826918098959702
-32.23608755658963,0.27874977159008507,-0.3223608755658963,-23.657924973045063,-22.658228502372566
-32.23608755658963,0.28246008346709595,-0.3223608755658963,-24.2919162976688,-23.49995269072264
-32.23608755658963,0.28617039534410676,-0.3223608755658963,-24.934290602457523,-24.34328982617668
-32.23608755658963,0.28988070722111764,-0.3223608755658963,-25.585047887411257,-25.179267064914605
-32.23608755658963,0.29359101909812846,-0.3223608755658963,-26.244188152529976,-25.999197699160483
-32.23608755658963,0.2973013309751393,-0.3223608755658963,-26.9117113978137,-26.7951087554277
-32.23608755658963,0.30101164285215015,-0.3223608755658963,-27.587617623262435,-27.560095267755358
-32.23608755658963,0.30472195472916097,-0.3223608755658963,-28.27190682887615,-28.288570868218958
-30.848210705120593,0.011607316445304631,-0.30848210705120593,-0.040647497027371436,-0.2098555193328533
-30.848210705120593,0.015317628322315471,-0.30848210705120593,-0.0707869521362199,-0.2670932069077958
-30.848210705120593,0.01902794019932631,-0.30848210705120593,-0.109232963059547,-0.32883196736894504
-30.848210705120593,0.02273825207633715,-0.30848210705120593,-0.15598552979735272,-0.3954154114881514
-30.848210705120593,0.02644856395334799,-0.30848210705120593,-0.21104465234963712,-0.46720474304606885
-30.848210705120593,0.03015887583035883,-0.30848210705120593,-0.27441033071640014,-0.5445778969973496
-30.848210705120593,0.03386918770736967,-0.30848210705120593,-0.3460825648976419,-0.6279282399920718
-30.848210705120593,0.03757949958438051,-0.30848210705120593,-0.42606135489336217,-0.7176627644460303
-30.848210705120593,0.04128981146139135,-0.30848210705120593,-0.5143467007035611,-0.8141997055914239
-30.848210705120593,0.04500012333840219,-0.30848210705120593,-0.6109386023282387,-0.9179655116492151
-30.848210705120593,0.04871043521541303,-0.30848210705120593,-0.715837059767395,-1.0293911012357881
-30.848210705120593,0.05242074709242387,-0.30848210705120593,-0.8290420730210298,-1.1489073502153007
-30.848210705120593,0.05613105896943471,-0.30848210705120593,-0.9505536420891433,-1.276939763330021
-30.848210705120593,0.05984137084644555,-0.30848210705120593,-1.0803717669717354,-1.4139023049453616
-30.848210705120593,0.06355168272345639,-0.30848210705120593,-1.2184964476688063,-1.5601903888732207
-30.848210705120593,0.06726199460046722,-0.30848210705120593,-1.3649276841803553,-1.7161730599854428
-30.848210705120593,0.07097230647747807,-0.30848210705120593,-1.5196654765063835,-1.8821844403245103
-30.848210705120593,0.0746826183544889,-0.30848210705120593,-1.6827098246468901,-2.058514559256167
-30.848210705120593,0.07839293023149975,-0.30848210705120593,-1.8540607286018755,-2.2453997398031014
-30.848210705120593,0.08210324210851058,-0.30848210705120593,-2.0337181883713393,-2.4430127697456294
-30.848210705120593,0.08581355398552143,-0.30848210705120593,-2.2216822039552824,-2.6514531435645914
-30.848210705120593,0.08952386586253226,-0.30848210705120593,-2.4179527753537036,-2.870737716103187
-30.848210705120593,0.09323417773954311,-0.30848210705120593,-2.6225299025666033,-3.1007921563888368
-30.848210705120593,0.09694448961655394,-0.30848210705120593,-2.8354135855939817,-3.3414436252482718
-30.848210705120593,0.10065480149356479,-0.30848210705120593,-3.056603824435839,-3.5924151178367927
-30.848210705120593,0.10436511337057562,-0.30848210705120593,-3.2861006190921747,-3.853321906988969
-30.848210705120593,0.10807542524758647,-0.30848210705120593,-3.5239039695629897,-4.123670491369712
-30.848210705120593,0.1117857371245973,-0.30848210705120593,-3.770013875848282,-4.40286039141734
-30.848210705120593,0.11549604900160815,-0.30848210705120593,-4.024430337948054,-4.690189045995549
-30.848210705120593,0.11920636087861898,-0.30848210705120593,-4.287153355862304,-4.984859946271518
-30.848210705120593,0.12291667275562983,-0.30848210705120593,-4.558182929591034,-5.285994006364792
-30.848210705120593,0.12662698463264066,-0.30848210705120593,-4.837519059134241,-5.592644021341487
-30.848210705120593,0.1303372965096515,-0.30848210705120593,-5.125161744491927,-5.903811912965505
-30.848210705120593,0.13404760838666235,-0.30848210705120593,-5.421110985664093,-6.218468324332406
-30.848210705120593,0.13775792026367317,-0.30848210705120593,-5.7253667826507355,-6.535574008156829
-30.848210705120593,0.14146823214068402,-0.30848210705120593,-6.037929135451859,-6.854102370715376
-30.848210705120593,0.14517854401769487,-0.30848210705120593,-6.358798044067459,-7.173062492201085
-30.848210705120593,0.1488888558947057,-0.30848210705120593,-6.687973508497539,-7.491521948721603
-30.848210705120593,0.15259916777171653,-0.30848210705120593,-7.0254555287420954,-7.808628811267257
-30.848210705120593,0.15630947964872738,-0.30848210705120593,-7.371244104801133,-8.123632288265961
-30.848210705120593,0.16001979152573823,-0.30848210705120593,-7.72533923667465,-8.435901602616411
-30.848210705120593,0.16373010340274907,-0.30848210705120593,-8.087740924362643,-8.74494284031294
-30.848210705120593,0.1674404152797599,-0.30848210705120593,-8.458449167865114,-9.050413663304878
-30.848210705120593,0.17115072715677074,-0.30848210705120593,-8.837463967182066,-9.352135931109995
-30.848210705120593,0.17486103903378158,-0.30848210705120593,-9.224785322313497,-9.650106411747634
-30.848210705120593,0.17857135091079243,-0.30848210705120593,-9.620413233259406,-9.944505872183283
-30.848210705120593,0.18228166278780325,-0.30848210705120593,-10.024347700019792,-10.235706913053942
-30.848210705120593,0.1859919746648141,-0.30848210705120593,-10.436588722594658,-10.524280945266078
-30.848210705120593,0.18970228654182494,-0.30848210705120593,-10.857136300984005,-10.81100469192915
-30.848210705120593,0.1934125984188358,-0.30848210705120593,-11.285990435187829,-11.09686653365391
-30.848210705120593,0.1971229102958466,-0.30848210705120593,-11.723151125206128,-11.383072894253937
-30.848210705120593,0.20083322217285746,-0.30848210705120593,-12.168618371038907,-11.67105468253113
-30.848210705120593,0.2045435340498683,-0.30848210705120593,-12.622392172686167,-11.962473558418237
-30.848210705120593,0.20825384592687915,-0.30848210705120593,-13.084472530147906,-12.25922747199629
-30.848210705120593,0.21196415780388997,-0.30848210705120593,-13.554859443424121,-12.563454526054246
-30.848210705120593,0.21567446968090082,-0.30848210705120593,-14.033552912514816,-12.877533734148333
-30.848210705120593,0.21938478155791166,-0.30848210705120593,-14.52055293741999,-13.204080690885403
-30.848210705120593,0.2230950934349225,-0.30848210705120593,-15.015859518139642,-13.54593555702054
-30.848210705120593,0.22680540531193333,-0.30848210705120593,-15.519472654673772,-13.90614012826155
-30.848210705120593,0.23051571718894417,-0.30848210705120593,-16.031392347022383,-14.287900174820775
-30.848210705120593,0.23422602906595502,-0.30848210705120593,-16.55161859518547,-14.694528823156993
-30.848210705120593,0.23793634094296587,-0.30848210705120593,-17.08015139916304,-15.129366667963497
-30.848210705120593,0.2416466528199767,-0.30848210705120593,-17.616990758955083,-15.595674769630968
-30.848210705120593,0.24535696469698753,-0.30848210705120593,-18.16213667456161,-16.096497966209473
-30.848210705120593,0.24906727657399838,-0.30848210705120593,-18.715589145982612,-16.634498263287565
-30.848210705120593,0.2527775884510092,-0.30848210705120593,-19.277348173218094,-17.21176163875605
-30.848210705120593,0.25648790032802005,-0.30848210705120593,-19.84741375626805,-17.82958640695823
-30.848210705120593,0.2601982122050309,-0.30848210705120593,-20.425785895132496,-18.488267009985286
-30.848210705120593,0.26390852408204174,-0.30848210705120593,-21.012464589811408,-19.1868929986871
-30.848210705120593,0.26761883595905256,-0.30848210705120593,-21.6074498403048,-19.92318782916557
-30.848210705120593,0.27132914783606343,-0.30848210705120593,-22.210741646612682,-20.69341439192569
-30.848210705120593,0.27503945971307425,-0.30848210705120593,-22.822340008735033,-21.492372363151095
-30.848210705120593,0.27874977159008507,-0.30848210705120593,-23.442244926671858,-22.31350548351982
-30.848210705120593,0.28246008346709595,-0.30848210705120593,-24.070456400423176,-23.14912477227271
-30.848210705120593,0.28617039534410676,-0.30848210705120593,-24.70697442998896,-23.99073797709844
-30.848210705120593,0.28988070722111764,-0.30848210705120593,-25.351799015369235,-24.829459144303357
-30.848210705120593,0.29359101909812846,-0.30848210705120593,-26.004930156563976,-25.656458726340098
-30.848210705120593,0.2973013309751393,-0.30848210705120593,-26.6663678535732,-26.46340746019355
-30.848210705120593,0.30101164285215015,-0.30848210705120593,-27.33611210639691,-27.242868238606576
-30.848210705120593,0.30472195472916097,-0.30848210705120593,-28.014162915035087,-27.988599117424407
-29.46033385365156,0.011607316445304631,-0.2946033385365156,-0.040273520299833554,-0.2189003793082276
-29.46033385365156,0.015317628322315471,-0.2946033385365156,-0.07013567777375528,-0.276388148926622
-29.46033385365156,0.01902794019932631,-0.2946033385365156,-0.1082279667116349,-0.33836094659636196
-29.46033385365156,0.02273825207633715,-0.2946033385365156,-0.15455038711347244,-0.4051576764906719
-29.46033385365156,0.02644856395334799,-0.2946033385365156,-0.20910293897926796,-0.47713425696205203
-29.46033385365156,0.03015887583035883,-0.2946033385365156,-0.27188562230902136,-0.5546627388008321
-29.46033385365156,0.03386918770736967,-0.2946033385365156,-0.34289843710273277,-0.6381299967171912
-29.46033385365156,0.03757949958438051,-0.2946033385365156,-0.422141383360402,-0.7279359284967559
-29.46033385365156,0.04128981146139135,-0.2946033385365156,-0.5096144610820292,-0.8244910948799653
-29.46033385365156,0.04500012333840219,-0.2946033385365156,-0.6053176702676144,-0.9282137342030605
-29.46033385365156,0.04871043521541303,-0.2946033385365156,-0.7092510109171575,-1.039526089955885
-29.46033385365156,0.05242074709242387,-0.2946033385365156,-0.8214144830306584,-1.1588499974615978
-29.46033385365156,0.05613105896943471,-0.2946033385365156,-0.9418080866081173,-1.2866016886934077
-29.46033385365156,0.05984137084644555,-0.2946033385365156,-1.070431821649534,-1.4231857926014464
-29.46033385365156,0.06355168272345639,-0.2946033385365156,-1.207285688154909,-1.56898853289528
-29.46033385365156,0.06726199460046722,-0.2946033385365156,-1.3523696861242414,-1.7243701564533054
-29.46033385365156,0.07097230647747807,-0.2946033385365156,-1.505683815557532,-1.8896566634932914
-29.46033385365156,0.0746826183544889,-0.2946033385365156,-1.6672280764547804,-2.065130954929812
-29.46033385365156,0.07839293023149975,-0.2946033385365156,-1.8370024688159872,-2.251023561921924
-29.46033385365156,0.08210324210851058,-0.2946033385365156,-2.015006992641151,-2.447503175682922
-29.46033385365156,0.08581355398552143,-0.2946033385365156,-2.201241647930274,-2.6546672495544144
-29.46033385365156,0.08952386586253226,-0.2946033385365156,-2.395706434683354,-2.872532996672815
-29.46033385365156,0.09323417773954311,-0.2946033385365156,-2.598401352900392,-3.1010291510628356
-29.46033385365156,0.09694448961655394,-0.2946033385365156,-2.809326402581388,-3.339988892935866
-29.46033385365156,0.10065480149356479,-0.2946033385365156,-3.028481583726342,-3.5891443554321993
-29.46033385365156,0.10436511337057562,-0.2946033385365156,-3.255866896335254,-3.8481231254129065
-29.46033385365156,0.10807542524758647,-0.2946033385365156,-3.4914823404081243,-4.116447121465533
-29.46033385365156,0.1117857371245973,-0.2946033385365156,-3.7353279159449517,-4.393534175840813
-29.46033385365156,0.11549604900160815,-0.2946033385365156,-3.9874036229457377,-4.678702563495907
-29.46033385365156,0.11920636087861898,-0.2946033385365156,-4.247709461410481,-4.971178613236848
-29.46033385365156,0.12291667275562983,-0.2946033385365156,-4.516245431339183,-5.270107408315508
-29.46033385365156,0.12662698463264066,-0.2946033385365156,-4.7930115327318425,-5.57456644453
-29.46033385365156,0.1303372965096515,-0.2946033385365156,-5.07800776558846,-5.8835819727674235
-29.46033385365156,0.13404760838666235,-0.2946033385365156,-5.371234129909036,-6.196147621101645
-29.46033385365156,0.13775792026367317,-0.2946033385365156,-5.672690625693567,-6.511244780182542
-29.46033385365156,0.14146823214068402,-0.2946033385365156,-5.98237725294206,-6.827864154717352
-29.46033385365156,0.14517854401769487,-0.2946033385365156,-6.3002940116545085,-7.145027840954565
-29.46033385365156,0.1488888558947057,-0.2946033385365156,-6.626440901830916,-7.461811289503805
-29.46033385365156,0.15259916777171653,-0.2946033385365156,-6.9608179234712795,-7.777364554926484
-29.46033385365156,0.15630947964872738,-0.2946033385365156,-7.3034250765756035,-8.090932314715884
-29.46033385365156,0.16001979152573823,-0.2946033385365156,-7.654262361143885,-8.401872253403475
-29.46033385365156,0.16373010340274907,-0.2946033385365156,-8.013329777176125,-8.709671542732416
-29.46033385365156,0.1674404152797599,-0.2946033385365156,-8.380627324672318,-9.013961294652672
-29.46033385365156,0.17115072715677074,-0.2946033385365156,-8.756155003632474,-9.314529008385161
-29.46033385365156,0.17486103903378158,-0.2946033385365156,-9.139912814056588,-9.611329164623905
-29.46033385365156,0.17857135091079243,-0.2946033385365156,-9.531900755944658,-9.904492229102896
-29.46033385365156,0.18228166278780325,-0.2946033385365156,-9.932118829296686,-10.19433240601573
-29.46033385365156,0.1859919746648141,-0.2946033385365156,-10.340567034112672,-10.481354522694273
-29.46033385365156,0.18970228654182494,-0.2946033385365156,-10.757245370392617,-10.7662604255345
-29.46033385365156,0.1934125984188358,-0.2946033385365156,-11.18215383813652,-11.049955219281983
-29.46033385365156,0.1971229102958466,-0.2946033385365156,-11.615292437344378,-11.333553583502617
-29.46033385365156,0.20083322217285746,-0.2946033385365156,-12.056661168016195,-11.618386246922759
-29.46033385365156,0.2045435340498683,-0.2946033385365156,-12.506260030151973,-11.906006486959422
-29.46033385365156,0.20825384592687915,-0.2946033385365156,-12.964089023751708,-12.198196241916806
-29.46033385365156,0.21196415780388997,-0.2946033385365156,-13.430148148815396,-12.496971070594252
-29.46033385365156,0.21567446968090082,-0.2946033385365156,-13.904437405343048,-12.804582763684074
-29.46033385365156,0.21938478155791166,-0.2946033385365156,-14.386956793334656,-13.12351790347841
-29.46033385365156,0.2230950934349225,-0.2946033385365156,-14.877706312790222,-13.456490093148362
-29.46033385365156,0.22680540531193333,-0.2946033385365156,-15.376685963709742,-13.806422961445685
-29.46033385365156,0.23051571718894417,-0.2946033385365156,-15.883895746093225,-14.176420446764727
-29.46033385365156,0.23422602906595502,-0.2946033385365156,-16.399335659940665,-14.569720366754153
-29.46033385365156,0.23793634094296587,-0.2946033385365156,-16.923005705252063,-14.989627023625022
-29.46033385365156,0.2416466528199767,-0.2946033385365156,-17.454905882027415,-15.439418770511542
-29.46033385365156,0.24535696469698753,-0.2946033385365156,-17.99503619026673,-15.922227306235412
-29.46033385365156,0.24906727657399838,-0.2946033385365156,-18.54339662997,-16.44088723025469
-29.46033385365156,0.2527775884510092,-0.2946033385365156,-19.099987201137235,-16.997757297313736
-29.46033385365156,0.25648790032802005,-0.2946033385365156,-19.664807903768416,-17.594518958965374
-29.46033385365156,0.2601982122050309,-0.2946033385365156,-20.23785873786357,-18.231963020211012
-29.46033385365156,0.26390852408204174,-0.2946033385365156,-20.819139703422664,-18.90978106059368
-29.46033385365156,0.26761883595905256,-0.2946033385365156,-21.40865080044572,-19.62638371077476
-29.46033385365156,0.27132914783606343,-0.2946033385365156,-22.006392028932748,-20.37877156816974
-29.46033385365156,0.27503945971307425,-0.2946033385365156,-22.612363388883722,-21.162484916379235
-29.46033385365156,0.27874977159008507,-0.2946033385365156,-23.22656488029865,-21.97165415004097
-29.46033385365156,0.28246008346709595,-0.2946033385365156,-23.848996503177553,-22.799163348921045
-29.46033385365156,0.28617039534410676,-0.2946033385365156,-24.479658257520395,-23.636925521408603
-29.46033385365156,0.28988070722111764,-0.2946033385365156,-25.118550143327212,-24.47625183892212
-29.46033385365156,0.29359101909812846,-0.2946033385365156,-25.765672160597973,-25.308282023574563
-29.46033385365156,0.2973013309751393,-0.2946033385365156,-26.421024309332694,-26.12443250175801
-29.46033385365156,0.30101164285215015,-0.2946033385365156,-27.084606589531383,-26.916815688592152
-29.46033385365156,0.30472195472916097,-0.2946033385365156,-27.75641900119402,-27.678588697384402
-28.072457002182524,0.011607316445304631,-0.28072457002182527,-0.03989954357229568,-0.22815512985947084
-28.072457002182524,0.015317628322315471,-0.28072457002182527,-0.06948440341129065,-0.285896896833274
-28.072457002182524,0.01902794019932631,-0.28072457002182527,-0.10722297036372283,-0.3481074405753328
-28.072457002182524,0.02273825207633715,-0.28072457002182527,-0.1531152444295922,-0.4151209633115158
-28.072457002182524,0.02644856395334799,-0.28072457002182527,-0.20716122560889885,-0.4872881116704093
-28.072457002182524,0.03015887583035883,-0.28072457002182527,-0.2693609139016427,-0.5649750765628916
-28.072457002182524,0.03386918770736967,-0.28072457002182527,-0.33971430930782376,-0.6485622770873518
-28.072457002182524,0.03757949958438051,-0.28072457002182527,-0.418221411827442,-0.7384425660671154
-28.072457002182524,0.04128981146139135,-0.28072457002182527,-0.5048822214604975,-0.8350188937624305
-28.072457002182524,0.04500012333840219,-0.28072457002182527,-0.5996967382069902,-0.938701367540812
-28.072457002182524,0.04871043521541303,-0.28072457002182527,-0.7026649620669201,-1.0499036495299965
-28.072457002182524,0.05242074709242387,-0.28072457002182527,-0.8137868930402873,-1.1690386422629468
-28.072457002182524,0.05613105896943471,-0.28072457002182527,-0.9330625311270916,-1.2965134248171584
-28.072457002182524,0.05984137084644555,-0.28072457002182527,-1.060491876327333,-1.4327234196704022
-28.072457002182524,0.06355168272345639,-0.28072457002182527,-1.196074928641012,-1.5780457940421955
-28.072457002182524,0.06726199460046722,-0.28072457002182527,-1.3398116880681274,-1.7328321292474604
-28.072457002182524,0.07097230647747807,-0.28072457002182527,-1.4917021546086808,-1.8974004276040968
-28.072457002182524,0.0746826183544889,-0.28072457002182527,-1.6517463282626712,-2.072026568297974
-28.072457002182524,0.07839293023149975,-0.28072457002182527,-1.8199442090300988,-2.2569353703183936
-28.072457002182524,0.08210324210851058,-0.28072457002182527,-1.9962957969109636,-2.452291470442141
-28.072457002182524,0.08581355398552143,-0.28072457002182527,-2.180801091905266,-2.658190274808373
-28.072457002182524,0.08952386586253226,-0.28072457002182527,-2.373460094013005,-2.8746492906681698
-28.072457002182524,0.09323417773954311,-0.28072457002182527,-2.5742728032341815,-3.1016001865108223
-28.072457002182524,0.09694448961655394,-0.28072457002182527,-2.783239219568795,-3.338881959583251
-28.072457002182524,0.10065480149356479,-0.28072457002182527,-3.000359343016846,-3.586235605294716
-28.072457002182524,0.10436511337057562,-0.28072457002182527,-3.225633173578334,-3.8433006788829904
-28.072457002182524,0.10807542524758647,-0.28072457002182527,-3.45906071125326,-4.109614112575304
-28.072457002182524,0.1117857371245973,-0.28072457002182527,-3.7006419560416215,-4.384611599253004
-28.072457002182524,0.11549604900160815,-0.28072457002182527,-3.9503769079434217,-4.667631776183407
-28.072457002182524,0.11920636087861898,-0.28072457002182527,-4.208265566958659,-4.957923341892201
-28.072457002182524,0.12291667275562983,-0.28072457002182527,-4.474307933087333,-5.2546551203876755
-28.072457002182524,0.12662698463264066,-0.28072457002182527,-4.748504006329444,-5.556928956776158
-28.072457002182524,0.1303372965096515,-0.28072457002182527,-5.030853786684992,-5.863795195824297
-28.072457002182524,0.13404760838666235,-0.28072457002182527,-5.321357274153979,-6.1742703704020645
-28.072457002182524,0.13775792026367317,-0.28072457002182527,-5.620014468736401,-6.487356620311095
-28.072457002182524,0.14146823214068402,-0.28072457002182527,-5.926825370432262,-6.8020622831106845
-28.072457002182524,0.14517854401769487,-0.28072457002182527,-6.241789979241559,-7.117423054467581
-28.072457002182524,0.1488888558947057,-0.28072457002182527,-6.564908295164295,-7.432523110555607
-28.072457002182524,0.15259916777171653,-0.28072457002182527,-6.896180318200465,-7.746515619885171
-28.072457002182524,0.15630947964872738,-0.28072457002182527,-7.235606048350075,-8.05864214377003
-28.072457002182524,0.16001979152573823,-0.28072457002182527,-7.583185485613122,-8.368250527266577
-28.072457002182524,0.16373010340274907,-0.28072457002182527,-7.9389186299896055,-8.674811007082111
-28.072457002182524,0.1674404152797599,-0.28072457002182527,-8.302805481479524,-8.977930399258328
-28.072457002182524,0.17115072715677074,-0.28072457002182527,-8.674846040082883,-9.27736436643967
-28.072457002182524,0.17486103903378158,-0.28072457002182527,-9.055040305799679,-9.573027891679137
-28.072457002182524,0.17857135091079243,-0.28072457002182527,-9.44338827862991,-9.865004193610464
-28.072457002182524,0.18228166278780325,-0.28072457002182527,-9.83988995857358,-10.153552398586282
-28.072457002182524,0.1859919746648141,-0.28072457002182527,-10.244545345630687,-10.43911433285894
-28.072457002182524,0.18970228654182494,-0.28072457002182527,-10.657354439801232,-10.722320807266625
-28.072457002182524,0.1934125984188358,-0.28072457002182527,-11.078317241085214,-11.003997734274707
-28.072457002182524,0.1971229102958466,-0.28072457002182527,-11.50743374948263,-11.285172338944308
-28.072457002182524,0.20083322217285746,-0.28072457002182527,-11.944703964993485,-11.567079597382039
-28.072457002182524,0.2045435340498683,-0.28072457002182527,-12.39012788761778,-11.851168853487149
-28.072457002182524,0.20825384592687915,-0.28072457002182527,-12.843705517355511,-12.139110321321942
-28.072457002182524,0.21196415780388997,-0.28072457002182527,-13.305436854206675,-12.432800869529672
-28.072457002182524,0.21567446968090082,-0.28072457002182527,-13.775321898171281,-12.734368099906668
-28.072457002182524,0.21938478155791166,-0.28072457002182527,-14.253360649249325,-13.04617127164223
-28.072457002182524,0.2230950934349225,-0.28072457002182527,-14.739553107440802,-13.370797090226384
-28.072457002182524,0.22680540531193333,-0.28072457002182527,-15.233899272745715,-13.711047793178304
-28.072457002182524,0.23051571718894417,-0.28072457002182527,-15.73639914516407,-14.069918362488563
-28.072457002182524,0.23422602906595502,-0.28072457002182527,-16.247052724695862,-14.450559146101433
-28.072457002182524,0.23793634094296587,-0.28072457002182527,-16.76586001134109,-14.856219789450558
-28.072457002182524,0.2416466528199767,-0.28072457002182527,-17.292821005099754,-15.290170323818733
-28.072457002182524,0.24535696469698753,-0.28072457002182527,-17.827935705971857,-15.755595741453549
-28.072457002182524,0.24906727657399838,-0.28072457002182527,-18.371204113957397,-16.255461653038967
-28.072457002182524,0.2527775884510092,-0.28072457002182527,-18.922626229056377,-16.792350912414182
-28.072457002182524,0.25648790032802005,-0.28072457002182527,-19.482202051268786,-17.368274572935846
-28.072457002182524,0.2601982122050309,-0.28072457002182527,-20.049931580594645,-17.984465198268925
-28.072457002182524,0.26390852408204174,-0.28072457002182527,-20.625814817033927,-18.64116607577341
-28.072457002182524,0.26761883595905256,-0.28072457002182527,-21.20985176058665,-19.33743555446518
-28.072457002182524,0.27132914783606343,-0.28072457002182527,-21.802042411252817,-20.070990396746048
-28.072457002182524,0.27503945971307425,-0.28072457002182527,-22.402386769032415,-20.8381142195754
-28.072457002182524,0.27874977159008507,-0.28072457002182527,-23.01088483392545,-21.633655327109246
-28.072457002182524,0.28246008346709595,-0.28072457002182527,-23.62753660593193,-22.451131509354468
-28.072457002182524,0.28617039534410676,-0.28072457002182527,-24.252342085051836,-23.2829477332755
-28.072457002182524,0.28988070722111764,-0.28072457002182527,-24.88530127128519,-24.12071750928641
-28.072457002182524,0.29359101909812846,-0.28072457002182527,-25.526414164631973,-24.95566283920856
-28.072457002182524,0.2973013309751393,-0.28072457002182527,-26.175680765092192,-25.779054542027644
-28.072457002182524,0.30101164285215015,-0.28072457002182527,-26.833101072665862,-26.582647629057558
-28.072457002182524,0.30472195472916097,-0.28072457002182527,-27.498675087352954,-27.359067121380427
-26.68458015071349,0.011607316445304631,-0.2668458015071349,-0.0395255668447578,-0.23762168235277237
-26.68458015071349,0.015317628322315471,-0.2668458015071349,-0.06883312904882603,-0.29562108697236456
-26.68458015071349,0.01902794019932631,-0.2668458015071349,-0.10621797401581075,-0.358072787300336
-26.68458015071349,0.02273825207633715,-0.2668458015071349,-0.15168010174571198,-0.42530628880035426
-26.68458015071349,0.02644856395334799,-0.2668458015071349,-0.20521951223852972,-0.4976669808923271
-26.68458015071349,0.03015887583035883,-0.2668458015071349,-0.26683620549426396,-0.5755152199897253
-26.68458015071349,0.03386918770736967,-0.2668458015071349,-0.33653018151291475,-0.6592250072948347
-26.68458015071349,0.03757949958438051,-0.2668458015071349,-0.414301440294482,-0.749182202014306
-26.68458015071349,0.04128981146139135,-0.2668458015071349,-0.5001499818389658,-0.84578220990426
-26.68458015071349,0.04500012333840219,-0.2668458015071349,-0.594075806146366,-0.949427088525757
-26.68458015071349,0.04871043521541303,-0.2668458015071349,-0.6960789132166828,-1.060522014933556
-26.68458015071349,0.05242074709242387,-0.2668458015071349,-0.806159303049916,-1.1794710694264605
-26.68458015071349,0.05613105896943471,-0.2668458015071349,-0.9243169756460657,-1.3066723011573873
-26.68458015071349,0.05984137084644555,-0.2668458015071349,-1.0505519310051321,-1.4425120584920768
-26.68458015071349,0.06355168272345639,-0.2668458015071349,-1.184864169127115,-1.5873585895559401
-26.68458015071349,0.06726199460046722,-0.2668458015071349,-1.3272536900120138,-1.741554946750003
-26.68458015071349,0.07097230647747807,-0.2668458015071349,-1.4777204936598296,-1.9054112631662146
-26.68458015071349,0.0746826183544889,-0.2668458015071349,-1.6362645800705617,-2.079196508376784
-26.68458015071349,0.07839293023149975,-0.2668458015071349,-1.8028859492442106,-2.2631298750568387
-26.68458015071349,0.08210324210851058,-0.2668458015071349,-1.9775846011807758,-2.457371994729781
-26.68458015071349,0.08581355398552143,-0.2668458015071349,-2.160360535880258,-2.662016228306529
-26.68458015071349,0.08952386586253226,-0.2668458015071349,-2.351213753342656,-2.8770803220315737
-26.68458015071349,0.09323417773954311,-0.2668458015071349,-2.5501442535679706,-3.102498758341621
-26.68458015071349,0.09694448961655394,-0.2668458015071349,-2.757152036556202,-3.3381161599447973
-26.68458015071349,0.10065480149356479,-0.2668458015071349,-2.9722371023073495,-3.5836821199615265
-26.68458015071349,0.10436511337057562,-0.2668458015071349,-3.195399450821414,-3.838847827313365
-26.68458015071349,0.10807542524758647,-0.2668458015071349,-3.426639082098395,-4.103164831528929
-26.68458015071349,0.1117857371245973,-0.2668458015071349,-3.6659559961382917,-4.376086242837387
-26.68458015071349,0.11549604900160815,-0.2668458015071349,-3.913350192941106,-4.656970591660697
-26.68458015071349,0.11920636087861898,-0.2668458015071349,-4.168821672506836,-4.945088478322003
-26.68458015071349,0.12291667275562983,-0.2668458015071349,-4.432370434835483,-5.239632033168143
-26.68458015071349,0.12662698463264066,-0.2668458015071349,-4.703996479927047,-5.539727085755618
-26.68458015071349,0.1303372965096515,-0.2668458015071349,-4.983699807781526,-5.844447817473235
-26.68458015071349,0.13404760838666235,-0.2668458015071349,-5.271480418398923,-6.152833554296048
-26.68458015071349,0.13775792026367317,-0.2668458015071349,-5.567338311779235,-6.46390725482383
-26.68458015071349,0.14146823214068402,-0.2668458015071349,-5.871273487922465,-6.776695172086532
-26.68458015071349,0.14517854401769487,-0.2668458015071349,-6.18328594682861,-7.090247122711498
-26.68458015071349,0.1488888558947057,-0.2668458015071349,-6.503375688497673,-7.403656788210791
-26.68458015071349,0.15259916777171653,-0.2668458015071349,-6.83154271292965,-7.716081501446981
-26.68458015071349,0.15630947964872738,-0.2668458015071349,-7.167787020124546,-8.026761034534575
-26.68458015071349,0.16001979152573823,-0.2668458015071349,-7.512108610082358,-8.335034997223588
-26.68458015071349,0.16373010340274907,-0.2668458015071349,-7.864507482803088,-8.640358569425514
-26.68458015071349,0.1674404152797599,-0.2668458015071349,-8.22498363828673,-8.942316418604978
-26.68458015071349,0.17115072715677074,-0.2668458015071349,-8.593537076533291,-9.240634782242974
-26.68458015071349,0.17486103903378158,-0.2668458015071349,-8.970167797542771,-9.535191817689247
-26.68458015071349,0.17857135091079243,-0.2668458015071349,-9.354875801315165,-9.826026427628515
-26.68458015071349,0.18228166278780325,-0.2668458015071349,-9.747661087850474,-10.113345851642322
-26.68458015071349,0.1859919746648141,-0.2668458015071349,-10.148523657148703,-10.397532367021094
-26.68458015071349,0.18970228654182494,-0.2668458015071349,-10.557463509209848,-10.679149460462375
-26.68458015071349,0.1934125984188358,-0.2668458015071349,-10.974480644033909,-10.958947812869877
-26.68458015071349,0.1971229102958466,-0.2668458015071349,-11.399575061620883,-11.237871378743163
-26.68458015071349,0.20083322217285746,-0.2668458015071349,-11.832746761970776,-11.517063735904571
-26.68458015071349,0.2045435340498683,-0.2668458015071349,-12.273995745083587,-11.797874725986764
-26.68458015071349,0.20825384592687915,-0.2668458015071349,-12.723322010959315,-12.081867195523403
-26.68458015071349,0.21196415780388997,-0.2668458015071349,-13.180725559597954,-12.370823375024388
-26.68458015071349,0.21567446968090082,-0.2668458015071349,-13.646206390999515,-12.666750092377399
-26.68458015071349,0.21938478155791166,-0.2668458015071349,-14.119764505163992,-12.971881602391333
-26.68458015071349,0.2230950934349225,-0.2668458015071349,-14.601399902091384,-13.288678326375583
-26.68458015071349,0.22680540531193333,-0.2668458015071349,-15.09111258178169,-13.619819244373138
-26.68458015071349,0.23051571718894417,-0.2668458015071349,-15.588902544234916,-13.968185094951261
-26.68458015071349,0.23422602906595502,-0.2668458015071349,-16.09476978945106,-14.336828965965724
-26.68458015071349,0.23793634094296587,-0.2668458015071349,-16.60871431743012,-14.728930392904209
-26.68458015071349,0.2416466528199767,-0.2668458015071349,-17.130736128172092,-15.147728852736204
-26.68458015071349,0.24535696469698753,-0.2668458015071349,-17.660835221676983,-15.596432733669728
-26.68458015071349,0.24906727657399838,-0.2668458015071349,-18.199011597944793,-16.078100701172282
-26.68458015071349,0.2527775884510092,-0.2668458015071349,-18.745265256975518,-16.595494112452865
-26.68458015071349,0.25648790032802005,-0.2668458015071349,-19.299596198769155,-17.150901964881683
-26.68458015071349,0.2601982122050309,-0.2668458015071349,-19.86200442332572,-17.74594388765835
-26.68458015071349,0.26390852408204174,-0.2668458015071349,-20.43248993064519,-18.381361755894627
-26.68458015071349,0.26761883595905256,-0.2668458015071349,-21.011052720727573,-19.05681612655347
-26.68458015071349,0.27132914783606343,-0.2668458015071349,-21.597692793572886,-19.770708945012174
-26.68458015071349,0.27503945971307425,-0.2668458015071349,-22.19241014918111,-20.52005753650408
-26.68458015071349,0.27874977159008507,-0.2668458015071349,-22.795204787552244,-21.300445280736774
-26.68458015071349,0.28246008346709595,-0.2668458015071349,-23.406076708686307,-22.106070288529487
-26.68458015071349,0.28617039534410676,-0.2668458015071349,-24.025025912583274,-22.929904315850237
-26.68458015071349,0.28988070722111764,-0.2668458015071349,-24.65205239924317,-23.763960739894273
-26.68458015071349,0.29359101909812846,-0.2668458015071349,-25.287156168665973,-24.599654759846402
-26.68458015071349,0.2973013309751393,-0.2668458015071349,-25.930337220851694,-25.42822423703815
-26.68458015071349,0.30101164285215015,-0.2668458015071349,-26.581595555800337,-26.24116919369562
-26.68458015071349,0.30472195472916097,-0.2668458015071349,-27.24093117351189,-27.030664578832965
-25.296703299244456,0.011607316445304631,-0.25296703299244455,-0.03915159011721992,-0.2473019751519785
-25.296703299244456,0.015317628322315471,-0.25296703299244455,-0.06818185468636141,-0.30556237998645175
-25.296703299244456,0.01902794019932631,-0.25296703299244455,-0.10521297766789868,-0.3682583468866971
-25.296703299244456,0.02273825207633715,-0.25296703299244455,-0.15024495906183172,-0.43571469036461163
-25.296703299244456,0.02644856395334799,-0.25296703299244455,-0.2032777988681606,-0.5082715580418204
-25.296703299244456,0.03015887583035883,-0.25296703299244455,-0.2643114970868852,-0.5862834983861913
-25.296703299244456,0.03386918770736967,-0.25296703299244455,-0.33334605371800574,-0.6701181338636655
-25.296703299244456,0.03757949958438051,-0.25296703299244455,-0.410381468761522,-0.7601543831229574
-25.296703299244456,0.04128981146139135,-0.25296703299244455,-0.495417742217434,-0.8567801753656288
-25.296703299244456,0.04500012333840219,-0.25296703299244455,-0.5884548740857418,-0.9603896017321709
-25.296703299244456,0.04871043521541303,-0.25296703299244455,-0.6894928643664454,-1.0713794529587375
-25.296703299244456,0.05242074709242387,-0.25296703299244455,-0.7985317130595448,-1.1901451003699441
-25.296703299244456,0.05613105896943471,-0.25296703299244455,-0.91557142016504,-1.317075689115497
-25.296703299244456,0.05984137084644555,-0.25296703299244455,-1.040611985682931,-1.452548629029434
-25.296703299244456,0.06355168272345639,-0.25296703299244455,-1.1736534096132178,-1.596923390072881
-25.296703299244456,0.06726199460046722,-0.25296703299244455,-1.3146956919559,-1.7505346362989394
-25.296703299244456,0.07097230647747807,-0.25296703299244455,-1.4637388327109784,-1.913684764640578
-25.296703299244456,0.0746826183544889,-0.25296703299244455,-1.6207828318784525,-2.08663595215836
-25.296703299244456,0.07839293023149975,-0.25296703299244455,-1.7858276894583225,-2.269601856781695
-25.296703299244456,0.08210324210851058,-0.25296703299244455,-1.958873405450588,-2.462739160534218
-25.296703299244456,0.08581355398552143,-0.25296703299244455,-2.1399199798552497,-2.6661391886097108
-25.296703299244456,0.08952386586253226,-0.25296703299244455,-2.328967412672307,-2.8798198796836605
-25.296703299244456,0.09323417773954311,-0.25296703299244455,-2.52601570390176,-3.1037184191694744
-25.296703299244456,0.09694448961655394,-0.25296703299244455,-2.7310648535436086,-3.33768487403166
-25.296703299244456,0.10065480149356479,-0.25296703299244455,-2.9441148615978534,-3.58147718140244
-25.296703299244456,0.10436511337057562,-0.25296703299244455,-3.1651657280644936,-3.8347578400052775
-25.296703299244456,0.10807542524758647,-0.25296703299244455,-3.3942174529435305,-4.097092630337679
-25.296703299244456,0.1117857371245973,-0.25296703299244455,-3.631270036234962,-4.367951644915973
-25.296703299244456,0.11549604900160815,-0.25296703299244455,-3.87632347793879,-4.646712843425794
-25.296703299244456,0.11920636087861898,-0.25296703299244455,-4.129377778055013,-4.932668261057204
-25.296703299244456,0.12291667275562983,-0.25296703299244455,-4.390432936583633,-5.225032895417861
-25.296703299244456,0.12662698463264066,-0.25296703299244455,-4.659488953524648,-5.5229561840019485
-25.296703299244456,0.1303372965096515,-0.25296703299244455,-4.936545828878059,-5.825535867714911
-25.296703299244456,0.13404760838666235,-0.25296703299244455,-5.221603562643867,-6.131833924949294
-25.296703299244456,0.13775792026367317,-0.25296703299244455,-5.514662154822068,-6.440894163979026
-25.296703299244456,0.14146823214068402,-0.25296703299244455,-5.815721605412667,-6.751760987127604
-25.296703299244456,0.14517854401769487,-0.25296703299244455,-6.124781914415661,-7.063498794832682
-25.296703299244456,0.1488888558947057,-0.25296703299244455,-6.441843081831051,-7.375211485589341
-25.296703299244456,0.15259916777171653,-0.25296703299244455,-6.766905107658835,-7.686061530155502
-25.296703299244456,0.15630947964872738,-0.25296703299244455,-7.0999679918990175,-7.995288153664463
-25.296703299244456,0.16001979152573823,-0.25296703299244455,-7.441031734551595,-8.302224242882525
-25.296703299244456,0.16373010340274907,-0.25296703299244455,-7.790096335616569,-8.606311700920521
-25.296703299244456,0.1674404152797599,-0.25296703299244455,-8.147161795093936,-8.907115089820483
-25.296703299244456,0.17115072715677074,-0.25296703299244455,-8.512228112983701,-9.204333523431853
-25.296703299244456,0.17486103903378158,-0.25296703299244455,-8.885295289285862,-9.49781088981013
-25.296703299244456,0.17857135091079243,-0.25296703299244455,-9.266363324000418,-9.787544585735347
-25.296703299244456,0.18228166278780325,-0.25296703299244455,-9.65543221712737,-10.073693028803929
-25.296703299244456,0.1859919746648141,-0.25296703299244455,-10.052501968666718,-10.356582269213128
-25.296703299244456,0.18970228654182494,-0.25296703299244455,-10.457572578618462,-10.636712049408853
-25.296703299244456,0.1934125984188358,-0.25296703299244455,-10.870644046982603,-10.914761651673532
-25.296703299244456,0.1971229102958466,-0.25296703299244455,-11.291716373759135,-11.191595828332503
-25.296703299244456,0.20083322217285746,-0.25296703299244455,-11.720789558948066,-11.468271023179172
-25.296703299244456,0.2045435340498683,-0.25296703299244455,-12.157863602549394,-11.746041961825638
-25.296703299244456,0.20825384592687915,-0.25296703299244455,-12.602938504563118,-12.026368507727454
-25.296703299244456,0.21196415780388997,-0.25296703299244455,-13.056014264989233,-12.310922443227497
-25.296703299244456,0.21567446968090082,-0.25296703299244455,-13.517090883827748,-12.601593534144492
-25.296703299244456,0.21938478155791166,-0.25296703299244455,-13.98616836107866,-12.900493865986288
-25.296703299244456,0.2230950934349225,-0.25296703299244455,-14.463246696741965,-13.209958996833425
-25.296703299244456,0.22680540531193333,-0.25296703299244455,-14.948325890817664,-13.5325439605875
-25.296703299244456,0.23051571718894417,-0.25296703299244455,-15.441405943305762,-13.871011591936659
-25.296703299244456,0.23422602906595502,-0.25296703299244455,-15.942486854206257,-14.22831006921248
-25.296703299244456,0.23793634094296587,-0.25296703299244455,-16.451568623519147,-14.607536051673405
-25.296703299244456,0.2416466528199767,-0.25296703299244455,-16.968651251244427,-15.011879431956679
-25.296703299244456,0.24535696469698753,-0.25296703299244455,-17.49373473738211,-15.444545687989088
-25.296703299244456,0.24906727657399838,-0.25296703299244455,-18.026819081932185,-15.908652304167033
-25.296703299244456,0.2527775884510092,-0.25296703299244455,-18.567904284894663,-16.407096974432367
-25.296703299244456,0.25648790032802005,-0.25296703299244455,-19.116990346269525,-16.942397530637212
-25.296703299244456,0.2601982122050309,-0.25296703299244455,-19.674077266056795,-17.516506916729128
-25.296703299244456,0.26390852408204174,-0.25296703299244455,-20.23916504425645,-18.130611040299435
-25.296703299244456,0.26761883595905256,-0.25296703299244455,-20.8122536808685,-18.78492267763164
-25.296703299244456,0.27132914783606343,-0.25296703299244455,-21.39334317589296,-19.478490097345695
-25.296703299244456,0.27503945971307425,-0.25296703299244455,-21.982433529329803,-20.209043593984635
-25.296703299244456,0.27874977159008507,-0.25296703299244455,-22.57952474117904,-20.97290527191069
-25.296703299244456,0.28246008346709595,-0.25296703299244455,-23.184616811440687,-21.764985766671103
-25.296703299244456,0.28617039534410676,-0.25296703299244455,-23.797709740114716,-22.578885166555985
-25.296703299244456,0.28988070722111764,-0.25296703299244455,-24.418803527201153,-23.40710420623401
-25.296703299244456,0.29359101909812846,-0.25296703299244455,-25.047898172699973,-24.241357181900757
-25.296703299244456,0.2973013309751393,-0.25296703299244455,-25.684993676611192,-25.072962609404815
-25.296703299244456,0.30101164285215015,-0.25296703299244455,-26.330090038934816,-25.893274775157384
-25.296703299244456,0.30472195472916097,-0.25296703299244455,-26.983187259670824,-26.694112144996094
-23.90882644777542,0.011607316445304631,-0.23908826447775422,-0.038777613389682046,-0.2571979697855973
-23.90882644777542,0.015317628322315471,-0.23908826447775422,-0.06753058032389679,-0.31572245691109435
-23.90882644777542,0.01902794019932631,-0.23908826447775422,-0.10420798131998661,-0.3786654976036652
-23.90882644777542,0.02273825207633715,-0.23908826447775422,-0.1488098163779515,-0.44634722194867704
-23.90882644777542,0.02644856395334799,-0.23908826447775422,-0.2013360854977915,-0.51910255215659
-23.90882644777542,0.03015887583035883,-0.23908826447775422,-0.26178678867950655,-0.5972802565408766
-23.90882644777542,0.03386918770736967,-0.23908826447775422,-0.33016192592309673,-0.6812416194880688
-23.90882644777542,0.03757949958438051,-0.23908826447775422,-0.40646149722856195,-0.7713586738927547
-23.90882644777542,0.04128981146139135,-0.23908826447775422,-0.49068550259590227,-0.8680119423306749
-23.90882644777542,0.04500012333840219,-0.23908826447775422,-0.5828339420251176,-0.9715876351058403
-23.90882644777542,0.04871043521541303,-0.23908826447775422,-0.6829068155162081,-1.0824742577938955
-23.90882644777542,0.05242074709242387,-0.23908826447775422,-0.7909041230691737,-1.2010585886071352
-23.90882644777542,0.05613105896943471,-0.23908826447775422,-0.9068258646840143,-1.3277209974171145
-23.90882644777542,0.05984137084644555,-0.23908826447775422,-1.03067204036073,-1.462830094132205
-23.90882644777542,0.06355168272345639,-0.23908826447775422,-1.1624426500993208,-1.6067367147687128
-23.90882644777542,0.06726199460046722,-0.23908826447775422,-1.3021376938997862,-1.7597672792189827
-23.90882644777542,0.07097230647747807,-0.23908826447775422,-1.4497571717621272,-1.9222165853718756
-23.90882644777542,0.0746826183544889,-0.23908826447775422,-1.605301083686343,-2.0943401394730414
-23.90882644777542,0.07839293023149975,-0.23908826447775422,-1.7687694296724343,-2.2763461615539056
-23.90882644777542,0.08210324210851058,-0.23908826447775422,-1.9401622097204003,-2.4683874459966355
-23.90882644777542,0.08581355398552143,-0.23908826447775422,-2.1194794238302417,-2.6705532988415257
-23.90882644777542,0.08952386586253226,-0.23908826447775422,-2.3067210720019578,-2.882861812707312
-23.90882644777542,0.09323417773954311,-0.23908826447775422,-2.501887154235549,-3.105252774101011
-23.90882644777542,0.09694448961655394,-0.23908826447775422,-2.7049776705310156,-3.337581523006629
-23.90882644777542,0.10065480149356479,-0.23908826447775422,-2.9159926208883573,-3.579614097422107
-23.90882644777542,0.10436511337057562,-0.23908826447775422,-3.1349320053075735,-3.8310239926390515
-23.90882644777542,0.10807542524758647,-0.23908826447775422,-3.361795823788666,-4.091390843827363
-23.90882644777542,0.1117857371245973,-0.23908826447775422,-3.596584076331632,-4.360201299228347
-23.90882644777542,0.11549604900160815,-0.23908826447775422,-3.839296762936474,-4.636852289739036
-23.90882644777542,0.11920636087861898,-0.23908826447775422,-4.089933883603191,-4.92065682039393
-23.90882644777542,0.12291667275562983,-0.23908826447775422,-4.348495438331783,-5.2108523136147396
-23.90882644777542,0.12662698463264066,-0.23908826447775422,-4.61498142712225,-5.5066114283467495
-23.90882644777542,0.1303372965096515,-0.23908826447775422,-4.889391849974592,-5.807055170120027
-23.90882644777542,0.13404760838666235,-0.23908826447775422,-5.17172670688881,-6.111268002473786
-23.90882644777542,0.13775792026367317,-0.23908826447775422,-5.461985997864901,-6.418314578171929
-23.90882644777542,0.14146823214068402,-0.23908826447775422,-5.760169722902869,-6.727257636794821
-23.90882644777542,0.14517854401769487,-0.23908826447775422,-6.066277882002711,-7.037176569825945
-23.90882644777542,0.1488888558947057,-0.23908826447775422,-6.380310475164429,-7.3471861393963085
-23.90882644777542,0.15259916777171653,-0.23908826447775422,-6.702267502388021,-7.656454853962938
-23.90882644777542,0.15630947964872738,-0.23908826447775422,-7.032148963673489,-7.964222552179827
-23.90882644777542,0.16001979152573823,-0.23908826447775422,-7.369954859020832,-8.269816821242951
-23.90882644777542,0.16373010340274907,-0.23908826447775422,-7.715685188430051,-8.572667972028306
-23.90882644777542,0.1674404152797599,-0.23908826447775422,-8.069339951901142,-8.872322402828702
-23.90882644777542,0.17115072715677074,-0.23908826447775422,-8.43091914943411,-9.168454298088182
-23.90882644777542,0.17486103903378158,-0.23908826447775422,-8.800422781028955,-9.460875719872053
-23.90882644777542,0.17857135091079243,-0.23908826447775422,-9.177850846685672,-9.749545250164278
-23.90882644777542,0.18228166278780325,-0.23908826447775422,-9.563203346404265,-10.03457542477393
-23.90882644777542,0.1859919746648141,-0.23908826447775422,-9.956480280184733,-10.316239259235253
-23.90882644777542,0.18970228654182494,-0.23908826447775422,-10.357681648027077,-10.594976199349954
-23.90882644777542,0.1934125984188358,-0.23908826447775422,-10.766807449931298,-10.871397830582485
-23.90882644777542,0.1971229102958466,-0.23908826447775422,-11.183857685897388,-11.1462936484363
-23.90882644777542,0.20083322217285746,-0.23908826447775422,-11.608832355925356,-11.420637123149023
-23.90882644777542,0.2045435340498683,-0.23908826447775422,-12.041731460015201,-11.69559218282643
-23.90882644777542,0.20825384592687915,-0.23908826447775422,-12.482554998166922,-11.972520084705353
-23.90882644777542,0.21196415780388997,-0.23908826447775422,-12.931302970380512,-12.252986438589252
-23.90882644777542,0.21567446968090082,-0.23908826447775422,-13.387975376655982,-12.538767882702965
-23.90882644777542,0.21938478155791166,-0.23908826447775422,-13.852572216993329,-12.83185758332924
-23.90882644777542,0.2230950934349225,-0.23908826447775422,-14.325093491392547,-13.134468330567588
-23.90882644777542,0.22680540531193333,-0.23908826447775422,-14.805539199853637,-13.449031533382241
-23.90882644777542,0.23051571718894417,-0.23908826447775422,-15.293909342376608,-13.778189887597797
-23.90882644777542,0.23422602906595502,-0.23908826447775422,-15.790203918961453,-14.124780926975234
-23.90882644777542,0.23793634094296587,-0.23908826447775422,-16.294422929608174,-14.491808121264361
-23.90882644777542,0.2416466528199767,-0.23908826447775422,-16.806566374316766,-14.882395742031802
-23.90882644777542,0.24535696469698753,-0.23908826447775422,-17.326634253087235,-15.299723506224293
-23.90882644777542,0.24906727657399838,-0.23908826447775422,-17.85462656591958,-15.746937205421707
-23.90882644777542,0.2527775884510092,-0.23908826447775422,-18.390543312813804,-16.227032353443462
-23.90882644777542,0.25648790032802005,-0.23908826447775422,-18.934384493769894,-16.742709571258185
-23.90882644777542,0.2601982122050309,-0.23908826447775422,-19.48615010878787,-17.296203177207417
-23.90882644777542,0.26390852408204174,-0.23908826447775422,-20.045840157867712,-17.88908834814195
-23.90882644777542,0.26761883595905256,-0.23908826447775422,-20.613454641009426,-18.522077125411073
-23.90882644777542,0.27132914783606343,-0.23908826447775422,-21.188993558213028,-19.194818985091622
-23.90882644777542,0.27503945971307425,-0.23908826447775422,-21.772456909478496,-19.90572679263117
-23.90882644777542,0.27874977159008507,-0.23908826447775422,-22.363844694805838,-20.65185245889835
-23.90882644777542,0.28246008346709595,-0.23908826447775422,-22.963156914195064,-21.428837064902886
-23.90882644777542,0.28617039534410676,-0.23908826447775422,-23.570393567646153,-22.230956379475955
-23.90882644777542,0.28988070722111764,-0.23908826447775422,-24.18555465515913,-23.051274009459476
-23.90882644777542,0.29359101909812846,-0.23908826447775422,-24.808640176733974,-23.881901505742505
-23.90882644777542,0.2973013309751393,-0.23908826447775422,-25.43965013237069,-24.714349557986615
-23.90882644777542,0.30101164285215015,-0.23908826447775422,-26.078584522069296,-25.539939972694828
-23.90882644777542,0.30472195472916097,-0.23908826447775422,-26.72544334582976,-26.350237773689894
-22.520949596306387,0.011607316445304631,-0.22520949596306386,-0.03840363666214417,-0.2673116468127925
-22.520949596306387,0.015317628322315471,-0.22520949596306386,-0.06687930596143218,-0.3261030149736581
-22.520949596306387,0.01902794019932631,-0.22520949596306386,-0.10320298497207453,-0.3892956316155387
-22.520949596306387,0.02273825207633715,-0.22520949596306386,-0.14737467369407126,-0.45720494972460424
-22.520949596306387,0.02644856395334799,-0.22520949596306386,-0.19939437212742236,-0.5301606835427983
-22.520949596306387,0.03015887583035883,-0.22520949596306386,-0.2592620802721278,-0.60850585032619
-22.520949596306387,0.03386918770736967,-0.22520949596306386,-0.3269777981281877,-0.6925954385855895
-22.520949596306387,0.03757949958438051,-0.22520949596306386,-0.4025415256956019,-0.7827946520385378
-22.520949596306387,0.04128981146139135,-0.22520949596306386,-0.48595326297437047,-0.879476678545152
-22.520949596306387,0.04500012333840219,-0.22520949596306386,-0.5772130099644934,-0.9830199353267481
-22.520949596306387,0.04871043521541303,-0.22520949596306386,-0.6763207666659707,-1.0938047462967546
-22.520949596306387,0.05242074709242387,-0.22520949596306386,-0.7832765330788024,-1.2122094149160536
-22.520949596306387,0.05613105896943471,-0.22520949596306386,-0.8980803092029884,-1.3386056671612212
-22.520949596306387,0.05984137084644555,-0.22520949596306386,-1.0207320950385288,-1.4733534544553812
-22.520949596306387,0.06355168272345639,-0.22520949596306386,-1.1512318905854235,-1.6167951261402678
-22.520949596306387,0.06726199460046722,-0.22520949596306386,-1.2895796958436725,-1.769249005468883
-22.520949596306387,0.07097230647747807,-0.22520949596306386,-1.4357755108132761,-1.9310024321143695
-22.520949596306387,0.0746826183544889,-0.22520949596306386,-1.5898193354942338,-2.1023043674200133
-22.520949596306387,0.07839293023149975,-0.22520949596306386,-1.7517111698865462,-2.2833576952279544
-22.520949596306387,0.08210324210851058,-0.22520949596306386,-1.9214510139902126,-2.4743113897926476
-22.520949596306387,0.08581355398552143,-0.22520949596306386,-2.0990388678052336,-2.675252761149071
-22.520949596306387,0.08952386586253226,-0.22520949596306386,-2.284474731331609,-2.886200024976953
-22.520949596306387,0.09323417773954311,-0.22520949596306386,-2.4777586045693387,-3.107095475633667
-22.520949596306387,0.09694448961655394,-0.22520949596306386,-2.6788904875184225,-3.3377995644573226
-22.520949596306387,0.10065480149356479,-0.22520949596306386,-2.8878703801788608,-3.5780861974102125
-22.520949596306387,0.10436511337057562,-0.22520949596306386,-3.1046982825506535,-3.8276395635888822
-22.520949596306387,0.10807542524758647,-0.22520949596306386,-3.329374194633801,-4.086052786577316
-22.520949596306387,0.1117857371245973,-0.22520949596306386,-3.561898116428302,-4.352828652511138
-22.520949596306387,0.11549604900160815,-0.22520949596306386,-3.8022700479341585,-4.627382611800292
-22.520949596306387,0.11920636087861898,-0.22520949596306386,-4.050489989151369,-4.9090481770510195
-22.520949596306387,0.12291667275562983,-0.22520949596306386,-4.306557940079934,-5.197084750886397
-22.520949596306387,0.12662698463264066,-0.22520949596306386,-4.570473900719852,-5.490687818824467
-22.520949596306387,0.1303372965096515,-0.22520949596306386,-4.842237871071125,-5.789001340301406
-22.520949596306387,0.13404760838666235,-0.22520949596306386,-5.121849851133754,-6.091132072461189
-22.520949596306387,0.13775792026367317,-0.22520949596306386,-5.409309840907735,-6.3961654739316955
-22.520949596306387,0.14146823214068402,-0.22520949596306386,-5.704617840393071,-6.70318276651277
-22.520949596306387,0.14517854401769487,-0.22520949596306386,-6.007773849589762,-7.011278687377274
-22.520949596306387,0.1488888558947057,-0.22520949596306386,-6.318777868497808,-7.31957944705862
-22.520949596306387,0.15259916777171653,-0.22520949596306386,-6.637629897117206,-7.627260420891931
-22.520949596306387,0.15630947964872738,-0.22520949596306386,-6.96432993544796,-7.933563142904228
-22.520949596306387,0.16001979152573823,-0.22520949596306386,-7.298877983490069,-8.237811238207152
-22.520949596306387,0.16373010340274907,-0.22520949596306386,-7.641274041243532,-8.539425017461355
-22.520949596306387,0.1674404152797599,-0.22520949596306386,-7.991518108708347,-8.837934558191211
-22.520949596306387,0.17115072715677074,-0.22520949596306386,-8.349610185884519,-9.13299120505439
-22.520949596306387,0.17486103903378158,-0.22520949596306386,-8.715550272772047,-9.424377526919658
-22.520949596306387,0.17857135091079243,-0.22520949596306386,-9.089338369370926,-9.712015865566542
-22.520949596306387,0.18228166278780325,-0.22520949596306386,-9.47097447568116,-9.99597569269643
-22.520949596306387,0.1859919746648141,-0.22520949596306386,-9.860458591702749,-10.27648005355817
-22.520949596306387,0.18970228654182494,-0.22520949596306386,-10.257790717435693,-10.553911412766475
-22.520949596306387,0.1934125984188358,-0.22520949596306386,-10.662970852879992,-10.828817227615579
-22.520949596306387,0.1971229102958466,-0.22520949596306386,-11.07599899803564,-11.101915553613976
-22.520949596306387,0.20083322217285746,-0.22520949596306386,-11.496875152902646,-11.374100933308988
-22.520949596306387,0.2045435340498683,-0.22520949596306386,-11.925599317481009,-11.646450729404963
-22.520949596306387,0.20825384592687915,-0.22520949596306386,-12.362171491770725,-11.920231932392387
-22.520949596306387,0.21196415780388997,-0.22520949596306386,-12.806591675771791,-12.19690829585589
-22.520949596306387,0.21567446968090082,-0.22520949596306386,-13.258859869484215,-12.478147422628622
-22.520949596306387,0.21938478155791166,-0.22520949596306386,-13.718976072907996,-12.765827134785587
-22.520949596306387,0.2230950934349225,-0.22520949596306386,-14.186940286043127,-13.06204010373916
-22.520949596306387,0.22680540531193333,-0.22520949596306386,-14.66275250888961,-13.369095290325609
-22.520949596306387,0.23051571718894417,-0.22520949596306386,-15.146412741447454,-13.689514252829103
-22.520949596306387,0.23422602906595502,-0.22520949596306386,-15.63792098371665,-14.026019840228132
-22.520949596306387,0.23793634094296587,-0.22520949596306386,-16.1372772356972,-14.381514235651816
-22.520949596306387,0.2416466528199767,-0.22520949596306386,-16.6444814973891,-14.759042817396894
-22.520949596306387,0.24535696469698753,-0.22520949596306386,-17.15953376879236,-15.161739966647053
-22.520949596306387,0.24906727657399838,-0.22520949596306386,-17.682434049906977,-15.59275292237264
-22.520949596306387,0.2527775884510092,-0.22520949596306386,-18.213182340732946,-16.055140260122517
-22.520949596306387,0.25648790032802005,-0.22520949596306386,-18.751778641270263,-16.551742779282062
-22.520949596306387,0.2601982122050309,-0.22520949596306386,-19.298222951518948,-17.085026745279453
-22.520949596306387,0.26390852408204174,-0.22520949596306386,-19.85251527147897,-17.65690270277217
-22.520949596306387,0.26761883595905256,-0.22520949596306386,-20.41465560115035,-18.268527443556255
-22.520949596306387,0.27132914783606343,-0.22520949596306386,-20.984643940533097,-18.920101894290795
-22.520949596306387,0.27503945971307425,-0.22520949596306386,-21.562480289627192,-19.610683026855565
-22.520949596306387,0.27874977159008507,-0.22520949596306386,-22.148164648432633,-20.338032328223164
-22.520949596306387,0.28246008346709595,-0.22520949596306386,-22.74169701694944,-21.098525536012257
-22.520949596306387,0.28617039534410676,-0.22520949596306386,-23.343077395177595,-21.887146867815662
-22.520949596306387,0.28988070722111764,-0.22520949596306386,-23.95230578311711,-22.697584886765636
-22.520949596306387,0.29359101909812846,-0.22520949596306386,-24.56938218076797,-23.522436413797383
-22.520949596306387,0.2973013309751393,-0.22520949596306386,-25.19430658813019,-24.353510754452248
-22.520949596306387,0.30101164285215015,-0.22520949596306386,-25.82707900520377,-25.182211448269747
-22.520949596306387,0.30472195472916097,-0.22520949596306386,-26.467699431988695,-25.999960011567794
-21.133072744837353,0.011607316445304631,-0.21133072744837353,-0.038029659934606296,-0.2776450013633145
-21.133072744837353,0.015317628322315471,-0.21133072744837353,-0.06622803159896756,-0.3367057630710759
-21.133072744837353,0.01902794019932631,-0.21133072744837353,-0.10219798862416246,-0.40015015040618795
-21.133072744837353,0.02273825207633715,-0.21133072744837353,-0.14593953101019103,-0.4682889474698295
-21.133072744837353,0.02644856395334799,-0.21133072744837353,-0.19745265875705326,-0.5414466791094426
-21.133072744837353,0.03015887583035883,-0.21133072744837353,-0.2567373718647491,-0.6199606419893198
-21.133072744837353,0.03386918770736967,-0.21133072744837353,-0.3237936703332787,-0.7041795725408493
-21.133072744837353,0.03757949958438051,-0.21133072744837353,-0.3986215541626419,-0.7944619036792719
-21.133072744837353,0.04128981146139135,-0.21133072744837353,-0.48122102335283873,-0.891173562439258
-21.133072744837353,0.04500012333840219,-0.21133072744837353,-0.5715920779038692,-0.9946852628514549
-21.133072744837353,0.04871043521541303,-0.21133072744837353,-0.6697347178157333,-1.1053692529397203
-21.133072744837353,0.05242074709242387,-0.21133072744837353,-0.7756489430884312,-1.2235954821698507
-21.133072744837353,0.05613105896943471,-0.21133072744837353,-0.8893347537219627,-1.3497271665198998
-21.133072744837353,0.05984137084644555,-0.21133072744837353,-1.0107921497163277,-1.484115743014312
-21.133072744837353,0.06355168272345639,-0.21133072744837353,-1.1400211310715265,-1.627095224407911
-21.133072744837353,0.06726199460046722,-0.21133072744837353,-1.2770216977875586,-1.778975987891073
-21.133072744837353,0.07097230647747807,-0.21133072744837353,-1.421793849864425,-1.9400380591395443
-21.133072744837353,0.0746826183544889,-0.21133072744837353,-1.5743375873021244,-2.110523984356951
-21.133072744837353,0.07839293023149975,-0.21133072744837353,-1.7346529101006578,-2.290631417362876
-21.133072744837353,0.08210324210851058,-0.21133072744837353,-1.9027398182600248,-2.4805055850206164
-21.133072744837353,0.08581355398552143,-0.21133072744837353,-2.0785983117802256,-2.680231830641483
-21.133072744837353,0.08952386586253226,-0.21133072744837353,-2.2622283906612597,-2.8898284692351575
-21.133072744837353,0.09323417773954311,-0.21133072744837353,-2.453630054903128,-3.1092402179702927
-21.133072744837353,0.09694448961655394,-0.21133072744837353,-2.6528033045058295,-3.3383324870550624
-21.133072744837353,0.10065480149356479,-0.21133072744837353,-2.8597481394693647,-3.5768868274490115
-21.133072744837353,0.10436511337057562,-0.21133072744837353,-3.0744645597937335,-3.824597829571141
-21.133072744837353,0.10807542524758647,-0.21133072744837353,-3.2969525654789367,-4.081071749176079
-21.133072744837353,0.1117857371245973,-0.21133072744837353,-3.527212156524972,-4.345827101388185
-21.133072744837353,0.11549604900160815,-0.21133072744837353,-3.7652433329318424,-4.618297411244814
-21.133072744837353,0.11920636087861898,-0.21133072744837353,-4.011046094699546,-4.897836240172018
-21.133072744837353,0.12291667275562983,-0.21133072744837353,-4.264620441828083,-5.183724525334194
-21.133072744837353,0.12662698463264066,-0.21133072744837353,-4.525966374317454,-5.475180177039212
-21.133072744837353,0.1303372965096515,-0.21133072744837353,-4.795083892167658,-5.771369783943008
-21.133072744837353,0.13404760838666235,-0.21133072744837353,-5.071972995378697,-6.07142218319296
-21.133072744837353,0.13775792026367317,-0.21133072744837353,-5.356633683950568,-6.374443569736769
-21.133072744837353,0.14146823214068402,-0.21133072744837353,-5.649065957883274,-6.679533752332958
-21.133072744837353,0.14517854401769487,-0.21133072744837353,-5.949269817176813,-6.985803118854413
-21.133072744837353,0.1488888558947057,-0.21133072744837353,-6.257245261831186,-7.292389854181385
-21.133072744837353,0.15259916777171653,-0.21133072744837353,-6.572992291846392,-7.598476962179996
-21.133072744837353,0.15630947964872738,-0.21133072744837353,-6.896510907222432,-7.90330867852742
-21.133072744837353,0.16001979152573823,-0.21133072744837353,-7.227801107959307,-8.206205920822343
-21.133072744837353,0.16373010340274907,-0.21133072744837353,-7.566862894057015,-8.50658050191935
-21.133072744837353,0.1674404152797599,-0.21133072744837353,-7.913696265515553,-8.803947925724476
-21.133072744837353,0.17115072715677074,-0.21133072744837353,-8.268301222334928,-9.097938684920624
-21.133072744837353,0.17486103903378158,-0.21133072744837353,-8.630677764515138,-9.38830808019671
-21.133072744837353,0.17857135091079243,-0.21133072744837353,-9.000825892056179,-9.674944673824742
-21.133072744837353,0.18228166278780325,-0.21133072744837353,-9.378745604958054,-9.95787757093956
-21.133072744837353,0.1859919746648141,-0.21133072744837353,-9.764436903220764,-10.23728278469717
-21.133072744837353,0.18970228654182494,-0.21133072744837353,-10.157899786844307,-10.513488982712595
-21.133072744837353,0.1934125984188358,-0.21133072744837353,-10.559134255828686,-10.786982928732439
-21.133072744837353,0.1971229102958466,-0.21133072744837353,-10.968140310173894,-11.05841492280534
-21.133072744837353,0.20083322217285746,-0.21133072744837353,-11.384917949879936,-11.328604502744264
-21.133072744837353,0.2045435340498683,-0.21133072744837353,-11.809467174946816,-11.598546596463336
-21.133072744837353,0.20825384592687915,-0.21133072744837353,-12.241787985374527,-11.86941820496702
-21.133072744837353,0.21196415780388997,-0.21133072744837353,-12.68188038116307,-12.142585544330274
-21.133072744837353,0.21567446968090082,-0.21133072744837353,-13.12974436231245,-12.419611375637752
-21.133072744837353,0.21938478155791166,-0.21133072744837353,-13.585379928822663,-12.70226199735742
-21.133072744837353,0.2230950934349225,-0.21133072744837353,-14.048787080693709,-12.992513057882787
-21.133072744837353,0.22680540531193333,-0.21133072744837353,-14.519965817925586,-13.292552961797558
-21.133072744837353,0.23051571718894417,-0.21133072744837353,-14.998916140518299,-13.604782191602379
-21.133072744837353,0.23422602906595502,-0.21133072744837353,-15.485638048471847,-13.931806356631613
-21.133072744837353,0.23793634094296587,-0.21133072744837353,-15.980131541786228,-14.27642023814593
-21.133072744837353,0.2416466528199767,-0.21133072744837353,-16.48239662046144,-14.641579573756202
-21.133072744837353,0.24535696469698753,-0.21133072744837353,-16.99243328449749,-15.030356898381502
-21.133072744837353,0.24906727657399838,-0.21133072744837353,-17.510241533894373,-15.445877557500387
-21.133072744837353,0.2527775884510092,-0.21133072744837353,-18.03582136865209,-15.891232201856253
-21.133072744837353,0.25648790032802005,-0.21133072744837353,-18.569172788770633,-16.369362871229757
-21.133072744837353,0.2601982122050309,-0.21133072744837353,-19.11029579425002,-16.88292140534974
-21.133072744837353,0.26390852408204174,-0.21133072744837353,-19.659190385090234,-17.434101577940556
-21.133072744837353,0.26761883595905256,-0.21133072744837353,-20.21585656129128,-18.024450121225296
-21.133072744837353,0.27132914783606343,-0.21133072744837353,-20.78029432285317,-18.654666565801318
-21.133072744837353,0.27503945971307425,-0.21133072744837353,-21.352503669775885,-19.3244071161231
-21.133072744837353,0.27874977159008507,-0.21133072744837353,-21.93248460205943,-20.03211277342082
-21.133072744837353,0.28246008346709595,-0.21133072744837353,-22.520237119703822,-20.774885396583088
-21.133072744837353,0.28617039534410676,-0.21133072744837353,-23.115761222709033,-21.548435961104737
-21.133072744837353,0.28988070722111764,-0.21133072744837353,-23.719056911075093,-22.347125712065125
-21.133072744837353,0.29359101909812846,-0.21133072744837353,-24.33012418480197,-23.164112637927374
-21.133072744837353,0.2973013309751393,-0.21133072744837353,-24.94896304388969,-23.99160325031509
-21.133072744837353,0.30101164285215015,-0.21133072744837353,-25.57557348833825,-24.82119487678531
-21.133072744837353,0.30472195472916097,-0.21133072744837353,-26.20995551814763,-25.64427945645185
-19.74519589336832,0.011607316445304631,-0.1974519589336832,-0.03765568320706841,-0.28820003832577745
-19.74519589336832,0.015317628322315471,-0.1974519589336832,-0.06557675723650293,-0.3475324169012457
-19.74519589336832,0.01902794019932631,-0.1974519589336832,-0.10119299227625037,-0.41123045986185813
-19.74519589336832,0.02273825207633715,-0.1974519589336832,-0.14450438832631074,-0.4796002916070883
-19.74519589336832,0.02644856395334799,-0.1974519589336832,-0.1955109453866841,-0.5529612673677851
-19.74519589336832,0.03015887583035883,-0.1974519589336832,-0.25421266345737037,-0.6316449951099341
-19.74519589336832,0.03386918770736967,-0.1974519589336832,-0.32060954253836965,-0.7159940046162667
-19.74519589336832,0.03757949958438051,-0.1974519589336832,-0.3947015826296818,-0.8063600181925339
-19.74519589336832,0.04128981146139135,-0.1974519589336832,-0.4764887837313069,-0.9031017779129833
-19.74519589336832,0.04500012333840219,-0.1974519589336832,-0.5659711458432449,-1.0065823866130477
-19.74519589336832,0.04871043521541303,-0.1974519589336832,-0.663148668965496,-1.1171661244060833
-19.74519589336832,0.05242074709242387,-0.1974519589336832,-0.7680213530980599,-1.2352147098099424
-19.74519589336832,0.05613105896943471,-0.1974519589336832,-0.8805891982409367,-1.3610829850699795
-19.74519589336832,0.05984137084644555,-0.1974519589336832,-1.0008522043941264,-1.4951140193593733
-19.74519589336832,0.06355168272345639,-0.1974519589336832,-1.1288103715576292,-1.6376336415232307
-19.74519589336832,0.06726199460046722,-0.1974519589336832,-1.2644636997314447,-1.7889444360503703
-19.74519589336832,0.07097230647747807,-0.1974519589336832,-1.4078121889155732,-1.9493192619146575
-19.74519589336832,0.0746826183544889,-0.1974519589336832,-1.5588558391100147,-2.1189943834404685
-19.74519589336832,0.07839293023149975,-0.1974519589336832,-1.7175946503147694,-2.2981623346619746
-19.74519589336832,0.08210324210851058,-0.1974519589336832,-1.8840286225298366,-2.486964672594677
-19.74519589336832,0.08581355398552143,-0.1974519589336832,-2.058157755755217,-2.685484808806965
-19.74519589336832,0.08952386586253226,-0.1974519589336832,-2.2399820499909104,-2.8937411406204006
-19.74519589336832,0.09323417773954311,-0.1974519589336832,-2.4295015052369164,-3.111680730756715
-19.74519589336832,0.09694448961655394,-0.1974519589336832,-2.626716121493236,-3.3391738046085897
-19.74519589336832,0.10065480149356479,-0.1974519589336832,-2.8316258987598677,-3.5760093447894072
-19.74519589336832,0.10436511337057562,-0.1974519589336832,-3.044230837036813,-3.8218920606385955
-19.74519589336832,0.10807542524758647,-0.1974519589336832,-3.2645309363240713,-4.076440993807214
-19.74519589336832,0.1117857371245973,-0.1974519589336832,-3.4925261966216414,-4.339189988584092
-19.74519589336832,0.11549604900160815,-0.1974519589336832,-3.728216617929526,-4.609590206968951
-19.74519589336832,0.11920636087861898,-0.1974519589336832,-3.9716022002477227,-4.887014804680238
-19.74519589336832,0.12291667275562983,-0.1974519589336832,-4.222682943576233,-5.170765807753144
-19.74519589336832,0.12662698463264066,-0.1974519589336832,-4.481458847915055,-5.460083143993046
-19.74519589336832,0.1303372965096515,-0.1974519589336832,-4.747929913264191,-5.754155694380744
-19.74519589336832,0.13404760838666235,-0.1974519589336832,-5.02209613962364,-6.052134142516691
-19.74519589336832,0.13775792026367317,-0.1974519589336832,-5.3039575269934005,-6.353145321633773
-19.74519589336832,0.14146823214068402,-0.1974519589336832,-5.593514075373475,-6.656307694656647
-19.74519589336832,0.14517854401769487,-0.1974519589336832,-5.890765784763863,-6.96074755842578
-19.74519589336832,0.1488888558947057,-0.1974519589336832,-6.195712655164563,-7.265615542306444
-19.74519589336832,0.15259916777171653,-0.1974519589336832,-6.508354686575576,-7.570102975894795
-19.74519589336832,0.15630947964872738,-0.1974519589336832,-6.828691878996902,-7.873457730291593
-19.74519589336832,0.16001979152573823,-0.1974519589336832,-7.156724232428542,-8.174999190270427
-19.74519589336832,0.16373010340274907,-0.1974519589336832,-7.492451746870494,-8.474132086653093
-19.74519589336832,0.1674404152797599,-0.1974519589336832,-7.835874422322757,-8.770359003966627
-19.74519589336832,0.17115072715677074,-0.1974519589336832,-8.186992258785336,-9.063291471802096
-19.74519589336832,0.17486103903378158,-0.1974519589336832,-8.545805256258229,-9.352659642753839
-19.74519589336832,0.17857135091079243,-0.1974519589336832,-8.912313414741432,-9.638320649174771
-19.74519589336832,0.18228166278780325,-0.1974519589336832,-9.286516734234947,-9.92026580966791
-19.74519589336832,0.1859919746648141,-0.1974519589336832,-9.668415214738777,-10.198626919569778
-19.74519589336832,0.18970228654182494,-0.1974519589336832,-10.05800885625292,-10.473681903921126
-19.74519589336832,0.1934125984188358,-0.1974519589336832,-10.455297658777377,-10.745860133624713
-19.74519589336832,0.1971229102958466,-0.1974519589336832,-10.860281622312144,-11.015747703230526
-19.74519589336832,0.20083322217285746,-0.1974519589336832,-11.272960746857224,-11.284092939759619
-19.74519589336832,0.2045435340498683,-0.1974519589336832,-11.69333503241262,-11.551812353536734
-19.74519589336832,0.20825384592687915,-0.1974519589336832,-12.121404478978329,-11.819997150738793
-19.74519589336832,0.21196415780388997,-0.1974519589336832,-12.557169086554346,-12.08992029874819
-19.74519589336832,0.21567446968090082,-0.1974519589336832,-13.00062885514068,-12.363043963613949
-19.74519589336832,0.21938478155791166,-0.1974519589336832,-13.451783784737328,-12.641026917028716
-19.74519589336832,0.2230950934349225,-0.1974519589336832,-13.910633875344287,-12.925731230803994
-19.74519589336832,0.22680540531193333,-0.1974519589336832,-14.377179126961556,-13.219227233336566
-19.74519589336832,0.23051571718894417,-0.1974519589336832,-14.851419539589143,-13.523795291752075
-19.74519589336832,0.23422602906595502,-0.1974519589336832,-15.333355113227041,-13.841922509050299
-19.74519589336832,0.23793634094296587,-0.1974519589336832,-15.822985847875254,-14.176291903836796
-19.74519589336832,0.2416466528199767,-0.1974519589336832,-16.320311743533775,-14.529761106858606
-19.74519589336832,0.24535696469698753,-0.1974519589336832,-16.825332800202613,-14.905327127513287
-19.74519589336832,0.24906727657399838,-0.1974519589336832,-17.33804901788176,-15.306073415807594
-19.74519589336832,0.2527775884510092,-0.1974519589336832,-17.85846039657123,-15.735095415686898
-19.74519589336832,0.25648790032802005,-0.1974519589336832,-18.386566936271,-16.195401262794253
-19.74519589336832,0.2601982122050309,-0.1974519589336832,-18.922368636981094,-16.68978544283741
-19.74519589336832,0.26390852408204174,-0.1974519589336832,-19.46586549870149,-17.220675312027133
-19.74519589336832,0.26761883595905256,-0.1974519589336832,-20.0170575214322,-17.789953540166625
-19.74519589336832,0.27132914783606343,-0.1974519589336832,-20.575944705173235,-18.398763766922126
-19.74519589336832,0.27503945971307425,-0.1974519589336832,-21.142527049924574,-19.04731179710637
-19.74519589336832,0.27874977159008507,-0.1974519589336832,-21.71680455568622,-19.73467987791131
-19.74519589336832,0.28246008346709595,-0.1974519589336832,-22.298777222458195,-20.458675985586744
-19.74519589336832,0.28617039534410676,-0.1974519589336832,-22.88844505024047,-21.21574228760069
-19.74519589336832,0.28988070722111764,-0.1974519589336832,-23.485808039033067,-22.000945688269336
-19.74519589336832,0.29359101909812846,-0.1974519589336832,-24.090866188835967,-22.80806764652453
-19.74519589336832,0.2973013309751393,-0.1974519589336832,-24.703619499649182,-23.629800179077417
-19.74519589336832,0.30101164285215015,-0.1974519589336832,-25.324067971472722,-24.458041260986654
-19.74519589336832,0.30472195472916097,-0.1974519589336832,-25.95221160430656,-25.28426807285276
-18.357319041899284,0.011607316445304631,-0.18357319041899284,-0.03728170647953054,-0.29897876715855753
-18.357319041899284,0.015317628322315471,-0.18357319041899284,-0.0649254828740383,-0.3585846937225421
-18.357319041899284,0.01902794019932631,-0.18357319041899284,-0.1001879959283383,-0.4225379649871832
-18.357319041899284,0.02273825207633715,-0.18357319041899284,-0.1430692456424305,-0.4911400558817456
-18.357319041899284,0.02644856395334799,-0.18357319041899284,-0.19356923201631498,-0.5647051730714066
-18.357319041899284,0.03015887583035883,-0.18357319041899284,-0.25168795504999164,-0.6435592692005532
-18.357319041899284,0.03386918770736967,-0.18357319041899284,-0.31742541474346064,-0.7280387145061487
-18.357319041899284,0.03757949958438051,-0.18357319041899284,-0.39078161109672177,-0.8184885827116544
-18.357319041899284,0.04128981146139135,-0.18357319041899284,-0.47175654410977513,-0.9152605087617007
-18.357319041899284,0.04500012333840219,-0.18357319041899284,-0.5603502137826207,-1.0187100783574228
-18.357319041899284,0.04871043521541303,-0.18357319041899284,-0.6565626201152586,-1.1291937138168637
-18.357319041899284,0.05242074709242387,-0.18357319041899284,-0.7603937631076886,-1.2470650279423947
-18.357319041899284,0.05613105896943471,-0.18357319041899284,-0.8718436427599109,-1.372670627738946
-18.357319041899284,0.05984137084644555,-0.18357319041899284,-0.9909122590719254,-1.5063453633543107
-18.357319041899284,0.06355168272345639,-0.18357319041899284,-1.1175996120437321,-1.648407034768037
-18.357319041899284,0.06726199460046722,-0.18357319041899284,-1.2519057016753308,-1.7991505896501598
-18.357319041899284,0.07097230647747807,-0.18357319041899284,-1.393830527966722,-1.9588418703430617
-18.357319041899284,0.0746826183544889,-0.18357319041899284,-1.5433740909179055,-2.1277109957108458
-18.357319041899284,0.07839293023149975,-0.18357319041899284,-1.700536390528881,-2.3059454939374993
-18.357319041899284,0.08210324210851058,-0.18357319041899284,-1.8653174267996488,-2.4936833341415214
-18.357319041899284,0.08581355398552143,-0.18357319041899284,-2.037717199730209,-2.6910060364109007
-18.357319041899284,0.08952386586253226,-0.18357319041899284,-2.217735709320561,-2.897932069651448
-18.357319041899284,0.09323417773954311,-0.18357319041899284,-2.405372955570706,-3.114410772250518
-18.357319041899284,0.09694448961655394,-0.18357319041899284,-2.6006289384806425,-3.3403170495237027
-18.357319041899284,0.10065480149356479,-0.18357319041899284,-2.8035036580503716,-3.5754471117089306
-18.357319041899284,0.10436511337057562,-0.18357319041899284,-3.013997114279893,-3.8195155145357833
-18.357319041899284,0.10807542524758647,-0.18357319041899284,-3.232109307169207,-4.072153749180721
-18.357319041899284,0.1117857371245973,-0.18357319041899284,-3.4578402367183116,-4.332910598476836
-18.357319041899284,0.11549604900160815,-0.18357319041899284,-3.69118990292721,-4.601254431300227
-18.357319041899284,0.11920636087861898,-0.18357319041899284,-3.9321583057959,-4.876577547998616
-18.357319041899284,0.12291667275562983,-0.18357319041899284,-4.180745445324383,-5.158202618756516
-18.357319041899284,0.12662698463264066,-0.18357319041899284,-4.436951321512657,-5.4453911773800545
-18.357319041899284,0.1303372965096515,-0.18357319041899284,-4.700775934360724,-5.737354049733829
-18.357319041899284,0.13404760838666235,-0.18357319041899284,-4.972219283868584,-6.033263514382308
-18.357319041899284,0.13775792026367317,-0.18357319041899284,-5.251281370036233,-6.3322669186484575
-18.357319041899284,0.14146823214068402,-0.18357319041899284,-5.537962192863677,-6.633501411901914
-18.357319041899284,0.14517854401769487,-0.18357319041899284,-5.832261752350913,-6.9361094142907636
-18.357319041899284,0.1488888558947057,-0.18357319041899284,-6.134180048497941,-7.239254416956923
-18.357319041899284,0.15259916777171653,-0.18357319041899284,-6.443717081304761,-7.542136711009153
-18.357319041899284,0.15630947964872738,-0.18357319041899284,-6.760872850771373,-7.844008667299008
-18.357319041899284,0.16001979152573823,-0.18357319041899284,-7.085647356897779,-8.144189235617826
-18.357319041899284,0.16373010340274907,-0.18357319041899284,-7.418040599683976,-8.442077396891007
-18.357319041899284,0.1674404152797599,-0.18357319041899284,-7.758052579129963,-8.737164380557596
-18.357319041899284,0.17115072715677074,-0.18357319041899284,-8.105683295235744,-9.029044546011106
-18.357319041899284,0.17486103903378158,-0.18357319041899284,-8.46093274800132,-9.317424915837755
-18.357319041899284,0.17857135091079243,-0.18357319041899284,-8.823800937426686,-9.602133433867293
-18.357319041899284,0.18228166278780325,-0.18357319041899284,-9.194287863511843,-9.883126097534287
-18.357319041899284,0.1859919746648141,-0.18357319041899284,-9.572393526256793,-10.160493177300005
-18.357319041899284,0.18970228654182494,-0.18357319041899284,-9.958117925661536,-10.434464782323307
-18.357319041899284,0.1934125984188358,-0.18357319041899284,-10.351461061726072,-10.70541605837626
-18.357319041899284,0.1971229102958466,-0.18357319041899284,-10.752422934450397,-10.973872308882285
-18.357319041899284,0.20083322217285746,-0.18357319041899284,-11.161003543834514,-11.24051431079671
-18.357319041899284,0.2045435340498683,-0.18357319041899284,-11.577202889878427,-11.506184051501807
-18.357319041899284,0.20825384592687915,-0.18357319041899284,-12.001020972582133,-11.771891037943185
-18.357319041899284,0.21196415780388997,-0.18357319041899284,-12.432457791945625,-12.038819220861482
-18.357319041899284,0.21567446968090082,-0.18357319041899284,-12.871513347968914,-12.30833442988479
-18.357319041899284,0.21938478155791166,-0.18357319041899284,-13.318187640651995,-12.581992022904867
-18.357319041899284,0.2230950934349225,-0.18357319041899284,-13.772480669994868,-12.861544208169
-18.357319041899284,0.22680540531193333,-0.18357319041899284,-14.23439243599753,-13.148946192599272
-18.357319041899284,0.23051571718894417,-0.18357319041899284,-14.703922938659987,-13.446359939653071
-18.357319041899284,0.23422602906595502,-0.18357319041899284,-15.181072177982239,-13.756153884113981
-18.357319041899284,0.23793634094296587,-0.18357319041899284,-15.66584015396428,-14.080896458449134
-18.357319041899284,0.2416466528199767,-0.18357319041899284,-16.15822686660611,-14.423340760192557
-18.357319041899284,0.24535696469698753,-0.18357319041899284,-16.65823231590774,-14.78639717994543
-18.357319041899284,0.24906727657399838,-0.18357319041899284,-17.165856501869158,-15.173090394894123
-18.357319041899284,0.2527775884510092,-0.18357319041899284,-17.68109942449037,-15.586496933330448
-18.357319041899284,0.25648790032802005,-0.18357319041899284,-18.203961083771368,-16.02965969586981
-18.357319041899284,0.2601982122050309,-0.18357319041899284,-18.73444147971217,-16.50547658221885
-18.357319041899284,0.26390852408204174,-0.18357319041899284,-19.272540612312753,-17.016561938980868
-18.357319041899284,0.26761883595905256,-0.18357319041899284,-19.818258481573128,-17.56508210613248
-18.357319041899284,0.27132914783606343,-0.18357319041899284,-20.371595087493304,-18.15256998652418
-18.357319041899284,0.27503945971307425,-0.18357319041899284,-20.932550430073267,-18.779728180728245
-18.357319041899284,0.27874977159008507,-0.18357319041899284,-21.50112450931302,-19.446235397632385
-18.357319041899284,0.28246008346709595,-0.18357319041899284,-22.077317325212572,-20.1505757683935
-18.357319041899284,0.28617039534410676,-0.18357319041899284,-22.661128877771908,-20.88991419530454
-18.357319041899284,0.28988070722111764,-0.18357319041899284,-23.25255916699105,-21.660041600252068
-18.357319041899284,0.29359101909812846,-0.18357319041899284,-23.851608192869968,-22.455410686081187
-18.357319041899284,0.2973013309751393,-0.18357319041899284,-24.458275955408684,-23.26927498204841
-18.357319041899284,0.30101164285215015,-0.18357319041899284,-25.072562454607198,-24.09393195754982
-18.357319041899284,0.30472195472916097,-0.18357319041899284,-25.694467690465494,-24.92105656977875
-16.96944219043025,0.011607316445304631,-0.1696944219043025,-0.036907729751992656,-0.30998319629698745
-16.96944219043025,0.015317628322315471,-0.1696944219043025,-0.06427420851157369,-0.3698643067158063
-16.96944219043025,0.01902794019932631,-0.1696944219043025,-0.09918299958042623,-0.43407406422908723
-16.96944219043025,0.02273825207633715,-0.1696944219043025,-0.14163410295855028,-0.5029093056517384
-16.96944219043025,0.02644856395334799,-0.1696944219043025,-0.19162751864594585,-0.576679111472707
-16.96944219043025,0.03015887583035883,-0.1696944219043025,-0.24916324664261294,-0.6557038139258982
-16.96944219043025,0.03386918770736967,-0.1696944219043025,-0.31424128694855163,-0.7403136725111286
-16.96944219043025,0.03757949958438051,-0.1696944219043025,-0.38686163956376174,-0.8308471762431107
-16.96944219043025,0.04128981146139135,-0.1696944219043025,-0.4670243044882434,-0.9276489327205093
-16.96944219043025,0.04500012333840219,-0.1696944219043025,-0.5547292817219965,-1.0310671065952839
-16.96944219043025,0.04871043521541303,-0.1696944219043025,-0.6499765712650212,-1.1414503745689197
-16.96944219043025,0.05242074709242387,-0.1696944219043025,-0.7527661731173174,-1.2591443710397727
-16.96944219043025,0.05613105896943471,-0.1696944219043025,-0.8630980872788852,-1.384487608348826
-16.96944219043025,0.05984137084644555,-0.1696944219043025,-0.9809723137497243,-1.5178068685437083
-16.96944219043025,0.06355168272345639,-0.1696944219043025,-1.106388852529835,-1.659412079932439
-16.96944219043025,0.06726199460046722,-0.1696944219043025,-1.239347703619217,-1.8095907115158538
-16.96944219043025,0.07097230647747807,-0.1696944219043025,-1.379848867017871,-1.9686017415587305
-16.96944219043025,0.0746826183544889,-0.1696944219043025,-1.527892342725796,-2.1366692827163423
-16.96944219043025,0.07839293023149975,-0.1696944219043025,-1.683478130742993,-2.313975974598595
-16.96944219043025,0.08210324210851058,-0.1696944219043025,-1.846606231069461,-2.5006562844024516
-16.96944219043025,0.08581355398552143,-0.1696944219043025,-2.017276643705201,-2.6967898858794648
-16.96944219043025,0.08952386586253226,-0.1696944219043025,-2.1954893686502124,-2.902395314676045
-16.96944219043025,0.09323417773954311,-0.1696944219043025,-2.381244405904495,-3.1174241219318897
-16.96944219043025,0.09694448961655394,-0.1696944219043025,-2.5745417554680494,-3.341755765682282
-16.96944219043025,0.10065480149356479,-0.1696944219043025,-2.7753814173408755,-3.5751934887671686
-16.96944219043025,0.10436511337057562,-0.1696944219043025,-2.983763391522973,-3.817461430432561
-16.96944219043025,0.10807542524758647,-0.1696944219043025,-3.199687678014342,-4.06820320482842
-16.96944219043025,0.1117857371245973,-0.1696944219043025,-3.423154276814982,-4.326982152007529
-16.96944219043025,0.11549604900160815,-0.1696944219043025,-3.6541631879248944,-4.593283425528719
-16.96944219043025,0.11920636087861898,-0.1696944219043025,-3.8927144113440773,-4.866518026149561
-16.96944219043025,0.12291667275562983,-0.1696944219043025,-4.138807947072532,-5.146028825316221
-16.96944219043025,0.12662698463264066,-0.1696944219043025,-4.392443795110259,-5.431098548353592
-16.96944219043025,0.1303372965096515,-0.1696944219043025,-4.653621955457257,-5.720959609589359
-16.96944219043025,0.13404760838666235,-0.1696944219043025,-4.922342428113527,-6.014805615035189
-16.96944219043025,0.13775792026367317,-0.1696944219043025,-5.198605213079067,-6.311804277980698
-16.96944219043025,0.14146823214068402,-0.1696944219043025,-5.48241031035388,-6.611111434103016
-16.96944219043025,0.14517854401769487,-0.1696944219043025,-5.773757719937964,-6.911885800006742
-16.96944219043025,0.1488888558947057,-0.1696944219043025,-6.07264744183132,-7.213304095953159
-16.96944219043025,0.15259916777171653,-0.1696944219043025,-6.3790794760339455,-7.514576151923956
-16.96944219043025,0.15630947964872738,-0.1696944219043025,-6.693053822545845,-7.814959636437425
-16.96944219043025,0.16001979152573823,-0.1696944219043025,-7.0145704813670156,-8.11377408833431
-16.96944219043025,0.16373010340274907,-0.1696944219043025,-7.343629452497458,-8.41041399015622
-16.96944219043025,0.1674404152797599,-0.1696944219043025,-7.680230735937169,-8.70436069358756
-16.96944219043025,0.17115072715677074,-0.1696944219043025,-8.024374331686154,-8.995193087714867
-16.96944219043025,0.17486103903378158,-0.1696944219043025,-8.376060239744412,-9.282596984201996
-16.96944219043025,0.17857135091079243,-0.1696944219043025,-8.735288460111938,-9.56637327457489
-16.96944219043025,0.18228166278780325,-0.1696944219043025,-9.102058992788738,-9.846444988785501
-16.96944219043025,0.1859919746648141,-0.1696944219043025,-9.476371837774808,-10.122863446885683
-16.96944219043025,0.18970228654182494,-0.1696944219043025,-9.85822699507015,-10.395813743566118
-16.96944219043025,0.1934125984188358,-0.1696944219043025,-10.247624464674766,-10.665619835803717
-16.96944219043025,0.1971229102958466,-0.1696944219043025,-10.644564246588649,-10.93274951473529
-16.96944219043025,0.20083322217285746,-0.1696944219043025,-11.049046340811806,-11.197819532189364
-16.96944219043025,0.2045435340498683,-0.1696944219043025,-11.461070747344234,-11.461601117965314
-16.96944219043025,0.20825384592687915,-0.1696944219043025,-11.880637466185936,-11.725026063309288
-16.96944219043025,0.21196415780388997,-0.1696944219043025,-12.307746497336904,-11.989193455546495
-16.96944219043025,0.21567446968090082,-0.1696944219043025,-12.742397840797148,-12.255377023738403
-16.96944219043025,0.21938478155791166,-0.1696944219043025,-13.184591496566664,-12.525032889501118
-16.96944219043025,0.2230950934349225,-0.1696944219043025,-13.63432746464545,-12.799807303606668
-16.96944219043025,0.22680540531193333,-0.1696944219043025,-14.091605745033505,-13.08154368011249
-16.96944219043025,0.23051571718894417,-0.1696944219043025,-14.556426337730834,-13.372287908847886
-16.96944219043025,0.23422602906595502,-0.1696944219043025,-15.028789242737435,-13.674290530659574
-16.96944219043025,0.23793634094296587,-0.1696944219043025,-15.508694460053308,-13.990003901221293
-16.96944219043025,0.2416466528199767,-0.1696944219043025,-15.99614198967845,-14.322071963771544
-16.96944219043025,0.24535696469698753,-0.1696944219043025,-16.491131831612865,-14.673309733064986
-16.96944219043025,0.24906727657399838,-0.1696944219043025,-16.993663985856553,-15.046669123494599
-16.96944219043025,0.2527775884510092,-0.1696944219043025,-17.503738452409515,-15.44518743095891
-16.96944219043025,0.25648790032802005,-0.1696944219043025,-18.021355231271738,-15.871914740172265
-16.96944219043025,0.2601982122050309,-0.1696944219043025,-18.546514322443247,-16.329816959007843
-16.96944219043025,0.26390852408204174,-0.1696944219043025,-19.079215725924012,-16.821652292045073
-16.96944219043025,0.26761883595905256,-0.1696944219043025,-19.619459441714053,-17.34982096849623
-16.96944219043025,0.27132914783606343,-0.1696944219043025,-20.167245469813373,-17.91619108730247
-16.96944219043025,0.27503945971307425,-0.1696944219043025,-20.72257381022196,-18.521907540746593
-16.96944219043025,0.27874977159008507,-0.1696944219043025,-21.285444462939815,-19.167195883511383
-16.96944219043025,0.28246008346709595,-0.1696944219043025,-21.855857427966953,-19.851178138018874
-16.96944219043025,0.28617039534410676,-0.1696944219043025,-22.43381270530335,-20.571721898919332
-16.96944219043025,0.28988070722111764,-0.1696944219043025,-23.019310294949026,-21.325346448713503
-16.96944219043025,0.29359101909812846,-0.1696944219043025,-23.612350196903968,-22.10720859524189
-16.96944219043025,0.2973013309751393,-0.1696944219043025,-24.212932411168183,-22.91118560995724
-16.96944219043025,0.30101164285215015,-0.1696944219043025,-24.821056937741677,-23.73006282266795
-16.96944219043025,0.30472195472916097,-0.1696944219043025,-25.43672377662443,-24.555820133597752
-15.581565338961218,0.011607316445304631,-0.15581565338961217,-0.03653375302445478,-0.32121532713095835
-15.581565338961218,0.015317628322315471,-0.15581565338961217,-0.06362293414910908,-0.3813729589232584
-15.581565338961218,0.01902794019932631,-0.15581565338961217,-0.09817800323251415,-0.44584014338370626
-15.581565338961218,0.02273825207633715,-0.15581565338961217,-0.14019896027467002,-0.5149090917658987
-15.581565338961218,0.02644856395334799,-0.15581565338961217,-0.18968580527557674,-0.5888837821720156
-15.581565338961218,0.03015887583035883,-0.15581565338961217,-0.24663853823523424,-0.6680789629182451
-15.581565338961218,0.03386918770736967,-0.15581565338961217,-0.3110571591536426,-0.7528188333106449
-15.581565338961218,0.03757949958438051,-0.15581565338961217,-0.3829416680308017,-0.8434353633828113
-15.581565338961218,0.04128981146139135,-0.15581565338961217,-0.46229206486671165,-0.9402662151069876
-15.581565338961218,0.04500012333840219,-0.15581565338961217,-0.5491083496613723,-1.0436522301507005
-15.581565338961218,0.04871043521541303,-0.15581565338961217,-0.6433905224147839,-1.1539344537664329
-15.581565338961218,0.05242074709242387,-0.15581565338961217,-0.7451385831269463,-1.2714506712317957
-15.581565338961218,0.05613105896943471,-0.15581565338961217,-0.8543525317978593,-1.3965314427433704
-15.581565338961218,0.05984137084644555,-0.15581565338961217,-0.9710323684275232,-1.5294956350969042
-15.581565338961218,0.06355168272345639,-0.15581565338961217,-1.095178093015938,-1.6706454640612067
-15.581565338961218,0.06726199460046722,-0.15581565338961217,-1.2267897055631032,-1.8202610801375378
-15.581565338961218,0.07097230647747807,-0.15581565338961217,-1.3658672060690198,-1.9785947522695397
-15.581565338961218,0.0746826183544889,-0.15581565338961217,-1.5124105945336868,-2.145864728674411
-15.581565338961218,0.07839293023149975,-0.15581565338961217,-1.6664198709571048,-2.3222488806628956
-15.581565338961218,0.08210324210851058,-0.15581565338961217,-1.8278950353392733,-2.507878263144217
-15.581565338961218,0.08581355398552143,-0.15581565338961217,-1.9968360876801932,-2.702830753175441
-15.581565338961218,0.08952386586253226,-0.15581565338961217,-2.173243027979863,-2.9071249537937622
-15.581565338961218,0.09323417773954311,-0.15581565338961217,-2.3571158562382846,-3.1207145725692995
-15.581565338961218,0.09694448961655394,-0.15581565338961217,-2.5484545724554564,-3.3434835007562085
-15.581565338961218,0.10065480149356479,-0.15581565338961217,-2.747259176631379,-3.57524182747686
-15.581565338961218,0.10436511337057562,-0.15581565338961217,-2.953529668766053,-3.8157230220558214
-15.581565338961218,0.10807542524758647,-0.15581565338961217,-3.1672660488594775,-4.064582504784262
-15.581565338961218,0.1117857371245973,-0.15581565338961217,-3.388468316911652,-4.321397800968693
-15.581565338961218,0.11549604900160815,-0.15581565338961217,-3.6171364729225783,-4.585670434820116
-15.581565338961218,0.11920636087861898,-0.15581565338961217,-3.853270516892255,-4.856829669252929
-15.581565338961218,0.12291667275562983,-0.15581565338961217,-4.096870448820683,-5.134238136734917
-15.581565338961218,0.12662698463264066,-0.15581565338961217,-4.347936268707861,-5.417199337777803
-15.581565338961218,0.1303372965096515,-0.15581565338961217,-4.60646797655379,-5.7049669112461725
-15.581565338961218,0.13404760838666235,-0.15581565338961217,-4.872465572358471,-5.99675550886737
-15.581565338961218,0.13775792026367317,-0.15581565338961217,-5.145929056121901,-6.291753039979827
-15.581565338961218,0.14146823214068402,-0.15581565338961217,-5.426858427844082,-6.589133996433324
-15.581565338961218,0.14517854401769487,-0.15581565338961217,-5.715253687525014,-6.88807352590117
-15.581565338961218,0.1488888558947057,-0.15581565338961217,-6.011114835164698,-7.187761897987576
-15.581565338961218,0.15259916777171653,-0.15581565338961217,-6.314441870763131,-7.487419003429094
-15.581565338961218,0.15630947964872738,-0.15581565338961217,-6.625234794320317,-7.786308542918613
-15.581565338961218,0.16001979152573823,-0.15581565338961217,-6.943493605836252,-8.083751597587415
-15.581565338961218,0.16373010340274907,-0.15581565338961217,-7.26921830531094,-8.37913932549705
-15.581565338961218,0.1674404152797599,-0.15581565338961217,-7.602408892744375,-8.671944593960369
-15.581565338961218,0.17115072715677074,-0.15581565338961217,-7.943065368136563,-8.961732431658467
-15.581565338961218,0.17486103903378158,-0.15581565338961217,-8.291187731487502,-9.248169262462772
-15.581565338961218,0.17857135091079243,-0.15581565338961217,-8.646775982797193,-9.53103095972761
-15.581565338961218,0.18228166278780325,-0.15581565338961217,-9.009830122065633,-9.810209831045883
-15.581565338961218,0.1859919746648141,-0.15581565338961217,-9.380350149292823,-10.085720705102172
-15.581565338961218,0.18970228654182494,-0.15581565338961217,-9.758336064478767,-10.357706341051497
-15.581565338961218,0.1934125984188358,-0.15581565338961217,-10.14378786762346,-10.626442414209652
-15.581565338961218,0.1971229102958466,-0.15581565338961217,-10.5367055587269,-10.892342347690478
-15.581565338961218,0.20083322217285746,-0.15581565338961217,-10.937089137789096,-11.155962256165031
-15.581565338961218,0.2045435340498683,-0.15581565338961217,-11.344938604810041,-11.418006243268444
-15.581565338961218,0.20825384592687915,-0.15581565338961217,-11.76025395978974,-11.679332246034347
-15.581565338961218,0.21196415780388997,-0.15581565338961217,-12.183035202728183,-11.940958544977113
-15.581565338961218,0.21567446968090082,-0.15581565338961217,-12.613282333625381,-12.20407095285309
-15.581565338961218,0.21938478155791166,-0.15581565338961217,-13.050995352481332,-12.470030553213473
-15.581565338961218,0.2230950934349225,-0.15581565338961217,-13.49617425929603,-12.74038167488486
-15.581565338961218,0.22680540531193333,-0.15581565338961217,-13.948819054069478,-13.016859552926674
-15.581565338961218,0.23051571718894417,-0.15581565338961217,-14.40892973680168,-13.301396832999886
-15.581565338961218,0.23422602906595502,-0.15581565338961217,-14.876506307492633,-13.596127718909601
-15.581565338961218,0.23793634094296587,-0.15581565338961217,-15.351548766142336,-13.903388141568104
-15.581565338961218,0.2416466528199767,-0.15581565338961217,-15.834057112750786,-14.225709849990439
-15.581565338961218,0.24535696469698753,-0.15581565338961217,-16.32403134731799,-14.565805814341388
-15.581565338961218,0.24906727657399838,-0.15581565338961217,-16.821471469843946,-14.926543833128767
-15.581565338961218,0.2527775884510092,-0.15581565338961217,-17.326377480328656,-15.31090482802076
-15.581565338961218,0.25648790032802005,-0.15581565338961217,-17.838749378772107,-15.721922106023465
-15.581565338961218,0.2601982122050309,-0.15581565338961217,-18.35858716517432,-16.162598028566634
-15.581565338961218,0.26390852408204174,-0.15581565338961217,-18.885890839535275,-16.635795247586366
-15.581565338961218,0.26761883595905256,-0.15581565338961217,-19.420660401854978,-17.144101165424697
-15.581565338961218,0.27132914783606343,-0.15581565338961217,-19.962895852133446,-17.68966673885203
-15.581565338961218,0.27503945971307425,-0.15581565338961217,-20.512597190370656,-18.274024272439483
-15.581565338961218,0.27874977159008507,-0.15581565338961217,-21.06976441656661,-18.8978933358138
-15.581565338961218,0.28246008346709595,-0.15581565338961217,-21.63439753072133,-19.560989000981607
-15.581565338961218,0.28617039534410676,-0.15581565338961217,-22.206496532834787,-20.261851469211816
-15.581565338961218,0.28988070722111764,-0.15581565338961217,-22.786061422907007,-20.997719723076873
-15.581565338961218,0.29359101909812846,-0.15581565338961217,-23.37309220093797,-21.764472772702295
-15.581565338961218,0.2973013309751393,-0.15581565338961217,-23.96758886692768,-22.556659153914193
-15.581565338961218,0.30101164285215015,-0.15581565338961217,-24.569551420876152,-23.36762792858404
-15.581565338961218,0.30472195472916097,-0.15581565338961217,-25.178979862783365,-24.18976288617107
-14.193688487492183,0.011607316445304631,-0.14193688487492184,-0.036159776296916905,-0.3326771475268617
-14.193688487492183,0.015317628322315471,-0.14193688487492184,-0.06297165978664446,-0.39311233673909607
-14.193688487492183,0.01902794019932631,-0.14193688487492184,-0.09717300688460208,-0.4578375690617804
-14.193688487492183,0.02273825207633715,-0.14193688487492184,-0.1387638175907898,-0.527140444006633
-14.193688487492183,0.02644856395334799,-0.14193688487492184,-0.18774409190520763,-0.6013198625363514
-14.193688487492183,0.03015887583035883,-0.14193688487492184,-0.24411382982785554,-0.6806850271664939
-14.193688487492183,0.03386918770736967,-0.14193688487492184,-0.3078730313587336,-0.7655541293121662
-14.193688487492183,0.03757949958438051,-0.14193688487492184,-0.3790216964978417,-0.856252687610902
-14.193688487492183,0.04128981146139135,-0.14193688487492184,-0.45755982524517985,-0.953111502043051
-14.193688487492183,0.04500012333840219,-0.14193688487492184,-0.5434874176007481,-1.0564641912882924
-14.193688487492183,0.04871043521541303,-0.14193688487492184,-0.6368044735645465,-1.1666442852293417
-14.193688487492183,0.05242074709242387,-0.14193688487492184,-0.737510993136575,-1.2839818511702212
-14.193688487492183,0.05613105896943471,-0.14193688487492184,-0.8456069763168336,-1.4087996414856025
-14.193688487492183,0.05984137084644555,-0.14193688487492184,-0.9610924231053222,-1.5414087623175674
-14.193688487492183,0.06355168272345639,-0.14193688487492184,-1.083967333502041,-1.68210387776015
-14.193688487492183,0.06726199460046722,-0.14193688487492184,-1.2142317075069895,-1.831157981765955
-14.193688487492183,0.07097230647747807,-0.14193688487492184,-1.3518855451201686,-1.9888167906461085
-14.193688487492183,0.0746826183544889,-0.14193688487492184,-1.4969288463415773,-2.155292832169615
-14.193688487492183,0.07839293023149975,-0.14193688487492184,-1.6493616111712166,-2.330759332294536
-14.193688487492183,0.08210324210851058,-0.14193688487492184,-1.8091838396090856,-2.5153440265844855
-14.193688487492183,0.08581355398552143,-0.14193688487492184,-1.9763955316551851,-2.709123049175504
-14.193688487492183,0.08952386586253226,-0.14193688487492184,-2.1509966873095143,-2.9121150762653865
-14.193688487492183,0.09323417773954311,-0.14193688487492184,-2.3329873065720736,-3.1242759217554226
-14.193688487492183,0.09694448961655394,-0.14193688487492184,-2.5223673894428633,-3.345493797974538
-14.193688487492183,0.10065480149356479,-0.14193688487492184,-2.719136935921883,-3.5755854624110754
-14.193688487492183,0.10436511337057562,-0.14193688487492184,-2.9232959460091323,-3.8142934702420246
-14.193688487492183,0.10807542524758647,-0.14193688487492184,-3.1348444197046126,-4.061284740673228
-14.193688487492183,0.1117857371245973,-0.14193688487492184,-3.3537823570083223,-4.316150621694886
-14.193688487492183,0.11549604900160815,-0.14193688487492184,-3.5801097579202623,-4.578408602534003
-14.193688487492183,0.11920636087861898,-0.14193688487492184,-3.8138266224404322,-4.847505776444072
-14.193688487492183,0.12291667275562983,-0.14193688487492184,-4.0549329505688325,-5.122824100068314
-14.193688487492183,0.12662698463264066,-0.14193688487492184,-4.303428742305463,-5.403687431978604
-14.193688487492183,0.1303372965096515,-0.14193688487492184,-4.559313997650323,-5.689370265528696
-14.193688487492183,0.13404760838666235,-0.14193688487492184,-4.8225887166034145,-5.97910800393198
-14.193688487492183,0.13775792026367317,-0.14193688487492184,-5.0932528991647334,-6.272108562899559
-14.193688487492183,0.14146823214068402,-0.14193688487492184,-5.371306545334285,-6.567565032646871
-14.193688487492183,0.14517854401769487,-0.14193688487492184,-5.6567496551120655,-6.864669090560117
-14.193688487492183,0.1488888558947057,-0.14193688487492184,-5.949582228498077,-7.162624831447838
-14.193688487492183,0.15259916777171653,-0.14193688487492184,-6.249804265492316,-7.460662676092726
-14.193688487492183,0.15630947964872738,-0.14193688487492184,-6.557415766094788,-7.758053031425453
-14.193688487492183,0.16001979152573823,-0.14193688487492184,-6.872416730305489,-8.054119406316493
-14.193688487492183,0.16373010340274907,-0.14193688487492184,-7.194807158124421,-8.348250733649534
-14.193688487492183,0.1674404152797599,-0.14193688487492184,-7.52458704955158,-8.63991270881144
-14.193688487492183,0.17115072715677074,-0.14193688487492184,-7.861756404586973,-8.928658023021523
-14.193688487492183,0.17486103903378158,-0.14193688487492184,-8.206315223230595,-9.21413544260783
-14.193688487492183,0.17857135091079243,-0.14193688487492184,-8.558263505482445,-9.496097757938667
-14.193688487492183,0.18228166278780325,-0.14193688487492184,-8.917601251342527,-9.774408694012532
-14.193688487492183,0.1859919746648141,-0.14193688487492184,-9.284328460810839,-10.049048934975604
-14.193688487492183,0.18970228654182494,-0.14193688487492184,-9.658445133887382,-10.320121463966565
-14.193688487492183,0.1934125984188358,-0.14193688487492184,-10.039951270572155,-10.587856455205612
-14.193688487492183,0.1971229102958466,-0.14193688487492184,-10.428846870865154,-10.852615975171544
-14.193688487492183,0.20083322217285746,-0.14193688487492184,-10.825131934766386,-11.114898752366305
-14.193688487492183,0.2045435340498683,-0.14193688487492184,-11.228806462275848,-11.375345258865666
-14.193688487492183,0.20825384592687915,-0.14193688487492184,-11.639870453393543,-11.634743309573153
-14.193688487492183,0.21196415780388997,-0.14193688487492184,-12.058323908119462,-11.894034324121156
-14.193688487492183,0.21567446968090082,-0.14193688487492184,-12.484166826453617,-12.154320307984138
-14.193688487492183,0.21938478155791166,-0.14193688487492184,-12.917399208396,-12.416871488647685
-14.193688487492183,0.2230950934349225,-0.14193688487492184,-13.358021053946612,-12.683134383387383
-14.193688487492183,0.22680540531193333,-0.14193688487492184,-13.806032363105452,-12.95473987006359
-14.193688487492183,0.23051571718894417,-0.14193688487492184,-14.261433135872526,-13.233510573621855
-14.193688487492183,0.23422602906595502,-0.14193688487492184,-14.72422337224783,-13.521466561871014
-14.193688487492183,0.23793634094296587,-0.14193688487492184,-15.194403072231363,-13.820827960855873
-14.193688487492183,0.2416466528199767,-0.14193688487492184,-15.671972235823123,-14.13401265555578
-14.193688487492183,0.24535696469698753,-0.14193688487492184,-16.156930863023117,-14.463626750054946
-14.193688487492183,0.24906727657399838,-0.14193688487492184,-16.64927895383134,-14.812444955231827
-14.193688487492183,0.2527775884510092,-0.14193688487492184,-17.149016508247797,-15.183377610087112
-14.193688487492183,0.25648790032802005,-0.14193688487492184,-17.656143526272476,-15.5794207183745
-14.193688487492183,0.2601982122050309,-0.14193688487492184,-18.170660007905397,-16.003585329718955
-14.193688487492183,0.26390852408204174,-0.14193688487492184,-18.692565953146538,-16.458802990368675
-14.193688487492183,0.26761883595905256,-0.14193688487492184,-19.221861361995906,-16.947805040676148
-14.193688487492183,0.27132914783606343,-0.14193688487492184,-19.758546234453515,-17.472975453161002
-14.193688487492183,0.27503945971307425,-0.14193688487492184,-20.30262057051935,-18.0361798413611
-14.193688487492183,0.27874977159008507,-0.14193688487492184,-20.85408437019341,-18.63857724357687
-14.193688487492183,0.28246008346709595,-0.14193688487492184,-21.412937633475707,-19.28042607664445
-14.193688487492183,0.28617039534410676,-0.14193688487492184,-21.97918036036623,-19.960900709855554
-14.193688487492183,0.28988070722111764,-0.14193688487492184,-22.55281255086499,-20.677939500441894
-14.193688487492183,0.29359101909812846,-0.14193688487492184,-23.13383420497197,-21.428147626444765
-14.193688487492183,0.2973013309751393,-0.14193688487492184,-23.72224532268718,-22.206777338460263
-14.193688487492183,0.30101164285215015,-0.14193688487492184,-24.31804590401063,-23.007803323821577
-14.193688487492183,0.30472195472916097,-0.14193688487492184,-24.9212359489423,-23.824101500267428
-12.805811636023149,0.011607316445304631,-0.12805811636023148,-0.03578579956937903,-0.3443706248683953
-12.805811636023149,0.015317628322315471,-0.12805811636023148,-0.062320385424179836,-0.4050841029270398
-12.805811636023149,0.01902794019932631,-0.12805811636023148,-0.09616801053669001,-0.4700676816884948
-12.805811636023149,0.02273825207633715,-0.12805811636023148,-0.13732867490690956,-0.5396043640741124
-12.805811636023149,0.02644856395334799,-0.12805811636023148,-0.1858023785348385,-0.6139880006656475
-12.805811636023149,0.03015887583035883,-0.12805811636023148,-0.2415891214204768,-0.6935222879577938
-12.805811636023149,0.03386918770736967,-0.12805811636023148,-0.3046889035638246,-0.7785194635570338
-12.805811636023149,0.03757949958438051,-0.12805811636023148,-0.37510172496488164,-0.869298664146263
-12.805811636023149,0.04128981146139135,-0.12805811636023148,-0.4528275856236481,-0.9661839132385031
-12.805811636023149,0.04500012333840219,-0.12805811636023148,-0.537866485540124,-1.0695017084028695
-12.805811636023149,0.04871043521541303,-0.12805811636023148,-0.6302184247143092,-1.179578182064207
-12.805811636023149,0.05242074709242387,-0.12805811636023148,-0.7298834031462038,-1.2967358164552492
-12.805811636023149,0.05613105896943471,-0.12805811636023148,-0.8368614208358077,-1.4212897021150712
-12.805811636023149,0.05984137084644555,-0.12805811636023148,-0.9511524777831211,-1.5535433407104051
-12.805811636023149,0.06355168272345639,-0.12805811636023148,-1.072756573988144,-1.6937840070563919
-12.805811636023149,0.06726199460046722,-0.12805811636023148,-1.2016737094508756,-1.8422777020582948
-12.805811636023149,0.07097230647747807,-0.12805811636023148,-1.3379038841713173,-1.9992637477555264
-12.805811636023149,0.0746826183544889,-0.12805811636023148,-1.481447098149468,-2.164949097390438
-12.805811636023149,0.07839293023149975,-0.12805811636023148,-1.6323033513853284,-2.339502456873996
-12.805811636023149,0.08210324210851058,-0.12805811636023148,-1.7904726438788978,-2.523048338340744
-12.805811636023149,0.08581355398552143,-0.12805811636023148,-1.955954975630177,-2.715661190560684
-12.805811636023149,0.08952386586253226,-0.12805811636023148,-2.128750346639165,-2.917359773423825
-12.805811636023149,0.09323417773954311,-0.12805811636023148,-2.308858756905863,-3.128101962931522
-12.805811636023149,0.09694448961655394,-0.12805811636023148,-2.4962802064302703,-3.347780187364776
-12.805811636023149,0.10065480149356479,-0.12805811636023148,-2.691014695212387,-3.5762177027701276
-12.805811636023149,0.10436511337057562,-0.12805811636023148,-2.8930622232522123,-3.8131659149356634
-12.805811636023149,0.10807542524758647,-0.12805811636023148,-3.102422790549748,-4.058302944235484
-12.805811636023149,0.1117857371245973,-0.12805811636023148,-3.319096397104992,-4.311233608182903
-12.805811636023149,0.11549604900160815,-0.12805811636023148,-3.5430830429179467,-4.571490963973864
-12.805811636023149,0.11920636087861898,-0.12805811636023148,-3.77438272798861,-4.8385395102369415
-12.805811636023149,0.12291667275562983,-0.12805811636023148,-4.012995452316983,-5.111780095020331
-12.805811636023149,0.12662698463264066,-0.12805811636023148,-4.258921215903065,-5.390556518012936
-12.805811636023149,0.1303372965096515,-0.12805811636023148,-4.512160018746856,-5.674163752184764
-12.805811636023149,0.13404760838666235,-0.12805811636023148,-4.772711860848358,-5.961857647129877
-12.805811636023149,0.13775792026367317,-0.12805811636023148,-5.040576742207567,-6.252865917436697
-12.805811636023149,0.14146823214068402,-0.12805811636023148,-5.315754662824487,-6.546400168437326
-12.805811636023149,0.14517854401769487,-0.12805811636023148,-5.598245622699116,-6.841668672387742
-12.805811636023149,0.1488888558947057,-0.12805811636023148,-5.888049621831455,-7.137889583480879
-12.805811636023149,0.15259916777171653,-0.12805811636023148,-6.185166660221502,-7.434304272071085
-12.805811636023149,0.15630947964872738,-0.12805811636023148,-6.48959673786926,-7.7301904678629025
-12.805811636023149,0.16001979152573823,-0.12805811636023148,-6.801339854774726,-8.024874928089076
-12.805811636023149,0.16373010340274907,-0.12805811636023148,-7.120396010937903,-8.31774538814714
-12.805811636023149,0.1674404152797599,-0.12805811636023148,-7.446765206358786,-8.608261606013302
-12.805811636023149,0.17115072715677074,-0.12805811636023148,-7.780447441037381,-8.895965374467389
-12.805811636023149,0.17486103903378158,-0.12805811636023148,-8.121442714973687,-9.180489442752716
-12.805811636023149,0.17857135091079243,-0.12805811636023148,-8.4697510281677,-9.461565357662025
-12.805811636023149,0.18228166278780325,-0.12805811636023148,-8.825372380619422,-9.739030299269087
-12.805811636023149,0.1859919746648141,-0.12805811636023148,-9.188306772328854,-10.012833045121495
-12.805811636023149,0.18970228654182494,-0.12805811636023148,-9.558554203295996,-10.283039245723277
-12.805811636023149,0.1934125984188358,-0.12805811636023148,-9.93611467352085,-10.549836231193115
-12.805811636023149,0.1971229102958466,-0.12805811636023148,-10.320988183003406,-10.813537592196136
-12.805811636023149,0.20083322217285746,-0.12805811636023148,-10.713174731743676,-11.074587786039325
-12.805811636023149,0.2045435340498683,-0.12805811636023148,-11.112674319741656,-11.333567009668066
-12.805811636023149,0.20825384592687915,-0.12805811636023148,-11.519486946997345,-11.591196553431258
-12.805811636023149,0.21196415780388997,-0.12805811636023148,-11.933612613510741,-11.848344800542753
-12.805811636023149,0.21567446968090082,-0.12805811636023148,-12.35505131928185,-12.106033963916055
-12.805811636023149,0.21938478155791166,-0.12805811636023148,-12.783803064310668,-12.365447550099427
-12.805811636023149,0.2230950934349225,-0.12805811636023148,-13.219867848597193,-12.627938403723872
-12.805811636023149,0.22680540531193333,-0.12805811636023148,-13.663245672141425,-12.895037008321248
-12.805811636023149,0.23051571718894417,-0.12805811636023148,-14.113936534943372,-13.168459492900093
-12.805811636023149,0.23422602906595502,-0.12805811636023148,-14.571940437003027,-13.450114510734222
-12.805811636023149,0.23793634094296587,-0.12805811636023148,-15.03725737832039,-13.742107811680283
-12.805811636023149,0.2416466528199767,-0.12805811636023148,-15.509887358895462,-14.04674292079291
-12.805811636023149,0.24535696469698753,-0.12805811636023148,-15.989830378728245,-14.366515871483541
-12.805811636023149,0.24906727657399838,-0.12805811636023148,-16.477086437818738,-14.70410144273448
-12.805811636023149,0.2527775884510092,-0.12805811636023148,-16.971655536166942,-15.062327860317144
-12.805811636023149,0.25648790032802005,-0.12805811636023148,-17.473537673772846,-15.444136514888656
-12.805811636023149,0.2601982122050309,-0.12805811636023148,-17.982732850636474,-15.852523036363623
-12.805811636023149,0.26390852408204174,-0.12805811636023148,-18.499241066757797,-16.29045619739482
-12.805811636023149,0.26761883595905256,-0.12805811636023148,-19.02306232213683,-16.760771790888295
-12.805811636023149,0.27132914783606343,-0.12805811636023148,-19.554196616773584,-17.266040048791698
-12.805811636023149,0.27503945971307425,-0.12805811636023148,-20.09264395066804,-17.808407532719333
-12.805811636023149,0.27874977159008507,-0.12805811636023148,-20.638404323820204,-18.389417833619973
-12.805811636023149,0.28246008346709595,-0.12805811636023148,-21.191477736230087,-19.00981978884586
-12.805811636023149,0.28617039534410676,-0.12805811636023148,-21.751864187897667,-19.66937689891195
-12.805811636023149,0.28988070722111764,-0.12805811636023148,-22.319563678822966,-20.366696482077888
-12.805811636023149,0.29359101909812846,-0.12805811636023148,-22.89457620900597,-21.099100764491034
-12.805811636023149,0.2973013309751393,-0.12805811636023148,-23.47690177844668,-21.86256326792896
-12.805811636023149,0.30101164285215015,-0.12805811636023148,-24.06654038714511,-22.651731307718414
-12.805811636023149,0.30472195472916097,-0.12805811636023148,-24.663492035101235,-23.460048445876343
-11.417934784554115,0.011607316445304631,-0.11417934784554115,-0.035411822841841155,-0.35629769859140126
-11.417934784554115,0.015317628322315471,-0.11417934784554115,-0.061669111061715215,-0.41728988914094334
-11.417934784554115,0.01902794019932631,-0.11417934784554115,-0.09516301418877793,-0.48253178801501084
-11.417934784554115,0.02273825207633715,-0.11417934784554115,-0.1358935322230293,-0.552301818089914
-11.417934784554115,0.02644856395334799,-0.11417934784554115,-0.1838606651644694,-0.6268888078855546
-11.417934784554115,0.03015887583035883,-0.11417934784554115,-0.2390644130130981,-0.7065909893520343
-11.417934784554115,0.03386918770736967,-0.11417934784554115,-0.30150477576891554,-0.7917147021644864
-11.417934784554115,0.03757949958438051,-0.11417934784554115,-0.3711817534319216,-0.8825727723434351
-11.417934784554115,0.04128981146139135,-0.11417934784554115,-0.44809534600211637,-0.9794825343203688
-11.417934784554115,0.04500012333840219,-0.11417934784554115,-0.5322455534794998,-1.0827634682575225
-11.417934784554115,0.04871043521541303,-0.11417934784554115,-0.6236323758640718,-1.1927344287851458
-11.417934784554115,0.05242074709242387,-0.11417934784554115,-0.7222558131558325,-1.3097104476129542
-11.417934784554115,0.05613105896943471,-0.11417934784554115,-0.828115865354782,-1.4339991009565773
-11.417934784554115,0.05984137084644555,-0.11417934784554115,-0.94121253246092,-1.5658964435991214
-11.417934784554115,0.06355168272345639,-0.11417934784554115,-1.0615458144742467,-1.7056825248090672
-11.417934784554115,0.06726199460046722,-0.11417934784554115,-1.189115711394762,-1.8536165172730565
-11.417934784554115,0.07097230647747807,-0.11417934784554115,-1.323922223222466,-2.009931508542104
-11.417934784554115,0.0746826183544889,-0.11417934784554115,-1.4659653499573586,-2.17482902491031
-11.417934784554115,0.07839293023149975,-0.11417934784554115,-1.61524509159944,-2.3484733796081114
-11.417934784554115,0.08210324210851058,-0.11417934784554115,-1.77176144814871,-2.530985959913942
-11.417934784554115,0.08581355398552143,-0.11417934784554115,-1.935514419605169,-2.72243959023485
-11.417934784554115,0.08952386586253226,-0.11417934784554115,-2.1065040059688163,-2.9228531291045314
-11.417934784554115,0.09323417773954311,-0.11417934784554115,-2.2847302072396523,-3.1321864759211335
-11.417934784554115,0.09694448961655394,-0.11417934784554115,-2.470193023417677,-3.3503361764921493
-11.417934784554115,0.10065480149356479,-0.11417934784554115,-2.6628924545028902,-3.577131823434311
-11.417934784554115,0.10436511337057562,-0.11417934784554115,-2.8628285004952922,-3.8123334466622603
-11.417934784554115,0.10807542524758647,-0.11417934784554115,-3.0700011613948837,-4.055630079315636
-11.417934784554115,0.1117857371245973,-0.11417934784554115,-3.2844104372016623,-4.306639664671929
-11.417934784554115,0.11549604900160815,-0.11417934784554115,-3.5060563279156307,-4.564910439598915
-11.417934784554115,0.11920636087861898,-0.11417934784554115,-3.7349388335367872,-4.8299238903609325
-11.417934784554115,0.12291667275562983,-0.11417934784554115,-3.971057954065133,-5.101099328337293
-11.417934784554115,0.12662698463264066,-0.11417934784554115,-4.214413689500667,-5.377800078478872
-11.417934784554115,0.1303372965096515,-0.11417934784554115,-4.46500603984339,-5.65934121488585
-11.417934784554115,0.13404760838666235,-0.11417934784554115,-4.722835005093302,-5.94499871908179
-11.417934784554115,0.13775792026367317,-0.11417934784554115,-4.9879005852504,-6.234019881061057
-11.417934784554115,0.14146823214068402,-0.11417934784554115,-5.26020278031469,-6.525634714716508
-11.417934784554115,0.14517854401769487,-0.11417934784554115,-5.539741590286167,-6.8190681212346735
-11.417934784554115,0.1488888558947057,-0.11417934784554115,-5.826517015164834,-7.113552509292248
-11.417934784554115,0.15259916777171653,-0.11417934784554115,-6.120529054950687,-7.4083405713329995
-11.417934784554115,0.15630947964872738,-0.11417934784554115,-6.421777709643731,-7.70271792170878
-11.417934784554115,0.16001979152573823,-0.11417934784554115,-6.730262979243964,-7.996015324741437
-11.417934784554115,0.16373010340274907,-0.11417934784554115,-7.045984863751385,-8.28762027738924
-11.417934784554115,0.1674404152797599,-0.11417934784554115,-7.368943363165992,-8.576987759796515
-11.417934784554115,0.17115072715677074,-0.11417934784554115,-7.69913847748779,-8.863650024435291
-11.417934784554115,0.17486103903378158,-0.11417934784554115,-8.036570206716778,-9.147225357225569
-11.417934784554115,0.17857135091079243,-0.11417934784554115,-8.381238550852954,-9.427425808206154
-11.417934784554115,0.18228166278780325,-0.11417934784554115,-8.733143509896317,-9.704063951400512
-11.417934784554115,0.1859919746648141,-0.11417934784554115,-9.09228508384687,-9.97705879021034
-11.417934784554115,0.18970228654182494,-0.11417934784554115,-9.458663272704612,-10.246440973178927
-11.417934784554115,0.1934125984188358,-0.11417934784554115,-9.832278076469542,-10.512357523025642
-11.417934784554115,0.1971229102958466,-0.11417934784554115,-10.21312949514166,-10.775076307656454
-11.417934784554115,0.20083322217285746,-0.11417934784554115,-10.601217528720966,-11.034990493916293
-11.417934784554115,0.2045435340498683,-0.11417934784554115,-10.996542177207463,-11.29262322178206
-11.417934784554115,0.20825384592687915,-0.11417934784554115,-11.399103440601149,-11.548632716940967
-11.417934784554115,0.21196415780388997,-0.11417934784554115,-11.80890131890202,-11.803818021223774
-11.417934784554115,0.21567446968090082,-0.11417934784554115,-12.225935812110084,-12.059125460355357
-11.417934784554115,0.21938478155791166,-0.11417934784554115,-12.650206920225335,-12.315655883084853
-11.417934784554115,0.2230950934349225,-0.11417934784554115,-13.081714643247773,-12.574672589873108
-11.417934784554115,0.22680540531193333,-0.11417934784554115,-13.520458981177399,-12.837609716584021
-11.417934784554115,0.23051571718894417,-0.11417934784554115,-13.966439934014216,-13.106080641643773
-11.417934784554115,0.23422602906595502,-0.11417934784554115,-14.419657501758223,-13.381885736073157
-11.417934784554115,0.23793634094296587,-0.11417934784554115,-14.88011168440942,-13.667018467662555
-11.417934784554115,0.2416466528199767,-0.11417934784554115,-15.347802481967799,-13.963668499285436
-11.417934784554115,0.24535696469698753,-0.11417934784554115,-15.82272989443337,-14.274219989117471
-11.417934784554115,0.24906727657399838,-0.11417934784554115,-16.304893921806134,-14.601242820552743
-11.417934784554115,0.2527775884510092,-0.11417934784554115,-16.794294564086083,-14.947473992520827
-11.417934784554115,0.25648790032802005,-0.11417934784554115,-17.290931821273215,-15.31578594258574
-11.417934784554115,0.2601982122050309,-0.11417934784554115,-17.79480569336755,-15.709138245063048
-11.417934784554115,0.26390852408204174,-0.11417934784554115,-18.30591618036906,-16.130509054050815
-11.417934784554115,0.26761883595905256,-0.11417934784554115,-18.82426328227776,-16.582803017896506
-11.417934784554115,0.27132914783606343,-0.11417934784554115,-19.349846999093657,-17.068733380262913
-11.417934784554115,0.27503945971307425,-0.11417934784554115,-19.882667330816737,-17.59067781086278
-11.417934784554115,0.27874977159008507,-0.11417934784554115,-20.422724277447,-18.150510335201115
-11.417934784554115,0.28246008346709595,-0.11417934784554115,-20.970017838984464,-18.749415588709304
-11.417934784554115,0.28617039534410676,-0.11417934784554115,-21.524548015429108,-19.38769631102304
-11.417934784554115,0.28988070722111764,-0.11417934784554115,-22.086314806780948,-20.064590003543582
-11.417934784554115,0.29359101909812846,-0.11417934784554115,-22.65531821303997,-20.778115111201355
-11.417934784554115,0.2973013309751393,-0.11417934784554115,-23.23155823420618,-21.52496975815435
-11.417934784554115,0.30101164285215015,-0.11417934784554115,-23.815034870279586,-22.300505664443943
-11.417934784554115,0.30472195472916097,-0.11417934784554115,-24.40574812126017,-23.09879535935103
-10.03005793308508,0.011607316445304631,-0.1003005793308508,-0.03503784611430328,-0.3684602721886754
-10.03005793308508,0.015317628322315471,-0.1003005793308508,-0.0610178366992506,-0.42973128792557524
-10.03005793308508,0.01902794019932631,-0.1003005793308508,-0.09415801784086586,-0.49523115311978705
-10.03005793308508,0.02273825207633715,-0.1003005793308508,-0.13445838953914907,-0.5652337285996065
-10.03005793308508,0.02644856395334799,-0.1003005793308508,-0.18191895179410028,-0.6400228507475645
-10.03005793308508,0.03015887583035883,-0.1003005793308508,-0.2365397046057194,-0.719891330171095
-10.03005793308508,0.03386918770736967,-0.1003005793308508,-0.29832064797400654,-0.8051396662971007
-10.03005793308508,0.03757949958438051,-0.1003005793308508,-0.3672617818989616,-0.8960744476168885
-10.03005793308508,0.04128981146139135,-0.1003005793308508,-0.4433631063805846,-0.9930064086945585
-10.03005793308508,0.04500012333840219,-0.1003005793308508,-0.5266246214188756,-1.0962481177582482
-10.03005793308508,0.04871043521541303,-0.1003005793308508,-0.6170463270138346,-1.2061112729750532
-10.03005793308508,0.05242074709242387,-0.1003005793308508,-0.7146282231654614,-1.3229035916160332
-10.03005793308508,0.05613105896943471,-0.1003005793308508,-0.8193703098737561,-1.4469252844748377
-10.03005793308508,0.05984137084644555,-0.1003005793308508,-0.931272587138719,-1.578465118292638
-10.03005793308508,0.06355168272345639,-0.1003005793308508,-1.0503350549603496,-1.7177960816700786
-10.03005793308508,0.06726199460046722,-0.1003005793308508,-1.176557713338648,-1.8651706850164134
-10.03005793308508,0.07097230647747807,-0.1003005793308508,-1.3099405622736149,-2.0208159423606085
-10.03005793308508,0.0746826183544889,-0.1003005793308508,-1.4504836017652494,-2.1849281020211166
-10.03005793308508,0.07839293023149975,-0.1003005793308508,-1.598186831813552,-2.3576672136917707
-10.03005793308508,0.08210324210851058,-0.1003005793308508,-1.7530502524185223,-2.5391516407217427
-10.03005793308508,0.08581355398552143,-0.1003005793308508,-1.915073863580161,-2.729452647289149
-10.03005793308508,0.08952386586253226,-0.1003005793308508,-2.0842576652984675,-2.9285892096165473
-10.03005793308508,0.09323417773954311,-0.1003005793308508,-2.260601657573442,-3.1365232169973414
-10.03005793308508,0.09694448961655394,-0.1003005793308508,-2.4441058404050837,-3.353155240723847
-10.03005793308508,0.10065480149356479,-0.1003005793308508,-2.634770213793394,-3.5783210555321756
-10.03005793308508,0.10436511337057562,-0.1003005793308508,-2.832594777738372,-3.8117890975071065
-10.03005793308508,0.10807542524758647,-0.1003005793308508,-3.0375795322400188,-4.0532590333497955
-10.03005793308508,0.1117857371245973,-0.1003005793308508,-3.2497244772983325,-4.302361597717191
-10.03005793308508,0.11549604900160815,-0.1003005793308508,-3.4690296129133147,-4.5586598277310975
-10.03005793308508,0.11920636087861898,-0.1003005793308508,-3.695494939084965,-4.8216517871035975
-10.03005793308508,0.12291667275562983,-0.1003005793308508,-3.929120455813283,-5.090774827731131
-10.03005793308508,0.12662698463264066,-0.1003005793308508,-4.169906163098269,-5.365411385893331
-10.03005793308508,0.1303372965096515,-0.1003005793308508,-4.417852060939922,-5.644896255851917
-10.03005793308508,0.13404760838666235,-0.1003005793308508,-4.672958149338245,-5.928525228703206
-10.03005793308508,0.13775792026367317,-0.1003005793308508,-4.935224428293234,-6.215564932148701
-10.03005793308508,0.14146823214068402,-0.1003005793308508,-5.204650897804892,-6.505263660819243
-10.03005793308508,0.14517854401769487,-0.1003005793308508,-5.481237557873218,-6.796862950097063
-10.03005793308508,0.1488888558947057,-0.1003005793308508,-5.764984408498212,-7.089609621679108
-10.03005793308508,0.15259916777171653,-0.1003005793308508,-6.055891449679872,-7.382768018295113
-10.03005793308508,0.15630947964872738,-0.1003005793308508,-6.353958681418202,-7.675632148961608
-10.03005793308508,0.16001979152573823,-0.1003005793308508,-6.659186103713201,-7.967537484804362
-10.03005793308508,0.16373010340274907,-0.1003005793308508,-6.971573716564866,-8.257872177678157
-10.03005793308508,0.1674404152797599,-0.1003005793308508,-7.291121519973197,-8.546087517508798
-10.03005793308508,0.17115072715677074,-0.1003005793308508,-7.6178295139382,-8.831707496717828
-10.03005793308508,0.17486103903378158,-0.1003005793308508,-7.951697698459871,-9.114337408050908
-10.03005793308508,0.17857135091079243,-0.1003005793308508,-8.292726073538207,-9.393671462211682
-10.03005793308508,0.18228166278780325,-0.1003005793308508,-8.640914639173213,-9.669499470567933
-10.03005793308508,0.1859919746648141,-0.1003005793308508,-8.996263395364885,-9.94171269279052
-10.03005793308508,0.18970228654182494,-0.1003005793308508,-9.358772342113227,-10.210308996965162
-10.03005793308508,0.1934125984188358,-0.1003005793308508,-9.728441479418237,-10.47539751831554
-10.03005793308508,0.1971229102958466,-0.1003005793308508,-10.105270807279911,-10.737203030462185
-10.03005793308508,0.20083322217285746,-0.1003005793308508,-10.489260325698256,-10.99607025870874
-10.03005793308508,0.2045435340498683,-0.1003005793308508,-10.88041003467327,-11.252468366924093
-10.03005793308508,0.20825384592687915,-0.1003005793308508,-11.278719934204952,-11.506995836800723
-10.03005793308508,0.21196415780388997,-0.1003005793308508,-11.684190024293299,-11.760385928859213
-10.03005793308508,0.21567446968090082,-0.1003005793308508,-12.096820304938317,-12.013512866111428
-10.03005793308508,0.21938478155791166,-0.1003005793308508,-12.516610776140004,-12.267398810422897
-10.03005793308508,0.2230950934349225,-0.1003005793308508,-12.943561437898355,-12.523221603803561
-10.03005793308508,0.22680540531193333,-0.1003005793308508,-13.377672290213374,-12.782323116309527
-10.03005793308508,0.23051571718894417,-0.1003005793308508,-13.818943333085063,-13.046217871975472
-10.03005793308508,0.23422602906595502,-0.1003005793308508,-14.267374566513421,-13.316601406444398
-10.03005793308508,0.23793634094296587,-0.1003005793308508,-14.722965990498446,-13.595357537034255
-10.03005793308508,0.2416466528199767,-0.1003005793308508,-15.185717605040136,-13.884563391887903
-10.03005793308508,0.24535696469698753,-0.1003005793308508,-15.655629410138497,-14.186490647903243
-10.03005793308508,0.24906727657399838,-0.1003005793308508,-16.132701405793526,-14.503600973871519
-10.03005793308508,0.2527775884510092,-0.1003005793308508,-16.616933592005225,-14.838533185916374
-10.03005793308508,0.25648790032802005,-0.1003005793308508,-17.108325968773585,-15.194079137953688
-10.03005793308508,0.2601982122050309,-0.1003005793308508,-17.606878536098623,-15.573144960445518
-10.03005793308508,0.26390852408204174,-0.1003005793308508,-18.11259129398032,-15.978694032939348
-10.03005793308508,0.26761883595905256,-0.1003005793308508,-18.625464242418683,-16.413668178053847
-10.03005793308508,0.27132914783606343,-0.1003005793308508,-19.145497381413726,-16.880884183636862
-10.03005793308508,0.27503945971307425,-0.1003005793308508,-19.67269071096543,-17.38290410449465
-10.03005793308508,0.27874977159008507,-0.1003005793308508,-20.207044231073798,-17.921880057797058
-10.03005793308508,0.28246008346709595,-0.1003005793308508,-20.74855794173884,-18.499377518588012
-10.03005793308508,0.28617039534410676,-0.1003005793308508,-21.297231842960546,-19.11618538472575
-10.03005793308508,0.28988070722111764,-0.1003005793308508,-21.85306593473893,-19.77212598345644
-10.03005793308508,0.29359101909812846,-0.1003005793308508,-22.416060217073966,-20.465883053094522
-10.03005793308508,0.2973013309751393,-0.1003005793308508,-22.986214689965678,-21.194869512915297
-10.03005793308508,0.30101164285215015,-0.1003005793308508,-23.563529353414065,-21.955158254878494
-10.03005793308508,0.30472195472916097,-0.1003005793308508,-24.148004207419106,-22.741497020945133
-8.642181081616046,0.011607316445304631,-0.08642181081616046,-0.0346638693867654,-0.38086020466214254
-8.642181081616046,0.015317628322315471,-0.08642181081616046,-0.06036656233678598,-0.442409844176078
-8.642181081616046,0.01902794019932631,-0.08642181081616046,-0.09315302149295379,-0.5081669918795959
-8.642181081616046,0.02273825207633715,-0.08642181081616046,-0.13302324685526884,-0.5784009660553502
-8.642181081616046,0.02644856395334799,-0.08642181081616046,-0.17997723842373115,-0.6533906425188283
-8.642181081616046,0.03015887583035883,-0.08642181081616046,-0.2340149961983407,-0.7334234554868644
-8.642181081616046,0.03386918770736967,-0.08642181081616046,-0.29513652017909753,-0.8187941236332175
-8.642181081616046,0.03757949958438051,-0.08642181081616046,-0.36334181036600155,-0.9098030728797073
-8.642181081616046,0.04128981146139135,-0.08642181081616046,-0.43863086675905283,-1.0067545289288398
-8.642181081616046,0.04500012333840219,-0.08642181081616046,-0.5210036893582514,-1.109954255256104
-8.642181081616046,0.04871043521541303,-0.08642181081616046,-0.6104602781635972,-1.2197069164799816
-8.642181081616046,0.05242074709242387,-0.08642181081616046,-0.7070006331750902,-1.3363130529431535
-8.642181081616046,0.05613105896943471,-0.08642181081616046,-0.8106247543927304,-1.4600656601726976
-8.642181081616046,0.05984137084644555,-0.08642181081616046,-0.9213326418165179,-1.5912463767994915
-8.642181081616046,0.06355168272345639,-0.08642181081616046,-1.0391242954464526,-1.7301212965978015
-8.642181081616046,0.06726199460046722,-0.08642181081616046,-1.1639997152825343,-1.876936434545764
-8.642181081616046,0.07097230647747807,-0.08642181081616046,-1.2959589013247637,-2.0319128930703574
-8.642181081616046,0.0746826183544889,-0.08642181081616046,-1.43500185357314,-2.1952417926309233
-8.642181081616046,0.07839293023149975,-0.08642181081616046,-1.5811285720276638,-2.3670790500360956
-8.642181081616046,0.08210324210851058,-0.08642181081616046,-1.7343390566883345,-2.5475401076994486
-8.642181081616046,0.08581355398552143,-0.08642181081616046,-1.894633307555153,-2.7366947365336927
-8.642181081616046,0.08952386586253226,-0.08642181081616046,-2.062011324628118,-2.934562053278561
-8.642181081616046,0.09323417773954311,-0.08642181081616046,-2.236473107907231,-3.1411059085110176
-8.642181081616046,0.09694448961655394,-0.08642181081616046,-2.4180186573924907,-3.356230813048407
-8.642181081616046,0.10065480149356479,-0.08642181081616046,-2.606647973083898,-3.5797785765567265
-8.642181081616046,0.10436511337057562,-0.08642181081616046,-2.802361054981452,-3.811525831634797
-8.642181081616046,0.10807542524758647,-0.08642181081616046,-3.0051579030851543,-4.051182608386786
-8.642181081616046,0.1117857371245973,-0.08642181081616046,-3.2150385173950027,-4.298392107793999
-8.642181081616046,0.11549604900160815,-0.08642181081616046,-3.432002897910999,-4.552731796794024
-8.642181081616046,0.11920636087861898,-0.08642181081616046,-3.6560510446331422,-4.813715914195159
-8.642181081616046,0.12291667275562983,-0.08642181081616046,-3.887182957561433,-5.080799435365073
-8.642181081616046,0.12662698463264066,-0.08642181081616046,-4.125398636695871,-5.353383496667913
-8.642181081616046,0.1303372965096515,-0.08642181081616046,-4.370698082036456,-5.630822230127506
-8.642181081616046,0.13404760838666235,-0.08642181081616046,-4.623081293583189,-5.912430907503564
-8.642181081616046,0.13775792026367317,-0.08642181081616046,-4.882548271336067,-6.197495243934302
-8.642181081616046,0.14146823214068402,-0.08642181081616046,-5.149099015295095,-6.4852816676449265
-8.642181081616046,0.14517854401769487,-0.08642181081616046,-5.422733525460268,-6.775048326891557
-8.642181081616046,0.1488888558947057,-0.08642181081616046,-5.70345180183159,-7.066056580797868
-8.642181081616046,0.15259916777171653,-0.08642181081616046,-5.991253844409058,-7.357582708866584
-8.642181081616046,0.15630947964872738,-0.08642181081616046,-6.286139653192674,-7.648929575683622
-8.642181081616046,0.16001979152573823,-0.08642181081616046,-6.588109228182438,-7.93943800271545
-8.642181081616046,0.16373010340274907,-0.08642181081616046,-6.897162569378348,-8.228497627232523
-8.642181081616046,0.1674404152797599,-0.08642181081616046,-7.213299676780403,-8.515557067531555
-8.642181081616046,0.17115072715677074,-0.08642181081616046,-7.536520550388609,-8.800133261359852
-8.642181081616046,0.17486103903378158,-0.08642181081616046,-7.866825190202962,-9.081819897892164
-8.642181081616046,0.17857135091079243,-0.08642181081616046,-8.204213596223461,-9.36029491968621
-8.642181081616046,0.18228166278780325,-0.08642181081616046,-8.548685768450106,-9.635327126682606
-8.642181081616046,0.1859919746648141,-0.08642181081616046,-8.9002417068829,-9.906781966669651
-8.642181081616046,0.18970228654182494,-0.08642181081616046,-9.258881411521843,-10.17462664321373
-8.642181081616046,0.1934125984188358,-0.08642181081616046,-9.624604882366931,-10.438934710794443
-8.642181081616046,0.1971229102958466,-0.08642181081616046,-9.997412119418165,-10.699890356123133
-8.642181081616046,0.20083322217285746,-0.08642181081616046,-10.377303122675547,-10.957792583024519
-8.642181081616046,0.2045435340498683,-0.08642181081616046,-10.764277892139077,-11.21305952465258
-8.642181081616046,0.20825384592687915,-0.08642181081616046,-11.158336427808756,-11.466233099970603
-8.642181081616046,0.21196415780388997,-0.08642181081616046,-11.559478729684578,-11.717984209834576
-8.642181081616046,0.21567446968090082,-0.08642181081616046,-11.967704797766551,-11.969118629596819
-8.642181081616046,0.21938478155791166,-0.08642181081616046,-12.383014632054671,-12.220583696977142
-8.642181081616046,0.2230950934349225,-0.08642181081616046,-12.805408232548936,-12.473475812048873
-8.642181081616046,0.22680540531193333,-0.08642181081616046,-13.234885599249347,-12.729048655347954
-8.642181081616046,0.23051571718894417,-0.08642181081616046,-13.671446732155909,-12.988721883872445
-8.642181081616046,0.23422602906595502,-0.08642181081616046,-14.115091631268617,-13.254089875605365
-8.642181081616046,0.23793634094296587,-0.08642181081616046,-14.565820296587473,-13.526929853233087
-8.642181081616046,0.2416466528199767,-0.08642181081616046,-15.023632728112473,-13.809208419752816
-8.642181081616046,0.24535696469698753,-0.08642181081616046,-15.488528925843625,-14.103085178228058
-8.642181081616046,0.24906727657399838,-0.08642181081616046,-15.960508889780922,-14.41091168653737
-8.642181081616046,0.2527775884510092,-0.08642181081616046,-16.43957261992437,-14.735223527551584
-8.642181081616046,0.25648790032802005,-0.08642181081616046,-16.925720116273954,-15.078722784451967
-8.642181081616046,0.2601982122050309,-0.08642181081616046,-17.4189513788297,-15.444247752879225
-8.642181081616046,0.26390852408204174,-0.08642181081616046,-17.919266407591582,-15.834726381835209
-8.642181081616046,0.26761883595905256,-0.08642181081616046,-18.42666520255961,-16.253109838704596
-8.642181081616046,0.27132914783606343,-0.08642181081616046,-18.941147763733795,-16.70228290673869
-8.642181081616046,0.27503945971307425,-0.08642181081616046,-19.462714091114123,-17.18494884518343
-8.642181081616046,0.27874977159008507,-0.08642181081616046,-19.991364184700593,-17.703488079759392
-8.642181081616046,0.28246008346709595,-0.08642181081616046,-20.527098044493222,-18.25979280923646
-8.642181081616046,0.28617039534410676,-0.08642181081616046,-21.069915670491987,-18.855083358733353
-8.642181081616046,0.28988070722111764,-0.08642181081616046,-21.619817062696907,-19.489716712704965
-8.642181081616046,0.29359101909812846,-0.08642181081616046,-22.176802221107966,-20.163002639057936
-8.642181081616046,0.2973013309751393,-0.08642181081616046,-22.740871145725176,-20.8730473233876
-8.642181081616046,0.30101164285215015,-0.08642181081616046,-23.31202383654854,-21.61664730001425
-8.642181081616046,0.30472195472916097,-0.08642181081616046,-23.89026029357804,-22.38925639575906
-7.254304230147012,0.011607316445304631,-0.07254304230147011,-0.03428989265922752,-0.3934993014011723
-7.254304230147012,0.015317628322315471,-0.07254304230147011,-0.05971528797432136,-0.4553270460364005
-7.254304230147012,0.01902794019932631,-0.07254304230147011,-0.09214802514504171,-0.521340459891837
-7.254304230147012,0.02273825207633715,-0.07254304230147011,-0.13158810417138858,-0.5918043397617159
-7.254304230147012,0.02644856395334799,-0.07254304230147011,-0.178035525053362,-0.6669926341464687
-7.254304230147012,0.03015887583035883,-0.07254304230147011,-0.23149028779096195,-0.7471874475943037
-7.254304230147012,0.03386918770736967,-0.07254304230147011,-0.2919523923841885,-0.8326777793344085
-7.254304230147012,0.03757949958438051,-0.07254304230147011,-0.3594218388330415,-0.9237579694866067
-7.254304230147012,0.04128981146139135,-0.07254304230147011,-0.43389862713752103,-1.0207258276488589
-7.254304230147012,0.04500012333840219,-0.07254304230147011,-0.5153827572976271,-1.1238804213706963
-7.254304230147012,0.04871043521541303,-0.07254304230147011,-0.6038742293133598,-1.2335195061327755
-7.254304230147012,0.05242074709242387,-0.07254304230147011,-0.6993730431847188,-1.3499365841751825
-7.254304230147012,0.05613105896943471,-0.07254304230147011,-0.8018791989117046,-1.4734175870338584
-7.254304230147012,0.05984137084644555,-0.07254304230147011,-0.9113926964943166,-1.6042371860943523
-7.254304230147012,0.06355168272345639,-0.07254304230147011,-1.0279135359325555,-1.7426547469299951
-7.254304230147012,0.06726199460046722,-0.07254304230147011,-1.1514417172264204,-1.8889099566397434
-7.254304230147012,0.07097230647747807,-0.07254304230147011,-1.2819772403759122,-2.043218168702773
-7.254304230147012,0.0746826183544889,-0.07254304230147011,-1.4195201053810305,-2.2057655267414153
-7.254304230147012,0.07839293023149975,-0.07254304230147011,-1.5640703122417754,-2.376703946581874
-7.254304230147012,0.08210324210851058,-0.07254304230147011,-1.7156278609581466,-2.5561460544903563
-7.254304230147012,0.08581355398552143,-0.07254304230147011,-1.8741927515301449,-2.7441601976213517
-7.254304230147012,0.08952386586253226,-0.07254304230147011,-2.039764983957769,-2.9407656595480844
-7.254304230147012,0.09323417773954311,-0.07254304230147011,-2.21234455824102,-3.1459282281110195
-7.254304230147012,0.09694448961655394,-0.07254304230147011,-2.3919314743798976,-3.3595562734839914
-7.254304230147012,0.10065480149356479,-0.07254304230147011,-2.5785257323744015,-3.58149750006611
-7.254304230147012,0.10436511337057562,-0.07254304230147011,-2.7721273322245317,-3.8115365353874022
-7.254304230147012,0.10807542524758647,-0.07254304230147011,-2.9727362739302894,-4.049393511683135
-7.254304230147012,0.1117857371245973,-0.07254304230147011,-3.1803525574916724,-4.29472378047263
-7.254304230147012,0.11549604900160815,-0.07254304230147011,-3.3949761829086826,-4.547118877124456
-7.254304230147012,0.11920636087861898,-0.07254304230147011,-3.616607150181319,-4.806108821274
-7.254304230147012,0.12291667275562983,-0.07254304230147011,-3.8452454593095826,-5.071165800939626
-7.254304230147012,0.12662698463264066,-0.07254304230147011,-4.080891110293472,-5.341709244717274
-7.254304230147012,0.1303372965096515,-0.07254304230147011,-4.323544103132988,-5.61711223953927
-7.254304230147012,0.13404760838666235,-0.07254304230147011,-4.573204437828132,-5.896709203635208
-7.254304230147012,0.13775792026367317,-0.07254304230147011,-4.8298721143789,-6.179804678303082
-7.254304230147012,0.14146823214068402,-0.07254304230147011,-5.093547132785297,-6.465683060750358
-7.254304230147012,0.14517854401769487,-0.07254304230147011,-5.364229493047318,-6.753619066315112
-7.254304230147012,0.1488888558947057,-0.07254304230147011,-5.641919195164968,-7.042888684170904
-7.254304230147012,0.15259916777171653,-0.07254304230147011,-5.926616239138242,-7.332780377904472
-7.254304230147012,0.15630947964872738,-0.07254304230147011,-6.218320624967145,-7.622606282139282
-7.254304230147012,0.16001979152573823,-0.07254304230147011,-6.517032352651674,-7.911713158819573
-7.254304230147012,0.16373010340274907,-0.07254304230147011,-6.822751422191829,-8.199492901183525
-7.254304230147012,0.1674404152797599,-0.07254304230147011,-7.135477833587609,-8.485392408369504
-7.254304230147012,0.17115072715677074,-0.07254304230147011,-7.455211586839017,-8.768922696908906
-7.254304230147012,0.17486103903378158,-0.07254304230147011,-7.781952681946053,-9.049667164503742
-7.254304230147012,0.17857135091079243,-0.07254304230147011,-8.115701118908714,-9.327288973675978
-7.254304230147012,0.18228166278780325,-0.07254304230147011,-8.456456897727001,-9.601537575298616
-7.254304230147012,0.1859919746648141,-0.07254304230147011,-8.804220018400914,-9.872254442029833
-7.254304230147012,0.18970228654182494,-0.07254304230147011,-9.158990480930456,-10.139378126930655
-7.254304230147012,0.1934125984188358,-0.07254304230147011,-9.520768285315624,-10.402948801085952
-7.254304230147012,0.1971229102958466,-0.07254304230147011,-9.889553431556417,-10.663112454279947
-7.254304230147012,0.20083322217285746,-0.07254304230147011,-10.265345919652836,-10.920124963426645
-7.254304230147012,0.2045435340498683,-0.07254304230147011,-10.648145749604884,-11.174356243428418
-7.254304230147012,0.20825384592687915,-0.07254304230147011,-11.037952921412558,-11.426294693342552
-7.254304230147012,0.21196415780388997,-0.07254304230147011,-11.434767435075855,-11.676552135861403
-7.254304230147012,0.21567446968090082,-0.07254304230147011,-11.838589290594783,-11.925869418375695
-7.254304230147012,0.21938478155791166,-0.07254304230147011,-12.249418487969338,-12.175122796782576
-7.254304230147012,0.2230950934349225,-0.07254304230147011,-12.667255027199516,-12.425331155248955
-7.254304230147012,0.22680540531193333,-0.07254304230147011,-13.092098908285319,-12.6776640217112
-7.254304230147012,0.23051571718894417,-0.07254304230147011,-13.523950131226753,-12.933450214099613
-7.254304230147012,0.23422602906595502,-0.07254304230147011,-13.962808696023814,-13.194186789059467
-7.254304230147012,0.23793634094296587,-0.07254304230147011,-14.4086746026765,-13.461547755439772
-7.254304230147012,0.2416466528199767,-0.07254304230147011,-14.86154785118481,-13.737391751207635
-7.254304230147012,0.24535696469698753,-0.07254304230147011,-15.321428441548749,-14.023767558440255
-7.254304230147012,0.24906727657399838,-0.07254304230147011,-15.788316373768314,-14.322915944407528
-7.254304230147012,0.2527775884510092,-0.07254304230147011,-16.262211647843507,-14.637265873039782
-7.254304230147012,0.25648790032802005,-0.07254304230147011,-16.743114263774324,-14.969422648928552
-7.254304230147012,0.2601982122050309,-0.07254304230147011,-17.231024221560773,-15.32214507404148
-7.254304230147012,0.26390852408204174,-0.07254304230147011,-17.72594152120284,-15.698308282147401
-7.254304230147012,0.26761883595905256,-0.07254304230147011,-18.227866162700533,-16.100848670038204
-7.254304230147012,0.27132914783606343,-0.07254304230147011,-18.736798146053864,-16.532687411569107
-7.254304230147012,0.27503945971307425,-0.07254304230147011,-19.252737471262815,-16.99662960305555
-7.254304230147012,0.27874977159008507,-0.07254304230147011,-19.77568413832739,-17.495237353416076
-7.254304230147012,0.28246008346709595,-0.07254304230147011,-20.305638147247596,-18.030677294884885
-7.254304230147012,0.28617039534410676,-0.07254304230147011,-20.84259949802342,-18.604546172331684
-7.254304230147012,0.28988070722111764,-0.07254304230147011,-21.386568190654884,-19.21768233311089
-7.254304230147012,0.29359101909812846,-0.07254304230147011,-21.937544225141966,-19.869975786030828
-7.254304230147012,0.2973013309751393,-0.07254304230147011,-22.495527601484675,-20.560194384555214
-7.254304230147012,0.30101164285215015,-0.07254304230147011,-23.060518319683016,-21.28584761153803
-7.254304230147012,0.30472195472916097,-0.07254304230147011,-23.632516379736973,-22.04311114070151
-5.866427378677978,0.011607316445304631,-0.058664273786779776,-0.03391591593168965,-0.4063793044677113
-5.866427378677978,0.015317628322315471,-0.058664273786779776,-0.05906401361185674,-0.4684843152188787
-5.866427378677978,0.01902794019932631,-0.058664273786779776,-0.09114302879712964,-0.5347526438320407
-5.866427378677978,0.02273825207633715,-0.058664273786779776,-0.13015296148750835,-0.6054445882702102
-5.866427378677978,0.02644856395334799,-0.058664273786779776,-0.1760938116829929,-0.6808292046835782
-5.866427378677978,0.03015887583035883,-0.058664273786779776,-0.22896557938358325,-0.761183316458669
-5.866427378677978,0.03386918770736967,-0.058664273786779776,-0.2887682645892795,-0.8467902664988558
-5.866427378677978,0.03757949958438051,-0.058664273786779776,-0.3555018673000815,-0.9379383876742637
-5.866427378677978,0.04128981146139135,-0.058664273786779776,-0.4291663875159893,-1.0349191679422738
-5.866427378677978,0.04500012333840219,-0.058664273786779776,-0.5097618252370029,-1.1380250893322925
-5.866427378677978,0.04871043521541303,-0.058664273786779776,-0.5972881804631224,-1.2475471240056981
-5.866427378677978,0.05242074709242387,-0.058664273786779776,-0.6917454531943477,-1.363771876130527
-5.866427378677978,0.05613105896943471,-0.058664273786779776,-0.7931336434306787,-1.4869783655148168
-5.866427378677978,0.05984137084644555,-0.058664273786779776,-0.9014527511721157,-1.6174344579438205
-5.866427378677978,0.06355168272345639,-0.058664273786779776,-1.0167027764186585,-1.755392958026405
-5.866427378677978,0.06726199460046722,-0.058664273786779776,-1.1388837191703065,-1.9010873930479897
-5.866427378677978,0.07097230647747807,-0.058664273786779776,-1.267995579427061,-2.054727530718574
-5.866427378677978,0.0746826183544889,-0.058664273786779776,-1.4040383571889212,-2.2164946895244086
-5.866427378677978,0.07839293023149975,-0.058664273786779776,-1.5470120524558872,-2.386536917220654
-5.866427378677978,0.08210324210851058,-0.058664273786779776,-1.6969166652279588,-2.5649641302511883
-5.866427378677978,0.08581355398552143,-0.058664273786779776,-1.8537521955051368,-2.751843323792572
-5.866427378677978,0.08952386586253226,-0.058664273786779776,-2.01751864328742,-2.9471939777754272
-5.866427378677978,0.09323417773954311,-0.058664273786779776,-2.188216008574809,-3.1509837975910475
-5.866427378677978,0.09694448961655394,-0.058664273786779776,-2.365844291367304,-3.363124938113022
-5.866427378677978,0.10065480149356479,-0.058664273786779776,-2.550403491664905,-3.5834708650081137
-5.866427378677978,0.10436511337057562,-0.058664273786779776,-2.7418936094676116,-3.811814007003314
-5.866427378677978,0.10807542524758647,-0.058664273786779776,-2.9403146447754245,-4.047884345914952
-5.866427378677978,0.1117857371245973,-0.058664273786779776,-3.145666597588342,-4.291349077208201
-5.866427378677978,0.11549604900160815,-0.058664273786779776,-3.357949467906367,-4.541813452400113
-5.866427378677978,0.11920636087861898,-0.058664273786779776,-3.577163255729497,-4.7988228859766355
-5.866427378677978,0.12291667275562983,-0.058664273786779776,-3.8033079610577327,-5.061866374419951
-5.866427378677978,0.12662698463264066,-0.058664273786779776,-4.036383583891074,-5.330381234738468
-5.866427378677978,0.1303372965096515,-0.058664273786779776,-4.276390124229521,-5.603759126369885
-5.866427378677978,0.13404760838666235,-0.058664273786779776,-4.523327582073075,-5.881353275722341
-5.866427378677978,0.13775792026367317,-0.058664273786779776,-4.777195957421733,-6.162486779446674
-5.866427378677978,0.14146823214068402,-0.058664273786779776,-5.0379952502754985,-6.446461823412541
-5.866427378677978,0.14517854401769487,-0.058664273786779776,-5.30572546063437,-6.732569621803192
-5.866427378677978,0.1488888558947057,-0.058664273786779776,-5.580386588498346,-7.020100856940566
-5.866427378677978,0.15259916777171653,-0.058664273786779776,-5.861978633867428,-7.308356387083878
-5.866427378677978,0.15630947964872738,-0.058664273786779776,-6.150501596741616,-7.596657987531302
-5.866427378677978,0.16001979152573823,-0.058664273786779776,-6.44595547712091,-7.8843589001599526
-5.866427378677978,0.16373010340274907,-0.058664273786779776,-6.748340275005311,-8.170853987559942
-5.866427378677978,0.1674404152797599,-0.058664273786779776,-7.057655990394815,-8.455589318926625
-5.866427378677978,0.17115072715677074,-0.058664273786779776,-7.3739026232894265,-8.738071054042235
-5.866427378677978,0.17486103903378158,-0.058664273786779776,-7.6970801736891445,-9.017873536735687
-5.866427378677978,0.17857135091079243,-0.058664273786779776,-8.027188641593968,-9.294646557642665
-5.866427378677978,0.18228166278780325,-0.058664273786779776,-8.364228027003895,-9.56812179532765
-5.866427378677978,0.1859919746648141,-0.058664273786779776,-8.708198329918929,-9.83811849242793
-5.866427378677978,0.18970228654182494,-0.058664273786779776,-9.059099550339072,-10.104548467237645
-5.866427378677978,0.1934125984188358,-0.058664273786779776,-9.416931688264318,-10.367420599203136
-5.866427378677978,0.1971229102958466,-0.058664273786779776,-9.781694743694668,-10.626844957627602
-5.866427378677978,0.20083322217285746,-0.058664273786779776,-10.153388716630126,-10.883036765264928
-5.866427378677978,0.2045435340498683,-0.058664273786779776,-10.532013607070692,-11.136320401395949
-5.866427378677978,0.20825384592687915,-0.058664273786779776,-10.917569415016361,-11.387133651440818
-5.866427378677978,0.21196415780388997,-0.058664273786779776,-11.310056140467134,-11.636032401029325
-5.866427378677978,0.21567446968090082,-0.058664273786779776,-11.709473783423016,-11.88369595020304
-5.866427378677978,0.21938478155791166,-0.058664273786779776,-12.115822343884005,-12.130933085914114
-5.866427378677978,0.2230950934349225,-0.058664273786779776,-12.529101821850098,-12.378688995209087
-5.866427378677978,0.22680540531193333,-0.058664273786779776,-12.949312217321294,-12.628053023363035
-5.866427378677978,0.23051571718894417,-0.058664273786779776,-13.3764535302976,-12.880267175466017
-5.866427378677978,0.23422602906595502,-0.058664273786779776,-13.81052576077901,-13.136735120028769
-5.866427378677978,0.23793634094296587,-0.058664273786779776,-14.251528908765527,-13.399031271504905
-5.866427378677978,0.2416466528199767,-0.058664273786779776,-14.699462974257147,-13.668909297180674
-5.866427378677978,0.24535696469698753,-0.058664273786779776,-15.154327957253875,-13.948309105253191
-5.866427378677978,0.24906727657399838,-0.058664273786779776,-15.61612385775571,-14.239361020240855
-5.866427378677978,0.2527775884510092,-0.058664273786779776,-16.084850675762652,-14.544385439844168
-5.866427378677978,0.25648790032802005,-0.058664273786779776,-16.560508411274693,-14.865885804680051
-5.866427378677978,0.2601982122050309,-0.058664273786779776,-17.04309706429185,-15.206532225609648
-5.866427378677978,0.26390852408204174,-0.058664273786779776,-17.5326166348141,-15.569132652787383
-5.866427378677978,0.26761883595905256,-0.058664273786779776,-18.02906712284146,-15.956588117838969
-5.866427378677978,0.27132914783606343,-0.058664273786779776,-18.532448528373934,-16.37182845622929
-5.866427378677978,0.27503945971307425,-0.058664273786779776,-19.042760851411508,-16.81772518280599
-5.866427378677978,0.27874977159008507,-0.058664273786779776,-19.560004091954184,-17.29697904602058
-5.866427378677978,0.28246008346709595,-0.058664273786779776,-20.084178250001976,-17.811981432794656
-5.866427378677978,0.28617039534410676,-0.058664273786779776,-20.615283325554863,-18.364651408134144
-5.866427378677978,0.28988070722111764,-0.058664273786779776,-21.153319318612866,-18.956253813829864
-5.866427378677978,0.29359101909812846,-0.058664273786779776,-21.698286229175967,-19.587208376360852
-5.866427378677978,0.2973013309751393,-0.058664273786779776,-22.250184057244173,-20.256904740109
-5.866427378677978,0.30101164285215015,-0.058664273786779776,-22.809012802817495,-20.963542939346848
-5.866427378677978,0.30472195472916097,-0.058664273786779776,-23.37477246589591,-21.70402190969995
-4.478550527208943,0.011607316445304631,-0.04478550527208944,-0.033541939204151765,-0.41950188227122975
-4.478550527208943,0.015317628322315471,-0.04478550527208944,-0.05841273924939211,-0.4818829967297531
-4.478550527208943,0.01902794019932631,-0.04478550527208944,-0.09013803244921754,-0.5484045512330638
-4.478550527208943,0.02273825207633715,-0.04478550527208944,-0.1287178188036281,-0.6193223692108281
-4.478550527208943,0.02644856395334799,-0.04478550527208944,-0.17415209831262377,-0.6949006511671514
-4.478550527208943,0.03015887583035883,-0.04478550527208944,-0.22644087097620452,-0.7754109896289276
-4.478550527208943,0.03386918770736967,-0.04478550527208944,-0.28558413679437045,-0.8611311360949205
-4.478550527208943,0.03757949958438051,-0.04478550527208944,-0.3515818957671214,-0.9523434964951805
-4.478550527208943,0.04128981146139135,-0.04478550527208944,-0.4244341478944575,-1.0493333332696073
-4.478550527208943,0.04500012333840219,-0.04478550527208944,-0.5041408931763787,-1.1523866548435282
-4.478550527208943,0.04871043521541303,-0.04478550527208944,-0.590702131612885,-1.2617877771953303
-4.478550527208943,0.05242074709242387,-0.04478550527208944,-0.6841178632039764,-1.3778165475456232
-4.478550527208943,0.05613105896943471,-0.04478550527208944,-0.7843880879496529,-1.5007452270947494
-4.478550527208943,0.05984137084644555,-0.04478550527208944,-0.8915128058499144,-1.6308350383032715
-4.478550527208943,0.06355168272345639,-0.04478550527208944,-1.0054920169047612,-1.7683323924953966
-4.478550527208943,0.06726199460046722,-0.04478550527208944,-1.1263257211141926,-1.9134648255380844
-4.478550527208943,0.07097230647747807,-0.04478550527208944,-1.2540139184782098,-2.0664366828750964
-4.478550527208943,0.0746826183544889,-0.04478550527208944,-1.3885566089968115,-2.2274246100210195
-4.478550527208943,0.07839293023149975,-0.04478550527208944,-1.5299537926699989,-2.396572920350157
-4.478550527208943,0.08210324210851058,-0.04478550527208944,-1.6782054694977708,-2.5739889281024566
-4.478550527208943,0.08581355398552143,-0.04478550527208944,-1.8333116394801285,-2.7597383502739197
-4.478550527208943,0.08952386586253226,-0.04478550527208944,-1.9952723026170707,-2.9538408956183475
-4.478550527208943,0.09323417773954311,-0.04478550527208944,-2.164087458908598,-3.156266171401691
-4.478550527208943,0.09694448961655394,-0.04478550527208944,-2.339757108354711,-3.366930047784133
-4.478550527208943,0.10065480149356479,-0.04478550527208944,-2.5222812509554084,-3.5856916247122843
-4.478550527208943,0.10436511337057562,-0.04478550527208944,-2.7116598867106916,-3.8123509460019225
-4.478550527208943,0.10807542524758647,-0.04478550527208944,-2.9078930156205596,-4.046647599053637
-4.478550527208943,0.1117857371245973,-0.04478550527208944,-3.110980637685012,-4.288260325792961
-4.478550527208943,0.11549604900160815,-0.04478550527208944,-3.3209227529040506,-4.536807750731844
-4.478550527208943,0.11920636087861898,-0.04478550527208944,-3.5377193612776736,-4.7918503056989845
-4.478550527208943,0.12291667275562983,-0.04478550527208944,-3.7613704628058824,-5.052893398449974
-4.478550527208943,0.12662698463264066,-0.04478550527208944,-3.9918760574886756,-5.319391835204058
-4.478550527208943,0.1303372965096515,-0.04478550527208944,-4.2292361453260545,-5.590755466786824
-4.478550527208943,0.13404760838666235,-0.04478550527208944,-4.473450726318019,-5.866355986503766
-4.478550527208943,0.13775792026367317,-0.04478550527208944,-4.7245198004645665,-6.1455347674116885
-4.478550527208943,0.14146823214068402,-0.04478550527208944,-4.9824433677657005,-6.427611589684547
-4.478550527208943,0.14517854401769487,-0.04478550527208944,-5.247221428221419,-6.711894077603093
-4.478550527208943,0.1488888558947057,-0.04478550527208944,-5.518853981831724,-6.997687642382145
-4.478550527208943,0.15259916777171653,-0.04478550527208944,-5.797341028596612,-7.284305713190378
-4.478550527208943,0.15630947964872738,-0.04478550527208944,-6.082682568516087,-7.5710800353385785
-4.478550527208943,0.16001979152573823,-0.04478550527208944,-6.374878601590146,-7.857370822063542
-4.478550527208943,0.16373010340274907,-0.04478550527208944,-6.673929127818791,-8.14257656426793
-4.478550527208943,0.1674404152797599,-0.04478550527208944,-6.979834147202019,-8.426143329979743
-4.478550527208943,0.17115072715677074,-0.04478550527208944,-7.292593659739834,-8.707573420591466
-4.478550527208943,0.17486103903378158,-0.04478550527208944,-7.612207665432235,-8.986433292126911
-4.478550527208943,0.17857135091079243,-0.04478550527208944,-7.93867616427922,-9.262360694602668
-4.478550527208943,0.18228166278780325,-0.04478550527208944,-8.27199915628079,-9.535071028663305
-4.478550527208943,0.1859919746648141,-0.04478550527208944,-8.612176641436944,-9.804362963811078
-4.478550527208943,0.18970228654182494,-0.04478550527208944,-8.959208619747686,-10.070123404669065
-4.478550527208943,0.1934125984188358,-0.04478550527208944,-9.313095091213013,-10.332331929041917
-4.478550527208943,0.1971229102958466,-0.04478550527208944,-9.67383605583292,-10.591064852618883
-4.478550527208943,0.20083322217285746,-0.04478550527208944,-10.041431513607415,-10.846499098831185
-4.478550527208943,0.2045435340498683,-0.04478550527208944,-10.415881464536497,-11.098916067666242
-4.478550527208943,0.20825384592687915,-0.04478550527208944,-10.797185908620165,-11.348705703259002
-4.478550527208943,0.21196415780388997,-0.04478550527208944,-11.185344845858413,-11.596370955830766
-4.478550527208943,0.21567446968090082,-0.04478550527208944,-11.58035827625125,-11.842532817728292
-4.478550527208943,0.21938478155791166,-0.04478550527208944,-11.98222619979867,-12.087936084103905
-4.478550527208943,0.2230950934349225,-0.04478550527208944,-12.390948616500676,-12.33345594358584
-4.478550527208943,0.22680540531193333,-0.04478550527208944,-12.806525526357266,-12.580105439559842
-4.478550527208943,0.23051571718894417,-0.04478550527208944,-13.228956929368444,-12.82904375370841
-4.478550527208943,0.23422602906595502,-0.04478550527208944,-13.658242825534206,-13.081585144282123
-4.478550527208943,0.23793634094296587,-0.04478550527208944,-14.094383214854552,-13.339208215092828
-4.478550527208943,0.2416466528199767,-0.04478550527208944,-14.537378097329482,-13.603564989476942
-4.478550527208943,0.24535696469698753,-0.04478550527208944,-14.987227472959,-13.876489008491147
-4.478550527208943,0.24906727657399838,-0.04478550527208944,-15.443931341743102,-14.160001357769671
-4.478550527208943,0.2527775884510092,-0.04478550527208944,-15.907489703681792,-14.456313149940888
-4.478550527208943,0.25648790032802005,-0.04478550527208944,-16.37790255877506,-14.767822553778336
-4.478550527208943,0.2601982122050309,-0.04478550527208944,-16.855169907022923,-15.097103984323036
-4.478550527208943,0.26390852408204174,-0.04478550527208944,-17.33929174842536,-15.446886586211372
-4.478550527208943,0.26761883595905256,-0.04478550527208944,-17.830268082982386,-15.820018718636941
-4.478550527208943,0.27132914783606343,-0.04478550527208944,-18.328098910694003,-16.219414883151114
-4.478550527208943,0.27503945971307425,-0.04478550527208944,-18.8327842315602,-16.64798156402387
-4.478550527208943,0.27874977159008507,-0.04478550527208944,-19.34432404558098,-17.108518954202882
-4.478550527208943,0.28246008346709595,-0.04478550527208944,-19.862718352756353,-17.60359672359827
-4.478550527208943,0.28617039534410676,-0.04478550527208944,-20.3879671530863,-18.135404049548196
-4.478550527208943,0.28988070722111764,-0.04478550527208944,-20.920070446570843,-18.705577205774233
-4.478550527208943,0.29359101909812846,-0.04478550527208944,-21.459028233209963,-19.31501207964866
-4.478550527208943,0.2973013309751393,-0.04478550527208944,-22.00484051300367,-19.96367379134434
-4.478550527208943,0.30101164285215015,-0.04478550527208944,-22.557507285951967,-20.650420517504894
-4.478550527208943,0.30472195472916097,-0.04478550527208944,-23.117028552054844,-21.372862706129464
-3.0906736757399096,0.011607316445304631,-0.030906736757399095,-0.03316796247661389,-0.43286861861912884
-3.0906736757399096,0.015317628322315471,-0.030906736757399095,-0.057761464886927495,-0.49552434798805756
-3.0906736757399096,0.01902794019932631,-0.030906736757399095,-0.08913303610130548,-0.5622970996753707
-3.0906736757399096,0.02273825207633715,-0.030906736757399095,-0.12728267611974786,-0.6334382485520709
-3.0906736757399096,0.02644856395334799,-0.030906736757399095,-0.17221038494225466,-0.709207177941392
-3.0906736757399096,0.03015887583035883,-0.030906736757399095,-0.22391616256882582,-0.7898703016131647
-3.0906736757399096,0.03386918770736967,-0.030906736757399095,-0.28240000899946144,-0.875699846372656
-3.0906736757399096,0.03757949958438051,-0.030906736757399095,-0.34766192423416137,-0.9669723732453095
-3.0906736757399096,0.04128981146139135,-0.030906736757399095,-0.41970190827292575,-1.0639670168843374
-3.0906736757399096,0.04500012333840219,-0.030906736757399095,-0.4985199611157545,-1.1669634254656942
-3.0906736757399096,0.04871043521541303,-0.030906736757399095,-0.5841160827626476,-1.2762393871474718
-3.0906736757399096,0.05242074709242387,-0.030906736757399095,-0.6764902732136052,-1.3920681343107857
-3.0906736757399096,0.05613105896943471,-0.030906736757399095,-0.775642532468627,-1.5147153233966093
-3.0906736757399096,0.05984137084644555,-0.030906736757399095,-0.8815728605277133,-1.6444356963006186
-3.0906736757399096,0.06355168272345639,-0.030906736757399095,-0.9942812573908641,-1.7814694390236459
-3.0906736757399096,0.06726199460046722,-0.030906736757399095,-1.113767723058079,-1.9260382645617726
-3.0906736757399096,0.07097230647747807,-0.030906736757399095,-1.2400322575293585,-2.078341259728861
-3.0906736757399096,0.0746826183544889,-0.030906736757399095,-1.3730748608047023,-2.23855054949163
-3.0906736757399096,0.07839293023149975,-0.030906736757399095,-1.5128955328841107,-2.4068068470953055
-3.0906736757399096,0.08210324210851058,-0.030906736757399095,-1.659494273767583,-2.5832149732578515
-3.0906736757399096,0.08581355398552143,-0.030906736757399095,-1.8128710834551205,-2.7678394423674852
-3.0906736757399096,0.08952386586253226,-0.030906736757399095,-1.9730259619467216,-2.960700227157255
-3.0906736757399096,0.09323417773954311,-0.030906736757399095,-2.1399589092423876,-3.1617688248703764
-3.0906736757399096,0.09694448961655394,-0.030906736757399095,-2.3136699253421176,-3.3709647565268197
-3.0906736757399096,0.10065480149356479,-0.030906736757399095,-2.4941590102459124,-3.58815263559685
-3.0906736757399096,0.10436511337057562,-0.030906736757399095,-2.681426163953771,-3.813139942283592
-3.0906736757399096,0.10807542524758647,-0.030906736757399095,-2.875471386465695,-4.045675633956018
-3.0906736757399096,0.1117857371245973,-0.030906736757399095,-3.076294677781682,-4.285449710522622
-3.0906736757399096,0.11549604900160815,-0.030906736757399095,-3.283896037901735,-4.532093835471445
-3.0906736757399096,0.11920636087861898,-0.030906736757399095,-3.4982754668258513,-4.785183089079659
-3.0906736757399096,0.12291667275562983,-0.030906736757399095,-3.7194329645540325,-5.044238900502288
-3.0906736757399096,0.12662698463264066,-0.030906736757399095,-3.9473685310862776,-5.308733171115101
-3.0906736757399096,0.1303372965096515,-0.030906736757399095,-4.182082166422587,-5.578093564069112
-3.0906736757399096,0.13404760838666235,-0.030906736757399095,-4.423573870562962,-5.851709896327885
-3.0906736757399096,0.13775792026367317,-0.030906736757399095,-4.671843643507399,-6.128941531574109
-3.0906736757399096,0.14146823214068402,-0.030906736757399095,-4.926891485255903,-6.409125637471577
-3.0906736757399096,0.14517854401769487,-0.030906736757399095,-5.18871739580847,-6.691586140983802
-3.0906736757399096,0.1488888558947057,-0.030906736757399095,-5.457321375165102,-6.975643192691244
-3.0906736757399096,0.15259916777171653,-0.030906736757399095,-5.732703423325797,-7.260622936845193
-3.0906736757399096,0.15630947964872738,-0.030906736757399095,-6.014863540290558,-7.545867379263074
-3.0906736757399096,0.16001979152573823,-0.030906736757399095,-6.303801726059383,-7.830744150525916
-3.0906736757399096,0.16373010340274907,-0.030906736757399095,-6.599517980632274,-8.114655977071266
-3.0906736757399096,0.1674404152797599,-0.030906736757399095,-6.902012304009225,-8.397049696859503
-3.0906736757399096,0.17115072715677074,-0.030906736757399095,-7.211284696190243,-8.677424687982558
-3.0906736757399096,0.17486103903378158,-0.030906736757399095,-7.527335157175327,-8.955340616116585
-3.0906736757399096,0.17857135091079243,-0.030906736757399095,-7.850163686964474,-9.230424448077049
-3.0906736757399096,0.18228166278780325,-0.030906736757399095,-8.179770285557684,-9.502376721789275
-3.0906736757399096,0.1859919746648141,-0.030906736757399095,-8.51615495295496,-9.770977105657648
-3.0906736757399096,0.18970228654182494,-0.030906736757399095,-8.8593176891563,-10.036089320686367
-3.0906736757399096,0.1934125984188358,-0.030906736757399095,-9.209258494161705,-10.297665535103633
-3.0906736757399096,0.1971229102958466,-0.030906736757399095,-9.565977367971174,-10.555750372282391
-3.0906736757399096,0.20083322217285746,-0.030906736757399095,-9.929474310584705,-10.81048469731633
-3.0906736757399096,0.2045435340498683,-0.030906736757399095,-10.299749322002304,-11.06210936478463
-3.0906736757399096,0.20825384592687915,-0.030906736757399095,-10.676802402223966,-11.310969119202094
-3.0906736757399096,0.21196415780388997,-0.030906736757399095,-11.06063355124969,-11.557516839528068
-3.0906736757399096,0.21567446968090082,-0.030906736757399095,-11.451242769079483,-11.802318308786967
-3.0906736757399096,0.21938478155791166,-0.030906736757399095,-11.84863005571334,-12.04605766778499
-3.0906736757399096,0.2230950934349225,-0.030906736757399095,-12.252795411151258,-12.289543675884739
-3.0906736757399096,0.22680540531193333,-0.030906736757399095,-12.66373883539324,-12.533716848742507
-3.0906736757399096,0.23051571718894417,-0.030906736757399095,-13.08146032843929,-12.779657468673424
-3.0906736757399096,0.23422602906595502,-0.030906736757399095,-13.505959890289402,-13.028594362536703
-3.0906736757399096,0.23793634094296587,-0.030906736757399095,-13.937237520943581,-13.281914208148288
-3.0906736757399096,0.2416466528199767,-0.030906736757399095,-14.37529322040182,-13.541170955605576
-3.0906736757399096,0.24535696469698753,-0.030906736757399095,-14.820126988664127,-13.808094726392126
-3.0906736757399096,0.24906727657399838,-0.030906736757399095,-15.271738825730498,-14.084599273069243
-3.0906736757399096,0.2527775884510092,-0.030906736757399095,-15.730128731600935,-14.372786740422363
-3.0906736757399096,0.25648790032802005,-0.030906736757399095,-16.19529670627543,-14.6749480649783
-3.0906736757399096,0.2601982122050309,-0.030906736757399095,-16.667242749754,-14.99355689315357
-3.0906736757399096,0.26390852408204174,-0.030906736757399095,-17.145966862036623,-15.331254413531038
-3.0906736757399096,0.26761883595905256,-0.030906736757399095,-17.63146904312331,-15.69082203311209
-3.0906736757399096,0.27132914783606343,-0.030906736757399095,-18.123749293014072,-16.07513845890534
-3.0906736757399096,0.27503945971307425,-0.030906736757399095,-18.622807611708893,-16.487117591149087
-3.0906736757399096,0.27874977159008507,-0.030906736757399095,-19.128643999207775,-16.92962385070177
-3.0906736757399096,0.28246008346709595,-0.030906736757399095,-19.64125845551073,-17.405362344590788
-3.0906736757399096,0.28617039534410676,-0.030906736757399095,-20.16065098061774,-17.91674282911316
-3.0906736757399096,0.28988070722111764,-0.030906736757399095,-20.686821574528825,-18.46571893881051
-3.0906736757399096,0.29359101909812846,-0.030906736757399095,-21.219770237243964,-19.053607691536996
-3.0906736757399096,0.2973013309751393,-0.030906736757399095,-21.75949696876317,-19.680898739579295
-3.0906736757399096,0.30101164285215015,-0.030906736757399095,-22.306001769086446,-20.347067804880833
-3.0906736757399096,0.30472195472916097,-0.030906736757399095,-22.85928463821378,-21.050413441005503
-1.7027968242708753,0.011607316445304631,-0.017027968242708753,-0.03279398574907601,-0.44648100113117994
-1.7027968242708753,0.015317628322315471,-0.017027968242708753,-0.057110190524462874,-0.5094095273286792
-1.7027968242708753,0.01902794019932631,-0.017027968242708753,-0.08812803975339341,-0.5764311053813254
-1.7027968242708753,0.02273825207633715,-0.017027968242708753,-0.1258475334358676,-0.6477926892844645
-1.7027968242708753,0.02644856395334799,-0.017027968242708753,-0.17026867157188552,-0.7237488854236314
-1.7027968242708753,0.03015887583035883,-0.017027968242708753,-0.2213914541614471,-0.8045609827153171
-1.7027968242708753,0.03386918770736967,-0.017027968242708753,-0.27921588120455243,-0.8904957517552119
-1.7027968242708753,0.03757949958438051,-0.017027968242708753,-0.34374195270120134,-0.9818239923897281
-1.7027968242708753,0.04128981146139135,-0.017027968242708753,-0.414969668651394,-1.0788188107690475
-1.7027968242708753,0.04500012333840219,-0.017027968242708753,-0.4928990290551303,-1.1817536095391614
-1.7027968242708753,0.04871043521541303,-0.017027968242708753,-0.5775300339124103,-1.2908997785341945
-1.7027968242708753,0.05242074709242387,-0.017027968242708753,-0.668862683223234,-1.4065240782765955
-1.7027968242708753,0.05613105896943471,-0.017027968242708753,-0.7668969769876013,-1.5288857148970472
-1.7027968242708753,0.05984137084644555,-0.017027968242708753,-0.8716329152055122,-1.6582331128279555
-1.7027968242708753,0.06355168272345639,-0.017027968242708753,-0.983070497876967,-1.794800400832706
-1.7027968242708753,0.06726199460046722,-0.017027968242708753,-1.1012097250019652,-1.9388036375670663
-1.7027968242708753,0.07097230647747807,-0.017027968242708753,-1.2260505965805073,-2.090436814803103
-1.7027968242708753,0.0746826183544889,-0.017027968242708753,-1.3575931126125929,-2.2498676894493954
-1.7027968242708753,0.07839293023149975,-0.017027968242708753,-1.4958372730982223,-2.4172335092305723
-1.7027968242708753,0.08210324210851058,-0.017027968242708753,-1.6407830780373953,-2.5926367108714024
-1.7027968242708753,0.08581355398552143,-0.017027968242708753,-1.7924305274301124,-2.77614068327281
-1.7027968242708753,0.08952386586253226,-0.017027968242708753,-1.9507796212763726,-2.9677657007554443
-1.7027968242708753,0.09323417773954311,-0.017027968242708753,-2.1158303595761767,-3.1674851421761496
-1.7027968242708753,0.09694448961655394,-0.017027968242708753,-2.2875827423295245,-3.375222119727981
-1.7027968242708753,0.10065480149356479,-0.017027968242708753,-2.4660367695364163,-3.5908466456420567
-1.7027968242708753,0.10436511337057562,-0.017027968242708753,-2.651192441196851,-3.814173464997949
-1.7027968242708753,0.10807542524758647,-0.017027968242708753,-2.84304975731083,-4.044960677723478
-1.7027968242708753,0.1117857371245973,-0.017027968242708753,-3.0416087178783524,-4.282909262132074
-1.7027968242708753,0.11549604900160815,-0.017027968242708753,-3.246869322899419,-4.527663595790666
-1.7027968242708753,0.11920636087861898,-0.017027968242708753,-3.4588315723740286,-4.778813047260187
-1.7027968242708753,0.12291667275562983,-0.017027968242708753,-3.6774954663021826,-5.035894684817181
-1.7027968242708753,0.12662698463264066,-0.017027968242708753,-3.9028610046838796,-5.298397116564772
-1.7027968242708753,0.1303372965096515,-0.017027968242708753,-4.134928187519121,-5.565765441678795
-1.7027968242708753,0.13404760838666235,-0.017027968242708753,-4.373697014807906,-5.837407256542491
-1.7027968242708753,0.13775792026367317,-0.017027968242708753,-4.619167486550233,-6.11269962407653
-1.7027968242708753,0.14146823214068402,-0.017027968242708753,-4.871339602746105,-6.390996881658536
-1.7027968242708753,0.14517854401769487,-0.017027968242708753,-5.130213363395521,-6.671639134607705
-1.7027968242708753,0.1488888558947057,-0.017027968242708753,-5.39578876849848,-6.953961260064984
-1.7027968242708753,0.15259916777171653,-0.017027968242708753,-5.668065818054982,-7.237302231676953
-1.7027968242708753,0.15630947964872738,-0.017027968242708753,-5.9470445120650295,-7.521014569795154
-1.7027968242708753,0.16001979152573823,-0.017027968242708753,-6.232724850528621,-7.804473725402914
-1.7027968242708753,0.16373010340274907,-0.017027968242708753,-6.525106833445755,-8.087087218578894
-1.7027968242708753,0.1674404152797599,-0.017027968242708753,-6.824190460816431,-8.368303373347874
-1.7027968242708753,0.17115072715677074,-0.017027968242708753,-7.129975732640653,-8.64761951910559
-1.7027968242708753,0.17486103903378158,-0.017027968242708753,-7.442462648918419,-8.924589562898905
-1.7027968242708753,0.17857135091079243,-0.017027968242708753,-7.761651209649727,-9.19883087489218
-1.7027968242708753,0.18228166278780325,-0.017027968242708753,-8.087541414834579,-9.470030469433302
-1.7027968242708753,0.1859919746648141,-0.017027968242708753,-8.420133264472975,-9.737950504337062
-1.7027968242708753,0.18970228654182494,-0.017027968242708753,-8.759426758564915,-10.00243315954691
-1.7027968242708753,0.1934125984188358,-0.017027968242708753,-9.1054218971104,-10.26340499164592
-1.7027968242708753,0.1971229102958466,-0.017027968242708753,-9.458118680109425,-10.520880891442227
-1.7027968242708753,0.20083322217285746,-0.017027968242708753,-9.817517107561995,-10.774967796981969
-1.7027968242708753,0.2045435340498683,-0.017027968242708753,-10.183617179468111,-11.025868332973149
-1.7027968242708753,0.20825384592687915,-0.017027968242708753,-10.55641889582777,-11.273884558976706
-1.7027968242708753,0.21196415780388997,-0.017027968242708753,-10.93592225664097,-11.51942201206113
-1.7027968242708753,0.21567446968090082,-0.017027968242708753,-11.322127261907717,-11.762994223972518
-1.7027968242708753,0.21938478155791166,-0.017027968242708753,-11.715033911628007,-12.005227876931182
-1.7027968242708753,0.2230950934349225,-0.017027968242708753,-12.11464220580184,-12.246868734053894
-1.7027968242708753,0.22680540531193333,-0.017027968242708753,-12.520952144429213,-12.48878843747186
-1.7027968242708753,0.23051571718894417,-0.017027968242708753,-12.933963727510134,-12.731992205847147
-1.7027968242708753,0.23422602906595502,-0.017027968242708753,-13.3536769550446,-12.977627378425181
-1.7027968242708753,0.23793634094296587,-0.017027968242708753,-13.780091827032608,-13.226992639006612
-1.7027968242708753,0.2416466528199767,-0.017027968242708753,-14.213208343474157,-13.481547603115793
-1.7027968242708753,0.24535696469698753,-0.017027968242708753,-14.653026504369253,-13.74292225715991
-1.7027968242708753,0.24906727657399838,-0.017027968242708753,-15.099546309717892,-14.012925491346078
-1.7027968242708753,0.2527775884510092,-0.017027968242708753,-15.552767759520078,-14.293551661593904
-1.7027968242708753,0.25648790032802005,-0.017027968242708753,-16.012690853775798,-14.586983746139557
-1.7027968242708753,0.2601982122050309,-0.017027968242708753,-16.479315592485076,-14.895591233375809
-1.7027968242708753,0.26390852408204174,-0.017027968242708753,-16.952641975647882,-15.221920403968205
-1.7027968242708753,0.26761883595905256,-0.017027968242708753,-17.43267000326424,-15.568674186102388
-1.7027968242708753,0.27132914783606343,-0.017027968242708753,-17.919399675334144,-15.938678327819055
-1.7027968242708753,0.27503945971307425,-0.017027968242708753,-18.412830991857586,-16.334830339201943
-1.7027968242708753,0.27874977159008507,-0.017027968242708753,-18.91296395283457,-16.76002764474628
-1.7027968242708753,0.28246008346709595,-0.017027968242708753,-19.419798558265107,-17.217071828408418
-1.7027968242708753,0.28617039534410676,-0.017027968242708753,-19.93333480814918,-17.70854695569889
-1.7027968242708753,0.28988070722111764,-0.017027968242708753,-20.453572702486806,-18.23667192245385
-1.7027968242708753,0.29359101909812846,-0.017027968242708753,-20.980512241277964,-18.80312975505844
-1.7027968242708753,0.2973013309751393,-0.017027968242708753,-21.514153424522668,-19.408880778187964
-1.7027968242708753,0.30101164285215015,-0.017027968242708753,-22.054496252220925,-20.05397133901323
-1.7027968242708753,0.30472195472916097,-0.017027968242708753,-22.601540724372715,-20.737354763759292
-0.3149199728018411,0.011607316445304631,-0.003149199728018411,-0.03242000902153813,-0.46034040901023765
-0.3149199728018411,0.015317628322315471,-0.003149199728018411,-0.05645891616199826,-0.523539581883957
-0.3149199728018411,0.01902794019932631,-0.003149199728018411,-0.08712304340548134,-0.5908072712100956
-0.3149199728018411,0.02273825207633715,-0.003149199728018411,-0.12441239075198737,-0.6623860395265244
-0.3149199728018411,0.02644856395334799,-0.003149199728018411,-0.1683269582015164,-0.7385257583142804
-0.3149199728018411,0.03015887583035883,-0.003149199728018411,-0.2188667457540684,-0.8194826473371601
-0.3149199728018411,0.03386918770736967,-0.003149199728018411,-0.2760317534096434,-0.9055180912164076
-0.3149199728018411,0.03757949958438051,-0.003149199728018411,-0.3398219811682413,-0.9968972139952599
-0.3149199728018411,0.04128981146139135,-0.003149199728018411,-0.4102374290298622,-1.093887194099223
-0.3149199728018411,0.04500012333840219,-0.003149199728018411,-0.4872780969945061,-1.1967553046521089
-0.3149199728018411,0.04871043521541303,-0.003149199728018411,-0.5709439850621729,-1.3057666677001754
-0.3149199728018411,0.05242074709242387,-0.003149199728018411,-0.6612350932328628,-1.421181715650568
-0.3149199728018411,0.05613105896943471,-0.003149199728018411,-0.7581514215065756,-1.5432533592482578
-0.3149199728018411,0.05984137084644555,-0.003149199728018411,-0.8616929698833112,-1.6722238687666615
-0.3149199728018411,0.06355168272345639,-0.003149199728018411,-0.9718597383630699,-1.808321483791104
-0.3149199728018411,0.06726199460046722,-0.003149199728018411,-1.0886517269458513,-1.951756776988148
-0.3149199728018411,0.07097230647747807,-0.003149199728018411,-1.212068935631656,-2.102718808455045
-0.3149199728018411,0.0746826183544889,-0.003149199728018411,-1.3421113644204836,-2.26137111941508
-0.3149199728018411,0.07839293023149975,-0.003149199728018411,-1.4787790133123342,-2.4278476268441764
-0.3149199728018411,0.08210324210851058,-0.003149199728018411,-1.6220718823072076,-2.602248493645946
-0.3149199728018411,0.08581355398552143,-0.003149199728018411,-1.7719899714051044,-2.784636061687424
-0.3149199728018411,0.08952386586253226,-0.003149199728018411,-1.9285332806060236,-2.9750309467129563
-0.3149199728018411,0.09323417773954311,-0.003149199728018411,-2.0917018099099662,-3.1734084041305453
-0.3149199728018411,0.09694448961655394,-0.003149199728018411,-2.2614955593169315,-3.379695082123959
-0.3149199728018411,0.10065480149356479,-0.003149199728018411,-2.4379145288269197,-3.5937662826852903
-0.3149199728018411,0.10436511337057562,-0.003149199728018411,-2.620958718439931,-3.8154438512378057
-0.3149199728018411,0.10807542524758647,-0.003149199728018411,-2.8106281281559657,-4.044494810888404
-0.3149199728018411,0.1117857371245973,-0.003149199728018411,-3.0069227579750226,-4.280630847559309
-0.3149199728018411,0.11549604900160815,-0.003149199728018411,-3.209842607897103,-4.523508737090577
-0.3149199728018411,0.11920636087861898,-0.003149199728018411,-3.4193876779222063,-4.772731784980483
-0.3149199728018411,0.12291667275562983,-0.003149199728018411,-3.6355579680503327,-5.027852324187454
-0.3149199728018411,0.12662698463264066,-0.003149199728018411,-3.8583534782814817,-5.288375287167298
-0.3149199728018411,0.1303372965096515,-0.003149199728018411,-4.087774208615653,-5.553762836228655
-0.3149199728018411,0.13404760838666235,-0.003149199728018411,-4.3238201590528496,-5.82344000282614
-0.3149199728018411,0.13775792026367317,-0.003149199728018411,-4.566491329593066,-6.096801253270203
-0.3149199728018411,0.14146823214068402,-0.003149199728018411,-4.815787720236308,-6.373217867325081
-0.3149199728018411,0.14517854401769487,-0.003149199728018411,-5.071709330982571,-6.65204598909353
-0.3149199728018411,0.1488888558947057,-0.003149199728018411,-5.334256161831859,-6.93263518810028
-0.3149199728018411,0.15259916777171653,-0.003149199728018411,-5.603428212784168,-7.214337353957694
-0.3149199728018411,0.15630947964872738,-0.003149199728018411,-5.879225483839501,-7.496515741410327
-0.3149199728018411,0.16001979152573823,-0.003149199728018411,-6.161647974997858,-7.778553984417789
-0.3149199728018411,0.16373010340274907,-0.003149199728018411,-6.450695686259237,-8.059864908247384
-0.3149199728018411,0.1674404152797599,-0.003149199728018411,-6.746368617623636,-8.339898986800812
-0.3149199728018411,0.17115072715677074,-0.003149199728018411,-7.048666769091062,-8.618152317627372
-0.3149199728018411,0.17486103903378158,-0.003149199728018411,-7.357590140661511,-8.89417401794131
-0.3149199728018411,0.17857135091079243,-0.003149199728018411,-7.673138732334981,-9.167572979863936
-0.3149199728018411,0.18228166278780325,-0.003149199728018411,-7.995312544111474,-9.438023960318313
-0.3149199728018411,0.1859919746648141,-0.003149199728018411,-8.32411157599099,-9.705273018766226
-0.3149199728018411,0.18970228654182494,-0.003149199728018411,-8.659535827973531,-9.969142352642406
-0.3149199728018411,0.1934125984188358,-0.003149199728018411,-9.001585300059094,-10.229534614430392
-0.3149199728018411,0.1971229102958466,-0.003149199728018411,-9.350259992247677,-10.486436824583963
-0.3149199728018411,0.20083322217285746,-0.003149199728018411,-9.705559904539285,-10.739924019899284
-0.3149199728018411,0.2045435340498683,-0.003149199728018411,-10.067485036933919,-10.990162796655815
-0.3149199728018411,0.20825384592687915,-0.003149199728018411,-10.436035389431574,-11.237414921158672
-0.3149199728018411,0.21196415780388997,-0.003149199728018411,-10.811210962032249,-11.482041186537344
-0.3149199728018411,0.21567446968090082,-0.003149199728018411,-11.19301175473595,-11.724505692968057
-0.3149199728018411,0.21938478155791166,-0.003149199728018411,-11.581437767542676,-11.965380717778562
-0.3149199728018411,0.2230950934349225,-0.003149199728018411,-11.976489000452421,-12.205352320582692
-0.3149199728018411,0.22680540531193333,-0.003149199728018411,-12.378165453465188,-12.445226794416818
-0.3149199728018411,0.23051571718894417,-0.003149199728018411,-12.78646712658098,-12.685938023677569
-0.3149199728018411,0.23422602906595502,-0.003149199728018411,-13.201394019799796,-12.928555739296884
-0.3149199728018411,0.23793634094296587,-0.003149199728018411,-13.622946133121635,-13.174294565649037
-0.3149199728018411,0.2416466528199767,-0.003149199728018411,-14.051123466546494,-13.424523625552867
-0.3149199728018411,0.24535696469698753,-0.003149199728018411,-14.48592602007438,-13.680776301727253
-0.3149199728018411,0.24906727657399838,-0.003149199728018411,-14.927353793705288,-13.944759536895011
-0.3149199728018411,0.2527775884510092,-0.003149199728018411,-15.37540678743922,-14.21836178249204
-0.3149199728018411,0.25648790032802005,-0.003149199728018411,-15.830085001276169,-14.503658371781237
-0.3149199728018411,0.2601982122050309,-0.003149199728018411,-16.291388435216152,-14.8029126960752
-0.3149199728018411,0.26390852408204174,-0.003149199728018411,-16.759317089259145,-15.118571110635541
-0.3149199728018411,0.26761883595905256,-0.003149199728018411,-17.233870963405163,-15.453249012139405
-0.3149199728018411,0.27132914783606343,-0.003149199728018411,-17.715050057654214,-15.809705056729003
-0.3149199728018411,0.27503945971307425,-0.003149199728018411,-18.202854372006282,-16.19080010102209
-0.3149199728018411,0.27874977159008507,-0.003149199728018411,-18.69728390646137,-16.599437260291626
-0.3149199728018411,0.28246008346709595,-0.003149199728018411,-19.198338661019488,-17.03847964255014
-0.3149199728018411,0.28617039534410676,-0.003149199728018411,-19.706018635680618,-17.51064302656996
-0.3149199728018411,0.28988070722111764,-0.003149199728018411,-20.220323830444784,-18.01836221674387
-0.3149199728018411,0.29359101909812846,-0.003149199728018411,-20.741254245311964,-18.56363221639479
-0.3149199728018411,0.2973013309751393,-0.003149199728018411,-21.268809880282166,-19.147828810869797
-0.3149199728018411,0.30101164285215015,-0.003149199728018411,-21.8029907353554,-19.771517555242372
-0.3149199728018411,0.30472195472916097,-0.003149199728018411,-22.34379681053165,-20.43426514484455
1.0729568786671932,0.011607316445304631,0.010729568786671933,-0.03204603229400026,-0.47444810016520567
1.0729568786671932,0.015317628322315471,0.010729568786671933,-0.05580764179953363,-0.5379154348422173
1.0729568786671932,0.01902794019932631,0.010729568786671933,-0.08611804705756924,-0.6054261740540436
1.0729568786671932,0.02273825207633715,0.010729568786671933,-0.12297724806810711,-0.6772185200565457
1.0729568786671932,0.02644856395334799,0.010729568786671933,-0.16638524483114728,-0.7535376532566329
1.0729568786671932,0.03015887583035883,0.010729568786671933,-0.21634203734668966,-0.8346347817539712
1.0729568786671932,0.03386918770736967,0.010729568786671933,-0.27284762561473436,-0.9207659761555385
1.0729568786671932,0.03757949958438051,0.010729568786671933,-0.3359020096352813,-1.0121907716838523
1.0729568786671932,0.04128981146139135,0.010729568786671933,-0.4055051894083304,-1.1091705212513103
1.0729568786671932,0.04500012333840219,0.010729568786671933,-0.48165716493388183,-1.2119664856770447
1.0729568786671932,0.04871043521541303,0.010729568786671933,-0.5643579362119355,-1.320837650700497
1.0729568786671932,0.05242074709242387,0.010729568786671933,-0.6536075032424915,-1.4360382650094774
1.0729568786671932,0.05613105896943471,0.010729568786671933,-0.7494058660255496,-1.5578150992397752
1.0729568786671932,0.05984137084644555,0.010729568786671933,-0.85175302456111,-1.686404432877354
1.0729568786671932,0.06355168272345639,0.010729568786671933,-0.9606489788491728,-1.8220287842162826
1.0729568786671932,0.06726199460046722,0.010729568786671933,-1.0760937288897374,-1.9648934079501075
1.0729568786671932,0.07097230647747807,0.010729568786671933,-1.1980872746828048,-2.1151825954830614
1.0729568786671932,0.0746826183544889,0.010729568786671933,-1.3266296162283742,-2.2730558244361374
1.0729568786671932,0.07839293023149975,0.010729568786671933,-1.4617207535264458,-2.438643815790154
1.0729568786671932,0.08210324210851058,0.010729568786671933,-1.6033606865770196,-2.6120445692512235
1.0729568786671932,0.08581355398552143,0.010729568786671933,-1.7515494153800961,-2.7933194592372264
1.0729568786671932,0.08952386586253226,0.010729568786671933,-1.9062869399356743,-2.98248948476788
1.0729568786671932,0.09323417773954311,0.010729568786671933,-2.0675732602437553,-3.179531775820455
1.0729568786671932,0.09694448961655394,0.010729568786671933,-2.235408376304338,-3.38437646566602
1.0729568786671932,0.10065480149356479,0.010729568786671933,-2.409792288117423,-3.596904042598011
1.0729568786671932,0.10436511337057562,0.010729568786671933,-2.590724995683011,-3.8169432946201463
1.0729568786671932,0.10807542524758647,0.010729568786671933,-2.778206499001101,-4.044269956490657
1.0729568786671932,0.1117857371245973,0.010729568786671933,-2.9722367980716924,-4.278606159601187
1.0729568786671932,0.11549604900160815,0.010729568786671933,-3.172815892894787,-4.5196207713045204
1.0729568786671932,0.11920636087861898,0.010729568786671933,-3.379943783470383,-4.7669306915722185
1.0729568786671932,0.12291667275562983,0.010729568786671933,-3.5936204697984824,-5.020103151650359
1.0729568786671932,0.12662698463264066,0.010729568786671933,-3.8138459518790833,-5.27865903241047
1.0729568786671932,0.1303372965096515,0.010729568786671933,-4.040620229712186,-5.5420771904009065
1.0729568786671932,0.13404760838666235,0.010729568786671933,-4.273943303297792,-5.809799748512051
1.0729568786671932,0.13775792026367317,0.010729568786671933,-4.513815172635899,-6.081238277207351
1.0729568786671932,0.14146823214068402,0.010729568786671933,-4.760235837726509,-6.35578076308794
1.0729568786671932,0.14517854401769487,0.010729568786671933,-5.013205298569622,-6.632799235804459
1.0729568786671932,0.1488888558947057,0.010729568786671933,-5.2727235551652365,-6.911657903536575
1.0729568786671932,0.15259916777171653,0.010729568786671933,-5.538790607513352,-7.191721632724402
1.0729568786671932,0.15630947964872738,0.010729568786671933,-5.811406455613972,-7.472364600412808
1.0729568786671932,0.16001979152573823,0.010729568786671933,-6.090571099467094,-7.752978947996086
1.0729568786671932,0.16373010340274907,0.010729568786671933,-6.376284539072718,-8.032983273407377
1.0729568786671932,0.1674404152797599,0.010729568786671933,-6.668546774430841,-8.311830814504606
1.0729568786671932,0.17115072715677074,0.010729568786671933,-6.96735780554147,-8.589017198757698
1.0729568786671932,0.17486103903378158,0.010729568786671933,-7.272717632404602,-8.864087662183215
1.0729568786671932,0.17857135091079243,0.010729568786671933,-7.5846262550202335,-9.136643672392227
1.0729568786671932,0.18228166278780325,0.010729568786671933,-7.903083673388368,-9.406348925052445
1.0729568786671932,0.1859919746648141,0.010729568786671933,-8.228089887509006,-9.672934718426342
1.0729568786671932,0.18970228654182494,0.010729568786671933,-8.559644897382146,-9.93620474540285
1.0729568786671932,0.1934125984188358,0.010729568786671933,-8.897748703007787,-10.19603937520842
1.0729568786671932,0.1971229102958466,0.010729568786671933,-9.242401304385929,-10.452399526573004
1.0729568786671932,0.20083322217285746,0.010729568786671933,-9.593602701516575,-10.705330259554964
1.0729568786671932,0.2045435340498683,0.010729568786671933,-9.951352894399724,-10.954964233700837
1.0729568786671932,0.20825384592687915,0.010729568786671933,-10.315651883035375,-11.201525195063965
1.0729568786671932,0.21196415780388997,0.010729568786671933,-10.686499667423528,-11.445331663203548
1.0729568786671932,0.21567446968090082,0.010729568786671933,-11.063896247564182,-11.686800990923528
1.0729568786671932,0.21938478155791166,0.010729568786671933,-11.447841623457341,-11.926453963251271
1.0729568786671932,0.2230950934349225,0.010729568786671933,-11.838335795103001,-12.164920086666124
1.0729568786671932,0.22680540531193333,0.010729568786671933,-12.23537876250116,-12.402943692950616
1.0729568786671932,0.23051571718894417,0.010729568786671933,-12.638970525651825,-12.641390941558457
1.0729568786671932,0.23422602906595502,0.010729568786671933,-13.049111084554992,-12.881257746412931
1.0729568786671932,0.23793634094296587,0.010729568786671933,-13.465800439210662,-13.123678572775345
1.0729568786671932,0.2416466528199767,0.010729568786671933,-13.88903858961883,-13.3699359412394
1.0729568786671932,0.24535696469698753,0.010729568786671933,-14.318825535779505,-13.621470331811077
1.0729568786671932,0.24906727657399838,0.010729568786671933,-14.75516127769268,-13.879889993311373
1.0729568786671932,0.2527775884510092,0.010729568786671933,-15.19804581535836,-14.146979923627221
1.0729568786671932,0.25648790032802005,0.010729568786671933,-15.647479148776537,-14.424708987285461
1.0729568786671932,0.2601982122050309,0.010729568786671933,-16.103461277947225,-14.715233774227805
1.0729568786671932,0.26390852408204174,0.010729568786671933,-16.565992202870405,-15.020897379775738
1.0729568786671932,0.26761883595905256,0.010729568786671933,-17.035071923546088,-15.34422081409963
1.0729568786671932,0.27132914783606343,0.010729568786671933,-17.510700439974283,-15.687884261238626
1.0729568786671932,0.27503945971307425,0.010729568786671933,-17.99287775215497,-16.054694959590485
1.0729568786671932,0.27874977159008507,0.010729568786671933,-18.48160386008816,-16.447538158414837
1.0729568786671932,0.28246008346709595,0.010729568786671933,-18.97687876377386,-16.869307549481316
1.0729568786671932,0.28617039534410676,0.010729568786671933,-19.478702463212056,-17.32281195265151
1.0729568786671932,0.28988070722111764,0.010729568786671933,-19.98707495840276,-17.81065605408813
1.0729568786671932,0.29359101909812846,0.010729568786671933,-20.50199624934596,-18.33509486504371
1.0729568786671932,0.2973013309751393,0.010729568786671933,-21.023466336041665,-18.89786444755566
1.0729568786671932,0.30101164285215015,0.010729568786671933,-21.551485218489876,-19.499995370251508
1.0729568786671932,0.30472195472916097,0.010729568786671933,-22.086052896690582,-20.141620110663542
2.4608337301362275,0.011607316445304631,0.024608337301362276,-0.031672055566462375,-0.4888051976867249
2.4608337301362275,0.015317628322315471,0.024608337301362276,-0.05515636743706901,-0.5525378720862935
2.4608337301362275,0.01902794019932631,0.024608337301362276,-0.08511305070965718,-0.6202882516422838
2.4608337301362275,0.02273825207633715,0.024608337301362276,-0.12154210538422688,-0.6922902112784208
2.4608337301362275,0.02644856395334799,0.024608337301362276,-0.16444353146077814,-0.7687842859573957
2.4608337301362275,0.03015887583035883,0.024608337301362276,-0.21381732893931096,-0.8500167313774245
2.4608337301362275,0.03386918770736967,0.024608337301362276,-0.26966349781982535,-0.9362383777858794
2.4608337301362275,0.03757949958438051,0.024608337301362276,-0.33198203810232124,-1.0277032601258407
2.4608337301362275,0.04128981146139135,0.024608337301362276,-0.40077294978679867,-1.124667009376926
2.4608337301362275,0.04500012333840219,0.024608337301362276,-0.47603623287325764,-1.2273849924000366
2.4608337301362275,0.04871043521541303,0.024608337301362276,-0.5577718873616981,-1.3361101909578905
2.4608337301362275,0.05242074709242387,0.024608337301362276,-0.6459799132521202,-1.451090814958056
2.4608337301362275,0.05613105896943471,0.024608337301362276,-0.7406603105445239,-1.572567650434074
2.4608337301362275,0.05984137084644555,0.024608337301362276,-0.8418130792389089,-1.700771149391302
2.4608337301362275,0.06355168272345639,0.024608337301362276,-0.9494382193352757,-1.835918276405958
2.4608337301362275,0.06726199460046722,0.024608337301362276,-1.0635357308336237,-1.9782091357312117
2.4608337301362275,0.07097230647747807,0.024608337301362276,-1.1841056137339536,-2.1278234125190094
2.4608337301362275,0.0746826183544889,0.024608337301362276,-1.3111478680362647,-2.284916672418219
2.4608337301362275,0.07839293023149975,0.024608337301362276,-1.4446624937405577,-2.449616574978908
2.4608337301362275,0.08210324210851058,0.024608337301362276,-1.5846494908468318,-2.622019067605303
2.4608337301362275,0.08581355398552143,0.024608337301362276,-1.731108859355088,-2.8021846377925343
2.4608337301362275,0.08952386586253226,0.024608337301362276,-1.8840405992653255,-2.9901347115032495
2.4608337301362275,0.09323417773954311,0.024608337301362276,-2.0434447105775444,-3.185848294173432
2.4608337301362275,0.09694448961655394,0.024608337301362276,-2.209321193291745,-3.3892589573218017
2.4608337301362275,0.10065480149356479,0.024608337301362276,-2.381670047407927,-3.6002522774084342
2.4608337301362275,0.10436511337057562,0.024608337301362276,-2.5604912729260905,-3.8186638338195524
2.4608337301362275,0.10807542524758647,0.024608337301362276,-2.7457848698462364,-4.044277869110564
2.4608337301362275,0.1117857371245973,0.024608337301362276,-2.9375508381683626,-4.276826706527802
2.4608337301362275,0.11549604900160815,0.024608337301362276,-3.135789177892471,-4.515991007161731
2.4608337301362275,0.11920636087861898,0.024608337301362276,-3.340499889018561,-4.7614009319165325
2.4608337301362275,0.12291667275562983,0.024608337301362276,-3.5516829715466325,-5.012638252151396
2.4608337301362275,0.12662698463264066,0.024608337301362276,-3.769338425476685,-5.269239427994593
2.4608337301362275,0.1303372965096515,0.024608337301362276,-3.9934662508087193,-5.530699645876647
2.4608337301362275,0.13404760838666235,0.024608337301362276,-4.224066447542736,-5.796477777959517
2.4608337301362275,0.13775792026367317,0.024608337301362276,-4.461139015678732,-6.066002197233846
2.4608337301362275,0.14146823214068402,0.024608337301362276,-4.704683955216712,-6.338677354614725
2.4608337301362275,0.14517854401769487,0.024608337301362276,-4.954701266156673,-6.613890999898947
2.4608337301362275,0.1488888558947057,0.024608337301362276,-5.211190948498615,-6.89102190837408
2.4608337301362275,0.15259916777171653,0.024608337301362276,-5.474153002242538,-7.169447960410405
2.4608337301362275,0.15630947964872738,0.024608337301362276,-5.7435874273884435,-7.448554413445056
2.4608337301362275,0.16001979152573823,0.024608337301362276,-6.019494223936331,-7.727742204941659
2.4608337301362275,0.16373010340274907,0.024608337301362276,-6.3018733918861995,-8.006436131324634
2.4608337301362275,0.1674404152797599,0.024608337301362276,-6.590724931238047,-8.284092761275563
2.4608337301362275,0.17115072715677074,0.024608337301362276,-6.8860488419918795,-8.560207961479678
2.4608337301362275,0.17486103903378158,0.024608337301362276,-7.187845124147693,-8.834323937929215
2.4608337301362275,0.17857135091079243,0.024608337301362276,-7.496113777705488,-9.106035724987253
2.4608337301362275,0.18228166278780325,0.024608337301362276,-7.810854802665263,-9.374997086191836
2.4608337301362275,0.1859919746648141,0.024608337301362276,-8.132068199027021,-9.640925823792273
2.4608337301362275,0.18970228654182494,0.024608337301362276,-8.45975396679076,-9.903608526844257
2.4608337301362275,0.1934125984188358,0.024608337301362276,-8.793912105956482,-10.162904819061433
2.4608337301362275,0.1971229102958466,0.024608337301362276,-9.134542616524183,-10.418751196397043
2.4608337301362275,0.20083322217285746,0.024608337301362276,-9.481645498493865,-10.671164569575668
2.4608337301362275,0.2045435340498683,0.024608337301362276,-9.835220751865531,-10.92024564774639
2.4608337301362275,0.20825384592687915,0.024608337301362276,-10.195268376639179,-11.166182315456158
2.4608337301362275,0.21196415780388997,0.024608337301362276,-10.561788372814807,-11.409253165671199
2.4608337301362275,0.21567446968090082,0.024608337301362276,-10.934780740392418,-11.649831355987587
2.4608337301362275,0.21938478155791166,0.024608337301362276,-11.314245479372008,-11.888388952675363
2.4608337301362275,0.2230950934349225,0.024608337301362276,-11.700182589753581,-12.125501916674311
2.4608337301362275,0.22680540531193333,0.024608337301362276,-12.092592071537133,-12.361855865487131
2.4608337301362275,0.23051571718894417,0.024608337301362276,-12.491473924722671,-12.59825271279845
2.4608337301362275,0.23422602906595502,0.024608337301362276,-12.89682814931019,-12.835618240413972
2.4608337301362275,0.23793634094296587,0.024608337301362276,-13.30865474529969,-13.07501059054514
2.4608337301362275,0.2416466528199767,0.024608337301362276,-13.726953712691168,-13.3176295751519
2.4608337301362275,0.24535696469698753,0.024608337301362276,-14.15172505148463,-13.56482657636215
2.4608337301362275,0.24906727657399838,0.024608337301362276,-14.582968761680075,-13.81811465016841
2.4608337301362275,0.2527775884510092,0.024608337301362276,-15.020684843277504,-14.079178236233586
2.4608337301362275,0.25648790032802005,0.024608337301362276,-15.464873296276906,-14.34988161150859
2.4608337301362275,0.2601982122050309,0.024608337301362276,-15.9155341206783,-14.632274898085802
2.4608337301362275,0.26390852408204174,0.024608337301362276,-16.372667316481667,-14.928596044341695
2.4608337301362275,0.26761883595905256,0.024608337301362276,-16.836272883687013,-15.24126674941125
2.4608337301362275,0.27132914783606343,0.024608337301362276,-17.306350822294352,-15.572879814777545
2.4608337301362275,0.27503945971307425,0.024608337301362276,-17.782901132303667,-15.926174924752258
2.4608337301362275,0.27874977159008507,0.024608337301362276,-18.26592381371496,-16.303999450790084
2.4608337301362275,0.28246008346709595,0.024608337301362276,-18.75541886652824,-16.70925065134164
2.4608337301362275,0.28617039534410676,0.024608337301362276,-19.251386290743497,-17.144795750234458
2.4608337301362275,0.28988070722111764,0.024608337301362276,-19.753826086360743,-17.613367013105712
2.4608337301362275,0.29359101909812846,0.024608337301362276,-20.26273825337996,-18.117430316722025
2.4608337301362275,0.2973013309751393,0.024608337301362276,-20.778122791801163,-18.659028017734336
2.4608337301362275,0.30101164285215015,0.024608337301362276,-21.299979701624355,-19.239600291089943
2.4608337301362275,0.30472195472916097,0.024608337301362276,-21.828308982849517,-19.859793464885925
3.848710581605262,0.011607316445304631,0.038487105816052615,-0.0312980788389245,-0.5034126756807056
3.848710581605262,0.015317628322315471,0.038487105816052615,-0.0545050930746044,-0.567407528219873
3.848710581605262,0.01902794019932631,0.038487105816052615,-0.08410805436174511,-0.6353937887618453
3.848710581605262,0.02273825207633715,0.038487105816052615,-0.12010696270034664,-0.7076010396348766
3.848710581605262,0.02644856395334799,0.038487105816052615,-0.16250181809040903,-0.7842652177841956
3.848710581605262,0.03015887583035883,0.038487105816052615,-0.21129262053193223,-0.8656276875248201
3.848710581605262,0.03386918770736967,0.038487105816052615,-0.26647937002491634,-0.9519341140586355
3.848710581605262,0.03757949958438051,0.038487105816052615,-0.3280620665693612,-1.0434331220979787
3.848710581605262,0.04128981146139135,0.038487105816052615,-0.39604071016526693,-1.1403747255710694
3.848710581605262,0.04500012333840219,0.038487105816052615,-0.47041530081263344,-1.2430085167732838
3.848710581605262,0.04871043521541303,0.038487105816052615,-0.5511858385114609,-1.3515816065730109
3.848710581605262,0.05242074709242387,0.038487105816052615,-0.6383523232617491,-1.4663363114707582
3.848710581605262,0.05613105896943471,0.038487105816052615,-0.731914755063498,-1.5875075885155887
3.848710581605262,0.05984137084644555,0.038487105816052615,-0.8318731339167079,-1.715320225345967
3.848710581605262,0.06355168272345639,0.038487105816052615,-0.9382274598213786,-1.849985799944462
3.848710581605262,0.06726199460046722,0.038487105816052615,-1.0509777327775098,-1.9916994330310125
3.848710581605262,0.07097230647747807,0.038487105816052615,-1.1701239527851024,-2.1406363652570657
3.848710581605262,0.0746826183544889,0.038487105816052615,-1.2956661198441555,-2.2969484013230446
3.848710581605262,0.07839293023149975,0.038487105816052615,-1.4276042339546695,-2.4607602735628946
3.848710581605262,0.08210324210851058,0.038487105816052615,-1.565938295116644,-2.632165988078033
3.848710581605262,0.08581355398552143,0.038487105816052615,-1.71066830333008,-2.811225226731079
3.848710581605262,0.08952386586253226,0.038487105816052615,-1.8617942585949765,-2.9979598877228373
3.848710581605262,0.09323417773954311,0.038487105816052615,-2.019316160911334,-3.192350855510786
3.848710581605262,0.09694448961655394,0.038487105816052615,-2.183234010279152,-3.394335096879618
3.848710581605262,0.10065480149356479,0.038487105816052615,-2.353547806698431,-3.603803183438841
3.848710581605262,0.10436511337057562,0.038487105816052615,-2.5302575501691704,-3.820597341124214
3.848710581605262,0.10807542524758647,0.038487105816052615,-2.7133632406913715,-4.044510123929143
3.848710581605262,0.1117857371245973,0.038487105816052615,-2.9028648782650324,-4.275283801726888
3.848710581605262,0.11549604900160815,0.038487105816052615,-3.0987624628901553,-4.512610540482779
3.848710581605262,0.11920636087861898,0.038487105816052615,-3.301055994566738,-4.756133437436304
3.848710581605262,0.12291667275562983,0.038487105816052615,-3.5097454732947826,-5.005448454248912
3.848710581605262,0.12662698463264066,0.038487105816052615,-3.724830899074287,-5.260107268224301
3.848710581605262,0.1303372965096515,0.038487105816052615,-3.9463122719052524,-5.51962103633911
3.848710581605262,0.13404760838666235,0.038487105816052615,-4.1741895917876795,-5.783465040032157
3.848710581605262,0.13775792026367317,0.038487105816052615,-4.408462858721566,-6.0510841517364895
3.848710581605262,0.14146823214068402,0.038487105816052615,-4.649132072706914,-6.3218990383575555
3.848710581605262,0.14517854401769487,0.038487105816052615,-4.896197233743723,-6.595312993686338
3.848710581605262,0.1488888558947057,0.038487105816052615,-5.1496583418319934,-6.8707192724030755
3.848710581605262,0.15259916777171653,0.038487105816052615,-5.409515396971723,-7.147508784016029
3.848710581605262,0.15630947964872738,0.038487105816052615,-5.675768399162915,-7.425077996685671
3.848710581605262,0.16001979152573823,0.038487105816052615,-5.948417348405568,-7.702836898971142
3.848710581605262,0.16373010340274907,0.038487105816052615,-6.227462244699681,-7.980216872308478
3.848710581605262,0.1674404152797599,0.038487105816052615,-6.512903088045253,-8.25667833831256
3.848710581605262,0.17115072715677074,0.038487105816052615,-6.804739878442288,-8.531718062253548
3.848710581605262,0.17486103903378158,0.038487105816052615,-7.102972615890785,-8.804876016448691
3.848710581605262,0.17857135091079243,0.038487105816052615,-7.407601300390741,-9.07574173374493
3.848710581605262,0.18228166278780325,0.038487105816052615,-7.7186259319421575,-9.343960110502612
3.848710581605262,0.1859919746648141,0.038487105816052615,-8.036046510545036,-9.609236649215369
3.848710581605262,0.18970228654182494,0.038487105816052615,-8.359863036199375,-9.871342161823097
3.848710581605262,0.1934125984188358,0.038487105816052615,-8.690075508905176,-10.13011698469081
3.848710581605262,0.1971229102958466,0.038487105816052615,-9.026683928662434,-10.385474784074326
3.848710581605262,0.20083322217285746,0.038487105816052615,-9.369688295471155,-10.637406055780135
3.848710581605262,0.2045435340498683,0.038487105816052615,-9.719088609331338,-10.885981443917583
3.848710581605262,0.20825384592687915,0.038487105816052615,-10.074884870242983,-11.131355020540536
3.848710581605262,0.21196415780388997,0.038487105816052615,-10.437077078206086,-11.373767680050852
3.848710581605262,0.21567446968090082,0.038487105816052615,-10.805665233220651,-11.613550808944325
3.848710581605262,0.21938478155791166,0.038487105816052615,-11.180649335286677,-11.851130392146468
3.848710581605262,0.2230950934349225,0.038487105816052615,-11.562029384404163,-12.08703171087286
3.848710581605262,0.22680540531193333,0.038487105816052615,-11.949805380573107,-12.321884772299041
3.848710581605262,0.23051571718894417,0.038487105816052615,-12.343977323793517,-12.55643058638992
3.848710581605262,0.23422602906595502,0.038487105816052615,-12.744545214065386,-12.791528367291152
3.848710581605262,0.23793634094296587,0.038487105816052615,-13.151509051388716,-13.028163682042248
3.848710581605262,0.2416466528199767,0.038487105816052615,-13.564868835763505,-13.267457493224764
3.848710581605262,0.24535696469698753,0.038487105816052615,-13.984624567189757,-13.5106759384764
3.848710581605262,0.24906727657399838,0.038487105816052615,-14.41077624566747,-13.759240551342705
3.848710581605262,0.2527775884510092,0.038487105816052615,-14.843323871196645,-14.014738446489355
3.848710581605262,0.25648790032802005,0.038487105816052615,-15.282267443777275,-14.278931759280063
3.848710581605262,0.2601982122050309,0.038487105816052615,-15.727606963409375,-14.553765337369194
3.848710581605262,0.26390852408204174,0.038487105816052615,-16.179342430092927,-14.841371325322752
3.848710581605262,0.26761883595905256,0.038487105816052615,-16.63747384382794,-15.14406886343889
3.848710581605262,0.27132914783606343,0.038487105816052615,-17.10200120461442,-15.464356650626025
3.848710581605262,0.27503945971307425,0.038487105816052615,-17.57292451245236,-15.804895627141809
3.848710581605262,0.27874977159008507,0.038487105816052615,-18.050243767341755,-16.168478569767775
3.848710581605262,0.28246008346709595,0.038487105816052615,-18.53395896928262,-16.557983046554043
3.848710581605262,0.28617039534410676,0.038487105816052615,-19.024070118274935,-16.976304078270445
3.848710581605262,0.28988070722111764,0.038487105816052615,-19.520577214318724,-17.426263169909443
3.848710581605262,0.29359101909812846,0.038487105816052615,-20.02348025741396,-17.910491313832484
3.848710581605262,0.2973013309751393,0.038487105816052615,-20.53277924756066,-18.431285341570987
3.848710581605262,0.30101164285215015,0.038487105816052615,-21.04847418475883,-18.990439787589303
3.848710581605262,0.30472195472916097,0.038487105816052615,-21.570565069008452,-19.589060278440183
5.236587433074296,0.011607316445304631,0.052365874330742954,-0.030924102111386624,-0.5182713444702571
5.236587433074296,0.015317628322315471,0.052365874330742954,-0.053853818712139775,-0.5825248719950382
5.236587433074296,0.01902794019932631,0.052365874330742954,-0.08310305801383304,-0.6507429029128096
5.236587433074296,0.02273825207633715,0.052365874330742954,-0.1186718200164664,-0.7231507634871832
5.236587433074296,0.02644856395334799,0.052365874330742954,-0.16056010472003993,-0.7999798418619299
5.236587433074296,0.03015887583035883,0.052365874330742954,-0.20876791212455353,-0.8814666737194226
5.236587433074296,0.03386918770736967,0.052365874330742954,-0.26329524223000733,-0.967851836150289
5.236587433074296,0.03757949958438051,0.052365874330742954,-0.3241420950364012,-1.0593786351369174
5.236587433074296,0.04128981146139135,0.052365874330742954,-0.3913084705437352,-1.1562915736681467
5.236587433074296,0.04500012333840219,0.052365874330742954,-0.46479436875200925,-1.258834589827929
5.236587433074296,0.04871043521541303,0.052365874330742954,-0.5445997896612235,-1.3672490573276446
5.236587433074296,0.05242074709242387,0.052365874330742954,-0.6307247332713778,-1.481771544959459
5.236587433074296,0.05613105896943471,0.052365874330742954,-0.7231691995824723,-1.6026313363989582
5.236587433074296,0.05984137084644555,0.052365874330742954,-0.8219331885945068,-1.7300477177133118
5.236587433074296,0.06355168272345639,0.052365874330742954,-0.9270167003074815,-1.8642270468356168
5.236587433074296,0.06726199460046722,0.052365874330742954,-1.0384197347213961,-2.005359627098495
5.236587433074296,0.07097230647747807,0.052365874330742954,-1.1561422918362512,-2.1536164155758266
5.236587433074296,0.0746826183544889,0.052365874330742954,-1.280184371652046,-2.3091456062919353
5.236587433074296,0.07839293023149975,0.052365874330742954,-1.4105459741687814,-2.4720691380790876
5.236587433074296,0.08210324210851058,0.052365874330742954,-1.5472270993864563,-2.6424791866806783
5.236587433074296,0.08581355398552143,0.052365874330742954,-1.690227747305072,-2.820434710214081
5.236587433074296,0.08952386586253226,0.052365874330742954,-1.8395479179246275,-3.005958125864215
5.236587433074296,0.09323417773954311,0.052365874330742954,-1.995187611245123,-3.1990322031584184
5.236587433074296,0.09694448961655394,0.052365874330742954,-2.157146827266559,-3.3995972648275035
5.236587433074296,0.10065480149356479,0.052365874330742954,-2.3254255659889345,-3.6075487895303056
5.236587433074296,0.10436511337057562,0.052365874330742954,-2.5000238274122504,-3.822735511088294
5.236587433074296,0.10807542524758647,0.052365874330742954,-2.680941611536507,-4.044958105890451
5.236587433074296,0.1117857371245973,0.052365874330742954,-2.8681789183617026,-4.273968553453328
5.236587433074296,0.11549604900160815,0.052365874330742954,-3.0617357478878393,-4.509470244581831
5.236587433074296,0.11920636087861898,0.052365874330742954,-3.2616121001149154,-4.75111889719745
5.236587433074296,0.12291667275562983,0.052365874330742954,-3.4678079750429323,-4.998524321932258
5.236587433074296,0.12662698463264066,0.052365874330742954,-3.680323372671889,-5.251253058523764
5.236587433074296,0.1303372965096515,0.052365874330742954,-3.8991582930017854,-5.5088318806180006
5.236587433074296,0.13404760838666235,0.052365874330742954,-4.124312736032623,-5.770752141746071
5.236587433074296,0.13775792026367317,0.052365874330742954,-4.355786701764399,-6.036474910103092
5.236587433074296,0.14146823214068402,0.052365874330742954,-4.593580190197117,-6.3054368155590215
5.236587433074296,0.14517854401769487,0.052365874330742954,-4.837693201330774,-6.577056510333604
5.236587433074296,0.1488888558947057,0.052365874330742954,-5.088125735165372,-6.85074162618335
5.236587433074296,0.15259916777171653,0.052365874330742954,-5.344877791700908,-7.1258960968499885
5.236587433074296,0.15630947964872738,0.052365874330742954,-5.607949370937386,-7.401927705761146
5.236587433074296,0.16001979152573823,0.052365874330742954,-5.877340472874804,-7.67825571612636
5.236587433074296,0.16373010340274907,0.052365874330742954,-6.1530510975131625,-7.954318443882078
5.236587433074296,0.1674404152797599,0.052365874330742954,-6.435081244852459,-8.229580643314026
5.236587433074296,0.17115072715677074,0.052365874330742954,-6.723430914892697,-8.503540590203615
5.236587433074296,0.17486103903378158,0.052365874330742954,-7.0181001076338765,-8.775736767291674
5.236587433074296,0.17857135091079243,0.052365874330742954,-7.319088823075995,-9.04575408078491
5.236587433074296,0.18228166278780325,0.052365874330742954,-7.626397061219053,-9.313229563442613
5.236587433074296,0.1859919746648141,0.052365874330742954,-7.940024822063051,-9.577857548291997
5.236587433074296,0.18970228654182494,0.052365874330742954,-8.259972105607991,-9.839394326047191
5.236587433074296,0.1934125984188358,0.052365874330742954,-8.58623891185387,-10.097662327732868
5.236587433074296,0.1971229102958466,0.052365874330742954,-8.918825240800688,-10.35255390084137
5.236587433074296,0.20083322217285746,0.052365874330742954,-9.257731092448447,-10.604034771729616
5.236587433074296,0.2045435340498683,0.052365874330742954,-9.602956466797146,-10.852147308188458
5.236587433074296,0.20825384592687915,0.052365874330742954,-9.954501363846786,-11.097013713620395
5.236587433074296,0.21196415780388997,0.052365874330742954,-10.312365783597365,-11.3388392975481
5.236587433074296,0.21567446968090082,0.052365874330742954,-10.676549726048885,-11.577915975761606
5.236587433074296,0.21938478155791166,0.052365874330742954,-11.047053191201345,-11.814626156720442
5.236587433074296,0.2230950934349225,0.052365874330742954,-11.423876179054744,-12.049447168072488
5.236587433074296,0.22680540531193333,0.052365874330742954,-11.807018689609082,-12.282956367200939
5.236587433074296,0.23051571718894417,0.052365874330742954,-12.196480722864363,-12.515837060919864
5.236587433074296,0.23422602906595502,0.052365874330742954,-12.592262278820584,-12.748885329482638
5.236587433074296,0.23793634094296587,0.052365874330742954,-12.994363357477745,-12.983017805753947
5.236587433074296,0.2416466528199767,0.052365874330742954,-13.402783958835842,-13.219280397492254
5.236587433074296,0.24535696469698753,0.052365874330742954,-13.817524082894884,-13.458857853778763
5.236587433074296,0.24906727657399838,0.052365874330742954,-14.238583729654865,-13.70308395905005
5.236587433074296,0.2527775884510092,0.052365874330742954,-14.665962899115788,-13.95345198213507
5.236587433074296,0.25648790032802005,0.052365874330742954,-15.099661591277645,-14.211624804581133
5.236587433074296,0.2601982122050309,0.052365874330742954,-15.539679806140452,-14.479443893848668
5.236587433074296,0.26390852408204174,0.052365874330742954,-15.986017543704188,-14.75893596569581
5.236587433074296,0.26761883595905256,0.052365874330742954,-16.438674803968865,-15.052315793362775
5.236587433074296,0.27132914783606343,0.052365874330742954,-16.897651586934494,-15.361983173985545
5.236587433074296,0.27503945971307425,0.052365874330742954,-17.362947892601053,-15.690511573302057
5.236587433074296,0.27874977159008507,0.052365874330742954,-17.83456372096855,-16.040625476862573
5.236587433074296,0.28246008346709595,0.052365874330742954,-18.312499072037,-16.415163047145782
5.236587433074296,0.28617039534410676,0.052365874330742954,-18.796753945806376,-16.81702042603543
5.236587433074296,0.28988070722111764,0.052365874330742954,-19.2873283422767,-17.249074078995204
5.236587433074296,0.29359101909812846,0.052365874330742954,-19.78422226144796,-17.714078140839067
5.236587433074296,0.2973013309751393,0.052365874330742954,-20.28743570332016,-18.2145350100678
5.236587433074296,0.30101164285215015,0.052365874330742954,-20.79696866789331,-18.752539656944215
5.236587433074296,0.30472195472916097,0.052365874330742954,-21.312821155167388,-19.32960139429018
6.62446428454333,0.011607316445304631,0.0662446428454333,-0.030550125383848745,-0.5333818351820478
6.62446428454333,0.015317628322315471,0.0662446428454333,-0.053202544349675154,-0.597890191160007
6.62446428454333,0.01902794019932631,0.0662446428454333,-0.08209806166592094,-0.6663355294193445
6.62446428454333,0.02273825207633715,0.0662446428454333,-0.11723667733258615,-0.7389389584863606
6.62446428454333,0.02644856395334799,0.0662446428454333,-0.1586183913496708,-0.8159273686961219
6.62446428454333,0.03015887583035883,0.0662446428454333,-0.2062432037171748,-0.8975325315530966
6.62446428454333,0.03386918770736967,0.0662446428454333,-0.26011111443509827,-0.9839900145473779
6.62446428454333,0.03757949958438051,0.0662446428454333,-0.3202221235034411,-1.075537897825419
6.62446428454333,0.04128981146139135,0.0662446428454333,-0.38657623092220333,-1.172415280705862
6.62446428454333,0.04500012333840219,0.0662446428454333,-0.459173436691385,-1.274860568290236
6.62446428454333,0.04871043521541303,0.0662446428454333,-0.5380137408109861,-1.383109531426876
6.62446428454333,0.05242074709242387,0.0662446428454333,-0.6230971432810065,-1.4973931371161013
6.62446428454333,0.05613105896943471,0.0662446428454333,-0.7144236441014464,-1.6179351511484739
6.62446428454333,0.05984137084644555,0.0662446428454333,-0.8119932432723056,-1.7449495203757341
6.62446428454333,0.06355168272345639,0.0662446428454333,-0.9158059407935843,-1.8786375485196087
6.62446428454333,0.06726199460046722,0.0662446428454333,-1.0258617366652822,-2.0191848867806175
6.62446428454333,0.07097230647747807,0.0662446428454333,-1.1421606308873997,-2.1667583686164886
6.62446428454333,0.0746826183544889,0.0662446428454333,-1.2647026234599366,-2.3215027267602597
6.62446428454333,0.07839293023149975,0.0662446428454333,-1.393487714382893,-2.4835372396158006
6.62446428454333,0.08210324210851058,0.0662446428454333,-1.5285159036562685,-2.6529523633112784
6.62446428454333,0.08581355398552143,0.0662446428454333,-1.6697871912800637,-2.8298064145470483
6.62446428454333,0.08952386586253226,0.0662446428454333,-1.8173015772542782,-3.014122377522108
6.62446428454333,0.09323417773954311,0.0662446428454333,-1.971059061578912,-3.205884915190327
6.62446428454333,0.09694448961655394,0.0662446428454333,-2.1310596442539653,-3.405037670383094
6.62446428454333,0.10065480149356479,0.0662446428454333,-2.297303325279438,-3.6114809454323966
6.62446428454333,0.10436511337057562,0.0662446428454333,-2.4697901046553303,-3.8250698493593673
6.62446428454333,0.10807542524758647,0.0662446428454333,-2.648519982381642,-4.045612999045238
6.62446428454333,0.1117857371245973,0.0662446428454333,-2.8334929584583723,-4.272871854763103
6.62446428454333,0.11549604900160815,0.0662446428454333,-3.024709032885523,-4.506560760854802
6.62446428454333,0.11920636087861898,0.0662446428454333,-3.2221682056630927,-4.746347749197172
6.62446428454333,0.12291667275562983,0.0662446428454333,-3.425870476791082,-4.991856146630187
6.62446428454333,0.12662698463264066,0.0662446428454333,-3.6358158462694905,-5.24266700814948
6.62446428454333,0.1303372965096515,0.0662446428454333,-3.8520043140983184,-5.498322376046151
6.62446428454333,0.13404760838666235,0.0662446428454333,-4.074435880277567,-5.758329342155152
6.62446428454333,0.13775792026367317,0.0662446428454333,-4.3031105448072315,-6.022164866957469
6.62446428454333,0.14146823214068402,0.0662446428454333,-4.538028307687319,-6.289281286587105
6.62446428454333,0.14517854401769487,0.0662446428454333,-4.779189168917824,-6.559112417972909
6.62446428454333,0.1488888558947057,0.0662446428454333,-5.0265931284987495,-6.831080154517261
6.62446428454333,0.15259916777171653,0.0662446428454333,-5.280240186430093,-7.104601430878615
6.62446428454333,0.15630947964872738,0.0662446428454333,-5.540130342711858,-7.379095426401001
6.62446428454333,0.16001979152573823,0.0662446428454333,-5.80626359734404,-7.653990873087658
6.62446428454333,0.16373010340274907,0.0662446428454333,-6.078639950326644,-7.92873333603206
6.62446428454333,0.1674404152797599,0.0662446428454333,-6.357259401659664,-8.202792341872087
6.62446428454333,0.17115072715677074,0.0662446428454333,-6.642121951343106,-8.47566824379828
6.62446428454333,0.17486103903378158,0.0662446428454333,-6.933227599376968,-8.74689872933056
6.62446428454333,0.17857135091079243,0.0662446428454333,-7.230576345761247,-9.016064898661867
6.62446428454333,0.18228166278780325,0.0662446428454333,-7.534168190495946,-9.282796865878323
6.62446428454333,0.1859919746648141,0.0662446428454333,-7.844003133581065,-9.546778861741512
6.62446428454333,0.18970228654182494,0.0662446428454333,-8.160081175016606,-9.807753843880457
6.62446428454333,0.1934125984188358,0.0662446428454333,-8.482402314802563,-10.065527647157877
6.62446428454333,0.1971229102958466,0.0662446428454333,-8.81096655293894,-10.319972732711047
6.62446428454333,0.20083322217285746,0.0662446428454333,-9.145773889425735,-10.571031617914176
6.62446428454333,0.2045435340498683,0.0662446428454333,-9.486824324262953,-10.818720090596177
6.62446428454333,0.20825384592687915,0.0662446428454333,-9.834117857450588,-11.063130328725512
6.62446428454333,0.21196415780388997,0.0662446428454333,-10.187654488988642,-11.304434060981405
6.62446428454333,0.21567446968090082,0.0662446428454333,-10.547434218877116,-11.542885913729977
6.62446428454333,0.21938478155791166,0.0662446428454333,-10.913457047116012,-11.778827095419674
6.62446428454333,0.2230950934349225,0.0662446428454333,-11.285722973705324,-12.012689569644778
6.62446428454333,0.22680540531193333,0.0662446428454333,-11.664231998645054,-12.245000862154576
6.62446428454333,0.23051571718894417,0.0662446428454333,-12.048984121935208,-12.476389633531545
6.62446428454333,0.23422602906595502,0.0662446428454333,-12.439979343575779,-12.707592126152184
6.62446428454333,0.23793634094296587,0.0662446428454333,-12.83721766356677,-12.939459558636555
6.62446428454333,0.2416466528199767,0.0662446428454333,-13.24069908190818,-13.172966489590879
6.62446428454333,0.24535696469698753,0.0662446428454333,-13.650423598600009,-13.409220100239658
6.62446428454333,0.24906727657399838,0.0662446428454333,-14.066391213642259,-13.649470246484638
6.62446428454333,0.2527775884510092,0.0662446428454333,-14.48860192703493,-13.895119997735273
6.62446428454333,0.25648790032802005,0.0662446428454333,-14.917055738778012,-14.147736204205321
6.62446428454333,0.2601982122050309,0.0662446428454333,-15.351752648871525,-14.409059407447428
6.62446428454333,0.26390852408204174,0.0662446428454333,-15.792692657315447,-14.681012122482251
6.62446428454333,0.26761883595905256,0.0662446428454333,-16.23987576410979,-14.965704168269284
6.62446428454333,0.27132914783606343,0.0662446428454333,-16.69330196925456,-15.265433306323127
6.62446428454333,0.27503945971307425,0.0662446428454333,-17.152971272749745,-15.582678974961722
6.62446428454333,0.27874977159008507,0.0662446428454333,-17.618883674595345,-15.920086405268234
6.62446428454333,0.28246008346709595,0.0662446428454333,-18.091039174791373,-16.280437924840527
6.62446428454333,0.28617039534410676,0.0662446428454333,-18.569437773337814,-16.66660788026499
6.62446428454333,0.28988070722111764,0.0662446428454333,-19.05407947023468,-17.08149746335366
6.62446428454333,0.29359101909812846,0.0662446428454333,-19.54496426548196,-17.527945978344224
6.62446428454333,0.2973013309751393,0.0662446428454333,-20.042092159079658,-18.008615944486458
6.62446428454333,0.30101164285215015,0.0662446428454333,-20.545463151027786,-18.525851112487995
6.62446428454333,0.30472195472916097,0.0662446428454333,-21.05507724132632,-19.08150917240054
8.012341136012365,0.011607316445304631,0.08012341136012364,-0.03017614865631087,-0.5487445837393765
8.012341136012365,0.015317628322315471,0.08012341136012364,-0.05255126998721053,-0.6135035767524362
8.012341136012365,0.01902794019932631,0.08012341136012364,-0.08109306531800888,-0.6821714060250543
8.012341136012365,0.02273825207633715,0.08012341136012364,-0.1158015346487059,-0.7549650024673782
8.012341136012365,0.02644856395334799,0.08012341136012364,-0.15667667797930165,-0.8321068113576584
8.012341136012365,0.03015887583035883,0.08012341136012364,-0.2037184953097961,-0.9138239061487257
8.012341136012365,0.03386918770736967,0.08012341136012364,-0.25692698664018926,-1.0003469247694095
8.012341136012365,0.03757949958438051,0.08012341136012364,-0.31630215197048106,-1.091908815754886
8.012341136012365,0.04128981146139135,0.08012341136012364,-0.3818439913006716,-1.188743383103866
8.012341136012365,0.04500012333840219,0.08012341136012364,-0.4535525046307608,-1.291083620950919
8.012341136012365,0.04871043521541303,0.08012341136012364,-0.5314276919607487,-1.3991598320332117
8.012341136012365,0.05242074709242387,0.08012341136012364,-0.6154695532906354,-1.513197527586068
8.012341136012365,0.05613105896943471,0.08012341136012364,-0.7056780886204206,-1.6334151107672854
8.012341136012365,0.05984137084644555,0.08012341136012364,-0.8020532979501046,-1.7600213510109173
8.012341136012365,0.06355168272345639,0.08012341136012364,-0.9045951812796873,-1.8932126628379078
8.012341136012365,0.06726199460046722,0.08012341136012364,-1.0133037386091683,-2.033170209557619
8.012341136012365,0.07097230647747807,0.08012341136012364,-1.1281789699385485,-2.1800568598859456
8.012341136012365,0.0746826183544889,0.08012341136012364,-1.249220875267827,-2.3340140336338555
8.012341136012365,0.07839293023149975,0.08012341136012364,-1.3764294545970046,-2.495158481076846
8.012341136012365,0.08210324210851058,0.08012341136012364,-1.5098047079260808,-2.6635790491308
8.012341136012365,0.08581355398552143,0.08012341136012364,-1.6493466352550559,-2.839333495701876
8.012341136012365,0.08952386586253226,0.08012341136012364,-1.7950552365839292,-3.022445421160732
8.012341136012365,0.09323417773954311,0.08012341136012364,-1.9469305119127014,-3.212901392384536
8.012341136012365,0.09694448961655394,0.08012341136012364,-2.1049724612413723,-3.410648339755449
8.012341136012365,0.10065480149356479,0.08012341136012364,-2.269181084569942,-3.6155913104399486
8.012341136012365,0.10436511337057562,0.08012341136012364,-2.43955638189841,-3.827591661763589
8.012341136012365,0.10807542524758647,0.08012341136012364,-2.616098353226777,-4.046465776158853
8.012341136012365,0.1117857371245973,0.08012341136012364,-2.7988069985550426,-4.2719843737148775
8.012341136012365,0.11549604900160815,0.08012341136012364,-2.9876823178832073,-4.503872489636034
8.012341136012365,0.11920636087861898,0.08012341136012364,-3.18272431121127,-4.741810171921265
8.012341136012365,0.12291667275562983,0.08012341136012364,-3.383932978539232,-4.985433939489726
8.012341136012365,0.12662698463264066,0.08012341136012364,-3.5913083198670925,-5.234339023178925
8.012341136012365,0.1303372965096515,0.08012341136012364,-3.8048503351948515,-5.488082392103733
8.012341136012365,0.13404760838666235,0.08012341136012364,-4.02455902452251,-5.74618654654455
8.012341136012365,0.13775792026367317,0.08012341136012364,-4.250434387850065,-6.00814403673576
8.012341136012365,0.14146823214068402,0.08012341136012364,-4.482476425177521,-6.273422645659281
8.012341136012365,0.14517854401769487,0.08012341136012364,-4.7206851365048745,-6.541471154264531
8.012341136012365,0.1488888558947057,0.08012341136012364,-4.965060521832128,-6.811725590463377
8.012341136012365,0.15259916777171653,0.08012341136012364,-5.2156025811592786,-7.0836158497222
8.012341136012365,0.15630947964872738,0.08012341136012364,-5.472311314486329,-7.356572565868877
8.012341136012365,0.16001979152573823,0.08012341136012364,-5.735186721813278,-7.630034106413639
8.012341136012365,0.16373010340274907,0.08012341136012364,-6.004228803140125,-7.90345356755674
8.012341136012365,0.1674404152797599,0.08012341136012364,-6.27943755846687,-8.17630565015798
8.012341136012365,0.17115072715677074,0.08012341136012364,-6.560812987793515,-8.448093309033554
8.012341136012365,0.17486103903378158,0.08012341136012364,-6.84835509112006,-8.718354083535674
8.012341136012365,0.17857135091079243,0.08012341136012364,-7.142063868446501,-8.986666036758779
8.012341136012365,0.18228166278780325,0.08012341136012364,-7.441939319772842,-9.252653253048091
8.012341136012365,0.1859919746648141,0.08012341136012364,-7.7479814450990805,-9.515990867810807
8.012341136012365,0.18970228654182494,0.08012341136012364,-8.06019024442522,-9.776409628969203
8.012341136012365,0.1934125984188358,0.08012341136012364,-8.378565717751258,-10.033700014796786
8.012341136012365,0.1971229102958466,0.08012341136012364,-8.703107865077191,-10.287715957469786
8.012341136012365,0.20083322217285746,0.08012341136012364,-9.033816686403025,-10.538378244682331
8.012341136012365,0.2045435340498683,0.08012341136012364,-9.37069218172876,-10.785677692472632
8.012341136012365,0.20825384592687915,0.08012341136012364,-9.713734351054391,-11.02967820046389
8.012341136012365,0.21196415780388997,0.08012341136012364,-10.06294319437992,-11.270519815600307
8.012341136012365,0.21567446968090082,0.08012341136012364,-10.41831871170535,-11.508421941756705
8.012341136012365,0.21938478155791166,0.08012341136012364,-10.779860903030679,-11.743686839889277
8.012341136012365,0.2230950934349225,0.08012341136012364,-11.147569768355904,-11.976703566123529
8.012341136012365,0.22680540531193333,0.08012341136012364,-11.521445307681027,-12.207952492557842
8.012341136012365,0.23051571718894417,0.08012341136012364,-11.901487521006052,-12.438010546449698
8.012341136012365,0.23422602906595502,0.08012341136012364,-12.287696408330977,-12.667557286184781
8.012341136012365,0.23793634094296587,0.08012341136012364,-12.680071969655797,-12.897381904666167
8.012341136012365,0.2416466528199767,0.08012341136012364,-13.078614204980516,-13.128391209299894
8.012341136012365,0.24535696469698753,0.08012341136012364,-13.483323114305135,-13.361618568360463
8.012341136012365,0.24906727657399838,0.08012341136012364,-13.894198697629653,-13.598233730772765
8.012341136012365,0.2527775884510092,0.08012341136012364,-14.311240954954071,-13.839553313559977
8.012341136012365,0.25648790032802005,0.08012341136012364,-14.734449886278382,-14.087051600496997
8.012341136012365,0.2601982122050309,0.08012341136012364,-15.163825491602601,-14.342371098118639
8.012341136012365,0.26390852408204174,0.08012341136012364,-15.59936777092671,-14.607332042289247
8.012341136012365,0.26761883595905256,0.08012341136012364,-16.041076724250715,-14.883939732475499
8.012341136012365,0.27132914783606343,0.08012341136012364,-16.488952351574632,-15.174388187795449
8.012341136012365,0.27503945971307425,0.08012341136012364,-16.942994652898438,-15.481058172339878
8.012341136012365,0.27874977159008507,0.08012341136012364,-17.40320362822214,-15.806507143363145
8.012341136012365,0.28246008346709595,0.08012341136012364,-17.869579277545753,-16.153448170670565
8.012341136012365,0.28617039534410676,0.08012341136012364,-18.342121600869252,-16.52471442314219
8.012341136012365,0.28988070722111764,0.08012341136012364,-18.82083059819266,-16.923205520264975
8.012341136012365,0.29359101909812846,0.08012341136012364,-19.30570626951596,-17.351812048131976
8.012341136012365,0.2973013309751393,0.08012341136012364,-19.796748614839156,-17.81331503003624
8.012341136012365,0.30101164285215015,0.08012341136012364,-20.29395763416226,-18.31025834223658
8.012341136012365,0.30472195472916097,0.08012341136012364,-20.797333327485255,-18.84479419391602
9.4002179874814,0.011607316445304631,0.09400217987481399,-0.02980217192877299,-0.5643598142905861
9.4002179874814,0.015317628322315471,0.09400217987481399,-0.05189999562474591,-0.6293649068700979
9.4002179874814,0.01902794019932631,0.09400217987481399,-0.0800880689700968,-0.6982500570076771
9.4002179874814,0.02273825207633715,0.09400217987481399,-0.11436639196482568,-0.7712280599044243
9.4002179874814,0.02644856395334799,0.09400217987481399,-0.15473496460893255,-0.8485169702703224
9.4002179874814,0.03015887583035883,0.09400217987481399,-0.20119378690241738,-0.9303392312668599
9.4002179874814,0.03386918770736967,0.09400217987481399,-0.25374285884528025,-1.0169206327773184
9.4002179874814,0.03757949958438051,0.09400217987481399,-0.31238218043752103,-1.1084890872148456
9.4002179874814,0.04128981146139135,0.09400217987481399,-0.37711175167913985,-1.2052732126106398
9.4002179874814,0.04500012333840219,0.09400217987481399,-0.4479315725701366,-1.3075007148441808
9.4002179874814,0.04871043521541303,0.09400217987481399,-0.5248416431105114,-1.4153965636518344
9.4002179874814,0.05242074709242387,0.09400217987481399,-0.6078419633002641,-1.52918096053449
9.4002179874814,0.05613105896943471,0.09400217987481399,-0.6969325331393948,-1.649067100921326
9.4002179874814,0.05984137084644555,0.09400217987481399,-0.7921133526279035,-1.7752587379532225
9.4002179874814,0.06355168272345639,0.09400217987481399,-0.8933844217657902,-1.907947561016356
9.4002179874814,0.06726199460046722,0.09400217987481399,-1.0007457405530547,-2.0473104086376215
9.4002179874814,0.07097230647747807,0.09400217987481399,-1.1141973089896973,-2.1935063424595143
9.4002179874814,0.0746826183544889,0.09400217987481399,-1.2337391270757179,-2.3466736166041353
9.4002179874814,0.07839293023149975,0.09400217987481399,-1.3593711948111165,-2.5069265846218705
9.4002179874814,0.08210324210851058,0.09400217987481399,-1.491093512195893,-2.674352594150462
9.4002179874814,0.08581355398552143,0.09400217987481399,-1.6289060792300478,-2.849008927082432
9.4002179874814,0.08952386586253226,0.09400217987481399,-1.7728088959135802,-3.030919850098092
9.4002179874814,0.09323417773954311,0.09400217987481399,-1.9228019622464907,-3.22007384647603
9.4002179874814,0.09694448961655394,0.09400217987481399,-2.078885278228779,-3.4164211047242095
9.4002179874814,0.10065480149356479,0.09400217987481399,-2.2410588438604457,-3.6198713423630484
9.4002179874814,0.10436511337057562,0.09400217987481399,-2.40932265914149,-3.830292043735312
9.4002179874814,0.10807542524758647,0.09400217987481399,-2.5836767240719127,-4.047507188670653
9.4002179874814,0.1117857371245973,0.09400217987481399,-2.7641210386517128,-4.271296543926361
9.4002179874814,0.11549604900160815,0.09400217987481399,-2.9506556028808912,-4.501395581410524
9.4002179874814,0.11920636087861898,0.09400217987481399,-3.1432804167594477,-4.737496076256036
9.4002179874814,0.12291667275562983,0.09400217987481399,-3.341995480287382,-4.979247424009671
9.4002179874814,0.12662698463264066,0.09400217987481399,-3.5468007934646946,-5.226258699856675
9.4002179874814,0.1303372965096515,0.09400217987481399,-3.7576963562913845,-5.478101464428095
9.4002179874814,0.13404760838666235,0.09400217987481399,-3.9746821687674534,-5.734313301007002
9.4002179874814,0.13775792026367317,0.09400217987481399,-4.197758230892899,-5.994402048673928
9.4002179874814,0.14146823214068402,0.09400217987481399,-4.426924542667724,-6.257850676020656
9.4002179874814,0.14517854401769487,0.09400217987481399,-4.662181104091926,-6.524122721472907
9.4002179874814,0.1488888558947057,0.09400217987481399,-4.9035279151655065,-6.792668209941981
9.4002179874814,0.15259916777171653,0.09400217987481399,-5.1509649758884635,-7.062929942342546
9.4002179874814,0.15630947964872738,0.09400217987481399,-5.4044922862608,-7.334350045205859
9.4002179874814,0.16001979152573823,0.09400217987481399,-5.664109846282515,-7.606376662736755
9.4002179874814,0.16373010340274907,0.09400217987481399,-5.929817655953607,-7.87847067353545
9.4002179874814,0.1674404152797599,0.09400217987481399,-6.201615715274076,-8.150112318915463
9.4002179874814,0.17115072715677074,0.09400217987481399,-6.479504024243924,-8.420807639131983
9.4002179874814,0.17486103903378158,0.09400217987481399,-6.763482582863151,-8.690094627493343
9.4002179874814,0.17857135091079243,0.09400217987481399,-7.053551391131755,-8.957549029668948
9.4002179874814,0.18228166278780325,0.09400217987481399,-7.349710449049737,-9.222789735779312
9.4002179874814,0.1859919746648141,0.09400217987481399,-7.651959756617096,-9.485483735216757
9.4002179874814,0.18970228654182494,0.09400217987481399,-7.960299313833835,-9.745350627708314
9.4002179874814,0.1934125984188358,0.09400217987481399,-8.274729120699952,-10.002166708026694
9.4002179874814,0.1971229102958466,0.09400217987481399,-8.595249177215445,-10.255768665164997
9.4002179874814,0.20083322217285746,0.09400217987481399,-8.921859483380315,-10.506056958995671
9.4002179874814,0.2045435340498683,0.09400217987481399,-9.254560039194567,-10.752998957821973
9.4002179874814,0.20825384592687915,0.09400217987481399,-9.593350844658195,-10.99663193829649
9.4002179874814,0.21196415780388997,0.09400217987481399,-9.9382318997712,-11.237066064510154
9.4002179874814,0.21567446968090082,0.09400217987481399,-10.289203204533584,-11.474487475279
9.4002179874814,0.21938478155791166,0.09400217987481399,-10.646264758945346,-11.709161617397154
9.4002179874814,0.2230950934349225,0.09400217987481399,-11.009416563006486,-11.941436967417431
9.4002179874814,0.22680540531193333,0.09400217987481399,-11.378658616717003,-12.17174928471408
9.4002179874814,0.23051571718894417,0.09400217987481399,-11.753990920076898,-12.400626533223534
9.4002179874814,0.23422602906595502,0.09400217987481399,-12.135413473086173,-12.628694596957304
9.4002179874814,0.23793634094296587,0.09400217987481399,-12.522926275744826,-12.856683893150942
9.4002179874814,0.2416466528199767,0.09400217987481399,-12.916529328052853,-13.085436954004214
9.4002179874814,0.24535696469698753,0.09400217987481399,-13.316222630010262,-13.315916999683608
9.4002179874814,0.24906727657399838,0.09400217987481399,-13.722006181617049,-13.549217456786952
9.4002179874814,0.2527775884510092,0.09400217987481399,-14.133879982873214,-13.786572281754362
9.4002179874814,0.25648790032802005,0.09400217987481399,-14.551844033778751,-14.029366820419298
9.4002179874814,0.2601982122050309,0.09400217987481399,-14.975898334333676,-14.279148764579968
9.4002179874814,0.26390852408204174,0.09400217987481399,-15.406042884537971,-14.537638545058991
9.4002179874814,0.26761883595905256,0.09400217987481399,-15.842277684391643,-14.80673821951614
9.4002179874814,0.27132914783606343,0.09400217987481399,-16.2846027338947,-15.08853756578837
9.4002179874814,0.27503945971307425,0.09400217987481399,-16.73301803304713,-15.385315676386796
9.4002179874814,0.27874977159008507,0.09400217987481399,-17.187523581848936,-15.699535875156773
9.4002179874814,0.28246008346709595,0.09400217987481399,-17.64811938030013,-16.033831266881673
9.4002179874814,0.28617039534410676,0.09400217987481399,-18.114805428400693,-16.39097773227033
9.4002179874814,0.28988070722111764,0.09400217987481399,-18.587581726150642,-16.7738507744649
9.4002179874814,0.29359101909812846,0.09400217987481399,-19.06644827354996,-17.185362430294322
9.4002179874814,0.2973013309751393,0.09400217987481399,-19.551405070598655,-17.628374647247774
9.4002179874814,0.30101164285215015,0.09400217987481399,-20.04245211729674,-18.105586304241022
9.4002179874814,0.30472195472916097,0.09400217987481399,-20.53958941364419,-18.619392649677227
10.788094838950434,0.011607316445304631,0.10788094838950434,-0.029428195201235116,-0.5802275221084496
10.788094838950434,0.015317628322315471,0.10788094838950434,-0.0512487212622813,-0.6454738299576732
10.788094838950434,0.01902794019932631,0.10788094838950434,-0.07908307262218474,-0.714570776854961
10.788094838950434,0.02273825207633715,0.10788094838950434,-0.11293124928094543,-0.7877270659723825
10.788094838950434,0.02644856395334799,0.10788094838950434,-0.15279325123856344,-0.8651564176492723
10.788094838950434,0.03015887583035883,0.10788094838950434,-0.19866907849503868,-0.9470767141079528
10.788094838950434,0.03386918770736967,0.10788094838950434,-0.25055873105037124,-1.0337089801220065
10.788094838950434,0.03757949958438051,0.10788094838950434,-0.308462208904561,-1.125276188666826
10.788094838950434,0.04128981146139135,0.10788094838950434,-0.3723795120576081,-1.2220018820791312
10.788094838950434,0.04500012333840219,0.10788094838950434,-0.4423106405095124,-1.3241086012999026
10.788094838950434,0.04871043521541303,0.10788094838950434,-0.518255594260274,-1.431816118433491
10.788094838950434,0.05242074709242387,0.10788094838950434,-0.6002143733098929,-1.5453394711746133
10.788094838950434,0.05613105896943471,0.10788094838950434,-0.688186977658369,-1.6648868016697977
10.788094838950434,0.05984137084644555,0.10788094838950434,-0.7821734073057024,-1.7906570071058723
10.788094838950434,0.06355168272345639,0.10788094838950434,-0.8821736622518931,-1.922837214742954
10.788094838950434,0.06726199460046722,0.10788094838950434,-0.9881877424969409,-2.0616001001892945
10.788094838950434,0.07097230647747807,0.10788094838950434,-1.100215648040846,-2.207101074364064
10.788094838950434,0.0746826183544889,0.10788094838950434,-1.2182573788836084,-2.359475371684611
10.788094838950434,0.07839293023149975,0.10788094838950434,-1.3423129350252283,-2.5188350793670815
10.788094838950434,0.08210324210851058,0.10788094838950434,-1.4723823164657053,-2.6852661551159582
10.788094838950434,0.08581355398552143,0.10788094838950434,-1.6084655232050398,-2.858825487620513
10.788094838950434,0.08952386586253226,0.10788094838950434,-1.7505625552432311,-3.0395380608508678
10.788094838950434,0.09323417773954311,0.10788094838950434,-1.89867341258028,-3.227394288795811
10.788094838950434,0.09694448961655394,0.10788094838950434,-2.052798095216186,-3.4223475916263943
10.788094838950434,0.10065480149356479,0.10788094838950434,-2.212936603150949,-3.6243122869210245
10.788094838950434,0.10436511337057562,0.10788094838950434,-2.3790889363845698,-3.833161870182403
10.788094838950434,0.10807542524758647,0.10788094838950434,-2.5512550949170483,-4.048727757096149
10.788094838950434,0.1117857371245973,0.10788094838950434,-2.729435078748383,-4.270798555576372
10.788094838950434,0.11549604900160815,0.10788094838950434,-2.9136288878785757,-4.499119928471579
10.788094838950434,0.11920636087861898,0.10788094838950434,-3.103836522307625,-4.7333950978441415
10.788094838950434,0.12291667275562983,0.10788094838950434,-3.3000579820355322,-4.973286029116413
10.788094838950434,0.12662698463264066,0.10788094838950434,-3.502293267062296,-5.218415318383449
10.788094838950434,0.1303372965096515,0.10788094838950434,-3.7105423773879176,-5.468368789272263
10.788094838950434,0.13404760838666235,0.10788094838950434,-3.924805313012397,-5.722698787480526
10.788094838950434,0.13775792026367317,0.10788094838950434,-4.145082073935732,-5.980928142280115
10.788094838950434,0.14146823214068402,0.10788094838950434,-4.371372660157926,-6.242554745643693
10.788094838950434,0.14517854401769487,0.10788094838950434,-4.603677071678976,-6.507056682117712
10.788094838950434,0.1488888558947057,0.10788094838950434,-4.841995308498885,-6.773897826987199
10.788094838950434,0.15259916777171653,0.10788094838950434,-5.086327370617648,-7.04253381746917
10.788094838950434,0.15630947964872738,0.10788094838950434,-5.336673258035272,-7.312418292325994
10.788094838950434,0.16001979152573823,0.10788094838950434,-5.593032970751752,-7.583009289946659
10.788094838950434,0.16373010340274907,0.10788094838950434,-5.855406508767089,-7.853775693943888
10.788094838950434,0.1674404152797599,0.10788094838950434,-6.123793872081281,-8.124203618780493
10.788094838950434,0.17115072715677074,0.10788094838950434,-6.398195060694333,-8.393802635769541
10.788094838950434,0.17486103903378158,0.10788094838950434,-6.678610074606243,-8.662111751675068
10.788094838950434,0.17857135091079243,0.10788094838950434,-6.965038913817009,-8.928705067572622
10.788094838950434,0.18228166278780325,0.10788094838950434,-7.257481578326631,-9.193197063964554
10.788094838950434,0.1859919746648141,0.10788094838950434,-7.555938068135111,-9.455247478632929
10.788094838950434,0.18970228654182494,0.10788094838950434,-7.860408383242451,-9.714565765558401
10.788094838950434,0.1934125984188358,0.10788094838950434,-8.170892523648646,-9.970915145635042
10.788094838950434,0.1971229102958466,0.10788094838950434,-8.487390489353697,-10.224116282117404
10.788094838950434,0.20083322217285746,0.10788094838950434,-8.809902280357607,-10.474050635067272
10.788094838950434,0.2045435340498683,0.10788094838950434,-9.138427896660374,-10.72066356894072
10.788094838950434,0.20825384592687915,0.10788094838950434,-9.472967338261999,-10.963967305389643
10.788094838950434,0.21196415780388997,0.10788094838950434,-9.813520605162479,-11.204043828945927
10.788094838950434,0.21567446968090082,0.10788094838950434,-10.160087697361817,-11.441047866170491
10.788094838950434,0.21938478155791166,0.10788094838950434,-10.512668614860015,-11.675210068747123
10.788094838950434,0.2230950934349225,0.10788094838950434,-10.871263357657067,-11.906840537486527
10.788094838950434,0.22680540531193333,0.10788094838950434,-11.235871925752976,-12.136332826740192
10.788094838950434,0.23051571718894417,0.10788094838950434,-11.606494319147744,-12.364168566518979
10.788094838950434,0.23422602906595502,0.10788094838950434,-11.98313053784137,-12.590922831509369
10.788094838950434,0.23793634094296587,0.10788094838950434,-12.365780581833853,-12.817270370510418
10.788094838950434,0.2416466528199767,0.10788094838950434,-12.75444445112519,-13.043992784227395
10.788094838950434,0.24535696469698753,0.10788094838950434,-13.149122145715388,-13.27198670065606
10.788094838950434,0.24906727657399838,0.10788094838950434,-13.549813665604443,-13.502272941239651
10.788094838950434,0.2527775884510092,0.10788094838950434,-13.956519010792357,-13.736006592156246
10.788094838950434,0.25648790032802005,0.10788094838950434,-14.36923818127912,-13.974487786781863
10.788094838950434,0.2601982122050309,0.10788094838950434,-14.787971177064753,-14.219172859603715
10.788094838950434,0.26390852408204174,0.10788094838950434,-15.212717998149232,-14.471685339678762
10.788094838950434,0.26761883595905256,0.10788094838950434,-15.643478644532568,-14.733826003906367
10.788094838950434,0.27132914783606343,0.10788094838950434,-16.08025311621477,-15.007580898706157
10.788094838950434,0.27503945971307425,0.10788094838950434,-16.523041413195827,-15.295125858274897
10.788094838950434,0.27874977159008507,0.10788094838950434,-16.971843535475735,-15.598825600436555
10.788094838950434,0.28246008346709595,0.10788094838950434,-17.426659483054507,-15.921224981296618
10.788094838950434,0.28617039534410676,0.10788094838950434,-17.88748925593213,-16.265029470728578
10.788094838950434,0.28988070722111764,0.10788094838950434,-18.35433285410862,-16.633071433260827
10.788094838950434,0.29359101909812846,0.10788094838950434,-18.82719027758396,-17.028258461468003
10.788094838950434,0.2973013309751393,0.10788094838950434,-19.306061526358157,-17.453499954541734
10.788094838950434,0.30101164285215015,0.10788094838950434,-19.790946600431216,-17.91160855278435
10.788094838950434,0.30472195472916097,0.10788094838950434,-20.281845499803126,-18.4051741544656
12.175971690419468,0.011607316445304631,0.12175971690419468,-0.029054218473697234,-0.5963474560030848
12.175971690419468,0.015317628322315471,0.12175971690419468,-0.05059744689981667,-0.6618297476556503
12.175971690419468,0.01902794019932631,0.12175971690419468,-0.07807807627427264,-0.7311326135510319
12.175971690419468,0.02273825207633715,0.12175971690419468,-0.11149610659706517,-0.8044607102668935
12.175971690419468,0.02644856395334799,0.12175971690419468,-0.1508515378681943,-0.8820234816460109
12.175971690419468,0.03015887583035883,0.12175971690419468,-0.19614437008765995,-0.9640343198687598
12.175971690419468,0.03386918770736967,0.12175971690419468,-0.2473746032554622,-1.050709568894555
12.175971690419468,0.03757949958438051,0.12175971690419468,-0.30454223737160097,-1.1422673600672728
12.175971690419468,0.04128981146139135,0.12175971690419468,-0.3676472724360763,-1.2389262711387619
12.175971690419468,0.04500012333840219,0.12175971690419468,-0.43668970844888816,-1.3409038019393136
12.175971690419468,0.04871043521541303,0.12175971690419468,-0.5116695454100366,-1.4484146624680205
12.175971690419468,0.05242074709242387,0.12175971690419468,-0.5925867833195216,-1.5616688723338488
12.175971690419468,0.05613105896943471,0.12175971690419468,-0.6794414221773432,-1.6808696742802542
12.175971690419468,0.05984137084644555,0.12175971690419468,-0.7722334619835012,-1.8062112689844314
12.175971690419468,0.06355168272345639,0.12175971690419468,-0.8709629027379959,-1.937876383423148
12.175971690419468,0.06726199460046722,0.12175971690419468,-0.975629744440827,-2.0760336907973764
12.175971690419468,0.07097230647747807,0.12175971690419468,-1.0862339870919948,-2.2208351062283005
12.175971690419468,0.0746826183544889,0.12175971690419468,-1.202775630691499,-2.372412989057088
12.175971690419468,0.07839293023149975,0.12175971690419468,-1.32525467523934,-2.530877289436096
12.175971690419468,0.08210324210851058,0.12175971690419468,-1.4536711207355173,-2.6963126837798135
12.175971690419468,0.08581355398552143,0.12175971690419468,-1.5880249671800315,-2.8687757502946005
12.175971690419468,0.08952386586253226,0.12175971690419468,-1.7283162145728819,-3.0482922419326397
12.175971690419468,0.09323417773954311,0.12175971690419468,-1.8745448629140689,-3.2348545193901193
12.175971690419468,0.09694448961655394,0.12175971690419468,-2.0267109122035927,-3.428419210844935
12.175971690419468,0.10065480149356479,0.12175971690419468,-2.1848143624414527,-3.628905167655166
12.175971690419468,0.10436511337057562,0.12175971690419468,-2.3488552136276493,-3.8361917858821077
12.175971690419468,0.10807542524758647,0.12175971690419468,-2.518833465762183,-4.0501177619667565
12.175971690419468,0.1117857371245973,0.12175971690419468,-2.6947491188450527,-4.270480346947143
12.175971690419468,0.11549604900160815,0.12175971690419468,-2.876602172876259,-4.497035157118237
12.175971690419468,0.11920636087861898,0.12175971690419468,-3.0643926278558022,-4.729496589977165
12.175971690419468,0.12291667275562983,0.12175971690419468,-3.258120483783682,-4.9675388827730345
12.175971690419468,0.12662698463264066,0.12175971690419468,-3.4577857406598977,-5.210797837236666
12.175971690419468,0.1303372965096515,0.12175971690419468,-3.66338839848445,-5.458873218497169
12.175971690419468,0.13404760838666235,0.12175971690419468,-3.87492845725734,-5.711331819329406
12.175971690419468,0.13775792026367317,0.12175971690419468,-4.0924059169785645,-5.96771116336914
12.175971690419468,0.14146823214068402,0.12175971690419468,-4.315820777648128,-6.2275238035218425
12.175971690419468,0.14517854401769487,0.12175971690419468,-4.545173039266026,-6.490262155265528
12.175971690419468,0.1488888558947057,0.12175971690419468,-4.7804627018322625,-6.755403789704218
12.175971690419468,0.15259916777171653,0.12175971690419468,-5.021689765346833,-7.022417098814941
12.175971690419468,0.15630947964872738,0.12175971690419468,-5.268854229809742,-7.290767236007074
12.175971690419468,0.16001979152573823,0.12175971690419468,-5.521956095220988,-7.559922229396925
12.175971690419468,0.16373010340274907,0.12175971690419468,-5.78099536158057,-7.829359163443442
12.175971690419468,0.1674404152797599,0.12175971690419468,-6.045972028888486,-8.09857032694789
12.175971690419468,0.17115072715677074,0.12175971690419468,-6.316886097144741,-8.367069231845267
12.175971690419468,0.17486103903378158,0.12175971690419468,-6.593737566349334,-8.634396417466625
12.175971690419468,0.17857135091079243,0.12175971690419468,-6.876526436502261,-8.900124968613442
12.175971690419468,0.18228166278780325,0.12175971690419468,-7.165252707603526,-9.163865692299403
12.175971690419468,0.1859919746648141,0.12175971690419468,-7.459916379653126,-9.425271916722926
12.175971690419468,0.18970228654182494,0.12175971690419468,-7.760517452651064,-9.684043896218515
12.175971690419468,0.1934125984188358,0.12175971690419468,-8.06705592659734,-9.939932826872507
12.175971690419468,0.1971229102958466,0.12175971690419468,-8.379531801491948,-10.192744498479163
12.175971690419468,0.20083322217285746,0.12175971690419468,-8.697945077334895,-10.442342628923003
12.175971690419468,0.2045435340498683,0.12175971690419468,-9.02229575412618,-10.688651946348983
12.175971690419468,0.20825384592687915,0.12175971690419468,-9.3525838318658,-10.931661102160025
12.175971690419468,0.21196415780388997,0.12175971690419468,-9.688809310553756,-11.171425513582141
12.175971690419468,0.21567446968090082,0.12175971690419468,-10.03097219019005,-11.40807024793757
12.175971690419468,0.21938478155791166,0.12175971690419468,-10.37907247077468,-11.641793071564825
12.175971690419468,0.2230950934349225,0.12175971690419468,-10.733110152307647,-11.872867794182463
12.175971690419468,0.22680540531193333,0.12175971690419468,-11.093085234788948,-12.101648043961422
12.175971690419468,0.23051571718894417,0.12175971690419468,-11.458997718218589,-12.328571609002374
12.175971690419468,0.23422602906595502,0.12175971690419468,-11.830847602596565,-12.554165476349015
12.175971690419468,0.23793634094296587,0.12175971690419468,-12.208634887922878,-12.77905168870833
12.175971690419468,0.2416466528199767,0.12175971690419468,-12.592359574197527,-13.003954119703987
12.175971690419468,0.24535696469698753,0.12175971690419468,-12.982021661420513,-13.229706238009545
12.175971690419468,0.24906727657399838,0.12175971690419468,-13.377621149591835,-13.457259885402722
12.175971690419468,0.2527775884510092,0.12175971690419468,-13.779158038711497,-13.687695028840844
12.175971690419468,0.25648790032802005,0.12175971690419468,-14.186632328779488,-13.92223035600917
12.175971690419468,0.2601982122050309,0.12175971690419468,-14.600044019795826,-14.162234460048223
12.175971690419468,0.26390852408204174,0.12175971690419468,-15.019393111760492,-14.409237193735594
12.175971690419468,0.26761883595905256,0.12175971690419468,-15.444679604673492,-14.664940556923492
12.175971690419468,0.27132914783606343,0.12175971690419468,-15.87590349853484,-14.931228204323187
12.175971690419468,0.27503945971307425,0.12175971690419468,-16.313064793344516,-15.210172316465602
12.175971690419468,0.27874977159008507,0.12175971690419468,-16.756163489102526,-15.504036162239805
12.175971690419468,0.28246008346709595,0.12175971690419468,-17.205199585808884,-15.815270203207922
12.175971690419468,0.28617039534410676,0.12175971690419468,-17.66017308346357,-16.14649906941979
12.175971690419468,0.28988070722111764,0.12175971690419468,-18.121083982066597,-16.500496218281828
12.175971690419468,0.29359101909812846,0.12175971690419468,-18.587932281617956,-16.88014264917697
12.175971690419468,0.2973013309751393,0.12175971690419468,-19.06071798211765,-17.2883658056043
12.175971690419468,0.30101164285215015,0.12175971690419468,-19.53944108356569,-17.728054919728805
12.175971690419468,0.30472195472916097,0.12175971690419468,-20.024101585962057,-18.20194975230436
13.5638485418885,0.011607316445304631,0.135638485418885,-0.02868024174615936,-0.6127191002985803
13.5638485418885,0.015317628322315471,0.135638485418885,-0.04994617253735205,-0.6784317972645826
13.5638485418885,0.01902794019932631,0.135638485418885,-0.07707307992636057,-0.7479343515296217
13.5638485418885,0.02273825207633715,0.135638485418885,-0.11006096391318494,-0.8214274202426468
13.5638485418885,0.02644856395334799,0.135638485418885,-0.14890982449782517,-0.8991162302626527
13.5638485418885,0.03015887583035883,0.135638485418885,-0.19361966168028125,-0.9812097561188238
13.5638485418885,0.03386918770736967,0.135638485418885,-0.2441904754605532,-1.067919746547025
13.5638485418885,0.03757949958438051,0.135638485418885,-0.30062226583864093,-1.159459590111394
13.5638485418885,0.04128981146139135,0.135638485418885,-0.3629150328145445,-1.2560430118383352
13.5638485418885,0.04500012333840219,0.135638485418885,-0.43106877638826396,-1.3578825946915671
13.5638485418885,0.04871043521541303,0.135638485418885,-0.5050834965597992,-1.4651881221485548
13.5638485418885,0.05242074709242387,0.135638485418885,-0.5849591933291504,-1.5781647411401387
13.5638485418885,0.05613105896943471,0.135638485418885,-0.6706958666963174,-1.697010948213172
13.5638485418885,0.05984137084644555,0.135638485418885,-0.7622935166613002,-1.8219164059786332
13.5638485418885,0.06355168272345639,0.135638485418885,-0.8597521432240989,-1.9530596017015553
13.5638485418885,0.06726199460046722,0.135638485418885,-0.9630717463847132,-2.0906053652318217
13.5638485418885,0.07097230647747807,0.135638485418885,-1.0722523261431436,-2.2347022692923675
13.5638485418885,0.0746826183544889,0.135638485418885,-1.1872938824993897,-2.385479941321296
13.5638485418885,0.07839293023149975,0.135638485418885,-1.3081964154534518,-2.5430463224561093
13.5638485418885,0.08210324210851058,0.135638485418885,-1.4349599250053295,-2.7074849156578304
13.5638485418885,0.08581355398552143,0.135638485418885,-1.5675844111550234,-2.878852071168143
13.5638485418885,0.08952386586253226,0.135638485418885,-1.7060698739025328,-3.0571743632033956
13.5638485418885,0.09323417773954311,0.135638485418885,-1.8504163132478582,-3.2424461167178387
13.5638485418885,0.09694448961655394,0.135638485418885,-2.0006237291909996,-3.434627146897785
13.5638485418885,0.10065480149356479,0.135638485418885,-2.1566921217319566,-3.633640776459099
13.5638485418885,0.10436511337057562,0.135638485418885,-2.318621490870729,-3.839372196506463
13.5638485418885,0.10807542524758647,0.135638485418885,-2.4864118366073185,-4.0516672354056835
13.5638485418885,0.1117857371245973,0.135638485418885,-2.6600631589417225,-4.270331596605188
13.5638485418885,0.11549604900160815,0.135638485418885,-2.839575457873943,-4.495130620489373
13.5638485418885,0.11920636087861898,0.135638485418885,-3.0249487334039795,-4.725789617120805
13.5638485418885,0.12291667275562983,0.135638485418885,-3.216182985531832,-4.961994806216049
13.5638485418885,0.12662698463264066,0.135638485418885,-3.4132782142574998,-5.203394888114715
13.5638485418885,0.1303372965096515,0.135638485418885,-3.6162344195809832,-5.449603255187004
13.5638485418885,0.13404760838666235,0.135638485418885,-3.8250516015022837,-5.700200837553327
13.5638485418885,0.13775792026367317,0.135638485418885,-4.039729760021398,-5.954739560739805
13.5638485418885,0.14146823214068402,0.135638485418885,-4.2602688951383305,-6.212746376631847
13.5638485418885,0.14517854401769487,0.135638485418885,-4.486669006853077,-6.473727813530891
13.5638485418885,0.1488888558947057,0.135638485418885,-4.718930095165641,-6.737174976993916
13.5638485418885,0.15259916777171653,0.135638485418885,-4.957052160076018,-7.002568921136167
13.5638485418885,0.15630947964872738,0.135638485418885,-5.201035201584213,-7.269386300823662
13.5638485418885,0.16001979152573823,0.135638485418885,-5.450879219690225,-7.53710520917385
13.5638485418885,0.16373010340274907,0.135638485418885,-5.706584214394051,-7.805211102375116
13.5638485418885,0.1674404152797599,0.135638485418885,-5.968150185695692,-8.073202715208451
13.5638485418885,0.17115072715677074,0.135638485418885,-6.23557713359515,-8.340597875809571
13.5638485418885,0.17486103903378158,0.135638485418885,-6.508865058092425,-8.606939136967833
13.5638485418885,0.17857135091079243,0.135638485418885,-6.788013959187515,-8.871799153279712
13.5638485418885,0.18228166278780325,0.135638485418885,-7.07302383688042,-9.13478574828349
13.5638485418885,0.1859919746648141,0.135638485418885,-7.363894691171141,-9.395546632719771
13.5638485418885,0.18970228654182494,0.135638485418885,-7.66062652205968,-9.653773753653573
13.5638485418885,0.1934125984188358,0.135638485418885,-7.963219329546034,-9.909207273696847
13.5638485418885,0.1971229102958466,0.135638485418885,-8.2716731136302,-10.1616391993467
13.5638485418885,0.20083322217285746,0.135638485418885,-8.585987874312185,-10.410916696907652
13.5638485418885,0.2045435340498683,0.135638485418885,-8.906163611591987,-10.65694515307688
13.5638485418885,0.20825384592687915,0.135638485418885,-9.232200325469604,-10.899691054592806
13.5638485418885,0.21196415780388997,0.135638485418885,-9.564098015945035,-11.139184777017173
13.5638485418885,0.21567446968090082,0.135638485418885,-9.901856683018284,-11.375523386433015
13.5638485418885,0.21938478155791166,0.135638485418885,-10.24547632668935,-11.608873569319528
13.5638485418885,0.2230950934349225,0.135638485418885,-10.594956946958229,-11.839474814817757
13.5638485418885,0.22680540531193333,0.135638485418885,-10.950298543824921,-12.067642979653156
13.5638485418885,0.23051571718894417,0.135638485418885,-11.311501117289435,-12.293774368601035
13.5638485418885,0.23422602906595502,0.135638485418885,-11.678564667351763,-12.51835046177815
13.5638485418885,0.23793634094296587,0.135638485418885,-12.051489194011907,-12.741943413055912
13.5638485418885,0.2416466528199767,0.135638485418885,-12.430274697269864,-12.965222429841926
13.5638485418885,0.24535696469698753,0.135638485418885,-12.814921177125639,-13.188961121021174
13.5638485418885,0.24906727657399838,0.135638485418885,-13.205428633579231,-13.414045863791385
13.5638485418885,0.2527775884510092,0.135638485418885,-13.60179706663064,-13.641485187243406
13.5638485418885,0.25648790032802005,0.135638485418885,-14.004026476279858,-13.872420095395482
13.5638485418885,0.2601982122050309,0.135638485418885,-14.412116862526902,-14.10813514824034
13.5638485418885,0.26390852408204174,0.135638485418885,-14.826068225371753,-14.350069978132327
13.5638485418885,0.26761883595905256,0.135638485418885,-15.245880564814419,-14.59983073136816
13.5638485418885,0.27132914783606343,0.135638485418885,-15.67155388085491,-14.859200681462886
13.5638485418885,0.27503945971307425,0.135638485418885,-16.103088173493212,-15.130148952533327
13.5638485418885,0.27874977159008507,0.135638485418885,-16.540483442729325,-15.414835912451048
13.5638485418885,0.28246008346709595,0.135638485418885,-16.98373968856326,-15.715613346504965
13.5638485418885,0.28617039534410676,0.135638485418885,-17.432856910995007,-16.035017015250517
13.5638485418885,0.28988070722111764,0.135638485418885,-17.88783511002458,-16.375748665650036
13.5638485418885,0.29359101909812846,0.135638485418885,-18.348674285651956,-16.740644060615555
13.5638485418885,0.2973013309751393,0.135638485418885,-18.81537443787715,-17.132623213983667
13.5638485418885,0.30101164285215015,0.135638485418885,-19.28793556670017,-17.554618906869802
13.5638485418885,0.30472195472916097,0.135638485418885,-19.766357672120993,-18.00947990724884
14.951725393357535,0.011607316445304631,0.14951725393357534,-0.028306265018621483,-0.629341656430936
14.951725393357535,0.015317628322315471,0.14951725393357534,-0.049294898174887435,-0.6952788338856415
14.951725393357535,0.01902794019932631,0.14951725393357534,-0.0760680835784485,-0.7649744943583996
14.951725393357535,0.02273825207633715,0.14951725393357534,-0.1086258212293047,-0.8386253444371272
14.951725393357535,0.02644856395334799,0.14951725393357534,-0.14696811112745606,-0.9164324551057073
14.951725393357535,0.03015887583035883,0.14951725393357534,-0.19109495327290252,-0.9986004570701734
14.951725393357535,0.03386918770736967,0.14951725393357534,-0.2410063476656442,-1.0853365906598706
14.951725393357535,0.03757949958438051,0.14951725393357534,-0.2967022943056809,-1.1768496014766532
14.951725393357535,0.04128981146139135,0.14951725393357534,-0.35818279319301277,-1.2733484743414816
14.951725393357535,0.04500012333840219,0.14951725393357534,-0.42544784432763977,-1.3750409999153779
14.951725393357535,0.04871043521541303,0.14951725393357534,-0.49849744770956195,-1.482132170692958
14.951725393357535,0.05242074709242387,0.14951725393357534,-0.5773316033387792,-1.5948224059173648
14.951725393357535,0.05613105896943471,0.14951725393357534,-0.6619503112152916,-1.7133056083671758
14.951725393357535,0.05984137084644555,0.14951725393357534,-0.7523535713390991,-1.8377670599255476
14.951725393357535,0.06355168272345639,0.14951725393357534,-0.8485413837102018,-1.968381167345028
14.951725393357535,0.06726199460046722,0.14951725393357534,-0.9505137483285994,-2.105309074627066
14.951725393357535,0.07097230647747807,0.14951725393357534,-1.0582706651942924,-2.248696163874893
14.951725393357535,0.0746826183544889,0.14951725393357534,-1.1718121343072803,-2.398669472247234
14.951725393357535,0.07839293023149975,0.14951725393357534,-1.2911381556675636,-2.5553350585993857
14.951725393357535,0.08210324210851058,0.14951725393357534,-1.4162487292751418,-2.718775359370635
14.951725393357535,0.08581355398552143,0.14951725393357534,-1.5471438551300154,-2.8890465790491904
14.951725393357535,0.08952386586253226,0.14951725393357534,-1.6838235332321838,-3.0661761658723865
14.951725393357535,0.09323417773954311,0.14951725393357534,-1.8262877635816475,-3.250160428028661
14.951725393357535,0.09694448961655394,0.14951725393357534,-1.9745365461784063,-3.440962349230157
14.951725393357535,0.10065480149356479,0.14951725393357534,-2.1285698810224605,-3.638509664829243
14.951725393357535,0.10436511337057562,0.14951725393357534,-2.288387768113809,-3.8426932603793675
14.951725393357535,0.10807542524758647,0.14951725393357534,-2.453990207452454,-4.053365953442237
14.951725393357535,0.1117857371245973,0.14951725393357534,-2.6253771990383927,-4.270341716321855
14.951725393357535,0.11549604900160815,0.14951725393357534,-2.8025487428716276,-4.493395392135276
14.951725393357535,0.11920636087861898,0.14951725393357534,-2.9855048389521572,-4.722262949171985
14.951725393357535,0.12291667275562983,0.14951725393357534,-3.174245487279982,-4.956642308917075
14.951725393357535,0.12662698463264066,0.14951725393357534,-3.368770687855102,-5.196194771599767
14.951725393357535,0.1303372965096515,0.14951725393357534,-3.5690804406775167,-5.440547049979537
14.951725393357535,0.13404760838666235,0.14951725393357534,-3.7751747457472273,-5.689293907713639
14.951725393357535,0.13775792026367317,0.14951725393357534,-3.987053603064232,-5.942001383578665
14.951725393357535,0.14146823214068402,0.14951725393357534,-4.2047170126285325,-6.1982105676435
14.951725393357535,0.14517854401769487,0.14951725393357534,-4.4281649744401275,-6.457441880859333
14.951725393357535,0.1488888558947057,0.14951725393357534,-4.657397488499019,-6.719199796110091
14.951725393357535,0.15259916777171653,0.14951725393357534,-4.892414554805204,-6.982977927194854
14.951725393357535,0.15630947964872738,0.14951725393357534,-5.133216173358686,-7.24826440307228
14.951725393357535,0.16001979152573823,0.14951725393357534,-5.379802344159462,-7.514547438469233
14.951725393357535,0.16373010340274907,0.14951725393357534,-5.632173067207534,-7.781321008991922
14.951725393357535,0.1674404152797599,0.14951725393357534,-5.890328342502897,-8.04809053938188
14.951725393357535,0.17115072715677074,0.14951725393357534,-6.15426817004556,-8.31437851756966
14.951725393357535,0.17486103903378158,0.14951725393357534,-6.423992549835518,-8.579729954573535
14.951725393357535,0.17857135091079243,0.14951725393357534,-6.699501481872769,-8.843717620795939
14.951725393357535,0.18228166278780325,0.14951725393357534,-6.980794966157315,-9.105947002484845
14.951725393357535,0.1859919746648141,0.14951725393357534,-7.267873002689156,-9.366060937548005
14.951725393357535,0.18970228654182494,0.14951725393357534,-7.560735591468295,-9.62374390697151
14.951725393357535,0.1934125984188358,0.14951725393357534,-7.859382732494728,-9.87872597620279
14.951725393357535,0.1971229102958466,0.14951725393357534,-8.163814425768454,-10.130786399427242
14.951725393357535,0.20083322217285746,0.14951725393357534,-8.474030671289476,-10.379756918143146
14.951725393357535,0.2045435340498683,0.14951725393357534,-8.790031469057794,-10.62552480332963
14.951725393357535,0.20825384592687915,0.14951725393357534,-9.111816819073407,-10.868035707384067
14.951725393357535,0.21196415780388997,0.14951725393357534,-9.439386721336314,-11.107296407528152
14.951725393357535,0.21567446968090082,0.14951725393357534,-9.772741175846518,-11.34337753625518
14.951725393357535,0.21938478155791166,0.14951725393357534,-10.111880182604017,-11.576416406361224
14.951725393357535,0.2230950934349225,0.14951725393357534,-10.456803741608809,-11.806620047911295
14.951725393357535,0.22680540531193333,0.14951725393357534,-10.807511852860896,-12.034268581826067
14.951725393357535,0.23051571718894417,0.14951725393357534,-11.164004516360281,-12.259719059198135
14.951725393357535,0.23422602906595502,0.14951725393357534,-11.526281732106959,-12.483409896311333
14.951725393357535,0.23793634094296587,0.14951725393357534,-11.894343500100934,-12.705866031681992
14.951725393357535,0.2416466528199767,0.14951725393357534,-12.2681898203422,-12.927704921865354
14.951725393357535,0.24535696469698753,0.14951725393357534,-12.647820692830766,-13.149643475286162
14.951725393357535,0.24906727657399838,0.14951725393357534,-13.033236117566625,-13.372505995215963
14.951725393357535,0.2527775884510092,0.14951725393357534,-13.424436094549783,-13.597233160547225
14.951725393357535,0.25648790032802005,0.14951725393357534,-13.821420623780229,-13.824892011398333
14.951725393357535,0.2601982122050309,0.14951725393357534,-14.224189705257977,-14.056686819729544
14.951725393357535,0.26390852408204174,0.14951725393357534,-14.632743338983014,-14.293970605599476
14.951725393357535,0.26761883595905256,0.14951725393357534,-15.047081524955345,-14.53825689869557
14.951725393357535,0.27132914783606343,0.14951725393357534,-15.46720426317498,-14.791231132666981
14.951725393357535,0.27503945971307425,0.14951725393357534,-15.893111553641905,-15.054760786853212
14.951725393357535,0.27874977159008507,0.14951725393357534,-16.32480339635612,-15.330903048076232
14.951725393357535,0.28246008346709595,0.14951725393357534,-16.762279791317642,-15.621908350364492
14.951725393357535,0.28617039534410676,0.14951725393357534,-17.205540738526448,-15.930217667414977
14.951725393357535,0.28988070722111764,0.14951725393357534,-17.65458623798256,-16.258450900435573
14.951725393357535,0.29359101909812846,0.14951725393357534,-18.109416289685957,-16.609383164512955
14.951725393357535,0.2973013309751393,0.14951725393357534,-18.570030893636652,-16.98590530385413
14.951725393357535,0.30101164285215015,0.14951725393357534,-19.036430049834646,-17.390964676326362
14.951725393357535,0.30472195472916097,0.14951725393357534,-19.508613758279928,-17.827482306070095
16.33960224482657,0.011607316445304631,0.16339602244826568,-0.027932288291083605,-0.6462140242327092
16.33960224482657,0.015317628322315471,0.16339602244826568,-0.04864362381242281,-0.7123694123060025
16.33960224482657,0.01902794019932631,0.16339602244826568,-0.07506308723053644,-0.782251247225862
16.33960224482657,0.02273825207633715,0.16339602244826568,-0.10719067854542447,-0.8560523355544079
16.33960224482657,0.02644856395334799,0.16339602244826568,-0.14502639775708695,-0.9339696550569556
16.33960224482657,0.03015887583035883,0.16339602244826568,-0.18857024486552382,-1.0162035678207726
16.33960224482657,0.03386918770736967,0.16339602244826568,-0.23782221987073518,-1.102956893739265
16.33960224482657,0.03757949958438051,0.16339602244826568,-0.29278232277272087,-1.1944338361519113
16.33960224482657,0.04128981146139135,0.16339602244826568,-0.35345055357148103,-1.290838752763099
16.33960224482657,0.04500012333840219,0.16339602244826568,-0.4198269122670156,-1.392374766716542
16.33960224482657,0.04871043521541303,0.16339602244826568,-0.4919113988593246,-1.4992422149157276
16.33960224482657,0.05242074709242387,0.16339602244826568,-0.569704013348408,-1.611636933385273
16.33960224482657,0.05613105896943471,0.16339602244826568,-0.6532047557342658,-1.7297483826819504
16.33960224482657,0.05984137084644555,0.16339602244826568,-0.742413626016898,-1.8537576200931198
16.33960224482657,0.06355168272345639,0.16339602244826568,-0.8373306241963047,-1.9838351295875962
16.33960224482657,0.06726199460046722,0.16339602244826568,-0.9379557502724856,-2.1201385251733
16.33960224482657,0.07097230647747807,0.16339602244826568,-1.0442890042454411,-2.26281014840048
16.33960224482657,0.0746826183544889,0.16339602244826568,-1.156330386115171,-2.41197458613406
16.33960224482657,0.07839293023149975,0.16339602244826568,-1.2740798958816753,-2.56773614027495
16.33960224482657,0.08210324210851058,0.16339602244826568,-1.397537533544954,-2.7301762866758015
16.33960224482657,0.08581355398552143,0.16339602244826568,-1.5267032991050073,-2.8993511658770674
16.33960224482657,0.08952386586253226,0.16339602244826568,-1.6615771925618348,-3.0752891532602606
16.33960224482657,0.09323417773954311,0.16339602244826568,-1.8021592139154368,-3.2579885605282284
16.33960224482657,0.09694448961655394,0.16339602244826568,-1.9484493631658133,-3.447415523815972
16.33960224482657,0.10065480149356479,0.16339602244826568,-2.100447640312964,-3.6435021359415
16.33960224482657,0.10436511337057562,0.16339602244826568,-2.258154045356889,-3.8461448810713357
16.33960224482657,0.10807542524758647,0.16339602244826568,-2.421568578297589,-4.0552034291692785
16.33960224482657,0.1117857371245973,0.16339602244826568,-2.590691239135063,-4.270499844838106
16.33960224482657,0.11549604900160815,0.16339602244826568,-2.7655220278693116,-4.491818260429715
16.33960224482657,0.11920636087861898,0.16339602244826568,-2.9460609445003345,-4.718905056549786
16.33960224482657,0.12291667275562983,0.16339602244826568,-3.1323079890281322,-4.951469584369761
16.33960224482657,0.12662698463264066,0.16339602244826568,-3.324263161452704,-5.18918545363704
16.33960224482657,0.1303372965096515,0.16339602244826568,-3.5219264617740498,-5.431692398206294
16.33960224482657,0.13404760838666235,0.16339602244826568,-3.725297889992171,-5.678598717667167
16.33960224482657,0.13775792026367317,0.16339602244826568,-3.934377446107065,-5.929484279677219
16.33960224482657,0.14146823214068402,0.16339602244826568,-4.149165130118735,-6.1839040534583205
16.33960224482657,0.14517854401769487,0.16339602244826568,-4.369660942027179,-6.441392131167814
16.33960224482657,0.1488888558947057,0.16339602244826568,-4.595864881832397,-6.701466181118381
16.33960224482657,0.15259916777171653,0.16339602244826568,-4.827776949534389,-6.963632265684513
16.33960224482657,0.15630947964872738,0.16339602244826568,-5.065397145133157,-7.227389947742118
16.33960224482657,0.16001979152573823,0.16339602244826568,-5.308725468628698,-7.49223760310208
16.33960224482657,0.16373010340274907,0.16339602244826568,-5.557761920021015,-7.757677852966214
16.33960224482657,0.1674404152797599,0.16339602244826568,-5.812506499310103,-8.023223030174037
16.33960224482657,0.17115072715677074,0.16339602244826568,-6.072959206495969,-8.288400595992005
16.33960224482657,0.17486103903378158,0.16339602244826568,-6.339120041578609,-8.552758430349044
16.33960224482657,0.17857135091079243,0.16339602244826568,-6.610989004558022,-8.815869927530267
16.33960224482657,0.18228166278780325,0.16339602244826568,-6.88856609543421,-9.077338841067768
16.33960224482657,0.1859919746648141,0.16339602244826568,-7.1718513142071725,-9.336803835483403
16.33960224482657,0.18970228654182494,0.16339602244826568,-7.46084466087691,-9.593942718141367
16.33960224482657,0.1934125984188358,0.16339602244826568,-7.7555461354434225,-9.848476341227462
16.33960224482657,0.1971229102958466,0.16339602244826568,-8.055955737906705,-10.100172181248984
16.33960224482657,0.20083322217285746,0.16339602244826568,-8.362073468266766,-10.348847620933757
16.33960224482657,0.2045435340498683,0.16339602244826568,-8.673899326523602,-10.594372975536587
16.33960224482657,0.20825384592687915,0.16339602244826568,-8.991433312677211,-10.836674321932762
16.33960224482657,0.21196415780388997,0.16339602244826568,-9.314675426727593,-11.075736204156541
16.33960224482657,0.21567446968090082,0.16339602244826568,-9.643625668674751,-11.311604302949364
16.33960224482657,0.21938478155791166,0.16339602244826568,-9.978284038518684,-11.544388169179484
16.33960224482657,0.2230950934349225,0.16339602244826568,-10.31865053625939,-11.774264131454675
16.33960224482657,0.22680540531193333,0.16339602244826568,-10.66472516189687,-12.001478496606433
16.33960224482657,0.23051571718894417,0.16339602244826568,-11.016507915431125,-12.226351167619308
16.33960224482657,0.23422602906595502,0.16339602244826568,-11.373998796862157,-12.449279806485348
16.33960224482657,0.23793634094296587,0.16339602244826568,-11.737197806189961,-12.67074466859063
16.33960224482657,0.2416466528199767,0.16339602244826568,-12.106104943414538,-12.891314229424315
16.33960224482657,0.24535696469698753,0.16339602244826568,-12.480720208535892,-13.111651711969243
16.33960224482657,0.24906727657399838,0.16339602244826568,-12.861043601554021,-13.332522601744211
16.33960224482657,0.2527775884510092,0.16339602244826568,-13.247075122468924,-13.554803202939334
16.33960224482657,0.25648790032802005,0.16339602244826568,-13.638814771280598,-13.779490239194029
16.33960224482657,0.2601982122050309,0.16339602244826568,-14.036262547989054,-14.007711430873824
16.33960224482657,0.26390852408204174,0.16339602244826568,-14.439418452594275,-14.240736880406583
16.33960224482657,0.26761883595905256,0.16339602244826568,-14.848282485096272,-14.479990960153696
16.33960224482657,0.27132914783606343,0.16339602244826568,-15.26285464549505,-14.727064214016327
16.33960224482657,0.27503945971307425,0.16339602244826568,-15.683134933790598,-14.983724544459536
16.33960224482657,0.27874977159008507,0.16339602244826568,-16.109123349982916,-15.251926651326094
16.33960224482657,0.28246008346709595,0.16339602244826568,-16.54081989407202,-15.533818310730267
16.33960224482657,0.28617039534410676,0.16339602244826568,-16.97822456605789,-15.831741630436783
16.33960224482657,0.28988070722111764,0.16339602244826568,-17.421337365940538,-16.14822690241943
16.33960224482657,0.29359101909812846,0.16339602244826568,-17.870158293719957,-16.485976121821242
16.33960224482657,0.2973013309751393,0.16339602244826568,-18.32468734939615,-16.847832709513895
16.33960224482657,0.30101164285215015,0.16339602244826568,-18.784924532969125,-17.236733555503335
16.33960224482657,0.30472195472916097,0.16339602244826568,-19.250869844438864,-17.65563933206334
17.727479096295603,0.011607316445304631,0.17727479096295604,-0.027558311563545726,-0.6633347829774241
17.727479096295603,0.015317628322315471,0.17727479096295604,-0.04799234944995819,-0.7297017687051661
17.727479096295603,0.01902794019932631,0.17727479096295604,-0.07405809088262436,-0.7997624993100239
17.727479096295603,0.02273825207633715,0.17727479096295604,-0.10575553586154421,-0.8737059334910895
17.727479096295603,0.02644856395334799,0.17727479096295604,-0.14308468438671781,-0.9517250199462794
17.727479096295603,0.03015887583035883,0.17727479096295604,-0.1860455364581451,-1.034015928659179
17.727479096295603,0.03386918770736967,0.17727479096295604,-0.23463809207582612,-1.1207771481343918
17.727479096295603,0.03757949958438051,0.17727479096295604,-0.2888623512397608,-1.2122084409448495
17.727479096295603,0.04128981146139135,0.17727479096295604,-0.34871831394994923,-1.3085096512417316
17.727479096295603,0.04500012333840219,0.17727479096295604,-0.4142059802063913,-1.4098793595586065
17.727479096295603,0.04871043521541303,0.17727479096295604,-0.48532535000908716,-1.5165133823495847
17.727479096295603,0.05242074709242387,0.17727479096295604,-0.5620764233580366,-1.6286031162649182
17.727479096295603,0.05613105896943471,0.17727479096295604,-0.6444592002532399,-1.7463337302019841
17.727479096295603,0.05984137084644555,0.17727479096295604,-0.7324736806946969,-1.8698822116785885
17.727479096295603,0.06355168272345639,0.17727479096295604,-0.8261198646824075,-1.9994152780431347
17.727479096295603,0.06726199460046722,0.17727479096295604,-0.9253977522163717,-2.1350871674268284
17.727479096295603,0.07097230647747807,0.17727479096295604,-1.0303073432965897,-2.277037329095551
17.727479096295603,0.0746826183544889,0.17727479096295604,-1.1408486379230613,-2.425388037884456
17.727479096295603,0.07839293023149975,0.17727479096295604,-1.2570216360957869,-2.5802419625798096
17.727479096295603,0.08210324210851058,0.17727479096295604,-1.378826337814766,-2.741679723300101
17.727479096295603,0.08581355398552143,0.17727479096295604,-1.506262743079999,-2.9097574779460977
17.727479096295603,0.08952386586253226,0.17727479096295604,-1.6393308518914855,-3.084504582430596
17.727479096295603,0.09323417773954311,0.17727479096295604,-1.7780306642492258,-3.2659213734398858
17.727479096295603,0.09694448961655394,0.17727479096295604,-1.9223621801532198,-3.4539771256781946
17.727479096295603,0.10065480149356479,0.17727479096295604,-2.0723253996034674,-3.648608237663289
17.727479096295603,0.10436511337057562,0.17727479096295604,-2.2279203225999686,-3.8497167009402937
17.727479096295603,0.10807542524758647,0.17727479096295604,-2.389146949142724,-4.057168906852287
17.727479096295603,0.1117857371245973,0.17727479096295604,-2.5560052792317327,-4.270794842580727
17.727479096295603,0.11549604900160815,0.17727479096295604,-2.7284953128669955,-4.490387723928873
17.727479096295603,0.11920636087861898,0.17727479096295604,-2.9066170500485113,-4.715704106224833
17.727479096295603,0.12291667275562983,0.17727479096295604,-3.090370490776282,-4.94646450680459
17.727479096295603,0.12662698463264066,0.17727479096295604,-3.279755635050305,-5.18235456293106
17.727479096295603,0.1303372965096515,0.17727479096295604,-3.4747724828705824,-5.423026737940257
17.727479096295603,0.13404760838666235,0.17727479096295604,-3.675421034237114,-5.668102576202314
17.727479096295603,0.13775792026367317,0.17727479096295604,-3.881701289149898,-5.917175494552143
17.727479096295603,0.14146823214068402,0.17727479096295604,-4.093613247608936,-6.169814084661563
17.727479096295603,0.14517854401769487,0.17727479096295604,-4.311156909614229,-6.4255658879211826
17.727479096295603,0.1488888558947057,0.17727479096295604,-4.5343322751657755,-6.683961592328494
17.727479096295603,0.15259916777171653,0.17727479096295604,-4.763139344263574,-6.944519590184154
17.727479096295603,0.15630947964872738,0.17727479096295604,-4.997578116907627,-7.206750826587939
17.727479096295603,0.16001979152573823,0.17727479096295604,-5.237648593097934,-7.470163862237536
17.727479096295603,0.16373010340274907,0.17727479096295604,-5.483350772834496,-7.734270070211512
17.727479096295603,0.1674404152797599,0.17727479096295604,-5.734684656117309,-7.998588885489209
17.727479096295603,0.17115072715677074,0.17727479096295604,-5.991650242946377,-8.262653028024465
17.727479096295603,0.17486103903378158,0.17727479096295604,-6.2542475333217,-8.526013625214196
17.727479096295603,0.17857135091079243,0.17727479096295604,-6.522476527243275,-8.788245167424723
17.727479096295603,0.18228166278780325,0.17727479096295604,-6.796337224711104,-9.048950240583704
17.727479096295603,0.1859919746648141,0.17727479096295604,-7.075829625725186,-9.307763992344109
17.727479096295603,0.18970228654182494,0.17727479096295604,-7.360953730285524,-9.564358302540871
17.727479096295603,0.1934125984188358,0.17727479096295604,-7.651709538392115,-9.818445644116359
17.727479096295603,0.1971229102958466,0.17727479096295604,-7.948097050044957,-10.069782636898134
17.727479096295603,0.20083322217285746,0.17727479096295604,-8.250116265244055,-10.318173313102305
17.727479096295603,0.2045435340498683,0.17727479096295604,-8.557767183989407,-10.563472129774393
17.727479096295603,0.20825384592687915,0.17727479096295604,-8.871049806281013,-10.805586779185534
17.727479096295603,0.21196415780388997,0.17727479096295604,-9.18996413211887,-11.04448086315287
17.727479096295603,0.21567446968090082,0.17727479096295604,-9.514510161502983,-11.280176511083573
17.727479096295603,0.21938478155791166,0.17727479096295604,-9.844687894433351,-11.512757034027183
17.727479096295603,0.2230950934349225,0.17727479096295604,-10.18049733090997,-11.742369717954544
17.727479096295603,0.22680540531193333,0.17727479096295604,-10.521938470932842,-11.969228868638252
17.727479096295603,0.23051571718894417,0.17727479096295604,-10.86901131450197,-12.19361922759284
17.727479096295603,0.23422602906595502,0.17727479096295604,-11.221715861617351,-12.415899883114507
17.727479096295603,0.23793634094296587,0.17727479096295604,-11.580052112278988,-12.636508801894687
17.727479096295603,0.2416466528199767,0.17727479096295604,-11.944020066486875,-12.855968104008843
17.727479096295603,0.24535696469698753,0.17727479096295604,-12.313619724241017,-13.074890195902983
17.727479096295603,0.24906727657399838,0.17727479096295604,-12.688851085541414,-13.293984860334213
17.727479096295603,0.2527775884510092,0.17727479096295604,-13.069714150388066,-13.514067376333015
17.727479096295603,0.25648790032802005,0.17727479096295604,-13.456208918780966,-13.73606770246969
17.727479096295603,0.2601982122050309,0.17727479096295604,-13.848335390720127,-13.961040698213901
17.727479096295603,0.26390852408204174,0.17727479096295604,-14.246093566205534,-14.19017727485056
17.727479096295603,0.26761883595905256,0.17727479096295604,-14.649483445237195,-14.424816251713317
17.727479096295603,0.27132914783606343,0.17727479096295604,-15.05850502781512,-14.666456536489166
17.727479096295603,0.27503945971307425,0.17727479096295604,-15.47315831393929,-14.916769040039245
17.727479096295603,0.27874977159008507,0.17727479096295604,-15.893443303609711,-15.17760746629172
17.727479096295603,0.28246008346709595,0.17727479096295604,-16.319359996826396,-15.451016777259591
17.727479096295603,0.28617039534410676,0.17727479096295604,-16.750908393589324,-15.739237716946842
17.727479096295603,0.28988070722111764,0.17727479096295604,-17.188088493898515,-16.044705288659106
17.727479096295603,0.29359101909812846,0.17727479096295604,-17.630900297753954,-16.37003853488676
17.727479096295603,0.2973013309751393,0.17727479096295604,-18.079343805155645,-16.718018406533922
17.727479096295603,0.30101164285215015,0.17727479096295604,-18.5334190161036,-17.091550000073422
17.727479096295603,0.30472195472916097,0.17727479096295604,-18.993125930597795,-17.49360510125683
19.115355947764638,0.011607316445304631,0.19115355947764637,-0.02718433483600785,-0.6807021722644748
19.115355947764638,0.015317628322315471,0.19115355947764637,-0.04734107508749357,-0.747273802265846
19.115355947764638,0.01902794019932631,0.19115355947764637,-0.07305309453471227,-0.8175058061152645
19.115355947764638,0.02273825207633715,0.19115355947764637,-0.10432039317766396,-0.8915833483934521
19.115355947764638,0.02644856395334799,0.19115355947764637,-0.14114297101634868,-0.9696954143182421
19.115355947764638,0.03015887583035883,0.19115355947764637,-0.1835208280507664,-1.0520340595247588
19.115355947764638,0.03386918770736967,0.19115355947764637,-0.2314539642809171,-1.1387935311715536
19.115355947764638,0.03757949958438051,0.19115355947764637,-0.28494237970680075,-1.2301692532666628
19.115355947764638,0.04128981146139135,0.19115355947764637,-0.3439860743284175,-1.3263566703491354
19.115355947764638,0.04500012333840219,0.19115355947764637,-0.4085850481457671,-1.4275499452698965
19.115355947764638,0.04871043521541303,0.19115355947764637,-0.47873930115884983,-1.5339405088218108
19.115355947764638,0.05242074709242387,0.19115355947764637,-0.5544488333676655,-1.6457154613965796
19.115355947764638,0.05613105896943471,0.19115355947764637,-0.6357136447722141,-1.7630558297091867
19.115355947764638,0.05984137084644555,0.19115355947764637,-0.7225337353724958,-1.8861346849312572
19.115355947764638,0.06355168272345639,0.19115355947764637,-0.8149091051685105,-2.01511513229636
19.115355947764638,0.06726199460046722,0.19115355947764637,-0.9128397541602579,-2.1501481863509073
19.115355947764638,0.07097230647747807,0.19115355947764637,-1.0163256823477387,-2.2913705504648005
19.115355947764638,0.0746826183544889,0.19115355947764637,-1.1253668897309521,-2.438902323906993
19.115355947764638,0.07839293023149975,0.19115355947764637,-1.2399633763098987,-2.5928446646225534
19.115355947764638,0.08210324210851058,0.19115355947764637,-1.3601151420845783,-2.75327744068517
19.115355947764638,0.08581355398552143,0.19115355947764637,-1.485822187054991,-2.9202569080793412
19.115355947764638,0.08952386586253226,0.19115355947764637,-1.6170845112211365,-3.0938134568037494
19.115355947764638,0.09323417773954311,0.19115355947764637,-1.7539021145830151,-3.2739494710760253
19.115355947764638,0.09694448961655394,0.19115355947764637,-1.8962749971406268,-3.460637352440314
19.115355947764638,0.10065480149356479,0.19115355947764637,-2.0442031588939713,-3.653817756612748
19.115355947764638,0.10436511337057562,0.19115355947764637,-2.1976865998430486,-3.8533980957298475
19.115355947764638,0.10807542524758647,0.19115355947764637,-2.3567253199878597,-4.059251357100132
19.115355947764638,0.1117857371245973,0.19115355947764637,-2.521319319328403,-4.271215287439249
19.115355947764638,0.11549604900160815,0.19115355947764637,-2.6914685978646795,-4.489091987785168
19.115355947764638,0.11920636087861898,0.19115355947764637,-2.867173155596689,-4.712647958793957
19.115355947764638,0.12291667275562983,0.19115355947764637,-3.0484329925244316,-4.941614628936589
19.115355947764638,0.12662698463264066,0.19115355947764637,-3.235248108647907,-5.175689389361223
19.115355947764638,0.1303372965096515,0.19115355947764637,-3.4276185039671154,-5.414537149050598
19.115355947764638,0.13404760838666235,0.19115355947764637,-3.6255441784820577,-5.657792412673039
19.115355947764638,0.13775792026367317,0.19115355947764637,-3.829025132192731,-5.905061871560441
19.115355947764638,0.14146823214068402,0.19115355947764637,-4.038061365099139,-6.1559274859748845
19.115355947764638,0.14517854401769487,0.19115355947764637,-4.252652877201279,-6.409950024725973
19.115355947764638,0.1488888558947057,0.19115355947764637,-4.472799668499153,-6.666673016774613
19.115355947764638,0.15259916777171653,0.19115355947764637,-4.698501738992759,-6.9256270592077165
19.115355947764638,0.15630947964872738,0.19115355947764637,-4.929759088682099,-7.18633441736454
19.115355947764638,0.16001979152573823,0.19115355947764637,-5.166571717567172,-7.4483138463540435
19.115355947764638,0.16373010340274907,0.19115355947764637,-5.408939625647978,-7.711085559061294
19.115355947764638,0.1674404152797599,0.19115355947764637,-5.656862812924515,-7.974176264231085
19.115355947764638,0.17115072715677074,0.19115355947764637,-5.910341279396786,-8.237124199462786
19.115355947764638,0.17486103903378158,0.19115355947764637,-6.169375025064792,-8.499484087951888
19.115355947764638,0.17857135091079243,0.19115355947764637,-6.433964049928528,-8.760831954456057
19.115355947764638,0.18228166278780325,0.19115355947764637,-6.704108353987999,-9.020769745025515
19.115355947764638,0.1859919746648141,0.19115355947764637,-6.979807937243202,-9.278929706206155
19.115355947764638,0.18970228654182494,0.19115355947764637,-7.261062799694139,-9.534978492320253
19.115355947764638,0.1934125984188358,0.19115355947764637,-7.54787294134081,-9.788620983630702
19.115355947764638,0.1971229102958466,0.19115355947764637,-7.84023836218321,-10.039603813259887
19.115355947764638,0.20083322217285746,0.19115355947764637,-8.138159062221344,-10.28771861623289
19.115355947764638,0.2045435340498683,0.19115355947764637,-8.441635041455214,-10.53280502954135
19.115355947764638,0.20825384592687915,0.19115355947764637,-8.750666299884816,-10.774753487319854
19.115355947764638,0.21196415780388997,0.19115355947764637,-9.06525283751015,-11.01350786978307
19.115355947764638,0.21567446968090082,0.19115355947764637,-9.385394654331218,-11.249068078232883
19.115355947764638,0.21938478155791166,0.19115355947764637,-9.711091750348018,-11.481492620998521
19.115355947764638,0.2230950934349225,0.19115355947764637,-10.042344125560552,-11.710901306429443
19.115355947764638,0.22680540531193333,0.19115355947764637,-10.379151779968815,-11.937478148824905
19.115355947764638,0.23051571718894417,0.19115355947764637,-10.721514713572816,-12.161474601212898
19.115355947764638,0.23422602906595502,0.19115355947764637,-11.06943292637255,-12.383213234833875
19.115355947764638,0.23793634094296587,0.19115355947764637,-11.422906418368015,-12.603091988520594
19.115355947764638,0.2416466528199767,0.19115355947764637,-11.781935189559212,-12.821589111104725
19.115355947764638,0.24535696469698753,0.19115355947764637,-12.146519239946144,-13.0392689153647
19.115355947764638,0.24906727657399838,0.19115355947764637,-12.51665856952881,-13.256788451189564
19.115355947764638,0.2527775884510092,0.19115355947764637,-12.892353178307209,-13.474905186240127
19.115355947764638,0.25648790032802005,0.19115355947764637,-13.273603066281336,-13.694485751266258
19.115355947764638,0.2601982122050309,0.19115355947764637,-13.660408233451204,-13.916515760168615
19.115355947764638,0.26390852408204174,0.19115355947764637,-14.052768679816795,-14.142110646416608
19.115355947764638,0.26761883595905256,0.19115355947764637,-14.450684405378121,-14.372527360693228
19.115355947764638,0.27132914783606343,0.19115355947764637,-14.854155410135188,-14.609176641303248
19.115355947764638,0.27503945971307425,0.19115355947764637,-15.263181694087983,-14.853635389297962
19.115355947764638,0.27874977159008507,0.19115355947764637,-15.677763257236508,-15.107658443930816
19.115355947764638,0.28246008346709595,0.19115355947764637,-16.097900099580773,-15.37318875069529
19.115355947764638,0.28617039534410676,0.19115355947764637,-16.523592221120765,-15.65236453574737
19.115355947764638,0.28988070722111764,0.19115355947764637,-16.954839621856497,-15.947521644412655
19.115355947764638,0.29359101909812846,0.19115355947764637,-17.391642301787954,-16.261188675658595
19.115355947764638,0.2973013309751393,0.19115355947764637,-17.834000260915147,-16.59607197443915
19.115355947764638,0.30101164285215015,0.19115355947764637,-18.281913499238076,-16.95502698215588
19.115355947764638,0.30472195472916097,0.19115355947764637,-18.73538201675673,-17.34101198230826
20.503232799233672,0.011607316445304631,0.20503232799233673,-0.026810358108469972,-0.6983140728326407
20.503232799233672,0.015317628322315471,0.20503232799233673,-0.04668980072502895,-0.7650830567803117
20.503232799233672,0.01902794019932631,0.20503232799233673,-0.0720480981868002,-0.8354783718709209
20.503232799233672,0.02273825207633715,0.20503232799233673,-0.10288525049378373,-0.9096814438419742
20.503232799233672,0.02644856395334799,0.20503232799233673,-0.13920125764597957,-0.9878773613908098
20.503232799233672,0.03015887583035883,0.20503232799233673,-0.18099611964338766,-1.0702541447243181
20.503232799233672,0.03386918770736967,0.20503232799233673,-0.2282698364860081,-1.1570018906079844
20.503232799233672,0.03757949958438051,0.20503232799233673,-0.2810224081738408,-1.2483117872991079
20.503232799233672,0.04128981146139135,0.20503232799233673,-0.3392538347068857,-1.3443749939439509
20.503232799233672,0.04500012333840219,0.20503232799233673,-0.40296411608514293,-1.4453813805555575
20.503232799233672,0.04871043521541303,0.20503232799233673,-0.4721532523086125,-1.5515181265957376
20.503232799233672,0.05242074709242387,0.20503232799233673,-0.5468212433772943,-1.6629681784816723
20.503232799233672,0.05613105896943471,0.20503232799233673,-0.6269680892911883,-1.7799085690374952
20.503232799233672,0.05984137084644555,0.20503232799233673,-0.7125937900502947,-1.9025086050136077
20.503232799233672,0.06355168272345639,0.20503232799233673,-0.8036983456546134,-2.030927932287072
20.503232799233672,0.06726199460046722,0.20503232799233673,-0.9002817561041441,-2.165314492202712
20.503232799233672,0.07097230647747807,0.20503232799233673,-1.0023440213988875,-2.305802386664302
20.503232799233672,0.0746826183544889,0.20503232799233673,-1.1098851415388427,-2.4525096739628944
20.503232799233672,0.07839293023149975,0.20503232799233673,-1.2229051165240106,-2.605536121836008
20.503232799233672,0.08210324210851058,0.20503232799233673,-1.3414039463543905,-2.7649609487627895
20.503232799233672,0.08581355398552143,0.20503232799233673,-1.465381631029983,-2.9308405888687075
20.503232799233672,0.08952386586253226,0.20503232799233673,-1.5948381705507875,-3.103206519868758
20.503232799233672,0.09323417773954311,0.20503232799233673,-1.7297735649168045,-3.282063197034137
20.503232799233672,0.09694448961655394,0.20503232799233673,-1.8701878141280335,-3.467386139023889
20.503232799233672,0.10065480149356479,0.20503232799233673,-2.016080918184475,-3.6591202133793614
20.503232799233672,0.10436511337057562,0.20503232799233673,-2.1674528770861285,-3.8571781703383476
20.503232799233672,0.10807542524758647,0.20503232799233673,-2.324303690832995,-4.0614394732102
20.503232799233672,0.1117857371245973,0.20503232799233673,-2.4866333594250727,-4.271749471715239
20.503232799233672,0.11549604900160815,0.20503232799233673,-2.6544418828623635,-4.487918961326304
20.503232799233672,0.11920636087861898,0.20503232799233673,-2.8277292611448663,-4.709724166708698
20.503232799233672,0.12291667275562983,0.20503232799233673,-3.0064954942725817,-4.93690718085273
20.503232799233672,0.12662698463264066,0.20503232799233673,-3.190740582245509,-5.16917688352182
20.503232799233672,0.1303372965096515,0.20503232799233673,-3.3804645250636485,-5.406210353366621
20.503232799233672,0.13404760838666235,0.20503232799233673,-3.5756673227270013,-5.647654777729632
20.503232799233672,0.13775792026367317,0.20503232799233673,-3.776348975235565,-5.893129853104106
20.503232799233672,0.14146823214068402,0.20503232799233673,-3.9825094825893417,-6.142230657798851
20.503232799233672,0.14517854401769487,0.20503232799233673,-4.19414884478833,-6.394530967025277
20.503232799233672,0.1488888558947057,0.20503232799233673,-4.411267061832532,-6.649586969821446
20.503232799233672,0.15259916777171653,0.20503232799233673,-4.633864133721945,-6.906941337419294
20.503232799233672,0.15630947964872738,0.20503232799233673,-4.86194006045657,-7.166127584285086
20.503232799233672,0.16001979152573823,0.20503232799233673,-5.095494842036409,-7.426674656512624
20.503232799233672,0.16373010340274907,0.20503232799233673,-5.3345284784614595,-7.688111677849717
20.503232799233672,0.1674404152797599,0.20503232799233673,-5.57904096973172,-7.949972781628446
20.503232799233672,0.17115072715677074,0.20503232799233673,-5.829032315847195,-8.211801957388303
20.503232799233672,0.17486103903378158,0.20503232799233673,-6.084502516807883,-8.473157844059486
20.503232799233672,0.17857135091079243,0.20503232799233673,-6.345451572613783,-8.733618407136454
20.503232799233672,0.18228166278780325,0.20503232799233673,-6.611879483264894,-8.99278544514569
20.503232799233672,0.1859919746648141,0.20503232799233673,-6.883786248761218,-9.250288880635946
20.503232799233672,0.18970228654182494,0.20503232799233673,-7.161171869102755,-9.505790802567375
20.503232799233672,0.1934125984188358,0.20503232799233673,-7.444036344289504,-9.75898923997485
20.503232799233672,0.1971229102958466,0.20503232799233673,-7.732379674321463,-10.009621660735736
20.503232799233672,0.20083322217285746,0.20503232799233673,-8.026201859198636,-10.257468203788234
20.503232799233672,0.2045435340498683,0.20503232799233673,-8.325502898921021,-10.502354667849628
20.503232799233672,0.20825384592687915,0.20503232799233673,-8.63028279348862,-10.74415529423424
20.503232799233672,0.21196415780388997,0.20503232799233673,-8.940541542901428,-10.982795395475964
20.503232799233672,0.21567446968090082,0.20503232799233673,-9.256279147159452,-11.218253894874563
20.503232799233672,0.21938478155791166,0.20503232799233673,-9.577495606262687,-11.450565854604255
20.503232799233672,0.2230950934349225,0.20503232799233673,-9.904190920211132,-11.679825081473611
20.503232799233672,0.22680540531193333,0.20503232799233673,-10.23636508900479,-11.90618690963457
20.503232799233672,0.23051571718894417,0.20503232799233673,-10.574018112643662,-12.129871268302564
20.503232799233672,0.23422602906595502,0.20503232799233673,-10.917149991127745,-12.351166149587476
20.503232799233672,0.23793634094296587,0.20503232799233673,-11.265760724457042,-12.570431596422667
20.503232799233672,0.2416466528199767,0.20503232799233673,-11.619850312631549,-12.78810433267748
20.503232799233672,0.24535696469698753,0.20503232799233673,-11.97941875565127,-13.004703155888214
20.503232799233672,0.24906727657399838,0.20503232799233673,-12.344466053516204,-13.220835206254232
20.503232799233672,0.2527775884510092,0.20503232799233673,-12.71499220622635,-13.437203211644425
20.503232799233672,0.25648790032802005,0.20503232799233673,-13.090997213781705,-13.654613784621978
20.503232799233672,0.2601982122050309,0.20503232799233673,-13.472481076182278,-13.873986810253434
20.503232799233672,0.26390852408204174,0.20503232799233673,-13.859443793428058,-14.096365907899237
20.503232799233672,0.26761883595905256,0.20503232799233673,-14.251885365519048,-14.322929870124414
20.503232799233672,0.27132914783606343,0.20503232799233673,-14.64980579245526,-14.55500486966987
20.503232799233672,0.27503945971307425,0.20503232799233673,-15.053205074236677,-14.794077071956009
20.503232799233672,0.27874977159008507,0.20503232799233673,-15.462083210863304,-15.041805085493419
20.503232799233672,0.28246008346709595,0.20503232799233673,-15.876440202335152,-15.300031414980587
20.503232799233672,0.28617039534410676,0.20503232799233673,-16.296276048652203,-15.570791741835116
20.503232799233672,0.28988070722111764,0.20503232799233673,-16.721590749814478,-15.85632043794865
20.503232799233672,0.29359101909812846,0.20503232799233673,-17.152384305821954,-16.159050221615463
20.503232799233672,0.2973013309751393,0.20503232799233673,-17.588656716674645,-16.481603304449905
20.503232799233672,0.30101164285215015,0.20503232799233673,-18.030407982372555,-16.826770791113415
20.503232799233672,0.30472195472916097,0.20503232799233673,-18.477638102915666,-17.19747654848154
21.891109650702706,0.011607316445304631,0.21891109650702706,-0.026436381380932097,-0.7161679873974616
21.891109650702706,0.015317628322315471,0.21891109650702706,-0.046038526362564336,-0.7831267023498985
21.891109650702706,0.01902794019932631,0.21891109650702706,-0.07104310183888814,-0.853677032091658
21.891109650702706,0.02273825207633715,0.21891109650702706,-0.10145010780990349,-0.9279967202655013
21.891109650702706,0.02644856395334799,0.21891109650702706,-0.13725954427561046,-1.0062670273109378
21.891109650702706,0.03015887583035883,0.21891109650702706,-0.17847141123600896,-1.0886720180116263
21.891109650702706,0.03386918770736967,0.21891109650702706,-0.2250857086910991,-1.1753977305138936
21.891109650702706,0.03757949958438051,0.21891109650702706,-0.27710243664088074,-1.2666312206541526
21.891109650702706,0.04128981146139135,0.21891109650702706,-0.33452159508535395,-1.362559476581454
21.891109650702706,0.04500012333840219,0.21891109650702706,-0.39734318402451874,-1.4633682001281736
21.891109650702706,0.04871043521541303,0.21891109650702706,-0.46556720345837516,-1.5692404531920503
21.891109650702706,0.05242074709242387,0.21891109650702706,-0.539193653386923,-1.6803551695648058
21.891109650702706,0.05613105896943471,0.21891109650702706,-0.6182225338101626,-1.7968855351863384
21.891109650702706,0.05984137084644555,0.21891109650702706,-0.7026538447280936,-1.9189972427186874
21.891109650702706,0.06355168272345639,0.21891109650702706,-0.7924875861407163,-2.0468466296059566
21.891109650702706,0.06726199460046722,0.21891109650702706,-0.8877237580480303,-2.18057871238519
21.891109650702706,0.07097230647747807,0.21891109650702706,-0.9883623604500361,-2.3203251338902118
21.891109650702706,0.0746826183544889,0.21891109650702706,-1.0944033933467334,-2.4662020440762786
21.891109650702706,0.07839293023149975,0.21891109650702706,-1.2058468567381224,-2.618307939397602
21.891109650702706,0.08210324210851058,0.21891109650702706,-1.3226927506242028,-2.7767214898786508
21.891109650702706,0.08581355398552143,0.21891109650702706,-1.444941075004975,-2.9414993870995962
21.891109650702706,0.08952386586253226,0.21891109650702706,-1.5725918298804384,-3.1126742501112616
21.891109650702706,0.09323417773954311,0.21891109650702706,-1.7056450152505938,-3.2902526296350643
21.891109650702706,0.09694448961655394,0.21891109650702706,-1.8441006311154404,-3.4742131536085727
21.891109650702706,0.10065480149356479,0.21891109650702706,-1.9879586774749787,-3.6645048590217115
21.891109650702706,0.10436511337057562,0.21891109650702706,-2.1372191543292085,-3.861045755873612
21.891109650702706,0.10807542524758647,0.21891109650702706,-2.2918820616781304,-4.06372166880193
21.891109650702706,0.1117857371245973,0.21891109650702706,-2.451947399521743,-4.272385400356776
21.891109650702706,0.11549604900160815,0.21891109650702706,-2.617415167860048,-4.486856256911198
21.891109650702706,0.11920636087861898,0.21891109650702706,-2.788285366693044,-4.7069199737680805
21.891109650702706,0.12291667275562983,0.21891109650702706,-2.964557996020732,-4.93232907014752
21.891109650702706,0.12662698463264066,0.21891109650702706,-3.146233055843111,-5.162803657491983
21.891109650702706,0.1303372965096515,0.21891109650702706,-3.333310546160182,-5.398032716053946
21.891109650702706,0.13404760838666235,0.21891109650702706,-3.525790466971945,-5.6376758452461155
21.891109650702706,0.13775792026367317,0.21891109650702706,-3.723672818278398,-5.8813654830202795
21.891109650702706,0.14146823214068402,0.21891109650702706,-3.926957600079544,-6.128709578937041
21.891109650702706,0.14517854401769487,0.21891109650702706,-4.135644812375381,-6.379294694980855
21.891109650702706,0.1488888558947057,0.21891109650702706,-4.34973445516591,-6.632689497975484
21.891109650702706,0.15259916777171653,0.21891109650702706,-4.5692265284511295,-6.888448598086793
21.891109650702706,0.15630947964872738,0.21891109650702706,-4.7941210322310415,-7.146116679768705
21.891109650702706,0.16001979152573823,0.21891109650702706,-5.024417966505646,-7.405232864985281
21.891109650702706,0.16373010340274907,0.21891109650702706,-5.260117331274941,-7.6653352439424225
21.891109650702706,0.1674404152797599,0.21891109650702706,-5.501219126538926,-7.925965506124326
21.891109650702706,0.17115072715677074,0.21891109650702706,-5.747723352297604,-8.18667360430642
21.891109650702706,0.17486103903378158,0.21891109650702706,-5.999630008550975,-8.447022386462923
21.891109650702706,0.17857135091079243,0.21891109650702706,-6.256939095299036,-8.706592135064804
21.891109650702706,0.18228166278780325,0.21891109650702706,-6.519650612541788,-8.964984960040349
21.891109650702706,0.1859919746648141,0.21891109650702706,-6.787764560279233,-9.221829000432761
21.891109650702706,0.18970228654182494,0.21891109650702706,-7.06128093851137,-9.476782400258347
21.891109650702706,0.1934125984188358,0.21891109650702706,-7.340199747238198,-9.72953703591958
21.891109650702706,0.1971229102958466,0.21891109650702706,-7.624520986459715,-9.979821985405787
21.891109650702706,0.20083322217285746,0.21891109650702706,-7.914244656175926,-10.227406743063662
21.891109650702706,0.2045435340498683,0.21891109650702706,-8.209370756386829,-10.472104197592808
21.891109650702706,0.20825384592687915,0.21891109650702706,-8.509899287092423,-10.713773404802339
21.891109650702706,0.21196415780388997,0.21891109650702706,-8.815830248292707,-10.952322200272727
21.891109650702706,0.21567446968090082,0.21891109650702706,-9.127163639987685,-11.187709710168681
21.891109650702706,0.21938478155791166,0.21891109650702706,-9.443899462177354,-11.419948830847956
21.891109650702706,0.2230950934349225,0.21891109650702706,-9.766037714861714,-11.649108759443958
21.891109650702706,0.22680540531193333,0.21891109650702706,-10.093578398040764,-11.875317668113084
21.891109650702706,0.23051571718894417,0.21891109650702706,-10.426521511714508,-12.09876562396021
21.891109650702706,0.23422602906595502,0.21891109650702706,-10.764867055882943,-12.319707864558382
21.891109650702706,0.23793634094296587,0.21891109650702706,-11.108615030546071,-12.538468545122408
21.891109650702706,0.2416466528199767,0.21891109650702706,-11.457765435703886,-12.75544507726189
21.891109650702706,0.24535696469698753,0.21891109650702706,-11.812318271356396,-12.971113180045455
21.891109650702706,0.24906727657399838,0.21891109650702706,-12.172273537503598,-13.18603276069909
21.891109650702706,0.2527775884510092,0.21891109650702706,-12.537631234145493,-13.400854732980392
21.891109650702706,0.25648790032802005,0.21891109650702706,-12.908391361282074,-13.61632886379611
21.891109650702706,0.2601982122050309,0.21891109650702706,-13.284553918913355,-13.833312709795779
21.891109650702706,0.26390852408204174,0.21891109650702706,-13.66611890703932,-14.05278166125788
21.891109650702706,0.26761883595905256,0.21891109650702706,-14.053086325659974,-14.275840045100418
21.891109650702706,0.27132914783606343,0.21891109650702706,-14.445456174775329,-14.50373314536037
21.891109650702706,0.27503945971307425,0.21891109650702706,-14.84322845438537,-14.737859869509693
21.891109650702706,0.27874977159008507,0.21891109650702706,-15.2464031644901,-14.979785612563184
21.891109650702706,0.28246008346709595,0.21891109650702706,-15.65498030508953,-15.231254637097601
21.891109650702706,0.28617039534410676,0.21891109650702706,-16.068959876183644,-15.494200985015977
21.891109650702706,0.28988070722111764,0.21891109650702706,-16.488341877772456,-15.77075655697995
21.891109650702706,0.29359101909812846,0.21891109650702706,-16.913126309855954,-16.06325453377189
21.891109650702706,0.2973013309751393,0.21891109650702706,-17.343313172434144,-16.374225776344346
21.891109650702706,0.30101164285215015,0.21891109650702706,-17.77890246550703,-16.706385251087795
21.891109650702706,0.30472195472916097,0.21891109650702706,-18.2198941890746,-17.062604933766814
23.27898650217174,0.011607316445304631,0.2327898650217174,-0.02606240465339422,-0.7342610216144085
23.27898650217174,0.015317628322315471,0.2327898650217174,-0.045387252000099715,-0.8014015172817959
23.27898650217174,0.01902794019932631,0.2327898650217174,-0.07003810549097605,-0.8720982364058907
23.27898650217174,0.02273825207633715,0.2327898650217174,-0.10001496512602326,-0.946525298693369
23.27898650217174,0.02644856395334799,0.2327898650217174,-0.13531783090524133,-1.0248602058169207
23.27898650217174,0.03015887583035883,0.2327898650217174,-0.17594670282863026,-1.1072831481418404
23.27898650217174,0.03386918770736967,0.2327898650217174,-0.22190158089619008,-1.1939761976963874
23.27898650217174,0.03757949958438051,0.2327898650217174,-0.2731824651079207,-1.2851223816413508
23.27898650217174,0.04128981146139135,0.2327898650217174,-0.3297893554638222,-1.380904631595806
23.27898650217174,0.04500012333840219,0.2327898650217174,-0.39172225196389454,-1.481504605574465
23.27898650217174,0.04871043521541303,0.2327898650217174,-0.45898115460813776,-1.5871013810086865
23.27898650217174,0.05242074709242387,0.2327898650217174,-0.5315660633965519,-1.6978700193753546
23.27898650217174,0.05613105896943471,0.2327898650217174,-0.6094769783291368,-1.8139800053532689
23.27898650217174,0.05984137084644555,0.2327898650217174,-0.6927138994058926,-1.935593566164334
23.27898650217174,0.06355168272345639,0.2327898650217174,-0.7812768266268192,-2.062863879823161
23.27898650217174,0.06726199460046722,0.2327898650217174,-0.8751657599919165,-2.195933184385061
23.27898650217174,0.07097230647747807,0.2327898650217174,-0.9743806995011849,-2.3349308039044234
23.27898650217174,0.0746826183544889,0.2327898650217174,-1.078921645154624,-2.479971110628996
23.27898650217174,0.07839293023149975,0.2327898650217174,-1.1887885969522343,-2.6311514468786315
23.27898650217174,0.08210324210851058,0.2327898650217174,-1.303981554894015,-2.7885500339849414
23.27898650217174,0.08581355398552143,0.2327898650217174,-1.424500518979967,-2.9522238994801153
23.27898650217174,0.08952386586253226,0.2327898650217174,-1.5503454892100894,-3.122206857276718
23.27898650217174,0.09323417773954311,0.2327898650217174,-1.681516465584383,-3.298507578721794
23.27898650217174,0.09694448961655394,0.2327898650217174,-1.8180134481028474,-3.481107794972556
23.27898650217174,0.10065480149356479,0.2327898650217174,-1.9598364367654826,-3.6699606729593066
23.27898650217174,0.10436511337057562,0.2327898650217174,-2.1069854315722885,-3.864989408109432
23.27898650217174,0.10807542524758647,0.2327898650217174,-2.259460432523266,-4.066086076853464
23.27898650217174,0.1117857371245973,0.2327898650217174,-2.417261439618413,-4.27311079059195
23.27898650217174,0.11549604900160815,0.2327898650217174,-2.580388452857732,-4.485891190175364
23.27898650217174,0.11920636087861898,0.2327898650217174,-2.7488414722412213,-4.704222315986546
23.27898650217174,0.12291667275562983,0.2327898650217174,-2.922620497768882,-4.927866883415966
23.27898650217174,0.12662698463264066,0.2327898650217174,-3.101725529440713,-5.156555986943458
23.27898650217174,0.1303372965096515,0.2327898650217174,-3.286156567256715,-5.389990248308079
23.27898650217174,0.13404760838666235,0.2327898650217174,-3.4759136112168885,-5.62784141554617
23.27898650217174,0.13775792026367317,0.2327898650217174,-3.6709966613212313,-5.8697544102548225
23.27898650217174,0.14146823214068402,0.2327898650217174,-3.8714057175697465,-6.115349810594923
23.27898650217174,0.14517854401769487,0.2327898650217174,-4.0771407799624315,-6.3642267476305765
23.27898650217174,0.1488888558947057,0.2327898650217174,-4.2882018484992885,-6.6159661829837315
23.27898650217174,0.15259916777171653,0.2327898650217174,-4.5045889231803145,-6.870134526849352
23.27898650217174,0.15630947964872738,0.2327898650217174,-4.726302004005514,-7.126287547544367
23.27898650217174,0.16001979152573823,0.2327898650217174,-4.953341090974883,-7.383974517301382
23.27898650217174,0.16373010340274907,0.2327898650217174,-5.185706184088422,-7.642742534267594
23.27898650217174,0.1674404152797599,0.2327898650217174,-5.423397283346132,-7.9021409578699675
23.27898650217174,0.17115072715677074,0.2327898650217174,-5.666414388748014,-8.161725894017737
23.27898650217174,0.17486103903378158,0.2327898650217174,-5.914757500294067,-8.421064668115745
23.27898650217174,0.17857135091079243,0.2327898650217174,-6.16842661798429,-8.679740227541137
23.27898650217174,0.18228166278780325,0.2327898650217174,-6.427421741818684,-8.93735542100183
23.27898650217174,0.1859919746648141,0.2327898650217174,-6.691742871797248,-9.19353710987438
23.27898650217174,0.18970228654182494,0.2327898650217174,-6.961390007919984,-9.447940075977856
23.27898650217174,0.1934125984188358,0.2327898650217174,-7.236363150186892,-9.700250700996158
23.27898650217174,0.1971229102958466,0.2327898650217174,-7.516662298597968,-9.950190404601859
23.27898650217174,0.20083322217285746,0.2327898650217174,-7.802287453153216,-10.197518840935471
23.27898650217174,0.2045435340498683,0.2327898650217174,-8.093238613852636,-10.442036866139231
23.27898650217174,0.20825384592687915,0.2327898650217174,-8.389515780696227,-10.683589302836504
23.27898650217174,0.21196415780388997,0.2327898650217174,-8.691118953683986,-10.922067540523669
23.27898650217174,0.21567446968090082,0.2327898650217174,-8.998048132815919,-11.157412023576041
23.27898650217174,0.21938478155791166,0.2327898650217174,-9.310303318092021,-11.389614690774225
23.27898650217174,0.2230950934349225,0.2327898650217174,-9.627884509512295,-11.618721441778966
23.27898650217174,0.22680540531193333,0.2327898650217174,-9.950791707076737,-11.844834716680214
23.27898650217174,0.23051571718894417,0.2327898650217174,-10.279024910785354,-12.068116284474806
23.27898650217174,0.23422602906595502,0.2327898650217174,-10.61258412063814,-12.288790344899635
23.27898650217174,0.23793634094296587,0.2327898650217174,-10.951469336635098,-12.507147055193878
23.27898650217174,0.2416466528199767,0.2327898650217174,-11.295680558776224,-12.723546598665829
23.27898650217174,0.24535696469698753,0.2327898650217174,-11.645217787061522,-12.938423914764636
23.27898650217174,0.24906727657399838,0.2327898650217174,-12.000081021490994,-13.152294209752384
23.27898650217174,0.2527775884510092,0.2327898650217174,-12.360270262064637,-13.365759361655039
23.27898650217174,0.25648790032802005,0.2327898650217174,-12.725785508782444,-13.579515320978986
23.27898650217174,0.2601982122050309,0.2327898650217174,-13.09662676164443,-13.794360586997785
23.27898650217174,0.26390852408204174,0.2327898650217174,-13.47279402065058,-14.011205804575228
23.27898650217174,0.26761883595905256,0.2327898650217174,-13.8542872858009,-14.231084473655494
23.27898650217174,0.27132914783606343,0.2327898650217174,-14.2411065570954,-14.455164686500394
23.27898650217174,0.27503945971307425,0.2327898650217174,-14.633251834534065,-14.68476169871437
23.27898650217174,0.27874977159008507,0.2327898650217174,-15.030723118116898,-14.921350989709438
23.27898650217174,0.28246008346709595,0.2327898650217174,-15.43352040784391,-15.166581265771677
23.27898650217174,0.28617039534410676,0.2327898650217174,-15.841643703715084,-15.422286592801804
23.27898650217174,0.28988070722111764,0.2327898650217174,-16.255093005730437,-15.690496505227578
23.27898650217174,0.29359101909812846,0.2327898650217174,-16.673868313889955,-15.973442514699162
23.27898650217174,0.2973013309751393,0.2327898650217174,-17.097969628193642,-16.27355893621786
23.27898650217174,0.30101164285215015,0.2327898650217174,-17.52739694864151,-16.593475372664454
23.27898650217174,0.30472195472916097,0.2327898650217174,-17.962150275233537,-16.93599758520283
24.666863353640775,0.011607316445304631,0.24666863353640775,-0.02568842792585634,-0.7525898652756795
24.666863353640775,0.015317628322315471,0.24666863353640775,-0.044735977637635094,-0.8199038702929493
24.666863353640775,0.01902794019932631,0.24666863353640775,-0.06903310914306397,-0.8907380317638354
24.666863353640775,0.02273825207633715,0.24666863353640775,-0.098579822442143,-0.965262904958704
24.666863353640775,0.02644856395334799,0.24666863353640775,-0.1333761175348722,-1.0436523034225198
24.666863353640775,0.03015887583035883,0.24666863353640775,-0.17342199442125153,-1.1260826250169345
24.666863353640775,0.03386918770736967,0.24666863353640775,-0.21871745310128102,-1.2127320687826173
24.666863353640775,0.03757949958438051,0.24666863353640775,-0.2692624935749606,-1.3037797372615993
24.666863353640775,0.04128981146139135,0.24666863353640775,-0.3250571158422904,-1.3994046199745354
24.666863353640775,0.04500012333840219,0.24666863353640775,-0.3861013199032703,-1.499784455078847
24.666863353640775,0.04871043521541303,0.24666863353640775,-0.4523951057579004,-1.605094467860697
24.666863353640775,0.05242074709242387,0.24666863353640775,-0.5239384734061806,-1.7155059866507716
24.666863353640775,0.05613105896943471,0.24666863353640775,-0.6007314228481109,-1.8311849390082156
24.666863353640775,0.05984137084644555,0.24666863353640775,-0.6827739540836913,-1.9522902335871604
24.666863353640775,0.06355168272345639,0.24666863353640775,-0.770066067112922,-2.0789720359724537
24.666863353640775,0.06726199460046722,0.24666863353640775,-0.8626077619358026,-2.211369949919931
24.666863353640775,0.07097230647747807,0.24666863353640775,-0.9603990385523336,-2.3496111188199067
24.666863353640775,0.0746826183544889,0.24666863353640775,-1.0634398969625145,-2.493808265762442
24.666863353640775,0.07839293023149975,0.24666863353640775,-1.171730337166346,-2.644057694244009
24.666863353640775,0.08210324210851058,0.24666863353640775,-1.285270359163827,-2.800437275223152
24.666863353640775,0.08581355398552143,0.24666863353640775,-1.4040599629549588,-2.963004449795354
24.666863353640775,0.08952386586253226,0.24666863353640775,-1.5280991485397402,-3.1317942800886143
24.666863353640775,0.09323417773954311,0.24666863353640775,-1.657387915918172,-3.3068175839379745
24.666863353640775,0.09694448961655394,0.24666863353640775,-1.7919262650902539,-3.488059191331426
24.666863353640775,0.10065480149356479,0.24666863353640775,-1.931714196055986,-3.675476362375735
24.666863353640775,0.10436511337057562,0.24666863353640775,-2.076751708815368,-3.8689974074601525
24.666863353640775,0.10807542524758647,0.24666863353640775,-2.227038803368401,-4.068520550257247
24.666863353640775,0.1117857371245973,0.24666863353640775,-2.382575479715083,-4.273913073075789
24.666863353640775,0.11549604900160815,0.24666863353640775,-2.543361737855416,-4.485010781778834
24.666863353640775,0.11920636087861898,0.24666863353640775,-2.7093975777893986,-4.701617823948821
24.666863353640775,0.12291667275562983,0.24666863353640775,-2.8806829995170316,-4.923506889214153
24.666863353640775,0.12662698463264066,0.24666863353640775,-3.0572180030383147,-5.150419814693824
24.666863353640775,0.1303372965096515,0.24666863353640775,-3.2390025883532476,-5.3820686114705225
24.666863353640775,0.13404760838666235,0.24666863353640775,-3.4260367554618316,-5.6181369200297535
24.666863353640775,0.13775792026367317,0.24666863353640775,-3.618320504364064,-5.858281893918324
24.666863353640775,0.14146823214068402,0.24666863353640775,-3.8158538350599485,-6.102136501748321
24.666863353640775,0.14517854401769487,0.24666863353640775,-4.018636747549482,-6.349312228410658
24.666863353640775,0.1488888558947057,0.24666863353640775,-4.226669241832666,-6.599402147303476
24.666863353640775,0.15259916777171653,0.24666863353640775,-4.439951317909499,-6.851984326875428
24.666863353640775,0.15630947964872738,0.24666863353640775,-4.658482975779984,-7.106625527181299
24.666863353640775,0.16001979152573823,0.24666863353640775,-4.882264215444119,-7.362885135773965
24.666863353640775,0.16373010340274907,0.24666863353640775,-5.111295036901904,-7.620319287400566
24.666863353640775,0.1674404152797599,0.24666863353640775,-5.345575440153337,-7.878485108867265
24.666863353640775,0.17115072715677074,0.24666863353640775,-5.585105425198422,-8.136945029255656
24.666863353640775,0.17486103903378158,0.24666863353640775,-5.829884992037158,-8.395271096507278
24.666863353640775,0.17857135091079243,0.24666863353640775,-6.079914140669542,-8.653049244258526
24.666863353640775,0.18228166278780325,0.24666863353640775,-6.335192871095577,-8.909883457644202
24.666863353640775,0.1859919746648141,0.24666863353640775,-6.595721183315263,-9.16539979346034
24.666863353640775,0.18970228654182494,0.24666863353640775,-6.861499077328599,-9.419250218392987
24.666863353640775,0.1934125984188358,0.24666863353640775,-7.132526553135586,-9.671116238735141
24.666863353640775,0.1971229102958466,0.24666863353640775,-7.40880361073622,-9.920712305855226
24.666863353640775,0.20083322217285746,0.24666863353640775,-7.690330250130505,-10.167788993357425
24.666863353640775,0.2045435340498683,0.24666863353640775,-7.977106471318442,-10.412135954095861
24.666863353640775,0.20825384592687915,0.24666863353640775,-8.269132274300029,-10.653584677697564
24.666863353640775,0.21196415780388997,0.24666863353640775,-8.566407659075264,-10.89201108176445
24.666863353640775,0.21567446968090082,0.24666863353640775,-8.86893262564415,-11.127337982247015
24.666863353640775,0.21938478155791166,0.24666863353640775,-9.176707174006689,-11.359537500432323
24.666863353640775,0.2230950934349225,0.24666863353640775,-9.489731304162875,-11.588633475418336
24.666863353640775,0.22680540531193333,0.24666863353640775,-9.80800501611271,-11.814703961726934
24.666863353640775,0.23051571718894417,0.24666863353640775,-10.131528309856197,-12.03788390171341
24.666863353640775,0.23422602906595502,0.24666863353640775,-10.460301185393336,-12.258368071506942
24.666863353640775,0.23793634094296587,0.24666863353640775,-10.794323642724123,-12.476414407150424
24.666863353640775,0.2416466528199767,0.24666863353640775,-11.13359568184856,-12.692347824064338
24.666863353640775,0.24535696469698753,0.24666863353640775,-11.478117302766648,-12.906564647429223
24.666863353640775,0.24906727657399838,0.24666863353640775,-11.827888505478386,-13.11953777278716
24.666863353640775,0.2527775884510092,0.24666863353640775,-12.182909289983776,-13.331822673958916
24.666863353640775,0.25648790032802005,0.24666863353640775,-12.543179656282812,-13.54406436761142
24.666863353640775,0.2601982122050309,0.24666863353640775,-12.908699604375505,-13.757005428180983
24.666863353640775,0.26390852408204174,0.24666863353640775,-13.27946913426184,-13.971495120195625
24.666863353640775,0.26761883595905256,0.24666863353640775,-13.655488245941825,-14.18849967311642
24.666863353640775,0.27132914783606343,0.24666863353640775,-14.036756939415469,-14.409113661103685
24.666863353640775,0.27503945971307425,0.24666863353640775,-14.423275214682755,-14.634572359580707
24.666863353640775,0.27874977159008507,0.24666863353640775,-14.815043071743691,-14.866264823446253
24.666863353640775,0.28246008346709595,0.24666863353640775,-15.212060510598285,-15.105747258008192
24.666863353640775,0.28617039534410676,0.24666863353640775,-15.614327531246522,-15.354756021667258
24.666863353640775,0.28988070722111764,0.24666863353640775,-16.021844133688415,-15.615219297247492
24.666863353640775,0.29359101909812846,0.24666863353640775,-16.43461031792395,-15.889266086316807
24.666863353640775,0.2973013309751393,0.24666863353640775,-16.85262608395314,-16.17923071216128
24.666863353640775,0.30101164285215015,0.24666863353640775,-17.275891431775985,-16.487650466148338
24.666863353640775,0.30472195472916097,0.24666863353640775,-17.704406361392472,-16.81725341977437
26.05474020510981,0.011607316445304631,0.2605474020510981,-0.025314451198318464,-0.7711507738539569
26.05474020510981,0.015317628322315471,0.2605474020510981,-0.04408470327517047,-0.8386297031357235
26.05474020510981,0.01902794019932631,0.2605474020510981,-0.0680281127951519,-0.909592046141293
26.05474020510981,0.02273825207633715,0.2605474020510981,-0.09714467975826276,-0.9842048544702755
26.05474020510981,0.02644856395334799,0.2605474020510981,-0.13143440416450308,-1.062638325241286
26.05474020510981,0.03015887583035883,0.2605474020510981,-0.1708972860138728,-1.1450651465419646
26.05474020510981,0.03386918770736967,0.2605474020510981,-0.215533325306372,-1.2316597380829637
26.05474020510981,0.03757949958438051,0.2605474020510981,-0.2653425220420006,-1.3225973820488086
26.05474020510981,0.04128981146139135,0.2605474020510981,-0.32032487622075867,-1.4180532401474943
26.05474020510981,0.04500012333840219,0.2605474020510981,-0.3804803878426461,-1.5182012541265486
26.05474020510981,0.04871043521541303,0.2605474020510981,-0.44580905690766304,-1.62321292856338
26.05474020510981,0.05242074709242387,0.2605474020510981,-0.5163108834158093,-1.7332559965650676
26.05474020510981,0.05613105896943471,0.2605474020510981,-0.5919858673670851,-1.8484929711331004
26.05474020510981,0.05984137084644555,0.2605474020510981,-0.6728340087614902,-1.9690795873599756
26.05474020510981,0.06355168272345639,0.2605474020510981,-0.758855307599025,-2.095163143314613
26.05474020510981,0.06726199460046722,0.2605474020510981,-0.8500497638796888,-2.2268807504176977
26.05474020510981,0.07097230647747807,0.2605474020510981,-0.9464173776034823,-2.364357507268577
26.05474020510981,0.0746826183544889,0.2605474020510981,-1.0479581487704053,-2.507704614208717
26.05474020510981,0.07839293023149975,0.2605474020510981,-1.1546720773804577,-2.6570174493245355
26.05474020510981,0.08210324210851058,0.2605474020510981,-1.2665591634336393,-2.8123736300180533
26.05474020510981,0.08581355398552143,0.2605474020510981,-1.3836194069299508,-2.973831087607204
26.05474020510981,0.08952386586253226,0.2605474020510981,-1.5058528078693911,-3.14142618554135
26.05474020510981,0.09323417773954311,0.2605474020510981,-1.6332593662519612,-3.3151719146047522
26.05474020510981,0.09694448961655394,0.2605474020510981,-1.7658390820776608,-3.495056200793421
26.05474020510981,0.10065480149356479,0.2605474020510981,-1.9035919553464897,-3.6810403632501796
26.05474020510981,0.10436511337057562,0.2605474020510981,-2.046517986058448,-3.873057760589308
26.05474020510981,0.10807542524758647,0.2605474020510981,-2.194617174213536,-4.071012664009077
26.05474020510981,0.1117857371245973,0.2605474020510981,-2.347889519811753,-4.274779394664468
26.05474020510981,0.11549604900160815,0.2605474020510981,-2.5063350228531,-4.484201760769475
26.05474020510981,0.11920636087861898,0.2605474020510981,-2.669953683337576,-4.699092826763231
26.05474020510981,0.12291667275562983,0.2605474020510981,-2.8387455012651817,-4.9192350425971645
26.05474020510981,0.12662698463264066,0.2605474020510981,-3.0127104766359163,-5.1443807558132715
26.05474020510981,0.1303372965096515,0.2605474020510981,-3.1918486094497807,-5.374253122673496
26.05474020510981,0.13404760838666235,0.2605474020510981,-3.376159899706775,-5.608547427303975
26.05474020510981,0.13775792026367317,0.2605474020510981,-3.5656443474068973,-5.846932809824265
26.05474020510981,0.14146823214068402,0.2605474020510981,-3.760301952550151,-6.089054395977103
26.05474020510981,0.14517854401769487,0.2605474020510981,-3.9601327151365324,-6.334535812133826
26.05474020510981,0.1488888558947057,0.2605474020510981,-4.165136635166045,-6.582982061028732
26.05474020510981,0.15259916777171653,0.2605474020510981,-4.375313712638684,-6.833982725490859
26.05474020510981,0.15630947964872738,0.2605474020510981,-4.5906639475544555,-7.087115460117243
26.05474020510981,0.16001979152573823,0.2605474020510981,-4.811187339913356,-7.341949724569849
26.05474020510981,0.16373010340274907,0.2605474020510981,-5.036883889715385,-7.598050707256787
26.05474020510981,0.1674404152797599,0.2605474020510981,-5.267753596960542,-7.85498338480571
26.05474020510981,0.17115072715677074,0.2605474020510981,-5.503796461648831,-8.112316661127313
26.05474020510981,0.17486103903378158,0.2605474020510981,-5.74501248378025,-8.369627530106692
26.05474020510981,0.17857135091079243,0.2605474020510981,-5.991401663354797,-8.626505208088792
26.05474020510981,0.18228166278780325,0.2605474020510981,-6.2429640003724725,-8.882555186307588
26.05474020510981,0.1859919746648141,0.2605474020510981,-6.499699494833278,-9.137403159147782
26.05474020510981,0.18970228654182494,0.2605474020510981,-6.761608146737214,-9.390698791465413
26.05474020510981,0.1934125984188358,0.2605474020510981,-7.02868995608428,-9.642119296923434
26.05474020510981,0.1971229102958466,0.2605474020510981,-7.300944922874472,-9.891372809181448
26.05474020510981,0.20083322217285746,0.2605474020510981,-7.578373047107795,-10.138201538556718
26.05474020510981,0.2045435340498683,0.2605474020510981,-7.860974328784249,-10.382384718182873
26.05474020510981,0.20825384592687915,0.2605474020510981,-8.148748767903832,-10.623741355481382
26.05474020510981,0.21196415780388997,0.2605474020510981,-8.441696364466543,-10.86213281669392
26.05474020510981,0.21567446968090082,0.2605474020510981,-8.739817118472384,-11.09746528409852
26.05474020510981,0.21938478155791166,0.2605474020510981,-9.043111029921356,-11.329692137175604
26.05474020510981,0.2230950934349225,0.2605474020510981,-9.351578098813457,-11.558816320258998
26.05474020510981,0.22680540531193333,0.2605474020510981,-9.665218325148684,-11.784892769983779
26.05474020510981,0.23051571718894417,0.2605474020510981,-9.984031708927043,-12.008030986013976
26.05474020510981,0.23422602906595502,0.2605474020510981,-10.308018250148534,-12.22839783797399
26.05474020510981,0.23793634094296587,0.2605474020510981,-10.637177948813152,-12.446220710044999
26.05474020510981,0.2416466528199767,0.2605474020510981,-10.971510804920896,-12.661791092059287
26.05474020510981,0.24535696469698753,0.2605474020510981,-11.311016818471774,-12.875468731723279
26.05474020510981,0.24906727657399838,0.2605474020510981,-11.655695989465782,-13.087686466195041
26.05474020510981,0.2527775884510092,0.2605474020510981,-12.00554831790292,-13.298955851692645
26.05474020510981,0.25648790032802005,0.2605474020510981,-12.360573803783181,-13.509873705742109
26.05474020510981,0.2601982122050309,0.2605474020510981,-12.72077244710658,-13.7211296661349
26.05474020510981,0.26390852408204174,0.2605474020510981,-13.0861442478731,-13.933514850946784
26.05474020510981,0.26761883595905256,0.2605474020510981,-13.45668920608275,-14.147931671400027
26.05474020510981,0.27132914783606343,0.2605474020510981,-13.832407321735538,-14.365404799062032
26.05474020510981,0.27503945971307425,0.2605474020510981,-14.21329859483145,-14.587093214573073
26.05474020510981,0.27874977159008507,0.2605474020510981,-14.599363025370488,-14.81430315886544
26.05474020510981,0.28246008346709595,0.2605474020510981,-14.990600613352663,-15.048501660054091
26.05474020510981,0.28617039534410676,0.2605474020510981,-15.387011358777961,-15.291330108660102
26.05474020510981,0.28988070722111764,0.2605474020510981,-15.788595261646394,-15.544617088405074
26.05474020510981,0.29359101909812846,0.2605474020510981,-16.19535232195795,-15.810389327608586
26.05474020510981,0.2973013309751393,0.2605474020510981,-16.60728253971264,-16.090879208023757
26.05474020510981,0.30101164285215015,0.2605474020510981,-17.02438591491046,-16.388526751175927
26.05474020510981,0.30472195472916097,0.2605474020510981,-17.446662447551407,-16.705973407060668
27.442617056578843,0.011607316445304631,0.27442617056578844,-0.02494047447078059,-0.7899395505105731
27.442617056578843,0.015317628322315471,0.27442617056578844,-0.04343342891270585,-0.8575745137640491
27.442617056578843,0.01902794019932631,0.27442617056578844,-0.06702311644723984,-0.9286554728587282
27.442617056578843,0.02273825207633715,0.27442617056578844,-0.09570953707438253,-1.0033460376734311
27.442617056578843,0.02644856395334799,0.27442617056578844,-0.12949269079413395,-1.081812861572455
27.442617056578843,0.03015887583035883,0.27442617056578844,-0.1683725776064941,-1.1642250063139605
27.442617056578843,0.03386918770736967,0.27442617056578844,-0.212349197511463,-1.2507532063567397
27.442617056578843,0.03757949958438051,0.27442617056578844,-0.26142255050904056,-1.3415690278824899
27.442617056578843,0.04128981146139135,0.27442617056578844,-0.3155926365992269,-1.4368439188137296
27.442617056578843,0.04500012333840219,0.27442617056578844,-0.3748594557820219,-1.5367481473101057
27.442617056578843,0.04871043521541303,0.27442617056578844,-0.4392230080574257,-1.6414496276824644
27.442617056578843,0.05242074709242387,0.27442617056578844,-0.5086832934254382,-1.751112634386407
27.442617056578843,0.05613105896943471,0.27442617056578844,-0.5832403118860593,-1.8658964067505783
27.442617056578843,0.05984137084644555,0.27442617056578844,-0.6628940634392892,-1.9859536493562158
27.442617056578843,0.06355168272345639,0.27442617056578844,-0.7476445480851279,-2.1114289355033136
27.442617056578843,0.06726199460046722,0.27442617056578844,-0.837491765823575,-2.24245702395122
27.442617056578843,0.07097230647747807,0.27442617056578844,-0.9324357166546312,-2.3791611020738683
27.442617056578843,0.0746826183544889,0.27442617056578844,-1.0324764005782958,-2.5216509716727975
27.442617056578843,0.07839293023149975,0.27442617056578844,-1.1376138175945694,-2.6700211968823666
27.442617056578843,0.08210324210851058,0.27442617056578844,-1.2478479677034515,-2.8243492368030756
27.442617056578843,0.08581355398552143,0.27442617056578844,-1.3631788509049427,-2.984693588618821
27.442617056578843,0.08952386586253226,0.27442617056578844,-1.483606467199042,-3.151091969886197
27.442617056578843,0.09323417773954311,0.27442617056578844,-1.6091308165857505,-3.3235595713134813
27.442617056578843,0.09694448961655394,0.27442617056578844,-1.7397518990650678,-3.5020874135476014
27.442617056578843,0.10065480149356479,0.27442617056578844,-1.8754697146369934,-3.6866408431328064
27.442617056578843,0.10436511337057562,0.27442617056578844,-2.016284263301528,-3.8771582037671157
27.442617056578843,0.10807542524758647,0.27442617056578844,-2.1621955450586716,-4.073549719144872
27.442617056578843,0.1117857371245973,0.27442617056578844,-2.3132035599084233,-4.2756966229297735
27.442617056578843,0.11549604900160815,0.27442617056578844,-2.4693083078507843,-4.483450569673454
27.442617056578843,0.11920636087861898,0.27442617056578844,-2.630509788885753,-4.696633357724158
27.442617056578843,0.12291667275562983,0.27442617056578844,-2.7968080030133318,-4.915036991343923
27.442617056578843,0.12662698463264066,0.27442617056578844,-2.9682029502335183,-5.138424104392975
27.442617056578843,0.1303372965096515,0.27442617056578844,-3.1446946305463137,-5.366528762119019
27.442617056578843,0.13404760838666235,0.27442617056578844,-3.326283043951719,-5.599057650921056
27.442617056578843,0.13775792026367317,0.27442617056578844,-3.512968190449731,-5.835691658609328
27.442617056578843,0.14146823214068402,0.27442617056578844,-3.704750070040353,-6.076087839860496
27.442617056578843,0.14517854401769487,0.27442617056578844,-3.901628682723583,-6.319881753515313
27.442617056578843,0.1488888558947057,0.27442617056578844,-4.103604028499423,-6.566690150359607
27.442617056578843,0.15259916777171653,0.27442617056578844,-4.31067610736787,-6.816113982356937
27.442617056578843,0.15630947964872738,0.27442617056578844,-4.522844919328927,-7.067741697258603
27.442617056578843,0.16001979152573823,0.27442617056578844,-4.740110464382592,-7.32115277638901
27.442617056578843,0.16373010340274907,0.27442617056578844,-4.962472742528867,-7.575921468450911
27.442617056578843,0.1674404152797599,0.27442617056578844,-5.189931753767748,-7.8316206686421985
27.442617056578843,0.17115072715677074,0.27442617056578844,-5.42248749809924,-8.087825890396104
27.442617056578843,0.17486103903378158,0.27442617056578844,-5.660139975523341,-8.344119276771254
27.442617056578843,0.17857135091079243,0.27442617056578844,-5.90288918604005,-8.600093599980072
27.442617056578843,0.18228166278780325,0.27442617056578844,-6.150735129649367,-8.85535620074876
27.442617056578843,0.1859919746648141,0.27442617056578844,-6.403677806351293,-9.109532824076808
27.442617056578843,0.18970228654182494,0.27442617056578844,-6.66171721614583,-9.362271314386907
27.442617056578843,0.1934125984188358,0.27442617056578844,-6.924853359032974,-9.613245140853369
27.442617056578843,0.1971229102958466,0.27442617056578844,-7.193086235012725,-9.86215673266423
27.442617056578843,0.20083322217285746,0.27442617056578844,-7.466415844085086,-10.108740613879025
27.442617056578843,0.2045435340498683,0.27442617056578844,-7.7448421862500565,-10.352766338156211
27.442617056578843,0.20825384592687915,0.27442617056578844,-8.028365261507636,-10.594041234706685
27.442617056578843,0.21196415780388997,0.27442617056578844,-8.316985069857822,-10.832412988167142
27.442617056578843,0.21567446968090082,0.27442617056578844,-8.610701611300618,-11.067772086484982
27.442617056578843,0.21938478155791166,0.27442617056578844,-8.909514885836025,-11.300054182199277
27.442617056578843,0.2230950934349225,0.27442617056578844,-9.213424893464037,-11.529242423555567
27.442617056578843,0.22680540531193333,0.27442617056578844,-9.522431634184658,-11.755369822589275
27.442617056578843,0.23051571718894417,0.27442617056578844,-9.83653510799789,-11.978521737558042
27.442617056578843,0.23422602906595502,0.27442617056578844,-10.15573531490373,-12.198838556786614
27.442617056578843,0.23793634094296587,0.27442617056578844,-10.480032254902179,-12.4165186799756
27.442617056578843,0.2416466528199767,0.27442617056578844,-10.809425927993235,-12.631821901108443
27.442617056578843,0.24535696469698753,0.27442617056578844,-11.1439163341769,-12.845073303948343
27.442617056578843,0.24906727657399838,0.27442617056578844,-11.483503473453176,-13.056667786242633
27.442617056578843,0.2527775884510092,0.27442617056578844,-11.828187345822062,-13.267075331379965
27.442617056578843,0.25648790032802005,0.27442617056578844,-12.17796795128355,-13.476847145238025
27.442617056578843,0.2601982122050309,0.27442617056578844,-12.532845289837656,-13.686622769678694
27.442617056578843,0.26390852408204174,0.27442617056578844,-12.892819361484362,-13.89713827029059
27.442617056578843,0.26761883595905256,0.27442617056578844,-13.257890166223676,-14.109235571382014
27.442617056578843,0.27132914783606343,0.27442617056578844,-13.628057704055609,-14.323872971638549
27.442617056578843,0.27503945971307425,0.27442617056578844,-14.003321974980143,-14.54213681369827
27.442617056578843,0.27874977159008507,0.27442617056578844,-14.383682978997284,-14.765254193016455
27.442617056578843,0.28246008346709595,0.27442617056578844,-14.769140716107042,-14.994606466910556
27.442617056578843,0.28617039534410676,0.27442617056578844,-15.159695186309401,-15.231743152968615
27.442617056578843,0.28988070722111764,0.27442617056578844,-15.555346389604376,-15.478395574996762
27.442617056578843,0.29359101909812846,0.27442617056578844,-15.95609432599195,-15.736489311703716
27.442617056578843,0.2973013309751393,0.27442617056578844,-16.361938995472137,-16.00815411683588
27.442617056578843,0.30101164285215015,0.27442617056578844,-16.77288039804494,-16.295729502160604
27.442617056578843,0.30472195472916097,0.27442617056578844,-17.188918533710343,-16.601763608391344
28.830493908047877,0.011607316445304631,0.2883049390804788,-0.024566497743242707,-0.8089515286889486
28.830493908047877,0.015317628322315471,0.2883049390804788,-0.04278215455024123,-0.8767333401613633
28.830493908047877,0.01902794019932631,0.2883049390804788,-0.06601812009932775,-0.9479230556376965
28.830493908047877,0.02273825207633715,0.2883049390804788,-0.09427439439050227,-1.0226809063224604
28.830493908047877,0.02644856395334799,0.2883049390804788,-0.1275509774237648,-1.1011700753711207
28.830493908047877,0.03015887583035883,0.2883049390804788,-0.16584786919911537,-1.1835560822665774
28.830493908047877,0.03386918770736967,0.2883049390804788,-0.20916506971655396,-1.270006070603563
28.830493908047877,0.03757949958438051,0.2883049390804788,-0.25750257897608053,-1.3606879948945538
28.830493908047877,0.04128981146139135,0.2883049390804788,-0.3108603969776951,-1.4557697029294676
28.830493908047877,0.04500012333840219,0.2883049390804788,-0.36923852372139765,-1.555417911362305
28.830493908047877,0.04871043521541303,0.2883049390804788,-0.43263695920718825,-1.6597970735744014
28.830493908047877,0.05242074709242387,0.2883049390804788,-0.5010557034350669,-1.7690681404864659
28.830493908047877,0.05613105896943471,0.2883049390804788,-0.5744947564050334,-1.8833872168642891
28.830493908047877,0.05984137084644555,0.2883049390804788,-0.652954118117088,-2.002904117783341
28.830493908047877,0.06355168272345639,0.2883049390804788,-0.7364337885712307,-2.1277608322748116
28.830493908047877,0.06726199460046722,0.2883049390804788,-0.8249337677674611,-2.258089903748812
28.830493908047877,0.07097230647747807,0.2883049390804788,-0.9184540557057798,-2.3940127395483173
28.830493908047877,0.0746826183544889,0.2883049390804788,-1.0169946523861864,-2.5356378648849187
28.830493908047877,0.07839293023149975,0.2883049390804788,-1.120555557808681,-2.6830591393883085
28.830493908047877,0.08210324210851058,0.2883049390804788,-1.2291367719732635,-2.836353957494625
28.830493908047877,0.08581355398552143,0.2883049390804788,-1.3427382948799345,-2.9955814568206183
28.830493908047877,0.08952386586253226,0.2883049390804788,-1.461360126528693,-3.160780761426028
28.830493908047877,0.09323417773954311,0.2883049390804788,-1.5850022669195396,-3.3319692893493618
28.830493908047877,0.09694448961655394,0.2883049390804788,-1.7136647160524743,-3.5091411558991656
28.830493908047877,0.10065480149356479,0.2883049390804788,-1.8473474739274969,-3.6922657057776767
28.830493908047877,0.10436511337057562,0.2883049390804788,-1.9860505405446076,-3.8812862080895574
28.830493908047877,0.10807542524758647,0.2883049390804788,-2.1297739159038067,-4.0761187485369375
28.830493908047877,0.1117857371245973,0.2883049390804788,-2.278517600005093,-4.276651352525063
28.830493908047877,0.11549604900160815,0.2883049390804788,-2.432281592848468,-4.482743371423544
28.830493908047877,0.11920636087861898,0.2883049390804788,-2.5910658944339304,-4.694225161793244
28.830493908047877,0.12291667275562983,0.2883049390804788,-2.7548705047614814,-4.910898083977125
28.830493908047877,0.12662698463264066,0.2883049390804788,-2.92369542383112,-5.13253484208159
28.830493908047877,0.1303372965096515,0.2883049390804788,-3.0975406516428468,-5.358880182097318
28.830493908047877,0.13404760838666235,0.2883049390804788,-3.276406188196662,-5.589651958826419
28.830493908047877,0.13775792026367317,0.2883049390804788,-3.4602920334925638,-5.824542575536131
28.830493908047877,0.14146823214068402,0.2883049390804788,-3.649198187530555,-6.063220793030633
28.830493908047877,0.14517854401769487,0.2883049390804788,-3.8431246503106333,-6.305333897338682
28.830493908047877,0.1488888558947057,0.2883049390804788,-4.042071421832801,-6.550510207702313
28.830493908047877,0.15259916777171653,0.2883049390804788,-4.246038502097054,-6.7983618992805575
28.830493908047877,0.15630947964872738,0.2883049390804788,-4.455025891103397,-7.048488108227012
28.830493908047877,0.16001979152573823,0.2883049390804788,-4.669033588851829,-7.300478280821174
28.830493908047877,0.16373010340274907,0.2883049390804788,-4.888061595342348,-7.55391572338117
28.830493908047877,0.1674404152797599,0.2883049390804788,-5.1121099105749535,-7.808381305974212
28.830493908047877,0.17115072715677074,0.2883049390804788,-5.341178534549648,-8.063457270647298
28.830493908047877,0.17486103903378158,0.2883049390804788,-5.575267467266432,-8.318731094150104
28.830493908047877,0.17857135091079243,0.2883049390804788,-5.814376708725303,-8.573799355987074
28.830493908047877,0.18228166278780325,0.2883049390804788,-6.058506258926261,-8.828271565127796
28.830493908047877,0.1859919746648141,0.2883049390804788,-6.307656117869308,-9.081773902783493
28.830493908047877,0.18970228654182494,0.2883049390804788,-6.561826285554443,-9.33395284422525
28.830493908047877,0.1934125984188358,0.2883049390804788,-6.821016761981667,-9.584478629538465
28.830493908047877,0.1971229102958466,0.2883049390804788,-7.085227547150977,-9.83304856129985
28.830493908047877,0.20083322217285746,0.2883049390804788,-7.354458641062375,-10.079390116231062
28.830493908047877,0.2045435340498683,0.2883049390804788,-7.628710043715863,-10.323263867712809
28.830493908047877,0.20825384592687915,0.2883049390804788,-7.907981755111438,-10.564466226425246
28.830493908047877,0.21196415780388997,0.2883049390804788,-8.192273775249099,-10.802832017111292
28.830493908047877,0.21567446968090082,0.2883049390804788,-8.481586104128851,-11.038236920358488
28.830493908047877,0.21938478155791166,0.2883049390804788,-8.77591874175069,-11.270599819203664
28.830493908047877,0.2230950934349225,0.2883049390804788,-9.075271688114617,-11.49988510115138
28.830493908047877,0.22680540531193333,0.2883049390804788,-9.37964494322063,-11.726104976755396
28.830493908047877,0.23051571718894417,0.2883049390804788,-9.689038507068734,-11.949321886149546
28.830493908047877,0.23422602906595502,0.2883049390804788,-10.003452379658926,-12.1696510747411
28.830493908047877,0.23793634094296587,0.2883049390804788,-10.322886560991206,-12.38726342858509
28.830493908047877,0.2416466528199767,0.2883049390804788,-10.64734105106557,-12.602388668582105
28.830493908047877,0.24535696469698753,0.2883049390804788,-10.976815849882026,-12.815319010330844
28.830493908047877,0.24906727657399838,0.2883049390804788,-11.31131095744057,-13.026413402820019
28.830493908047877,0.2527775884510092,0.2883049390804788,-11.650826373741202,-13.236102463542762
28.830493908047877,0.25648790032802005,0.2883049390804788,-11.995362098783918,-13.444894229126119
28.830493908047877,0.2601982122050309,0.2883049390804788,-12.34491813256873,-13.653380837826527
28.830493908047877,0.26390852408204174,0.2883049390804788,-12.699494475095621,-13.862246251303759
28.830493908047877,0.26761883595905256,0.2883049390804788,-13.059091126364601,-14.072275105244591
28.830493908047877,0.27132914783606343,0.2883049390804788,-13.423708086375676,-14.284362747978033
28.830493908047877,0.27503945971307425,0.2883049390804788,-13.793345355128835,-14.499526478297605
28.830493908047877,0.27874977159008507,0.2883049390804788,-14.168002932624079,-14.718917921898077
28.830493908047877,0.28246008346709595,0.2883049390804788,-14.547680818861418,-14.943836382053325
28.830493908047877,0.28617039534410676,0.2883049390804788,-14.932379013840837,-15.175742854490709
28.830493908047877,0.28988070722111764,0.2883049390804788,-15.322097517562353,-15.416274197195147
28.830493908047877,0.29359101909812846,0.2883049390804788,-15.716836330025949,-15.667256680212029
28.830493908047877,0.2973013309751393,0.2883049390804788,-16.116595451231635,-15.930717795488784
28.830493908047877,0.30101164285215015,0.2883049390804788,-16.521374881179415,-16.208894771758064
28.830493908047877,0.30472195472916097,0.2883049390804788,-16.931174619869275,-16.50423770999136
30.21837075951691,0.011607316445304631,0.3021837075951691,-0.02419252101570483,-0.8281815554161245
30.21837075951691,0.015317628322315471,0.3021837075951691,-0.04213088018777661,-0.8961007449533058
30.21837075951691,0.01902794019932631,0.3021837075951691,-0.06501312375141567,-0.9673890745172988
30.21837075951691,0.02273825207633715,0.3021837075951691,-0.09283925170662204,-1.0422034606871993
30.21837075951691,0.02644856395334799,0.3021837075951691,-0.1256092640533957,-1.120703690725294
30.21837075951691,0.03015887583035883,0.3021837075951691,-0.16332316079173667,-1.2030518263929282
30.21837075951691,0.03386918770736967,0.3021837075951691,-0.20598094192164496,-1.2894115150027585
30.21837075951691,0.03757949958438051,0.3021837075951691,-0.2535826074431205,-1.3799472035923461
30.21837075951691,0.04128981146139135,0.3021837075951691,-0.30612815735616333,-1.4748232529789762
30.21837075951691,0.04500012333840219,0.3021837075951691,-0.36361759166077345,-1.5742029495368506
30.21837075951691,0.04871043521541303,0.3021837075951691,-0.4260509103569509,-1.6782474138375494
30.21837075951691,0.05242074709242387,0.3021837075951691,-0.49342811344469567,-1.7871144068219507
30.21837075951691,0.05613105896943471,0.3021837075951691,-0.5657492009240077,-1.9009570359302765
30.21837075951691,0.05984137084644555,0.3021837075951691,-0.6430141727948869,-2.019922365604071
30.21837075951691,0.06355168272345639,0.3021837075951691,-0.7252230290573336,-2.144149938779698
30.21837075951691,0.06726199460046722,0.3021837075951691,-0.8123757697113473,-2.2737702183982083
30.21837075951691,0.07097230647747807,0.3021837075951691,-0.9044723947569286,-2.408902960532532
30.21837075951691,0.0746826183544889,0.3021837075951691,-1.0015129041940771,-2.549655533439034
30.21837075951691,0.07839293023149975,0.3021837075951691,-1.1034972980227928,-2.6961211996258254
30.21837075951691,0.08210324210851058,0.3021837075951691,-1.2104255762430758,-2.848377380829519
30.21837075951691,0.08581355398552143,0.3021837075951691,-1.3222977388549264,-3.0064839285310394
30.21837075951691,0.08952386586253226,0.3021837075951691,-1.439113785858344,-3.170481425231649
30.21837075951691,0.09323417773954311,0.3021837075951691,-1.560873717253329,-3.340389544057764
30.21837075951691,0.09694448961655394,0.3021837075951691,-1.6875775330398812,-3.516205496263022
30.21837075951691,0.10065480149356479,0.3021837075951691,-1.8192252332180008,-3.6979025977435067
30.21837075951691,0.10436511337057562,0.3021837075951691,-1.9558168177876876,-3.8854289866688547
30.21837075951691,0.10807542524758647,0.3021837075951691,-2.097352286748942,-4.078706524659008
30.21837075951691,0.1117857371245973,0.3021837075951691,-2.243831640101763,-4.2776299135112765
30.21837075951691,0.11549604900160815,0.3021837075951691,-2.3952548778461518,-4.482066058232854
30.21837075951691,0.11920636087861898,0.3021837075951691,-2.5516219999821077,-4.691853705006073
30.21837075951691,0.12291667275562983,0.3021837075951691,-2.7129330065096315,-4.906803379684545
30.21837075951691,0.12662698463264066,0.3021837075951691,-2.879187897428722,-5.126697648495101
30.21837075951691,0.1303372965096515,0.3021837075951691,-3.05038667273938,-5.351291717848036
30.21837075951691,0.13404760838666235,0.3021837075951691,-3.2265293324416056,-5.580314384618439
30.21837075951691,0.13775792026367317,0.3021837075951691,-3.407615876535397,-5.813469342077427
30.21837075951691,0.14146823214068402,0.3021837075951691,-3.593646305020757,-6.05043683998035
30.21837075951691,0.14517854401769487,0.3021837075951691,-3.784620617897684,-6.29087569035449
30.21837075951691,0.1488888558947057,0.3021837075951691,-3.980538815166179,-6.534425603487405
30.21837075951691,0.15259916777171653,0.3021837075951691,-4.18140089682624,-6.780709831738479
30.21837075951691,0.15630947964872738,0.3021837075951691,-4.3872068628778695,-7.029338092328638
30.21837075951691,0.16001979152573823,0.3021837075951691,-4.597956713321066,-7.2799097344483705
30.21837075951691,0.16373010340274907,0.3021837075951691,-4.81365044815583,-7.532017111099929
30.21837075951691,0.1674404152797599,0.3021837075951691,-5.0342880673821595,-7.7852491122585405
30.21837075951691,0.17115072715677074,0.3021837075951691,-5.259869571000057,-8.039194813378982
30.21837075951691,0.17486103903378158,0.3021837075951691,-5.490394959009524,-8.29344719211606
30.21837075951691,0.17857135091079243,0.3021837075951691,-5.725864231410556,-8.547606866455999
30.21837075951691,0.18228166278780325,0.3021837075951691,-5.966277388203156,-8.80128580930196
30.21837075951691,0.1859919746648141,0.3021837075951691,-6.211634429387323,-9.054110997900368
30.21837075951691,0.18970228654182494,0.3021837075951691,-6.4619353549630585,-9.305727961268088
30.21837075951691,0.1934125984188358,0.3021837075951691,-6.717180164930362,-9.555804194870893
30.21837075951691,0.1971229102958466,0.3021837075951691,-6.9773688592892285,-9.804032419064654
30.21837075951691,0.20083322217285746,0.3021837075951691,-7.242501438039665,-10.05013366606895
30.21837075951691,0.2045435340498683,0.3021837075951691,-7.51257790118167,-10.293860189312019
30.21837075951691,0.20825384592687915,0.3021837075951691,-7.787598248715241,-10.534998198672769
30.21837075951691,0.21196415780388997,0.3021837075951691,-8.067562480640378,-10.773370435266886
30.21837075951691,0.21567446968090082,0.3021837075951691,-8.352470596957085,-11.008838609806542
30.21837075951691,0.21938478155791166,0.3021837075951691,-8.642322597665359,-11.2413057390586
30.21837075951691,0.2230950934349225,0.3021837075951691,-8.937118482765198,-11.470718425408265
30.21837075951691,0.22680540531193333,0.3021837075951691,-9.236858252256605,-11.697069134899321
30.21837075951691,0.23051571718894417,0.3021837075951691,-9.54154190613958,-11.92039853928605
30.21837075951691,0.23422602906595502,0.3021837075951691,-9.851169444414122,-12.140797997513758
30.21837075951691,0.23793634094296587,0.3021837075951691,-10.165740867080233,-12.358412261559389
30.21837075951691,0.2416466528199767,0.3021837075951691,-10.485256174137907,-12.57344250058224
30.21837075951691,0.24535696469698753,0.3021837075951691,-10.809715365587152,-12.786149745664382
30.21837075951691,0.24906727657399838,0.3021837075951691,-11.139118441427964,-12.996858864744459
30.21837075951691,0.2527775884510092,0.3021837075951691,-11.473465401660345,-13.205963183172303
30.21837075951691,0.25648790032802005,0.3021837075951691,-11.812756246284287,-13.41392986887647
30.21837075951691,0.2601982122050309,0.3021837075951691,-12.156990975299806,-13.621306201316024
30.21837075951691,0.26390852408204174,0.3021837075951691,-12.506169588706882,-13.828726838551232
30.21837075951691,0.26761883595905256,0.3021837075951691,-12.860292086505527,-14.036922184617994
30.21837075951691,0.27132914783606343,0.3021837075951691,-13.219358468695747,-14.24672793675421
30.21837075951691,0.27503945971307425,0.3021837075951691,-13.583368735277528,-14.459095854621578
30.21837075951691,0.27874977159008507,0.3021837075951691,-13.952322886250874,-14.675105735839132
30.21837075951691,0.28246008346709595,0.3021837075951691,-14.326220921615796,-14.895978496607336
30.21837075951691,0.28617039534410676,0.3021837075951691,-14.705062841372277,-15.123090133829256
30.21837075951691,0.28988070722111764,0.3021837075951691,-15.088848645520333,-15.357986174900297
30.21837075951691,0.29359101909812846,0.3021837075951691,-15.477578334059949,-15.602395990551072
30.21837075951691,0.2973013309751393,0.3021837075951691,-15.871251906991134,-15.858246041212366
30.21837075951691,0.30101164285215015,0.3021837075951691,-16.26986936431389,-16.127670735526795
30.21837075951691,0.30472195472916097,0.3021837075951691,-16.67343070602821,-16.41301909186557
31.606247610985946,0.011607316445304631,0.31606247610985944,-0.023818544288166956,-0.8476239754357384
31.606247610985946,0.015317628322315471,0.31606247610985944,-0.041479605825311995,-0.9156708009280012
31.606247610985946,0.01902794019932631,0.31606247610985944,-0.0640081274035036,-0.9870473327532268
31.606247610985946,0.02273825207633715,0.31606247610985944,-0.09140410902274179,-1.0619072378156433
31.606247610985946,0.02644856395334799,0.31606247610985944,-0.12366755068302658,-1.1404069824611707
31.606247610985946,0.03015887583035883,0.31606247610985944,-0.16079845238435794,-1.2227052556671643
31.606247610985946,0.03386918770736967,0.31606247610985944,-0.20279681412673595,-1.3089623031205093
31.606247610985946,0.03757949958438051,0.31606247610985944,-0.24966263591016047,-1.3993391683169367
31.606247610985946,0.04128981146139135,0.31606247610985944,-0.3013959177346316,-1.4939968376465753
31.606247610985946,0.04500012333840219,0.31606247610985944,-0.35799665960014926,-1.593095287454457
31.606247610985946,0.04871043521541303,0.31606247610985944,-0.4194648615067136,-1.6967924322910166
31.606247610985946,0.05242074709242387,0.31606247610985944,-0.48580052345432445,-1.8052429750041115
31.606247610985946,0.05613105896943471,0.31606247610985944,-0.5570036454429819,-1.9185971609747168
31.606247610985946,0.05984137084644555,0.31606247610985944,-0.6330742274726859,-2.036999440659926
31.606247610985946,0.06355168272345639,0.31606247610985944,-0.7140122695434366,-2.1605870466702384
31.606247610985946,0.06726199460046722,0.31606247610985944,-0.7998177716552335,-2.289488493856443
31.606247610985946,0.07097230647747807,0.31606247610985944,-0.8904907338080774,-2.423822013287378
31.606247610985946,0.0746826183544889,0.31606247610985944,-0.9860311560019677,-2.563693933528248
31.606247610985946,0.07839293023149975,0.31606247610985944,-1.0864390382369047,-2.7091970252317723
31.606247610985946,0.08210324210851058,0.31606247610985944,-1.191714380512888,-2.8604088276747164
31.606247610985946,0.08581355398552143,0.31606247610985944,-1.3018571828299184,-3.01738997844053
31.606247610985946,0.08952386586253226,0.31606247610985944,-1.416867445187995,-3.1801825698871733
31.606247610985946,0.09323417773954311,0.31606247610985944,-1.5367451675871182,-3.348808558260322
31.606247610985946,0.09694448961655394,0.31606247610985944,-1.661490350027288,-3.5232682532221924
31.606247610985946,0.10065480149356479,0.31606247610985944,-1.7911029925085045,-3.7035389170683235
31.606247610985946,0.10436511337057562,0.31606247610985944,-1.9255830950307675,-3.8895735039009907
31.606247610985946,0.10807542524758647,0.31606247610985944,-2.0649306575940773,-4.081299569425301
31.606247610985946,0.1117857371245973,0.31606247610985944,-2.209145680198433,-4.278618381747963
31.606247610985946,0.11549604900160815,0.31606247610985944,-2.358228162843836,-4.481404262518748
31.606247610985946,0.11920636087861898,0.31606247610985944,-2.5121781055302854,-4.689504185909184
31.606247610985946,0.12291667275562983,0.31606247610985944,-2.6709955082577816,-4.90273766024534
31.606247610985946,0.12662698463264066,0.31606247610985944,-2.834680371026324,-5.120896913602875
31.606247610985946,0.1303372965096515,0.31606247610985944,-3.003232693835913,-5.343747400366332
31.606247610985946,0.13404760838666235,0.31606247610985944,-3.176652476686549,-5.57102864072029
31.606247610985946,0.13775792026367317,0.31606247610985944,-3.3549397195782302,-5.802455399379917
31.606247610985946,0.14146823214068402,0.31606247610985944,-3.5380944225109596,-6.037719203720904
31.606247610985946,0.14517854401769487,0.31606247610985944,-3.726116585484735,-6.276490195003248
31.606247610985946,0.1488888558947057,0.31606247610985944,-3.919006208499557,-6.518419299794273
31.606247610985946,0.15259916777171653,0.31606247610985944,-4.116763291555425,-6.7631407021987755
31.606247610985946,0.15630947964872738,0.31606247610985944,-4.319387834652341,-7.0102745913231725
31.606247610985946,0.16001979152573823,0.31606247610985944,-4.526879837790303,-7.259430152763645
31.606247610985946,0.16373010340274907,0.31606247610985944,-4.739239300969311,-7.5102087680332925
31.606247610985946,0.1674404152797599,0.31606247610985944,-4.956466224189365,-7.762207381929693
31.606247610985946,0.17115072715677074,0.31606247610985944,-5.178560607450467,-8.015021995063973
31.606247610985946,0.17486103903378158,0.31606247610985944,-5.405522450752616,-8.268251237260891
31.606247610985946,0.17857135091079243,0.31606247610985944,-5.6373517540958105,-8.521499977389078
31.606247610985946,0.18228166278780325,0.31606247610985944,-5.874048517480051,-8.774382926440431
31.606247610985946,0.1859919746648141,0.31606247610985944,-6.1156127409053385,-9.026528193346541
31.606247610985946,0.18970228654182494,0.31606247610985944,-6.362044424371674,-9.277580757054523
31.606247610985946,0.1934125984188358,0.31606247610985944,-6.613343567879055,-9.527205823697715
31.606247610985946,0.1971229102958466,0.31606247610985944,-6.869510171427481,-9.77509204416825
31.606247610985946,0.20083322217285746,0.31606247610985944,-7.130544235016956,-10.020954574880866
31.606247610985946,0.2045435340498683,0.31606247610985944,-7.396445758647477,-10.264537972846334
31.606247610985946,0.20825384592687915,0.31606247610985944,-7.667214742319045,-10.505618925176815
31.606247610985946,0.21196415780388997,0.31606247610985944,-7.942851186031657,-10.74400882265442
31.606247610985946,0.21567446968090082,0.31606247610985944,-8.223355089785318,-10.979556196849673
31.606247610985946,0.21938478155791166,0.31606247610985944,-8.508726453580026,-11.21214905033595
31.606247610985946,0.2230950934349225,0.31606247610985944,-8.79896527741578,-11.441717119689292
31.606247610985946,0.22680540531193333,0.31606247610985944,-9.094071561292578,-11.668234121090164
31.606247610985946,0.23051571718894417,0.31606247610985944,-9.394045305210426,-11.891720038376187
31.606247610985946,0.23422602906595502,0.31606247610985944,-9.69888650916932,-12.112243523260094
31.606247610985946,0.23793634094296587,0.31606247610985944,-10.00859517316926,-12.329924487056973
31.606247610985946,0.2416466528199767,0.31606247610985944,-10.323171297210244,-12.544936972556266
31.606247610985946,0.24535696469698753,0.31606247610985944,-10.642614881292278,-12.757512403483318
31.606247610985946,0.24906727657399838,0.31606247610985944,-10.966925925415358,-12.967943317073079
31.606247610985946,0.2527775884510092,0.31606247610985944,-11.296104429579488,-13.1765876922374
31.606247610985946,0.25648790032802005,0.31606247610985944,-11.630150393784657,-13.383873991032875
31.606247610985946,0.2601982122050309,0.31606247610985944,-11.96906381803088,-13.590307033709017
31.606247610985946,0.26390852408204174,0.31606247610985944,-12.312844702318143,-13.796474826177631
31.606247610985946,0.26761883595905256,0.31606247610985944,-12.661493046646454,-14.003056451359555
31.606247610985946,0.27132914783606343,0.31606247610985944,-13.015008851015816,-14.210831119818764
31.606247610985946,0.27503945971307425,0.31606247610985944,-13.373392115426222,-14.420688446682616
31.606247610985946,0.27874977159008507,0.31606247610985944,-13.736642839877671,-14.633639976101092
31.606247610985946,0.28246008346709595,0.31606247610985944,-14.104761024370175,-14.850831904920247
31.606247610985946,0.28617039534410676,0.31606247610985944,-14.477746668903716,-15.073558855541211
31.606247610985946,0.28988070722111764,0.31606247610985944,-14.855599773478312,-15.3032784038504
31.606247610985946,0.29359101909812846,0.31606247610985944,-15.23832033809395,-15.541625869453261
31.606247610985946,0.2973013309751393,0.31606247610985944,-15.625908362750634,-15.790428608547794
31.606247610985946,0.30101164285215015,0.31606247610985944,-16.01836384744837,-16.05171870060033
31.606247610985946,0.30472195472916097,0.31606247610985944,-16.415686792187145,-16.327742476395212
32.994124462454984,0.011607316445304631,0.3299412446245498,-0.023444567560629077,-0.8672726162949407
32.994124462454984,0.015317628322315471,0.3299412446245498,-0.040828331462847374,-0.9354370775852812
32.994124462454984,0.01902794019932631,0.3299412446245498,-0.06300313105559154,-1.0068911448193987
32.994124462454984,0.02273825207633715,0.3299412446245498,-0.08996896633886155,-1.0817853009715468
32.994124462454984,0.02644856395334799,0.3299412446245498,-0.12172583731265747,-1.160272766994233
32.994124462454984,0.03015887583035883,0.3299412446245498,-0.15827374397697924,-1.2425089442814348
32.994124462454984,0.03386918770736967,0.3299412446245498,-0.19961268633182694,-1.3286507715004352
32.994124462454984,0.03757949958438051,0.3299412446245498,-0.24574266437720044,-1.4188559921512431
32.994124462454984,0.04128981146139135,0.3299412446245498,-0.29666367811309985,-1.513282330003193
32.994124462454984,0.04500012333840219,0.3299412446245498,-0.35237572753952506,-1.6120865705264977
32.994124462454984,0.04871043521541303,0.3299412446245498,-0.41287881265647625,-1.7154235475924269
32.994124462454984,0.05242074709242387,0.3299412446245498,-0.47817293346395323,-1.8234450360664982
32.994124462454984,0.05613105896943471,0.3299412446245498,-0.5482580899619561,-1.9362985524670595
32.994124462454984,0.05984137084644555,0.3299412446245498,-0.6231342821504848,-2.0541260676050057
32.994124462454984,0.06355168272345639,0.3299412446245498,-0.7028015100295395,-2.1770626370503163
32.994124462454984,0.06726199460046722,0.3299412446245498,-0.7872597735991197,-2.3052349573718223
32.994124462454984,0.07097230647747807,0.3299412446245498,-0.8765090728592262,-2.438759858344633
32.994124462454984,0.0746826183544889,0.3299412446245498,-0.9705494078098583,-2.5777427436813993
32.994124462454984,0.07839293023149975,0.3299412446245498,-1.0693807784510165,-2.722275995277376
32.994124462454984,0.08210324210851058,0.3299412446245498,-1.1730031847827003,-2.8724373584121046
32.994124462454984,0.08581355398552143,0.3299412446245498,-1.2814166268049103,-3.0282883277609276
32.994124462454984,0.08952386586253226,0.3299412446245498,-1.394621104517646,-3.1898725563662422
32.994124462454984,0.09323417773954311,0.3299412446245498,-1.5126166179209075,-3.3572143118220463
32.994124462454984,0.09694448961655394,0.3299412446245498,-1.635403167014695,-3.5303170057518525
32.994124462454984,0.10065480149356479,0.3299412446245498,-1.7629807517990082,-3.7091618241187865
32.994124462454984,0.10436511337057562,0.3299412446245498,-1.8953493722738473,-3.8937064869107507
32.994124462454984,0.10807542524758647,0.3299412446245498,-2.0325090284392124,-4.083884166204097
32.994124462454984,0.1117857371245973,0.3299412446245498,-2.1744597202951033,-4.2796025914497635
32.994124462454984,0.11549604900160815,0.3299412446245498,-2.32120144784152,-4.480743369977469
32.994124462454984,0.11920636087861898,0.3299412446245498,-2.4727342110784627,-4.687161549127056
32.994124462454984,0.12291667275562983,0.3299412446245498,-2.6290580100059313,-4.898685444061504
32.994124462454984,0.12662698463264066,0.3299412446245498,-2.790172844623926,-5.115116752189678
32.994124462454984,0.1303372965096515,0.3299412446245498,-2.956078714932446,-5.336230971252617
32.994124462454984,0.13404760838666235,0.3299412446245498,-3.1267756209314927,-5.561778133561409
32.994124462454984,0.13775792026367317,0.3299412446245498,-3.302263562621064,-5.791483863704169
32.994124462454984,0.14146823214068402,0.3299412446245498,-3.482542540001162,-6.025050761383644
32.994124462454984,0.14517854401769487,0.3299412446245498,-3.667612553071786,-6.262160105054227
32.994124462454984,0.1488888558947057,0.3299412446245498,-3.8574736018329356,-6.5024738658692485
32.994124462454984,0.15259916777171653,0.3299412446245498,-4.052125686284611,-6.745637015322123
32.994124462454984,0.15630947964872738,0.3299412446245498,-4.251568806426812,-6.991280104069901
32.994124462454984,0.16001979152573823,0.3299412446245498,-4.45580296225954,-7.239022083977032
32.994124462454984,0.16373010340274907,0.3299412446245498,-4.664828153782794,-7.48847334061327
32.994124462454984,0.1674404152797599,0.3299412446245498,-4.878644380996571,-7.739238899473818
32.994124462454984,0.17115072715677074,0.3299412446245498,-5.097251643900876,-7.99092176622878
32.994124462454984,0.17486103903378158,0.3299412446245498,-5.320649942495708,-8.243126359490766
32.994124462454984,0.17857135091079243,0.3299412446245498,-5.548839276781064,-8.495461994015058
32.994124462454984,0.18228166278780325,0.3299412446245498,-5.781819646756946,-8.7475463729755
32.994124462454984,0.1859919746648141,0.3299412446245498,-6.019591052423354,-8.999009050010978
32.994124462454984,0.18970228654182494,0.3299412446245498,-6.262153493780289,-9.249494825085936
32.994124462454984,0.1934125984188358,0.3299412446245498,-6.50950697082775,-9.498667042793983
32.994124462454984,0.1971229102958466,0.3299412446245498,-6.761651483565734,-9.746210767457208
32.994124462454984,0.20083322217285746,0.3299412446245498,-7.018587031994246,-9.991835816113209
32.994124462454984,0.2045435340498683,0.3299412446245498,-7.280313616113284,-10.235279638094433
32.994124462454984,0.20825384592687915,0.3299412446245498,-7.546831235922848,-10.476310038237955
32.994124462454984,0.21196415780388997,0.3299412446245498,-7.818139891422936,-10.714727749663572
32.994124462454984,0.21567446968090082,0.3299412446245498,-8.094239582613552,-10.95036887137811
32.994124462454984,0.21938478155791166,0.3299412446245498,-8.375130309494693,-11.183107195570413
32.994124462454984,0.2230950934349225,0.3299412446245498,-8.66081207206636,-11.412856459238293
32.994124462454984,0.22680540531193333,0.3299412446245498,-8.951284870328552,-11.639572564642087
32.994124462454984,0.23051571718894417,0.3299412446245498,-9.24654870428127,-11.863255822931807
32.994124462454984,0.23422602906595502,0.3299412446245498,-9.546603573924516,-12.083953285083522
32.994124462454984,0.23793634094296587,0.3299412446245498,-9.851449479258287,-12.301761233944633
32.994124462454984,0.2416466528199767,0.3299412446245498,-10.161086420282583,-12.516827920652256
32.994124462454984,0.24535696469698753,0.3299412446245498,-10.475514396997406,-12.729356637840091
32.994124462454984,0.24906727657399838,0.3299412446245498,-10.794733409402754,-12.93960923070126
32.994124462454984,0.2527775884510092,0.3299412446245498,-11.11874345749863,-13.147910154821087
32.994124462454984,0.25648790032802005,0.3299412446245498,-11.447544541285026,-13.354651196249366
32.994124462454984,0.2601982122050309,0.3299412446245498,-11.781136660761957,-13.56029697379677
32.994124462454984,0.26390852408204174,0.3299412446245498,-12.119519815929404,-13.765391344897441
32.994124462454984,0.26761883595905256,0.3299412446245498,-12.46269400678738,-13.970564832956446
32.994124462454984,0.27132914783606343,0.3299412446245498,-12.810659233335887,-14.176543183596836
32.994124462454984,0.27503945971307425,0.3299412446245498,-13.163415495574915,-14.384157136448001
32.994124462454984,0.27874977159008507,0.3299412446245498,-13.520962793504468,-14.594353463747636
32.994124462454984,0.28246008346709595,0.3299412446245498,-13.883301127124552,-14.808207271316766
32.994124462454984,0.28617039534410676,0.3299412446245498,-14.250430496435156,-15.02693547395527
32.994124462454984,0.28988070722111764,0.3299412446245498,-14.622350901436294,-15.251911236584514
32.994124462454984,0.29359101909812846,0.3299412446245498,-14.99906234212795,-15.48467900305824
32.994124462454984,0.2973013309751393,0.3299412446245498,-15.380564818510132,-15.726969503105218
32.994124462454984,0.30101164285215015,0.3299412446245498,-15.766858330582847,-15.98071381980387
32.994124462454984,0.30472195472916097,0.3299412446245498,-16.15794287834608,-16.248055201184116
34.382001313924015,0.011607316445304631,0.34382001313924015,-0.023070590833091202,-0.88712077450479
34.382001313924015,0.015317628322315471,0.34382001313924015,-0.04017705710038275,-0.955392628832572
34.382001313924015,0.01902794019932631,0.34382001313924015,-0.06199813470767946,-1.0269133256282608
34.382001313924015,0.02273825207633715,0.34382001313924015,-0.08853382365498132,-1.1018302303613599
34.382001313924015,0.02644856395334799,0.34382001313924015,-0.11978412394228835,-1.1802933945389729
34.382001313924015,0.03015887583035883,0.34382001313924015,-0.15574903556960054,-1.2624550173092524
34.382001313924015,0.03386918770736967,0.34382001313924015,-0.1964285585369179,-1.3484688247468704
34.382001313924015,0.03757949958438051,0.34382001313924015,-0.2418226928442404,-1.4384893633856972
34.382001313924015,0.04128981146139135,0.34382001313924015,-0.29193143849156805,-1.5326712053138523
34.382001313924015,0.04500012333840219,0.34382001313924015,-0.34675479547890087,-1.6311680630611822
34.382001313924015,0.04871043521541303,0.34382001313924015,-0.4062927638062389,-1.7341318135980588
34.382001313924015,0.05242074709242387,0.34382001313924015,-0.470545343473582,-1.8417114320331813
34.382001313924015,0.05613105896943471,0.34382001313924015,-0.5395125344809303,-1.9540518370496023
34.382001313924015,0.05984137084644555,0.34382001313924015,-0.6131943368282837,-2.0712926517499572
34.382001313924015,0.06355168272345639,0.34382001313924015,-0.6915907505156423,-2.193566885386683
34.382001313924015,0.06726199460046722,0.34382001313924015,-0.774701775543006,-2.320999543415785
34.382001313924015,0.07097230647747807,0.34382001313924015,-0.862527411910375,-2.4537061754128526
34.382001313924015,0.0746826183544889,0.34382001313924015,-0.955067659617749,-2.591791372597058
34.382001313924015,0.07839293023149975,0.34382001313924015,-1.0523225186651284,-2.7353472289849203
34.382001313924015,0.08210324210851058,0.34382001313924015,-1.1542919890525125,-2.884451782493263
34.382001313924015,0.08581355398552143,0.34382001313924015,-1.2609760707799023,-3.039167454574664
34.382001313924015,0.08952386586253226,0.34382001313924015,-1.372374763847297,-3.1995395091331473
34.382001313924015,0.09323417773954311,0.34382001313924015,-1.4884880682546968,-3.3655945534633207
34.382001313924015,0.09694448961655394,0.34382001313924015,-1.6093159840021019,-3.537339105702876
34.382001313924015,0.10065480149356479,0.34382001313924015,-1.734858511089512,-3.71475825470793
34.382001313924015,0.10436511337057562,0.34382001313924015,-1.8651156495169272,-3.8978144392685103
34.382001313924015,0.10807542524758647,0.34382001313924015,-2.000087399284348,-4.086446374100303
34.382001313924015,0.1117857371245973,0.34382001313924015,-2.1397737603917735,-4.280568150003212
34.382001313924015,0.11549604900160815,0.34382001313924015,-2.2841747328392046,-4.480068534904522
34.382001313924015,0.11920636087861898,0.34382001313924015,-2.4332903166266404,-4.684810501155222
34.382001313924015,0.12291667275562983,0.34382001313924015,-2.5871205117540814,-4.894631002390188
34.382001313924015,0.12662698463264066,0.34382001313924015,-2.7456653182215276,-5.109341020489255
34.382001313924015,0.1303372965096515,0.34382001313924015,-2.908924736028979,-5.3287258997014515
34.382001313924015,0.13404760838666235,0.34382001313924015,-3.0768987651764363,-5.552545980863954
34.382001313924015,0.13775792026367317,0.34382001313924015,-3.249587405663897,-5.780537543934061
34.382001313924015,0.14146823214068402,0.34382001313924015,-3.4269906574913644,-6.012414061857397
34.382001313924015,0.14517854401769487,0.34382001313924015,-3.6091085206588365,-6.247867763249589
34.382001313924015,0.1488888558947057,0.34382001313924015,-3.795940995166314,-6.486571495623748
34.382001313924015,0.15259916777171653,0.34382001313924015,-3.9874880810137956,-6.728180875125643
34.382001313924015,0.15630947964872738,0.34382001313924015,-4.183749778201284,-6.972336703128303
34.382001313924015,0.16001979152573823,0.34382001313924015,-4.384726086728777,-7.2186676247803
34.382001313924015,0.16373010340274907,0.34382001313924015,-4.590417006596275,-7.4667929998872165
34.382001313924015,0.1674404152797599,0.34382001313924015,-4.800822537803777,-7.716325952514879
34.382001313924015,0.17115072715677074,0.34382001313924015,-5.0159426803512845,-7.966876562598523
34.382001313924015,0.17486103903378158,0.34382001313924015,-5.235777434238799,-8.21805516076116
34.382001313924015,0.17857135091079243,0.34382001313924015,-5.460326799466317,-8.46947568659459
34.382001313924015,0.18228166278780325,0.34382001313924015,-5.689590776033841,-8.720759070907942
34.382001313924015,0.1859919746648141,0.34382001313924015,-5.923569363941369,-8.971536603935345
34.382001313924015,0.18970228654182494,0.34382001313924015,-6.162262563188904,-9.221453254209598
34.382001313924015,0.1934125984188358,0.34382001313924015,-6.405670373776444,-9.470170906713076
34.382001313924015,0.1971229102958466,0.34382001313924015,-6.653792795703986,-9.717371493934678
34.382001313924015,0.20083322217285746,0.34382001313924015,-6.9066298289715355,-9.96275999949093
34.382001313924015,0.2045435340498683,0.34382001313924015,-7.164181473579091,-10.206067320890646
34.382001313924015,0.20825384592687915,0.34382001313924015,-7.426447729526652,-10.44705298570011
34.382001313924015,0.21196415780388997,0.34382001313924015,-7.693428596814215,-10.685507723662203
34.382001313924015,0.21567446968090082,0.34382001313924015,-7.965124075441786,-10.921255906103696
34.382001313924015,0.21938478155791166,0.34382001313924015,-8.241534165409362,-11.154157873104422
34.382001313924015,0.2230950934349225,0.34382001313924015,-8.522658866716942,-11.384112178291991
34.382001313924015,0.22680540531193333,0.34382001313924015,-8.808498179364525,-11.611057790672703
34.382001313924015,0.23051571718894417,0.34382001313924015,-9.099052103352117,-11.834976302542708
34.382001313924015,0.23422602906595502,0.34382001313924015,-9.394320638679714,-12.055894202181968
34.382001313924015,0.23793634094296587,0.34382001313924015,-9.694303785347316,-12.273885279667416
34.382001313924015,0.2416466528199767,0.34382001313924015,-9.99900154335492,-12.489073243691907
34.382001313924015,0.24535696469698753,0.34382001313924015,-10.308413912702532,-12.701634636656276
34.382001313924015,0.24906727657399838,0.34382001313924015,-10.622540893390148,-12.911802144375057
34.382001313924015,0.2527775884510092,0.34382001313924015,-10.941382485417773,-13.119868405265532
34.382001313924015,0.25648790032802005,0.34382001313924015,-11.264938688785396,-13.32619043149409
34.382001313924015,0.2601982122050309,0.34382001313924015,-11.593209503493032,-13.531194760631342
34.382001313924015,0.26390852408204174,0.34382001313924015,-11.926194929540667,-13.735383460004668
34.382001313924015,0.26761883595905256,0.34382001313924015,-12.263894966928305,-13.939341105786653
34.382001313924015,0.27132914783606343,0.34382001313924015,-12.606309615655958,-14.143742852981852
34.382001313924015,0.27503945971307425,0.34382001313924015,-12.95343887572361,-14.349363698151313
34.382001313924015,0.27874977159008507,0.34382001313924015,-13.305282747131264,-14.557089010200855
34.382001313924015,0.28246008346709595,0.34382001313924015,-13.661841229878931,-14.767926360813476
34.382001313924015,0.28617039534410676,0.34382001313924015,-14.023114323966595,-14.98301861848983
34.382001313924015,0.28988070722111764,0.34382001313924015,-14.389102029394273,-15.203658170140573
34.382001313924015,0.29359101909812846,0.34382001313924015,-14.759804346161948,-15.431301991110569
34.382001313924015,0.2973013309751393,0.34382001313924015,-15.13522127426963,-15.667587085636772
34.382001313924015,0.30101164285215015,0.34382001313924015,-15.515352813717325,-15.914345550516183
34.382001313924015,0.30472195472916097,0.34382001313924015,-15.900198964505014,-16.173618159962697
35.76987816539305,0.011607316445304631,0.35769878165393054,-0.02269661410555332,-0.9071612028893332
35.76987816539305,0.015317628322315471,0.35769878165393054,-0.03952578273791813,-0.9755299819402055
35.76987816539305,0.01902794019932631,0.35769878165393054,-0.06099313835976738,-1.047106181079943
35.76987816539305,0.02273825207633715,0.35769878165393054,-0.08709868097110106,-1.1220341152582045
35.76987816539305,0.02644856395334799,0.35769878165393054,-0.11784241057191921,-1.2004607427826501
35.76987816539305,0.03015887583035883,0.35769878165393054,-0.15322432716222179,-1.2825351458985246
35.76987816539305,0.03386918770736967,0.35769878165393054,-0.19324443074200887,-1.3684079322021017
35.76987816539305,0.03757949958438051,0.35769878165393054,-0.23790272131128035,-1.4582305536407612
35.76987816539305,0.04128981146139135,0.35769878165393054,-0.28719919887003625,-1.5521545405633308
35.76987816539305,0.04500012333840219,0.35769878165393054,-0.3411338634182766,-1.6503306491479437
35.76987816539305,0.04871043521541303,0.35769878165393054,-0.39970671495600146,-1.752907921559499
35.76987816539305,0.05242074709242387,0.35769878165393054,-0.46291775348321074,-1.8600326593799008
35.76987816539305,0.05613105896943471,0.35769878165393054,-0.5307669789999044,-1.9718473122146136
35.76987816539305,0.05984137084644555,0.35769878165393054,-0.6032543915060826,-2.0884892849059415
35.76987816539305,0.06355168272345639,0.35769878165393054,-0.6803799910017452,-2.2100896684704736
35.76987816539305,0.06726199460046722,0.35769878165393054,-0.762143777486892,-2.3367719017123423
35.76987816539305,0.07097230647747807,0.35769878165393054,-0.8485457509615236,-2.468650372425453
35.76987816539305,0.0746826183544889,0.35769878165393054,-0.9395859114256395,-2.60582896916102
35.76987816539305,0.07839293023149975,0.35769878165393054,-1.03526425887924,-2.748399596665704
35.76987816539305,0.08210324210851058,0.35769878165393054,-1.1355807933223245,-2.896440670249442
35.76987816539305,0.08581355398552143,0.35769878165393054,-1.240535514754894,-3.0500156064687185
35.76987816539305,0.08952386586253226,0.35769878165393054,-1.3501284231769477,-3.209171329553887
35.76987816539305,0.09323417773954311,0.35769878165393054,-1.464359518588486,-3.3739368149019913
35.76987816539305,0.09694448961655394,0.35769878165393054,-1.5832288009895084,-3.544321692630514
35.76987816539305,0.10065480149356479,0.35769878165393054,-1.7067362703800155,-3.720314935567551
35.76987816539305,0.10436511337057562,0.35769878165393054,-1.834881926760007,-3.901883657065369
35.76987816539305,0.10807542524758647,0.35769878165393054,-1.967665770129483,-4.088972044594301
35.76987816539305,0.1117857371245973,0.35769878165393054,-2.1050878004884432,-4.28150045513188
35.76987816539305,0.11549604900160815,0.35769878165393054,-2.247148017836888,-4.479364697849796
35.76987816539305,0.11920636087861898,0.35769878165393054,-2.3938464221748172,-4.682435528468849
35.76987816539305,0.12291667275562983,0.35769878165393054,-2.545183013502231,-4.890558377867549
35.76987816539305,0.12662698463264066,0.35769878165393054,-2.701157791819129,-5.103553335080932
35.76987816539305,0.1303372965096515,0.35769878165393054,-2.8617707571255115,-5.3212154017211795
35.76987816539305,0.13404760838666235,0.35769878165393054,-3.027021909421379,-5.543315031125145
35.76987816539305,0.13775792026367317,0.35769878165393054,-3.19691124870673,-5.769598961246997
35.76987816539305,0.14146823214068402,0.35769878165393054,-3.3714387749815664,-5.999791345551667
35.76987816539305,0.14517854401769487,0.35769878165393054,-3.5506044882458867,-6.233595181041625
35.76987816539305,0.1488888558947057,0.35769878165393054,-3.7344083884996917,-6.470694027197702
35.76987816539305,0.15259916777171653,0.35769878165393054,-3.92285047574298,-6.710754004190571
35.76987816539305,0.15630947964872738,0.35769878165393054,-4.115930749975754,-6.953426053390231
35.76987816539305,0.16001979152573823,0.35769878165393054,-4.313649211198013,-7.198348438142309
35.76987816539305,0.16373010340274907,0.35769878165393054,-4.516005859409756,-7.445149458170324
35.76987816539305,0.1674404152797599,0.35769878165393054,-4.723000694610981,-7.693450346971323
35.76987816539305,0.17115072715677074,0.35769878165393054,-4.934633716801693,-7.942868318357222
35.76987816539305,0.17486103903378158,0.35769878165393054,-5.15090492598189,-8.19301972599151
35.76987816539305,0.17857135091079243,0.35769878165393054,-5.37181432215157,-8.44352329849111
35.76987816539305,0.18228166278780325,0.35769878165393054,-5.597361905310735,-8.694003412486369
35.76987816539305,0.1859919746648141,0.35769878165393054,-5.827547675459384,-8.944093367004273
35.76987816539305,0.18970228654182494,0.35769878165393054,-6.062371632597518,-9.193438624670677
35.76987816539305,0.1934125984188358,0.35769878165393054,-6.301833776725137,-9.441699988496502
35.76987816539305,0.1971229102958466,0.35769878165393054,-6.545934107842238,-9.688556687364208
35.76987816539305,0.20083322217285746,0.35769878165393054,-6.794672625948825,-9.9337093486843
35.76987816539305,0.2045435340498683,0.35769878165393054,-7.048049331044897,-10.176882842946164
35.76987816539305,0.20825384592687915,0.35769878165393054,-7.306064223130454,-10.417828991926857
35.76987816539305,0.21196415780388997,0.35769878165393054,-7.568717302205493,-10.656329140021919
35.76987816539305,0.21567446968090082,0.35769878165393054,-7.836008568270018,-10.892196596402949
35.76987816539305,0.21938478155791166,0.35769878165393054,-8.107938021324028,-11.12527896437057
35.76987816539305,0.2230950934349225,0.35769878165393054,-8.384505661367522,-11.355460383255403
35.76987816539305,0.22680540531193333,0.35769878165393054,-8.665711488400499,-11.58266371743669
35.76987816539305,0.23051571718894417,0.35769878165393054,-8.951555502422961,-11.806852736426952
35.76987816539305,0.23422602906595502,0.35769878165393054,-9.242037703434908,-12.028034339456928
35.76987816539305,0.23793634094296587,0.35769878165393054,-9.537158091436341,-12.246260887542848
35.76987816539305,0.2416466528199767,0.35769878165393054,-9.836916666427255,-12.461632715581219
35.76987816539305,0.24535696469698753,0.35769878165393054,-10.141313428407656,-12.674300906532643
35.76987816539305,0.24906727657399838,0.35769878165393054,-10.450348377377543,-12.884470419122652
35.76987816539305,0.2527775884510092,0.35769878165393054,-10.764021513336914,-13.0924036695277
35.76987816539305,0.25648790032802005,0.35769878165393054,-11.082332836285763,-13.298424675931246
35.76987816539305,0.2601982122050309,0.35769878165393054,-11.405282346224107,-13.502923882153832
35.76987816539305,0.26390852408204174,0.35769878165393054,-11.732870043151927,-13.706363782040231
35.76987816539305,0.26761883595905256,0.35769878165393054,-12.06509592706923,-13.909285468818696
35.76987816539305,0.27132914783606343,0.35769878165393054,-12.401959997976025,-14.112316231610873
35.76987816539305,0.27503945971307425,0.35769878165393054,-12.7434622558723,-14.316178312359716
35.76987816539305,0.27874977159008507,0.35769878165393054,-13.089602700758059,-14.52169891744082
35.76987816539305,0.28246008346709595,0.35769878165393054,-13.440381332633308,-14.729821544742636
35.76987816539305,0.28617039534410676,0.35769878165393054,-13.795798151498033,-14.941618633178324
35.76987816539305,0.28988070722111764,0.35769878165393054,-14.15585315735225,-15.15830545977138
35.76987816539305,0.29359101909812846,0.35769878165393054,-14.520546350195946,-15.381255089898845
35.76987816539305,0.2973013309751393,0.35769878165393054,-14.889877730029127,-15.612014016999156
35.76987816539305,0.30101164285215015,0.35769878165393054,-15.263847296851798,-15.852317894937167
35.76987816539305,0.30472195472916097,0.35769878165393054,-15.642455050663948,-16.10410645365531
37.15775501686208,0.011607316445304631,0.3715775501686208,-0.022322637378015445,-0.927386099231712
37.15775501686208,0.015317628322315471,0.3715775501686208,-0.03887450837545351,-0.9958411278611243
37.15775501686208,0.01902794019932631,0.3715775501686208,-0.0599881420118553,-1.0674615000422745
37.15775501686208,0.02273825207633715,0.3715775501686208,-0.08566353828722083,-1.1423885476220197
37.15775501686208,0.02644856395334799,0.3715775501686208,-0.11590069720155009,-1.220766212119214
37.15775501686208,0.03015887583035883,0.3715775501686208,-0.15069961875484308,-1.3027405440876771
37.15775501686208,0.03386918770736967,0.3715775501686208,-0.19006030294709986,-1.3884591263084247
37.15775501686208,0.03757949958438051,0.3715775501686208,-0.23398274977832031,-1.478070417734739
37.15775501686208,0.04128981146139135,0.3715775501686208,-0.2824669592485045,-1.5717230157863802
37.15775501686208,0.04500012333840219,0.3715775501686208,-0.3355129313576524,-1.6695648354041142
37.15775501686208,0.04871043521541303,0.3715775501686208,-0.3931206661057641,-1.7717422042389805
37.15775501686208,0.05242074709242387,0.3715775501686208,-0.4552901634928395,-1.878398874468798
37.15775501686208,0.05613105896943471,0.3715775501686208,-0.5220214235188787,-1.989674953008148
37.15775501686208,0.05984137084644555,0.3715775501686208,-0.5933144461838815,-2.105705753306424
37.15775501686208,0.06355168272345639,0.3715775501686208,-0.6691692314878481,-2.2266205735054108
37.15775501686208,0.06726199460046722,0.3715775501686208,-0.7495857794307783,-2.352541407440908
37.15775501686208,0.07097230647747807,0.3715775501686208,-0.8345640900126724,-2.483581596806024
37.15775501686208,0.0746826183544889,0.3715775501686208,-0.9241041632335302,-2.6198444347217618
37.15775501686208,0.07839293023149975,0.3715775501686208,-1.0182059990933516,-2.7614217329534783
37.15775501686208,0.08210324210851058,0.3715775501686208,-1.1168695975921368,-2.9083923670306495
37.15775501686208,0.08581355398552143,0.3715775501686208,-1.220094958729886,-3.0608208155276517
37.15775501686208,0.08952386586253226,0.3715775501686208,-1.3278820825065987,-3.2187557116914185
37.15775501686208,0.09323417773954311,0.3715775501686208,-1.4402309689222752,-3.382228427400409
37.15775501686208,0.09694448961655394,0.3715775501686208,-1.5571416179769153,-3.5512517110436184
37.15775501686208,0.10065480149356479,0.3715775501686208,-1.6786140296705192,-3.725818402251521
37.15775501686208,0.10436511337057562,0.3715775501686208,-1.804648204003087,-3.905900247424127
37.15775501686208,0.10807542524758647,0.3715775501686208,-1.9352441409746184,-4.0914468406159195
37.15775501686208,0.1117857371245973,0.3715775501686208,-2.070401840585113,-4.282384714490277
37.15775501686208,0.11549604900160815,0.3715775501686208,-2.210121302834572,-4.478616605689179
37.15775501686208,0.11920636087861898,0.3715775501686208,-2.354402527722995,-4.680020918030001
37.15775501686208,0.12291667275562983,0.3715775501686208,-2.503245515250381,-4.8864514054081924
37.15775501686208,0.12662698463264066,0.3715775501686208,-2.656650265416731,-5.097737094134186
37.15775501686208,0.1303372965096515,0.3715775501686208,-2.814616778222045,-5.313682461670362
37.15775501686208,0.13404760838666235,0.3715775501686208,-2.9771450536663226,-5.534067885382518
37.15775501686208,0.13775792026367317,0.3715775501686208,-3.144235091749563,-5.758650371031097
37.15775501686208,0.14146823214068402,0.3715775501686208,-3.315886892471769,-5.987164566371492
37.15775501686208,0.14517854401769487,0.3715775501686208,-3.4921004558329374,-6.219324060508126
37.15775501686208,0.1488888558947057,0.3715775501686208,-3.67287578183307,-6.454822964671115
37.15775501686208,0.15259916777171653,0.3715775501686208,-3.8582128704721654,-6.693337764994197
37.15775501686208,0.15630947964872738,0.3715775501686208,-4.048111721750225,-6.934529432820328
37.15775501686208,0.16001979152573823,0.3715775501686208,-4.24257233566725,-7.17804577320643
37.15775501686208,0.16373010340274907,0.3715775501686208,-4.441594712223237,-7.423523987806453
37.15775501686208,0.1674404152797599,0.3715775501686208,-4.645178851418187,-7.670593424342211
37.15775501686208,0.17115072715677074,0.3715775501686208,-4.853324753252102,-7.918878481574891
37.15775501686208,0.17486103903378158,0.3715775501686208,-5.066032417724982,-8.168001636202328
37.15775501686208,0.17857135091079243,0.3715775501686208,-5.283301844836823,-8.41758655653977
37.15775501686208,0.18228166278780325,0.3715775501686208,-5.5051330345876295,-8.667261267282711
37.15775501686208,0.1859919746648141,0.3715775501686208,-5.731525986977399,-8.916661330153879
37.15775501686208,0.18970228654182494,0.3715775501686208,-5.9624807020061334,-9.165433006830984
37.15775501686208,0.1934125984188358,0.3715775501686208,-6.197997179673831,-9.413236373227948
37.15775501686208,0.1971229102958466,0.3715775501686208,-6.438075419980491,-9.659748357927876
37.15775501686208,0.20083322217285746,0.3715775501686208,-6.682715422926115,-9.904665682276521
37.15775501686208,0.2045435340498683,0.3715775501686208,-6.931917188510704,-10.147707685259133
37.15775501686208,0.20825384592687915,0.3715775501686208,-7.185680716734257,-10.388619022702418
37.15775501686208,0.21196415780388997,0.3715775501686208,-7.444006007596772,-10.627172237458053
37.15775501686208,0.21567446968090082,0.3715775501686208,-7.706893061098252,-10.863170204926764
37.15775501686208,0.21938478155791166,0.3715775501686208,-7.974341877238696,-11.096448466463293
37.15775501686208,0.2230950934349225,0.3715775501686208,-8.246352456018103,-11.326877471768293
37.15775501686208,0.22680540531193333,0.3715775501686208,-8.522924797436472,-11.554364760237883
37.15775501686208,0.23051571718894417,0.3715775501686208,-8.804058901493807,-11.778857120338456
37.15775501686208,0.23422602906595502,0.3715775501686208,-9.089754768190106,-12.000342775350589
37.15775501686208,0.23793634094296587,0.3715775501686208,-9.380012397525368,-12.218853653240354
37.15775501686208,0.2416466528199767,0.3715775501686208,-9.674831789499592,-12.434467807932814
37.15775501686208,0.24535696469698753,0.3715775501686208,-9.974212944112782,-12.647312068834772
37.15775501686208,0.24906727657399838,0.3715775501686208,-10.278155861364937,-12.857565005007922
37.15775501686208,0.2527775884510092,0.3715775501686208,-10.586660541256055,-13.06546029980068
37.15775501686208,0.25648790032802005,0.3715775501686208,-10.899726983786133,-13.271290640779759
37.15775501686208,0.2601982122050309,0.3715775501686208,-11.217355188955182,-13.475412238092487
37.15775501686208,0.26390852408204174,0.3715775501686208,-11.539545156763188,-13.678250091341571
37.15775501686208,0.26761883595905256,0.3715775501686208,-11.866296887210156,-13.880304129765385
37.15775501686208,0.27132914783606343,0.3715775501686208,-12.197610380296096,-14.082156351641169
37.15775501686208,0.27503945971307425,0.3715775501686208,-12.533485636020995,-14.284479084428341
37.15775501686208,0.27874977159008507,0.3715775501686208,-12.873922654384854,-14.488044474499487
37.15775501686208,0.28246008346709595,0.3715775501686208,-13.218921435387685,-14.693735290576434
37.15775501686208,0.28617039534410676,0.3715775501686208,-13.568481979029473,-14.902557083060499
37.15775501686208,0.28988070722111764,0.3715775501686208,-13.92260428531023,-15.11565167551062
37.15775501686208,0.29359101909812846,0.3715775501686208,-14.281288354229947,-15.334311865766177
37.15775501686208,0.2973013309751393,0.3715775501686208,-14.644534185788627,-15.559997071557767
37.15775501686208,0.30101164285215015,0.3715775501686208,-15.012341779986276,-15.794349455467486
37.15775501686208,0.30472195472916097,0.3715775501686208,-15.384711136822883,-16.039209791319724
38.54563186833112,0.011607316445304631,0.3854563186833112,-0.021948660650477566,-0.9477870963171848
38.54563186833112,0.015317628322315471,0.3854563186833112,-0.03822323401298889,-1.0163175130108981
38.54563186833112,0.01902794019932631,0.3854563186833112,-0.05898314566394322,-1.0879705478534687
38.54563186833112,0.02273825207633715,0.3854563186833112,-0.08422839560334057,-1.162884617303853
38.54563186833112,0.02644856395334799,0.3854563186833112,-0.11395898383118096,-1.2412007225280708
38.54563186833112,0.03015887583035883,0.3854563186833112,-0.14817491034746436,-1.3230619673262476
38.54563186833112,0.03386918770736967,0.3854563186833112,-0.18687617515219082,-1.4086130027333281
38.54563186833112,0.03757949958438051,0.3854563186833112,-0.23006277824536026,-1.4979993953723336
38.54563186833112,0.04128981146139135,0.3854563186833112,-0.2777347196269727,-1.5913669172753107
38.54563186833112,0.04500012333840219,0.3854563186833112,-0.32989199929702817,-1.6888607556545128
38.54563186833112,0.04871043521541303,0.3854563186833112,-0.38653461725552674,-1.7906246420119376
38.54563186833112,0.05242074709242387,0.3854563186833112,-0.44766257350246824,-1.8967999010233352
38.54563186833112,0.05613105896943471,0.3854563186833112,-0.5132758680378527,-2.007524420825412
38.54563186833112,0.05984137084644555,0.3854563186833112,-0.5833745008616803,-2.1229315476703783
38.54563186833112,0.06355168272345639,0.3854563186833112,-0.657958471973951,-2.243148909385314
38.54563186833112,0.06726199460046722,0.3854563186833112,-0.7370277813746644,-2.368297173674072
38.54563186833112,0.07097230647747807,0.3854563186833112,-0.8205824290638211,-2.4984887490117544
38.54563186833112,0.0746826183544889,0.3854563186833112,-0.9086224150414206,-2.63382643768467
38.54563186833112,0.07839293023149975,0.3854563186833112,-1.0011477393074633,-2.7744020523939192
38.54563186833112,0.08210324210851058,0.3854563186833112,-1.098158401861949,-2.9202950097349127
38.54563186833112,0.08581355398552143,0.3854563186833112,-1.1996544027048779,-3.0715709157467472
38.54563186833112,0.08952386586253226,0.3854563186833112,-1.3056357418362494,-3.2282801605473974
38.54563186833112,0.09323417773954311,0.3854563186833112,-1.416102419256064,-3.3904565407805447
38.54563186833112,0.09694448961655394,0.3854563186833112,-1.5310544349643218,-3.558115930138773
38.54563186833112,0.10065480149356479,0.3854563186833112,-1.6504917889610227,-3.731255019535898
38.54563186833112,0.10436511337057562,0.3854563186833112,-1.7744144812461664,-3.9098501495135647
38.54563186833112,0.10807542524758647,0.3854563186833112,-1.9028225118197535,-4.093856258122588
38.54563186833112,0.1117857371245973,0.3854563186833112,-2.0357158806817828,-4.283205967757134
38.54563186833112,0.11549604900160815,0.3854563186833112,-2.173094587832256,-4.477808834185342
38.54563186833112,0.11920636087861898,0.3854563186833112,-2.314958633271172,-4.6775507802684455
38.54563186833112,0.12291667275562983,0.3854563186833112,-2.461308016998531,-4.88229373555723
38.54563186833112,0.12662698463264066,0.3854563186833112,-2.612142739014333,-5.091875501080219
38.54563186833112,0.1303372965096515,0.3854563186833112,-2.7674627993185776,-5.306109856191454
38.54563186833112,0.13404760838666235,0.3854563186833112,-2.927268197911266,-5.524786921343455
38.54563186833112,0.13775792026367317,0.3854563186833112,-3.0915589347923964,-5.7476737871321655
38.54563186833112,0.14146823214068402,0.3854563186833112,-3.260335009961971,-5.974515415986582
38.54563186833112,0.14517854401769487,0.3854563186833112,-3.4335964234199876,-6.205035818527818
38.54563186833112,0.1488888558947057,0.3854563186833112,-3.6113431751664478,-6.438939502004518
38.54563186833112,0.15259916777171653,0.3854563186833112,-3.7935752652013504,-6.675913183444202
38.54563186833112,0.15630947964872738,0.3854563186833112,-3.9802926935246967,-6.915627755379605
38.54563186833112,0.16001979152573823,0.3854563186833112,-4.171495460136486,-7.157740487361211
38.54563186833112,0.16373010340274907,0.3854563186833112,-4.367183565036719,-7.401897442103367
38.54563186833112,0.1674404152797599,0.3854563186833112,-4.567357008225392,-7.647736081182211
38.54563186833112,0.17115072715677074,0.3854563186833112,-4.772015789702511,-7.894888031853521
38.54563186833112,0.17486103903378158,0.3854563186833112,-4.981159909468072,-8.142981983918409
38.54563186833112,0.17857135091079243,0.3854563186833112,-5.194789367522077,-8.391646683749164
38.54563186833112,0.18228166278780325,0.3854563186833112,-5.412904163864524,-8.640513991687886
38.54563186833112,0.1859919746648141,0.3854563186833112,-5.635504298495413,-8.88922196911118
38.54563186833112,0.18970228654182494,0.3854563186833112,-5.862589771414748,-9.137417962554737
38.54563186833112,0.1934125984188358,0.3854563186833112,-6.094160582622525,-9.384761654418666
38.54563186833112,0.1971229102958466,0.3854563186833112,-6.330216732118743,-9.630928052911155
38.54563186833112,0.20083322217285746,0.3854563186833112,-6.5707582199034045,-9.87561039798892
38.54563186833112,0.2045435340498683,0.3854563186833112,-6.815785045976511,-10.118522965053256
38.54563186833112,0.20825384592687915,0.3854563186833112,-7.065297210338059,-10.359403753977547
38.54563186833112,0.21196415780388997,0.3854563186833112,-7.319294712988049,-10.598017057583979
38.54563186833112,0.21567446968090082,0.3854563186833112,-7.577777553926484,-10.834155910853672
38.54563186833112,0.21938478155791166,0.3854563186833112,-7.840745733153362,-11.06764442985234
38.54563186833112,0.2230950934349225,0.3854563186833112,-8.108199250668683,-11.298340057488632
38.54563186833112,0.22680540531193333,0.3854563186833112,-8.380138106472444,-11.526135741719335
38.54563186833112,0.23051571718894417,0.3854563186833112,-8.656562300564651,-11.750962080605968
38.54563186833112,0.23422602906595502,0.3854563186833112,-8.937471832945302,-11.972789477663556
38.54563186833112,0.23793634094296587,0.3854563186833112,-9.222866703614395,-12.191630360184377
38.54563186833112,0.2416466528199767,0.3854563186833112,-9.512746912571929,-12.407541522638668
38.54563186833112,0.24535696469698753,0.3854563186833112,-9.807112459817908,-12.620626666816186
38.54563186833112,0.24906727657399838,0.3854563186833112,-10.10596334535233,-12.831039220026936
38.54563186833112,0.2527775884510092,0.3854563186833112,-10.409299569175197,-13.038985522333338
38.54563186833112,0.25648790032802005,0.3854563186833112,-10.7171211312865,-13.244728483271398
38.54563186833112,0.2601982122050309,0.3854563186833112,-11.029428031686257,-13.448591817552284
38.54563186833112,0.26390852408204174,0.3854563186833112,-11.346220270374447,-13.650964977347313
38.54563186833112,0.26761883595905256,0.3854563186833112,-11.66749784735108,-13.852308905221756
38.54563186833112,0.27132914783606343,0.3854563186833112,-11.993260762616163,-14.053162735489563
38.54563186833112,0.27503945971307425,0.3854563186833112,-12.323509016169686,-14.254151571093011
38.54563186833112,0.27874977159008507,0.3854563186833112,-12.65824260801165,-14.455995455745551
38.54563186833112,0.28246008346709595,0.3854563186833112,-12.997461538142062,-14.659519643758388
38.54563186833112,0.28617039534410676,0.3854563186833112,-13.34116580656091,-14.86566623823408
38.54563186833112,0.28988070722111764,0.3854563186833112,-13.689355413268208,-15.075507216147562
38.54563186833112,0.29359101909812846,0.3854563186833112,-14.042030358263943,-15.29025877834847
38.54563186833112,0.2973013309751393,0.3854563186833112,-14.399190641548124,-15.511296843593934
38.54563186833112,0.30101164285215015,0.3854563186833112,-14.760836263120751,-15.740173335797655
38.54563186833112,0.30472195472916097,0.3854563186833112,-15.126967222981815,-15.978632677809557
39.93350871980015,0.011607316445304631,0.39933508719800154,-0.021574683922939687,-0.9683552534619659
39.93350871980015,0.015317628322315471,0.39933508719800154,-0.03757195965052427,-1.0369500325920313
39.93350871980015,0.01902794019932631,0.39933508719800154,-0.057978149316031145,-1.1086240614270122
39.93350871980015,0.02273825207633715,0.39933508719800154,-0.08279325291946033,-1.1835129089095062
39.93350871980015,0.02644856395334799,0.39933508719800154,-0.11201727046081184,-1.2617547121685955
39.93350871980015,0.03015887583035883,0.39933508719800154,-0.14565020194008566,-1.343489712767031
39.93350871980015,0.03386918770736967,0.39933508719800154,-0.1836920473572818,-1.4288597223212713
39.93350871980015,0.03757949958438051,0.39933508719800154,-0.22614280671240022,-1.5180075147142849
39.93350871980015,0.04128981146139135,0.39933508719800154,-0.273002480005441,-1.6110761427222609
39.93350871980015,0.04500012333840219,0.39933508719800154,-0.324271067236404,-1.7082081775986175
39.93350871980015,0.04871043521541303,0.39933508719800154,-0.37994856840528934,-1.8095448710091113
39.93350871980015,0.05242074709242387,0.39933508719800154,-0.440034983512097,-1.9152252396936902
39.93350871980015,0.05613105896943471,0.39933508719800154,-0.504530312556827,-2.0253850743465653
39.93350871980015,0.05984137084644555,0.39933508719800154,-0.5734345555394792,-2.1401558754542416
39.93350871980015,0.06355168272345639,0.39933508719800154,-0.6467477124600539,-2.259663720207261
39.93350871980015,0.06726199460046722,0.39933508719800154,-0.7244697833185506,-2.384028066095955
39.93350871980015,0.07097230647747807,0.39933508719800154,-0.8066007681149698,-2.5133604984003695
39.93350871980015,0.0746826183544889,0.39933508719800154,-0.8931406668493113,-2.6477634304699773
39.93350871980015,0.07839293023149975,0.39933508719800154,-0.9840894795215751,-2.7873287674356084
39.93350871980015,0.08210324210851058,0.39933508719800154,-1.0794472061317613,-2.93213654577347
39.93350871980015,0.08581355398552143,0.39933508719800154,-1.1792138466798698,-3.0822535629123697
39.93350871980015,0.08952386586253226,0.39933508719800154,-1.2833894011659004,-3.2377320127982245
39.93350871980015,0.09323417773954311,0.39933508719800154,-1.3919738695898534,-3.3986081449564574
39.93350871980015,0.09694448961655394,0.39933508719800154,-1.5049672519517288,-3.564900966070615
39.93350871980015,0.10065480149356479,0.39933508719800154,-1.6223695482515263,-3.7366110043689273
39.93350871980015,0.10436511337057562,0.39933508719800154,-1.7441807584892464,-3.9137191581212982
39.93350871980015,0.10807542524758647,0.39933508719800154,-1.8704008826648888,-4.0961856502397005
39.93350871980015,0.1117857371245973,0.39933508719800154,-2.001029920778453,-4.283949111288948
39.93350871980015,0.11549604900160815,0.39933508719800154,-2.13606787282994,-4.476925813101159
39.93350871980015,0.11920636087861898,0.39933508719800154,-2.275514738819349,-4.675009074601915
39.93350871980015,0.12291667275562983,0.39933508719800154,-2.419370518746681,-4.878068860363527
39.93350871980015,0.12662698463264066,0.39933508719800154,-2.567635212611935,-5.085951590781443
39.93350871980015,0.1303372965096515,0.39933508719800154,-2.7203088204151107,-5.298480180614835
39.93350871980015,0.13404760838666235,0.39933508719800154,-2.8773913421562094,-5.51545431995423
39.93350871980015,0.13775792026367317,0.39933508719800154,-3.0388827778352296,-5.7366510085067155
39.93350871980015,0.14146823214068402,0.39933508719800154,-3.204783127452173,-5.961825350472271
39.93350871980015,0.14517854401769487,0.39933508719800154,-3.3750923910070383,-6.190711613293712
39.93350871980015,0.1488888558947057,0.39933508719800154,-3.5498105684998262,-6.423024549285596
39.93350871980015,0.15259916777171653,0.39933508719800154,-3.7289376599305353,-6.658460974691591
39.93350871980015,0.15630947964872738,0.39933508719800154,-3.912473665299168,-6.896701596205766
39.93350871980015,0.16001979152573823,0.39933508719800154,-4.100418584605723,-7.137413070554242
39.93350871980015,0.16373010340274907,0.39933508719800154,-4.2927724178502,-7.380250278507937
39.93350871980015,0.1674404152797599,0.39933508719800154,-4.489535165032598,-7.624858790825378
39.93350871980015,0.17115072715677074,0.39933508719800154,-4.69070682615292,-7.870877500244873
39.93350871980015,0.17486103903378158,0.39933508719800154,-4.896287401211165,-8.117941390883404
39.93350871980015,0.17857135091079243,0.39933508719800154,-5.10627689020733,-8.365684414371785
39.93350871980015,0.18228166278780325,0.39933508719800154,-5.320675293141418,-8.613742440854097
39.93350871980015,0.1859919746648141,0.39933508719800154,-5.539482610013429,-8.861756252679863
39.93350871980015,0.18970228654182494,0.39933508719800154,-5.762698840823362,-9.109374549264711
39.93350871980015,0.1934125984188358,0.39933508719800154,-5.9903239855712185,-9.356256933214187
39.93350871980015,0.1971229102958466,0.39933508719800154,-6.222358044256995,-9.602076850390311
39.93350871980015,0.20083322217285746,0.39933508719800154,-6.458801016880694,-9.846524460123574
39.93350871980015,0.2045435340498683,0.39933508719800154,-6.699652903442318,-10.089309416186936
39.93350871980015,0.20825384592687915,0.39933508719800154,-6.944913703941863,-10.330163544383606
39.93350871980015,0.21196415780388997,0.39933508719800154,-7.194583418379328,-10.568843408581461
39.93350871980015,0.21567446968090082,0.39933508719800154,-7.448662046754718,-10.80513276366566
39.93350871980015,0.21938478155791166,0.39933508719800154,-7.70714958906803,-11.038844901091451
39.93350871980015,0.2230950934349225,0.39933508719800154,-7.970046045319264,-11.269824900419623
39.93350871980015,0.22680540531193333,0.39933508719800154,-8.237351415508419,-11.497951808329761
39.93350871980015,0.23051571718894417,0.39933508719800154,-8.509065699635498,-11.723140775073093
39.93350871980015,0.23422602906595502,0.39933508719800154,-8.785188897700499,-11.945345187096155
39.93350871980015,0.23793634094296587,0.39933508719800154,-9.065721009703422,-12.164558843603105
39.93350871980015,0.2416466528199767,0.39933508719800154,-9.350662035644266,-12.380818234104547
39.93350871980015,0.24535696469698753,0.39933508719800154,-9.640011975523034,-12.594204983497319
39.93350871980015,0.24906727657399838,0.39933508719800154,-9.933770829339725,-12.804848540901444
39.93350871980015,0.2527775884510092,0.39933508719800154,-10.231938597094338,-13.012929198281872
39.93350871980015,0.25648790032802005,0.39933508719800154,-10.53451527878687,-13.218681534684928
39.93350871980015,0.2601982122050309,0.39933508719800154,-10.841500874417331,-13.422398391508112
39.93350871980015,0.26390852408204174,0.39933508719800154,-11.152895383985708,-13.624435493232912
39.93350871980015,0.26761883595905256,0.39933508719800154,-11.468698807492007,-13.825216835903463
39.93350871980015,0.27132914783606343,0.39933508719800154,-11.788911144936234,-14.025240971429424
39.93350871980015,0.27503945971307425,0.39933508719800154,-12.11353239631838,-14.225088318187566
39.93350871980015,0.27874977159008507,0.39933508719800154,-12.442562561638445,-14.425429625442684
39.93350871980015,0.28246008346709595,0.39933508719800154,-12.776001640896439,-14.627035708030135
39.93350871980015,0.28617039534410676,0.39933508719800154,-13.11384963409235,-14.830788544682667
39.93350871980015,0.28988070722111764,0.39933508719800154,-13.45610654122619,-15.037693793085927
39.93350871980015,0.29359101909812846,0.39933508719800154,-13.802772362297944,-15.24889471019392
39.93350871980015,0.2973013309751393,0.39933508719800154,-14.153847097307622,-15.46568736839084
39.93350871980015,0.30101164285215015,0.39933508719800154,-14.509330746255229,-15.689536915163481
39.93350871980015,0.30472195472916097,0.39933508719800154,-14.86922330914075,-15.922094421885209
