V,s,V_norm,ICa_true,ICa_nn
-69.70876254625355,0.011607316445304631,-0.6970876254625356,-0.051118845398432,-0.4836774550913219
-69.70876254625355,0.015317628322315471,-0.6970876254625356,-0.08902263428522926,-0.5748371621358384
-69.70876254625355,0.01902794019932631,-0.6970876254625356,-0.13737286080108507,-0.6706153347633534
-69.70876254625355,0.02273825207633715,-0.6970876254625356,-0.19616952494599948,-0.7710414199736442
-69.70876254625355,0.02644856395334799,-0.6970876254625356,-0.2654126267199725,-0.8761244594246789
-69.70876254625355,0.03015887583035883,-0.6970876254625356,-0.34510216612300415,-0.9858545220338248
-69.70876254625355,0.03386918770736967,-0.6970876254625356,-0.4352381431550944,-1.100205371140174
-69.70876254625355,0.03757949958438051,-0.6970876254625356,-0.5358205578162432,-1.2191385209531567
-69.70876254625355,0.04128981146139135,-0.6970876254625356,-0.6468494101064506,-1.342608804195484
-69.70876254625355,0.04500012333840219,-0.6970876254625356,-0.7683247000257165,-1.470571528210798
-69.70876254625355,0.04871043521541303,-0.6970876254625356,-0.900246427574041,-1.6029912413931167
-69.70876254625355,0.05242074709242387,-0.6970876254625356,-1.042614592751424,-1.7398520674187683
-69.70876254625355,0.05613105896943471,-0.6970876254625356,-1.195429195557866,-1.8811694937198482
-69.70876254625355,0.05984137084644555,-0.6970876254625356,-1.3586902359933661,-2.0270034252463915
-69.70876254625355,0.06355168272345639,-0.6970876254625356,-1.532397714057925,-2.177472236551364
-69.70876254625355,0.06726199460046722,-0.6970876254625356,-1.7165516297515422,-2.3327674750672323
-69.70876254625355,0.07097230647747807,-0.6970876254625356,-1.9111519830742183,-2.493168784719516
-69.70876254625355,0.0746826183544889,-0.6970876254625356,-2.116198774025953,-2.659058528052156
-69.70876254625355,0.07839293023149975,-0.6970876254625356,-2.3316920026067463,-2.8309354808326166
-69.70876254625355,0.08210324210851058,-0.6970876254625356,-2.557631668816598,-3.0094268479600492
-69.70876254625355,0.08581355398552143,-0.6970876254625356,-2.7940177726555087,-3.195297695428418
-69.70876254625355,0.08952386586253226,-0.6970876254625356,-3.0408503141234773,-3.38945670433995
-69.70876254625355,0.09323417773954311,-0.6970876254625356,-3.2981292932205046,-3.5929569298564994
-69.70876254625355,0.09694448961655394,-0.6970876254625356,-3.5658547099465907,-3.806990002316338
-69.70876254625355,0.10065480149356479,-0.6970876254625356,-3.8440265643017355,-4.032871969590199
-69.70876254625355,0.10436511337057562,-0.6970876254625356,-4.132644856285939,-4.272018804981575
-69.70876254625355,0.10807542524758647,-0.6970876254625356,-4.431709585899202,-4.525909581910259
-69.70876254625355,0.1117857371245973,-0.6970876254625356,-4.741220753141521,-4.7960355683762685
-69.70876254625355,0.11549604900160815,-0.6970876254625356,-5.0611783580129,-5.083834171498991
-69.70876254625355,0.11920636087861898,-0.6970876254625356,-5.391582400513338,-5.39060791981496
-69.70876254625355,0.12291667275562983,-0.6970876254625356,-5.732432880642834,-5.717430619890318
-69.70876254625355,0.12662698463264066,-0.6970876254625356,-6.083729798401389,-6.065045460158403
-69.70876254625355,0.1303372965096515,-0.6970876254625356,-6.445473153789003,-6.433762951476382
-69.70876254625355,0.13404760838666235,-0.6970876254625356,-6.817662946805675,-6.823369705152917
-69.70876254625355,0.13775792026367317,-0.6970876254625356,-7.200299177451404,-7.23306137800916
-69.70876254625355,0.14146823214068402,-0.6970876254625356,-7.593381845726195,-7.661413697672569
-69.70876254625355,0.14517854401769487,-0.6970876254625356,-7.996910951630042,-8.1064034309185
-69.70876254625355,0.1488888558947057,-0.6970876254625356,-8.410886495162949,-8.565486038585648
-69.70876254625355,0.15259916777171653,-0.6970876254625356,-8.835308476324911,-9.035728962585086
-69.70876254625355,0.15630947964872738,-0.6970876254625356,-9.270176895115936,-9.513990389331806
-69.70876254625355,0.16001979152573823,-0.6970876254625356,-9.71549175153602,-9.997125063654357
-69.70876254625355,0.16373010340274907,-0.6970876254625356,-10.17125304558516,-10.48219354994203
-69.70876254625355,0.1674404152797599,-0.6970876254625356,-10.637460777263357,-10.96665082496185
-69.70876254625355,0.17115072715677074,-0.6970876254625356,-11.114114946570615,-11.448494491425853
-69.70876254625355,0.17486103903378158,-0.6970876254625356,-11.601215553506934,-11.926361038460117
-69.70876254625355,0.17857135091079243,-0.6970876254625356,-12.098762598072309,-12.399568287077766
-69.70876254625355,0.18228166278780325,-0.6970876254625356,-12.606756080266742,-12.868111119110267
-69.70876254625355,0.1859919746648141,-0.6970876254625356,-13.125196000090233,-13.332624052351157
-69.70876254625355,0.18970228654182494,-0.6970876254625356,-13.654082357542785,-13.794327415573285
-69.70876254625355,0.1934125984188358,-0.6970876254625356,-14.193415152624397,-14.254973920350407
-69.70876254625355,0.1971229102958466,-0.6970876254625356,-14.74319438533506,-14.716809969089937
-69.70876254625355,0.20083322217285746,-0.6970876254625356,-15.303420055674787,-15.182561768370189
-69.70876254625355,0.2045435340498683,-0.6970876254625356,-15.874092163643573,-15.65545056926061
-69.70876254625355,0.20825384592687915,-0.6970876254625356,-16.45521070924142,-16.139233908651473
-69.70876254625355,0.21196415780388997,-0.6970876254625356,-17.046775692468316,-16.638259827867387
-69.70876254625355,0.21567446968090082,-0.6970876254625356,-17.64878711332428,-17.157507773800347
-69.70876254625355,0.21938478155791166,-0.6970876254625356,-18.2612449718093,-17.702573004740724
-69.70876254625355,0.2230950934349225,-0.6970876254625356,-18.884149267923377,-18.27953289476788
-69.70876254625355,0.22680540531193333,-0.6970876254625356,-19.517500001666512,-18.894620373511206
-69.70876254625355,0.23051571718894417,-0.6970876254625356,-20.161297173038708,-19.553635805118347
-69.70876254625355,0.23422602906595502,-0.6970876254625356,-20.815540782039964,-20.261074319542367
-69.70876254625355,0.23793634094296587,-0.6970876254625356,-21.480230828670276,-21.019048575690178
-69.70876254625355,0.2416466528199767,-0.6970876254625356,-22.155367312929645,-21.82623968378846
-69.70876254625355,0.24535696469698753,-0.6970876254625356,-22.840950234818074,-22.677251354837633
-69.70876254625355,0.24906727657399838,-0.6970876254625356,-23.536979594335566,-23.562759649769166
-69.70876254625355,0.2527775884510092,-0.6970876254625356,-24.243455391482115,-24.47063812507864
-69.70876254625355,0.25648790032802005,-0.6970876254625356,-24.960377626257714,-25.387819143728933
-69.70876254625355,0.2601982122050309,-0.6970876254625356,-25.687746298662386,-26.30224038336012
-69.70876254625355,0.26390852408204174,-0.6970876254625356,-26.425561408696105,-27.20410952279659
-69.70876254625355,0.26761883595905256,-0.6970876254625356,-27.173822956358876,-28.086025368154225
-69.70876254625355,0.27132914783606343,-0.6970876254625356,-27.932530941650725,-28.942058541937865
-69.70876254625355,0.27503945971307425,-0.6970876254625356,-28.701685364571624,-29.766391717218042
-69.70876254625355,0.27874977159008507,-0.6970876254625356,-29.481286225121572,-30.55228630727808
-69.70876254625355,0.28246008346709595,-0.6970876254625356,-30.271333523300598,-31.29192032588017
-69.70876254625355,0.28617039534410676,-0.6970876254625356,-31.071827259108666,-31.977172111419726
-69.70876254625355,0.28988070722111764,-0.6970876254625356,-31.882767432545805,-32.60096354101778
-69.70876254625355,0.29359101909812846,-0.6970876254625356,-32.70415404361199,-33.1585610121555
-69.70876254625355,0.2973013309751393,-0.6970876254625356,-33.53598709230724,-33.64834068042188
-69.70876254625355,0.30101164285215015,-0.6970876254625356,-34.37826657863155,-34.07183666029917
-69.70876254625355,0.30472195472916097,-0.6970876254625356,-35.23099250258492,-34.43319807958696
-68.32088569478452,0.011607316445304631,-0.6832088569478452,-0.050744868670894124,-0.4135106410102136
-68.32088569478452,0.015317628322315471,-0.6832088569478452,-0.08837135992276464,-0.5015993653060318
-68.32088569478452,0.01902794019932631,-0.6832088569478452,-0.136367864453173,-0.5943783682230568
-68.32088569478452,0.02273825207633715,-0.6832088569478452,-0.19473438226211925,-0.691903953995701
-68.32088569478452,0.02644856395334799,-0.6832088569478452,-0.26347091334960343,-0.7942118988258249
-68.32088569478452,0.03015887583035883,-0.6832088569478452,-0.3425774577156254,-0.9013180196487514
-68.32088569478452,0.03386918770736967,-0.6832088569478452,-0.4320540153601854,-1.0132198750725232
-68.32088569478452,0.03757949958438051,-0.6832088569478452,-0.5319005862832831,-1.1298997828339716
-68.32088569478452,0.04128981146139135,-0.6832088569478452,-0.6421171704849188,-1.2513293148453395
-68.32088569478452,0.04500012333840219,-0.6832088569478452,-0.7627037679650923,-1.377475394621288
-68.32088569478452,0.04871043521541303,-0.6832088569478452,-0.8936603787238037,-1.5083080727464
-68.32088569478452,0.05242074709242387,-0.6832088569478452,-1.034987002761053,-1.6438099951473302
-68.32088569478452,0.05613105896943471,-0.6832088569478452,-1.1866836400768401,-1.783987508121317
-68.32088569478452,0.05984137084644555,-0.6832088569478452,-1.348750290671165,-1.928883265626624
-68.32088569478452,0.06355168272345639,-0.6832088569478452,-1.521186954544028,-2.0785901204415143
-68.32088569478452,0.06726199460046722,-0.6832088569478452,-1.7039936316954283,-2.2332659928518046
-68.32088569478452,0.07097230647747807,-0.6832088569478452,-1.897170322125367,-2.3931493184356283
-68.32088569478452,0.0746826183544889,-0.6832088569478452,-2.1007170258338435,-2.5585745780576543
-68.32088569478452,0.07839293023149975,-0.6832088569478452,-2.314633742820858,-2.7299873036815185
-68.32088569478452,0.08210324210851058,-0.6832088569478452,-2.53892047308641,-2.9079578260988854
-68.32088569478452,0.08581355398552143,-0.6832088569478452,-2.7735772166305006,-3.093192876882502
-68.32088569478452,0.08952386586253226,-0.6832088569478452,-3.018603973453128,-3.2865439692515306
-68.32088569478452,0.09323417773954311,-0.6832088569478452,-3.274000743554294,-3.4890112576982037
-68.32088569478452,0.09694448961655394,-0.6832088569478452,-3.5397675269339977,-3.7017413200088267
-68.32088569478452,0.10065480149356479,-0.6832088569478452,-3.8159043235922394,-3.926017039623865
-68.32088569478452,0.10436511337057562,-0.6832088569478452,-4.102411133529019,-4.1632375372887855
-68.32088569478452,0.10807542524758647,-0.6832088569478452,-4.399287956744336,-4.414885987383603
-68.32088569478452,0.1117857371245973,-0.6832088569478452,-4.706534793238191,-4.68248327307643
-68.32088569478452,0.11549604900160815,-0.6832088569478452,-5.024151643010585,-4.967525938500942
-68.32088569478452,0.11920636087861898,-0.6832088569478452,-5.352138506061515,-5.2714079576326895
-68.32088569478452,0.12291667275562983,-0.6832088569478452,-5.690495382390985,-5.595327609701811
-68.32088569478452,0.12662698463264066,-0.6832088569478452,-6.039222271998991,-5.940183291667151
-68.32088569478452,0.1303372965096515,-0.6832088569478452,-6.398319174885535,-6.306465288789019
-68.32088569478452,0.13404760838666235,-0.6832088569478452,-6.767786091050619,-6.694153966072816
-68.32088569478452,0.13775792026367317,-0.6832088569478452,-7.147623020494238,-7.1026378085669535
-68.32088569478452,0.14146823214068402,-0.6832088569478452,-7.537829963216397,-7.530666227490398
-68.32088569478452,0.14517854401769487,-0.6832088569478452,-7.938406919217092,-7.976351011156149
-68.32088569478452,0.1488888558947057,-0.6832088569478452,-8.349353888496328,-8.437226015875993
-68.32088569478452,0.15259916777171653,-0.6832088569478452,-8.770670871054097,-8.910367217266288
-68.32088569478452,0.15630947964872738,-0.6832088569478452,-9.202357866890408,-9.39256569814496
-68.32088569478452,0.16001979152573823,-0.6832088569478452,-9.644414876005257,-9.880536640675345
-68.32088569478452,0.16373010340274907,-0.6832088569478452,-10.096841898398642,-10.37114044722816
-68.32088569478452,0.1674404152797599,-0.6832088569478452,-10.559638934070563,-10.86158980817966
-68.32088569478452,0.17115072715677074,-0.6832088569478452,-11.032805983021024,-11.34961965821579
-68.32088569478452,0.17486103903378158,-0.6832088569478452,-11.516343045250025,-11.833604688408979
-68.32088569478452,0.17857135091079243,-0.6832088569478452,-12.010250120757561,-12.312619289025601
-68.32088569478452,0.18228166278780325,-0.6832088569478452,-12.514527209543637,-12.786444897863717
-68.32088569478452,0.1859919746648141,-0.6832088569478452,-13.029174311608248,-13.255537561647841
-68.32088569478452,0.18970228654182494,-0.6832088569478452,-13.5541914269514,-13.720972924821561
-68.32088569478452,0.1934125984188358,-0.6832088569478452,-14.089578555573091,-14.184386746520165
-68.32088569478452,0.1971229102958466,-0.6832088569478452,-14.635335697473314,-14.647927032035549
-68.32088569478452,0.20083322217285746,-0.6832088569478452,-15.191462852652077,-15.114229756557592
-68.32088569478452,0.2045435340498683,-0.6832088569478452,-15.75796002110938,-15.586424476632004
-68.32088569478452,0.20825384592687915,-0.6832088569478452,-16.334827202845222,-16.068168816506223
-68.32088569478452,0.21196415780388997,-0.6832088569478452,-16.922064397859597,-16.563701220359405
-68.32088569478452,0.21567446968090082,-0.6832088569478452,-17.519671606152514,-17.07788848285462
-68.32088569478452,0.21938478155791166,-0.6832088569478452,-18.12764882772397,-17.61622783652909
-68.32088569478452,0.2230950934349225,-0.6832088569478452,-18.74599606257396,-18.184744134934014
-68.32088569478452,0.22680540531193333,-0.6832088569478452,-19.374713310702486,-18.78970661912716
-68.32088569478452,0.23051571718894417,-0.6832088569478452,-20.013800572109552,-19.437089688120494
-68.32088569478452,0.23422602906595502,-0.6832088569478452,-20.66325784679516,-20.131738447240238
-68.32088569478452,0.23793634094296587,-0.6832088569478452,-21.323085134759303,-20.876293546500346
-68.32088569478452,0.2416466528199767,-0.6832088569478452,-21.99328243600198,-21.67008185446364
-68.32088569478452,0.24535696469698753,-0.6832088569478452,-22.673849750523203,-22.508340510761492
-68.32088569478452,0.24906727657399838,-0.6832088569478452,-23.36478707832296,-23.382200145914666
-68.32088569478452,0.2527775884510092,-0.6832088569478452,-24.066094419401256,-24.279685344998597
-68.32088569478452,0.25648790032802005,-0.6832088569478452,-24.777771773758083,-25.187582280619033
-68.32088569478452,0.2601982122050309,-0.6832088569478452,-25.499819141393463,-26.093560874525632
-68.32088569478452,0.26390852408204174,-0.6832088569478452,-26.232236522307364,-26.987728070422403
-68.32088569478452,0.26761883595905256,-0.6832088569478452,-26.975023916499804,-27.86301467926105
-68.32088569478452,0.27132914783606343,-0.6832088569478452,-27.728181323970798,-28.71435230756579
-68.32088569478452,0.27503945971307425,-0.6832088569478452,-28.491708744720317,-29.537160537261563
-68.32088569478452,0.27874977159008507,-0.6832088569478452,-29.26560617874837,-30.325944624729004
-68.32088569478452,0.28246008346709595,-0.6832088569478452,-30.049873626054975,-31.07369056335589
-68.32088569478452,0.28617039534410676,-0.6832088569478452,-30.844511086640104,-31.77232258045744
-68.32088569478452,0.28988070722111764,-0.6832088569478452,-31.649518560503786,-32.41397801852345
-68.32088569478452,0.29359101909812846,-0.6832088569478452,-32.46489604764599,-32.99251250610534
-68.32088569478452,0.2973013309751393,-0.6832088569478452,-33.29064354806674,-33.50463014274004
-68.32088569478452,0.30101164285215015,-0.6832088569478452,-34.12676106176603,-33.950296766875276
-68.32088569478452,0.30472195472916097,-0.6832088569478452,-34.97324858874385,-34.33244345927675
-66.93300884331549,0.011607316445304631,-0.6693300884331549,-0.05037089194335625,-0.34762384590535955
-66.93300884331549,0.015317628322315471,-0.6693300884331549,-0.08772008556030002,-0.4326735354670821
-66.93300884331549,0.01902794019932631,-0.6693300884331549,-0.13536286810526094,-0.5224630738141633
-66.93300884331549,0.02273825207633715,-0.6693300884331549,-0.19329923957823902,-0.6170750101023381
-66.93300884331549,0.02644856395334799,-0.6693300884331549,-0.2615291999792343,-0.7165719045441623
-66.93300884331549,0.03015887583035883,-0.6693300884331549,-0.3400527493082467,-0.8209961357786191
-66.93300884331549,0.03386918770736967,-0.6693300884331549,-0.4288698875652764,-0.9303707186312375
-66.93300884331549,0.03757949958438051,-0.6693300884331549,-0.5279806147503231,-1.0447013380359202
-66.93300884331549,0.04128981146139135,-0.6693300884331549,-0.637384930863387,-1.163979791810504
-66.93300884331549,0.04500012333840219,-0.6693300884331549,-0.7570828359044681,-1.2881890084764505
-66.93300884331549,0.04871043521541303,-0.6693300884331549,-0.8870743298735664,-1.417309765636379
-66.93300884331549,0.05242074709242387,-0.6693300884331549,-1.0273594127706818,-1.5513291797526578
-66.93300884331549,0.05613105896943471,-0.6693300884331549,-1.1779380845958143,-1.6902509706260576
-66.93300884331549,0.05984137084644555,-0.6693300884331549,-1.338810345348964,-1.8341074253299006
-66.93300884331549,0.06355168272345639,-0.6693300884331549,-1.509976195030131,-1.9829728990301025
-66.93300884331549,0.06726199460046722,-0.6693300884331549,-1.6914356336393146,-2.1369785959692074
-66.93300884331549,0.07097230647747807,-0.6693300884331549,-1.8831886611765158,-2.296328273849279
-66.93300884331549,0.0746826183544889,-0.6693300884331549,-2.085235277641734,-2.461314408073191
-66.93300884331549,0.07839293023149975,-0.6693300884331549,-2.29757548303497,-2.6323342355777504
-66.93300884331549,0.08210324210851058,-0.6693300884331549,-2.5202092773562224,-2.8099049655324375
-66.93300884331549,0.08581355398552143,-0.6693300884331549,-2.7531366606054926,-2.9946772881370345
-66.93300884331549,0.08952386586253226,-0.6693300884331549,-2.9963576327827792,-3.1874461247455574
-66.93300884331549,0.09323417773954311,-0.6693300884331549,-3.2498721938880832,-3.389157336564592
-66.93300884331549,0.09694448961655394,-0.6693300884331549,-3.5136803439214046,-3.6009088462450443
-66.93300884331549,0.10065480149356479,-0.6693300884331549,-3.7877820828827433,-3.8239443414988585
-66.93300884331549,0.10436511337057562,-0.6693300884331549,-4.072177410772099,-4.059637459286701
-66.93300884331549,0.10807542524758647,-0.6693300884331549,-4.366866327589472,-4.309464161654947
-66.93300884331549,0.1117857371245973,-0.6693300884331549,-4.671848833334861,-4.57496101828397
-66.93300884331549,0.11549604900160815,-0.6693300884331549,-4.987124928008269,-4.857667456797842
-66.93300884331549,0.11920636087861898,-0.6693300884331549,-5.312694611609693,-5.159050912187347
-66.93300884331549,0.12291667275562983,-0.6693300884331549,-5.648557884139135,-5.480415382962648
-66.93300884331549,0.12662698463264066,-0.6693300884331549,-5.9947147455965935,-5.822796302233657
-66.93300884331549,0.1303372965096515,-0.6693300884331549,-6.351165195982069,-6.1868478179761475
-66.93300884331549,0.13404760838666235,-0.6693300884331549,-6.717909235295562,-6.572732242714128
-66.93300884331549,0.13775792026367317,-0.6693300884331549,-7.094946863537071,-6.980024922626654
-66.93300884331549,0.14146823214068402,-0.6693300884331549,-7.4822780807066,-7.407650091795777
-66.93300884331549,0.14517854401769487,-0.6693300884331549,-7.879902886804143,-7.853863252163276
-66.93300884331549,0.1488888558947057,-0.6693300884331549,-8.287821281829705,-8.316292284073333
-66.93300884331549,0.15259916777171653,-0.6693300884331549,-8.706033265783283,-8.79204256142734
-66.93300884331549,0.15630947964872738,-0.6693300884331549,-9.134538838664879,-9.277861632588298
-66.93300884331549,0.16001979152573823,-0.6693300884331549,-9.573338000474493,-9.77034851644352
-66.93300884331549,0.16373010340274907,-0.6693300884331549,-10.022430751212124,-10.266184056732145
-66.93300884331549,0.1674404152797599,-0.6693300884331549,-10.481817090877769,-10.762354602420828
-66.93300884331549,0.17115072715677074,-0.6693300884331549,-10.951497019471434,-11.256342899269436
-66.93300884331549,0.17486103903378158,-0.6693300884331549,-11.431470536993118,-11.746267106791345
-66.93300884331549,0.17857135091079243,-0.6693300884331549,-11.921737643442816,-12.230959316261893
-66.93300884331549,0.18228166278780325,-0.6693300884331549,-12.42229833882053,-12.70998605569206
-66.93300884331549,0.1859919746648141,-0.6693300884331549,-12.933152623126263,-13.183622464228065
-66.93300884331549,0.18970228654182494,-0.6693300884331549,-13.454300496360016,-13.652797523656174
-66.93300884331549,0.1934125984188358,-0.6693300884331549,-13.985741958521785,-14.119029576490853
-66.93300884331549,0.1971229102958466,-0.6693300884331549,-14.527477009611566,-14.584369881178773
-66.93300884331549,0.20083322217285746,-0.6693300884331549,-15.079505649629366,-15.051368054339386
-66.93300884331549,0.2045435340498683,-0.6693300884331549,-15.641827878575187,-15.523067629920876
-66.93300884331549,0.20825384592687915,-0.6693300884331549,-16.214443696449024,-16.003032761334293
-66.93300884331549,0.21196415780388997,-0.6693300884331549,-16.797353103250874,-16.495397764270987
-66.93300884331549,0.21567446968090082,-0.6693300884331549,-17.39055609898075,-17.004918732350415
-66.93300884331549,0.21938478155791166,-0.6693300884331549,-17.994052683638635,-17.53699002587272
-66.93300884331549,0.2230950934349225,-0.6693300884331549,-18.60784285722454,-18.09756876280606
-66.93300884331549,0.22680540531193333,-0.6693300884331549,-19.23192661973846,-18.692932156856745
-66.93300884331549,0.23051571718894417,-0.6693300884331549,-19.8663039711804,-19.329187159272962
-66.93300884331549,0.23422602906595502,-0.6693300884331549,-20.510974911550356,-20.011479284498932
-66.93300884331549,0.23793634094296587,-0.6693300884331549,-21.165939440848334,-20.74293100100308
-66.93300884331549,0.2416466528199767,-0.6693300884331549,-21.83119755907432,-21.52348789932192
-66.93300884331549,0.24535696469698753,-0.6693300884331549,-22.50674926622833,-22.349025023115725
-66.93300884331549,0.24906727657399838,-0.6693300884331549,-23.192594562310354,-23.21116113245197
-66.93300884331549,0.2527775884510092,-0.6693300884331549,-23.8887334473204,-24.09810944246313
-66.93300884331549,0.25648790032802005,-0.6693300884331549,-24.595165921258452,-24.99650927197139
-66.93300884331549,0.2601982122050309,-0.6693300884331549,-25.31189198412454,-25.893685390769516
-66.93300884331549,0.26390852408204174,-0.6693300884331549,-26.038911635918627,-26.779482283694
-66.93300884331549,0.26761883595905256,-0.6693300884331549,-26.77622487664073,-27.64695664904898
-66.93300884331549,0.27132914783606343,-0.6693300884331549,-27.523831706290867,-28.491732641783678
-66.93300884331549,0.27503945971307425,-0.6693300884331549,-28.28173212486901,-29.310430992174897
-66.93300884331549,0.27874977159008507,-0.6693300884331549,-29.049926132375166,-30.09896090476947
-66.93300884331549,0.28246008346709595,-0.6693300884331549,-29.828413728809355,-30.85146329024612
-66.93300884331549,0.28617039534410676,-0.6693300884331549,-30.617194914171545,-31.56035157743814
-66.93300884331549,0.28988070722111764,-0.6693300884331549,-31.416269688461767,-32.217382970011926
-66.93300884331549,0.29359101909812846,-0.6693300884331549,-32.225638051679994,-32.81525213683272
-66.93300884331549,0.2973013309751393,-0.6693300884331549,-33.045300003826235,-33.34904063086295
-66.93300884331549,0.30101164285215015,-0.6693300884331549,-33.87525554490051,-33.817025522439884
-66.93300884331549,0.30472195472916097,-0.6693300884331549,-34.71550467490279,-34.2207032633176
-65.54513199184645,0.011607316445304631,-0.6554513199184645,-0.04999691521581837,-0.28593439016301914
-65.54513199184645,0.015317628322315471,-0.6554513199184645,-0.08706881119783541,-0.36800075018667067
-65.54513199184645,0.01902794019932631,-0.6554513199184645,-0.13435787175734887,-0.45483614096454583
-65.54513199184645,0.02273825207633715,-0.6554513199184645,-0.19186409689435877,-0.5465482692032777
-65.54513199184645,0.02644856395334799,-0.6554513199184645,-0.25958748660886516,-0.6432259414046084
-65.54513199184645,0.03015887583035883,-0.6554513199184645,-0.337528040900868,-0.7449382217100313
-65.54513199184645,0.03386918770736967,-0.6554513199184645,-0.4256857597703674,-0.8517344663865904
-65.54513199184645,0.03757949958438051,-0.6554513199184645,-0.524060643217363,-0.9636454539988881
-65.54513199184645,0.04128981146139135,-0.6554513199184645,-0.6326526912418553,-1.0806858274058517
-65.54513199184645,0.04500012333840219,-0.6554513199184645,-0.7514619038438439,-1.2028580477244766
-65.54513199184645,0.04871043521541303,-0.6554513199184645,-0.880488281023329,-1.330158029692411
-65.54513199184645,0.05242074709242387,-0.6554513199184645,-1.0197318227803105,-1.4625825816589135
-65.54513199184645,0.05613105896943471,-0.6554513199184645,-1.1691925291147884,-1.6001387119467236
-65.54513199184645,0.05984137084644555,-0.6554513199184645,-1.3288704000267628,-1.7428547877179823
-65.54513199184645,0.06355168272345639,-0.6554513199184645,-1.4987654355162339,-1.8907934446121712
-65.54513199184645,0.06726199460046722,-0.6554513199184645,-1.6788776355832007,-2.0440660473852255
-65.54513199184645,0.07097230647747807,-0.6554513199184645,-1.8692070002276646,-2.2028483951632243
-65.54513199184645,0.0746826183544889,-0.6554513199184645,-2.069753529449625,-2.367397250023374
-65.54513199184645,0.07839293023149975,-0.6554513199184645,-2.2805172232490816,-2.5380671426400774
-65.54513199184645,0.08210324210851058,-0.6554513199184645,-2.5014980816260346,-2.7153267693075387
-65.54513199184645,0.08581355398552143,-0.6554513199184645,-2.7326961045804845,-2.8997741338785747
-65.54513199184645,0.08952386586253226,-0.6554513199184645,-2.97411129211243,-3.0921493976302106
-65.54513199184645,0.09323417773954311,-0.6554513199184645,-3.2257436442218728,-3.293344172201964
-65.54513199184645,0.09694448961655394,-0.6554513199184645,-3.4875931609088116,-3.5044057229304926
-65.54513199184645,0.10065480149356479,-0.6554513199184645,-3.759659842173247,-3.726534250730732
-65.54513199184645,0.10436511337057562,-0.6554513199184645,-4.041943688015179,-3.961071118497748
-65.54513199184645,0.10807542524758647,-0.6554513199184645,-4.3344446984346074,-4.209475641147328
-65.54513199184645,0.1117857371245973,-0.6554513199184645,-4.6371628734315316,-4.4732879653051505
-65.54513199184645,0.11549604900160815,-0.6554513199184645,-4.950098213005953,-4.754075769986249
-65.54513199184645,0.11920636087861898,-0.6554513199184645,-5.27325071715787,-5.0533632097765455
-65.54513199184645,0.12291667275562983,-0.6554513199184645,-5.606620385887285,-5.372541900359378
-65.54513199184645,0.12662698463264066,-0.6554513199184645,-5.950207219194195,-5.7127659776990765
-65.54513199184645,0.1303372965096515,-0.6554513199184645,-6.304011217078602,-6.074836382244122
-65.54513199184645,0.13404760838666235,-0.6554513199184645,-6.668032379540506,-6.4590833159791705
-65.54513199184645,0.13775792026367317,-0.6554513199184645,-7.042270706579904,-6.865259723119548
-65.54513199184645,0.14146823214068402,-0.6554513199184645,-7.426726198196802,-7.292461690539069
-65.54513199184645,0.14517854401769487,-0.6554513199184645,-7.821398854391194,-7.739092613196148
-65.54513199184645,0.1488888558947057,-0.6554513199184645,-8.226288675163085,-8.202885643030836
-65.54513199184645,0.15259916777171653,-0.6554513199184645,-8.641395660512467,-8.680992726400293
-65.54513199184645,0.15630947964872738,-0.6554513199184645,-9.06671981043935,-9.170138906381435
-65.54513199184645,0.16001979152573823,-0.6554513199184645,-9.50226112494373,-9.666829304129298
-65.54513199184645,0.16373010340274907,-0.6554513199184645,-9.948019604025605,-10.167586080932002
-65.54513199184645,0.1674404152797599,-0.6554513199184645,-10.403995247684975,-10.669186633332597
-65.54513199184645,0.17115072715677074,-0.6554513199184645,-10.870188055921842,-11.16887421910069
-65.54513199184645,0.17486103903378158,-0.6554513199184645,-11.346598028736208,-11.664518285670262
-65.54513199184645,0.17857135091079243,-0.6554513199184645,-11.83322516612807,-12.154712236559801
-65.54513199184645,0.18228166278780325,-0.6554513199184645,-12.330069468097426,-12.638808329339367
-65.54513199184645,0.1859919746648141,-0.6554513199184645,-12.837130934644279,-13.11689991493548
-65.54513199184645,0.18970228654182494,-0.6554513199184645,-13.35440956576863,-13.589768283614006
-65.54513199184645,0.1934125984188358,-0.6554513199184645,-13.88190536147048,-14.058814277207338
-65.54513199184645,0.1971229102958466,-0.6554513199184645,-14.41961832174982,-14.525993975284646
-65.54513199184645,0.20083322217285746,-0.6554513199184645,-14.967548446606658,-14.993774124244151
-65.54513199184645,0.2045435340498683,-0.6554513199184645,-15.525695736040994,-15.465117427995066
-65.54513199184645,0.20825384592687915,-0.6554513199184645,-16.09406019005283,-15.943500691104973
-65.54513199184645,0.21196415780388997,-0.6554513199184645,-16.672641808642155,-16.43295970767382
-65.54513199184645,0.21567446968090082,-0.6554513199184645,-17.26144059180898,-16.938142737026354
-65.54513199184645,0.21938478155791166,-0.6554513199184645,-17.860456539553304,-17.464338386882112
-65.54513199184645,0.2230950934349225,-0.6554513199184645,-18.46968965187512,-18.017423935771227
-65.54513199184645,0.22680540531193333,-0.6554513199184645,-19.089139928774433,-18.60366020757596
-65.54513199184645,0.23051571718894417,-0.6554513199184645,-19.718807370251245,-19.229249228243095
-65.54513199184645,0.23422602906595502,-0.6554513199184645,-20.358691976305554,-19.899590029638155
-65.54513199184645,0.23793634094296587,-0.6554513199184645,-21.00879374693736,-20.61824073267307
-65.54513199184645,0.2416466528199767,-0.6554513199184645,-21.669112682146658,-21.385735834913998
-65.54513199184645,0.24535696469698753,-0.6554513199184645,-22.339648781933455,-22.198589668050232
-65.54513199184645,0.24906727657399838,-0.6554513199184645,-23.02040204629775,-23.048944549958176
-65.54513199184645,0.2527775884510092,-0.6554513199184645,-23.711372475239543,-23.925252507745956
-65.54513199184645,0.25648790032802005,-0.6554513199184645,-24.412560068758822,-24.814030334378298
-65.54513199184645,0.2601982122050309,-0.6554513199184645,-25.123964826855616,-25.702211270984183
-65.54513199184645,0.26390852408204174,-0.6554513199184645,-25.845586749529886,-26.579237926310466
-65.54513199184645,0.26761883595905256,-0.6554513199184645,-26.577425836781657,-27.438081974506634
-65.54513199184645,0.27132914783606343,-0.6554513199184645,-27.319482088610936,-28.274846398333466
-65.54513199184645,0.27503945971307425,-0.6554513199184645,-28.071755505017705,-29.087233084032388
-65.54513199184645,0.27874977159008507,-0.6554513199184645,-28.83424608600196,-29.872614648782058
-65.54513199184645,0.28246008346709595,-0.6554513199184645,-29.606953831563732,-30.626555291965204
-65.54513199184645,0.28617039534410676,-0.6554513199184645,-30.389878741702983,-31.342380280234938
-65.54513199184645,0.28988070722111764,-0.6554513199184645,-31.183020816419745,-32.0119193812247
-65.54513199184645,0.29359101909812846,-0.6554513199184645,-31.98638005571399,-32.62705196435226
-65.54513199184645,0.2973013309751393,-0.6554513199184645,-32.79995645958574,-33.1813898869078
-65.54513199184645,0.30101164285215015,-0.6554513199184645,-33.62375002803499,-33.671476934932684
-65.54513199184645,0.30472195472916097,-0.6554513199184645,-34.45776076106172,-34.09719249579396
-64.15725514037742,0.011607316445304631,-0.6415725514037741,-0.049622938488280484,-0.22833557541736593
-64.15725514037742,0.015317628322315471,-0.6415725514037741,-0.08641753683537078,-0.30749510116356515
-64.15725514037742,0.01902794019932631,-0.6415725514037741,-0.13335287540943677,-0.39143461129426016
-64.15725514037742,0.02273825207633715,-0.6415725514037741,-0.1904289542104785,-0.4802855301889579
-64.15725514037742,0.02644856395334799,-0.6415725514037741,-0.257645773238496,-0.5741619084642078
-64.15725514037742,0.03015887583035883,-0.6415725514037741,-0.33500333249348924,-0.6731590460319854
-64.15725514037742,0.03386918770736967,-0.6415725514037741,-0.42250163197545826,-0.7773528528499054
-64.15725514037742,0.03757949958438051,-0.6415725514037741,-0.5201406716844029,-0.8868001720727912
-64.15725514037742,0.04128981146139135,-0.6415725514037741,-0.6279204516203234,-1.0015402970086578
-64.15725514037742,0.04500012333840219,-0.6415725514037741,-0.7458409717832196,-1.1215979078556477
-64.15725514037742,0.04871043521541303,-0.6415725514037741,-0.8739022321730915,-1.2469876342720272
-64.15725514037742,0.05242074709242387,-0.6415725514037741,-1.0121042327899392,-1.3777204137072998
-64.15725514037742,0.05613105896943471,-0.6415725514037741,-1.1604469736337626,-1.5138117623121816
-64.15725514037742,0.05984137084644555,-0.6415725514037741,-1.3189304547045617,-1.6552920053929931
-64.15725514037742,0.06355168272345639,-0.6415725514037741,-1.4875546760023366,-1.8022184289739527
-64.15725514037742,0.06726199460046722,-0.6415725514037741,-1.6663196375270868,-1.9546892148861772
-64.15725514037742,0.07097230647747807,-0.6415725514037741,-1.8552253392788132,-2.112858910753032
-64.15725514037742,0.0746826183544889,-0.6415725514037741,-2.054271781257515,-2.276955064360707
-64.15725514037742,0.07839293023149975,-0.6415725514037741,-2.263458963463193,-2.447295518628886
-64.15725514037742,0.08210324210851058,-0.6415725514037741,-2.4827868858958464,-2.624305715791335
-64.15725514037742,0.08581355398552143,-0.6415725514037741,-2.712255548555476,-2.808535191838149
-64.15725514037742,0.08952386586253226,-0.6415725514037741,-2.9518649514420807,-3.000672246951228
-64.15725514037742,0.09323417773954311,-0.6415725514037741,-3.2016150945556614,-3.2015555463510914
-64.15725514037742,0.09694448961655394,-0.6415725514037741,-3.461505977896218,-3.4121811335340544
-64.15725514037742,0.10065480149356479,-0.6415725514037741,-3.7315376014637502,-3.6337030280479645
-64.15725514037742,0.10436511337057562,-0.6415725514037741,-4.011709965258258,-3.8674252536277605
-64.15725514037742,0.10807542524758647,-0.6415725514037741,-4.302023069279742,-4.114782848348094
-64.15725514037742,0.1117857371245973,-0.6415725514037741,-4.602476913528201,-4.377309234433652
-64.15725514037742,0.11549604900160815,-0.6415725514037741,-4.913071498003636,-4.656587408022636
-64.15725514037742,0.11920636087861898,-0.6415725514037741,-5.233806822706047,-4.954182934212008
-64.15725514037742,0.12291667275562983,-0.6415725514037741,-5.564682887635434,-5.271557917542833
-64.15725514037742,0.12662698463264066,-0.6415725514037741,-5.905699692791796,-5.6099671646398415
-64.15725514037742,0.1303372965096515,-0.6415725514037741,-6.256857238175134,-5.970340764505931
-64.15725514037742,0.13404760838666235,-0.6415725514037741,-6.618155523785449,-6.353161160272237
-64.15725514037742,0.13775792026367317,-0.6415725514037741,-6.989594549622737,-6.7583469979301
-64.15725514037742,0.14146823214068402,-0.6415725514037741,-7.371174315687003,-7.185159706531291
-64.15725514037742,0.14517854401769487,-0.6415725514037741,-7.762894821978244,-7.63215062026072
-64.15725514037742,0.1488888558947057,-0.6415725514037741,-8.16475606849646,-8.097165149616856
-64.15725514037742,0.15259916777171653,-0.6415725514037741,-8.576758055241651,-8.577415136546843
-64.15725514037742,0.15630947964872738,-0.6415725514037741,-8.998900782213822,-9.069621202691106
-64.15725514037742,0.16001979152573823,-0.6415725514037741,-9.431184249412965,-9.57021513983359
-64.15725514037742,0.16373010340274907,-0.6415725514037741,-9.873608456839087,-10.075580967731863
-64.15725514037742,0.1674404152797599,-0.6415725514037741,-10.32617340449218,-10.582305419672839
-64.15725514037742,0.17115072715677074,-0.6415725514037741,-10.78887909237225,-11.087406787122047
-64.15725514037742,0.17486103903378158,-0.6415725514037741,-11.261725520479299,-11.588515954726024
-64.15725514037742,0.17857135091079243,-0.6415725514037741,-11.74471268881332,-12.083993677525026
-64.15725514037742,0.18228166278780325,-0.6415725514037741,-12.23784059737432,-12.572980772245026
-64.15725514037742,0.1859919746648141,-0.6415725514037741,-12.741109246162292,-13.05538965007965
-64.15725514037742,0.18970228654182494,-0.6415725514037741,-13.254518635177243,-13.53185404292577
-64.15725514037742,0.1934125984188358,-0.6415725514037741,-13.77806876441917,-14.003657798022054
-64.15725514037742,0.1971229102958466,-0.6415725514037741,-14.31175963388807,-14.472663476180646
-64.15725514037742,0.20083322217285746,-0.6415725514037741,-14.855591243583945,-14.94125816998271
-64.15725514037742,0.2045435340498683,-0.6415725514037741,-15.4095635935068,-15.41232849398838
-64.15725514037742,0.20825384592687915,-0.6415725514037741,-15.97367668365663,-15.889269626454489
-64.15725514037742,0.21196415780388997,-0.6415725514037741,-16.547930514033432,-16.376024378433222
-64.15725514037742,0.21567446968090082,-0.6415725514037741,-17.132325084637213,-16.877136613723334
-64.15725514037742,0.21938478155791166,-0.6415725514037741,-17.72686039546797,-17.397787807681173
-64.15725514037742,0.2230950934349225,-0.6415725514037741,-18.3315364465257,-17.943765879358796
-64.15725514037742,0.22680540531193333,-0.6415725514037741,-18.946353237810403,-18.521294406533535
-64.15725514037742,0.23051571718894417,-0.6415725514037741,-19.57131076932209,-19.136636761771133
-64.15725514037742,0.23422602906595502,-0.6415725514037741,-20.20640904106075,-19.795401340150203
-64.15725514037742,0.23793634094296587,-0.6415725514037741,-20.851648053026384,-20.501536018780197
-64.15725514037742,0.2416466528199767,-0.6415725514037741,-21.50702780521899,-21.25613157596111
-64.15725514037742,0.24535696469698753,-0.6415725514037741,-22.172548297638578,-22.056338803264058
-64.15725514037742,0.24906727657399838,-0.6415725514037741,-22.84820953028514,-22.894858099152476
-64.15725514037742,0.2527775884510092,-0.6415725514037741,-23.53401150315868,-23.76043912185679
-64.15725514037742,0.25648790032802005,-0.6415725514037741,-24.229954216259188,-24.639522385143596
-64.15725514037742,0.2601982122050309,-0.6415725514037741,-24.936037669586685,-25.518635208999616
-64.15725514037742,0.26390852408204174,-0.6415725514037741,-25.652261863141145,-26.38670909700627
-64.15725514037742,0.26761883595905256,-0.6415725514037741,-26.37862679692258,-27.236430424560123
-64.15725514037742,0.27132914783606343,-0.6415725514037741,-27.115132470931,-28.06414147216932
-64.15725514037742,0.27503945971307425,-0.6415725514037741,-27.861778885166395,-28.86843635412159
-64.15725514037742,0.27874977159008507,-0.6415725514037741,-28.618566039628753,-29.648110853500253
-64.15725514037742,0.28246008346709595,-0.6415725514037741,-29.385493934318106,-30.40032327183673
-64.15725514037742,0.28617039534410676,-0.6415725514037741,-30.162562569234417,-31.11967909308959
-64.15725514037742,0.28988070722111764,-0.6415725514037741,-30.949771944377723,-31.79854871783351
-64.15725514037742,0.29359101909812846,-0.6415725514037741,-31.747122059747987,-32.42842088418369
-64.15725514037742,0.2973013309751393,-0.6415725514037741,-32.55461291534523,-33.00169854983562
-64.15725514037742,0.30101164285215015,-0.6415725514037741,-33.37224451116946,-33.51324316209504
-64.15725514037742,0.30472195472916097,-0.6415725514037741,-34.20001684722065,-33.96119145184282
-62.769378288908385,0.011607316445304631,-0.6276937828890838,-0.049248961760742616,-0.1747014300848797
-62.769378288908385,0.015317628322315471,-0.6276937828890838,-0.08576626247290617,-0.251048356575154
-62.769378288908385,0.01902794019932631,-0.6276937828890838,-0.13234787906152473,-0.3321703296031324
-62.769378288908385,0.02273825207633715,-0.6276937828890838,-0.1889938115265983,-0.41822081159975366
-62.769378288908385,0.02644856395334799,-0.6276937828890838,-0.25570405986812694,-0.5093377489297155
-62.769378288908385,0.03015887583035883,-0.6276937828890838,-0.33247862408611056,-0.6056417723711385
-62.769378288908385,0.03386918770736967,-0.6276937828890838,-0.41931750418054936,-0.7072349969220479
-62.769378288908385,0.03757949958438051,-0.6276937828890838,-0.5162207001514431,-0.8142006446027226
-62.769378288908385,0.04128981146139135,-0.6276937828890838,-0.6231882119987917,-0.9266037292290941
-62.769378288908385,0.04500012333840219,-0.6276937828890838,-0.7402200397225955,-1.0444930467809583
-62.769378288908385,0.04871043521541303,-0.6276937828890838,-0.8673161833228543,-1.167904706015862
-62.769378288908385,0.05242074709242387,-0.6276937828890838,-1.0044766427995682,-1.296867408865913
-62.769378288908385,0.05613105896943471,-0.6276937828890838,-1.151701418152737,-1.4314096471365139
-62.769378288908385,0.05984137084644555,-0.6276937828890838,-1.3089905093823608,-1.5715689203259842
-62.769378288908385,0.06355168272345639,-0.6276937828890838,-1.4763439164884398,-1.7174029992877908
-62.769378288908385,0.06726199460046722,-0.6276937828890838,-1.653761639470973,-1.8690031631526114
-62.769378288908385,0.07097230647747807,-0.6276937828890838,-1.8412436783299624,-2.0265092240814466
-62.769378288908385,0.0746826183544889,-0.6276937828890838,-2.038790033065406,-2.19012602747801
-62.769378288908385,0.07839293023149975,-0.6276937828890838,-2.2464007036773053,-2.360140974593325
-62.769378288908385,0.08210324210851058,-0.6276937828890838,-2.464075690165659,-2.536941958368905
-62.769378288908385,0.08581355398552143,-0.6276937828890838,-2.6918149925304684,-2.721034927653018
-62.769378288908385,0.08952386586253226,-0.6276937828890838,-2.9296186107717324,-2.9130600928079065
-62.769378288908385,0.09323417773954311,-0.6276937828890838,-3.1774865448894514,-3.1138055490644003
-62.769378288908385,0.09694448961655394,-0.6276937828890838,-3.4354187948836254,-3.3242168161609786
-62.769378288908385,0.10065480149356479,-0.6276937828890838,-3.7034153607542546,-3.545400473898284
-62.769378288908385,0.10436511337057562,-0.6276937828890838,-3.9814762425013384,-3.7786197278949274
-62.769378288908385,0.10807542524758647,-0.6276937828890838,-4.2696014401248785,-4.025279407936266
-62.769378288908385,0.1117857371245973,-0.6276937828890838,-4.567790953624872,-4.286897660508697
-62.769378288908385,0.11549604900160815,-0.6276937828890838,-4.876044783001321,-4.565061574428563
-62.769378288908385,0.11920636087861898,-0.6276937828890838,-5.194362928254225,-4.861364355395216
-62.769378288908385,0.12291667275562983,-0.6276937828890838,-5.522745389383585,-5.177322667041507
-62.769378288908385,0.12662698463264066,-0.6276937828890838,-5.861192166389399,-5.51427461259761
-62.769378288908385,0.1303372965096515,-0.6276937828890838,-6.209703259271668,-5.873261698339976
-62.769378288908385,0.13404760838666235,-0.6276937828890838,-6.568278668030393,-6.254901957364054
-62.769378288908385,0.13775792026367317,-0.6276937828890838,-6.9369183926655715,-6.659265839546933
-62.769378288908385,0.14146823214068402,-0.6276937828890838,-7.315622433177206,-7.085770659386975
-62.769378288908385,0.14517854401769487,-0.6276937828890838,-7.704390789565296,-7.533112069202423
-62.769378288908385,0.1488888558947057,-0.6276937828890838,-8.10322346182984,-7.999250722076265
-62.769378288908385,0.15259916777171653,-0.6276937828890838,-8.512120449970839,-8.481467832580288
-62.769378288908385,0.15630947964872738,-0.6276937828890838,-8.931081753988293,-8.976494498036478
-62.769378288908385,0.16001979152573823,-0.6276937828890838,-9.360107373882204,-9.480707622259718
-62.769378288908385,0.16373010340274907,-0.6276937828890838,-9.79919730965257,-9.990372764734225
-62.769378288908385,0.1674404152797599,-0.6276937828890838,-10.248351561299385,-10.501904668743688
-62.769378288908385,0.17115072715677074,-0.6276937828890838,-10.707570128822661,-11.012112579403441
-62.769378288908385,0.17486103903378158,-0.6276937828890838,-11.176853012222393,-11.518401019003463
-62.769378288908385,0.17857135091079243,-0.6276937828890838,-11.656200211498577,-12.018906437765702
-62.769378288908385,0.18228166278780325,-0.6276937828890838,-12.145611726651216,-12.512563242649357
-62.769378288908385,0.1859919746648141,-0.6276937828890838,-12.64508755768031,-12.99910559077406
-62.769378288908385,0.18970228654182494,-0.6276937828890838,-13.154627704585861,-13.479021112571138
-62.769378288908385,0.1934125984188358,-0.6276937828890838,-13.674232167367867,-13.953477932840018
-62.769378288908385,0.1971229102958466,-0.6276937828890838,-14.203900946026325,-14.424247003495564
-62.769378288908385,0.20083322217285746,-0.6276937828890838,-14.743634040561238,-14.893638820781804
-62.769378288908385,0.2045435340498683,-0.6276937828890838,-15.293431450972609,-15.364468244445431
-62.769378288908385,0.20825384592687915,-0.6276937828890838,-15.853293177260436,-15.840054106187173
-62.769378288908385,0.21196415780388997,-0.6276937828890838,-16.423219219424713,-16.324251551367002
-62.769378288908385,0.21567446968090082,-0.6276937828890838,-17.003209577465448,-16.82150378288831
-62.769378288908385,0.21938478155791166,-0.6276937828890838,-17.59326425138264,-17.336884870626175
-62.769378288908385,0.2230950934349225,-0.6276937828890838,-18.193383241176285,-17.87608597059703
-62.769378288908385,0.22680540531193333,-0.6276937828890838,-18.80356654684638,-18.44527562414297
-62.769378288908385,0.23051571718894417,-0.6276937828890838,-19.423814168392937,-19.050748308375407
-62.769378288908385,0.23422602906595502,-0.6276937828890838,-20.05412610581595,-19.698280409223933
-62.769378288908385,0.23793634094296587,-0.6276937828890838,-20.694502359115415,-20.392164246574243
-62.769378288908385,0.2416466528199767,-0.6276937828890838,-21.34494292829133,-21.13401163478869
-62.769378288908385,0.24535696469698753,-0.6276937828890838,-22.005447813343707,-21.92160210141494
-62.769378288908385,0.24906727657399838,-0.6276937828890838,-22.67601701427254,-22.748225438209428
-62.769378288908385,0.2527775884510092,-0.6276937828890838,-23.35665053107783,-23.602992496113764
-62.769378288908385,0.25648790032802005,-0.6276937828890838,-24.04734836375956,-24.472331656483263
-62.769378288908385,0.2601982122050309,-0.6276937828890838,-24.748110512317766,-25.342380585090876
-62.769378288908385,0.26390852408204174,-0.6276937828890838,-25.45893697675241,-26.201485167707734
-62.769378288908385,0.26761883595905256,-0.6276937828890838,-26.17982775706351,-27.041869101319655
-62.769378288908385,0.27132914783606343,-0.6276937828890838,-26.910782853251078,-27.859867300785066
-62.769378288908385,0.27503945971307425,-0.6276937828890838,-27.65180226531509,-28.65472731395092
-62.769378288908385,0.27874977159008507,-0.6276937828890838,-28.402885993255556,-29.426537563153687
-62.769378288908385,0.28246008346709595,-0.6276937828890838,-29.16403403707249,-30.174114388014708
-62.769378288908385,0.28617039534410676,-0.6276937828890838,-29.935246396765862,-30.893628901803652
-62.769378288908385,0.28988070722111764,-0.6276937828890838,-30.716523072335708,-31.578438878768367
-62.769378288908385,0.29359101909812846,-0.6276937828890838,-31.50786406378199,-32.220118897282504
-62.769378288908385,0.2973013309751393,-0.6276937828890838,-32.30926937110473,-32.81022574011491
-62.769378288908385,0.30101164285215015,-0.6276937828890838,-33.12073899430394,-33.34209896914288
-62.769378288908385,0.30472195472916097,-0.6276937828890838,-33.94227293337959,-33.812087378869464
-61.38150143743935,0.011607316445304631,-0.6138150143743935,-0.04887498503320473,-0.12489127177942083
-61.38150143743935,0.015317628322315471,-0.6138150143743935,-0.08511498811044153,-0.19853456979469253
-61.38150143743935,0.01902794019932631,-0.6138150143743935,-0.13134288271361264,-0.2769344902004969
-61.38150143743935,0.02273825207633715,-0.6138150143743935,-0.18755866884271802,-0.3602647134978507
-61.38150143743935,0.02644856395334799,-0.6138150143743935,-0.2537623464977578,-0.44868549590558127
-61.38150143743935,0.03015887583035883,-0.6138150143743935,-0.32995391567873184,-0.5423415528209221
-61.38150143743935,0.03386918770736967,-0.6138150143743935,-0.41613337638564024,-0.6413604084620577
-61.38150143743935,0.03757949958438051,-0.6138150143743935,-0.5123007286184829,-0.745851428736138
-61.38150143743935,0.04128981146139135,-0.6138150143743935,-0.6184559723772599,-0.8559057770362253
-61.38150143743935,0.04500012333840219,-0.6138150143743935,-0.7345991076619712,-0.9715975464739675
-61.38150143743935,0.04871043521541303,-0.6138150143743935,-0.8607301344726168,-1.0929863236358541
-61.38150143743935,0.05242074709242387,-0.6138150143743935,-0.9968490528091968,-1.2201214251323211
-61.38150143743935,0.05613105896943471,-0.6138150143743935,-1.142955862671711,-1.3530480163410659
-61.38150143743935,0.05984137084644555,-0.6138150143743935,-1.2990505640601595,-1.4918152700234717
-61.38150143743935,0.06355168272345639,-0.6138150143743935,-1.4651331569745425,-1.636486650162305
-61.38150143743935,0.06726199460046722,-0.6138150143743935,-1.6412036414148592,-1.7871523137434189
-61.38150143743935,0.07097230647747807,-0.6138150143743935,-1.8272620173811107,-1.9439435114141614
-61.38150143743935,0.0746826183544889,-0.6138150143743935,-2.0233082848732966,-2.1070487383958856
-61.38150143743935,0.07839293023149975,-0.6138150143743935,-2.2293424438914164,-2.2767312405678304
-61.38150143743935,0.08210324210851058,-0.6138150143743935,-2.445364494435471,-2.453347316658512
-61.38150143743935,0.08581355398552143,-0.6138150143743935,-2.67137443650546,-2.6373646730698614
-61.38150143743935,0.08952386586253226,-0.6138150143743935,-2.9073722701013827,-2.8293798774857457
-61.38150143743935,0.09323417773954311,-0.6138150143743935,-3.15335799522324,-3.030133713580174
-61.38150143743935,0.09694448961655394,-0.6138150143743935,-3.4093316118710315,-3.2405229546168943
-61.38150143743935,0.10065480149356479,-0.6138150143743935,-3.6752931200447576,-3.461606746063916
-61.38150143743935,0.10436511337057562,-0.6138150143743935,-3.951242519744418,-3.694605426189259
-61.38150143743935,0.10807542524758647,-0.6138150143743935,-4.237179810970013,-3.9408892512021128
-61.38150143743935,0.1117857371245973,-0.6138150143743935,-4.533104993721541,-4.201954195752324
-61.38150143743935,0.11549604900160815,-0.6138150143743935,-4.839018067999005,-4.479381887483091
-61.38150143743935,0.11920636087861898,-0.6138150143743935,-5.154919033802402,-4.774780980713248
-61.38150143743935,0.12291667275562983,-0.6138150143743935,-5.480807891131734,-5.089708107240619
-61.38150143743935,0.12662698463264066,-0.6138150143743935,-5.816684639987,-5.42556821190348
-61.38150143743935,0.1303372965096515,-0.6138150143743935,-6.1625492803682,-5.7834967881059915
-61.38150143743935,0.13404760838666235,-0.6138150143743935,-6.518401812275336,-6.164230307586835
-61.38150143743935,0.13775792026367317,-0.6138150143743935,-6.884242235708403,-6.567975702124386
-61.38150143743935,0.14146823214068402,-0.6138150143743935,-7.2600705506674075,-6.99429435581632
-61.38150143743935,0.14517854401769487,-0.6138150143743935,-7.645886757152345,-7.442019464784165
-61.38150143743935,0.1488888558947057,-0.6138150143743935,-8.041690855163218,-7.909226264970886
-61.38150143743935,0.15259916777171653,-0.6138150143743935,-8.447482844700023,-8.39327111930316
-61.38150143743935,0.15630947964872738,-0.6138150143743935,-8.863262725762764,-8.89090722323694
-61.38150143743935,0.16001979152573823,-0.6138150143743935,-9.289030498351439,-9.3984726166656
-61.38150143743935,0.16373010340274907,-0.6138150143743935,-9.72478616246605,-9.912132798453925
-61.38150143743935,0.1674404152797599,-0.6138150143743935,-10.17052971810659,-10.428149116562272
-61.38150143743935,0.17115072715677074,-0.6138150143743935,-10.626261165273068,-10.943138670122293
-61.38150143743935,0.17486103903378158,-0.6138150143743935,-11.091980503965482,-11.454293557745427
-61.38150143743935,0.17857135091079243,-0.6138150143743935,-11.567687734183828,-11.959536390968832
-61.38150143743935,0.18228166278780325,-0.6138150143743935,-12.053382855928108,-12.457602343348126
-61.38150143743935,0.1859919746648141,-0.6138150143743935,-12.549065869198323,-12.94805188393581
-61.38150143743935,0.18970228654182494,-0.6138150143743935,-13.054736773994474,-13.4312294293719
-61.38150143743935,0.1934125984188358,-0.6138150143743935,-13.57039557031656,-13.908189555584247
-61.38150143743935,0.1971229102958466,-0.6138150143743935,-14.096042258164575,-14.380613898047367
-61.38150143743935,0.20083322217285746,-0.6138150143743935,-14.631676837538526,-14.850739360027543
-61.38150143743935,0.2045435340498683,-0.6138150143743935,-15.177299308438414,-15.321313029337734
-61.38150143743935,0.20825384592687915,-0.6138150143743935,-15.732909670864236,-15.795582211013533
-61.38150143743935,0.21196415780388997,-0.6138150143743935,-16.29850792481599,-16.277319371428984
-61.38150143743935,0.21567446968090082,-0.6138150143743935,-16.87409407029368,-16.770870864740566
-61.38150143743935,0.21938478155791166,-0.6138150143743935,-17.459668107297304,-17.281203859859307
-61.38150143743935,0.2230950934349225,-0.6138150143743935,-18.055230035826863,-17.813907053520772
-61.38150143743935,0.22680540531193333,-0.6138150143743935,-18.660779855882353,-18.37507881929748
-61.38150143743935,0.23051571718894417,-0.6138150143743935,-19.27631756746378,-18.97101771543384
-61.38150143743935,0.23422602906595502,-0.6138150143743935,-19.90184317057114,-19.60762954612357
-61.38150143743935,0.23793634094296587,-0.6138150143743935,-20.537356665204438,-20.289506671713816
-61.38150143743935,0.2416466528199767,-0.6138150143743935,-21.182858051363667,-21.018744436779244
-61.38150143743935,0.24535696469698753,-0.6138150143743935,-21.83834732904883,-21.793738191302158
-61.38150143743935,0.24906727657399838,-0.6138150143743935,-22.50382449825993,-22.60839344412353
-61.38150143743935,0.2527775884510092,-0.6138150143743935,-23.179289558996967,-23.45224695758341
-61.38150143743935,0.25648790032802005,-0.6138150143743935,-23.864742511259927,-24.311792560308252
-61.38150143743935,0.2601982122050309,-0.6138150143743935,-24.56018335504884,-25.172822188913337
-61.38150143743935,0.26390852408204174,-0.6138150143743935,-25.265612090363668,-26.023057888239375
-61.38150143743935,0.26761883595905256,-0.6138150143743935,-25.98102871720443,-26.854114944642916
-61.38150143743935,0.27132914783606343,-0.6138150143743935,-26.706433235571144,-27.66208349230747
-61.38150143743935,0.27503945971307425,-0.6138150143743935,-27.44182564546378,-28.446596280344732
-61.38150143743935,0.27874977159008507,-0.6138150143743935,-28.187205946882347,-29.20882954950487
-61.38150143743935,0.28246008346709595,-0.6138150143743935,-28.942574139826863,-29.9492155170765
-61.38150143743935,0.28617039534410676,-0.6138150143743935,-29.707930224297296,-30.665672930772477
-61.38150143743935,0.28988070722111764,-0.6138150143743935,-30.483274200293682,-31.35293630793117
-61.38150143743935,0.29359101909812846,-0.6138150143743935,-31.268606067815988,-32.00315902782511
-61.38150143743935,0.2973013309751393,-0.6138150143743935,-32.06392582686423,-32.60749840350387
-61.38150143743935,0.30101164285215015,-0.6138150143743935,-32.869233477438414,-33.15804724306312
-61.38150143743935,0.30472195472916097,-0.6138150143743935,-33.68452901953852,-33.64942264281877
-59.993624585970316,0.011607316445304631,-0.5999362458597032,-0.04850100830566686,-0.07875396198699125
-59.993624585970316,0.015317628322315471,-0.5999362458597032,-0.08446371374797691,-0.1498144802240038
-59.993624585970316,0.01902794019932631,-0.5999362458597032,-0.13033788636570057,-0.2256020960094196
-59.993624585970316,0.02273825207633715,-0.5999362458597032,-0.1861235261588378,-0.30630883168192646
-59.993624585970316,0.02644856395334799,-0.5999362458597032,-0.25182063312738867,-0.39211552564175567
-59.993624585970316,0.03015887583035883,-0.5999362458597032,-0.3274292072713531,-0.48318949484344653
-59.993624585970316,0.03386918770736967,-0.5999362458597032,-0.41294924859073123,-0.5796825390004618
-59.993624585970316,0.03757949958438051,-0.5999362458597032,-0.5083807570855229,-0.6817294925378199
-59.993624585970316,0.04128981146139135,-0.5999362458597032,-0.6137237327557281,-0.7894475589501513
-59.993624585970316,0.04500012333840219,-0.5999362458597032,-0.728978175601347,-0.9029366839731239
-59.993624585970316,0.04871043521541303,-0.5999362458597032,-0.8541440856223795,-1.0222812352757544
-59.993624585970316,0.05242074709242387,-0.5999362458597032,-0.9892214628188255,-1.1475532535763109
-59.993624585970316,0.05613105896943471,-0.5999362458597032,-1.1342103071906853,-1.2788175197870868
-59.993624585970316,0.05984137084644555,-0.5999362458597032,-1.2891106187379584,-1.4161386422426736
-59.993624585970316,0.06355168272345639,-0.5999362458597032,-1.4539223974606452,-1.5595903054365952
-59.993624585970316,0.06726199460046722,-0.5999362458597032,-1.6286456433587453,-1.7092667362573744
-59.993624585970316,0.07097230647747807,-0.5999362458597032,-1.8132803564322595,-1.86529633578685
-59.993624585970316,0.0746826183544889,-0.5999362458597032,-2.007826536681187,-2.027857295274462
-59.993624585970316,0.07839293023149975,-0.5999362458597032,-2.2122841841055285,-2.1971948648949953
-59.993624585970316,0.08210324210851058,-0.5999362458597032,-2.426653298705283,-2.3736397733820573
-59.993624585970316,0.08581355398552143,-0.5999362458597032,-2.650933880480452,-2.5576271038092195
-59.993624585970316,0.08952386586253226,-0.5999362458597032,-2.885125929431034,-2.749714711410258
-59.993624585970316,0.09323417773954311,-0.5999362458597032,-3.129229445557029,-2.950600016869318
-59.993624585970316,0.09694448961655394,-0.5999362458597032,-3.3832444288584385,-3.1611337158165647
-59.993624585970316,0.10065480149356479,-0.5999362458597032,-3.6471708793352615,-3.382328608349665
-59.993624585970316,0.10436511337057562,-0.5999362458597032,-3.921008796987498,-3.615361377148864
-59.993624585970316,0.10807542524758647,-0.5999362458597032,-4.204758181815148,-3.861564755008933
-59.993624585970316,0.1117857371245973,-0.5999362458597032,-4.4984190338182115,-4.12240718145236
-59.993624585970316,0.11549604900160815,-0.5999362458597032,-4.801991352996689,-4.399456860559226
-59.993624585970316,0.11920636087861898,-0.5999362458597032,-5.115475139350579,-4.694327265059452
-59.993624585970316,0.12291667275562983,-0.5999362458597032,-5.438870392879884,-5.008601812179365
-59.993624585970316,0.12662698463264066,-0.5999362458597032,-5.772177113584602,-5.343736928543549
-59.993624585970316,0.1303372965096515,-0.5999362458597032,-6.1153953014647335,-5.700945262177466
-59.993624585970316,0.13404760838666235,-0.5999362458597032,-6.468524956520279,-6.081064487127235
-59.993624585970316,0.13775792026367317,-0.5999362458597032,-6.831566078751237,-6.4844217806663735
-59.993624585970316,0.14146823214068402,-0.5999362458597032,-7.20451866815761,-6.910708976467915
-59.993624585970316,0.14517854401769487,-0.5999362458597032,-7.5873827247393955,-7.3588874168659935
-59.993624585970316,0.1488888558947057,-0.5999362458597032,-7.980158248496596,-7.827143043793079
-59.993624585970316,0.15259916777171653,-0.5999362458597032,-8.382845239429209,-8.31290969872047
-59.993624585970316,0.15630947964872738,-0.5999362458597032,-8.795443697537236,-8.81297107091377
-59.993624585970316,0.16001979152573823,-0.5999362458597032,-9.217953622820676,-9.323639788579094
-59.993624585970316,0.16373010340274907,-0.5999362458597032,-9.650375015279531,-9.840998098350639
-59.993624585970316,0.1674404152797599,-0.5999362458597032,-10.092707874913796,-10.361172078615432
-59.993624585970316,0.17115072715677074,-0.5999362458597032,-10.544952201723477,-10.88060417230204
-59.993624585970316,0.17486103903378158,-0.5999362458597032,-11.007107995708575,-11.396289404580678
-59.993624585970316,0.17857135091079243,-0.5999362458597032,-11.479175256869082,-11.905948912044026
-59.993624585970316,0.18228166278780325,-0.5999362458597032,-11.961153985205003,-12.408127841857372
-59.993624585970316,0.1859919746648141,-0.5999362458597032,-12.453044180716338,-12.902219402873522
-59.993624585970316,0.18970228654182494,-0.5999362458597032,-12.954845843403088,-13.388429167505645
-59.993624585970316,0.1934125984188358,-0.5999362458597032,-13.466558973265254,-13.867701328511977
-59.993624585970316,0.1971229102958466,-0.5999362458597032,-13.988183570302827,-14.341630982335369
-59.993624585970316,0.20083322217285746,-0.5999362458597032,-14.519719634515816,-14.812384478247928
-59.993624585970316,0.2045435340498683,-0.5999362458597032,-15.061167165904221,-15.282644818954775
-59.993624585970316,0.20825384592687915,-0.5999362458597032,-15.61252616446804,-15.755592143545336
-59.993624585970316,0.21196415780388997,-0.5999362458597032,-16.173796630207267,-16.23492082039718
-59.993624585970316,0.21567446968090082,-0.5999362458597032,-16.744978563121915,-16.724884075377155
-59.993624585970316,0.21938478155791166,-0.5999362458597032,-17.326071963211973,-17.2303431876846
-59.993624585970316,0.2230950934349225,-0.5999362458597032,-17.917076830477445,-17.75678005216581
-59.993624585970316,0.22680540531193333,-0.5999362458597032,-18.517993164918327,-18.31021003114104
-59.993624585970316,0.23051571718894417,-0.5999362458597032,-19.128820966534626,-18.89691169280228
-59.993624585970316,0.23422602906595502,-0.5999362458597032,-19.74956023532634,-19.522884475329207
-59.993624585970316,0.23793634094296587,-0.5999362458597032,-20.380210971293465,-20.192977605488466
-59.993624585970316,0.2416466528199767,-0.5999362458597032,-21.020773174436002,-20.9097306546901
-59.993624585970316,0.24535696469698753,-0.5999362458597032,-21.671246844753956,-21.672136722398502
-59.993624585970316,0.24906727657399838,-0.5999362458597032,-22.331631982247327,-22.474737114278266
-59.993624585970316,0.2527775884510092,-0.5999362458597032,-23.001928586916108,-23.307557264702584
-59.993624585970316,0.25648790032802005,-0.5999362458597032,-23.682136658760296,-24.15724293577552
-59.993624585970316,0.2601982122050309,-0.5999362458597032,-24.372256197779915,-25.009307817632106
-59.993624585970316,0.26390852408204174,-0.5999362458597032,-25.072287203974927,-25.850847348163345
-59.993624585970316,0.26761883595905256,-0.5999362458597032,-25.782229677345356,-26.672759655153108
-59.993624585970316,0.27132914783606343,-0.5999362458597032,-26.502083617891213,-27.470675100908526
-59.993624585970316,0.27503945971307425,-0.5999362458597032,-27.231849025612476,-28.244333644251885
-59.993624585970316,0.27874977159008507,-0.5999362458597032,-27.971525900509143,-28.99574028072545
-59.993624585970316,0.28246008346709595,-0.5999362458597032,-28.72111424258124,-29.72680475730781
-59.993624585970316,0.28617039534410676,-0.5999362458597032,-29.480614051828738,-30.43726201595952
-59.993624585970316,0.28988070722111764,-0.5999362458597032,-30.250025328251663,-31.12352445439033
-59.993624585970316,0.29359101909812846,-0.5999362458597032,-31.029348071849984,-31.778794147256573
-59.993624585970316,0.2973013309751393,-0.5999362458597032,-31.818582282623726,-32.39433019326623
-59.993624585970316,0.30101164285215015,-0.5999362458597032,-32.61772796057289,-32.96136187045911
-59.993624585970316,0.30472195472916097,-0.5999362458597032,-33.426785105697455,-33.472947508352526
-58.60574773450128,0.011607316445304631,-0.5860574773450128,-0.04812703157812898,-0.03613176947955088
-58.60574773450128,0.015317628322315471,-0.5860574773450128,-0.0838124393855123,-0.10473959466127858
-58.60574773450128,0.01902794019932631,-0.5860574773450128,-0.12933289001778847,-0.17803619044504448
-58.60574773450128,0.02273825207633715,-0.5860574773450128,-0.18468838347495756,-0.2562300568613012
-58.60574773450128,0.02644856395334799,-0.5860574773450128,-0.24987891975701954,-0.33952082614662205
-58.60574773450128,0.03015887583035883,-0.5860574773450128,-0.3249044988639744,-0.4280967890849261
-58.60574773450128,0.03386918770736967,-0.5860574773450128,-0.4097651207958222,-0.5221326496036007
-58.60574773450128,0.03757949958438051,-0.5860574773450128,-0.5044607855525628,-0.6217876994554494
-58.60574773450128,0.04128981146139135,-0.5860574773450128,-0.6089914931341964,-0.7272046379867969
-58.60574773450128,0.04500012333840219,-0.5860574773450128,-0.7233572435407228,-0.8385092903288671
-58.60574773450128,0.04871043521541303,-0.5860574773450128,-0.8475580367721421,-0.9558114972273999
-58.60574773450128,0.05242074709242387,-0.5860574773450128,-0.9815938728284543,-1.079207457202808
-58.60574773450128,0.05613105896943471,-0.5860574773450128,-1.1254647517096594,-1.208783792859899
-58.60574773450128,0.05984137084644555,-0.5860574773450128,-1.2791706734157573,-1.344623584357209
-58.60574773450128,0.06355168272345639,-0.5860574773450128,-1.4427116379467482,-1.486814561451897
-58.60574773450128,0.06726199460046722,-0.5860574773450128,-1.6160876453026316,-1.635459569328864
-58.60574773450128,0.07097230647747807,-0.5860574773450128,-1.7992986954834085,-1.7906893218965292
-58.60574773450128,0.0746826183544889,-0.5860574773450128,-1.9923447884890777,-1.9526773296230744
-58.60574773450128,0.07839293023149975,-0.5860574773450128,-2.19522592431964,-2.1216567379734705
-58.60574773450128,0.08210324210851058,-0.5860574773450128,-2.4079421029750954,-2.2979386374045543
-58.60574773450128,0.08581355398552143,-0.5860574773450128,-2.630493324455444,-2.4819312056876077
-58.60574773450128,0.08952386586253226,-0.5860574773450128,-2.8628795887606846,-2.6741588149506788
-58.60574773450128,0.09323417773954311,-0.5860574773450128,-3.1051008958908186,-2.87527997387122
-58.60574773450128,0.09694448961655394,-0.5860574773450128,-3.3571572458458454,-3.086102673300128
-58.60574773450128,0.10065480149356479,-0.5860574773450128,-3.619048638625765,-3.3075953565725333
-58.60574773450128,0.10436511337057562,-0.5860574773450128,-3.890775074230578,-3.540891347091492
-58.60574773450128,0.10807542524758647,-0.5860574773450128,-4.172336552660283,-3.7872841561733557
-58.60574773450128,0.1117857371245973,-0.5860574773450128,-4.463733073914881,-4.04821071502436
-58.60574773450128,0.11549604900160815,-0.5860574773450128,-4.764964637994373,-4.325219323759419
-58.60574773450128,0.11920636087861898,-0.5860574773450128,-5.076031244898757,-4.619919145689721
-58.60574773450128,0.12291667275562983,-0.5860574773450128,-5.396932894628034,-4.933908620218657
-58.60574773450128,0.12662698463264066,-0.5860574773450128,-5.727669587182204,-5.268681494711519
-58.60574773450128,0.1303372965096515,-0.5860574773450128,-6.068241322561266,-5.625511550450398
-58.60574773450128,0.13404760838666235,-0.5860574773450128,-6.418648100765223,-6.005320672550885
-58.60574773450128,0.13775792026367317,-0.5860574773450128,-6.77888992179407,-6.408539568301197
-58.60574773450128,0.14146823214068402,-0.5860574773450128,-7.148966785647812,-6.834975602992324
-58.60574773450128,0.14517854401769487,-0.5860574773450128,-7.528878692326447,-7.28370676474067
-58.60574773450128,0.1488888558947057,-0.5860574773450128,-7.9186256418299745,-7.753023071207062
-58.60574773450128,0.15259916777171653,-0.5860574773450128,-8.318207634158393,-8.240435064622197
-58.60574773450128,0.15630947964872738,-0.5860574773450128,-8.727624669311707,-8.742762258650748
-58.60574773450128,0.16001979152573823,-0.5860574773450128,-9.146876747289914,-9.25630272102142
-58.60574773450128,0.16373010340274907,-0.5860574773450128,-9.575963868093012,-9.777070467504311
-58.60574773450128,0.1674404152797599,-0.5860574773450128,-10.014886031721002,-10.301073657326917
-58.60574773450128,0.17115072715677074,-0.5860574773450128,-10.463643238173887,-10.824597809536872
-58.60574773450128,0.17486103903378158,-0.5860574773450128,-10.922235487451665,-11.344457315286522
-58.60574773450128,0.17857135091079243,-0.5860574773450128,-11.390662779554336,-11.858185845007146
-58.60574773450128,0.18228166278780325,-0.5860574773450128,-11.868925114481899,-12.364149594563044
-58.60574773450128,0.1859919746648141,-0.5860574773450128,-12.357022492234353,-12.861582727679503
-58.60574773450128,0.18970228654182494,-0.5860574773450128,-12.854954912811705,-13.350557820515052
-58.60574773450128,0.1934125984188358,-0.5860574773450128,-13.362722376213949,-13.83191288487661
-58.60574773450128,0.1971229102958466,-0.5860574773450128,-13.88032488244108,-14.307159808714639
-58.60574773450128,0.20083322217285746,-0.5860574773450128,-14.407762431493106,-14.778397531640477
-58.60574773450128,0.2045435340498683,-0.5860574773450128,-14.945035023370028,-15.248248412774545
-58.60574773450128,0.20825384592687915,-0.5860574773450128,-15.492142658071844,-15.719829338409173
-58.60574773450128,0.21196415780388997,-0.5860574773450128,-16.049085335598548,-16.19676070591838
-58.60574773450128,0.21567446968090082,-0.5860574773450128,-16.615863055950147,-16.683206113843994
-58.60574773450128,0.21938478155791166,-0.5860574773450128,-17.192475819126642,-17.183922250396588
-58.60574773450128,0.2230950934349225,-0.5860574773450128,-17.778923625128026,-17.70428091812113
-58.60574773450128,0.22680540531193333,-0.5860574773450128,-18.3752064739543,-18.250203578675563
-58.60574773450128,0.23051571718894417,-0.5860574773450128,-18.98132436560547,-18.827927430720653
-58.60574773450128,0.23422602906595502,-0.5860574773450128,-19.597277300081537,-19.443512510342437
-58.60574773450128,0.23793634094296587,-0.5860574773450128,-20.223065277382496,-20.102023252914282
-58.60574773450128,0.2416466528199767,-0.5860574773450128,-20.85868829750834,-20.80640287615695
-58.60574773450128,0.24535696469698753,-0.5860574773450128,-21.504146360459085,-21.556219279479855
-58.60574773450128,0.24906727657399838,-0.5860574773450128,-22.15943946623472,-22.34666262921598
-58.60574773450128,0.2527775884510092,-0.5860574773450128,-22.824567614835253,-23.16830526955907
-58.60574773450128,0.25648790032802005,-0.5860574773450128,-23.499530806260665,-24.008035985567894
-58.60574773450128,0.2601982122050309,-0.5860574773450128,-24.18432904051099,-24.85117655855143
-58.60574773450128,0.26390852408204174,-0.5860574773450128,-24.87896231758619,-25.684225867857045
-58.60574773450128,0.26761883595905256,-0.5860574773450128,-25.583430637486284,-26.497295418007734
-58.60574773450128,0.27132914783606343,-0.5860574773450128,-26.297734000211285,-27.285372834788216
-58.60574773450128,0.27503945971307425,-0.5860574773450128,-27.02187240576117,-28.04803487892657
-58.60574773450128,0.27874977159008507,-0.5860574773450128,-27.75584585413594,-28.78782354067268
-58.60574773450128,0.28246008346709595,-0.5860574773450128,-28.49965434533562,-29.50790852889996
-58.60574773450128,0.28617039534410676,-0.5860574773450128,-29.253297879360176,-30.209796993032782
-58.60574773450128,0.28988070722111764,-0.5860574773450128,-30.016776456209644,-30.891770258244655
-58.60574773450128,0.29359101909812846,-0.5860574773450128,-30.790090075883985,-31.548487054477153
-58.60574773450128,0.2973013309751393,-0.5860574773450128,-31.57323873838323,-32.17182566144637
-58.60574773450128,0.30101164285215015,-0.5860574773450128,-32.36622244370737,-32.75262327667305
-58.60574773450128,0.30472195472916097,-0.5860574773450128,-33.169041191856394,-33.282674285255844
-57.21787088303225,0.011607316445304631,-0.5721787088303225,-0.04775305485059111,0.0031362052354437786
-57.21787088303225,0.015317628322315471,-0.5721787088303225,-0.08316116502304768,-0.0631558764494684
-57.21787088303225,0.01902794019932631,-0.5721787088303225,-0.1283278936698764,-0.13409176270629852
-57.21787088303225,0.02273825207633715,-0.5721787088303225,-0.1832532407910773,-0.20989463232290562
-57.21787088303225,0.02644856395334799,-0.5721787088303225,-0.24793720638665043,-0.2907811283943882
-57.21787088303225,0.03015887583035883,-0.5721787088303225,-0.3223797904565957,-0.3769588213216257
-57.21787088303225,0.03386918770736967,-0.5721787088303225,-0.4065809930009132,-0.46862379897401607
-57.21787088303225,0.03757949958438051,-0.5721787088303225,-0.5005408140196028,-0.5659585595333014
-57.21787088303225,0.04128981146139135,-0.5721787088303225,-0.6042592535126646,-0.6691304189078795
-57.21787088303225,0.04500012333840219,-0.5721787088303225,-0.7177363114800986,-0.7782906781277232
-57.21787088303225,0.04871043521541303,-0.5721787088303225,-0.8409719879219048,-0.8935748232705478
-57.21787088303225,0.05242074709242387,-0.5721787088303225,-0.9739662828380832,-1.0151040471742434
-57.21787088303225,0.05613105896943471,-0.5721787088303225,-1.1167191962286336,-1.1429883841331179
-57.21787088303225,0.05984137084644555,-0.5721787088303225,-1.2692307280935562,-1.2773317317132675
-57.21787088303225,0.06355168272345639,-0.5721787088303225,-1.4315008784328511,-1.4182389939936195
-57.21787088303225,0.06726199460046722,-0.5721787088303225,-1.6035296472465177,-1.5658255150322473
-57.21787088303225,0.07097230647747807,-0.5721787088303225,-1.7853170345345573,-1.7202288783509871
-57.21787088303225,0.0746826183544889,-0.5721787088303225,-1.9768630402969685,-1.8816230269990077
-57.21787088303225,0.07839293023149975,-0.5721787088303225,-2.178167664533752,-2.0502345093541994
-57.21787088303225,0.08210324210851058,-0.5721787088303225,-2.3892309072449076,-2.2263604784431723
-57.21787088303225,0.08581355398552143,-0.5721787088303225,-2.6100527684304358,-2.410387866645946
-57.21787088303225,0.08952386586253226,-0.5721787088303225,-2.840633248090336,-2.6028129210003597
-57.21787088303225,0.09323417773954311,-0.5721787088303225,-3.0809723462246077,-2.8042600126426773
-57.21787088303225,0.09694448961655394,-0.5721787088303225,-3.3310700628332524,-3.0154983214435607
-57.21787088303225,0.10065480149356479,-0.5721787088303225,-3.590926397916269,-3.2374546388673116
-57.21787088303225,0.10436511337057562,-0.5721787088303225,-3.8605413514736573,-3.4712201300532293
-57.21787088303225,0.10807542524758647,-0.5721787088303225,-4.139914923505419,-3.7180484668962173
-57.21787088303225,0.1117857371245973,-0.5721787088303225,-4.429047114011551,-3.9793423324760973
-57.21787088303225,0.11549604900160815,-0.5721787088303225,-4.727937922992057,-4.256624992782222
-57.21787088303225,0.11920636087861898,-0.5721787088303225,-5.0365873504469345,-4.551493583714949
-57.21787088303225,0.12291667275562983,-0.5721787088303225,-5.354995396376184,-4.865551188087863
-57.21787088303225,0.12662698463264066,-0.5721787088303225,-5.683162060779806,-5.200315955062139
-57.21787088303225,0.1303372965096515,-0.5721787088303225,-6.0210873436578,-5.557107730113781
-57.21787088303225,0.13404760838666235,-0.5721787088303225,-6.368771245010167,-5.936916114758381
-57.21787088303225,0.13775792026367317,-0.5721787088303225,-6.726213764836904,-6.340258512089723
-57.21787088303225,0.14146823214068402,-0.5721787088303225,-7.093414903138015,-6.7670420510682465
-57.21787088303225,0.14517854401769487,-0.5721787088303225,-7.470374659913497,-7.216448254613688
-57.21787088303225,0.1488888558947057,-0.5721787088303225,-7.857093035163353,-7.686862308190601
-57.21787088303225,0.15259916777171653,-0.5721787088303225,-8.253570028887578,-8.17586796113422
-57.21787088303225,0.15630947964872738,-0.5721787088303225,-8.659805641086178,-8.680323068647235
-57.21787088303225,0.16001979152573823,-0.5721787088303225,-9.07579987175915,-9.19651946846447
-57.21787088303225,0.16373010340274907,-0.5721787088303225,-9.501552720906494,-9.720416092754228
-57.21787088303225,0.1674404152797599,-0.5721787088303225,-9.937064188528208,-10.247919538938733
-57.21787088303225,0.17115072715677074,-0.5721787088303225,-10.382334274624295,-10.775176086048885
-57.21787088303225,0.17486103903378158,-0.5721787088303225,-10.837362979194758,-11.298836716520468
-57.21787088303225,0.17857135091079243,-0.5721787088303225,-11.302150302239589,-11.816263022291606
-57.21787088303225,0.18228166278780325,-0.5721787088303225,-11.776696243758794,-12.325654991655572
-57.21787088303225,0.1859919746648141,-0.5721787088303225,-12.261000803752369,-12.826097621802997
-57.21787088303225,0.18970228654182494,-0.5721787088303225,-12.75506398222032,-13.31753776435254
-57.21787088303225,0.1934125984188358,-0.5721787088303225,-13.258885779162643,-13.8007124874125
-57.21787088303225,0.1971229102958466,-0.5721787088303225,-13.772466194579332,-14.27705438648925
-57.21787088303225,0.20083322217285746,-0.5721787088303225,-14.295805228470396,-14.74859828781534
-57.21787088303225,0.2045435340498683,-0.5721787088303225,-14.828902880835836,-15.217909144765843
-57.21787088303225,0.20825384592687915,-0.5721787088303225,-15.371759151675647,-15.688044073579725
-57.21787088303225,0.21196415780388997,-0.5721787088303225,-15.924374040989825,-16.16255314584332
-57.21787088303225,0.21567446968090082,-0.5721787088303225,-16.486747548778382,-16.645513521087175
-57.21787088303225,0.21938478155791166,-0.5721787088303225,-17.058879675041307,-17.141578708966755
-57.21787088303225,0.2230950934349225,-0.5721787088303225,-17.640770419778605,-17.65600792861658
-57.21787088303225,0.22680540531193333,-0.5721787088303225,-18.232419782990274,-18.19461950986357
-57.21787088303225,0.23051571718894417,-0.5721787088303225,-18.833827764676318,-18.763590344113798
-57.21787088303225,0.23422602906595502,-0.5721787088303225,-19.444994364836734,-19.369010711978998
-57.21787088303225,0.23793634094296587,-0.5721787088303225,-20.065919583471523,-20.016120363715146
-57.21787088303225,0.2416466528199767,-0.5721787088303225,-20.69660342058068,-20.7082248428536
-57.21787088303225,0.24535696469698753,-0.5721787088303225,-21.33704587616421,-21.44543948887922
-57.21787088303225,0.24906727657399838,-0.5721787088303225,-21.987246950222115,-22.223609025819854
-57.21787088303225,0.2527775884510092,-0.5721787088303225,-22.647206642754394,-23.033904428211365
-57.21787088303225,0.25648790032802005,-0.5721787088303225,-23.316924953761035,-23.863549303527115
-57.21787088303225,0.2601982122050309,-0.5721787088303225,-23.996401883242065,-24.69777381025573
-57.21787088303225,0.26390852408204174,-0.5721787088303225,-24.685637431197453,-25.5225392454109
-57.21787088303225,0.26761883595905256,-0.5721787088303225,-25.38463159762721,-26.327140105801508
-57.21787088303225,0.27132914783606343,-0.5721787088303225,-26.093384382531355,-27.105776444998988
-57.21787088303225,0.27503945971307425,-0.5721787088303225,-26.81189578590986,-27.857613033286675
-57.21787088303225,0.27874977159008507,-0.5721787088303225,-27.540165807762737,-28.585425173787804
-57.21787088303225,0.28246008346709595,-0.5721787088303225,-28.278194448089998,-29.29336708304221
-57.21787088303225,0.28617039534410676,-0.5721787088303225,-29.025981706891617,-29.98457238081836
-57.21787088303225,0.28988070722111764,-0.5721787088303225,-29.783527584167622,-30.659261824638687
-57.21787088303225,0.29359101909812846,-0.5721787088303225,-30.550832079917985,-31.313863752953026
-57.21787088303225,0.2973013309751393,-0.5721787088303225,-31.327895194142727,-31.94136617095701
-57.21787088303225,0.30101164285215015,-0.5721787088303225,-32.11471692684185,-32.53274126785664
-57.21787088303225,0.30472195472916097,-0.5721787088303225,-32.911297278015326,-33.07892813521009
-55.82999403156321,0.011607316445304631,-0.5582999403156321,-0.047379078123053225,0.03921106255469864
-55.82999403156321,0.015317628322315471,-0.5582999403156321,-0.08250989066058306,-0.02490700303555138
-55.82999403156321,0.01902794019932631,-0.5582999403156321,-0.12732289732196433,-0.09361926356741423
-55.82999403156321,0.02273825207633715,-0.5582999403156321,-0.18181809810719707,-0.16716188205577853
-55.82999403156321,0.02644856395334799,-0.5582999403156321,-0.24599549301628132,-0.24576678636931293
-55.82999403156321,0.03015887583035883,-0.5582999403156321,-0.319855082049217,-0.32965912966605115
-55.82999403156321,0.03386918770736967,-0.5582999403156321,-0.4033968652060042,-0.4190547898020929
-55.82999403156321,0.03757949958438051,-0.5582999403156321,-0.4966208424866428,-0.5141580657555327
-55.82999403156321,0.04128981146139135,-0.5582999403156321,-0.5995270138911329,-0.615159767466728
-55.82999403156321,0.04500012333840219,-0.5582999403156321,-0.7121153794194744,-0.7222359328459849
-55.82999403156321,0.04871043521541303,-0.5582999403156321,-0.8343859390716675,-0.835547438723119
-55.82999403156321,0.05242074709242387,-0.5582999403156321,-0.9663386928477119,-0.9552407971903365
-55.82999403156321,0.05613105896943471,-0.5582999403156321,-1.1079736407476077,-1.081450440597153
-55.82999403156321,0.05984137084644555,-0.5582999403156321,-1.259290782771355,-1.2143027926741812
-55.82999403156321,0.06355168272345639,-0.5582999403156321,-1.420290118918954,-1.3539223953697805
-55.82999403156321,0.06726199460046722,-0.5582999403156321,-1.590971649190404,-1.5004403070704873
-55.82999403156321,0.07097230647747807,-0.5582999403156321,-1.771335373585706,-1.6540049049922867
-55.82999403156321,0.0746826183544889,-0.5582999403156321,-1.961381292104859,-1.8147951108488205
-55.82999403156321,0.07839293023149975,-0.5582999403156321,-2.161109404747864,-1.9830359136031193
-55.82999403156321,0.08210324210851058,-0.5582999403156321,-2.37051971151472,-2.1590158859129174
-55.82999403156321,0.08581355398552143,-0.5582999403156321,-2.5896122124054277,-2.343106181283833
-55.82999403156321,0.08952386586253226,-0.5582999403156321,-2.8183869074199865,-2.535780255338492
-55.82999403156321,0.09323417773954311,-0.5582999403156321,-3.056843796558397,-2.7376332736500917
-55.82999403156321,0.09694448961655394,-0.5582999403156321,-3.3049828798206593,-2.949399845445277
-55.82999403156321,0.10065480149356479,-0.5582999403156321,-3.5628041572067723,-3.171968352770798
-55.82999403156321,0.10436511337057562,-0.5582999403156321,-3.8303076287167372,-3.406389729122009
-55.82999403156321,0.10807542524758647,-0.5582999403156321,-4.107493294350554,-3.653878094055119
-55.82999403156321,0.1117857371245973,-0.5582999403156321,-4.394361154108221,-3.915800210785039
-55.82999403156321,0.11549604900160815,-0.5582999403156321,-4.690911207989741,-4.193650384105699
-55.82999403156321,0.11920636087861898,-0.5582999403156321,-4.997143455995112,-4.489007297345326
-55.82999403156321,0.12291667275562983,-0.5582999403156321,-5.313057898124335,-4.8034696116158635
-55.82999403156321,0.12662698463264066,-0.5582999403156321,-5.638654534377408,-5.1385681956624225
-55.82999403156321,0.1303372965096515,-0.5582999403156321,-5.973933364754333,-5.49565492244761
-55.82999403156321,0.13404760838666235,-0.5582999403156321,-6.31889438925511,-5.875771293290993
-55.82999403156321,0.13775792026367317,-0.5582999403156321,-6.673537607879737,-6.279504743035982
-55.82999403156321,0.14146823214068402,-0.5582999403156321,-7.037863020628217,-6.70684593217568
-55.82999403156321,0.14517854401769487,-0.5582999403156321,-7.411870627500548,-7.1570656488485245
-55.82999403156321,0.1488888558947057,-0.5582999403156321,-7.7955604284967315,-7.628633528807251
-55.82999403156321,0.15259916777171653,-0.5582999403156321,-8.188932423616764,-8.119200741686363
-55.82999403156321,0.15630947964872738,-0.5582999403156321,-8.59198661286065,-8.625663505846317
-55.82999403156321,0.16001979152573823,-0.5582999403156321,-9.004722996228388,-9.144313409895748
-55.82999403156321,0.16373010340274907,-0.5582999403156321,-9.427141573719977,-9.671065586672167
-55.82999403156321,0.1674404152797599,-0.5582999403156321,-9.859242345335414,-10.201740305660769
-55.82999403156321,0.17115072715677074,-0.5582999403156321,-10.301025311074705,-10.732362012361301
-55.82999403156321,0.17486103903378158,-0.5582999403156321,-10.75249047093785,-11.259436018218395
-55.82999403156321,0.17857135091079243,-0.5582999403156321,-11.213637824924843,-11.780168335563939
-55.82999403156321,0.18228166278780325,-0.5582999403156321,-11.684467373035687,-12.292606932007466
-55.82999403156321,0.1859919746648141,-0.5582999403156321,-12.164979115270384,-12.79569901574186
-55.82999403156321,0.18970228654182494,-0.5582999403156321,-12.655173051628935,-13.289274308570581
-55.82999403156321,0.1934125984188358,-0.5582999403156321,-13.155049182111336,-13.773975162268371
-55.82999403156321,0.1971229102958466,-0.5582999403156321,-13.664607506717585,-14.25115937832842
-55.82999403156321,0.20083322217285746,-0.5582999403156321,-14.183848025447688,-14.722801139965988
-55.82999403156321,0.2045435340498683,-0.5582999403156321,-14.712770738301643,-15.191411058763281
-55.82999403156321,0.20825384592687915,-0.5582999403156321,-15.25137564527945,-15.659989552046817
-55.82999403156321,0.21196415780388997,-0.5582999403156321,-15.799662746381104,-16.13201951671982
-55.82999403156321,0.21567446968090082,-0.5582999403156321,-16.357632041606614,-16.611494484622774
-55.82999403156321,0.21938478155791166,-0.5582999403156321,-16.925283530955976,-17.10296617904747
-55.82999403156321,0.2230950934349225,-0.5582999403156321,-17.502617214429186,-17.61157933559887
-55.82999403156321,0.22680540531193333,-0.5582999403156321,-18.089633092026247,-18.14304132112795
-55.82999403156321,0.23051571718894417,-0.5582999403156321,-18.686331163747163,-18.70345198838279
-55.82999403156321,0.23422602906595502,-0.5582999403156321,-19.29271142959193,-19.2989041056018
-55.82999403156321,0.23793634094296587,-0.5582999403156321,-19.90877388956055,-19.93477481095019
-55.82999403156321,0.2416466528199767,-0.5582999403156321,-20.534518543653014,-20.614690437207116
-55.82999403156321,0.24535696469698753,-0.5582999403156321,-21.169945391869337,-21.339282581438066
-55.82999403156321,0.24906727657399838,-0.5582999403156321,-21.81505443420951,-22.1050488535471
-55.82999403156321,0.2527775884510092,-0.5582999403156321,-22.469845670673536,-22.90380261606714
-55.82999403156321,0.25648790032802005,-0.5582999403156321,-23.134319101261404,-23.723191433467647
-55.82999403156321,0.2601982122050309,-0.5582999403156321,-23.80847472597314,-24.54846326340468
-55.82999403156321,0.26390852408204174,-0.5582999403156321,-24.492312544808712,-25.365125086968177
-55.82999403156321,0.26761883595905256,-0.5582999403156321,-25.185832557768137,-26.161660970949796
-55.82999403156321,0.27132914783606343,-0.5582999403156321,-25.889034764851424,-26.931379667029677
-55.82999403156321,0.27503945971307425,-0.5582999403156321,-26.601919166058554,-27.672817101575916
-55.82999403156321,0.27874977159008507,-0.5582999403156321,-27.324485761389532,-28.388684581113143
-55.82999403156321,0.28246008346709595,-0.5582999403156321,-28.056734550844375,-29.083810382613855
-55.82999403156321,0.28617039534410676,-0.5582999403156321,-28.798665534423055,-29.762725515684654
-55.82999403156321,0.28988070722111764,-0.5582999403156321,-29.550278712125603,-30.427541676624152
-55.82999403156321,0.29359101909812846,-0.5582999403156321,-30.311574083951985,-31.076651782977518
-55.82999403156321,0.2973013309751393,-0.5582999403156321,-31.082551649902225,-31.70457532276974
-55.82999403156321,0.30101164285215015,-0.5582999403156321,-31.863211409976326,-32.302959797716426
-55.82999403156321,0.30472195472916097,-0.5582999403156321,-32.653553364174265,-32.862388526120874
-54.44211718009418,0.011607316445304631,-0.5444211718009417,-0.04700510139551535,0.07225158849495483
-54.44211718009418,0.015317628322315471,-0.5444211718009417,-0.08185861629811844,0.010162820203255096
-54.44211718009418,0.01902794019932631,-0.5444211718009417,-0.12631790097405227,-0.05646769970337395
-54.44211718009418,0.02273825207633715,-0.5444211718009417,-0.18038295542331684,-0.1278875553079568
-54.44211718009418,0.02644856395334799,-0.5444211718009417,-0.24405377964591218,-0.20434232829023347
-54.44211718009418,0.03015887583035883,-0.5444211718009417,-0.3173303736418383,-0.28607310507836115
-54.44211718009418,0.03386918770736967,-0.5444211718009417,-0.4002127374110952,-0.37331394757172376
-54.44211718009418,0.03757949958438051,-0.5444211718009417,-0.49270087095368276,-0.4662894676263696
-54.44211718009418,0.04128981146139135,-0.5444211718009417,-0.5947947742696011,-0.5652126847869046
-54.44211718009418,0.04500012333840219,-0.5444211718009417,-0.7064944473588503,-0.6702833866843323
-54.44211718009418,0.04871043521541303,-0.5444211718009417,-0.8277998902214301,-0.7816872490702691
-54.44211718009418,0.05242074709242387,-0.5444211718009417,-0.9587111028573407,-0.899596003763619
-54.44211718009418,0.05613105896943471,-0.5444211718009417,-1.0992280852665821,-1.02416896328249
-54.44211718009418,0.05984137084644555,-0.5444211718009417,-1.2493508374491542,-1.1555562156046835
-54.44211718009418,0.06355168272345639,-0.5444211718009417,-1.409079359405057,-1.2939037862357694
-54.44211718009418,0.06726199460046722,-0.5444211718009417,-1.5784136511342903,-1.4393610227899516
-54.44211718009418,0.07097230647747807,-0.5444211718009417,-1.7573537126368548,-1.5920903855829034
-54.44211718009418,0.0746826183544889,-0.5444211718009417,-1.9458995439127498,-1.752279723319359
-54.44211718009418,0.07839293023149975,-0.5444211718009417,-2.1440511449619755,-1.920156973959557
-54.44211718009418,0.08210324210851058,-0.5444211718009417,-2.351808515784532,-2.096007056233318
-54.44211718009418,0.08581355398552143,-0.5444211718009417,-2.5691716563804197,-2.2801905062425067
-54.44211718009418,0.08952386586253226,-0.5444211718009417,-2.7961405667496377,-2.4731631647823815
-54.44211718009418,0.09323417773954311,-0.5444211718009417,-3.0327152468921863,-2.6754959317808873
-54.44211718009418,0.09694448961655394,-0.5444211718009417,-3.278895696808066,-2.887893270673394
-54.44211718009418,0.10065480149356479,-0.5444211718009417,-3.5346819164972763,-3.1112087638504935
-54.44211718009418,0.10436511337057562,-0.5444211718009417,-3.800073905959817,-3.346455590958958
-54.44211718009418,0.10807542524758647,-0.5444211718009417,-4.07507166519569,-3.594809336976776
-54.44211718009418,0.1117857371245973,-0.5444211718009417,-4.3596751942048915,-3.857600072522125
-54.44211718009418,0.11549604900160815,-0.5444211718009417,-4.653884492987426,-4.136290260588273
-54.44211718009418,0.11920636087861898,-0.5444211718009417,-4.957699561543289,-4.432434865590076
-54.44211718009418,0.12291667275562983,-0.5444211718009417,-5.271120399872484,-4.747620278001749
-54.44211718009418,0.12662698463264066,-0.5444211718009417,-5.5941470079750095,-5.083379597220792
-54.44211718009418,0.1303372965096515,-0.5444211718009417,-5.926779385850866,-5.441083749364529
-54.44211718009418,0.13404760838666235,-0.5444211718009417,-6.269017533500054,-5.821811118414953
-54.44211718009418,0.13775792026367317,-0.5444211718009417,-6.62086145092257,-6.226202900844813
-54.44211718009418,0.14146823214068402,-0.5444211718009417,-6.98231113811842,-6.654316916610949
-54.44211718009418,0.14517854401769487,-0.5444211718009417,-7.353366595087599,-7.105498195712858
-54.44211718009418,0.1488888558947057,-0.5444211718009417,-7.73402782183011,-7.578288743288473
-54.44211718009418,0.15259916777171653,-0.5444211718009417,-8.124294818345948,-8.0703995028029
-54.44211718009418,0.15630947964872738,-0.5444211718009417,-8.524167584635121,-8.57876294413255
-54.44211718009418,0.16001979152573823,-0.5444211718009417,-8.933646120697624,-9.099674280084834
-54.44211718009418,0.16373010340274907,-0.5444211718009417,-9.352730426533459,-9.629014360669528
-54.44211718009418,0.1674404152797599,-0.5444211718009417,-9.78142050214262,-10.162531188294588
-54.44211718009418,0.17115072715677074,-0.5444211718009417,-10.219716347525114,-10.696144338284412
-54.44211718009418,0.17486103903378158,-0.5444211718009417,-10.667617962680941,-11.226231464295868
-54.44211718009418,0.17857135091079243,-0.5444211718009417,-11.125125347610096,-11.74986034950933
-54.44211718009418,0.18228166278780325,-0.5444211718009417,-11.592238502312583,-12.264942329254174
-54.44211718009418,0.1859919746648141,-0.5444211718009417,-12.0689574267884,-12.770299502270088
-54.44211718009418,0.18970228654182494,-0.5444211718009417,-12.55528212103755,-13.265654237840675
-54.44211718009418,0.1934125984188358,-0.5444211718009417,-13.05121258506003,-13.751561304591181
-54.44211718009418,0.1971229102958466,-0.5444211718009417,-13.556748818855837,-14.229308754204322
-54.44211718009418,0.20083322217285746,-0.5444211718009417,-14.071890822424978,-14.700813769267413
-54.44211718009418,0.2045435340498683,-0.5444211718009417,-14.59663859576745,-15.168535526386215
-54.44211718009418,0.20825384592687915,-0.5444211718009417,-15.130992138883254,-15.63542042133122
-54.44211718009418,0.21196415780388997,-0.5444211718009417,-15.674951451772383,-16.104886832502928
-54.44211718009418,0.21567446968090082,-0.5444211718009417,-16.22851653443485,-16.580847057910294
-54.44211718009418,0.21938478155791166,-0.5444211718009417,-16.791687386870645,-17.06775230705473
-54.44211718009418,0.2230950934349225,-0.5444211718009417,-17.364464009079768,-17.57063135502844
-54.44211718009418,0.22680540531193333,-0.5444211718009417,-17.94684640106222,-18.095073952833893
-54.44211718009418,0.23051571718894417,-0.5444211718009417,-18.53883456281801,-18.647088171587185
-54.44211718009418,0.23422602906595502,-0.5444211718009417,-19.140428494347127,-19.232744005023417
-54.44211718009418,0.23793634094296587,-0.5444211718009417,-19.751628195649577,-19.85752017566041
-54.44211718009418,0.2416466528199767,-0.5444211718009417,-20.372433666725353,-20.525322542493623
-54.44211718009418,0.24535696469698753,-0.5444211718009417,-21.002844907574463,-21.237264611833385
-54.44211718009418,0.24906727657399838,-0.5444211718009417,-21.642861918196903,-21.990488112616667
-54.44211718009418,0.2527775884510092,-0.5444211718009417,-22.29248469859268,-22.777483645673165
-54.44211718009418,0.25648790032802005,-0.5444211718009417,-22.951713248761777,-23.586406393950185
-54.44211718009418,0.2601982122050309,-0.5444211718009417,-23.620547568704218,-24.40263616225395
-54.44211718009418,0.26390852408204174,-0.5444211718009417,-24.298987658419975,-25.211328183671093
-54.44211718009418,0.26761883595905256,-0.5444211718009417,-24.98703351790906,-26.00019616320895
-54.44211718009418,0.27132914783606343,-0.5444211718009417,-25.684685147171496,-26.761595321681906
-54.44211718009418,0.27503945971307425,-0.5444211718009417,-26.39194254620725,-27.493254515706646
-54.44211718009418,0.27874977159008507,-0.5444211718009417,-27.10880571501633,-28.197544883838912
-54.44211718009418,0.28246008346709595,-0.5444211718009417,-27.835274653598756,-28.87964529871965
-54.44211718009418,0.28617039534410676,-0.5444211718009417,-28.571349361954496,-29.54519475256987
-54.44211718009418,0.28988070722111764,-0.5444211718009417,-29.317029840083585,-30.198040710495743
-54.44211718009418,0.29359101909812846,-0.5444211718009417,-30.072316087985985,-30.83860742245889
-54.44211718009418,0.2973013309751393,-0.5444211718009417,-30.837208105661723,-31.463263760918267
-54.44211718009418,0.30101164285215015,-0.5444211718009417,-31.611705893110802,-32.0648391454474
-54.44211718009418,0.30472195472916097,-0.5444211718009417,-32.395809450333196,-32.63411451654513
-53.05424032862514,0.011607316445304631,-0.5305424032862515,-0.046631124667977475,0.1024121694411706
-53.05424032862514,0.015317628322315471,-0.5305424032862515,-0.08120734193565382,0.042206480991707984
-53.05424032862514,0.01902794019932631,-0.5305424032862515,-0.1253129046261402,-0.022487299516827486
-53.05424032862514,0.02273825207633715,-0.5305424032862515,-0.17894781273943658,-0.09192676208665573
-53.05424032862514,0.02644856395334799,-0.5305424032862515,-0.24211206627554308,-0.16636963291204943
-53.05424032862514,0.03015887583035883,-0.5305424032862515,-0.3148056652344596,-0.24607136692247766
-53.05424032862514,0.03386918770736967,-0.5305424032862515,-0.3970286096161862,-0.3312826406982601
-53.05424032862514,0.03757949958438051,-0.5305424032862515,-0.4887808994207227,-0.4222468683416787
-53.05424032862514,0.04128981146139135,-0.5305424032862515,-0.5900625346480693,-0.5191979022379714
-53.05424032862514,0.04500012333840219,-0.5305424032862515,-0.7008735152982261,-0.622358122067405
-53.05424032862514,0.04871043521541303,-0.5305424032862515,-0.8212138413711928,-0.7319371562434216
-53.05424032862514,0.05242074709242387,-0.5305424032862515,-0.9510835128669695,-0.8481315165415961
-53.05424032862514,0.05613105896943471,-0.5305424032862515,-1.0904825297855563,-0.9711254545779491
-53.05424032862514,0.05984137084644555,-0.5305424032862515,-1.239410892126953,-1.1010933628411053
-53.05424032862514,0.06355168272345639,-0.5305424032862515,-1.39786859989116,-1.2382040376607195
-53.05424032862514,0.06726199460046722,-0.5305424032862515,-1.5658556530781764,-1.3826270913254006
-53.05424032862514,0.07097230647747807,-0.5305424032862515,-1.7433720516880036,-1.5345417405590918
-53.05424032862514,0.0746826183544889,-0.5305424032862515,-1.9304177957206403,-1.694148104618589
-53.05424032862514,0.07839293023149975,-0.5305424032862515,-2.1269928851760875,-1.8616810153731798
-53.05424032862514,0.08210324210851058,-0.5305424032862515,-2.3330973200543443,-2.037426171873368
-53.05424032862514,0.08581355398552143,-0.5305424032862515,-2.5487311003554116,-2.221738261718099
-53.05424032862514,0.08952386586253226,-0.5305424032862515,-2.7738942260792885,-2.415060419520296
-53.05424032862514,0.09323417773954311,-0.5305424032862515,-3.008586697225976,-2.6179440967209207
-53.05424032862514,0.09694448961655394,-0.5305424032862515,-3.2528085137954728,-2.8310680737388068
-53.05424032862514,0.10065480149356479,-0.5305424032862515,-3.50655967578778,-3.0552549519603334
-53.05424032862514,0.10436511337057562,-0.5305424032862515,-3.769840183202897,-3.2914830199702596
-53.05424032862514,0.10807542524758647,-0.5305424032862515,-4.042650036040825,-3.5408909068509082
-53.05424032862514,0.1117857371245973,-0.5305424032862515,-4.324989234301562,-3.804771948411714
-53.05424032862514,0.11549604900160815,-0.5305424032862515,-4.61685777798511,-4.084554770795033
-53.05424032862514,0.11920636087861898,-0.5305424032862515,-4.918255667091467,-4.3817663674177005
-53.05424032862514,0.12291667275562983,-0.5305424032862515,-5.229182901620635,-4.6979741092262435
-53.05424032862514,0.12662698463264066,-0.5305424032862515,-5.549639481572612,-5.034703958594853
-53.05424032862514,0.1303372965096515,-0.5305424032862515,-5.879625406947399,-5.393333973285446
-53.05424032862514,0.13404760838666235,-0.5305424032862515,-6.219140677744997,-5.77496527368935
-53.05424032862514,0.13775792026367317,-0.5305424032862515,-6.568185293965404,-6.1802771084525885
-53.05424032862514,0.14146823214068402,-0.5305424032862515,-6.926759255608622,-6.609378211470281
-53.05424032862514,0.14517854401769487,-0.5305424032862515,-7.294862562674649,-7.061672432822348
-53.05424032862514,0.1488888558947057,-0.5305424032862515,-7.6724952151634875,-7.535761117723452
-53.05424032862514,0.15259916777171653,-0.5305424032862515,-8.059657213075134,-8.029405906011915
-53.05424032862514,0.15630947964872738,-0.5305424032862515,-8.456348556409592,-8.539571661390973
-53.05424032862514,0.16001979152573823,-0.5305424032862515,-8.862569245166862,-9.062559280098425
-53.05424032862514,0.16373010340274907,-0.5305424032862515,-9.27831927934694,-9.59422324122506
-53.05424032862514,0.1674404152797599,-0.5305424032862515,-9.703598658949824,-10.130252189187997
-53.05424032862514,0.17115072715677074,-0.5305424032862515,-10.138407383975522,-10.666477243498921
-53.05424032862514,0.17486103903378158,-0.5305424032862515,-10.582745454424034,-11.19916649098543
-53.05424032862514,0.17857135091079243,-0.5305424032862515,-11.03661287029535,-11.725267442804704
-53.05424032862514,0.18228166278780325,-0.5305424032862515,-11.500009631589478,-12.24257114264615
-53.05424032862514,0.1859919746648141,-0.5305424032862515,-11.972935738306415,-12.74978834048568
-53.05424032862514,0.18970228654182494,-0.5305424032862515,-12.455391190446164,-13.246544839973824
-53.05424032862514,0.1934125984188358,-0.5305424032862515,-12.947375988008725,-13.733315747298274
-53.05424032862514,0.1971229102958466,-0.5305424032862515,-13.44889013099409,-14.2113248877002
-53.05424032862514,0.20083322217285746,-0.5305424032862515,-13.959933619402268,-14.682436233038349
-53.05424032862514,0.2045435340498683,-0.5305424032862515,-14.480506453233257,-15.149060278403383
-53.05424032862514,0.20825384592687915,-0.5305424032862515,-15.010608632487058,-15.61409169694517
-53.05424032862514,0.21196415780388997,-0.5305424032862515,-15.550240157163662,-16.080886517600806
-53.05424032862514,0.21567446968090082,-0.5305424032862515,-16.09940102726308,-16.553277760201077
-53.05424032862514,0.21938478155791166,-0.5305424032862515,-16.65809124278531,-17.03561720385575
-53.05424032862514,0.2230950934349225,-0.5305424032862515,-17.22631080373035,-17.532816477727565
-53.05424032862514,0.22680540531193333,-0.5305424032862515,-17.804059710098194,-18.050342055248343
-53.05424032862514,0.23051571718894417,-0.5305424032862515,-18.391337961888855,-18.594097273044305
-53.05424032862514,0.23422602906595502,-0.5305424032862515,-18.988145559102325,-19.170106470915126
-53.05424032862514,0.23793634094296587,-0.5305424032862515,-19.594482501738604,-19.783916388412113
-53.05424032862514,0.2416466528199767,-0.5305424032862515,-20.21034878979769,-20.439671863079692
-53.05424032862514,0.24535696469698753,-0.5305424032862515,-20.83574442327959,-21.138931480043333
-53.05424032862514,0.24906727657399838,-0.5305424032862515,-21.4706694021843,-21.879465706525338
-53.05424032862514,0.2527775884510092,-0.5305424032862515,-22.115123726511822,-22.654467819333956
-53.05424032862514,0.25648790032802005,-0.5305424032862515,-22.769107396262147,-23.452676571447054
-53.05424032862514,0.2601982122050309,-0.5305424032862515,-23.43262041143529,-24.259718214280444
-53.05424032862514,0.26390852408204174,-0.5305424032862515,-24.105662772031234,-25.060513067329662
-53.05424032862514,0.26761883595905256,-0.5305424032862515,-24.788234478049986,-25.84207369727427
-53.05424032862514,0.27132914783606343,-0.5305424032862515,-25.480335529491565,-26.595779476240484
-53.05424032862514,0.27503945971307425,-0.5305424032862515,-26.181965926355943,-27.318416046859394
-53.05424032862514,0.27874977159008507,-0.5305424032862515,-26.893125668643126,-28.011770170544864
-53.05424032862514,0.28246008346709595,-0.5305424032862515,-27.613814756353133,-28.681054033893915
-53.05424032862514,0.28617039534410676,-0.5305424032862515,-28.344033189485938,-29.33268937994335
-53.05424032862514,0.28988070722111764,-0.5305424032862515,-29.083780968041562,-29.972018055281904
-53.05424032862514,0.29359101909812846,-0.5305424032862515,-29.833058092019986,-30.601437208139323
-53.05424032862514,0.2973013309751393,-0.5305424032862515,-30.591864561421225,-31.219355733946625
-53.05424032862514,0.30101164285215015,-0.5305424032862515,-31.36020037624528,-31.820212862585883
-53.05424032862514,0.30472195472916097,-0.5305424032862515,-32.138065536492135,-32.395547143809644
-51.66636347715611,0.011607316445304631,-0.5166636347715611,-0.04625714794043959,0.12984110328315657
-51.66636347715611,0.015317628322315471,-0.5166636347715611,-0.0805560675731892,0.07137199193809818
-51.66636347715611,0.01902794019932631,-0.5166636347715611,-0.1243079082782281,0.008468237564527747
-51.66636347715611,0.02273825207633715,-0.5166636347715611,-0.17751267005555632,-0.059136496834711894
-51.66636347715611,0.02644856395334799,-0.5166636347715611,-0.2401703529051739,-0.131710710976513
-51.66636347715611,0.03015887583035883,-0.5166636347715611,-0.3122809568270808,-0.20952277441547373
-51.66636347715611,0.03386918770736967,-0.5166636347715611,-0.3938444818212771,-0.29283848212933794
-51.66636347715611,0.03757949958438051,-0.5166636347715611,-0.48486092788776264,-0.38191856424816595
-51.66636347715611,0.04128981146139135,-0.5166636347715611,-0.5853302950265376,-0.4770162943187921
-51.66636347715611,0.04500012333840219,-0.5166636347715611,-0.6952525832376018,-0.5783753824877895
-51.66636347715611,0.04871043521541303,-0.5166636347715611,-0.8146277925209553,-0.6862283829300042
-51.66636347715611,0.05242074709242387,-0.5166636347715611,-0.9434559228765982,-0.8007958854465114
-51.66636347715611,0.05613105896943471,-0.5166636347715611,-1.0817369743045302,-0.9222867951264611
-51.66636347715611,0.05984137084644555,-0.5166636347715611,-1.2294709468047518,-1.050900026165559
-51.66636347715611,0.06355168272345639,-0.5166636347715611,-1.3866578403772627,-1.186827940594905
-51.66636347715611,0.06726199460046722,-0.5166636347715611,-1.5532976550220623,-1.3302618437816258
-51.66636347715611,0.07097230647747807,-0.5166636347715611,-1.7293903907391521,-1.4813998003073419
-51.66636347715611,0.0746826183544889,-0.5166636347715611,-1.9149360475285306,-1.6404569510536056
-51.66636347715611,0.07839293023149975,-0.5166636347715611,-2.1099346253901987,-1.8076783908547094
-51.66636347715611,0.08210324210851058,-0.5166636347715611,-2.314386124324156,-1.9833545028298996
-51.66636347715611,0.08581355398552143,-0.5166636347715611,-2.528290544330403,-2.167838438256955
-51.66636347715611,0.08952386586253226,-0.5166636347715611,-2.7516478854089392,-2.3615651777256073
-51.66636347715611,0.09323417773954311,-0.5166636347715611,-2.9844581475597645,-2.565071308187516
-51.66636347715611,0.09694448961655394,-0.5166636347715611,-3.2267213307828793,-2.779014298768513
-51.66636347715611,0.10065480149356479,-0.5166636347715611,-3.478437435078283,-3.004189653548212
-51.66636347715611,0.10436511337057562,-0.5166636347715611,-3.7396064604459767,-3.2415438630027165
-51.66636347715611,0.10807542524758647,-0.5166636347715611,-4.01022840688596,-3.492180578206682
-51.66636347715611,0.1117857371245973,-0.5166636347715611,-4.290303274398231,-3.7573569244467357
-51.66636347715611,0.11549604900160815,-0.5166636347715611,-4.579831062982793,-4.038466420905015
-51.66636347715611,0.11920636087861898,-0.5166636347715611,-4.878811772639644,-4.33700470266807
-51.66636347715611,0.12291667275562983,-0.5166636347715611,-5.187245403368784,-4.654514344488352
-51.66636347715611,0.12662698463264066,-0.5166636347715611,-5.505131955170213,-4.992505833118698
-51.66636347715611,0.1303372965096515,-0.5166636347715611,-5.832471428043931,-5.3523534497511305
-51.66636347715611,0.13404760838666235,-0.5166636347715611,-6.16926382198994,-5.735167807251757
-51.66636347715611,0.13775792026367317,-0.5166636347715611,-6.515509137008236,-6.141651176159986
-51.66636347715611,0.14146823214068402,-0.5166636347715611,-6.871207373098823,-6.571947299860617
-51.66636347715611,0.14517854401769487,-0.5166636347715611,-7.236358530261699,-7.025503335109287
-51.66636347715611,0.1488888558947057,-0.5166636347715611,-7.610962608496865,-7.500966367972326
-51.66636347715611,0.15259916777171653,-0.5166636347715611,-7.995019607804318,-7.9961386385349895
-51.66636347715611,0.15630947964872738,-0.5166636347715611,-8.388529528184062,-8.508012196429423
-51.66636347715611,0.16001979152573823,-0.5166636347715611,-8.791492369636096,-9.0328941929686
-51.66636347715611,0.16373010340274907,-0.5166636347715611,-9.20390813216042,-9.566619257823373
-51.66636347715611,0.1674404152797599,-0.5166636347715611,-9.625776815757028,-10.104828514079541
-51.66636347715611,0.17115072715677074,-0.5166636347715611,-10.05709842042593,-10.643280438107565
-51.66636347715611,0.17486103903378158,-0.5166636347715611,-10.497872946167123,-11.178151559381307
-51.66636347715611,0.17857135091079243,-0.5166636347715611,-10.948100392980603,-11.70628745472225
-51.66636347715611,0.18228166278780325,-0.5166636347715611,-11.407780760866371,-12.22537591905881
-51.66636347715611,0.1859919746648141,-0.5166636347715611,-11.876914049824428,-12.734030958609974
-51.66636347715611,0.18970228654182494,-0.5166636347715611,-12.355500259854779,-13.231793409929447
-51.66636347715611,0.1934125984188358,-0.5166636347715611,-12.843539390957417,-13.719067279038525
-51.66636347715611,0.1971229102958466,-0.5166636347715611,-13.34103144313234,-14.197018075336855
-51.66636347715611,0.20083322217285746,-0.5166636347715611,-13.847976416379556,-14.667460453284464
-51.66636347715611,0.2045435340498683,-0.5166636347715611,-14.364374310699063,-15.132758818547192
-51.66636347715611,0.20825384592687915,-0.5166636347715611,-14.890225126090858,-15.595758054581884
-51.66636347715611,0.21196415780388997,-0.5166636347715611,-15.42552886255494,-16.059753537068016
-51.66636347715611,0.21567446968090082,-0.5166636347715611,-15.970285520091313,-16.528500520650876
-51.66636347715611,0.21938478155791166,-0.5166636347715611,-16.524495098699976,-17.00625220423228
-51.66636347715611,0.2230950934349225,-0.5166636347715611,-17.088157598380928,-17.497802077762955
-51.66636347715611,0.22680540531193333,-0.5166636347715611,-17.661273019134164,-18.008488511652924
-51.66636347715611,0.23051571718894417,-0.5166636347715611,-18.2438413609597,-18.544098767617164
-51.66636347715611,0.23422602906595502,-0.5166636347715611,-18.83586262385752,-19.110590916986965
-51.66636347715611,0.23793634094296587,-0.5166636347715611,-19.43733680782763,-19.71354845820897
-51.66636347715611,0.2416466528199767,-0.5166636347715611,-20.048263912870024,-20.357315761793046
-51.66636347715611,0.24535696469698753,-0.5166636347715611,-20.66864393898471,-21.043857857590957
-51.66636347715611,0.24906727657399838,-0.5166636347715611,-21.29847688617169,-21.771552583979457
-51.66636347715611,0.2527775884510092,-0.5166636347715611,-21.93776275443096,-22.534311785423984
-51.66636347715611,0.25648790032802005,-0.5166636347715611,-22.586501543762513,-23.3215243366239
-51.66636347715611,0.2601982122050309,-0.5166636347715611,-23.244693254166364,-24.119174521980188
-51.66636347715611,0.26390852408204174,-0.5166636347715611,-23.912337885642494,-24.912073985447744
-51.66636347715611,0.26761883595905256,-0.5166636347715611,-24.58943543819091,-25.686627732136202
-51.66636347715611,0.27132914783606343,-0.5166636347715611,-25.27598591181163,-26.433253876438243
-51.66636347715611,0.27503945971307425,-0.5166636347715611,-25.971989306504632,-27.147701583964956
-51.66636347715611,0.27874977159008507,-0.5166636347715611,-26.677445622269918,-27.83096797902912
-51.66636347715611,0.28246008346709595,-0.5166636347715611,-27.392354859107506,-28.4880027757494
-51.66636347715611,0.28617039534410676,-0.5166636347715611,-28.116717017017372,-29.125672662724384
-51.66636347715611,0.28988070722111764,-0.5166636347715611,-28.85053209599954,-29.750511426220978
-51.66636347715611,0.29359101909812846,-0.5166636347715611,-29.593800096053982,-30.366720214177494
-51.66636347715611,0.2973013309751393,-0.5166636347715611,-30.346521017180716,-30.97480234819872
-51.66636347715611,0.30101164285215015,-0.5166636347715611,-31.108694859379753,-31.571119628594232
-51.66636347715611,0.30472195472916097,-0.5166636347715611,-31.880321622651064,-32.148483505981154
-50.27848662568707,0.011607316445304631,-0.5027848662568707,-0.04588317121290172,0.15467926627836315
-50.27848662568707,0.015317628322315471,-0.5027848662568707,-0.07990479321072458,0.09780089880116138
-50.27848662568707,0.01902794019932631,-0.5027848662568707,-0.12330291193031603,0.03653988279675313
-50.27848662568707,0.02273825207633715,-0.5027848662568707,-0.1760775273716761,-0.029377764609082258
-50.27848662568707,0.02644856395334799,-0.5027848662568707,-0.2382286395348048,-0.10023009248901138
-50.27848662568707,0.03015887583035883,-0.5027848662568707,-0.3097562484197021,-0.1762970587042012
-50.27848662568707,0.03386918770736967,-0.5027848662568707,-0.3906603540263681,-0.2578581792420491
-50.27848662568707,0.03757949958438051,-0.5027848662568707,-0.4809409563548026,-0.34519007409377345
-50.27848662568707,0.04128981146139135,-0.5027848662568707,-0.5805980554050058,-0.43856403701416946
-50.27848662568707,0.04500012333840219,-0.5027848662568707,-0.6896316511769776,-0.5382437983074437
-50.27848662568707,0.04871043521541303,-0.5027848662568707,-0.8080417436707179,-0.6444836938802003
-50.27848662568707,0.05242074709242387,-0.5027848662568707,-0.9358283328862269,-0.7575274972413544
-50.27848662568707,0.05613105896943471,-0.5027848662568707,-1.0729914188235046,-0.8776082098974445
-50.27848662568707,0.05984137084644555,-0.5027848662568707,-1.2195310014825507,-1.004949134662897
-50.27848662568707,0.06355168272345639,-0.5027848662568707,-1.3754470808633656,-1.1397665699141808
-50.27848662568707,0.06726199460046722,-0.5027848662568707,-1.5407396569659486,-1.2822744543784304
-50.27848662568707,0.07097230647747807,-0.5027848662568707,-1.715408729790301,-1.432691255185734
-50.27848662568707,0.0746826183544889,-0.5027848662568707,-1.8994542993364214,-1.591249320538808
-50.27848662568707,0.07839293023149975,-0.5027848662568707,-2.092876365604311,-1.7582068071809958
-50.27848662568707,0.08210324210851058,-0.5027848662568707,-2.2956749285939684,-1.9338621376401557
-50.27848662568707,0.08581355398552143,-0.5027848662568707,-2.507849988305395,-2.118570739775502
-50.27848662568707,0.08952386586253226,-0.5027848662568707,-2.72940154473859,-2.312763568930743
-50.27848662568707,0.09323417773954311,-0.5027848662568707,-2.960329597893554,-2.516966608687384
-50.27848662568707,0.09694448961655394,-0.5027848662568707,-3.200634147770286,-2.7318201874831165
-50.27848662568707,0.10065480149356479,-0.5027848662568707,-3.450315194368787,-2.9580965335548655
-50.27848662568707,0.10436511337057562,-0.5027848662568707,-3.7093727376890566,-3.1967135214570765
-50.27848662568707,0.10807542524758647,-0.5027848662568707,-3.9778067777310953,-3.4487420506427044
-50.27848662568707,0.1117857371245973,-0.5027848662568707,-4.255617314494901,-3.715403970529483
-50.27848662568707,0.11549604900160815,-0.5027848662568707,-4.542804347980477,-3.998056991885666
-50.27848662568707,0.11920636087861898,-0.5027848662568707,-4.83936787818782,-4.298162719339034
-50.27848662568707,0.12291667275562983,-0.5027848662568707,-5.145307905116934,-4.617233993536405
-50.27848662568707,0.12662698463264066,-0.5027848662568707,-5.460624428767815,-4.956758411141276
-50.27848662568707,0.1303372965096515,-0.5027848662568707,-5.785317449140464,-5.318096520991297
-50.27848662568707,0.13404760838666235,-0.5027848662568707,-6.119386966234884,-5.702356087584416
-50.27848662568707,0.13775792026367317,-0.5027848662568707,-6.462832980051069,-6.110248131514187
-50.27848662568707,0.14146823214068402,-0.5027848662568707,-6.815655490589026,-6.541936011876582
-50.27848662568707,0.14517854401769487,-0.5027848662568707,-7.17785449784875,-6.996894848549777
-50.27848662568707,0.1488888558947057,-0.5027848662568707,-7.549430001830244,-7.473803639239176
-50.27848662568707,0.15259916777171653,-0.5027848662568707,-7.930382002533503,-7.9704944974501295
-50.27848662568707,0.15630947964872738,-0.5027848662568707,-8.320710499958533,-8.483980491860528
-50.27848662568707,0.16001979152573823,-0.5027848662568707,-8.720415494105334,-9.010574456048163
-50.27848662568707,0.16373010340274907,-0.5027848662568707,-9.129496984973901,-9.546096549853331
-50.27848662568707,0.1674404152797599,-0.5027848662568707,-9.547954972564234,-10.086151262725672
-50.27848662568707,0.17115072715677074,-0.5027848662568707,-9.97578945687634,-10.626439630186537
-50.27848662568707,0.17486103903378158,-0.5027848662568707,-10.413000437910215,-11.163064428080832
-50.27848662568707,0.17857135091079243,-0.5027848662568707,-10.859587915665855,-11.692787811408257
-50.27848662568707,0.18228166278780325,-0.5027848662568707,-11.315551890143265,-12.213211826033326
-50.27848662568707,0.1859919746648141,-0.5027848662568707,-11.780892361342444,-12.72286893820483
-50.27848662568707,0.18970228654182494,-0.5027848662568707,-12.255609329263393,-13.221227212311861
-50.27848662568707,0.1934125984188358,-0.5027848662568707,-12.739702793906112,-13.708628591312092
-50.27848662568707,0.1971229102958466,-0.5027848662568707,-13.233172755270592,-14.186186454848176
-50.27848662568707,0.20083322217285746,-0.5027848662568707,-13.736019213356846,-14.655670076917081
-50.27848662568707,0.2045435340498683,-0.5027848662568707,-14.24824216816487,-15.119400186701464
-50.27848662568707,0.20825384592687915,-0.5027848662568707,-14.769841619694661,-15.580173454631845
-50.27848662568707,0.21196415780388997,-0.5027848662568707,-15.300817567946218,-16.041225845957143
-50.27848662568707,0.21567446968090082,-0.5027848662568707,-15.841170012919546,-16.50623592945605
-50.27848662568707,0.21938478155791166,-0.5027848662568707,-16.390898954614645,-16.97935891838164
-50.27848662568707,0.2230950934349225,-0.5027848662568707,-16.95000439303151,-17.465269290970298
-50.27848662568707,0.22680540531193333,-0.5027848662568707,-17.51848632817014,-17.969173199989612
-50.27848662568707,0.23051571718894417,-0.5027848662568707,-18.096344760030544,-18.49673194737842
-50.27848662568707,0.23422602906595502,-0.5027848662568707,-18.683579688612717,-19.05381886672306
-50.27848662568707,0.23793634094296587,-0.5027848662568707,-19.280191113916658,-19.646025304375012
-50.27848662568707,0.2416466528199767,-0.5027848662568707,-19.886179035942362,-20.277857149184072
-50.27848662568707,0.24535696469698753,-0.5027848662568707,-20.501543454689838,-20.951646087616776
-50.27848662568707,0.24906727657399838,-0.5027848662568707,-21.126284370159087,-21.666350697775005
-50.27848662568707,0.2527775884510092,-0.5027848662568707,-21.760401782350105,-22.41660790908225
-50.27848662568707,0.25648790032802005,-0.5027848662568707,-22.403895691262882,-23.19251268425487
-50.27848662568707,0.2601982122050309,-0.5027848662568707,-23.05676609689744,-23.98051289068058
-50.27848662568707,0.26390852408204174,-0.5027848662568707,-23.719012999253753,-24.76544259439897
-50.27848662568707,0.26761883595905256,-0.5027848662568707,-24.390636398331836,-25.53321220226836
-50.27848662568707,0.27132914783606343,-0.5027848662568707,-25.0716362941317,-26.27332615006827
-50.27848662568707,0.27503945971307425,-0.5027848662568707,-25.762012686653325,-26.98044552679006
-50.27848662568707,0.27874977159008507,-0.5027848662568707,-26.461765575896713,-27.654615120809126
-50.27848662568707,0.28246008346709595,-0.5027848662568707,-27.170894961861887,-28.300258906907203
-50.27848662568707,0.28617039534410676,-0.5027848662568707,-27.88940084454881,-28.924358130619012
-50.27848662568707,0.28988070722111764,-0.5027848662568707,-28.617283223957518,-29.534301363476924
-50.27848662568707,0.29359101909812846,-0.5027848662568707,-29.354542100087983,-30.135837629303943
-50.27848662568707,0.2973013309751393,-0.5027848662568707,-30.10117747294022,-30.731488547628587
-50.27848662568707,0.30101164285215015,-0.5027848662568707,-30.857189342514232,-31.319713486892237
-50.27848662568707,0.30472195472916097,-0.5027848662568707,-31.62257770881,-31.89501979728117
-48.89060977421804,0.011607316445304631,-0.4889060977421804,-0.045509194485363835,0.17705909164312006
-48.89060977421804,0.015317628322315471,-0.4889060977421804,-0.07925351884825996,0.12162702506120637
-48.89060977421804,0.01902794019932631,-0.4889060977421804,-0.12229791558240395,0.061861776483211894
-48.89060977421804,0.02273825207633715,-0.4889060977421804,-0.17464238468779586,-0.0025173360795729405
-48.89060977421804,0.02644856395334799,-0.4889060977421804,-0.2362869261644357,-0.07179683579517104
-48.89060977421804,0.03015887583035883,-0.4889060977421804,-0.3072315400123234,-0.1462670788922915
-48.89060977421804,0.03386918770736967,-0.4889060977421804,-0.3874762262314591,-0.2262200205501308
-48.89060977421804,0.03757949958438051,-0.4889060977421804,-0.4770209848218426,-0.31194682992883194
-48.89060977421804,0.04128981146139135,-0.4889060977421804,-0.5758658157834741,-0.40373546547798744
-48.89060977421804,0.04500012333840219,-0.4889060977421804,-0.6840107191163534,-0.5018683626813765
-48.89060977421804,0.04871043521541303,-0.4889060977421804,-0.8014556948204806,-0.6066204308314114
-48.89060977421804,0.05242074709242387,-0.4889060977421804,-0.9282007428958557,-0.7182576006828791
-48.89060977421804,0.05613105896943471,-0.4889060977421804,-1.0642458633424787,-0.8370362072138573
-48.89060977421804,0.05984137084644555,-0.4889060977421804,-1.2095910561603496,-0.9632035263991512
-48.89060977421804,0.06355168272345639,-0.4889060977421804,-1.3642363213494686,-1.096999806037858
-48.89060977421804,0.06726199460046722,-0.4889060977421804,-1.528181658909835,-1.2386621316667856
-48.89060977421804,0.07097230647747807,-0.4889060977421804,-1.7014270688414497,-1.3884304424541325
-48.89060977421804,0.0746826183544889,-0.4889060977421804,-1.883972551144312,-1.5465559518209222
-48.89060977421804,0.07839293023149975,-0.4889060977421804,-2.0758181058184224,-1.7133121270748117
-48.89060977421804,0.08210324210851058,-0.4889060977421804,-2.2769637328637806,-1.8890082361899219
-48.89060977421804,0.08581355398552143,-0.4889060977421804,-2.487409432280387,-2.074005273725022
-48.89060977421804,0.08952386586253226,-0.4889060977421804,-2.707155204068241,-2.2687338283698537
-48.89060977421804,0.09323417773954311,-0.4889060977421804,-2.936201048227343,-2.4737131489953113
-48.89060977421804,0.09694448961655394,-0.4889060977421804,-3.174546964757693,-2.6895703020709996
-48.89060977421804,0.10065480149356479,-0.4889060977421804,-3.4221929536592905,-2.917057889718627
-48.89060977421804,0.10436511337057562,-0.4889060977421804,-3.6791390149321366,-3.157068316824983
-48.89060977421804,0.10807542524758647,-0.4889060977421804,-3.9453851485762303,-3.4106420688308425
-48.89060977421804,0.1117857371245973,-0.4889060977421804,-4.220931354591571,-3.6789669190011205
-48.89060977421804,0.11549604900160815,-0.4889060977421804,-4.505777632978162,-3.9633644884436023
-48.89060977421804,0.11920636087861898,-0.4889060977421804,-4.799923983735998,-4.2652602490666
-48.89060977421804,0.12291667275562983,-0.4889060977421804,-5.103370406865084,-4.5861330743809985
-48.89060977421804,0.12662698463264066,-0.4889060977421804,-5.416116902365417,-4.927441069332638
-48.89060977421804,0.1303372965096515,-0.4889060977421804,-5.738163470236998,-5.290521972483241
-48.89060977421804,0.13404760838666235,-0.4889060977421804,-6.069510110479827,-5.676469240858719
-48.89060977421804,0.13775792026367317,-0.4889060977421804,-6.410156823093903,-6.085989180360672
-48.89060977421804,0.14146823214068402,-0.4889060977421804,-6.760103608079228,-6.519250014791308
-48.89060977421804,0.14517854401769487,-0.4889060977421804,-7.119350465435801,-6.975739874247489
-48.89060977421804,0.1488888558947057,-0.4889060977421804,-7.487897395163622,-7.454155910515322
-48.89060977421804,0.15259916777171653,-0.4889060977421804,-7.865744397262689,-7.952349111523187
-48.89060977421804,0.15630947964872738,-0.4889060977421804,-8.252891471733006,-8.467346815380578
-48.89060977421804,0.16001979152573823,-0.4889060977421804,-8.649338618574571,-8.995466166175516
-48.89060977421804,0.16373010340274907,-0.4889060977421804,-9.055085837787383,-9.532517358702485
-48.89060977421804,0.1674404152797599,-0.4889060977421804,-9.47013312937144,-10.074078340730338
-48.89060977421804,0.17115072715677074,-0.4889060977421804,-9.89448049332675,-10.61580732356536
-48.89060977421804,0.17486103903378158,-0.4889060977421804,-10.328127929653306,-11.15375083259009
-48.89060977421804,0.17857135091079243,-0.4889060977421804,-10.77107543835111,-11.684606102613344
-48.89060977421804,0.18228166278780325,-0.4889060977421804,-11.22332301942016,-12.205907149916298
-48.89060977421804,0.1859919746648141,-0.4889060977421804,-11.684870672860459,-12.716120455528984
-48.89060977421804,0.18970228654182494,-0.4889060977421804,-12.15571839867201,-13.214653877900496
-48.89060977421804,0.1934125984188358,-0.4889060977421804,-12.635866196854806,-13.701796628559544
-48.89060977421804,0.1971229102958466,-0.4889060977421804,-13.125314067408846,-14.178616293445872
-48.89060977421804,0.20083322217285746,-0.4889060977421804,-13.624062010334136,-14.64684067549694
-48.89060977421804,0.2045435340498683,-0.4889060977421804,-14.132110025630677,-15.108749036311503
-48.89060977421804,0.20825384592687915,-0.4889060977421804,-14.649458113298465,-15.567091061635328
-48.89060977421804,0.21196415780388997,-0.4889060977421804,-15.176106273337497,-16.025044119492765
-48.89060977421804,0.21567446968090082,-0.4889060977421804,-15.712054505747782,-16.48621075850871
-48.89060977421804,0.21938478155791166,-0.4889060977421804,-16.257302810529314,-16.954648540935484
-48.89060977421804,0.2230950934349225,-0.4889060977421804,-16.81185118768209,-17.434912134371512
-48.89060977421804,0.22680540531193333,-0.4889060977421804,-17.375699637206115,-17.932071971061713
-48.89060977421804,0.23051571718894417,-0.4889060977421804,-17.948848159101388,-18.451654827179638
-48.89060977421804,0.23422602906595502,-0.4889060977421804,-18.53129675336791,-18.999432856094383
-48.89060977421804,0.23793634094296587,-0.4889060977421804,-19.123045420005685,-19.58097869639584
-48.89060977421804,0.2416466528199767,-0.4889060977421804,-19.724094159014697,-20.200923443217768
-48.89060977421804,0.24535696469698753,-0.4889060977421804,-20.334442970394967,-20.861925102310874
-48.89060977421804,0.24906727657399838,-0.4889060977421804,-20.95409185414648,-21.56349186988047
-48.89060977421804,0.2527775884510092,-0.4889060977421804,-21.583040810269246,-22.300983317212093
-48.89060977421804,0.25648790032802005,-0.4889060977421804,-22.22128983876325,-23.065245142702555
-48.89060977421804,0.2601982122050309,-0.4889060977421804,-22.868838939628514,-23.843285829625437
-48.89060977421804,0.26390852408204174,-0.4889060977421804,-23.525688112865016,-24.62009368877335
-48.89060977421804,0.26761883595905256,-0.4889060977421804,-24.191837358472764,-25.381211962768475
-48.89060977421804,0.27132914783606343,-0.4889060977421804,-24.867286676451773,-26.115307532077725
-48.89060977421804,0.27503945971307425,-0.4889060977421804,-25.55203606680202,-26.81594084061605
-48.89060977421804,0.27874977159008507,-0.4889060977421804,-26.246085529523512,-27.482085095123423
-48.89060977421804,0.28246008346709595,-0.4889060977421804,-26.949435064616264,-28.117414698994548
-48.89060977421804,0.28617039534410676,-0.4889060977421804,-27.66208467208025,-28.728718063164166
-48.89060977421804,0.28988070722111764,-0.4889060977421804,-28.3840343519155,-29.323891178685276
-48.89060977421804,0.29359101909812846,-0.4889060977421804,-29.115284104121983,-29.90991534917349
-48.89060977421804,0.2973013309751393,-0.4889060977421804,-29.855833928699717,-30.491142032546076
-48.89060977421804,0.30101164285215015,-0.4889060977421804,-30.605683825648708,-31.068159220555255
-48.89060977421804,0.30472195472916097,-0.4889060977421804,-31.364833794968934,-31.637464376984045
-47.502732922749004,0.011607316445304631,-0.47502732922749,-0.04513521775782596,0.1971038153596112
-47.502732922749004,0.015317628322315471,-0.47502732922749,-0.07860224448579534,0.1429755100711485
-47.502732922749004,0.01902794019932631,-0.47502732922749,-0.12129291923449188,0.08456004371973802
-47.502732922749004,0.02273825207633715,-0.47502732922749,-0.1732072420039156,0.021570834721585053
-47.502732922749004,0.02644856395334799,-0.47502732922749,-0.23434521279406656,-0.04628618497550474
-47.502732922749004,0.03015887583035883,-0.47502732922749,-0.30470683160494466,-0.11931071895424483
-47.502732922749004,0.03386918770736967,-0.47502732922749,-0.3842920984365501,-0.19780600441436968
-47.502732922749004,0.03757949958438051,-0.47502732922749,-0.47310101328888254,-0.28207652108592685
-47.502732922749004,0.04128981146139135,-0.47502732922749,-0.5711335761619423,-0.372425606979931
-47.502732922749004,0.04500012333840219,-0.47502732922749,-0.6783897870557292,-0.4691531167847236
-47.502732922749004,0.04871043521541303,-0.47502732922749,-0.7948696459702432,-0.5725533028337346
-47.502732922749004,0.05242074709242387,-0.47502732922749,-0.9205731529054845,-0.6829131447702437
-47.502732922749004,0.05613105896943471,-0.47502732922749,-1.0555003078614529,-0.8005113989558914
-47.502732922749004,0.05984137084644555,-0.47502732922749,-1.1996511108381485,-0.9256186777528945
-47.502732922749004,0.06355168272345639,-0.47502732922749,-1.3530255618355713,-1.0584988963356001
-47.502732922749004,0.06726199460046722,-0.47502732922749,-1.515623660853721,-1.1994124339621193
-47.502732922749004,0.07097230647747807,-0.47502732922749,-1.6874454078925984,-1.3486213403257663
-47.502732922749004,0.0746826183544889,-0.47502732922749,-1.8684908029522027,-1.506396868185965
-47.502732922749004,0.07839293023149975,-0.47502732922749,-2.0587598460325345,-1.6730295237378643
-47.502732922749004,0.08210324210851058,-0.47502732922749,-2.258252537133593,-1.8488416896666895
-47.502732922749004,0.08581355398552143,-0.47502732922749,-2.466968876255379,-2.0342026871278573
-47.502732922749004,0.08952386586253226,-0.47502732922749,-2.684908863397892,-2.229545897658597
-47.502732922749004,0.09323417773954311,-0.47502732922749,-2.9120724985611326,-2.435387260872342
-47.502732922749004,0.09694448961655394,-0.47502732922749,-3.1484597817450997,-2.652344096246914
-47.502732922749004,0.10065480149356479,-0.47502732922749,-3.3940707129497945,-2.881152766506742
-47.502732922749004,0.10436511337057562,-0.47502732922749,-3.6489052921752165,-3.1226832089903676
-47.502732922749004,0.10807542524758647,-0.47502732922749,-3.912963519421366,-3.3779478219525396
-47.502732922749004,0.1117857371245973,-0.47502732922749,-4.186245394688242,-3.6481016352045526
-47.502732922749004,0.11549604900160815,-0.47502732922749,-4.468750917975846,-3.9344301815219644
-47.502732922749004,0.11920636087861898,-0.47502732922749,-4.760480089284176,-4.238321130234426
-47.502732922749004,0.12291667275562983,-0.47502732922749,-5.061432908613234,-4.561215729797564
-47.502732922749004,0.12662698463264066,-0.47502732922749,-5.371609375963018,-4.904536692559016
-47.502732922749004,0.1303372965096515,-0.47502732922749,-5.6910094913335305,-5.269590665130688
-47.502732922749004,0.13404760838666235,-0.47502732922749,-6.019633254724771,-5.657446183820991
-47.502732922749004,0.13775792026367317,-0.47502732922749,-6.357480666136736,-6.068792208211326
-47.502732922749004,0.14146823214068402,-0.47502732922749,-6.704551725569431,-6.503787820550553
-47.502732922749004,0.14517854401769487,-0.47502732922749,-7.060846433022851,-6.961919784357285
-47.502732922749004,0.1488888558947057,-0.47502732922749,-7.4263647884970005,-7.441889984768362
-47.502732922749004,0.15259916777171653,-0.47502732922749,-7.801106791991874,-7.941557339208998
-47.502732922749004,0.15630947964872738,-0.47502732922749,-8.185072443507478,-8.457956476318477
-47.502732922749004,0.16001979152573823,-0.47502732922749,-8.578261743043807,-8.987407015885456
-47.502732922749004,0.16373010340274907,-0.47502732922749,-8.980674690600866,-9.525713089115595
-47.502732922749004,0.1674404152797599,-0.47502732922749,-9.392311286178646,-10.068435567389042
-47.502732922749004,0.17115072715677074,-0.47502732922749,-9.813171529777158,-10.611203915766687
-47.502732922749004,0.17486103903378158,-0.47502732922749,-10.243255421396398,-11.150025539727189
-47.502732922749004,0.17857135091079243,-0.47502732922749,-10.682562961036364,-11.681551077185624
-47.502732922749004,0.18228166278780325,-0.47502732922749,-11.131094148697056,-12.203264228031435
-47.502732922749004,0.1859919746648141,-0.47502732922749,-11.588848984378474,-12.713581149299225
-47.502732922749004,0.18970228654182494,-0.47502732922749,-12.055827468080624,-13.211862203132794
-47.502732922749004,0.1934125984188358,-0.47502732922749,-12.532029599803499,-13.698353309086578
-47.502732922749004,0.1971229102958466,-0.47502732922749,-13.017455379547098,-14.174082612382986
-47.502732922749004,0.20083322217285746,-0.47502732922749,-13.512104807311426,-14.64074024906612
-47.502732922749004,0.2045435340498683,-0.47502732922749,-14.015977883096484,-15.100565988995776
-47.502732922749004,0.20825384592687915,-0.47502732922749,-14.529074606902268,-15.556263420591987
-47.502732922749004,0.21196415780388997,-0.47502732922749,-15.051394978728775,-16.010951725827194
-47.502732922749004,0.21567446968090082,-0.47502732922749,-15.582938998576015,-16.468157714441347
-47.502732922749004,0.21938478155791166,-0.47502732922749,-16.12370666644398,-16.9318413830799
-47.502732922749004,0.2230950934349225,-0.47502732922749,-16.673697982332673,-17.406436836551613
-47.502732922749004,0.22680540531193333,-0.47502732922749,-17.232912946242088,-17.896875819441462
-47.502732922749004,0.23051571718894417,-0.47502732922749,-17.801351558172236,-18.408543217344995
-47.502732922749004,0.23422602906595502,-0.47502732922749,-18.37901381812311,-18.94709547266857
-47.502732922749004,0.23793634094296587,-0.47502732922749,-18.96589972609471,-19.518062299315943
-47.502732922749004,0.2416466528199767,-0.47502732922749,-19.562009282087036,-20.126165606379907
-47.502732922749004,0.24535696469698753,-0.47502732922749,-20.167342486100093,-20.774349382326953
-47.502732922749004,0.24906727657399838,-0.47502732922749,-20.781899338133876,-21.462636622012596
-47.502732922749004,0.2527775884510092,-0.47502732922749,-21.405679838188387,-22.187098735052995
-47.502732922749004,0.25648790032802005,-0.47502732922749,-22.03868398626362,-22.939365147819554
-47.502732922749004,0.2601982122050309,-0.47502732922749,-22.68091178235959,-23.707091518821144
-47.502732922749004,0.26390852408204174,-0.47502732922749,-23.332363226476275,-24.47554927626822
-47.502732922749004,0.26761883595905256,-0.47502732922749,-23.99303831861369,-25.230051683154347
-47.502732922749004,0.27132914783606343,-0.47502732922749,-24.662937058771842,-25.958528057372934
-47.502732922749004,0.27503945971307425,-0.47502732922749,-25.342059446950714,-26.6534611265394
-47.502732922749004,0.27874977159008507,-0.47502732922749,-26.030405483150307,-27.312675603399807
-47.502732922749004,0.28246008346709595,-0.47502732922749,-26.72797516737064,-27.938915299274584
-47.502732922749004,0.28617039534410676,-0.47502732922749,-27.43476849961169,-28.538502233904463
-47.502732922749004,0.28988070722111764,-0.47502732922749,-28.15078547987348,-29.119502768150127
-47.502732922749004,0.29359101909812846,-0.47502732922749,-28.87602610815598,-29.689783697920753
-47.502732922749004,0.2973013309751393,-0.47502732922749,-29.610490384459215,-30.255252292851587
-47.502732922749004,0.30101164285215015,-0.47502732922749,-30.354178308783187,-30.818522169843547
-47.502732922749004,0.30472195472916097,-0.47502732922749,-31.10708988112787,-31.37822634185932
-46.11485607127997,0.011607316445304631,-0.46114856071279975,-0.044761241030288085,0.21492694622179265
-46.11485607127997,0.015317628322315471,-0.46114856071279975,-0.07795097012333072,0.16196209808056317
-46.11485607127997,0.01902794019932631,-0.46114856071279975,-0.12028792288657982,0.10475188640910327
-46.11485607127997,0.02273825207633715,-0.46114856071279975,-0.17177209932003537,0.043004491945503265
-46.11485607127997,0.02644856395334799,-0.46114856071279975,-0.23240349942369745,-0.023580908576631865
-46.11485607127997,0.03015887583035883,-0.46114856071279975,-0.302182123197566,-0.09531245167825286
-46.11485607127997,0.03386918770736967,-0.46114856071279975,-0.38110797064164104,-0.17250362698968003
-46.11485607127997,0.03757949958438051,-0.46114856071279975,-0.4691810417559225,-0.2554710975441681
-46.11485607127997,0.04128981146139135,-0.46114856071279975,-0.5664013365404105,-0.34453238261017827
-46.11485607127997,0.04500012333840219,-0.46114856071279975,-0.672768854995105,-0.4400035234239055
-46.11485607127997,0.04871043521541303,-0.46114856071279975,-0.788283597120006,-0.5421968954746794
-46.11485607127997,0.05242074709242387,-0.46114856071279975,-0.9129455629151133,-0.6514193774170338
-46.11485607127997,0.05613105896943471,-0.46114856071279975,-1.0467547523804273,-0.7679711332188421
-46.11485607127997,0.05984137084644555,-0.46114856071279975,-1.1897111655159474,-0.8921453065433391
-46.11485607127997,0.06355168272345639,-0.46114856071279975,-1.3418148023216743,-1.024228959079889
-46.11485607127997,0.06726199460046722,-0.46114856071279975,-1.5030656627976073,-1.1645056009081332
-46.11485607127997,0.07097230647747807,-0.46114856071279975,-1.6734637469437472,-1.3132596534510228
-46.11485607127997,0.0746826183544889,-0.46114856071279975,-1.8530090547600933,-1.4707831461266643
-46.11485607127997,0.07839293023149975,-0.46114856071279975,-2.041701586246646,-1.6373848684674353
-46.11485607127997,0.08210324210851058,-0.46114856071279975,-2.239541341403405,-1.8134020727954498
-46.11485607127997,0.08581355398552143,-0.46114856071279975,-2.446528320230371,-1.9992146420151198
-46.11485607127997,0.08952386586253226,-0.46114856071279975,-2.662662522727543,-2.195261397336256
-46.11485607127997,0.09323417773954311,-0.46114856071279975,-2.8879439488949217,-2.402057917604649
-46.11485607127997,0.09694448961655394,-0.46114856071279975,-3.1223725987325066,-2.6202148725563834
-46.11485607127997,0.10065480149356479,-0.46114856071279975,-3.3659484722402984,-2.8504554359722603
-46.11485607127997,0.10436511337057562,-0.46114856071279975,-3.618671569418296,-3.093629844945549
-46.11485607127997,0.10807542524758647,-0.46114856071279975,-3.8805418902665014,-3.3507246210878527
-46.11485607127997,0.1117857371245973,-0.46114856071279975,-4.151559434784912,-3.622863399439833
-46.11485607127997,0.11549604900160815,-0.46114856071279975,-4.4317242029735295,-3.9112957839722684
-46.11485607127997,0.11920636087861898,-0.46114856071279975,-4.721036194832354,-4.21737027745433
-46.11485607127997,0.12291667275562983,-0.46114856071279975,-5.019495410361384,-4.542487298629671
-46.11485607127997,0.12662698463264066,-0.46114856071279975,-5.327101849560621,-4.88802885893206
-46.11485607127997,0.1303372965096515,-0.46114856071279975,-5.643855512430064,-5.255262944629617
-46.11485607127997,0.13404760838666235,-0.46114856071279975,-5.969756398969714,-5.645223360120387
-46.11485607127997,0.13775792026367317,-0.46114856071279975,-6.3048045091795695,-6.058569930679842
-46.11485607127997,0.14146823214068402,-0.46114856071279975,-6.648999843059633,-6.49543941420108
-46.11485607127997,0.14517854401769487,-0.46114856071279975,-7.002342400609902,-6.955303562508358
-46.11485607127997,0.1488888558947057,-0.46114856071279975,-7.364832181830378,-7.436856141582286
-46.11485607127997,0.15259916777171653,-0.46114856071279975,-7.7364691867210595,-7.937953400179838
-46.11485607127997,0.15630947964872738,-0.46114856071279975,-8.117253415281949,-8.45563037414106
-46.11485607127997,0.16001979152573823,-0.46114856071279975,-8.507184867513045,-8.986207177499306
-46.11485607127997,0.16373010340274907,-0.46114856071279975,-8.906263543414347,-9.525485439383711
-46.11485607127997,0.1674404152797599,-0.46114856071279975,-9.314489442985852,-10.06901796549156
-46.11485607127997,0.17115072715677074,-0.46114856071279975,-9.731862566227568,-10.612419072320392
-46.11485607127997,0.17486103903378158,-0.46114856071279975,-10.15838291313949,-11.15167374696826
-46.11485607127997,0.17857135091079243,-0.46114856071279975,-10.594050483721617,-11.683404023636276
-46.11485607127997,0.18228166278780325,-0.46114856071279975,-11.038865277973951,-12.205060779277288
-46.11485607127997,0.1859919746648141,-0.46114856071279975,-11.49282729589649,-12.715025378280117
-46.11485607127997,0.18970228654182494,-0.46114856071279975,-11.955936537489238,-13.212623315408226
-46.11485607127997,0.1934125984188358,-0.46114856071279975,-12.428193002752193,-13.698066579264877
-46.11485607127997,0.1971229102958466,-0.46114856071279975,-12.909596691685351,-14.172350109857733
-46.11485607127997,0.20083322217285746,-0.46114856071279975,-13.400147604288717,-14.637129995763868
-46.11485607127997,0.2045435340498683,-0.46114856071279975,-13.899845740562291,-15.094608227864837
-46.11485607127997,0.20825384592687915,-0.46114856071279975,-14.408691100506072,-15.547442851762504
-46.11485607127997,0.21196415780388997,-0.46114856071279975,-14.926683684120054,-15.998694903684786
-46.11485607127997,0.21567446968090082,-0.46114856071279975,-15.453823491404249,-16.4518153878576
-46.11485607127997,0.21938478155791166,-0.46114856071279975,-15.990110522358648,-16.910666594167772
-46.11485607127997,0.2230950934349225,-0.46114856071279975,-16.535544776983254,-17.37956134927794
-46.11485607127997,0.22680540531193333,-0.46114856071279975,-17.09012625527806,-17.86329022249505
-46.11485607127997,0.23051571718894417,-0.46114856071279975,-17.65385495724308,-18.367089944796657
-46.11485607127997,0.23422602906595502,-0.46114856071279975,-18.226730882878307,-18.896488518306136
-46.11485607127997,0.23793634094296587,-0.46114856071279975,-18.80875403218374,-19.456950817321882
-46.11485607127997,0.2416466528199767,-0.46114856071279975,-19.399924405159375,-20.053257259191483
-46.11485607127997,0.24535696469698753,-0.46114856071279975,-20.00024200180522,-20.68859796917377
-46.11485607127997,0.24906727657399838,-0.46114856071279975,-20.60970682212127,-21.363473008174445
-46.11485607127997,0.2527775884510092,-0.46114856071279975,-21.228318866107532,-22.074647196890687
-46.11485607127997,0.25648790032802005,-0.46114856071279975,-21.85607813376399,-22.81455503076436
-46.11485607127997,0.2601982122050309,-0.46114856071279975,-22.492984625090667,-23.571573967106602
-46.11485607127997,0.26390852408204174,-0.46114856071279975,-23.139038340087538,-24.331381280668705
-46.11485607127997,0.26761883595905256,-0.46114856071279975,-23.794239278754613,-25.0792027569252
-46.11485607127997,0.27132914783606343,-0.46114856071279975,-24.45858744109191,-25.80234930897407
-46.11485607127997,0.27503945971307425,-0.46114856071279975,-25.132082827099406,-26.492280336464006
-46.11485607127997,0.27874977159008507,-0.46114856071279975,-25.814725436777103,-27.14563500577829
-46.11485607127997,0.28246008346709595,-0.46114856071279975,-26.50651527012502,-27.76408893600707
-46.11485607127997,0.28617039534410676,-0.46114856071279975,-27.20745232714313,-28.353264442379576
-46.11485607127997,0.28988070722111764,-0.46114856071279975,-27.917536607831458,-28.921086959077893
-46.11485607127997,0.29359101909812846,-0.46114856071279975,-28.63676811218998,-29.475956322883548
-46.11485607127997,0.2973013309751393,-0.46114856071279975,-29.365146840218713,-30.02500665435508
-46.11485607127997,0.30101164285215015,-0.46114856071279975,-30.102672791917662,-30.572662981134492
-46.11485607127997,0.30472195472916097,-0.46114856071279975,-30.849345967286805,-31.119689151519797
-44.726979219810936,0.011607316445304631,-0.44726979219810936,-0.04438726430275021,0.23063192007654876
-44.726979219810936,0.015317628322315471,-0.44726979219810936,-0.0772996957608661,0.17869263728648654
-44.726979219810936,0.01902794019932631,-0.44726979219810936,-0.11928292653866773,0.12254491091431996
-44.726979219810936,0.02273825207633715,-0.44726979219810936,-0.17033695663615514,0.06189221960185032
-44.726979219810936,0.02644856395334799,-0.44726979219810936,-0.23046178605332834,-0.0035723559083813416
-44.726979219810936,0.03015887583035883,-0.44726979219810936,-0.29965741479018726,-0.07416460126162239
-44.726979219810936,0.03386918770736967,-0.44726979219810936,-0.377923842846732,-0.15020735460841084
-44.726979219810936,0.03757949958438051,-0.44726979219810936,-0.4652610702229625,-0.23202844955591728
-44.726979219810936,0.04128981146139135,-0.44726979219810936,-0.5616690969188788,-0.3199584844195642
-44.726979219810936,0.04500012333840219,-0.44726979219810936,-0.6671479229344808,-0.4143285237651062
-44.726979219810936,0.04871043521541303,-0.44726979219810936,-0.7816975482697686,-0.5154678803175246
-44.726979219810936,0.05242074709242387,-0.44726979219810936,-0.9053179729247421,-0.6237021713781772
-44.726979219810936,0.05613105896943471,-0.44726979219810936,-1.0380091968994014,-0.7393518912539803
-44.726979219810936,0.05984137084644555,-0.44726979219810936,-1.1797712201937465,-0.8627317859187615
-44.726979219810936,0.06355168272345639,-0.44726979219810936,-1.3306040428077772,-0.9941513529134107
-44.726979219810936,0.06726199460046722,-0.44726979219810936,-1.4905076647414934,-1.1339168117768614
-44.726979219810936,0.07097230647747807,-0.44726979219810936,-1.659482085994896,-1.282334890430836
-44.726979219810936,0.0746826183544889,-0.44726979219810936,-1.837527306567984,-1.4397187425441031
-44.726979219810936,0.07839293023149975,-0.44726979219810936,-2.0246433264607577,-1.6063962413686481
-44.726979219810936,0.08210324210851058,-0.44726979219810936,-2.2208301456732173,-1.782720778553629
-44.726979219810936,0.08581355398552143,-0.44726979219810936,-2.4260877642053633,-1.9690845244641524
-44.726979219810936,0.08952386586253226,-0.44726979219810936,-2.640416182057194,-2.165933873149765
-44.726979219810936,0.09323417773954311,-0.44726979219810936,-2.8638153992287108,-2.3737864952849974
-44.726979219810936,0.09694448961655394,-0.44726979219810936,-3.0962854157199136,-2.593249052796419
-44.726979219810936,0.10065480149356479,-0.44726979219810936,-3.337826231530802,-2.825034188726548
-44.726979219810936,0.10436511337057562,-0.44726979219810936,-3.588437846661376,-3.0699748992346985
-44.726979219810936,0.10807542524758647,-0.44726979219810936,-3.8481202611116365,-3.3290338352326696
-44.726979219810936,0.1117857371245973,-0.44726979219810936,-4.116873474881582,-3.603304501043418
-44.726979219810936,0.11549604900160815,-0.44726979219810936,-4.3946974879712135,-3.8940007803357393
-44.726979219810936,0.11920636087861898,-0.44726979219810936,-4.68159230038053,-4.202430838123282
-44.726979219810936,0.12291667275562983,-0.44726979219810936,-4.977557912109534,-4.5299514012693205
-44.726979219810936,0.12662698463264066,-0.44726979219810936,-5.282594323158222,-4.8778989641846175
-44.726979219810936,0.1303372965096515,-0.44726979219810936,-5.596701533526597,-5.247495918124143
-44.726979219810936,0.13404760838666235,-0.44726979219810936,-5.919879543214658,-5.6397322802886585
-44.726979219810936,0.13775792026367317,-0.44726979219810936,-6.252128352222403,-6.055227798472208
-44.726979219810936,0.14146823214068402,-0.44726979219810936,-6.5934479605498355,-6.494084608431313
-44.726979219810936,0.14517854401769487,-0.44726979219810936,-6.943838368196952,-6.9557466676934725
-44.726979219810936,0.1488888558947057,-0.44726979219810936,-7.303299575163757,-7.4388875394213905
-44.726979219810936,0.15259916777171653,-0.44726979219810936,-7.6718315814502445,-7.94135081119868
-44.726979219810936,0.15630947964872738,-0.44726979219810936,-8.04943438705642,-8.460165430439373
-44.726979219810936,0.16001979152573823,-0.44726979219810936,-8.436107991982281,-8.991650166339996
-44.726979219810936,0.16373010340274907,-0.44726979219810936,-8.831852396227829,-9.531607612249411
-44.726979219810936,0.1674404152797599,-0.44726979219810936,-9.236667599793059,-10.075591228035123
-44.726979219810936,0.17115072715677074,-0.44726979219810936,-9.650553602677977,-10.619213358783583
-44.726979219810936,0.17486103903378158,-0.44726979219810936,-10.073510404882581,-11.158452798000877
-44.726979219810936,0.17857135091079243,-0.44726979219810936,-10.505538006406871,-11.689920500251013
-44.726979219810936,0.18228166278780325,-0.44726979219810936,-10.946636407250844,-12.211051593527587
-44.726979219810936,0.1859919746648141,-0.44726979219810936,-11.396805607414505,-12.720207826998855
-44.726979219810936,0.18970228654182494,-0.44726979219810936,-11.856045606897855,-13.216692161818255
-44.726979219810936,0.1934125984188358,-0.44726979219810936,-12.324356405700888,-13.700691758803769
-44.726979219810936,0.1971229102958466,-0.44726979219810936,-12.801738003823603,-14.17317434075419
-44.726979219810936,0.20083322217285746,-0.44726979219810936,-13.288190401266007,-14.635765306696179
-44.726979219810936,0.2045435340498683,-0.44726979219810936,-13.783713598028099,-15.090630290137238
-44.726979219810936,0.20825384592687915,-0.44726979219810936,-14.288307594109876,-15.540382025802746
-44.726979219810936,0.21196415780388997,-0.44726979219810936,-14.801972389511333,-15.988023108210001
-44.726979219810936,0.21567446968090082,-0.44726979219810936,-15.324707984232482,-16.436928363953005
-44.726979219810936,0.21938478155791166,-0.44726979219810936,-15.856514378273316,-16.89086204057829
-44.726979219810936,0.2230950934349225,-0.44726979219810936,-16.397391571633833,-17.354015011546252
-44.726979219810936,0.22680540531193333,-0.44726979219810936,-16.947339564314035,-17.831034623046225
-44.726979219810936,0.23051571718894417,-0.44726979219810936,-17.50635835631393,-18.327004203057978
-44.726979219810936,0.23422602906595502,-0.44726979219810936,-18.074447947633505,-18.847312280726527
-44.726979219810936,0.23793634094296587,-0.44726979219810936,-18.651608338272766,-19.39733922497293
-44.726979219810936,0.2416466528199767,-0.44726979219810936,-19.23783952823171,-19.98189386382486
-44.726979219810936,0.24535696469698753,-0.44726979219810936,-19.833141517510345,-20.604373532088427
-44.726979219810936,0.24906727657399838,-0.44726979219810936,-20.437514306108664,-21.26571546875016
-44.726979219810936,0.2527775884510092,-0.44726979219810936,-21.050957894026674,-21.96335268609062
-44.726979219810936,0.25648790032802005,-0.44726979219810936,-21.67347228126436,-22.690534730565066
-44.726979219810936,0.2601982122050309,-0.44726979219810936,-22.305057467821744,-23.436422541649733
-44.726979219810936,0.26390852408204174,-0.44726979219810936,-22.9457134536988,-24.18721311835707
-44.726979219810936,0.26761883595905256,-0.44726979219810936,-23.59544023889554,-24.928188496117173
-44.726979219810936,0.27132914783606343,-0.44726979219810936,-24.254237823411984,-25.64617489935564
-44.726979219810936,0.27503945971307425,-0.44726979219810936,-24.9221062072481,-26.331689987118864
-44.726979219810936,0.27874977159008507,-0.44726979219810936,-25.5990453904039,-26.980186906211326
-44.726979219810936,0.28246008346709595,-0.44726979219810936,-26.2850553728794,-27.592177556351288
-44.726979219810936,0.28617039534410676,-0.44726979219810936,-26.980136154674568,-28.172394190038453
-44.726979219810936,0.28988070722111764,-0.44726979219810936,-27.68428773578944,-28.728345934677865
-44.726979219810936,0.29359101909812846,-0.44726979219810936,-28.39751011622398,-29.268628154912545
-44.726979219810936,0.2973013309751393,-0.44726979219810936,-29.119803295978215,-29.80124797767286
-44.726979219810936,0.30101164285215015,-0.44726979219810936,-29.85116727505214,-30.332147283120236
-44.726979219810936,0.30472195472916097,-0.44726979219810936,-30.59160205344574,-30.86408166555632
-43.339102368341905,0.011607316445304631,-0.43339102368341903,-0.044013287575212334,0.2443119020197082
-43.339102368341905,0.015317628322315471,-0.43339102368341903,-0.07664842139840149,0.19326275116781622
-43.339102368341905,0.01902794019932631,-0.43339102368341903,-0.11827793019075566,0.1380366528589536
-43.339102368341905,0.02273825207633715,-0.43339102368341903,-0.16890181395227488,0.07833280508771279
-43.339102368341905,0.02644856395334799,-0.43339102368341903,-0.2285200726829592,0.01383873221300691
-43.339102368341905,0.03015887583035883,-0.43339102368341903,-0.2971327063828086,-0.05576833865683062
-43.339102368341905,0.03386918770736967,-0.43339102368341903,-0.374739715051823,-0.13081981034933787
-43.339102368341905,0.03757949958438051,-0.43339102368341903,-0.46134109869000245,-0.21165378723635708
-43.339102368341905,0.04128981146139135,-0.43339102368341903,-0.556936857297347,-0.2986129438811518
-43.339102368341905,0.04500012333840219,-0.43339102368341903,-0.6615269908738566,-0.39204228351243975
-43.339102368341905,0.04871043521541303,-0.43339102368341903,-0.7751114994195312,-0.492286919730879
-43.339102368341905,0.05242074709242387,-0.43339102368341903,-0.8976903829343709,-0.5996900601146324
-43.339102368341905,0.05613105896943471,-0.43339102368341903,-1.0292636414183756,-0.7145914179321862
-43.339102368341905,0.05984137084644555,-0.43339102368341903,-1.1698312748715454,-0.8373263243663567
-43.339102368341905,0.06355168272345639,-0.43339102368341903,-1.3193932832938802,-0.9682258534915367
-43.339102368341905,0.06726199460046722,-0.43339102368341903,-1.4779496666853797,-1.10761829931992
-43.339102368341905,0.07097230647747807,-0.43339102368341903,-1.6455004250460448,-1.2558323508820604
-43.339102368341905,0.0746826183544889,-0.43339102368341903,-1.8220455583758746,-1.4132022889267257
-43.339102368341905,0.07839293023149975,-0.43339102368341903,-2.00758506667487,-1.5800754673102269
-43.339102368341905,0.08210324210851058,-0.43339102368341903,-2.2021189499430296,-1.7568222344337787
-43.339102368341905,0.08581355398552143,-0.43339102368341903,-2.4056472081803553,-1.9438482867008147
-43.339102368341905,0.08952386586253226,-0.43339102368341903,-2.618169841386845,-2.141609219489268
-43.339102368341905,0.09323417773954311,-0.43339102368341903,-2.8396868495625003,-2.3506267456295253
-43.339102368341905,0.09694448961655394,-0.43339102368341903,-3.0701982327073205,-2.5715056829017984
-43.339102368341905,0.10065480149356479,-0.43339102368341903,-3.3097039908213057,-2.8049503697215012
-43.339102368341905,0.10436511337057562,-0.43339102368341903,-3.558204123904456,-3.051778656491299
-43.339102368341905,0.10807542524758647,-0.43339102368341903,-3.815698631956772,-3.312931053808833
-43.339102368341905,0.1117857371245973,-0.43339102368341903,-4.082187514978251,-3.5894720312592243
-43.339102368341905,0.11549604900160815,-0.43339102368341903,-4.3576707729688975,-3.882579916970921
-43.339102368341905,0.11920636087861898,-0.43339102368341903,-4.642148405928708,-4.193521462048103
-43.339102368341905,0.12291667275562983,-0.43339102368341903,-4.935620413857684,-4.523607084587979
-43.339102368341905,0.12662698463264066,-0.43339102368341903,-5.238086796755825,-4.874123348685525
-43.339102368341905,0.1303372965096515,-0.43339102368341903,-5.54954755462313,-5.246240677350868
-43.339102368341905,0.13404760838666235,-0.43339102368341903,-5.870002687459602,-5.640896957279827
-43.339102368341905,0.13775792026367317,-0.43339102368341903,-6.199452195265236,-6.058661757318329
-43.339102368341905,0.14146823214068402,-0.43339102368341903,-6.5378960780400375,-6.499591227918453
-43.339102368341905,0.14517854401769487,-0.43339102368341903,-6.885334335784004,-6.963089722837081
-43.339102368341905,0.1488888558947057,-0.43339102368341903,-7.241766968497135,-7.447799460359
-43.339102368341905,0.15259916777171653,-0.43339102368341903,-7.607193976179429,-7.951542205475445
-43.339102368341905,0.15630947964872738,-0.43339102368341903,-7.981615358830892,-8.471334965722518
-43.339102368341905,0.16001979152573823,-0.43339102368341903,-8.365031116451519,-9.00349372420839
-43.339102368341905,0.16373010340274907,-0.43339102368341903,-8.75744124904131,-9.543825627039265
-43.339102368341905,0.1674404152797599,-0.43339102368341903,-9.158845756600263,-10.087893363107185
-43.339102368341905,0.17115072715677074,-0.43339102368341903,-9.569244639128385,-10.631320115227416
-43.339102368341905,0.17486103903378158,-0.43339102368341903,-9.988637896625674,-11.170094186290342
-43.339102368341905,0.17857135091079243,-0.43339102368341903,-10.417025529092124,-11.700832377336834
-43.339102368341905,0.18228166278780325,-0.43339102368341903,-10.85440753652774,-12.220970536670237
-43.339102368341905,0.1859919746648141,-0.43339102368341903,-11.30078391893252,-12.728865413558097
-43.339102368341905,0.18970228654182494,-0.43339102368341903,-11.756154676306469,-13.223809274605689
-43.339102368341905,0.1934125984188358,-0.43339102368341903,-12.220519808649582,-13.705973131231673
-43.339102368341905,0.1971229102958466,-0.43339102368341903,-12.693879315961857,-14.176303109099765
-43.339102368341905,0.20083322217285746,-0.43339102368341903,-13.176233198243297,-14.6363969441167
-43.339102368341905,0.2045435340498683,-0.43339102368341903,-13.667581455493906,-15.088385019404946
-43.339102368341905,0.20825384592687915,-0.43339102368341903,-14.16792408771368,-15.534834681830262
-43.339102368341905,0.21196415780388997,-0.43339102368341903,-14.677261094902612,-15.978689489803902
-43.339102368341905,0.21567446968090082,-0.43339102368341903,-15.195592477060716,-16.423247461555913
-43.339102368341905,0.21938478155791166,-0.43339102368341903,-15.722918234187985,-16.87217431138031
-43.339102368341905,0.2230950934349225,-0.43339102368341903,-16.259238366284414,-17.32953833865096
-43.339102368341905,0.22680540531193333,-0.43339102368341903,-16.80455287335001,-17.79984203194051
-43.339102368341905,0.23051571718894417,-0.43339102368341903,-17.358861755384773,-18.288011011500227
-43.339102368341905,0.23422602906595502,-0.43339102368341903,-17.9221650123887,-18.79928489830468
-43.339102368341905,0.23793634094296587,-0.43339102368341903,-18.494462644361793,-19.33894207370467
-43.339102368341905,0.2416466528199767,-0.43339102368341903,-19.07575465130405,-19.91179196821994
-43.339102368341905,0.24535696469698753,-0.43339102368341903,-19.66604103321547,-20.521401484589433
-43.339102368341905,0.24906727657399838,-0.43339102368341903,-20.26532179009606,-21.169103713708065
-43.339102368341905,0.2527775884510092,-0.43339102368341903,-20.873596921945815,-21.852968738701993
-43.339102368341905,0.25648790032802005,-0.43339102368341903,-21.49086642876473,-22.567060310502807
-43.339102368341905,0.2601982122050309,-0.43339102368341903,-22.117130310552817,-23.30137100808928
-43.339102368341905,0.26390852408204174,-0.43339102368341903,-22.75238856731006,-24.042720352482085
-43.339102368341905,0.26761883595905256,-0.43339102368341903,-23.396641199036466,-24.776587861207798
-43.339102368341905,0.27132914783606343,-0.43339102368341903,-24.049888205732053,-25.489458909270322
-43.339102368341905,0.27503945971307425,-0.43339102368341903,-24.712129587396795,-26.17101389560321
-43.339102368341905,0.27874977159008507,-0.43339102368341903,-25.383365344030697,-26.81555237197137
-43.339102368341905,0.28246008346709595,-0.43339102368341903,-26.063595475633775,-27.422366494405484
-43.339102368341905,0.28617039534410676,-0.43339102368341903,-26.75281998220601,-27.995150992857777
-43.339102368341905,0.28988070722111764,-0.43339102368341903,-27.45103886374742,-28.540764637536903
-43.339102368341905,0.29359101909812846,-0.43339102368341903,-28.15825212025798,-29.067690455488396
-43.339102368341905,0.2973013309751393,-0.43339102368341903,-28.874459751737714,-29.58445587567984
-43.339102368341905,0.30101164285215015,-0.43339102368341903,-29.59966175818662,-30.09817818829065
-43.339102368341905,0.30472195472916097,-0.43339102368341903,-30.333858139604676,-30.61335975157797
-41.95122551687287,0.011607316445304631,-0.4195122551687287,-0.04363931084767445,0.25604970457226206
-41.95122551687287,0.015317628322315471,-0.4195122551687287,-0.07599714703593685,0.205757648224685
-41.95122551687287,0.01902794019932631,-0.4195122551687287,-0.11727293384284357,0.15131426382766322
-41.95122551687287,0.02273825207633715,-0.4195122551687287,-0.16746667126839462,0.09241478867474862
-41.95122551687287,0.02644856395334799,-0.4195122551687287,-0.22657835931259004,0.0287416226484416
-41.95122551687287,0.03015887583035883,-0.4195122551687287,-0.2946079979754298,-0.04003444391164912
-41.95122551687287,0.03386918770736967,-0.4195122551687287,-0.37155558725691396,-0.11425270634638807
-41.95122551687287,0.03757949958438051,-0.4195122551687287,-0.45742112715704236,-0.19426074751293965
-41.95122551687287,0.04128981146139135,-0.4195122551687287,-0.5522046176758152,-0.28041241332893985
-41.95122551687287,0.04500012333840219,-0.4195122551687287,-0.6559060588132323,-0.3730656428169983
-41.95122551687287,0.04871043521541303,-0.4195122551687287,-0.7685254505692938,-0.4725802724199424
-41.95122551687287,0.05242074709242387,-0.4195122551687287,-0.8900627929439995,-0.5793159784828399
-41.95122551687287,0.05613105896943471,-0.4195122551687287,-1.0205180859373497,-0.6936305689990858
-41.95122551687287,0.05984137084644555,-0.4195122551687287,-1.159891329549344,-0.8158788826765453
-41.95122551687287,0.06355168272345639,-0.4195122551687287,-1.308182523779983,-0.9464125953668518
-41.95122551687287,0.06726199460046722,-0.4195122551687287,-1.4653916686292656,-1.0855812647171252
-41.95122551687287,0.07097230647747807,-0.4195122551687287,-1.6315187640971933,-1.23373495595602
-41.95122551687287,0.0746826183544889,-0.4195122551687287,-1.8065638101837649,-1.391228776280667
-41.95122551687287,0.07839293023149975,-0.4195122551687287,-1.9905268068889812,-1.558429592892612
-41.95122551687287,0.08210324210851058,-0.4195122551687287,-2.1834077542128414,-1.7357251106587706
-41.95122551687287,0.08581355398552143,-0.4195122551687287,-2.3852066521553468,-1.923535330340118
-41.95122551687287,0.08952386586253226,-0.4195122551687287,-2.5959235007164954,-2.122326188986874
-41.95122551687287,0.09323417773954311,-0.4195122551687287,-2.815558299896289,-2.332624893618849
-41.95122551687287,0.09694448961655394,-0.4195122551687287,-3.044111049694727,-2.555036093110508
-41.95122551687287,0.10065480149356479,-0.4195122551687287,-3.2815817501118087,-2.7902575901957514
-41.95122551687287,0.10436511337057562,-0.4195122551687287,-3.5279704011475355,-3.0390937806384226
-41.95122551687287,0.10807542524758647,-0.4195122551687287,-3.7832770028019067,-3.302464435704148
-41.95122551687287,0.1117857371245973,-0.4195122551687287,-4.047501555074922,-3.5814058521837238
-41.95122551687287,0.11549604900160815,-0.4195122551687287,-4.3206440579665815,-3.8770608483102977
-41.95122551687287,0.11920636087861898,-0.4195122551687287,-4.602704511476885,-4.190653699100906
-41.95122551687287,0.12291667275562983,-0.4195122551687287,-4.893682915605833,-4.523446060490261
-41.95122551687287,0.12662698463264066,-0.4195122551687287,-5.193579270353426,-4.876670479742509
-41.95122551687287,0.1303372965096515,-0.4195122551687287,-5.502393575719663,-5.251439537776792
-41.95122551687287,0.13404760838666235,-0.4195122551687287,-5.820125831704544,-5.648631321294651
-41.95122551687287,0.13775792026367317,-0.4195122551687287,-6.146776038308069,-6.068755957067003
-41.95122551687287,0.14146823214068402,-0.4195122551687287,-6.482344195530239,-6.511813223439271
-41.95122551687287,0.14517854401769487,-0.4195122551687287,-6.826830303371053,-6.977157128152677
-41.95122551687287,0.1488888558947057,-0.4195122551687287,-7.180234361830513,-7.463388491560651
-41.95122551687287,0.15259916777171653,-0.4195122551687287,-7.542556370908613,-7.968299118211302
-41.95122551687287,0.15630947964872738,-0.4195122551687287,-7.913796330605361,-8.488889087273737
-41.95122551687287,0.16001979152573823,-0.4195122551687287,-8.293954240920753,-9.021470769579274
-41.95122551687287,0.16373010340274907,-0.4195122551687287,-8.68303010185479,-9.561859758260093
-41.95122551687287,0.1674404152797599,-0.4195122551687287,-9.081023913407467,-10.10563652152122
-41.95122551687287,0.17115072715677074,-0.4195122551687287,-9.487935675578793,-10.648447559414542
-41.95122551687287,0.17486103903378158,-0.4195122551687287,-9.903765388368763,-11.186305818017662
-41.95122551687287,0.17857135091079243,-0.4195122551687287,-10.328513051777376,-11.715850152157238
-41.95122551687287,0.18228166278780325,-0.4195122551687287,-10.762178665804633,-12.234532825060004
-41.95122551687287,0.1859919746648141,-0.4195122551687287,-11.204762230450534,-12.740719450087408
-41.95122551687287,0.18970228654182494,-0.4195122551687287,-11.656263745715082,-13.233702763456881
-41.95122551687287,0.1934125984188358,-0.4195122551687287,-12.116683211598275,-13.713645731217301
-41.95122551687287,0.1971229102958466,-0.4195122551687287,-12.586020628100107,-14.181478027575583
-41.95122551687287,0.20083322217285746,-0.4195122551687287,-13.064275995220585,-14.638772360491494
-41.95122551687287,0.2045435340498683,-0.4195122551687287,-13.55144931295971,-15.08762463841508
-41.95122551687287,0.20825384592687915,-0.4195122551687287,-14.04754058131748,-15.530556452361544
-41.95122551687287,0.21196415780388997,-0.4195122551687287,-14.552549800293889,-15.970451472644601
-41.95122551687287,0.21567446968090082,-0.4195122551687287,-15.066476969888948,-16.41053006980126
-41.95122551687287,0.21938478155791166,-0.4195122551687287,-15.58932209010265,-16.85435882249019
-41.95122551687287,0.2230950934349225,-0.4195122551687287,-16.121085160934992,-17.305882910660678
-41.95122551687287,0.22680540531193333,-0.4195122551687287,-16.66176618238598,-17.769458727968267
-41.95122551687287,0.23051571718894417,-0.4195122551687287,-17.211365154455613,-18.249850764691004
-41.95122551687287,0.23422602906595502,-0.4195122551687287,-17.769882077143894,-18.752141802262667
-41.95122551687287,0.23793634094296587,-0.4195122551687287,-18.33731695045082,-19.281492860374282
-41.95122551687287,0.2416466528199767,-0.4195122551687287,-18.913669774376384,-19.84268849928518
-41.95122551687287,0.24535696469698753,-0.4195122551687287,-19.498940548920594,-20.439429142020565
-41.95122551687287,0.24906727657399838,-0.4195122551687287,-20.093129274083452,-21.073401634272244
-41.95122551687287,0.2527775884510092,-0.4195122551687287,-20.696235949864956,-21.74327702944253
-41.95122551687287,0.25648790032802005,-0.4195122551687287,-21.308260576265095,-22.443922332216964
-41.95122551687287,0.2601982122050309,-0.4195122551687287,-21.92920315328389,-23.166196185217427
-41.95122551687287,0.26390852408204174,-0.4195122551687287,-22.55906368092132,-23.89763058781734
-41.95122551687287,0.26761883595905256,-0.4195122551687287,-23.19784215917739,-24.62403794493008
-41.95122551687287,0.27132914783606343,-0.4195122551687287,-23.84553858805212,-25.331712520237218
-41.95122551687287,0.27503945971307425,-0.4195122551687287,-24.502152967545484,-26.009620570707938
-41.95122551687287,0.27874977159008507,-0.4195122551687287,-25.16768529765749,-26.650969561190088
-41.95122551687287,0.28246008346709595,-0.4195122551687287,-25.84213557838815,-27.253812178821246
-41.95122551687287,0.28617039534410676,-0.4195122551687287,-26.525503809737444,-27.82069918211816
-41.95122551687287,0.28988070722111764,-0.4195122551687287,-27.217789991705395,-28.357647879681508
-41.95122551687287,0.29359101909812846,-0.4195122551687287,-27.918994124291977,-28.87275963786587
-41.95122551687287,0.2973013309751393,-0.4195122551687287,-28.62911620749721,-29.3747505699148
-41.95122551687287,0.30101164285215015,-0.4195122551687287,-29.348156241321092,-29.871556280081272
-41.95122551687287,0.30472195472916097,-0.4195122551687287,-30.076114225763607,-30.369110154824916
-40.563348665403836,0.011607316445304631,-0.40563348665403837,-0.04326533412013658,0.2659177942906841
-40.563348665403836,0.015317628322315471,-0.40563348665403837,-0.07534587267347224,0.2162520405031818
-40.563348665403836,0.01902794019932631,-0.40563348665403837,-0.11626793749493151,0.16245432863524067
-40.563348665403836,0.02273825207633715,-0.40563348665403837,-0.16603152858451442,0.10421616642813625
-40.563348665403836,0.02644856395334799,-0.40563348665403837,-0.224636645942221,0.04121516601417863
-40.563348665403836,0.03015887583035883,-0.40563348665403837,-0.29208328956805113,-0.026883868168523506
-40.563348665403836,0.03386918770736967,-0.40563348665403837,-0.368371459462005,-0.10042755308065665
-40.563348665403836,0.03757949958438051,-0.40563348665403837,-0.45350115562408244,-0.17977225703030864
-40.563348665403836,0.04128981146139135,-0.40563348665403837,-0.5474723780542835,-0.26528218495236056
-40.563348665403836,0.04500012333840219,-0.40563348665403837,-0.6502851267526082,-0.3573272890121679
-40.563348665403836,0.04871043521541303,-0.40563348665403837,-0.7619394017190565,-0.45628111177480024
-40.563348665403836,0.05242074709242387,-0.40563348665403837,-0.8824352029536284,-0.5625187119390576
-40.563348665403836,0.05613105896943471,-0.40563348665403837,-1.011772530456324,-0.6764148690935412
-40.563348665403836,0.05984137084644555,-0.40563348665403837,-1.1499513842271432,-0.7983428110818525
-40.563348665403836,0.06355168272345639,-0.40563348665403837,-1.296971764266086,-0.928673750918807
-40.563348665403836,0.06726199460046722,-0.40563348665403837,-1.4528336705731522,-1.0677775538105736
-40.563348665403836,0.07097230647747807,-0.40563348665403837,-1.6175371031483423,-1.2160248712292245
-40.563348665403836,0.0746826183544889,-0.40563348665403837,-1.7910820619916559,-1.3737910693963813
-40.563348665403836,0.07839293023149975,-0.40563348665403837,-1.9734685471030933,-1.5414622342080488
-40.563348665403836,0.08210324210851058,-0.40563348665403837,-2.164696558482654,-1.719443443405474
-40.563348665403836,0.08581355398552143,-0.40563348665403837,-2.364766096130339,-1.9081693496494325
-40.563348665403836,0.08952386586253226,-0.40563348665403837,-2.573677160046147,-2.108116905893786
-40.563348665403836,0.09323417773954311,-0.40563348665403837,-2.791429750230079,-2.319819779419741
-40.563348665403836,0.09694448961655394,-0.40563348665403837,-3.0180238666821344,-2.5438836378705654
-40.563348665403836,0.10065480149356479,-0.40563348665403837,-3.253459509402313,-2.7810010483243266
-40.563348665403836,0.10436511337057562,-0.40563348665403837,-3.497736678390616,-3.0319642142149634
-40.563348665403836,0.10807542524758647,-0.40563348665403837,-3.7508553736470427,-3.2976732017408725
-40.563348665403836,0.1117857371245973,-0.40563348665403837,-4.012815595171592,-3.579136714209943
-40.563348665403836,0.11549604900160815,-0.40563348665403837,-4.283617342964266,-3.877461928794065
-40.563348665403836,0.11920636087861898,-0.40563348665403837,-4.563260617025063,-4.193829532610194
-40.563348665403836,0.12291667275562983,-0.40563348665403837,-4.8517454173539845,-4.529450064338522
-40.563348665403836,0.12662698463264066,-0.40563348665403837,-5.149071743951029,-4.885498233623829
-40.563348665403836,0.1303372965096515,-0.40563348665403837,-5.455239596816196,-5.26302335511172
-40.563348665403836,0.13404760838666235,-0.40563348665403837,-5.770248975949489,-5.66283668999423
-40.563348665403836,0.13775792026367317,-0.40563348665403837,-6.094099881350903,-6.085380497461625
-40.563348665403836,0.14146823214068402,-0.40563348665403837,-6.426792313020442,-6.530588810283856
-40.563348665403836,0.14517854401769487,-0.40563348665403837,-6.768326270958105,-6.9977556955348375
-40.563348665403836,0.1488888558947057,-0.40563348665403837,-7.118701755163892,-7.485431735585314
-40.563348665403836,0.15259916777171653,-0.40563348665403837,-7.4779187656378,-7.991371820304583
-40.563348665403836,0.15630947964872738,-0.40563348665403837,-7.8459773023798345,-8.512555154706464
-40.563348665403836,0.16001979152573823,-0.40563348665403837,-8.222877365389992,-9.04529046191913
-40.563348665403836,0.16373010340274907,-0.40563348665403837,-8.608618954668273,-9.585406126792439
-40.563348665403836,0.1674404152797599,-0.40563348665403837,-9.003202070214675,-10.128509012119725
-40.563348665403836,0.17115072715677074,-0.40563348665403837,-9.406626712029203,-10.67028110434675
-40.563348665403836,0.17486103903378158,-0.40563348665403837,-9.818892880111857,-11.206774504285102
-40.563348665403836,0.17857135091079243,-0.40563348665403837,-10.240000574462632,-11.734665494929907
-40.563348665403836,0.18228166278780325,-0.40563348665403837,-10.66994979508153,-12.251437520631665
-40.563348665403836,0.1859919746648141,-0.40563348665403837,-11.108740541968551,-12.75547800392081
-40.563348665403836,0.18970228654182494,-0.40563348665403837,-11.5563728151237,-13.246090482734047
-40.563348665403836,0.1934125984188358,-0.40563348665403837,-12.012846614546971,-13.723437279096888
-40.563348665403836,0.1971229102958466,-0.40563348665403837,-12.478161940238362,-14.1884361980258
-40.563348665403836,0.20083322217285746,-0.40563348665403837,-12.952318792197877,-14.642637116514873
-40.563348665403836,0.2045435340498683,-0.40563348665403837,-13.43531717042552,-15.088101904520986
-40.563348665403836,0.20825384592687915,-0.40563348665403837,-13.927157074921285,-15.527305760968108
-40.563348665403836,0.21196415780388997,-0.40563348665403837,-14.42783850568517,-15.963071401901443
-40.563348665403836,0.21567446968090082,-0.40563348665403837,-14.937361462717183,-16.398540554122043
-40.563348665403836,0.21938478155791166,-0.40563348665403837,-15.455725946017319,-16.837179993389533
-40.563348665403836,0.2230950934349225,-0.40563348665403837,-15.982931955585578,-17.28281133671691
-40.563348665403836,0.22680540531193333,-0.40563348665403837,-16.518979491421955,-17.73964403411795
-40.563348665403836,0.23051571718894417,-0.40563348665403837,-17.063868553526465,-18.21227885360633
-40.563348665403836,0.23422602906595502,-0.40563348665403837,-17.617599141899095,-18.70563522075667
-40.563348665403836,0.23793634094296587,-0.40563348665403837,-18.18017125653985,-19.224743444479035
-40.563348665403836,0.2416466528199767,-0.40563348665403837,-18.751584897448723,-19.774340093044003
-40.563348665403836,0.24535696469698753,-0.40563348665403837,-19.331840064625723,-20.35822490932551
-40.563348665403836,0.24906727657399838,-0.40563348665403837,-19.92093675807085,-20.97839623725105
-40.563348665403836,0.2527775884510092,-0.40563348665403837,-20.5188749777841,-21.634085948017514
-40.563348665403836,0.25648790032802005,-0.40563348665403837,-21.125654723765468,-22.320944122273385
-40.563348665403836,0.2601982122050309,-0.40563348665403837,-21.74127599601497,-23.030716289020575
-40.563348665403836,0.26390852408204174,-0.40563348665403837,-22.365738794532582,-23.751722731463587
-40.563348665403836,0.26761883595905256,-0.40563348665403837,-22.99904311931832,-24.47023539044919
-40.563348665403836,0.27132914783606343,-0.40563348665403837,-23.641188970372195,-25.17250906359283
-40.563348665403836,0.27503945971307425,-0.40563348665403837,-24.29217634769418,-25.846933455602446
-40.563348665403836,0.27874977159008507,-0.40563348665403837,-24.952005251284287,-26.48571073554647
-40.563348665403836,0.28246008346709595,-0.40563348665403837,-25.620675681142533,-27.08566727591522
-40.563348665403836,0.28617039534410676,-0.40563348665403837,-26.29818763726889,-27.648141527061394
-40.563348665403836,0.28988070722111764,-0.40563348665403837,-26.98454111966338,-28.178160113983427
-40.563348665403836,0.29359101909812846,-0.40563348665403837,-27.67973612832598,-28.683215864276335
-40.563348665403836,0.2973013309751393,-0.40563348665403837,-28.38377266325671,-29.171916260467793
-40.563348665403836,0.30101164285215015,-0.40563348665403837,-29.096650724455575,-29.652668075967583
-40.563348665403836,0.30472195472916097,-0.40563348665403837,-29.818370311922546,-30.132484909293
-39.1754718139348,0.011607316445304631,-0.391754718139348,-0.042891357392598695,0.27397836364809347
-39.1754718139348,0.015317628322315471,-0.391754718139348,-0.07469459831100761,0.2248101456709395
-39.1754718139348,0.01902794019932631,-0.391754718139348,-0.11526294114701943,0.17152278608643767
-39.1754718139348,0.02273825207633715,-0.391754718139348,-0.16459638590063413,0.11380421799186546
-39.1754718139348,0.02644856395334799,-0.391754718139348,-0.22269493257185183,0.05132752010271191
-39.1754718139348,0.03015887583035883,-0.391754718139348,-0.2895585811606724,-0.016248125201192343
-39.1754718139348,0.03386918770736967,-0.391754718139348,-0.36518733166709594,-0.08927617503101959
-39.1754718139348,0.03757949958438051,-0.391754718139348,-0.4495811840911223,-0.16812117888986733
-39.1754718139348,0.04128981146139135,-0.391754718139348,-0.5427401384327516,-0.25315697258518566
-39.1754718139348,0.04500012333840219,-0.391754718139348,-0.6446641946919839,-0.34476467350795237
-39.1754718139348,0.04871043521541303,-0.391754718139348,-0.755353352868819,-0.44333057312215285
-39.1754718139348,0.05242074709242387,-0.391754718139348,-0.874807612963257,-0.5492440637488665
-39.1754718139348,0.05613105896943471,-0.391754718139348,-1.003026974975298,-0.6628957821442767
-39.1754718139348,0.05984137084644555,-0.391754718139348,-1.1400114389049418,-0.7846761991949607
-39.1754718139348,0.06355168272345639,-0.391754718139348,-1.2857610047521888,-0.914974929113656
-39.1754718139348,0.06726199460046722,-0.391754718139348,-1.440275672517038,-1.054181067084329
-39.1754718139348,0.07097230647747807,-0.391754718139348,-1.6035554421994909,-1.2026848840676712
-39.1754718139348,0.0746826183544889,-0.391754718139348,-1.7756003137995462,-1.3608812026774917
-39.1754718139348,0.07839293023149975,-0.391754718139348,-1.956410287317205,-1.529174738776876
-39.1754718139348,0.08210324210851058,-0.391754718139348,-2.145985362752466,-1.7079876091603126
-39.1754718139348,0.08581355398552143,-0.391754718139348,-2.3443255401053307,-1.8977690657786748
-39.1754718139348,0.08952386586253226,-0.391754718139348,-2.5514308193757973,-2.0990073115001096
-39.1754718139348,0.09323417773954311,-0.391754718139348,-2.7673012005638675,-2.3122429729711795
-39.1754718139348,0.09694448961655394,-0.391754718139348,-2.9919366836695405,-2.5380834469545706
-39.1754718139348,0.10065480149356479,-0.391754718139348,-3.2253372686928166,-2.7772168961010157
-39.1754718139348,0.10436511337057562,-0.391754718139348,-3.4675029556336954,-3.0304241542760284
-39.1754718139348,0.10807542524758647,-0.391754718139348,-3.7184337444921773,-3.298586228543119
-39.1754718139348,0.1117857371245973,-0.391754718139348,-3.9781296352682616,-3.5826844937020343
-39.1754718139348,0.11549604900160815,-0.391754718139348,-4.246590627961949,-3.8837901377533957
-39.1754718139348,0.11920636087861898,-0.391754718139348,-4.5238167225732395,-4.203039052532997
-39.1754718139348,0.12291667275562983,-0.391754718139348,-4.809807919102133,-4.541588354666049
-39.1754718139348,0.12662698463264066,-0.391754718139348,-5.10456421754863,-4.900551315954108
-39.1754718139348,0.1303372965096515,-0.391754718139348,-5.408085617912729,-5.280908974108906
-39.1754718139348,0.13404760838666235,-0.391754718139348,-5.7203721201944315,-5.683399363333988
-39.1754718139348,0.13775792026367317,-0.391754718139348,-6.041423724393735,-6.10838929115295
-39.1754718139348,0.14146823214068402,-0.391754718139348,-6.371240430510644,-6.555738718792434
-39.1754718139348,0.14517854401769487,-0.391754718139348,-6.709822238545154,-7.024673394056377
-39.1754718139348,0.1488888558947057,-0.391754718139348,-7.057169148497269,-7.513686136162751
-39.1754718139348,0.15259916777171653,-0.391754718139348,-7.413281160366984,-8.020489277657155
-39.1754718139348,0.15630947964872738,-0.391754718139348,-7.778158274154304,-8.542038386151072
-39.1754718139348,0.16001979152573823,-0.391754718139348,-8.151800489859228,-9.074639424479665
-39.1754718139348,0.16373010340274907,-0.391754718139348,-8.534207807481753,-9.614138467188457
-39.1754718139348,0.1674404152797599,-0.391754718139348,-8.92538022702188,-10.156177507228728
-39.1754718139348,0.17115072715677074,-0.391754718139348,-9.32531774847961,-10.696485873485925
-39.1754718139348,0.17486103903378158,-0.391754718139348,-9.734020371854948,-11.231168650142948
-39.1754718139348,0.17857135091079243,-0.391754718139348,-10.151488097147883,-11.756953982052359
-39.1754718139348,0.18228166278780325,-0.391754718139348,-10.577720924358424,-12.271370196022074
-39.1754718139348,0.1859919746648141,-0.391754718139348,-11.012718853486565,-12.772838406194472
-39.1754718139348,0.18970228654182494,-0.391754718139348,-11.456481884532312,-13.260682321025433
-39.1754718139348,0.1934125984188358,-0.391754718139348,-11.909010017495662,-13.735070212994984
-39.1754718139348,0.1971229102958466,-0.391754718139348,-12.370303252376612,-14.196911967689156
-39.1754718139348,0.20083322217285746,-0.391754718139348,-12.840361589175165,-14.647736357609114
-39.1754718139348,0.2045435340498683,-0.391754718139348,-13.319185027891324,-15.089571311985422
-39.1754718139348,0.20825384592687915,-0.391754718139348,-13.806773568525086,-15.524844760932758
-39.1754718139348,0.21196415780388997,-0.391754718139348,-14.303127211076447,-15.956317231309274
-39.1754718139348,0.21567446968090082,-0.391754718139348,-14.808245955545415,-16.387050705932708
-39.1754718139348,0.21938478155791166,-0.391754718139348,-15.322129801931984,-16.820411472998437
-39.1754718139348,0.2230950934349225,-0.391754718139348,-15.844778750236156,-17.26009727376697
-39.1754718139348,0.22680540531193333,-0.391754718139348,-16.37619280045793,-17.710170150850406
-39.1754718139348,0.23051571718894417,-0.391754718139348,-16.916371952597306,-18.17506534166042
-39.1754718139348,0.23422602906595502,-0.391754718139348,-17.46531620665429,-18.659533730083552
-39.1754718139348,0.23793634094296587,-0.391754718139348,-18.023025562628874,-19.168463501068423
-39.1754718139348,0.2416466528199767,-0.391754718139348,-18.589500020521058,-19.706522449657378
-39.1754718139348,0.24535696469698753,-0.391754718139348,-19.16473958033085,-20.27757748757222
-39.1754718139348,0.24906727657399838,-0.391754718139348,-19.74874424205824,-20.8838965933728
-39.1754718139348,0.2527775884510092,-0.391754718139348,-20.34151400570324,-21.525229166612093
-39.1754718139348,0.25648790032802005,-0.391754718139348,-20.943048871265834,-22.197979952069733
-39.1754718139348,0.2601982122050309,-0.391754718139348,-21.553348838746043,-22.894789018108405
-39.1754718139348,0.26390852408204174,-0.391754718139348,-22.17241390814384,-23.60482571181941
-39.1754718139348,0.26761883595905256,-0.391754718139348,-22.80024407945924,-24.31493688507447
-39.1754718139348,0.27132914783606343,-0.391754718139348,-23.43683935269226,-25.011487679317327
-39.1754718139348,0.27503945971307425,-0.391754718139348,-24.08219972784287,-25.682439237428724
-39.1754718139348,0.27874977159008507,-0.391754718139348,-24.736325204911083,-26.319096772195532
-39.1754718139348,0.28246008346709595,-0.391754718139348,-25.399215783896906,-26.917102989805805
-39.1754718139348,0.28617039534410676,-0.391754718139348,-26.070871464800323,-27.476550528769554
-39.1754718139348,0.28988070722111764,-0.391754718139348,-26.751292247621354,-28.00136532141727
-39.1754718139348,0.29359101909812846,-0.391754718139348,-27.440478132359978,-28.498247356029076
-39.1754718139348,0.2973013309751393,-0.391754718139348,-28.138429119016205,-28.97543943384315
-39.1754718139348,0.30101164285215015,-0.391754718139348,-28.845145207590047,-29.44150059056682
-39.1754718139348,0.30472195472916097,-0.391754718139348,-29.560626398081478,-29.904170027016917
-37.78759496246577,0.011607316445304631,-0.3778759496246577,-0.04251738066506082,0.2802834492253077
-37.78759496246577,0.015317628322315471,-0.3778759496246577,-0.07404332394854299,0.23148575173706987
-37.78759496246577,0.01902794019932631,-0.3778759496246577,-0.11425794479910735,0.17857493050321982
-37.78759496246577,0.02273825207633715,-0.3778759496246577,-0.1631612432167539,0.12123543493038635
-37.78759496246577,0.02644856395334799,-0.3778759496246577,-0.2207532192014827,0.05913599509966505
-37.78759496246577,0.03015887583035883,-0.3778759496246577,-0.2870338727532937,-0.008069538787316866
-37.78759496246577,0.03386918770736967,-0.3778759496246577,-0.36200320387218693,-0.08074105910433782
-37.78759496246577,0.03757949958438051,-0.3778759496246577,-0.44566121255816227,-0.1592507689866156
-37.78759496246577,0.04128981146139135,-0.3778759496246577,-0.5380078988112199,-0.2439814804670064
-37.78759496246577,0.04500012333840219,-0.3778759496246577,-0.6390432626313597,-0.33532469438395074
-37.78759496246577,0.04871043521541303,-0.3778759496246577,-0.7487673040185817,-0.4336785476314582
-37.78759496246577,0.05242074709242387,-0.3778759496246577,-0.8671800229728859,-0.5394457529649552
-37.78759496246577,0.05613105896943471,-0.3778759496246577,-0.9942814194942723,-0.6530317007359154
-37.78759496246577,0.05984137084644555,-0.3778759496246577,-1.1300714935827407,-0.774842938074151
-37.78759496246577,0.06355168272345639,-0.3778759496246577,-1.2745502452382917,-0.9052862852496877
-37.78759496246577,0.06726199460046722,-0.3778759496246577,-1.4277176744609243,-1.0447688857353012
-37.78759496246577,0.07097230647747807,-0.3778759496246577,-1.5895737812506396,-1.1936995087270006
-37.78759496246577,0.0746826183544889,-0.3778759496246577,-1.760118565607437,-1.352491421873786
-37.78759496246577,0.07839293023149975,-0.3778759496246577,-1.9393520275313165,-1.5215671177344425
-37.78759496246577,0.08210324210851058,-0.3778759496246577,-2.127274167022278,-1.7013650991760236
-37.78759496246577,0.08581355398552143,-0.3778759496246577,-2.3238849840803226,-1.8923487954783869
-37.78759496246577,0.08952386586253226,-0.3778759496246577,-2.5291844787054485,-2.0950174817660265
-37.78759496246577,0.09323417773954311,-0.3778759496246577,-2.743172650897657,-2.3099188004972264
-37.78759496246577,0.09694448961655394,-0.3778759496246577,-2.9658495006569474,-2.5376621288147767
-37.78759496246577,0.10065480149356479,-0.3778759496246577,-3.19721502798332,-2.778931598028314
-37.78759496246577,0.10436511337057562,-0.3778759496246577,-3.4372692328767753,-3.0344970577077826
-37.78759496246577,0.10807542524758647,-0.3778759496246577,-3.686012115337313,-3.3052207064455397
-37.78759496246577,0.1117857371245973,-0.3778759496246577,-3.9434436753649313,-3.592056525568469
-37.78759496246577,0.11549604900160815,-0.3778759496246577,-4.209563912959633,-3.896039125736438
-37.78759496246577,0.11920636087861898,-0.3778759496246577,-4.484372828121417,-4.218258272004699
-37.78759496246577,0.12291667275562983,-0.3778759496246577,-4.767870420850284,-4.559815373542379
-37.78759496246577,0.12662698463264066,-0.3778759496246577,-5.060056691146231,-4.92175885557124
-37.78759496246577,0.1303372965096515,-0.3778759496246577,-5.360931639009261,-5.304996859612215
-37.78759496246577,0.13404760838666235,-0.3778759496246577,-5.670495264439375,-5.710188406085449
-37.78759496246577,0.13775792026367317,-0.3778759496246577,-5.988747567436569,-6.1376181173712805
-37.78759496246577,0.14146823214068402,-0.3778759496246577,-6.315688548000846,-6.587064637027226
-37.78759496246577,0.14517854401769487,-0.3778759496246577,-6.651318206132205,-7.0576782884943565
-37.78759496246577,0.1488888558947057,-0.3778759496246577,-6.995636541830647,-7.547887997963753
-37.78759496246577,0.15259916777171653,-0.3778759496246577,-7.348643555096169,-8.055359305699236
-37.78759496246577,0.15630947964872738,-0.3778759496246577,-7.710339245928776,-8.577022660756121
-37.78759496246577,0.16001979152573823,-0.3778759496246577,-8.080723614328464,-9.109183163423083
-37.78759496246577,0.16373010340274907,-0.3778759496246577,-8.459796660295236,-9.647710088930618
-37.78759496246577,0.1674404152797599,-0.3778759496246577,-8.847558383829085,-10.188289435987183
-37.78759496246577,0.17115072715677074,-0.3778759496246577,-9.24400878493002,-10.726709393093383
-37.78759496246577,0.17486103903378158,-0.3778759496246577,-9.649147863598039,-11.259141105039507
-37.78759496246577,0.17857135091079243,-0.3778759496246577,-10.062975619833137,-11.782377970677395
-37.78759496246577,0.18228166278780325,-0.3778759496246577,-10.485492053635317,-12.294005717908124
-37.78759496246577,0.1859919746648141,-0.3778759496246577,-10.91669716500458,-12.792489854293837
-37.78759496246577,0.18970228654182494,-0.3778759496246577,-11.356590953940929,-13.277182560946814
-37.78759496246577,0.1934125984188358,-0.3778759496246577,-11.805173420444357,-13.748263770213377
-37.78759496246577,0.1971229102958466,-0.3778759496246577,-12.262444564514864,-14.20663871777533
-37.78759496246577,0.20083322217285746,-0.3778759496246577,-12.728404386152455,-14.65381631081354
-37.78759496246577,0.2045435340498683,-0.3778759496246577,-13.203052885357131,-15.091790308019092
-37.78759496246577,0.20825384592687915,-0.3778759496246577,-13.68639006212889,-15.522940286070387
-37.78759496246577,0.21196415780388997,-0.3778759496246577,-14.178415916467726,-15.949963225694491
-37.78759496246577,0.21567446968090082,-0.3778759496246577,-14.679130448373648,-16.375840213211035
-37.78759496246577,0.21938478155791166,-0.3778759496246577,-15.188533657846653,-16.80383639391002
-37.78759496246577,0.2230950934349225,-0.3778759496246577,-15.706625544886737,-17.237525480611872
-37.78759496246577,0.22680540531193333,-0.3778759496246577,-16.233406109493902,-17.680822028925817
-37.78759496246577,0.23051571718894417,-0.3778759496246577,-16.768875351668154,-18.13799467989372
-37.78759496246577,0.23422602906595502,-0.3778759496246577,-17.313033271409488,-18.61362183923468
-37.78759496246577,0.23793634094296587,-0.3778759496246577,-17.8658798687179,-19.112439997146563
-37.78759496246577,0.2416466528199767,-0.3778759496246577,-18.427415143593393,-19.639029701902604
-37.78759496246577,0.24535696469698753,-0.3778759496246577,-18.997639096035975,-20.197295088014698
-37.78759496246577,0.24906727657399838,-0.3778759496246577,-19.576551726045636,-20.789732789918343
-37.78759496246577,0.2527775884510092,-0.3778759496246577,-20.164153033622384,-21.41656419528039
-37.78759496246577,0.25648790032802005,-0.3778759496246577,-20.760443018766203,-22.07491314262425
-37.78759496246577,0.2601982122050309,-0.3778759496246577,-21.365421681477116,-22.758309415761325
-37.78759496246577,0.26390852408204174,-0.3778759496246577,-21.9790890217551,-23.456816721735496
-37.78759496246577,0.26761883595905256,-0.3778759496246577,-22.60144503960017,-24.157958834055478
-37.78759496246577,0.27132914783606343,-0.3778759496246577,-23.23248973501233,-24.848355739411108
-37.78759496246577,0.27503945971307425,-0.3778759496246577,-23.872223107991566,-25.515694428121275
-37.78759496246577,0.27874977159008507,-0.3778759496246577,-24.520645158537878,-26.150509364757376
-37.78759496246577,0.28246008346709595,-0.3778759496246577,-25.177755886651287,-26.747328487546845
-37.78759496246577,0.28617039534410676,-0.3778759496246577,-25.843555292331764,-27.30499671342304
-37.78759496246577,0.28988070722111764,-0.3778759496246577,-26.518043375579335,-27.82626510766688
-37.78759496246577,0.29359101909812846,-0.3778759496246577,-27.201220136393978,-28.316896777138446
-37.78759496246577,0.2973013309751393,-0.3778759496246577,-27.893085574775704,-28.78455696202749
-37.78759496246577,0.30101164285215015,-0.3778759496246577,-28.593639690724522,-29.237677126809146
-37.78759496246577,0.30472195472916097,-0.3778759496246577,-29.302882484240413,-29.68438755156676
-36.39971811099673,0.011607316445304631,-0.3639971811099673,-0.042143403937522944,0.28487508119572946
-36.39971811099673,0.015317628322315471,-0.3639971811099673,-0.07339204958607838,0.23632232766320405
-36.39971811099673,0.01902794019932631,-0.3639971811099673,-0.11325294845119528,0.1836554755874551
-36.39971811099673,0.02273825207633715,-0.3639971811099673,-0.16172610053287367,0.12655552965286332
-36.39971811099673,0.02644856395334799,-0.3639971811099673,-0.21881150583111358,0.06468699931169786
-36.39971811099673,0.03015887583035883,-0.3639971811099673,-0.28450916434591494,-0.00230136817294202
-36.39971811099673,0.03386918770736967,-0.3639971811099673,-0.3588190760772779,-0.07477555860936702
-36.39971811099673,0.03757949958438051,-0.3639971811099673,-0.44174124102520224,-0.15311496462351593
-36.39971811099673,0.04128981146139135,-0.3639971811099673,-0.5332756591896881,-0.2377107808512089
-36.39971811099673,0.04500012333840219,-0.3639971811099673,-0.6334223305707355,-0.3289641649035384
-36.39971811099673,0.04871043521541303,-0.3639971811099673,-0.7421812551683443,-0.4272842404998418
-36.39971811099673,0.05242074709242387,-0.3639971811099673,-0.8595524329825147,-0.5330860571844513
-36.39971811099673,0.05613105896943471,-0.3639971811099673,-0.9855358640132464,-0.646788663808137
-36.39971811099673,0.05984137084644555,-0.3639971811099673,-1.1201315482605396,-0.7688134981409394
-36.39971811099673,0.06355168272345639,-0.3639971811099673,-1.2633394857243947,-0.8995833388997825
-36.39971811099673,0.06726199460046722,-0.3639971811099673,-1.4151596764048104,-1.039522103859995
-36.39971811099673,0.07097230647747807,-0.3639971811099673,-1.5755921203017884,-1.1890558016328396
-36.39971811099673,0.0746826183544889,-0.3639971811099673,-1.7446368174153275,-1.348614946548075
-36.39971811099673,0.07839293023149975,-0.3639971811099673,-1.9222937677454284,-1.5186387158668229
-36.39971811099673,0.08210324210851058,-0.3639971811099673,-2.1085629712920904,-1.6995810552330002
-36.39971811099673,0.08581355398552143,-0.3639971811099673,-2.3034444280553146,-1.8919188104082831
-36.39971811099673,0.08952386586253226,-0.3639971811099673,-2.5069381380350997,-2.096161769885633
-36.39971811099673,0.09323417773954311,-0.3639971811099673,-2.719044101231446,-2.312864234363525
-36.39971811099673,0.09694448961655394,-0.3639971811099673,-2.9397623176443544,-2.5426373786270826
-36.39971811099673,0.10065480149356479,-0.3639971811099673,-3.169092787273824,-2.7861612375653397
-36.39971811099673,0.10436511337057562,-0.3639971811099673,-3.4070355101198553,-3.044194637877884
-36.39971811099673,0.10807542524758647,-0.3639971811099673,-3.653590486182448,-3.317580831663192
-36.39971811099673,0.1117857371245973,-0.3639971811099673,-3.9087577154616016,-3.607246011308507
-36.39971811099673,0.11549604900160815,-0.3639971811099673,-4.172537197957317,-3.9141873748733325
-36.39971811099673,0.11920636087861898,-0.3639971811099673,-4.444928933669595,-4.239447093059249
-36.39971811099673,0.12291667275562983,-0.3639971811099673,-4.7259329225984334,-4.584068587173173
-36.39971811099673,0.12662698463264066,-0.3639971811099673,-5.015549164743834,-4.9490322051415445
-36.39971811099673,0.1303372965096515,-0.3639971811099673,-5.313777660105795,-5.335168956032481
-36.39971811099673,0.13404760838666235,-0.3639971811099673,-5.620618408684319,-5.743053675445918
-36.39971811099673,0.13775792026367317,-0.3639971811099673,-5.936071410479402,-6.172882932303027
-36.39971811099673,0.14146823214068402,-0.3639971811099673,-6.260136665491049,-6.624347916782494
-36.39971811099673,0.14517854401769487,-0.3639971811099673,-6.592814173719256,-7.096517742943248
-36.39971811099673,0.1488888558947057,-0.3639971811099673,-6.934103935164026,-7.587752768411897
-36.39971811099673,0.15259916777171653,-0.3639971811099673,-7.284005949825355,-8.095668978181754
-36.39971811099673,0.15630947964872738,-0.3639971811099673,-7.642520217703248,-8.617171563026183
-36.39971811099673,0.16001979152573823,-0.3639971811099673,-8.009646738797702,-9.148567711846326
-36.39971811099673,0.16373010340274907,-0.3639971811099673,-8.385385513108718,-9.68575604147375
-36.39971811099673,0.1674404152797599,-0.3639971811099673,-8.769736540636291,-10.224475556760272
-36.39971811099673,0.17115072715677074,-0.3639971811099673,-9.16269982138043,-10.760584436272126
-36.39971811099673,0.17486103903378158,-0.3639971811099673,-9.564275355341131,-11.290332136097438
-36.39971811099673,0.17857135091079243,-0.3639971811099673,-9.97446314251839,-11.810589567123573
-36.39971811099673,0.18228166278780325,-0.3639971811099673,-10.393263182912213,-12.319011096514842
-36.39971811099673,0.1859919746648141,-0.3639971811099673,-10.820675476522595,-12.81411605548318
-36.39971811099673,0.18970228654182494,-0.3639971811099673,-11.256700023349543,-13.295292258940627
-36.39971811099673,0.1934125984188358,-0.3639971811099673,-11.701336823393051,-13.762736072040003
-36.39971811099673,0.1971229102958466,-0.3639971811099673,-12.154585876653117,-14.217350643927325
-36.39971811099673,0.20083322217285746,-0.3639971811099673,-12.616447183129747,-14.660625767137033
-36.39971811099673,0.2045435340498683,-0.3639971811099673,-13.086920742822938,-15.094520492699234
-36.39971811099673,0.20825384592687915,-0.3639971811099673,-13.566006555732693,-15.521364788109615
-36.39971811099673,0.21196415780388997,-0.3639971811099673,-14.053704621859005,-15.94379065614982
-36.39971811099673,0.21567446968090082,-0.3639971811099673,-14.550014941201882,-16.36469713208449
-36.39971811099673,0.21938478155791166,-0.3639971811099673,-15.05493751376132,-16.78724763681401
-36.39971811099673,0.2230950934349225,-0.3639971811099673,-15.568472339537319,-17.21489189043117
-36.39971811099673,0.22680540531193333,-0.3639971811099673,-16.090619418529876,-17.651397266210065
-36.39971811099673,0.23051571718894417,-0.3639971811099673,-16.621378750738998,-18.10086544716905
-36.39971811099673,0.23422602906595502,-0.3639971811099673,-17.160750336164682,-18.567699595227467
-36.39971811099673,0.23793634094296587,-0.3639971811099673,-17.708734174806928,-19.056476680418317
-36.39971811099673,0.2416466528199767,-0.3639971811099673,-18.265330266665732,-19.57167378675455
-36.39971811099673,0.24535696469698753,-0.3639971811099673,-18.8305386117411,-20.117204643466906
-36.39971811099673,0.24906727657399838,-0.3639971811099673,-19.404359210033032,-20.69575487820814
-36.39971811099673,0.2527775884510092,-0.3639971811099673,-19.986792061541525,-21.3079709201981
-36.39971811099673,0.25648790032802005,-0.3639971811099673,-20.577837166266573,-21.95165410026408
-36.39971811099673,0.2601982122050309,-0.3639971811099673,-21.177494524208193,-22.62120753249319
-36.39971811099673,0.26390852408204174,-0.3639971811099673,-21.785764135366364,-23.30761903192558
-36.39971811099673,0.26761883595905256,-0.3639971811099673,-22.402645999741093,-23.999176287735686
-36.39971811099673,0.27132914783606343,-0.3639971811099673,-23.0281401173324,-24.68289014976828
-36.39971811099673,0.27503945971307425,-0.3639971811099673,-23.66224648814026,-25.346330388553852
-36.39971811099673,0.27874977159008507,-0.3639971811099673,-24.304965112164673,-25.979401127513867
-36.39971811099673,0.28246008346709595,-0.3639971811099673,-24.956295989405664,-26.57560758039101
-36.39971811099673,0.28617039534410676,-0.3639971811099673,-25.616239119863202,-27.132573649523952
-36.39971811099673,0.28988070722111764,-0.3639971811099673,-26.284794503537317,-27.651833761930046
-36.39971811099673,0.29359101909812846,-0.3639971811099673,-26.96196214042798,-28.13810678403572
-36.39971811099673,0.2973013309751393,-0.3639971811099673,-27.647742030535206,-28.598309050935534
-36.39971811099673,0.30101164285215015,-0.3639971811099673,-28.342134173859,-29.040508077733012
-36.39971811099673,0.30472195472916097,-0.3639971811099673,-29.04513857039935,-29.472926228172497
-35.0118412595277,0.011607316445304631,-0.350118412595277,-0.04176942720998507,0.2877854527417725
-35.0118412595277,0.015317628322315471,-0.350118412595277,-0.07274077522361376,0.23935316702616793
-35.0118412595277,0.01902794019932631,-0.350118412595277,-0.11224795210328321,0.1867986663127832
-35.0118412595277,0.02273825207633715,-0.350118412595277,-0.16029095784899344,0.1297995092150881
-35.0118412595277,0.02644856395334799,-0.350118412595277,-0.21686979246074448,0.06801606844226527
-35.0118412595277,0.03015887583035883,-0.350118412595277,-0.28198445593853627,0.0010921703748050238
-35.0118412595277,0.03386918770736967,-0.350118412595277,-0.3556349482823689,-0.07134397148175986
-35.0118412595277,0.03757949958438051,-0.350118412595277,-0.4378212694922422,-0.14967852439329654
-35.0118412595277,0.04128981146139135,-0.350118412595277,-0.5285434195681564,-0.23431051919273416
-35.0118412595277,0.04500012333840219,-0.350118412595277,-0.6278013985101113,-0.3256500857795579
-35.0118412595277,0.04871043521541303,-0.350118412595277,-0.735595206318107,-0.4241165096009263
-35.0118412595277,0.05242074709242387,-0.350118412595277,-0.8519248429921434,-0.5301362138116368
-35.0118412595277,0.05613105896943471,-0.350118412595277,-0.9767903085322207,-0.6441408131036914
-35.0118412595277,0.05984137084644555,-0.350118412595277,-1.1101916029383387,-0.7665654292168058
-35.0118412595277,0.06355168272345639,-0.350118412595277,-1.2521287262104974,-0.8978475014027902
-35.0118412595277,0.06726199460046722,-0.350118412595277,-1.4026016783486968,-1.038426362567426
-35.0118412595277,0.07097230647747807,-0.350118412595277,-1.5616104593529372,-1.188743876699089
-35.0118412595277,0.0746826183544889,-0.350118412595277,-1.7291550692232183,-1.3492464370537707
-35.0118412595277,0.07839293023149975,-0.350118412595277,-1.9052355079595402,-1.5203885974067406
-35.0118412595277,0.08210324210851058,-0.350118412595277,-2.0898517755619026,-1.7026385393507832
-35.0118412595277,0.08581355398552143,-0.350118412595277,-2.2830038720303065,-1.8964854554139365
-35.0118412595277,0.08952386586253226,-0.350118412595277,-2.4846917973647504,-2.1024487392728624
-35.0118412595277,0.09323417773954311,-0.350118412595277,-2.6949155515652357,-2.3210886105899955
-35.0118412595277,0.09694448961655394,-0.350118412595277,-2.9136751346317613,-2.5530174561183103
-35.0118412595277,0.10065480149356479,-0.350118412595277,-3.140970546564328,-2.7989107393092616
-35.0118412595277,0.10436511337057562,-0.350118412595277,-3.376801787362935,-3.0595158255919657
-35.0118412595277,0.10807542524758647,-0.350118412595277,-3.6211688570275835,-3.335656512684837
-35.0118412595277,0.1117857371245973,-0.350118412595277,-3.8740717555582718,-3.6282304912400374
-35.0118412595277,0.11549604900160815,-0.350118412595277,-4.135510482955002,-3.938196472131186
-35.0118412595277,0.11920636087861898,-0.350118412595277,-4.405485039217772,-4.266547431457083
-35.0118412595277,0.12291667275562983,-0.350118412595277,-4.683995424346584,-4.614266528164665
-35.0118412595277,0.12662698463264066,-0.350118412595277,-4.971041638341435,-4.982262981252065
-35.0118412595277,0.1303372965096515,-0.350118412595277,-5.266623681202328,-5.371286818376484
-35.0118412595277,0.13404760838666235,-0.350118412595277,-5.570741552929262,-5.7818241456343715
-35.0118412595277,0.13775792026367317,-0.350118412595277,-5.883395253522235,-6.213978494425641
-35.0118412595277,0.14146823214068402,-0.350118412595277,-6.204584782981251,-6.667348604340734
-35.0118412595277,0.14517854401769487,-0.350118412595277,-6.534310141306307,-7.140917950198402
-35.0118412595277,0.1488888558947057,-0.350118412595277,-6.872571328497404,-7.6329751371887
-35.0118412595277,0.15259916777171653,-0.350118412595277,-7.21936834455454,-8.141085336531537
-35.0118412595277,0.15630947964872738,-0.350118412595277,-7.574701189477719,-8.662129702125059
-35.0118412595277,0.16001979152573823,-0.350118412595277,-7.938569863266938,-9.192421515937355
-35.0118412595277,0.16373010340274907,-0.350118412595277,-8.310974365922199,-9.727895483214839
-35.0118412595277,0.1674404152797599,-0.350118412595277,-8.691914697443497,-10.264352692247822
-35.0118412595277,0.17115072715677074,-0.350118412595277,-9.081390857830838,-10.797731987985863
-35.0118412595277,0.17486103903378158,-0.350118412595277,-9.479402847084222,-11.324372482580328
-35.0118412595277,0.17857135091079243,-0.350118412595277,-9.885950665203644,-11.841233640632087
-35.0118412595277,0.18228166278780325,-0.350118412595277,-10.301034312189108,-12.34604835000051
-35.0118412595277,0.1859919746648141,-0.350118412595277,-10.724653788040612,-12.83739786112627
-35.0118412595277,0.18970228654182494,-0.350118412595277,-11.156809092758158,-13.314711597810295
-35.0118412595277,0.1934125984188358,-0.350118412595277,-11.597500226341745,-13.778206169670193
-35.0118412595277,0.1971229102958466,-0.350118412595277,-12.046727188791369,-14.228784491900978
-35.0118412595277,0.20083322217285746,-0.350118412595277,-12.504489980107037,-14.667917518263378
-35.0118412595277,0.2045435340498683,-0.350118412595277,-12.970788600288746,-15.097528776602047
-35.0118412595277,0.20825384592687915,-0.350118412595277,-13.445623049336497,-15.51989723849971
-35.0118412595277,0.21196415780388997,-0.350118412595277,-13.928993327250284,-15.93758846875032
-35.0118412595277,0.21567446968090082,-0.350118412595277,-14.420899434030115,-16.353418342421268
-35.0118412595277,0.21938478155791166,-0.350118412595277,-14.921341369675988,-16.77044808951265
-35.0118412595277,0.2230950934349225,-0.350118412595277,-15.430319134187899,-17.192003687187842
-35.0118412595277,0.22680540531193333,-0.350118412595277,-15.94783272756585,-17.621706014787478
-35.0118412595277,0.23051571718894417,-0.350118412595277,-16.473882149809846,-18.063490102805968
-35.0118412595277,0.23422602906595502,-0.350118412595277,-17.00846740091988,-18.521582197986216
-35.0118412595277,0.23793634094296587,-0.350118412595277,-17.551588480895955,-19.000393570493586
-35.0118412595277,0.2416466528199767,-0.350118412595277,-18.10324538973807,-19.504283811077574
-35.0118412595277,0.24535696469698753,-0.350118412595277,-18.663438127446227,-20.037151008254853
-35.0118412595277,0.24906727657399838,-0.350118412595277,-19.232166694020425,-20.60183180773824
-35.0118412595277,0.2527775884510092,-0.350118412595277,-19.809431089460666,-21.19935011979766
-35.0118412595277,0.25648790032802005,-0.350118412595277,-20.395231313766942,-21.828138286791408
-35.0118412595277,0.2601982122050309,-0.350118412595277,-20.98956736693927,-22.48344590650702
-35.0118412595277,0.26390852408204174,-0.350118412595277,-21.592439248977623,-23.157199407512316
-35.0118412595277,0.26761883595905256,-0.350118412595277,-22.20384695988202,-23.838521171167315
-35.0118412595277,0.27132914783606343,-0.350118412595277,-22.82379049965247,-24.514937606346862
-35.0118412595277,0.27503945971307425,-0.350118412595277,-23.45226986828895,-25.174056924306687
-35.0118412595277,0.27874977159008507,-0.350118412595277,-24.08928506579147,-25.805303801963614
-35.0118412595277,0.28246008346709595,-0.350118412595277,-24.73483609216004,-26.401272878232678
-35.0118412595277,0.28617039534410676,-0.350118412595277,-25.388922947394644,-26.958419705439482
-35.0118412595277,0.28988070722111764,-0.350118412595277,-26.051545631495294,-27.47704962242813
-35.0118412595277,0.29359101909812846,-0.350118412595277,-26.722704144461975,-27.96076269188055
-35.0118412595277,0.2973013309751393,-0.350118412595277,-27.402398486294704,-28.41559285794099
-35.0118412595277,0.30101164285215015,-0.350118412595277,-28.090628656993477,-28.849050310974786
-35.0118412595277,0.30472195472916097,-0.350118412595277,-28.78739465655828,-29.26919361025497
-33.62396440805866,0.011607316445304631,-0.3362396440805866,-0.041395450482447194,0.28903710139883665
-33.62396440805866,0.015317628322315471,-0.3362396440805866,-0.07208950086114914,0.24060155553845175
-33.62396440805866,0.01902794019932631,-0.3362396440805866,-0.11124295575537113,0.1880284284412419
-33.62396440805866,0.02273825207633715,-0.3362396440805866,-0.15885581516511318,0.13099180240374797
-33.62396440805866,0.02644856395334799,-0.3362396440805866,-0.21492807909037534,0.06914796569952975
-33.62396440805866,0.03015887583035883,-0.3362396440805866,-0.27945974753115754,0.002135972224068583
-33.62396440805866,0.03386918770736967,-0.3362396440805866,-0.3524508204874599,-0.07042150724377927
-33.62396440805866,0.03757949958438051,-0.3362396440805866,-0.43390129795928223,-0.14891703430433179
-33.62396440805866,0.04128981146139135,-0.3362396440805866,-0.5238111799466246,-0.2337569620103317
-33.62396440805866,0.04500012333840219,-0.3362396440805866,-0.6221804664494871,-0.3253597359418634
-33.62396440805866,0.04871043521541303,-0.3362396440805866,-0.7290091574678697,-0.42415399846057933
-33.62396440805866,0.05242074709242387,-0.3362396440805866,-0.8442972530017723,-0.5305765921931143
-33.62396440805866,0.05613105896943471,-0.3362396440805866,-0.9680447530511949,-0.6450705985878122
-33.62396440805866,0.05984137084644555,-0.3362396440805866,-1.1002516576161376,-0.7680835901045675
-33.62396440805866,0.06355168272345639,-0.3362396440805866,-1.2409179666966004,-0.9000663169220982
-33.62396440805866,0.06726199460046722,-0.3362396440805866,-1.3900436802925829,-1.0414720861170779
-33.62396440805866,0.07097230647747807,-0.3362396440805866,-1.547628798404086,-1.1927571165077346
-33.62396440805866,0.0746826183544889,-0.3362396440805866,-1.7136733210311088,-1.3543821574330828
-33.62396440805866,0.07839293023149975,-0.3362396440805866,-1.888177248173652,-1.5268156347163615
-33.62396440805866,0.08210324210851058,-0.3362396440805866,-2.071140579831715,-1.7105385207306771
-33.62396440805866,0.08581355398552143,-0.3362396440805866,-2.2625633160052985,-1.9060510059696119
-33.62396440805866,0.08952386586253226,-0.3362396440805866,-2.4624454566944016,-2.1138808651619794
-33.62396440805866,0.09323417773954311,-0.3362396440805866,-2.6707870018990247,-2.334593151558999
-33.62396440805866,0.09694448961655394,-0.3362396440805866,-2.8875879516191683,-2.568800511623331
-33.62396440805866,0.10065480149356479,-0.3362396440805866,-3.1128483058548313,-2.81717298793755
-33.62396440805866,0.10436511337057562,-0.3362396440805866,-3.3465680646060147,-3.0804456796419037
-33.62396440805866,0.10807542524758647,-0.3362396440805866,-3.588747227872719,-3.359422081999708
-33.62396440805866,0.1117857371245973,-0.3362396440805866,-3.839385795654942,-3.654970379184282
-33.62396440805866,0.11549604900160815,-0.3362396440805866,-4.098483767952686,-3.9680095019173347
-33.62396440805866,0.11920636087861898,-0.3362396440805866,-4.3660411447659495,-4.299481515871295
-33.62396440805866,0.12291667275562983,-0.3362396440805866,-4.642057926094734,-4.6503070636295565
-33.62396440805866,0.12662698463264066,-0.3362396440805866,-4.926534111939038,-5.0213213766838525
-33.62396440805866,0.1303372965096515,-0.3362396440805866,-5.219469702298861,-5.413190055075424
-33.62396440805866,0.13404760838666235,-0.3362396440805866,-5.520864697174206,-5.826306575650509
-33.62396440805866,0.13775792026367317,-0.3362396440805866,-5.830719096565069,-6.260677354642521
-33.62396440805866,0.14146823214068402,-0.3362396440805866,-6.149032900471454,-6.7158048465926505
-33.62396440805866,0.14517854401769487,-0.3362396440805866,-6.475806108893357,-7.190583834912067
-33.62396440805866,0.1488888558947057,-0.3362396440805866,-6.811038721830783,-7.683229495170603
-33.62396440805866,0.15259916777171653,-0.3362396440805866,-7.154730739283726,-8.191256431718672
-33.62396440805866,0.15630947964872738,-0.3362396440805866,-7.50688216125219,-8.711524325374754
-33.62396440805866,0.16001979152573823,-0.3362396440805866,-7.867492987736175,-9.240357567910138
-33.62396440805866,0.16373010340274907,-0.3362396440805866,-8.23656321873568,-9.773734243998843
-33.62396440805866,0.1674404152797599,-0.3362396440805866,-8.614092854250703,-10.307526602925144
-33.62396440805866,0.17115072715677074,-0.3362396440805866,-9.000081894281248,-10.837764295140536
-33.62396440805866,0.17486103903378158,-0.3362396440805866,-9.394530338827314,-11.360886447439611
-33.62396440805866,0.17857135091079243,-0.3362396440805866,-9.797438187888899,-11.87395083390327
-33.62396440805866,0.18228166278780325,-0.3362396440805866,-10.208805441466003,-12.374777334262713
-33.62396440805866,0.1859919746648141,-0.3362396440805866,-10.628632099558628,-12.86201584411241
-33.62396440805866,0.18970228654182494,-0.3362396440805866,-11.056918162166774,-13.335142168772657
-33.62396440805866,0.1934125984188358,-0.3362396440805866,-11.49366362929044,-13.794396013366892
-33.62396440805866,0.1971229102958466,-0.3362396440805866,-11.938868500929622,-14.240681216271774
-33.62396440805866,0.20083322217285746,-0.3362396440805866,-12.392532777084327,-14.67544972078946
-33.62396440805866,0.2045435340498683,-0.3362396440805866,-12.854656457754553,-15.10058847394927
-33.62396440805866,0.20825384592687915,-0.3362396440805866,-13.3252395429403,-15.518323976091457
-33.62396440805866,0.21196415780388997,-0.3362396440805866,-13.804282032641563,-15.931153910896755
-33.62396440805866,0.21567446968090082,-0.3362396440805866,-14.291783926858349,-16.341809973249394
-33.62396440805866,0.21938478155791166,-0.3362396440805866,-14.787745225590657,-16.753250887412555
-33.62396440805866,0.2230950934349225,-0.3362396440805866,-15.29216592883848,-17.168679373479392
-33.62396440805866,0.22680540531193333,-0.3362396440805866,-15.805046036601823,-17.591570886574896
-33.62396440805866,0.23051571718894417,-0.3362396440805866,-16.32638554888069,-18.02569474069408
-33.62396440805866,0.23422602906595502,-0.3362396440805866,-16.856184465675078,-18.47509961497775
-33.62396440805866,0.23793634094296587,-0.3362396440805866,-17.394442786984985,-18.944026444068516
-33.62396440805866,0.2416466528199767,-0.3362396440805866,-17.941160512810406,-19.43670540400167
-33.62396440805866,0.24535696469698753,-0.3362396440805866,-18.496337643151353,-19.956996139846073
-33.62396440805866,0.24906727657399838,-0.3362396440805866,-19.05997417800782,-20.50785034067325
-33.62396440805866,0.2527775884510092,-0.3362396440805866,-19.63207011737981,-21.090621955195385
-33.62396440805866,0.25648790032802005,-0.3362396440805866,-20.21262546126731,-21.704324127702346
-33.62396440805866,0.2601982122050309,-0.3362396440805866,-20.801640209670346,-22.345016876985934
-33.62396440805866,0.26390852408204174,-0.3362396440805866,-21.399114362588886,-23.005565153659283
-33.62396440805866,0.26761883595905256,-0.3362396440805866,-22.005047920022946,-23.675979849188742
-33.62396440805866,0.27132914783606343,-0.3362396440805866,-22.61944088197254,-24.344413849828257
-33.62396440805866,0.27503945971307425,-0.3362396440805866,-23.242293248437644,-24.99866453420447
-33.62396440805866,0.27874977159008507,-0.3362396440805866,-23.873605019418267,-25.627834723198553
-33.62396440805866,0.28246008346709595,-0.3362396440805866,-24.51337619491442,-26.22373765530459
-33.62396440805866,0.28617039534410676,-0.3362396440805866,-25.16160677492608,-26.781736747232504
-33.62396440805866,0.28988070722111764,-0.3362396440805866,-25.818296759453276,-27.300922563876163
-33.62396440805866,0.29359101909812846,-0.3362396440805866,-26.483446148495975,-27.783731042144836
-33.62396440805866,0.2973013309751393,-0.3362396440805866,-27.157054942054202,-28.235213657669163
-33.62396440805866,0.30101164285215015,-0.3362396440805866,-27.839123140127956,-28.662169396318898
-33.62396440805866,0.30472195472916097,-0.3362396440805866,-28.529650742717216,-29.072281546382204
-32.23608755658963,0.011607316445304631,-0.3223608755658963,-0.04102147375490931,0.28864309740215743
-32.23608755658963,0.015317628322315471,-0.3223608755658963,-0.07143822649868452,0.24008095660810436
-32.23608755658963,0.01902794019932631,-0.3223608755658963,-0.11023795940745906,0.18735854891216452
-32.23608755658963,0.02273825207633715,-0.3223608755658963,-0.15742067248123295,0.13014643240098112
-32.23608755658963,0.02644856395334799,-0.3223608755658963,-0.21298636572000623,0.0680968441025851
-32.23608755658963,0.03015887583035883,-0.3223608755658963,-0.27693503912377887,0.0008441937371912456
-32.23608755658963,0.03386918770736967,-0.3223608755658963,-0.3492666926925509,-0.07199415296870249
-32.23608755658963,0.03757949958438051,-0.3223608755658963,-0.4299813264263222,-0.15081679101774625
-32.23608755658963,0.04128981146139135,-0.3223608755658963,-0.5190789403250928,-0.23603689865923738
-32.23608755658963,0.04500012333840219,-0.3223608755658963,-0.6165595343888629,-0.32808059311882065
-32.23608755658963,0.04871043521541303,-0.3223608755658963,-0.7224231086176323,-0.4273850745944323
-32.23608755658963,0.05242074709242387,-0.3223608755658963,-0.836669663011401,-0.5343966469782051
-32.23608755658963,0.05613105896943471,-0.3223608755658963,-0.9592991975701691,-0.6495687420708225
-32.23608755658963,0.05984137084644555,-0.3223608755658963,-1.0903117122939365,-0.7733601153772158
-32.23608755658963,0.06355168272345639,-0.3223608755658963,-1.2297072071827033,-0.9062334227425481
-32.23608755658963,0.06726199460046722,-0.3223608755658963,-1.3774856822364692,-1.0486544234036559
-32.23608755658963,0.07097230647747807,-0.3223608755658963,-1.5336471374552347,-1.2010920800759093
-32.23608755658963,0.0746826183544889,-0.3223608755658963,-1.6981915728389996,-1.364019832274309
-32.23608755658963,0.07839293023149975,-0.3223608755658963,-1.871118988387764,-1.5379182953138841
-32.23608755658963,0.08210324210851058,-0.3223608755658963,-2.052429384101527,-1.7232795731376178
-32.23608755658963,0.08581355398552143,-0.3223608755658963,-2.2421227599802904,-1.920613256318349
-32.23608755658963,0.08952386586253226,-0.3223608755658963,-2.4401991160240524,-2.1304539954799617
-32.23608755658963,0.09323417773954311,-0.3223608755658963,-2.646658452232814,-2.353370284704262
-32.23608755658963,0.09694448961655394,-0.3223608755658963,-2.8615007686065748,-2.5899737524273707
-32.23608755658963,0.10065480149356479,-0.3223608755658963,-3.084726065145335,-2.840927838442975
-32.23608755658963,0.10436511337057562,-0.3223608755658963,-3.3163343418490947,-3.106954245134186
-32.23608755658963,0.10807542524758647,-0.3223608755658963,-3.556325598717854,-3.3888350160604785
-32.23608755658963,0.1117857371245973,-0.3223608755658963,-3.804699835751612,-3.6874075680721035
-32.23608755658963,0.11549604900160815,-0.3223608755658963,-4.06145705295037,-4.003549572617033
-32.23608755658963,0.11920636087861898,-0.3223608755658963,-4.326597250314127,-4.3381503823495775
-32.23608755658963,0.12291667275562983,-0.3223608755658963,-4.600120427842884,-4.6920659161957
-32.23608755658963,0.12662698463264066,-0.3223608755658963,-4.882026585536639,-5.066054777448388
-32.23608755658963,0.1303372965096515,-0.3223608755658963,-5.1723157233953945,-5.460695119623731
-32.23608755658963,0.13404760838666235,-0.3223608755658963,-5.4709878414191495,-5.876284560050431
-32.23608755658963,0.13775792026367317,-0.3223608755658963,-5.778042939607902,-6.312729251833296
-32.23608755658963,0.14146823214068402,-0.3223608755658963,-6.093481017961656,-6.769432711372312
-32.23608755658963,0.14517854401769487,-0.3223608755658963,-6.417302076480408,-7.245199364773883
-32.23608755658963,0.1488888558947057,-0.3223608755658963,-6.749506115164161,-7.738170779550252
-32.23608755658963,0.15259916777171653,-0.3223608755658963,-7.0900931340129105,-8.245812715270652
-32.23608755658963,0.15630947964872738,-0.3223608755658963,-7.439063133026662,-8.764967230526938
-32.23608755658963,0.16001979152573823,-0.3223608755658963,-7.796416112205413,-9.291975777333022
-32.23608755658963,0.16373010340274907,-0.3223608755658963,-8.162152071549162,-9.822867560159846
-32.23608755658963,0.1674404152797599,-0.3223608755658963,-8.536271011057908,-10.353594966793773
-32.23608755658963,0.17115072715677074,-0.3223608755658963,-8.918772930731658,-10.880287961287891
-32.23608755658963,0.17486103903378158,-0.3223608755658963,-9.309657830570405,-11.399494980283151
-32.23608755658963,0.17857135091079243,-0.3223608755658963,-9.708925710574151,-11.908380522843418
-32.23608755658963,0.18228166278780325,-0.3223608755658963,-10.116576570742897,-12.404858491653489
-32.23608755658963,0.1859919746648141,-0.3223608755658963,-10.532610411076643,-12.887652776341405
-32.23608755658963,0.18970228654182494,-0.3223608755658963,-10.957027231575388,-13.35628914474131
-32.23608755658963,0.1934125984188358,-0.3223608755658963,-11.389827032239134,-13.811032312111541
-32.23608755658963,0.1971229102958466,-0.3223608755658963,-11.831009813067874,-14.252787534942303
-32.23608755658963,0.20083322217285746,-0.3223608755658963,-12.280575574061617,-14.682987165756575
-32.23608755658963,0.2045435340498683,-0.3223608755658963,-12.73852431522036,-15.103480313161626
-32.23608755658963,0.20825384592687915,-0.3223608755658963,-13.204856036544104,-15.516439485724556
-32.23608755658963,0.21196415780388997,-0.3223608755658963,-13.679570738032842,-15.924293102482222
-32.23608755658963,0.21567446968090082,-0.3223608755658963,-14.162668419686582,-16.329687786523063
-32.23608755658963,0.21938478155791166,-0.3223608755658963,-14.654149081505324,-16.73547962472331
-32.23608755658963,0.2230950934349225,-0.3223608755658963,-15.154012723489062,-17.144748819457234
-32.23608755658963,0.22680540531193333,-0.3223608755658963,-15.662259345637796,-17.560826847443476
-32.23608755658963,0.23051571718894417,-0.3223608755658963,-16.178888947951535,-17.987318835539728
-32.23608755658963,0.23422602906595502,-0.3223608755658963,-16.703901530430276,-18.428096187297488
-32.23608755658963,0.23793634094296587,-0.3223608755658963,-17.237297093074012,-18.887226307101066
-32.23608755658963,0.2416466528199767,-0.3223608755658963,-17.779075635882744,-19.36880005024865
-32.23608755658963,0.24535696469698753,-0.3223608755658963,-18.32923715885648,-19.876618257296634
-32.23608755658963,0.24906727657399838,-0.3223608755658963,-18.887781661995216,-20.413713942754367
-32.23608755658963,0.2527775884510092,-0.3223608755658963,-19.454709145298953,-20.9817244336437
-32.23608755658963,0.25648790032802005,-0.3223608755658963,-20.03001960876768,-21.580190863854185
-32.23608755658963,0.2601982122050309,-0.3223608755658963,-20.61371305240142,-22.20593974603191
-32.23608755658963,0.26390852408204174,-0.3223608755658963,-21.205789476200145,-22.85276081492545
-32.23608755658963,0.26761883595905256,-0.3223608755658963,-21.806248880163874,-23.51159005222273
-32.23608755658963,0.27132914783606343,-0.3223608755658963,-22.41509126429261,-24.17130194062463
-32.23608755658963,0.27503945971307425,-0.3223608755658963,-23.03231662858634,-24.82002534922901
-32.23608755658963,0.27874977159008507,-0.3223608755658963,-23.657924973045063,-25.446701647318523
-32.23608755658963,0.28246008346709595,-0.3223608755658963,-24.2919162976688,-26.042505636870512
-32.23608755658963,0.28617039534410676,-0.3223608755658963,-24.934290602457523,-26.60180606180925
-32.23608755658963,0.28988070722111764,-0.3223608755658963,-25.585047887411257,-27.122517750096428
-32.23608755658963,0.29359101909812846,-0.3223608755658963,-26.244188152529976,-27.605893564592254
-32.23608755658963,0.2973013309751393,-0.3223608755658963,-26.9117113978137,-28.05593155799328
-32.23608755658963,0.30101164285215015,-0.3223608755658963,-27.587617623262435,-28.47860017999217
-32.23608755658963,0.30472195472916097,-0.3223608755658963,-28.27190682887615,-28.881037461101425
-30.848210705120593,0.011607316445304631,-0.30848210705120593,-0.040647497027371436,0.28660723693924584
-30.848210705120593,0.015317628322315471,-0.30848210705120593,-0.0707869521362199,0.23779521223777533
-30.848210705120593,0.01902794019932631,-0.30848210705120593,-0.109232963059547,0.18479288374689817
-30.848210705120593,0.02273825207633715,-0.30848210705120593,-0.15598552979735272,0.12726723097514014
-30.848210705120593,0.02644856395334799,-0.30848210705120593,-0.21104465234963712,0.06486646620935943
-30.848210705120593,0.03015887583035883,-0.30848210705120593,-0.27441033071640014,-0.0027795231694367484
-30.848210705120593,0.03386918770736967,-0.30848210705120593,-0.3460825648976419,-0.07605844445097487
-30.848210705120593,0.03757949958438051,-0.30848210705120593,-0.42606135489336217,-0.15537456903745706
-30.848210705120593,0.04128981146139135,-0.30848210705120593,-0.5143467007035611,-0.24114740440009252
-30.848210705120593,0.04500012333840219,-0.30848210705120593,-0.6109386023282387,-0.33381009202715606
-30.848210705120593,0.04871043521541303,-0.30848210705120593,-0.715837059767395,-0.43380758123607177
-30.848210705120593,0.05242074709242387,-0.30848210705120593,-0.8290420730210298,-0.5415946607611422
-30.848210705120593,0.05613105896943471,-0.30848210705120593,-0.9505536420891433,-0.657633966888395
-30.848210705120593,0.05984137084644555,-0.30848210705120593,-1.0803717669717354,-0.7823941267903929
-30.848210705120593,0.06355168272345639,-0.30848210705120593,-1.2184964476688063,-0.9163482355620471
-30.848210705120593,0.06726199460046722,-0.30848210705120593,-1.3649276841803553,-1.0599729007053114
-30.848210705120593,0.07097230647747807,-0.30848210705120593,-1.5196654765063835,-1.2137481121777267
-30.848210705120593,0.0746826183544889,-0.30848210705120593,-1.6827098246468901,-1.3781582015377283
-30.848210705120593,0.07839293023149975,-0.30848210705120593,-1.8540607286018755,-1.5536941304121186
-30.848210705120593,0.08210324210851058,-0.30848210705120593,-2.0337181883713393,-1.7408572853075797
-30.848210705120593,0.08581355398552143,-0.30848210705120593,-2.2216822039552824,-1.9401648407210792
-30.848210705120593,0.08952386586253226,-0.30848210705120593,-2.4179527753537036,-2.1521565737708808
-30.848210705120593,0.09323417773954311,-0.30848210705120593,-2.6225299025666033,-2.3774027609778283
-30.848210705120593,0.09694448961655394,-0.30848210705120593,-2.8354135855939817,-2.6165124549160934
-30.848210705120593,0.10065480149356479,-0.30848210705120593,-3.056603824435839,-2.8701410256159834
-30.848210705120593,0.10436511337057562,-0.30848210705120593,-3.2861006190921747,-3.138995370622684
-30.848210705120593,0.10807542524758647,-0.30848210705120593,-3.5239039695629897,-3.4238346780782924
-30.848210705120593,0.1117857371245973,-0.30848210705120593,-3.770013875848282,-3.7254641249451517
-30.848210705120593,0.11549604900160815,-0.30848210705120593,-4.024430337948054,-4.044718499478921
-30.848210705120593,0.11920636087861898,-0.30848210705120593,-4.287153355862304,-4.382432590191067
-30.848210705120593,0.12291667275562983,-0.30848210705120593,-4.558182929591034,-4.739395467267063
-30.848210705120593,0.12662698463264066,-0.30848210705120593,-4.837519059134241,-5.116286716311119
-30.848210705120593,0.1303372965096515,-0.30848210705120593,-5.125161744491927,-5.513594483954311
-30.848210705120593,0.13404760838666235,-0.30848210705120593,-5.421110985664093,-5.931517995350554
-30.848210705120593,0.13775792026367317,-0.30848210705120593,-5.7253667826507355,-6.369860944272639
-30.848210705120593,0.14146823214068402,-0.30848210705120593,-6.037929135451859,-6.827926448201877
-30.848210705120593,0.14517854401769487,-0.30848210705120593,-6.358798044067459,-7.304428289443583
-30.848210705120593,0.1488888558947057,-0.30848210705120593,-6.687973508497539,-7.797435716326076
-30.848210705120593,0.15259916777171653,-0.30848210705120593,-7.0254555287420954,-8.30436878043211
-30.848210705120593,0.15630947964872738,-0.30848210705120593,-7.371244104801133,-8.822056966725125
-30.848210705120593,0.16001979152573823,-0.30848210705120593,-7.72533923667465,-9.346865559770357
-30.848210705120593,0.16373010340274907,-0.30848210705120593,-8.087740924362643,-9.87488295115326
-30.848210705120593,0.1674404152797599,-0.30848210705120593,-8.458449167865114,-10.402150426699029
-30.848210705120593,0.17115072715677074,-0.30848210705120593,-8.837463967182066,-10.924907042109963
-30.848210705120593,0.17486103903378158,-0.30848210705120593,-9.224785322313497,-11.439818705764292
-30.848210705120593,0.17857135091079243,-0.30848210705120593,-9.620413233259406,-11.944163680131746
-30.848210705120593,0.18228166278780325,-0.30848210705120593,-10.024347700019792,-12.435955476103466
-30.848210705120593,0.1859919746648141,-0.30848210705120593,-10.436588722594658,-12.913995968251959
-30.848210705120593,0.18970228654182494,-0.30848210705120593,-10.857136300984005,-13.377863312165276
-30.848210705120593,0.1934125984188358,-0.30848210705120593,-11.285990435187829,-13.827848256590395
-30.848210705120593,0.1971229102958466,-0.30848210705120593,-11.723151125206128,-14.264857357458368
-30.848210705120593,0.20083322217285746,-0.30848210705120593,-12.168618371038907,-14.69030243592232
-30.848210705120593,0.2045435340498683,-0.30848210705120593,-12.622392172686167,-15.105993350783587
-30.848210705120593,0.20825384592687915,-0.30848210705120593,-13.084472530147906,-15.514047096230291
-30.848210705120593,0.21196415780388997,-0.30848210705120593,-13.554859443424121,-15.916821542030096
-30.848210705120593,0.21567446968090082,-0.30848210705120593,-14.033552912514816,-16.316877510278104
-30.848210705120593,0.21938478155791166,-0.30848210705120593,-14.52055293741999,-16.7169685277812
-30.848210705120593,0.2230950934349225,-0.30848210705120593,-15.015859518139642,-17.120053284367856
-30.848210705120593,0.22680540531193333,-0.30848210705120593,-15.519472654673772,-17.529321091591026
-30.848210705120593,0.23051571718894417,-0.30848210705120593,-16.031392347022383,-17.948214973493396
-30.848210705120593,0.23422602906595502,-0.30848210705120593,-16.55161859518547,-18.380430220418273
-30.848210705120593,0.23793634094296587,-0.30848210705120593,-17.08015139916304,-18.829858848549904
-30.848210705120593,0.2416466528199767,-0.30848210705120593,-17.616990758955083,-19.30044440043112
-30.848210705120593,0.24535696469698753,-0.30848210705120593,-18.16213667456161,-19.795910973795348
-30.848210705120593,0.24906727657399838,-0.30848210705120593,-18.715589145982612,-20.319341649266
-30.848210705120593,0.2527775884510092,-0.30848210705120593,-19.277348173218094,-20.872611846645185
-30.848210705120593,0.25648790032802005,-0.30848210705120593,-19.84741375626805,-21.455736355054533
-30.848210705120593,0.2601982122050309,-0.30848210705120593,-20.425785895132496,-22.06625780843707
-30.848210705120593,0.26390852408204174,-0.30848210705120593,-21.012464589811408,-22.698864556393215
-30.848210705120593,0.26761883595905256,-0.30848210705120593,-21.6074498403048,-23.345437188365672
-30.848210705120593,0.27132914783606343,-0.30848210705120593,-22.210741646612682,-23.995649564706405
-30.848210705120593,0.27503945971307425,-0.30848210705120593,-22.822340008735033,-24.63809276501164
-30.848210705120593,0.27874977159008507,-0.30848210705120593,-23.442244926671858,-25.261705981312684
-30.848210705120593,0.28246008346709595,-0.30848210705120593,-24.070456400423176,-25.857178855467797
-30.848210705120593,0.28617039534410676,-0.30848210705120593,-24.70697442998896,-26.41800179436686
-30.848210705120593,0.28988070722111764,-0.30848210705120593,-25.351799015369235,-26.94097598197515
-30.848210705120593,0.29359101909812846,-0.30848210705120593,-26.004930156563976,-27.426176556171804
-30.848210705120593,0.2973013309751393,-0.30848210705120593,-26.6663678535732,-27.87650278016363
-30.848210705120593,0.30101164285215015,-0.30848210705120593,-27.33611210639691,-28.297002662426294
-30.848210705120593,0.30472195472916097,-0.30848210705120593,-28.014162915035087,-28.694135228271776
-29.46033385365156,0.011607316445304631,-0.2946033385365156,-0.040273520299833554,0.2829242408175856
-29.46033385365156,0.015317628322315471,-0.2946033385365156,-0.07013567777375528,0.23373875944316325
-29.46033385365156,0.01902794019932631,-0.2946033385365156,-0.1082279667116349,0.1803255932576111
-29.46033385365156,0.02273825207633715,-0.2946033385365156,-0.15455038711347244,0.12234809353027343
-29.46033385365156,0.02644856395334799,-0.2946033385365156,-0.20910293897926796,0.05945048008134801
-29.46033385365156,0.03015887583035883,-0.2946033385365156,-0.27188562230902136,-0.008741753024089416
-29.46033385365156,0.03386918770736967,-0.2946033385365156,-0.34289843710273277,-0.08262114496581452
-29.46033385365156,0.03757949958438051,-0.2946033385365156,-0.422141383360402,-0.16259727489993425
-29.46033385365156,0.04128981146139135,-0.2946033385365156,-0.5096144610820292,-0.2490954684999327
-29.46033385365156,0.04500012333840219,-0.2946033385365156,-0.6053176702676144,-0.34255522460564314
-29.46033385365156,0.04871043521541303,-0.2946033385365156,-0.7092510109171575,-0.44342840758693036
-29.46033385365156,0.05242074709242387,-0.2946033385365156,-0.8214144830306584,-0.5521772818140149
-29.46033385365156,0.05613105896943471,-0.2946033385365156,-0.9418080866081173,-0.6692725001002418
-29.46033385365156,0.05984137084644555,-0.2946033385365156,-1.070431821649534,-0.7951911964035214
-29.46033385365156,0.06355168272345639,-0.2946033385365156,-1.207285688154909,-0.9304153714681016
-29.46033385365156,0.06726199460046722,-0.2946033385365156,-1.3523696861242414,-1.0754307939926893
-29.46033385365156,0.07097230647747807,-0.2946033385365156,-1.505683815557532,-1.2307266631617122
-29.46033385365156,0.0746826183544889,-0.2946033385365156,-1.6672280764547804,-1.3967962830167964
-29.46033385365156,0.07839293023149975,-0.2946033385365156,-1.8370024688159872,-1.574138975499268
-29.46033385365156,0.08210324210851058,-0.2946033385365156,-2.015006992641151,-1.763263395969188
-29.46033385365156,0.08581355398552143,-0.2946033385365156,-2.201241647930274,-1.9646923007075145
-29.46033385365156,0.08952386586253226,-0.2946033385365156,-2.395706434683354,-2.178968638648729
-29.46033385365156,0.09323417773954311,-0.2946033385365156,-2.598401352900392,-2.4066625894409714
-29.46033385365156,0.09694448961655394,-0.2946033385365156,-2.809326402581388,-2.6483788410048046
-29.46033385365156,0.10065480149356479,-0.2946033385365156,-3.028481583726342,-2.9047629935556243
-29.46033385365156,0.10436511337057562,-0.2946033385365156,-3.255866896335254,-3.1765055072095496
-29.46033385365156,0.10807542524758647,-0.2946033385365156,-3.4914823404081243,-3.464341109121812
-29.46033385365156,0.1117857371245973,-0.2946033385365156,-3.7353279159449517,-3.769041102886346
-29.46033385365156,0.11549604900160815,-0.2946033385365156,-3.9874036229457377,-4.09139567301552
-29.46033385365156,0.11920636087861898,-0.2946033385365156,-4.247709461410481,-4.432183189419388
-29.46033385365156,0.12291667275562983,-0.2946033385365156,-4.516245431339183,-4.792123872924525
-29.46033385365156,0.12662698463264066,-0.2946033385365156,-4.7930115327318425,-5.171816192397405
-29.46033385365156,0.1303372965096515,-0.2946033385365156,-5.07800776558846,-5.571656221160643
-29.46033385365156,0.13404760838666235,-0.2946033385365156,-5.371234129909036,-5.9917429863031195
-29.46033385365156,0.13775792026367317,-0.2946033385365156,-5.672690625693567,-6.4317764962561625
-29.46033385365156,0.14146823214068402,-0.2946033385365156,-5.98237725294206,-6.890959202272411
-29.46033385365156,0.14517854401769487,-0.2946033385365156,-6.3002940116545085,-7.367915312033045
-29.46033385365156,0.1488888558947057,-0.2946033385365156,-6.626440901830916,-7.860644455725443
-29.46033385365156,0.15259916777171653,-0.2946033385365156,-6.9608179234712795,-8.366525439168848
-29.46033385365156,0.15630947964872738,-0.2946033385365156,-7.3034250765756035,-8.882381300135808
-29.46033385365156,0.16001979152573823,-0.2946033385365156,-7.654262361143885,-9.404608610020297
-29.46033385365156,0.16373010340274907,-0.2946033385365156,-8.013329777176125,-9.929363198205333
-29.46033385365156,0.1674404152797599,-0.2946033385365156,-8.380627324672318,-10.45278366120869
-29.46033385365156,0.17115072715677074,-0.2946033385365156,-8.756155003632474,-10.971226095920823
-29.46033385365156,0.17486103903378158,-0.2946033385365156,-9.139912814056588,-11.481480852431234
-29.46033385365156,0.17857135091079243,-0.2946033385365156,-9.531900755944658,-11.980945600595376
-29.46033385365156,0.18228166278780325,-0.2946033385365156,-9.932118829296686,-12.467737617127229
-29.46033385365156,0.1859919746648141,-0.2946033385365156,-10.340567034112672,-12.940739438210478
-29.46033385365156,0.18970228654182494,-0.2946033385365156,-10.757245370392617,-13.399582934813509
-29.46033385365156,0.1934125984188358,-0.2946033385365156,-11.18215383813652,-13.844585084191905
-29.46033385365156,0.1971229102958466,-0.2946033385365156,-11.615292437344378,-14.27665307043994
-29.46033385365156,0.20083322217285746,-0.2946033385365156,-12.056661168016195,-14.697176937841691
-29.46033385365156,0.2045435340498683,-0.2946033385365156,-12.506260030151973,-15.10792577866465
-29.46033385365156,0.20825384592687915,-0.2946033385365156,-12.964089023751708,-15.510959589636142
-29.46033385365156,0.21196415780388997,-0.2946033385365156,-13.430148148815396,-15.908564540689628
-29.46033385365156,0.21567446968090082,-0.2946033385365156,-13.904437405343048,-16.30321511453575
-29.46033385365156,0.21938478155791166,-0.2946033385365156,-14.386956793334656,-16.697562583926153
-29.46033385365156,0.2230950934349225,-0.2946033385365156,-14.877706312790222,-17.094445404065304
-29.46033385365156,0.22680540531193333,-0.2946033385365156,-15.376685963709742,-17.49691288955851
-29.46033385365156,0.23051571718894417,-0.2946033385365156,-15.883895746093225,-17.908248560962495
-29.46033385365156,0.23422602906595502,-0.2946033385365156,-16.399335659940665,-18.331973554330983
-29.46033385365156,0.23793634094296587,-0.2946033385365156,-16.923005705252063,-18.77180387181318
-29.46033385365156,0.2416466528199767,-0.2946033385365156,-17.454905882027415,-19.23152955611234
-29.46033385365156,0.24535696469698753,-0.2946033385365156,-17.99503619026673,-19.714782402729256
-29.46033385365156,0.24906727657399838,-0.2946033385365156,-18.54339662997,-20.22466690735463
-29.46033385365156,0.2527775884510092,-0.2946033385365156,-19.099987201137235,-20.76325318754096
-29.46033385365156,0.25648790032802005,-0.2946033385365156,-19.664807903768416,-21.330974847859604
-29.46033385365156,0.2601982122050309,-0.2946033385365156,-20.23785873786357,-21.926035273535405
-29.46033385365156,0.26390852408204174,-0.2946033385365156,-20.819139703422664,-22.54398426170589
-29.46033385365156,0.26761883595905256,-0.2946033385365156,-21.40865080044572,-23.17765007487069
-29.46033385365156,0.27132914783606343,-0.2946033385365156,-22.006392028932748,-23.81756538094051
-29.46033385365156,0.27503945971307425,-0.2946033385365156,-22.612363388883722,-24.45289974998247
-29.46033385365156,0.27874977159008507,-0.2946033385365156,-23.22656488029865,-25.07274440307214
-29.46033385365156,0.28246008346709595,-0.2946033385365156,-23.848996503177553,-25.66746364727715
-29.46033385365156,0.28617039534410676,-0.2946033385365156,-24.479658257520395,-26.229802133105444
-29.46033385365156,0.28988070722111764,-0.2946033385365156,-25.118550143327212,-26.755531034512433
-29.46033385365156,0.29359101909812846,-0.2946033385365156,-25.765672160597973,-27.24357603628633
-29.46033385365156,0.2973013309751393,-0.2946033385365156,-26.421024309332694,-27.695715315231237
-29.46033385365156,0.30101164285215015,-0.2946033385365156,-27.084606589531383,-28.116011523162204
-29.46033385365156,0.30472195472916097,-0.2946033385365156,-27.75641900119402,-28.510141253361674
-28.072457002182524,0.011607316445304631,-0.28072457002182527,-0.03989954357229568,0.27757996147356057
-28.072457002182524,0.015317628322315471,-0.28072457002182527,-0.06948440341129065,0.2278968650348927
-28.072457002182524,0.01902794019932631,-0.28072457002182527,-0.10722297036372283,0.1739414072486123
-28.072457002182524,0.02273825207633715,-0.28072457002182527,-0.1531152444295922,0.1153732774622025
-28.072457002182524,0.02644856395334799,-0.28072457002182527,-0.20716122560889885,0.051832753594620584
-28.072457002182524,0.03015887583035883,-0.28072457002182527,-0.2693609139016427,-0.017058913695459532
-28.072457002182524,0.03386918770736967,-0.28072457002182527,-0.33971430930782376,-0.09169883052598493
-28.072457002182524,0.03757949958438051,-0.28072457002182527,-0.418221411827442,-0.1725014879725204
-28.072457002182524,0.04128981146139135,-0.28072457002182527,-0.5048822214604975,-0.2598974878164626
-28.072457002182524,0.04500012333840219,-0.28072457002182527,-0.5996967382069902,-0.3543319837360668
-28.072457002182524,0.04871043521541303,-0.28072457002182527,-0.7026649620669201,-0.4562628801798949
-28.072457002182524,0.05242074709242387,-0.28072457002182527,-0.8137868930402873,-0.5661588608131833
-28.072457002182524,0.05613105896943471,-0.28072457002182527,-0.9330625311270916,-0.6844973525868978
-28.072457002182524,0.05984137084644555,-0.28072457002182527,-1.060491876327333,-0.8117625684356353
-28.072457002182524,0.06355168272345639,-0.28072457002182527,-1.196074928641012,-0.94844380844358
-28.072457002182524,0.06726199460046722,-0.28072457002182527,-1.3398116880681274,-1.095034231633435
-28.072457002182524,0.07097230647747807,-0.28072457002182527,-1.4917021546086808,-1.2520303322578168
-28.072457002182524,0.0746826183544889,-0.28072457002182527,-1.6517463282626712,-1.4199323577490117
-28.072457002182524,0.07839293023149975,-0.28072457002182527,-1.8199442090300988,-1.5992458807404704
-28.072457002182524,0.08210324210851058,-0.28072457002182527,-1.9962957969109636,-1.7904846738363085
-28.072457002182524,0.08581355398552143,-0.28072457002182527,-2.180801091905266,-1.9941749213302462
-28.072457002182524,0.08952386586253226,-0.28072457002182527,-2.373460094013005,-2.2108606254220358
-28.072457002182524,0.09323417773954311,-0.28072457002182527,-2.5742728032341815,-2.4411098161684563
-28.072457002182524,0.09694448961655394,-0.28072457002182527,-2.783239219568795,-2.6855208493696576
-28.072457002182524,0.10065480149356479,-0.28072457002182527,-3.000359343016846,-2.944727677718089
-28.072457002182524,0.10436511337057562,-0.28072457002182527,-3.225633173578334,-3.2194025236166253
-28.072457002182524,0.10807542524758647,-0.28072457002182527,-3.45906071125326,-3.5102539023795627
-28.072457002182524,0.1117857371245973,-0.28072457002182527,-3.7006419560416215,-3.8180175048295704
-28.072457002182524,0.11549604900160815,-0.28072457002182527,-3.9503769079434217,-4.143437147083885
-28.072457002182524,0.11920636087861898,-0.28072457002182527,-4.208265566958659,-4.487232972273368
-28.072457002182524,0.12291667275562983,-0.28072457002182527,-4.474307933087333,-4.850054522120512
-28.072457002182524,0.12662698463264066,-0.28072457002182527,-4.748504006329444,-5.23241738268837
-28.072457002182524,0.1303372965096515,-0.28072457002182527,-5.030853786684992,-5.6346240183970195
-28.072457002182524,0.13404760838666235,-0.28072457002182527,-5.321357274153979,-6.0566722067316885
-28.072457002182524,0.13775792026367317,-0.28072457002182527,-5.620014468736401,-6.49815802731967
-28.072457002182524,0.14146823214068402,-0.28072457002182527,-5.926825370432262,-6.958184180694038
-28.072457002182524,0.14517854401769487,-0.28072457002182527,-6.241789979241559,-7.435287683037362
-28.072457002182524,0.1488888558947057,-0.28072457002182527,-6.564908295164295,-7.9274025810205195
-28.072457002182524,0.15259916777171653,-0.28072457002182527,-6.896180318200465,-8.431872106392085
-28.072457002182524,0.15630947964872738,-0.28072457002182527,-7.235606048350075,-8.94551990766885
-28.072457002182524,0.16001979152573823,-0.28072457002182527,-7.583185485613122,-9.464781817275407
-28.072457002182524,0.16373010340274907,-0.28072457002182527,-7.9389186299896055,-9.98588937861531
-28.072457002182524,0.1674404152797599,-0.28072457002182527,-8.302805481479524,-10.505086431625298
-28.072457002182524,0.17115072715677074,-0.28072457002182527,-8.674846040082883,-11.018853143197477
-28.072457002182524,0.17486103903378158,-0.28072457002182527,-9.055040305799679,-11.524110039561839
-28.072457002182524,0.17857135091079243,-0.28072457002182527,-9.44338827862991,-12.018378450885795
-28.072457002182524,0.18228166278780325,-0.28072457002182527,-9.83988995857358,-12.499882190947062
-28.072457002182524,0.1859919746648141,-0.28072457002182527,-10.244545345630687,-12.967585885891436
-28.072457002182524,0.18970228654182494,-0.28072457002182527,-10.657354439801232,-13.421175429179087
-28.072457002182524,0.1934125984188358,-0.28072457002182527,-11.078317241085214,-13.860993470535231
-28.072457002182524,0.1971229102958466,-0.28072457002182527,-11.50743374948263,-14.287946668602066
-28.072457002182524,0.20083322217285746,-0.28072457002182527,-11.944703964993485,-14.70340180023028
-28.072457002182524,0.2045435340498683,-0.28072457002182527,-12.39012788761778,-15.109085617942512
-28.072457002182524,0.20825384592687915,-0.28072457002182527,-12.843705517355511,-15.506999716365979
-28.072457002182524,0.21196415780388997,-0.28072457002182527,-13.305436854206675,-15.899357579456584
-28.072457002182524,0.21567446968090082,-0.28072457002182527,-13.775321898171281,-16.288547025405222
-28.072457002182524,0.21938478155791166,-0.28072457002182527,-14.253360649249325,-16.677117621184745
-28.072457002182524,0.2230950934349225,-0.28072457002182527,-14.739553107440802,-17.06778913950175
-28.072457002182524,0.22680540531193333,-0.28072457002182527,-15.233899272745715,-17.463473404843477
-28.072457002182524,0.23051571718894417,-0.28072457002182527,-15.73639914516407,-17.867297506919716
-28.072457002182524,0.23422602906595502,-0.28072457002182527,-16.247052724695862,-18.282611109299843
-28.072457002182524,0.23793634094296587,-0.28072457002182527,-16.76586001134109,-18.71295470155094
-28.072457002182524,0.2416466528199767,-0.28072457002182527,-17.292821005099754,-19.161960329137575
-28.072457002182524,0.24535696469698753,-0.28072457002182527,-17.827935705971857,-19.63315423876092
-28.072457002182524,0.24906727657399838,-0.28072457002182527,-18.371204113957397,-20.129636398560418
-28.072457002182524,0.2527775884510092,-0.28072457002182527,-18.922626229056377,-20.653630556563957
-28.072457002182524,0.25648790032802005,-0.28072457002182527,-19.482202051268786,-21.20593472393957
-28.072457002182524,0.2601982122050309,-0.28072457002182527,-20.049931580594645,-21.78535410933389
-28.072457002182524,0.26390852408204174,-0.28072457002182527,-20.625814817033927,-22.38825339271216
-28.072457002182524,0.26761883595905256,-0.28072457002182527,-21.20985176058665,-23.008396135572944
-28.072457002182524,0.27132914783606343,-0.28072457002182527,-21.802042411252817,-23.63721443211877
-28.072457002182524,0.27503945971307425,-0.28072457002182527,-22.402386769032415,-24.2645558060281
-28.072457002182524,0.27874977159008507,-0.28072457002182527,-23.01088483392545,-24.879808819332744
-28.072457002182524,0.28246008346709595,-0.28072457002182527,-23.62753660593193,-25.47317477922724
-28.072457002182524,0.28617039534410676,-0.28072457002182527,-24.252342085051836,-26.03679838023397
-28.072457002182524,0.28988070722111764,-0.28072457002182527,-24.88530127128519,-26.565524342652758
-28.072457002182524,0.29359101909812846,-0.28072457002182527,-25.526414164631973,-27.05717919674052
-28.072457002182524,0.2973013309751393,-0.28072457002182527,-26.175680765092192,-27.512419313639473
-28.072457002182524,0.30101164285215015,-0.28072457002182527,-26.833101072665862,-27.934278780570978
-28.072457002182524,0.30472195472916097,-0.28072457002182527,-27.498675087352954,-28.327573218490183
-26.68458015071349,0.011607316445304631,-0.2668458015071349,-0.0395255668447578,0.27055160349879115
-26.68458015071349,0.015317628322315471,-0.2668458015071349,-0.06883312904882603,0.2202458840692798
-26.68458015071349,0.01902794019932631,-0.2668458015071349,-0.10621797401581075,0.1656159255578582
-26.68458015071349,0.02273825207633715,-0.2668458015071349,-0.15168010174571198,0.10631774910003511
-26.68458015071349,0.02644856395334799,-0.2668458015071349,-0.20521951223852972,0.041987772171245386
-26.68458015071349,0.03015887583035883,-0.2668458015071349,-0.26683620549426396,-0.027756813480121822
-26.68458015071349,0.03386918770736967,-0.2668458015071349,-0.33653018151291475,-0.10331737749243763
-26.68458015071349,0.03757949958438051,-0.2668458015071349,-0.414301440294482,-0.18511288450263041
-26.68458015071349,0.04128981146139135,-0.2668458015071349,-0.5001499818389658,-0.2735786235475015
-26.68458015071349,0.04500012333840219,-0.2668458015071349,-0.594075806146366,-0.3691646494552845
-26.68458015071349,0.04871043521541303,-0.2668458015071349,-0.6960789132166828,-0.47233397599082094
-26.68458015071349,0.05242074709242387,-0.2668458015071349,-0.806159303049916,-0.5835605891529332
-26.68458015071349,0.05613105896943471,-0.2668458015071349,-0.9243169756460657,-0.7033273819411654
-26.68458015071349,0.05984137084644555,-0.2668458015071349,-1.0505519310051321,-0.832124147402524
-26.68458015071349,0.06355168272345639,-0.2668458015071349,-1.184864169127115,-0.9704458019367932
-26.68458015071349,0.06726199460046722,-0.2668458015071349,-1.3272536900120138,-1.1187910413297268
-26.68458015071349,0.07097230647747807,-0.2668458015071349,-1.4777204936598296,-1.277661651784699
-26.68458015071349,0.0746826183544889,-0.2668458015071349,-1.6362645800705617,-1.4475626995646826
-26.68458015071349,0.07839293023149975,-0.2668458015071349,-1.8028859492442106,-1.629003796279353
-26.68458015071349,0.08210324210851058,-0.2668458015071349,-1.9775846011807758,-1.8225015715375883
-26.68458015071349,0.08581355398552143,-0.2668458015071349,-2.160360535880258,-2.028583369126171
-26.68458015071349,0.08952386586253226,-0.2668458015071349,-2.351213753342656,-2.247792006016657
-26.68458015071349,0.09323417773954311,-0.2668458015071349,-2.5501442535679706,-2.4806911865148846
-26.68458015071349,0.09694448961655394,-0.2668458015071349,-2.757152036556202,-2.7278708427618463
-26.68458015071349,0.10065480149356479,-0.2668458015071349,-2.9722371023073495,-2.9899512821437293
-26.68458015071349,0.10436511337057562,-0.2668458015071349,-3.195399450821414,-3.26758458019827
-26.68458015071349,0.10807542524758647,-0.2668458015071349,-3.426639082098395,-3.5614512027384393
-26.68458015071349,0.1117857371245973,-0.2668458015071349,-3.6659559961382917,-3.8722494393671756
-26.68458015071349,0.11549604900160815,-0.2668458015071349,-3.913350192941106,-4.200674983501482
-26.68458015071349,0.11920636087861898,-0.2668458015071349,-4.168821672506836,-4.547388041109891
-26.68458015071349,0.12291667275562983,-0.2668458015071349,-4.432370434835483,-4.912965863968201
-26.68458015071349,0.12662698463264066,-0.2668458015071349,-4.703996479927047,-5.297839765559205
-26.68458015071349,0.1303372965096515,-0.2668458015071349,-4.983699807781526,-5.702217632491052
-26.68458015071349,0.13404760838666235,-0.2668458015071349,-5.271480418398923,-6.12599571897327
-26.68458015071349,0.13775792026367317,-0.2668458015071349,-5.567338311779235,-6.568666918898387
-26.68458015071349,0.14146823214068402,-0.2668458015071349,-5.871273487922465,-7.029236256214977
-26.68458015071349,0.14517854401769487,-0.2668458015071349,-6.18328594682861,-7.5061571922451815
-26.68458015071349,0.1488888558947057,-0.2668458015071349,-6.503375688497673,-7.997303457171993
-26.68458015071349,0.15259916777171653,-0.2668458015071349,-6.83154271292965,-8.499989450030256
-26.68458015071349,0.15630947964872738,-0.2668458015071349,-7.167787020124546,-9.011047251602978
-26.68458015071349,0.16001979152573823,-0.2668458015071349,-7.512108610082358,-9.526960271751568
-26.68458015071349,0.16373010340274907,-0.2668458015071349,-7.864507482803088,-10.044043904766216
-26.68458015071349,0.1674404152797599,-0.2668458015071349,-8.22498363828673,-10.558654556349824
-26.68458015071349,0.17115072715677074,-0.2668458015071349,-8.593537076533291,-11.067402490703051
-26.68458015071349,0.17486103903378158,-0.2668458015071349,-8.970167797542771,-11.56734288338539
-26.68458015071349,0.17857135091079243,-0.2668458015071349,-9.354875801315165,-12.056123611428156
-26.68458015071349,0.18228166278780325,-0.2668458015071349,-9.747661087850474,-12.53207647331412
-26.68458015071349,0.1859919746648141,-0.2668458015071349,-10.148523657148703,-12.994248450334375
-26.68458015071349,0.18970228654182494,-0.2668458015071349,-10.557463509209848,-13.442378837443407
-26.68458015071349,0.1934125984188358,-0.2668458015071349,-10.974480644033909,-13.87683473770166
-26.68458015071349,0.1971229102958466,-0.2668458015071349,-11.399575061620883,-14.298520724713956
-26.68458015071349,0.20083322217285746,-0.2668458015071349,-11.832746761970776,-14.708778634145336
-26.68458015071349,0.2045435340498683,-0.2668458015071349,-12.273995745083587,-15.109291296688093
-26.68458015071349,0.20825384592687915,-0.2668458015071349,-12.723322010959315,-15.502000613915062
-26.68458015071349,0.21196415780388997,-0.2668458015071349,-13.180725559597954,-15.889046587185923
-26.68458015071349,0.21567446968090082,-0.2668458015071349,-13.646206390999515,-16.272730274691575
-26.68458015071349,0.21938478155791166,-0.2668458015071349,-14.119764505163992,-16.655500335650586
-26.68458015071349,0.2230950934349225,-0.2668458015071349,-14.601399902091384,-17.03995968272061
-26.68458015071349,0.22680540531193333,-0.2668458015071349,-15.09111258178169,-17.428885475524794
-26.68458015071349,0.23051571718894417,-0.2668458015071349,-15.588902544234916,-17.825251875459372
-26.68458015071349,0.23422602906595502,-0.2668458015071349,-16.09476978945106,-18.232240404901848
-26.68458015071349,0.23793634094296587,-0.2668458015071349,-16.60871431743012,-18.653217565069433
-26.68458015071349,0.2416466528199767,-0.2668458015071349,-17.130736128172092,-19.091654476380796
-26.68458015071349,0.24535696469698753,-0.2668458015071349,-17.660835221676983,-19.550960817324587
-26.68458015071349,0.24906727657399838,-0.2668458015071349,-18.199011597944793,-20.034208847779396
-26.68458015071349,0.2527775884510092,-0.2668458015071349,-18.745265256975518,-20.543737564294133
-26.68458015071349,0.25648790032802005,-0.2668458015071349,-19.299596198769155,-21.080656249268632
-26.68458015071349,0.2601982122050309,-0.2668458015071349,-19.86200442332572,-21.644310845194724
-26.68458015071349,0.26390852408204174,-0.2668458015071349,-20.43248993064519,-22.23182666617974
-26.68458015071349,0.26761883595905256,-0.2668458015071349,-21.011052720727573,-22.837876128460373
-26.68458015071349,0.27132914783606343,-0.2668458015071349,-21.597692793572886,-23.45481266331646
-26.68458015071349,0.27503945971307425,-0.2668458015071349,-22.19241014918111,-24.07324257024572
-26.68458015071349,0.27874977159008507,-0.2668458015071349,-22.795204787552244,-24.682984589348887
-26.68458015071349,0.28246008346709595,-0.2668458015071349,-23.406076708686307,-25.274237628507763
-26.68458015071349,0.28617039534410676,-0.2668458015071349,-24.025025912583274,-25.83870193773195
-26.68458015071349,0.28988070722111764,-0.2668458015071349,-24.65205239924317,-26.370417293020417
-26.68458015071349,0.29359101909812846,-0.2668458015071349,-25.287156168665973,-26.866182675871368
-26.68458015071349,0.2973013309751393,-0.2668458015071349,-25.930337220851694,-27.325552862612586
-26.68458015071349,0.30101164285215015,-0.2668458015071349,-26.581595555800337,-27.750509893724367
-26.68458015071349,0.30472195472916097,-0.2668458015071349,-27.24093117351189,-28.144950519202208
-25.296703299244456,0.011607316445304631,-0.25296703299244455,-0.03915159011721992,0.2618079649575229
-25.296703299244456,0.015317628322315471,-0.25296703299244455,-0.06818185468636141,0.2107535495380548
-25.296703299244456,0.01902794019932631,-0.25296703299244455,-0.10521297766789868,0.1553159616966462
-25.296703299244456,0.02273825207633715,-0.25296703299244455,-0.15024495906183172,0.09514758703725734
-25.296703299244456,0.02644856395334799,-0.25296703299244455,-0.2032777988681606,0.029881107600464585
-25.296703299244456,0.03015887583035883,-0.25296703299244455,-0.2643114970868852,-0.04087011107040217
-25.296703299244456,0.03386918770736967,-0.25296703299244455,-0.33334605371800574,-0.11751134585455847
-25.296703299244456,0.03757949958438051,-0.25296703299244455,-0.410381468761522,-0.2004655391775385
-25.296703299244456,0.04128981146139135,-0.25296703299244455,-0.495417742217434,-0.2901720167136801
-25.296703299244456,0.04500012333840219,-0.25296703299244455,-0.5884548740857418,-0.38708491494526154
-25.296703299244456,0.04871043521541303,-0.25296703299244455,-0.6894928643664454,-0.4916713567540161
-25.296703299244456,0.05242074709242387,-0.25296703299244455,-0.7985317130595448,-0.6044094409527452
-25.296703299244456,0.05613105896943471,-0.25296703299244455,-0.91557142016504,-0.7257861434087471
-25.296703299244456,0.05984137084644555,-0.25296703299244455,-1.040611985682931,-0.8562952614337216
-25.296703299244456,0.06355168272345639,-0.25296703299244455,-1.1736534096132178,-0.9964355665077802
-25.296703299244456,0.06726199460046722,-0.25296703299244455,-1.3146956919559,-1.146709358827372
-25.296703299244456,0.07097230647747807,-0.25296703299244455,-1.4637388327109784,-1.3076216346449396
-25.296703299244456,0.0746826183544889,-0.25296703299244455,-1.6207828318784525,-1.479680076204808
-25.296703299244456,0.07839293023149975,-0.25296703299244455,-1.7858276894583225,-1.6633960449417418
-25.296703299244456,0.08210324210851058,-0.25296703299244455,-1.958873405450588,-1.8592866908792278
-25.296703299244456,0.08581355398552143,-0.25296703299244455,-2.1399199798552497,-2.06787817366505
-25.296703299244456,0.08952386586253226,-0.25296703299244455,-2.328967412672307,-2.2897098128951376
-25.296703299244456,0.09323417773954311,-0.25296703299244455,-2.52601570390176,-2.5253387393376117
-25.296703299244456,0.09694448961655394,-0.25296703299244455,-2.7310648535436086,-2.7753443017321375
-25.296703299244456,0.10065480149356479,-0.25296703299244455,-2.9441148615978534,-3.0403311025573974
-25.296703299244456,0.10436511337057562,-0.25296703299244455,-3.1651657280644936,-3.3209291114504165
-25.296703299244456,0.10807542524758647,-0.25296703299244455,-3.3942174529435305,-3.617788878520802
-25.296703299244456,0.1117857371245973,-0.25296703299244455,-3.631270036234962,-3.931569511131781
-25.296703299244456,0.11549604900160815,-0.25296703299244455,-3.87632347793879,-4.262916890049416
-25.296703299244456,0.11920636087861898,-0.25296703299244455,-4.129377778055013,-4.612429722543693
-25.296703299244456,0.12291667275562983,-0.25296703299244455,-4.390432936583633,-4.980611625808602
-25.296703299244456,0.12662698463264066,-0.25296703299244455,-4.659488953524648,-5.367808668985537
-25.296703299244456,0.1303372965096515,-0.25296703299244455,-4.936545828878059,-5.774133791120057
-25.296703299244456,0.13404760838666235,-0.25296703299244455,-5.221603562643867,-6.199382244508023
-25.296703299244456,0.13775792026367317,-0.25296703299244455,-5.514662154822068,-6.642945460520817
-25.296703299244456,0.14146823214068402,-0.25296703299244455,-5.815721605412667,-7.103733980198989
-25.296703299244456,0.14517854401769487,-0.25296703299244455,-6.124781914415661,-7.5801225208402405
-25.296703299244456,0.1488888558947057,-0.25296703299244455,-6.441843081831051,-8.069930873336833
-25.296703299244456,0.15259916777171653,-0.25296703299244455,-6.766905107658835,-8.57045225492127
-25.296703299244456,0.15630947964872738,-0.25296703299244455,-7.0999679918990175,-9.078535579732154
-25.296703299244456,0.16001979152573823,-0.25296703299244455,-7.441031734551595,-9.590720307065412
-25.296703299244456,0.16373010340274907,-0.25296703299244455,-7.790096335616569,-10.103413514740597
-25.296703299244456,0.1674404152797599,-0.25296703299244455,-8.147161795093936,-10.613090764595887
-25.296703299244456,0.17115072715677074,-0.25296703299244455,-8.512228112983701,-11.11649737903338
-25.296703299244456,0.17486103903378158,-0.25296703299244455,-8.885295289285862,-11.610826389200835
-25.296703299244456,0.17857135091079243,-0.25296703299244455,-9.266363324000418,-12.093853784844441
-25.296703299244456,0.18228166278780325,-0.25296703299244455,-9.65543221712737,-12.564019555276523
-25.296703299244456,0.1859919746648141,-0.25296703299244455,-10.052501968666718,-13.02045223991411
-25.296703299244456,0.18970228654182494,-0.25296703299244455,-10.457572578618462,-13.46294308997351
-25.296703299244456,0.1934125984188358,-0.25296703299244455,-10.870644046982603,-13.891881874622033
-25.296703299244456,0.1971229102958466,-0.25296703299244455,-11.291716373759135,-14.308169196286787
-25.296703299244456,0.20083322217285746,-0.25296703299244455,-11.720789558948066,-14.713120154148221
-25.296703299244456,0.2045435340498683,-0.25296703299244455,-12.157863602549394,-15.108372110984616
-25.296703299244456,0.20825384592687915,-0.25296703299244455,-12.602938504563118,-15.495806128813362
-25.296703299244456,0.21196415780388997,-0.25296703299244455,-13.056014264989233,-15.877488138870238
-25.296703299244456,0.21567446968090082,-0.25296703299244455,-13.517090883827748,-16.255632583937484
-25.296703299244456,0.21938478155791166,-0.25296703299244455,-13.98616836107866,-16.632588264911
-25.296703299244456,0.2230950934349225,-0.25296703299244455,-14.463246696741965,-17.010843318259635
-25.296703299244456,0.22680540531193333,-0.25296703299244455,-14.948325890817664,-17.393043358675605
-25.296703299244456,0.23051571718894417,-0.25296703299244455,-15.441405943305762,-17.78201350672005
-25.296703299244456,0.23422602906595502,-0.25296703299244455,-15.942486854206257,-18.18077105139744
-25.296703299244456,0.23793634094296587,-0.25296703299244455,-16.451568623519147,-18.592510948853718
-25.296703299244456,0.2416466528199767,-0.25296703299244455,-16.968651251244427,-19.020541912549177
-25.296703299244456,0.24535696469698753,-0.25296703299244455,-17.49373473738211,-19.468148157650763
-25.296703299244456,0.24906727657399838,-0.25296703299244455,-18.026819081932185,-19.938353826915133
-25.296703299244456,0.2527775884510092,-0.25296703299244455,-18.567904284894663,-20.433577746972254
-25.296703299244456,0.25648790032802005,-0.25296703299244455,-19.116990346269525,-20.955189347753088
-25.296703299244456,0.2601982122050309,-0.25296703299244455,-19.674077266056795,-21.50301337482671
-25.296703299244456,0.26390852408204174,-0.25296703299244455,-20.23916504425645,-22.074875613723247
-25.296703299244456,0.26761883595905256,-0.25296703299244455,-20.8122536808685,-22.666318487452717
-25.296703299244456,0.27132914783606343,-0.25296703299244455,-21.39334317589296,-23.270620620474823
-25.296703299244456,0.27503945971307425,-0.25296703299244455,-21.982433529329803,-23.879208074496244
-25.296703299244456,0.27874977159008507,-0.25296703299244455,-22.57952474117904,-24.482446945766096
-25.296703299244456,0.28246008346709595,-0.25296703299244455,-23.184616811440687,-25.070688289090924
-25.296703299244456,0.28617039534410676,-0.25296703299244455,-23.797709740114716,-25.635349128690308
-25.296703299244456,0.28988070722111764,-0.25296703299244455,-24.418803527201153,-26.16980123681614
-25.296703299244456,0.29359101909812846,-0.25296703299244455,-25.047898172699973,-26.669908087497205
-25.296703299244456,0.2973013309751393,-0.25296703299244455,-25.684993676611192,-27.134163891484675
-25.296703299244456,0.30101164285215015,-0.25296703299244455,-26.330090038934816,-27.563494101127837
-25.296703299244456,0.30472195472916097,-0.25296703299244455,-26.983187259670824,-27.960836592048757
-23.90882644777542,0.011607316445304631,-0.23908826447775422,-0.038777613389682046,0.2513097087148253
-23.90882644777542,0.015317628322315471,-0.23908826447775422,-0.06753058032389679,0.19937930292542405
-23.90882644777542,0.01902794019932631,-0.23908826447775422,-0.10420798131998661,0.14299993948718703
-23.90882644777542,0.02273825207633715,-0.23908826447775422,-0.1488098163779515,0.08182045184045905
-23.90882644777542,0.02644856395334799,-0.23908826447775422,-0.2013360854977915,0.015469967792543837
-23.90882644777542,0.03015887583035883,-0.23908826447775422,-0.26178678867950655,-0.056441678994590294
-23.90882644777542,0.03386918770736967,-0.23908826447775422,-0.33016192592309673,-0.13432324955705943
-23.90882644777542,0.03757949958438051,-0.23908826447775422,-0.40646149722856195,-0.21860109676919937
-23.90882644777542,0.04128981146139135,-0.23908826447775422,-0.49068550259590227,-0.3097178566208716
-23.90882644777542,0.04500012333840219,-0.23908826447775422,-0.5828339420251176,-0.4081308487509703
-23.90882644777542,0.04871043521541303,-0.23908826447775422,-0.6829068155162081,-0.5143102237142432
-23.90882644777542,0.05242074709242387,-0.23908826447775422,-0.7909041230691737,-0.6287369213857663
-23.90882644777542,0.05613105896943471,-0.23908826447775422,-0.9068258646840143,-0.7519005355242043
-23.90882644777542,0.05984137084644555,-0.23908826447775422,-1.03067204036073,-0.8842972120396853
-23.90882644777542,0.06355168272345639,-0.23908826447775422,-1.1624426500993208,-1.0264277399969246
-23.90882644777542,0.06726199460046722,-0.23908826447775422,-1.3021376938997862,-1.178796020472941
-23.90882644777542,0.07097230647747807,-0.23908826447775422,-1.4497571717621272,-1.341908113125145
-23.90882644777542,0.0746826183544889,-0.23908826447775422,-1.605301083686343,-1.5162720560806344
-23.90882644777542,0.07839293023149975,-0.23908826447775422,-1.7687694296724343,-1.7023986223416328
-23.90882644777542,0.08210324210851058,-0.23908826447775422,-1.9401622097204003,-1.9008031049569873
-23.90882644777542,0.08581355398552143,-0.23908826447775422,-2.1194794238302417,-2.1120081029923092
-23.90882644777542,0.08952386586253226,-0.23908826447775422,-2.3067210720019578,-2.3365471010256122
-23.90882644777542,0.09323417773954311,-0.23908826447775422,-2.501887154235549,-2.5749683896251208
-23.90882644777542,0.09694448961655394,-0.23908826447775422,-2.7049776705310156,-2.827838562000047
-23.90882644777542,0.10065480149356479,-0.23908826447775422,-2.9159926208883573,-3.0957444515639514
-23.90882644777542,0.10436511337057562,-0.23908826447775422,-3.1349320053075735,-3.3792919703362445
-23.90882644777542,0.10807542524758647,-0.23908826447775422,-3.361795823788666,-3.6790999139268665
-23.90882644777542,0.1117857371245973,-0.23908826447775422,-3.596584076331632,-3.9957864877773757
-23.90882644777542,0.11549604900160815,-0.23908826447775422,-3.839296762936474,-4.32994618583288
-23.90882644777542,0.11920636087861898,-0.23908826447775422,-4.089933883603191,-4.682114852478126
-23.90882644777542,0.12291667275562983,-0.23908826447775422,-4.348495438331783,-5.052721436429383
-23.90882644777542,0.12662698463264066,-0.23908826447775422,-4.61498142712225,-5.442026246842042
-23.90882644777542,0.1303372965096515,-0.23908826447775422,-4.889391849974592,-5.850047531645521
-23.90882644777542,0.13404760838666235,-0.23908826447775422,-5.17172670688881,-6.2764808664693446
-23.90882644777542,0.13775792026367317,-0.23908826447775422,-5.461985997864901,-6.72061890513645
-23.90882644777542,0.14146823214068402,-0.23908826447775422,-5.760169722902869,-7.181281964172882
-23.90882644777542,0.14517854401769487,-0.23908826447775422,-6.066277882002711,-7.6567719041525235
-23.90882644777542,0.1488888558947057,-0.23908826447775422,-6.380310475164429,-8.144861922984793
-23.90882644777542,0.15259916777171653,-0.23908826447775422,-6.702267502388021,-8.642832440348377
-23.90882644777542,0.15630947964872738,-0.23908826447775422,-7.032148963673489,-9.147557990157427
-23.90882644777542,0.16001979152573823,-0.23908826447775422,-7.369954859020832,-9.655642520068273
-23.90882644777542,0.16373010340274907,-0.23908826447775422,-7.715685188430051,-10.163592161736524
-23.90882644777542,0.1674404152797599,-0.23908826447775422,-8.069339951901142,-10.668007384284406
-23.90882644777542,0.17115072715677074,-0.23908826447775422,-8.43091914943411,-11.165772417219703
-23.90882644777542,0.17486103903378158,-0.23908826447775422,-8.800422781028955,-11.654220101997508
-23.90882644777542,0.17857135091079243,-0.23908826447775422,-9.177850846685672,-12.131254851763892
-23.90882644777542,0.18228166278780325,-0.23908826447775422,-9.563203346404265,-12.595423909882125
-23.90882644777542,0.1859919746648141,-0.23908826447775422,-9.956480280184733,-13.045935627777284
-23.90882644777542,0.18970228654182494,-0.23908826447775422,-10.357681648027077,-13.482631054934803
-23.90882644777542,0.1934125984188358,-0.23908826447775422,-10.766807449931298,-13.905920369840262
-23.90882644777542,0.1971229102958466,-0.23908826447775422,-11.183857685897388,-14.316698070693493
-23.90882644777542,0.20083322217285746,-0.23908826447775422,-11.608832355925356,-14.716250662744134
-23.90882644777542,0.2045435340498683,-0.23908826447775422,-12.041731460015201,-15.106168571690233
-23.90882644777542,0.20825384592687915,-0.23908826447775422,-12.482554998166922,-15.4882710436626
-23.90882644777542,0.21196415780388997,-0.23908826447775422,-12.931302970380512,-15.864549575274552
-23.90882644777542,0.21567446968090082,-0.23908826447775422,-13.387975376655982,-16.237132383224107
-23.90882644777542,0.21938478155791166,-0.23908826447775422,-13.852572216993329,-16.6082697071548
-23.90882644777542,0.2230950934349225,-0.23908826447775422,-14.325093491392547,-16.980337239122715
-23.90882644777542,0.22680540531193333,-0.23908826447775422,-14.805539199853637,-17.355852436600635
-23.90882644777542,0.23051571718894417,-0.23908826447775422,-15.293909342376608,-17.737495605569247
-23.90882644777542,0.23422602906595502,-0.23908826447775422,-15.790203918961453,-18.128124213766387
-23.90882644777542,0.23793634094296587,-0.23908826447775422,-16.294422929608174,-18.530764932126726
-23.90882644777542,0.2416466528199767,-0.23908826447775422,-16.806566374316766,-18.94856390501415
-23.90882644777542,0.24535696469698753,-0.23908826447775422,-17.326634253087235,-19.384672995862886
-23.90882644777542,0.24906727657399838,-0.23908826447775422,-17.85462656591958,-19.842050563116548
-23.90882644777542,0.2527775884510092,-0.23908826447775422,-18.390543312813804,-20.323163009061705
-23.90882644777542,0.25648790032802005,-0.23908826447775422,-18.934384493769894,-20.82959142541753
-23.90882644777542,0.2601982122050309,-0.23908826447775422,-19.48615010878787,-21.36157780562769
-23.90882644777542,0.26390852408204174,-0.23908826447775422,-20.045840157867712,-21.917584100464204
-23.90882644777542,0.26761883595905256,-0.23908826447775422,-20.613454641009426,-22.493973382351456
-23.90882644777542,0.27132914783606343,-0.23908826447775422,-21.188993558213028,-23.08493643620825
-23.90882644777542,0.27503945971307425,-0.23908826447775422,-21.772456909478496,-23.68275972171522
-23.90882644777542,0.27874977159008507,-0.23908826447775422,-22.363844694805838,-24.27845557285346
-23.90882644777542,0.28246008346709595,-0.23908826447775422,-22.963156914195064,-24.862671462820785
-23.90882644777542,0.28617039534410676,-0.23908826447775422,-23.570393567646153,-25.426703687550795
-23.90882644777542,0.28988070722111764,-0.23908826447775422,-24.18555465515913,-25.963405185509714
-23.90882644777542,0.29359101909812846,-0.23908826447775422,-24.808640176733974,-26.46781506534582
-23.90882644777542,0.2973013309751393,-0.23908826447775422,-25.43965013237069,-26.93742886636225
-23.90882644777542,0.30101164285215015,-0.23908826447775422,-26.078584522069296,-27.372129984488787
-23.90882644777542,0.30472195472916097,-0.23908826447775422,-26.72544334582976,-27.773874065592842
-22.520949596306387,0.011607316445304631,-0.22520949596306386,-0.03840363666214417,0.23900967477452828
-22.520949596306387,0.015317628322315471,-0.22520949596306386,-0.06687930596143218,0.18607467708746706
-22.520949596306387,0.01902794019932631,-0.22520949596306386,-0.10320298497207453,0.1286183544313919
-22.520949596306387,0.02273825207633715,-0.22520949596306386,-0.14737467369407126,0.06628613391410942
-22.520949596306387,0.02644856395334799,-0.22520949596306386,-0.19939437212742236,-0.0012961610074360141
-22.520949596306387,0.03015887583035883,-0.22520949596306386,-0.2592620802721278,-0.0745218596181938
-22.520949596306387,0.03386918770736967,-0.22520949596306386,-0.3269777981281877,-0.15380270401520435
-22.520949596306387,0.03757949958438051,-0.22520949596306386,-0.4025415256956019,-0.2395678055692685
-22.520949596306387,0.04128981146139135,-0.22520949596306386,-0.48595326297437047,-0.3322622961513386
-22.520949596306387,0.04500012333840219,-0.22520949596306386,-0.5772130099644934,-0.4323456898617408
-22.520949596306387,0.04871043521541303,-0.22520949596306386,-0.6763207666659707,-0.5402899929281033
-22.520949596306387,0.05242074709242387,-0.22520949596306386,-0.7832765330788024,-0.6565776256341422
-22.520949596306387,0.05613105896943471,-0.22520949596306386,-0.8980803092029884,-0.7816992496509612
-22.520949596306387,0.05984137084644555,-0.22520949596306386,-1.0207320950385288,-0.9161516251062429
-22.520949596306387,0.06355168272345639,-0.22520949596306386,-1.1512318905854235,-1.0604356511342876
-22.520949596306387,0.06726199460046722,-0.22520949596306386,-1.2895796958436725,-1.215054767104417
-22.520949596306387,0.07097230647747807,-0.22520949596306386,-1.4357755108132761,-1.3805139032733575
-22.520949596306387,0.0746826183544889,-0.22520949596306386,-1.5898193354942338,-1.5573191616908946
-22.520949596306387,0.07839293023149975,-0.22520949596306386,-1.7517111698865462,-1.7459783717907467
-22.520949596306387,0.08210324210851058,-0.22520949596306386,-1.9214510139902126,-1.9470025901919201
-22.520949596306387,0.08581355398552143,-0.22520949596306386,-2.0990388678052336,-2.160908490631641
-22.520949596306387,0.08952386586253226,-0.22520949596306386,-2.284474731331609,-2.3882214087140587
-22.520949596306387,0.09323417773954311,-0.22520949596306386,-2.4777586045693387,-2.6294785617325114
-22.520949596306387,0.09694448961655394,-0.22520949596306386,-2.6788904875184225,-2.8852316570564973
-22.520949596306387,0.10065480149356479,-0.22520949596306386,-2.8878703801788608,-3.1560477447803565
-22.520949596306387,0.10436511337057562,-0.22520949596306386,-3.1046982825506535,-3.4425067883805163
-22.520949596306387,0.10807542524758647,-0.22520949596306386,-3.329374194633801,-3.745194069228292
-22.520949596306387,0.1117857371245973,-0.22520949596306386,-3.561898116428302,-4.064685281925698
-22.520949596306387,0.11549604900160815,-0.22520949596306386,-3.8022700479341585,-4.401522122239998
-22.520949596306387,0.11920636087861898,-0.22520949596306386,-4.050489989151369,-4.7561764490723295
-22.520949596306387,0.12291667275562983,-0.22520949596306386,-4.306557940079934,-5.129001859592233
-22.520949596306387,0.12662698463264066,-0.22520949596306386,-4.570473900719852,-5.520172876226801
-22.520949596306387,0.1303372965096515,-0.22520949596306386,-4.842237871071125,-5.9296139583260175
-22.520949596306387,0.13404760838666235,-0.22520949596306386,-5.121849851133754,-6.356923132921954
-22.520949596306387,0.13775792026367317,-0.22520949596306386,-5.409309840907735,-6.8012978914615845
-22.520949596306387,0.14146823214068402,-0.22520949596306386,-5.704617840393071,-7.261473578220355
-22.520949596306387,0.14517854401769487,-0.22520949596306386,-6.007773849589762,-7.735686045794343
-22.520949596306387,0.1488888558947057,-0.22520949596306386,-6.318777868497808,-8.22167005757066
-22.520949596306387,0.15259916777171653,-0.22520949596306386,-6.637629897117206,-8.716702165675105
-22.520949596306387,0.15630947964872738,-0.22520949596306386,-6.96432993544796,-9.217691497212373
-22.520949596306387,0.16001979152573823,-0.22520949596306386,-7.298877983490069,-9.72131470997059
-22.520949596306387,0.16373010340274907,-0.22520949596306386,-7.641274041243532,-10.224183752117334
-22.520949596306387,0.1674404152797599,-0.22520949596306386,-7.991518108708347,-10.723028823611347
-22.520949596306387,0.17115072715677074,-0.22520949596306386,-8.349610185884519,-11.214875774075882
-22.520949596306387,0.17486103903378158,-0.22520949596306386,-8.715550272772047,-11.697197994966713
-22.520949596306387,0.17857135091079243,-0.22520949596306386,-9.089338369370926,-12.168027461839346
-22.520949596306387,0.18228166278780325,-0.22520949596306386,-9.47097447568116,-12.626016704355138
-22.520949596306387,0.1859919746648141,-0.22520949596306386,-9.860458591702749,-13.070451312174972
-22.520949596306387,0.18970228654182494,-0.22520949596306386,-10.257790717435693,-13.501219377635206
-22.520949596306387,0.1934125984188358,-0.22520949596306386,-10.662970852879992,-13.918748861023365
-22.520949596306387,0.1971229102958466,-0.22520949596306386,-11.07599899803564,-14.323925853744122
-22.520949596306387,0.20083322217285746,-0.22520949596306386,-11.496875152902646,-14.71800640299994
-22.520949596306387,0.2045435340498683,-0.22520949596306386,-11.925599317481009,-15.102532641168777
-22.520949596306387,0.20825384592687915,-0.22520949596306386,-12.362171491770725,-15.479261212649197
-22.520949596306387,0.21196415780388997,-0.22520949596306386,-12.806591675771791,-15.850109046358268
-22.520949596306387,0.21567446968090082,-0.22520949596306386,-13.258859869484215,-16.217118766242113
-22.520949596306387,0.21938478155791166,-0.22520949596306386,-13.718976072907996,-16.582443586720792
-22.520949596306387,0.2230950934349225,-0.22520949596306386,-14.186940286043127,-16.94834931760502
-22.520949596306387,0.22680540531193333,-0.22520949596306386,-14.66275250888961,-17.317228885086905
-22.520949596306387,0.23051571718894417,-0.22520949596306386,-15.146412741447454,-17.691622298621464
-22.520949596306387,0.23422602906595502,-0.22520949596306386,-15.63792098371665,-18.074232049916564
-22.520949596306387,0.23793634094296587,-0.22520949596306386,-16.1372772356972,-18.467920500460046
-22.520949596306387,0.2416466528199767,-0.22520949596306386,-16.6444814973891,-18.87567225575591
-22.520949596306387,0.24535696469698753,-0.22520949596306386,-17.15953376879236,-19.300501815813416
-22.520949596306387,0.24906727657399838,-0.22520949596306386,-17.682434049906977,-19.74528676266919
-22.520949596306387,0.2527775884510092,-0.22520949596306386,-18.213182340732946,-20.21251210968108
-22.520949596306387,0.25648790032802005,-0.22520949596306386,-18.751778641270263,-20.703925272695894
-22.520949596306387,0.2601982122050309,-0.22520949596306386,-19.298222951518948,-21.220125403007607
-22.520949596306387,0.26390852408204174,-0.22520949596306386,-19.85251527147897,-21.760143884918932
-22.520949596306387,0.26761883595905256,-0.22520949596306386,-20.41465560115035,-22.32110661868894
-22.520949596306387,0.27132914783606343,-0.22520949596306386,-20.984643940533097,-22.898088245326296
-22.520949596306387,0.27503945971307425,-0.22520949596306386,-21.562480289627192,-23.484256090556382
-22.520949596306387,0.27874977159008507,-0.22520949596306386,-22.148164648432633,-24.07134735468686
-22.520949596306387,0.28246008346709595,-0.22520949596306386,-22.74169701694944,-24.650436010598266
-22.520949596306387,0.28617039534410676,-0.22520949596306386,-23.343077395177595,-25.212856699407816
-22.520949596306387,0.28988070722111764,-0.22520949596306386,-23.95230578311711,-25.751101010607474
-22.520949596306387,0.29359101909812846,-0.22520949596306386,-24.56938218076797,-26.259511879818692
-22.520949596306387,0.2973013309751393,-0.22520949596306386,-25.19430658813019,-26.734668743798228
-22.520949596306387,0.30101164285215015,-0.22520949596306386,-25.82707900520377,-27.17544720620523
-22.520949596306387,0.30472195472916097,-0.22520949596306386,-26.467699431988695,-27.58281400555331
-21.133072744837353,0.011607316445304631,-0.21133072744837353,-0.038029659934606296,0.2248532462046433
-21.133072744837353,0.015317628322315471,-0.21133072744837353,-0.06622803159896756,0.1707837444580207
-21.133072744837353,0.01902794019932631,-0.21133072744837353,-0.10219798862416246,0.11211431301241626
-21.133072744837353,0.02273825207633715,-0.21133072744837353,-0.14593953101019103,0.04848719262463019
-21.133072744837353,0.02644856395334799,-0.21133072744837353,-0.19745265875705326,-0.020474766909748032
-21.133072744837353,0.03015887583035883,-0.21133072744837353,-0.2567373718647491,-0.09516760198465324
-21.133072744837353,0.03386918770736967,-0.21133072744837353,-0.3237936703332787,-0.17600544053925726
-21.133072744837353,0.03757949958438051,-0.21133072744837353,-0.3986215541626419,-0.2634194043851088
-21.133072744837353,0.04128981146139135,-0.21133072744837353,-0.48122102335283873,-0.357856208384042
-21.133072744837353,0.04500012333840219,-0.21133072744837353,-0.5715920779038692,-0.45977647362481
-21.133072744837353,0.04871043521541303,-0.21133072744837353,-0.6697347178157333,-0.5696527933269782
-21.133072744837353,0.05242074709242387,-0.21133072744837353,-0.7756489430884312,-0.6879676157088517
-21.133072744837353,0.05613105896943471,-0.21133072744837353,-0.8893347537219627,-0.8152110364362488
-21.133072744837353,0.05984137084644555,-0.21133072744837353,-1.0107921497163277,-0.9518786225642943
-21.133072744837353,0.06355168272345639,-0.21133072744837353,-1.1400211310715265,-1.0984694169960083
-21.133072744837353,0.06726199460046722,-0.21133072744837353,-1.2770216977875586,-1.255484292955518
-21.133072744837353,0.07097230647747807,-0.21133072744837353,-1.421793849864425,-1.4234248358531594
-21.133072744837353,0.0746826183544889,-0.21133072744837353,-1.5743375873021244,-1.6027929177303837
-21.133072744837353,0.07839293023149975,-0.21133072744837353,-1.7346529101006578,-1.7940910884174637
-21.133072744837353,0.08210324210851058,-0.21133072744837353,-1.9027398182600248,-1.997823828002103
-21.133072744837353,0.08581355398552143,-0.21133072744837353,-2.0785983117802256,-2.2144995776986756
-21.133072744837353,0.08952386586253226,-0.21133072744837353,-2.2622283906612597,-2.4446332828583746
-21.133072744837353,0.09323417773954311,-0.21133072744837353,-2.453630054903128,-2.688748938669011
-21.133072744837353,0.09694448961655394,-0.21133072744837353,-2.6528033045058295,-2.9473813290312707
-21.133072744837353,0.10065480149356479,-0.21133072744837353,-2.8597481394693647,-3.2210758061806457
-21.133072744837353,0.10436511337057562,-0.21133072744837353,-3.0744645597937335,-3.5103846028201744
-21.133072744837353,0.10807542524758647,-0.21133072744837353,-3.2969525654789367,-3.8158578510267906
-21.133072744837353,0.1117857371245973,-0.21133072744837353,-3.527212156524972,-4.138027279793643
-21.133072744837353,0.11549604900160815,-0.21133072744837353,-3.7652433329318424,-4.477380579421075
-21.133072744837353,0.11920636087861898,-0.21133072744837353,-4.011046094699546,-4.834324781022419
-21.133072744837353,0.12291667275562983,-0.21133072744837353,-4.264620441828083,-5.209137832372979
-21.133072744837353,0.12662698463264066,-0.21133072744837353,-4.525966374317454,-5.601908957498075
-21.133072744837353,0.1303372965096515,-0.21133072744837353,-4.795083892167658,-6.012470387202083
-21.133072744837353,0.13404760838666235,-0.21133072744837353,-5.071972995378697,-6.440325518634812
-21.133072744837353,0.13775792026367317,-0.21133072744837353,-5.356633683950568,-6.8845811808211845
-21.133072744837353,0.14146823214068402,-0.21133072744837353,-5.649065957883274,-7.343893905373885
-21.133072744837353,0.14517854401769487,-0.21133072744837353,-5.949269817176813,-7.816441216602266
-21.133072744837353,0.1488888558947057,-0.21133072744837353,-6.257245261831186,-8.299928244667358
-21.133072744837353,0.15259916777171653,-0.21133072744837353,-6.572992291846392,-8.791636956074116
-21.133072744837353,0.15630947964872738,-0.21133072744837353,-6.896510907222432,-9.288520035210167
-21.133072744837353,0.16001979152573823,-0.21133072744837353,-7.227801107959307,-9.787334681265142
-21.133072744837353,0.16373010340274907,-0.21133072744837353,-7.566862894057015,-10.284804686647949
-21.133072744837353,0.1674404152797599,-0.21133072744837353,-7.913696265515553,-10.777793811949959
-21.133072744837353,0.17115072715677074,-0.21133072744837353,-8.268301222334928,-11.26347110293883
-21.133072744837353,0.17486103903378158,-0.21133072744837353,-8.630677764515138,-11.73945008242749
-21.133072744837353,0.17857135091079243,-0.21133072744837353,-9.000825892056179,-12.203888354596378
-21.133072744837353,0.18228166278780325,-0.21133072744837353,-9.378745604958054,-12.655540858419613
-21.133072744837353,0.1859919746648141,-0.21133072744837353,-9.764436903220764,-13.093767146390064
-21.133072744837353,0.18970228654182494,-0.21133072744837353,-10.157899786844307,-13.518499116563595
-21.133072744837353,0.1934125984188358,-0.21133072744837353,-10.559134255828686,-13.930179609057559
-21.133072744837353,0.1971229102958466,-0.21133072744837353,-10.968140310173894,-14.32968390944211
-21.133072744837353,0.20083322217285746,-0.21133072744837353,-11.384917949879936,-14.718235786318168
-21.133072744837353,0.2045435340498683,-0.21133072744837353,-11.809467174946816,-15.097327865878588
-21.133072744837353,0.20825384592687915,-0.21133072744837353,-12.241787985374527,-15.468653610215293
-21.133072744837353,0.21196415780388997,-0.21133072744837353,-12.68188038116307,-15.834055481999508
-21.133072744837353,0.21567446968090082,-0.21133072744837353,-13.12974436231245,-16.195491384136425
-21.133072744837353,0.21938478155791166,-0.21133072744837353,-13.585379928822663,-16.55501926782338
-21.133072744837353,0.2230950934349225,-0.21133072744837353,-14.048787080693709,-16.914797832259847
-21.133072744837353,0.22680540531193333,-0.21133072744837353,-14.519965817925586,-17.277099304899714
-21.133072744837353,0.23051571718894417,-0.21133072744837353,-14.998916140518299,-17.644328161223875
-21.133072744837353,0.23422602906595502,-0.21133072744837353,-15.485638048471847,-18.01903712561595
-21.133072744837353,0.23793634094296587,-0.21133072744837353,-15.980131541786228,-18.40392884343941
-21.133072744837353,0.2416466528199767,-0.21133072744837353,-16.48239662046144,-18.801828476392103
-21.133072744837353,0.24535696469698753,-0.21133072744837353,-16.99243328449749,-19.21560988610792
-21.133072744837353,0.24906727657399838,-0.21133072744837353,-17.510241533894373,-19.64805746226915
-21.133072744837353,0.2527775884510092,-0.21133072744837353,-18.03582136865209,-20.10164920999085
-21.133072744837353,0.25648790032802005,-0.21133072744837353,-18.569172788770633,-20.5782570725747
-21.133072744837353,0.2601982122050309,-0.21133072744837353,-19.11029579425002,-21.078779678865466
-21.133072744837353,0.26390852408204174,-0.21133072744837353,-19.659190385090234,-21.602750306324136
-21.133072744837353,0.26761883595905256,-0.21133072744837353,-20.21585656129128,-22.14799351284264
-21.133072744837353,0.27132914783606343,-0.21133072744837353,-20.78029432285317,-22.710426205707332
-21.133072744837353,0.27503945971307425,-0.21133072744837353,-21.352503669775885,-23.284097737848054
-21.133072744837353,0.27874977159008507,-0.21133072744837353,-21.93248460205943,-23.861527378037916
-21.133072744837353,0.28246008346709595,-0.21133072744837353,-22.520237119703822,-24.434328093400705
-21.133072744837353,0.28617039534410676,-0.21133072744837353,-23.115761222709033,-24.994023760167792
-21.133072744837353,0.28988070722111764,-0.21133072744837353,-23.719056911075093,-25.53290586345211
-21.133072744837353,0.29359101909812846,-0.21133072744837353,-24.33012418480197,-26.04476348059062
-21.133072744837353,0.2973013309751393,-0.21133072744837353,-24.94896304388969,-26.525362397771413
-21.133072744837353,0.30101164285215015,-0.21133072744837353,-25.57557348833825,-26.97262516402282
-21.133072744837353,0.30472195472916097,-0.21133072744837353,-26.20995551814763,-27.3865405448104
-19.74519589336832,0.011607316445304631,-0.1974519589336832,-0.03765568320706841,0.20877878255247295
-19.74519589336832,0.015317628322315471,-0.1974519589336832,-0.06557675723650293,0.15344364479146355
-19.74519589336832,0.01902794019932631,-0.1974519589336832,-0.10119299227625037,0.09342416415465382
-19.74519589336832,0.02273825207633715,-0.1974519589336832,-0.14450438832631074,0.028359700556093603
-19.74519589336832,0.02644856395334799,-0.1974519589336832,-0.1955109453866841,-0.0421294469058362
-19.74519589336832,0.03015887583035883,-0.1974519589336832,-0.25421266345737037,-0.11844146776650688
-19.74519589336832,0.03386918770736967,-0.1974519589336832,-0.32060954253836965,-0.2009921778986974
-19.74519589336832,0.03757949958438051,-0.1974519589336832,-0.3947015826296818,-0.2902138559852423
-19.74519589336832,0.04128981146139135,-0.1974519589336832,-0.4764887837313069,-0.3865537808553847
-19.74519589336832,0.04500012333840219,-0.1974519589336832,-0.5659711458432449,-0.49047248903476204
-19.74519589336832,0.04871043521541303,-0.1974519589336832,-0.663148668965496,-0.6024417931432577
-19.74519589336832,0.05242074709242387,-0.1974519589336832,-0.7680213530980599,-0.7229426265936483
-19.74519589336832,0.05613105896943471,-0.1974519589336832,-0.8805891982409367,-0.8524628072227847
-19.74519589336832,0.05984137084644555,-0.1974519589336832,-1.0008522043941264,-0.9914948399479546
-19.74519589336832,0.06355168272345639,-0.1974519589336832,-1.1288103715576292,-1.1405339030804147
-19.74519589336832,0.06726199460046722,-0.1974519589336832,-1.2644636997314447,-1.3000761800244687
-19.74519589336832,0.07097230647747807,-0.1974519589336832,-1.4078121889155732,-1.4706177017871978
-19.74519589336832,0.0746826183544889,-0.1974519589336832,-1.5588558391100147,-1.6526538486606372
-19.74519589336832,0.07839293023149975,-0.1974519589336832,-1.7175946503147694,-1.8466796130977023
-19.74519589336832,0.08210324210851058,-0.1974519589336832,-1.8840286225298366,-2.0531906410914575
-19.74519589336832,0.08581355398552143,-0.1974519589336832,-2.058157755755217,-2.272684937634815
-19.74519589336832,0.08952386586253226,-0.1974519589336832,-2.2399820499909104,-2.5056649364843118
-19.74519589336832,0.09323417773954311,-0.1974519589336832,-2.4295015052369164,-2.752639393253548
-19.74519589336832,0.09694448961655394,-0.1974519589336832,-2.626716121493236,-3.0141242691269747
-19.74519589336832,0.10065480149356479,-0.1974519589336832,-2.8316258987598677,-3.290641447054324
-19.74519589336832,0.10436511337057562,-0.1974519589336832,-3.044230837036813,-3.582713796165282
-19.74519589336832,0.10807542524758647,-0.1974519589336832,-3.2645309363240713,-3.8908548271148815
-19.74519589336832,0.1117857371245973,-0.1974519589336832,-3.4925261966216414,-4.215551038915043
-19.74519589336832,0.11549604900160815,-0.1974519589336832,-3.728216617929526,-4.557235147767218
-19.74519589336832,0.11920636087861898,-0.1974519589336832,-3.9716022002477227,-4.916248827366937
-19.74519589336832,0.12291667275562983,-0.1974519589336832,-4.222682943576233,-5.292794491345941
-19.74519589336832,0.12662698463264066,-0.1974519589336832,-4.481458847915055,-5.686877087339218
-19.74519589336832,0.1303372965096515,-0.1974519589336832,-4.747929913264191,-6.098238837078137
-19.74519589336832,0.13404760838666235,-0.1974519589336832,-5.02209613962364,-6.526292193120103
-19.74519589336832,0.13775792026367317,-0.1974519589336832,-5.3039575269934005,-6.970058647352648
-19.74519589336832,0.14146823214068402,-0.1974519589336832,-5.593514075373475,-7.428122884326349
-19.74519589336832,0.14517854401769487,-0.1974519589336832,-5.890765784763863,-7.898612467160792
-19.74519589336832,0.1488888558947057,-0.1974519589336832,-6.195712655164563,-8.37921215929841
-19.74519589336832,0.15259916777171653,-0.1974519589336832,-6.508354686575576,-8.867218780761926
-19.74519589336832,0.15630947964872738,-0.1974519589336832,-6.828691878996902,-9.359637339564747
-19.74519589336832,0.16001979152573823,-0.1974519589336832,-7.156724232428542,-9.853312859889707
-19.74519589336832,0.16373010340274907,-0.1974519589336832,-7.492451746870494,-10.345086165904105
-19.74519589336832,0.1674404152797599,-0.1974519589336832,-7.835874422322757,-10.831957373026462
-19.74519589336832,0.17115072715677074,-0.1974519589336832,-8.186992258785336,-11.311239183932969
-19.74519589336832,0.17486103903378158,-0.1974519589336832,-8.545805256258229,-11.7806837508418
-19.74519589336832,0.17857135091079243,-0.1974519589336832,-8.912313414741432,-12.23857141118542
-19.74519589336832,0.18228166278780325,-0.1974519589336832,-9.286516734234947,-12.683755854965725
-19.74519589336832,0.1859919746648141,-0.1974519589336832,-9.668415214738777,-13.115666747493764
-19.74519589336832,0.18970228654182494,-0.1974519589336832,-10.05800885625292,-13.534276186678563
-19.74519589336832,0.1934125984188358,-0.1974519589336832,-10.455297658777377,-13.940038807334902
-19.74519589336832,0.1971229102958466,-0.1974519589336832,-10.860281622312144,-14.33381666073301
-19.74519589336832,0.20083322217285746,-0.1974519589336832,-11.272960746857224,-14.716799503913473
-19.74519589336832,0.2045435340498683,-0.1974519589336832,-11.69333503241262,-15.090429411912922
-19.74519589336832,0.20825384592687915,-0.1974519589336832,-12.121404478978329,-15.456336298543794
-19.74519589336832,0.21196415780388997,-0.1974519589336832,-12.557169086554346,-15.81628849439105
-19.74519589336832,0.21567446968090082,-0.1974519589336832,-13.00062885514068,-16.172160281447486
-19.74519589336832,0.21938478155791166,-0.1974519589336832,-13.451783784737328,-16.525916319030877
-19.74519589336832,0.2230950934349225,-0.1974519589336832,-13.910633875344287,-16.87961115318115
-19.74519589336832,0.22680540531193333,-0.1974519589336832,-14.377179126961556,-17.235400318682622
-19.74519589336832,0.23051571718894417,-0.1974519589336832,-14.851419539589143,-17.595557716980245
-19.74519589336832,0.23422602906595502,-0.1974519589336832,-15.333355113227041,-17.96249180959174
-19.74519589336832,0.23793634094296587,-0.1974519589336832,-15.822985847875254,-18.33875064117735
-19.74519589336832,0.2416466528199767,-0.1974519589336832,-16.320311743533775,-18.727002962891856
-19.74519589336832,0.24535696469698753,-0.1974519589336832,-16.825332800202613,-19.129980312188803
-19.74519589336832,0.24906727657399838,-0.1974519589336832,-17.33804901788176,-19.550363919546495
-19.74519589336832,0.2527775884510092,-0.1974519589336832,-17.85846039657123,-19.99060249828404
-19.74519589336832,0.25648790032802005,-0.1974519589336832,-18.386566936271,-20.4526545412535
-19.74519589336832,0.2601982122050309,-0.1974519589336832,-18.922368636981094,-20.937663671713313
-19.74519589336832,0.26390852408204174,-0.1974519589336832,-19.46586549870149,-21.445598185473827
-19.74519589336832,0.26761883595905256,-0.1974519589336832,-20.0170575214322,-21.974912885643345
-19.74519589336832,0.27132914783606343,-0.1974519589336832,-20.575944705173235,-22.522314327344105
-19.74519589336832,0.27503945971307425,-0.1974519589336832,-21.142527049924574,-23.082717225619117
-19.74519589336832,0.27874977159008507,-0.1974519589336832,-21.71680455568622,-23.649458360106312
-19.74519589336832,0.28246008346709595,-0.1974519589336832,-22.298777222458195,-24.21478192042123
-19.74519589336832,0.28617039534410676,-0.1974519589336832,-22.88844505024047,-24.77053917150104
-19.74519589336832,0.28988070722111764,-0.1974519589336832,-23.485808039033067,-25.308981478352745
-19.74519589336832,0.29359101909812846,-0.1974519589336832,-24.090866188835967,-25.823496646255705
-19.74519589336832,0.2973013309751393,-0.1974519589336832,-24.703619499649182,-26.30915746041836
-19.74519589336832,0.30101164285215015,-0.1974519589336832,-25.324067971472722,-26.763008999750184
-19.74519589336832,0.30472195472916097,-0.1974519589336832,-25.95221160430656,-27.184091978725114
-18.357319041899284,0.011607316445304631,-0.18357319041899284,-0.03728170647953054,0.19071813564770745
-18.357319041899284,0.015317628322315471,-0.18357319041899284,-0.0649254828740383,0.1339852074289536
-18.357319041899284,0.01902794019932631,-0.18357319041899284,-0.1001879959283383,0.07247823754939509
-18.357319041899284,0.02273825207633715,-0.18357319041899284,-0.1430692456424305,0.005834106874378575
-18.357319041899284,0.02644856395334799,-0.18357319041899284,-0.19356923201631498,-0.06632891052099055
-18.357319041899284,0.03015887583035883,-0.18357319041899284,-0.25168795504999164,-0.144410495511619
-18.357319041899284,0.03386918770736967,-0.18357319041899284,-0.31742541474346064,-0.2288273428108094
-18.357319041899284,0.03757949958438051,-0.18357319041899284,-0.39078161109672177,-0.320011922155814
-18.357319041899284,0.04128981146139135,-0.18357319041899284,-0.47175654410977513,-0.4184109468250341
-18.357319041899284,0.04500012333840219,-0.18357319041899284,-0.5603502137826207,-0.5244835718140008
-18.357319041899284,0.04871043521541303,-0.18357319041899284,-0.6565626201152586,-0.6386993649926089
-18.357319041899284,0.05242074709242387,-0.18357319041899284,-0.7603937631076886,-0.7615361186418559
-18.357319041899284,0.05613105896943471,-0.18357319041899284,-0.8718436427599109,-0.8934775946112983
-18.357319041899284,0.05984137084644555,-0.18357319041899284,-0.9909122590719254,-1.035011321733897
-18.357319041899284,0.06355168272345639,-0.18357319041899284,-1.1175996120437321,-1.186626585762948
-18.357319041899284,0.06726199460046722,-0.18357319041899284,-1.2519057016753308,-1.3488127653667104
-18.357319041899284,0.07097230647747807,-0.18357319041899284,-1.393830527966722,-1.5220581666938484
-18.357319041899284,0.0746826183544889,-0.18357319041899284,-1.5433740909179055,-1.7068494865046788
-18.357319041899284,0.07839293023149975,-0.18357319041899284,-1.700536390528881,-1.90367198169199
-18.357319041899284,0.08210324210851058,-0.18357319041899284,-1.8653174267996488,-2.1130103327392815
-18.357319041899284,0.08581355398552143,-0.18357319041899284,-2.037717199730209,-2.335350052640612
-18.357319041899284,0.08952386586253226,-0.18357319041899284,-2.217735709320561,-2.5711791058994526
-18.357319041899284,0.09323417773954311,-0.18357319041899284,-2.405372955570706,-2.8209891641899825
-18.357319041899284,0.09694448961655394,-0.18357319041899284,-2.6006289384806425,-3.085275643906617
-18.357319041899284,0.10065480149356479,-0.18357319041899284,-2.8035036580503716,-3.364535365851424
-18.357319041899284,0.10436511337057562,-0.18357319041899284,-3.013997114279893,-3.659260384559368
-18.357319041899284,0.10807542524758647,-0.18357319041899284,-3.232109307169207,-3.9699263100593454
-18.357319041899284,0.1117857371245973,-0.18357319041899284,-3.4578402367183116,-4.296973365959049
-18.357319041899284,0.11549604900160815,-0.18357319041899284,-3.69118990292721,-4.640778591943494
-18.357319041899284,0.11920636087861898,-0.18357319041899284,-3.9321583057959,-5.00161811305699
-18.357319041899284,0.12291667275562983,-0.18357319041899284,-4.180745445324383,-5.379619358053697
-18.357319041899284,0.12662698463264066,-0.18357319041899284,-4.436951321512657,-5.7747045643401735
-18.357319041899284,0.1303372965096515,-0.18357319041899284,-4.700775934360724,-6.18652881531791
-18.357319041899284,0.13404760838666235,-0.18357319041899284,-4.972219283868584,-6.614418034468285
-18.357319041899284,0.13775792026367317,-0.18357319041899284,-5.251281370036233,-7.057314454015135
-18.357319041899284,0.14146823214068402,-0.18357319041899284,-5.537962192863677,-7.513738568514642
-18.357319041899284,0.14517854401769487,-0.18357319041899284,-5.832261752350913,-7.981776880829048
-18.357319041899284,0.1488888558947057,-0.18357319041899284,-6.134180048497941,-8.459103337884791
-18.357319041899284,0.15259916777171653,-0.18357319041899284,-6.443717081304761,-8.943039019265052
-18.357319041899284,0.15630947964872738,-0.18357319041899284,-6.760872850771373,-9.430649650058754
-18.357319041899284,0.16001979152573823,-0.18357319041899284,-7.085647356897779,-9.918874678861567
-18.357319041899284,0.16373010340274907,-0.18357319041899284,-7.418040599683976,-10.404676228547252
-18.357319041899284,0.1674404152797599,-0.18357319041899284,-7.758052579129963,-10.88519251125955
-18.357319041899284,0.17115072715677074,-0.18357319041899284,-8.105683295235744,-11.357879275505256
-18.357319041899284,0.17486103903378158,-0.18357319041899284,-8.46093274800132,-11.820624808450173
-18.357319041899284,0.17857135091079243,-0.18357319041899284,-8.823800937426686,-12.271828443958071
-18.357319041899284,0.18228166278780325,-0.18357319041899284,-9.194287863511843,-12.710438314020047
-18.357319041899284,0.1859919746648141,-0.18357319041899284,-9.572393526256793,-13.13594989689204
-18.357319041899284,0.18970228654182494,-0.18357319041899284,-9.958117925661536,-13.548371623317692
-18.357319041899284,0.1934125984188358,-0.18357319041899284,-10.351461061726072,-13.9481667389046
-18.357319041899284,0.1971229102958466,-0.18357319041899284,-10.752422934450397,-14.336181662559447
-18.357319041899284,0.20083322217285746,-0.18357319041899284,-11.161003543834514,-14.713570531638284
-18.357319041899284,0.2045435340498683,-0.18357319041899284,-11.577202889878427,-15.081724011427486
-18.357319041899284,0.20825384592687915,-0.18357319041899284,-12.001020972582133,-15.442208320214917
-18.357319041899284,0.21196415780388997,-0.18357319041899284,-12.432457791945625,-15.796718217128946
-18.357319041899284,0.21567446968090082,-0.18357319041899284,-12.871513347968914,-16.147045678136195
-18.357319041899284,0.21938478155791166,-0.18357319041899284,-13.318187640651995,-16.495064231785033
-18.357319041899284,0.2230950934349225,-0.18357319041899284,-13.772480669994868,-16.842727388545033
-18.357319041899284,0.22680540531193333,-0.18357319041899284,-14.23439243599753,-17.192078136227412
-18.357319041899284,0.23051571718894417,-0.18357319041899284,-14.703922938659987,-17.54526491318496
-18.357319041899284,0.23422602906595502,-0.18357319041899284,-15.181072177982239,-17.904557652971743
-18.357319041899284,0.23793634094296587,-0.18357319041899284,-15.66584015396428,-18.272355345052798
-18.357319041899284,0.2416466528199767,-0.18357319041899284,-16.15822686660611,-18.65117417694248
-18.357319041899284,0.24535696469698753,-0.18357319041899284,-16.65823231590774,-19.04360311241311
-18.357319041899284,0.24906727657399838,-0.18357319041899284,-17.165856501869158,-19.45221255432714
-18.357319041899284,0.2527775884510092,-0.18357319041899284,-17.68109942449037,-19.87940290842361
-18.357319041899284,0.25648790032802005,-0.18357319041899284,-18.203961083771368,-20.3271852256528
-18.357319041899284,0.2601982122050309,-0.18357319041899284,-18.73444147971217,-20.796897462031293
-18.357319041899284,0.26390852408204174,-0.18357319041899284,-19.272540612312753,-21.288878020898146
-18.357319041899284,0.26761883595905256,-0.18357319041899284,-19.818258481573128,-21.8021413186597
-18.357319041899284,0.27132914783606343,-0.18357319041899284,-20.371595087493304,-22.33412233044618
-18.357319041899284,0.27503945971307425,-0.18357319041899284,-20.932550430073267,-22.880568649914487
-18.357319041899284,0.27874977159008507,-0.18357319041899284,-21.50112450931302,-23.43564876131649
-18.357319041899284,0.28246008346709595,-0.18357319041899284,-22.077317325212572,-23.99230823536436
-18.357319041899284,0.28617039534410676,-0.18357319041899284,-22.661128877771908,-24.54284707725702
-18.357319041899284,0.28988070722111764,-0.18357319041899284,-23.25255916699105,-25.079630034552892
-18.357319041899284,0.29359101909812846,-0.18357319041899284,-23.851608192869968,-25.595801807208066
-18.357319041899284,0.2973013309751393,-0.18357319041899284,-24.458275955408684,-26.085878265282876
-18.357319041899284,0.30101164285215015,-0.18357319041899284,-25.072562454607198,-26.546123049307205
-18.357319041899284,0.30472195472916097,-0.18357319041899284,-25.694467690465494,-26.974679049353277
-16.96944219043025,0.011607316445304631,-0.1696944219043025,-0.036907729751992656,0.17059726326371893
-16.96944219043025,0.015317628322315471,-0.1696944219043025,-0.06427420851157369,0.11233368331507965
-16.96944219043025,0.01902794019932631,-0.1696944219043025,-0.09918299958042623,0.049201703378064954
-16.96944219043025,0.02273825207633715,-0.1696944219043025,-0.14163410295855028,-0.019163766902428936
-16.96944219043025,0.02644856395334799,-0.1696944219043025,-0.19162751864594585,-0.09314584115743152
-16.96944219043025,0.03015887583035883,-0.1696944219043025,-0.24916324664261294,-0.17314491431840762
-16.96944219043025,0.03386918770736967,-0.1696944219043025,-0.31424128694855163,-0.25957763383830046
-16.96944219043025,0.03757949958438051,-0.1696944219043025,-0.38686163956376174,-0.35287557903480704
-16.96944219043025,0.04128981146139135,-0.1696944219043025,-0.4670243044882434,-0.45348365725006756
-16.96944219043025,0.04500012333840219,-0.1696944219043025,-0.5547292817219965,-0.5618582428606811
-16.96944219043025,0.04871043521541303,-0.1696944219043025,-0.6499765712650212,-0.6784651058332494
-16.96944219043025,0.05242074709242387,-0.1696944219043025,-0.7527661731173174,-0.8037771997368499
-16.96944219043025,0.05613105896943471,-0.1696944219043025,-0.8630980872788852,-0.9382724034276868
-16.96944219043025,0.05984137084644555,-0.1696944219043025,-0.9809723137497243,-1.0824313336500668
-16.96944219043025,0.06355168272345639,-0.1696944219043025,-1.106388852529835,-1.236735364113371
-16.96944219043025,0.06726199460046722,-0.1696944219043025,-1.239347703619217,-1.4016649955622953
-16.96944219043025,0.07097230647747807,-0.1696944219043025,-1.379848867017871,-1.577698715076075
-16.96944219043025,0.0746826183544889,-0.1696944219043025,-1.527892342725796,-1.7653124543295091
-16.96944219043025,0.07839293023149975,-0.1696944219043025,-1.683478130742993,-1.9649796981280185
-16.96944219043025,0.08210324210851058,-0.1696944219043025,-1.846606231069461,-2.1771721985132357
-16.96944219043025,0.08581355398552143,-0.1696944219043025,-2.017276643705201,-2.40236110966143
-16.96944219043025,0.08952386586253226,-0.1696944219043025,-2.1954893686502124,-2.6410181711749496
-16.96944219043025,0.09323417773954311,-0.1696944219043025,-2.381244405904495,-2.8936163341020316
-16.96944219043025,0.09694448961655394,-0.1696944219043025,-2.5745417554680494,-3.160628955500215
-16.96944219043025,0.10065480149356479,-0.1696944219043025,-2.7753814173408755,-3.44252640608149
-16.96944219043025,0.10436511337057562,-0.1696944219043025,-2.983763391522973,-3.739768679787037
-16.96944219043025,0.10807542524758647,-0.1696944219043025,-3.199687678014342,-4.052792421178595
-16.96944219043025,0.1117857371245973,-0.1696944219043025,-3.423154276814982,-4.381990772841329
-16.96944219043025,0.11549604900160815,-0.1696944219043025,-3.6541631879248944,-4.727684682394859
-16.96944219043025,0.11920636087861898,-0.1696944219043025,-3.8927144113440773,-5.0900848925262405
-16.96944219043025,0.12291667275562983,-0.1696944219043025,-4.138807947072532,-5.469244844218373
-16.96944219043025,0.12662698463264066,-0.1696944219043025,-4.392443795110259,-5.865006176941803
-16.96944219043025,0.1303372965096515,-0.1696944219043025,-4.653621955457257,-6.276940339154944
-16.96944219043025,0.13404760838666235,-0.1696944219043025,-4.922342428113527,-6.704291822393289
-16.96944219043025,0.13775792026367317,-0.1696944219043025,-5.198605213079067,-7.145930342890838
-16.96944219043025,0.14146823214068402,-0.1696944219043025,-5.48241031035388,-7.600320428046777
-16.96944219043025,0.14517854401769487,-0.1696944219043025,-5.773757719937964,-8.065516795101725
-16.96944219043025,0.1488888558947057,-0.1696944219043025,-6.07264744183132,-8.539192227563912
-16.96944219043025,0.15259916777171653,-0.1696944219043025,-6.3790794760339455,-9.018701256740975
-16.96944219043025,0.15630947964872738,-0.1696944219043025,-6.693053822545845,-9.501178188192261
-16.96944219043025,0.16001979152573823,-0.1696944219043025,-7.0145704813670156,-9.983662697795147
-16.96944219043025,0.16373010340274907,-0.1696944219043025,-7.343629452497458,-10.463241499658618
-16.96944219043025,0.1674404152797599,-0.1696944219043025,-7.680230735937169,-10.93719160034207
-16.96944219043025,0.17115072715677074,-0.1696944219043025,-8.024374331686154,-11.403110174364809
-16.96944219043025,0.17486103903378158,-0.1696944219043025,-8.376060239744412,-11.85901826034874
-16.96944219043025,0.17857135091079243,-0.1696944219043025,-8.735288460111938,-12.303429735869967
-16.96944219043025,0.18228166278780325,-0.1696944219043025,-9.102058992788738,-12.735382344894342
-16.96944219043025,0.1859919746648141,-0.1696944219043025,-9.476371837774808,-13.15443274850786
-16.96944219043025,0.18970228654182494,-0.1696944219043025,-9.85822699507015,-13.560621682146007
-16.96944219043025,0.1934125984188358,-0.1696944219043025,-10.247624464674766,-13.95441779557701
-16.96944219043025,0.1971229102958466,-0.1696944219043025,-10.644564246588649,-14.33664955950373
-16.96944219043025,0.20083322217285746,-0.1696944219043025,-11.049046340811806,-14.708434038486718
-16.96944219043025,0.2045435340498683,-0.1696944219043025,-11.461070747344234,-15.071109828417532
-16.96944219043025,0.20825384592687915,-0.1696944219043025,-11.880637466185936,-15.4261795228599
-16.96944219043025,0.21196415780388997,-0.1696944219043025,-12.307746497336904,-15.775265086492322
-16.96944219043025,0.21567446968090082,-0.1696944219043025,-12.742397840797148,-16.12007770220762
-16.96944219043025,0.21938478155791166,-0.1696944219043025,-13.184591496566664,-16.46240209684502
-16.96944219043025,0.2230950934349225,-0.1696944219043025,-13.63432746464545,-16.804093996007293
-16.96944219043025,0.22680540531193333,-0.1696944219043025,-14.091605745033505,-17.1470880917619
-16.96944219043025,0.23051571718894417,-0.1696944219043025,-14.556426337730834,-17.49341257619561
-16.96944219043025,0.23422602906595502,-0.1696944219043025,-15.028789242737435,-17.845204757803273
-16.96944219043025,0.23793634094296587,-0.1696944219043025,-15.508694460053308,-18.204720458435553
-16.96944219043025,0.2416466528199767,-0.1696944219043025,-15.99614198967845,-18.574327841040304
-16.96944219043025,0.24535696469698753,-0.1696944219043025,-16.491131831612865,-18.95647432677434
-16.96944219043025,0.24906727657399838,-0.1696944219043025,-16.993663985856553,-19.353613951264286
-16.96944219043025,0.2527775884510092,-0.1696944219043025,-17.503738452409515,-19.768082945457174
-16.96944219043025,0.25648790032802005,-0.1696944219043025,-18.021355231271738,-20.20191497862935
-16.96944219043025,0.2601982122050309,-0.1696944219043025,-18.546514322443247,-20.656595960464276
-16.96944219043025,0.26390852408204174,-0.1696944219043025,-19.079215725924012,-21.132772553950037
-16.96944219043025,0.26761883595905256,-0.1696944219043025,-19.619459441714053,-21.629947810865495
-16.96944219043025,0.27132914783606343,-0.1696944219043025,-20.167245469813373,-22.146217760092036
-16.96944219043025,0.27503945971307425,-0.1696944219043025,-20.72257381022196,-22.678116986503692
-16.96944219043025,0.27874977159008507,-0.1696944219043025,-21.285444462939815,-23.22063992850642
-16.96944219043025,0.28246008346709595,-0.1696944219043025,-21.855857427966953,-23.76748080095033
-16.96944219043025,0.28617039534410676,-0.1696944219043025,-22.43381270530335,-24.3114895851955
-16.96944219043025,0.28988070722111764,-0.1696944219043025,-23.019310294949026,-24.845286334915702
-16.96944219043025,0.29359101909812846,-0.1696944219043025,-23.612350196903968,-25.36193107059023
-16.96944219043025,0.2973013309751393,-0.1696944219043025,-24.212932411168183,-25.85553038807409
-16.96944219043025,0.30101164285215015,-0.1696944219043025,-24.821056937741677,-26.321681480515622
-16.96944219043025,0.30472195472916097,-0.1696944219043025,-25.43672377662443,-26.757700712732436
-15.581565338961218,0.011607316445304631,-0.15581565338961217,-0.03653375302445478,0.14833695614220166
-15.581565338961218,0.015317628322315471,-0.15581565338961217,-0.06362293414910908,0.08840960157445932
-15.581565338961218,0.01902794019932631,-0.15581565338961217,-0.09817800323251415,0.023515567005997218
-15.581565338961218,0.02273825207633715,-0.15581565338961217,-0.14019896027467002,-0.046711587019127476
-15.581565338961218,0.02644856395334799,-0.15581565338961217,-0.18968580527557674,-0.12265560599358394
-15.581565338961218,0.03015887583035883,-0.15581565338961217,-0.24663853823523424,-0.2047167011597233
-15.581565338961218,0.03386918770736967,-0.15581565338961217,-0.3110571591536426,-0.29331042709967714
-15.581565338961218,0.03757949958438051,-0.15581565338961217,-0.3829416680308017,-0.3888662761636732
-15.581565338961218,0.04128981146139135,-0.15581565338961217,-0.46229206486671165,-0.4918260027770771
-15.581565338961218,0.04500012333840219,-0.15581565338961217,-0.5491083496613723,-0.6026417080122699
-15.581565338961218,0.04871043521541303,-0.15581565338961217,-0.6433905224147839,-0.7217737350318767
-15.581565338961218,0.05242074709242387,-0.15581565338961217,-0.7451385831269463,-0.8496884481798903
-15.581565338961218,0.05613105896943471,-0.15581565338961217,-0.8543525317978593,-0.986855990985406
-15.581565338961218,0.05984137084644555,-0.15581565338961217,-0.9710323684275232,-1.133748138635896
-15.581565338961218,0.06355168272345639,-0.15581565338961217,-1.095178093015938,-1.290836375026657
-15.581565338961218,0.06726199460046722,-0.15581565338961217,-1.2267897055631032,-1.4585903286277564
-15.581565338961218,0.07097230647747807,-0.15581565338961217,-1.3658672060690198,-1.6374766893553565
-15.581565338961218,0.0746826183544889,-0.15581565338961217,-1.5124105945336868,-1.8279586937107197
-15.581565338961218,0.07839293023149975,-0.15581565338961217,-1.6664198709571048,-2.0304962005353944
-15.581565338961218,0.08210324210851058,-0.15581565338961217,-1.8278950353392733,-2.245546278068418
-15.581565338961218,0.08581355398552143,-0.15581565338961217,-1.9968360876801932,-2.473564079460296
-15.581565338961218,0.08952386586253226,-0.15581565338961217,-2.173243027979863,-2.7150035968182538
-15.581565338961218,0.09323417773954311,-0.15581565338961217,-2.3571158562382846,-2.9703176573947045
-15.581565338961218,0.09694448961655394,-0.15581565338961217,-2.5484545724554564,-3.2399562726623774
-15.581565338961218,0.10065480149356479,-0.15581565338961217,-2.747259176631379,-3.5243621968419365
-15.581565338961218,0.10436511337057562,-0.15581565338961217,-2.953529668766053,-3.823962336316028
-15.581565338961218,0.10807542524758647,-0.15581565338961217,-3.1672660488594775,-4.139153532874272
-15.581565338961218,0.1117857371245973,-0.15581565338961217,-3.388468316911652,-4.470281295951227
-15.581565338961218,0.11549604900160815,-0.15581565338961217,-3.6171364729225783,-4.8176103667176715
-15.581565338961218,0.11920636087861898,-0.15581565338961217,-3.853270516892255,-5.181286642226779
-15.581565338961218,0.12291667275562983,-0.15581565338961217,-4.096870448820683,-5.5612910274459875
-15.581565338961218,0.12662698463264066,-0.15581565338961217,-4.347936268707861,-5.95738721568654
-15.581565338961218,0.1303372965096515,-0.15581565338961217,-4.60646797655379,-6.3690671273192825
-15.581565338961218,0.13404760838666235,-0.15581565338961217,-4.872465572358471,-6.795499540188449
-15.581565338961218,0.13775792026367317,-0.15581565338961217,-5.145929056121901,-7.2354889669019045
-15.581565338961218,0.14146823214068402,-0.15581565338961217,-5.426858427844082,-7.687452622031203
-15.581565338961218,0.14517854401769487,-0.15581565338961217,-5.715253687525014,-8.149422922641463
-15.581565338961218,0.1488888558947057,-0.15581565338961217,-6.011114835164698,-8.61908106934109
-15.581565338961218,0.15259916777171653,-0.15581565338961217,-6.314441870763131,-9.09382385684259
-15.581565338961218,0.15630947964872738,-0.15581565338961217,-6.625234794320317,-9.570861369159882
-15.581565338961218,0.16001979152573823,-0.15581565338961217,-6.943493605836252,-10.047338429771305
-15.581565338961218,0.16373010340274907,-0.15581565338961217,-7.26921830531094,-10.520468635142233
-15.581565338961218,0.1674404152797599,-0.15581565338961217,-7.602408892744375,-10.98766747115849
-15.581565338961218,0.17115072715677074,-0.15581565338961217,-7.943065368136563,-11.446670989806258
-15.581565338961218,0.17486103903378158,-0.15581565338961217,-8.291187731487502,-11.895628821339056
-15.581565338961218,0.17857135091079243,-0.15581565338961217,-8.646775982797193,-12.333164345905143
-15.581565338961218,0.18228166278780325,-0.15581565338961217,-9.009830122065633,-12.758399694404492
-15.581565338961218,0.1859919746648141,-0.15581565338961217,-9.380350149292823,-13.170947862500759
-15.581565338961218,0.18970228654182494,-0.15581565338961217,-9.758336064478767,-13.57087779188954
-15.581565338961218,0.1934125984188358,-0.15581565338961217,-10.14378786762346,-13.958660373887573
-15.581565338961218,0.1971229102958466,-0.15581565338961217,-10.5367055587269,-14.335103940798005
-15.581565338961218,0.20083322217285746,-0.15581565338961217,-10.937089137789096,-14.701287209431436
-15.581565338961218,0.2045435340498683,-0.15581565338961217,-11.344938604810041,-15.058496252567986
-15.581565338961218,0.20825384592687915,-0.15581565338961217,-11.76025395978974,-15.40817032290963
-15.581565338961218,0.21196415780388997,-0.15581565338961217,-12.183035202728183,-15.751859570741521
-15.581565338961218,0.21567446968090082,-0.15581565338961217,-12.613282333625381,-16.0911960778555
-15.581565338961218,0.21938478155791166,-0.15581565338961217,-13.050995352481332,-16.427878243022924
-15.581565338961218,0.2230950934349225,-0.15581565338961217,-13.49617425929603,-16.7636673630936
-15.581565338961218,0.22680540531193333,-0.15581565338961217,-13.948819054069478,-17.10039415745665
-15.581565338961218,0.23051571718894417,-0.15581565338961217,-14.40892973680168,-17.439971851280145
-15.581565338961218,0.23422602906595502,-0.15581565338961217,-14.876506307492633,-17.78441113976876
-15.581565338961218,0.23793634094296587,-0.15581565338961217,-15.351548766142336,-18.13583082332425
-15.581565338961218,0.2416466528199767,-0.15581565338961217,-15.834057112750786,-18.496456154227644
-15.581565338961218,0.24535696469698753,-0.15581565338961217,-16.32403134731799,-18.86859516631447
-15.581565338961218,0.24906727657399838,-0.15581565338961217,-16.821471469843946,-19.254581933187158
-15.581565338961218,0.2527775884510092,-0.15581565338961217,-17.326377480328656,-19.65667562982612
-15.581565338961218,0.25648790032802005,-0.15581565338961217,-17.838749378772107,-20.07690662834026
-15.581565338961218,0.2601982122050309,-0.15581565338961217,-18.35858716517432,-20.51686699874965
-15.581565338961218,0.26390852408204174,-0.15581565338961217,-18.885890839535275,-20.97745376449943
-15.581565338961218,0.26761883595905256,-0.15581565338961217,-19.420660401854978,-21.45858895964144
-15.581565338961218,0.27132914783606343,-0.15581565338961217,-19.962895852133446,-21.958958578811497
-15.581565338961218,0.27503945971307425,-0.15581565338961217,-20.512597190370656,-22.4758275892291
-15.581565338961218,0.27874977159008507,-0.15581565338961217,-21.06976441656661,-23.004992684233763
-15.581565338961218,0.28246008346709595,-0.15581565338961217,-21.63439753072133,-23.540921272215627
-15.581565338961218,0.28617039534410676,-0.15581565338961217,-22.206496532834787,-24.07709208713765
-15.581565338961218,0.28988070722111764,-0.15581565338961217,-22.786061422907007,-24.60650620874818
-15.581565338961218,0.29359101909812846,-0.15581565338961217,-23.37309220093797,-25.12229202907076
-15.581565338961218,0.2973013309751393,-0.15581565338961217,-23.96758886692768,-25.618301173841402
-15.581565338961218,0.30101164285215015,-0.15581565338961217,-24.569551420876152,-26.089595578842815
-15.581565338961218,0.30472195472916097,-0.15581565338961217,-25.178979862783365,-26.53275724582778
-14.193688487492183,0.011607316445304631,-0.14193688487492184,-0.036159776296916905,0.12385369325567042
-14.193688487492183,0.015317628322315471,-0.14193688487492184,-0.06297165978664446,0.062129764251293906
-14.193688487492183,0.01902794019932631,-0.14193688487492184,-0.09717300688460208,-0.004662189651785109
-14.193688487492183,0.02273825207633715,-0.14193688487492184,-0.1387638175907898,-0.07688921439361285
-14.193688487492183,0.02644856395334799,-0.14193688487492184,-0.18774409190520763,-0.15493480873795495
-14.193688487492183,0.03015887583035883,-0.14193688487492184,-0.24411382982785554,-0.23919798036779083
-14.193688487492183,0.03386918770736967,-0.14193688487492184,-0.3078730313587336,-0.33009202736260623
-14.193688487492183,0.03757949958438051,-0.14193688487492184,-0.3790216964978417,-0.4280430487082474
-14.193688487492183,0.04128981146139135,-0.14193688487492184,-0.45755982524517985,-0.5334882018410676
-14.193688487492183,0.04500012333840219,-0.14193688487492184,-0.5434874176007481,-0.6468737424784012
-14.193688487492183,0.04871043521541303,-0.14193688487492184,-0.6368044735645465,-0.7686529015911037
-14.193688487492183,0.05242074709242387,-0.14193688487492184,-0.737510993136575,-0.8992836752374458
-14.193688487492183,0.05613105896943471,-0.14193688487492184,-0.8456069763168336,-1.0392266233010397
-14.193688487492183,0.05984137084644555,-0.14193688487492184,-0.9610924231053222,-1.1889427903015892
-14.193688487492183,0.06355168272345639,-0.14193688487492184,-1.083967333502041,-1.3488918717427243
-14.193688487492183,0.06726199460046722,-0.14193688487492184,-1.2142317075069895,-1.5195307482710085
-14.193688487492183,0.07097230647747807,-0.14193688487492184,-1.3518855451201686,-1.701312491645071
-14.193688487492183,0.0746826183544889,-0.14193688487492184,-1.4969288463415773,-1.8946859048755242
-14.193688487492183,0.07839293023149975,-0.14193688487492184,-1.6493616111712166,-2.100095587471089
-14.193688487492183,0.08210324210851058,-0.14193688487492184,-1.8091838396090856,-2.317982409826156
-14.193688487492183,0.08581355398552143,-0.14193688487492184,-1.9763955316551851,-2.548784134780748
-14.193688487492183,0.08952386586253226,-0.14193688487492184,-2.1509966873095143,-2.7929357395256478
-14.193688487492183,0.09323417773954311,-0.14193688487492184,-2.3329873065720736,-3.0508687737887223
-14.193688487492183,0.09694448961655394,-0.14193688487492184,-2.5223673894428633,-3.3230088560901727
-14.193688487492183,0.10065480149356479,-0.14193688487492184,-2.719136935921883,-3.6097701861690936
-14.193688487492183,0.10436511337057562,-0.14193688487492184,-2.9232959460091323,-3.9115457801981988
-14.193688487492183,0.10807542524758647,-0.14193688487492184,-3.1348444197046126,-4.228692073181668
-14.193688487492183,0.1117857371245973,-0.14193688487492184,-3.3537823570083223,-4.561506650249493
-14.193688487492183,0.11549604900160815,-0.14193688487492184,-3.5801097579202623,-4.910198241685464
-14.193688487492183,0.11920636087861898,-0.14193688487492184,-3.8138266224404322,-5.274848813265088
-14.193688487492183,0.12291667275562983,-0.14193688487492184,-4.0549329505688325,-5.655368640320136
-14.193688487492183,0.12662698463264066,-0.14193688487492184,-4.303428742305463,-6.051446645978945
-14.193688487492183,0.1303372965096515,-0.14193688487492184,-4.559313997650323,-6.4624998932687525
-14.193688487492183,0.13404760838666235,-0.14193688487492184,-4.8225887166034145,-6.887627714110218
-14.193688487492183,0.13775792026367317,-0.14193688487492184,-5.0932528991647334,-7.325577191281314
-14.193688487492183,0.14146823214068402,-0.14193688487492184,-5.371306545334285,-7.774727172462133
-14.193688487492183,0.14517854401769487,-0.14193688487492184,-5.6567496551120655,-8.2330973091265
-14.193688487492183,0.1488888558947057,-0.14193688487492184,-5.949582228498077,-8.698386561186839
-14.193688487492183,0.15259916777171653,-0.14193688487492184,-6.249804265492316,-9.168042269555638
-14.193688487492183,0.15630947964872738,-0.14193688487492184,-6.557415766094788,-9.639356718545109
-14.193688487492183,0.16001979152573823,-0.14193688487492184,-6.872416730305489,-10.10958385845291
-14.193688487492183,0.16373010340274907,-0.14193688487492184,-7.194807158124421,-10.576065456889635
-14.193688487492183,0.1674404152797599,-0.14193688487492184,-7.52458704955158,-11.036354203618266
-14.193688487492183,0.17115072715677074,-0.14193688487492184,-7.861756404586973,-11.488321644447204
-14.193688487492183,0.17486103903378158,-0.14193688487492184,-8.206315223230595,-11.930241183466265
-14.193688487492183,0.17857135091079243,-0.14193688487492184,-8.558263505482445,-12.360840199959398
-14.193688487492183,0.18228166278780325,-0.14193688487492184,-8.917601251342527,-12.779319711177607
-14.193688487492183,0.1859919746648141,-0.14193688487492184,-9.284328460810839,-13.185344083697832
-14.193688487492183,0.18970228654182494,-0.14193688487492184,-9.658445133887382,-13.579006377275382
-14.193688487492183,0.1934125984188358,-0.14193688487492184,-10.039951270572155,-13.960776663127977
-14.193688487492183,0.1971229102958466,-0.14193688487492184,-10.428846870865154,-14.331441105582039
-14.193688487492183,0.20083322217285746,-0.14193688487492184,-10.825131934766386,-14.69203899327683
-14.193688487492183,0.2045435340498683,-0.14193688487492184,-11.228806462275848,-15.043803629944556
-14.193688487492183,0.20825384592687915,-0.14193688487492184,-11.639870453393543,-15.388111415647755
-14.193688487492183,0.21196415780388997,-0.14193688487492184,-12.058323908119462,-15.72644185346628
-14.193688487492183,0.21567446968090082,-0.14193688487492184,-12.484166826453617,-16.06034977434874
-14.193688487492183,0.21938478155791166,-0.14193688487492184,-12.917399208396,-16.391449842956426
-14.193688487492183,0.2230950934349225,-0.14193688487492184,-13.358021053946612,-16.72141236114334
-14.193688487492183,0.22680540531193333,-0.14193688487492184,-13.806032363105452,-17.0519684377742
-14.193688487492183,0.23051571718894417,-0.14193688487492184,-14.261433135872526,-17.38492163182943
-14.193688487492183,0.23422602906595502,-0.14193688487492184,-14.72422337224783,-17.72216209042701
-14.193688487492183,0.23793634094296587,-0.14193688487492184,-15.194403072231363,-18.065677918795963
-14.193688487492183,0.2416466528199767,-0.14193688487492184,-15.671972235823123,-18.417557035016927
-14.193688487492183,0.24535696469698753,-0.14193688487492184,-16.156930863023117,-18.779971210391015
-14.193688487492183,0.24906727657399838,-0.14193688487492184,-16.64927895383134,-19.15513271288435
-14.193688487492183,0.2527775884510092,-0.14193688487492184,-17.149016508247797,-19.545213568707947
-14.193688487492183,0.25648790032802005,-0.14193688487492184,-17.656143526272476,-19.952218853076896
-14.193688487492183,0.2601982122050309,-0.14193688487492184,-18.170660007905397,-20.377809744236366
-14.193688487492183,0.26390852408204174,-0.14193688487492184,-18.692565953146538,-20.823080344168734
-14.193688487492183,0.26761883595905256,-0.14193688487492184,-19.221861361995906,-21.288304769823164
-14.193688487492183,0.27132914783606343,-0.14193688487492184,-19.758546234453515,-21.772686439610766
-14.193688487492183,0.27503945971307425,-0.14193688487492184,-20.30262057051935,-22.274156177172287
-14.193688487492183,0.27874977159008507,-0.14193688487492184,-20.85408437019341,-22.7892738250489
-14.193688487492183,0.28246008346709595,-0.14193688487492184,-21.412937633475707,-23.313282966245996
-14.193688487492183,0.28617039534410676,-0.14193688487492184,-21.97918036036623,-23.84034617427038
-14.193688487492183,0.28988070722111764,-0.14193688487492184,-22.55281255086499,-24.363951250887286
-14.193688487492183,0.29359101909812846,-0.14193688487492184,-23.13383420497197,-24.877437081005475
-14.193688487492183,0.2973013309751393,-0.14193688487492184,-23.72224532268718,-25.374555642700148
-14.193688487492183,0.30101164285215015,-0.14193688487492184,-24.31804590401063,-25.84997694952858
-14.193688487492183,0.30472195472916097,-0.14193688487492184,-24.9212359489423,-26.299660160414184
-12.805811636023149,0.011607316445304631,-0.12805811636023148,-0.03578579956937903,0.0970606387509041
-12.805811636023149,0.015317628322315471,-0.12805811636023148,-0.062320385424179836,0.033408390687159395
-12.805811636023149,0.01902794019932631,-0.12805811636023148,-0.09616801053669001,-0.03541531129568054
-12.805811636023149,0.02273825207633715,-0.12805811636023148,-0.13732867490690956,-0.10977725297846708
-12.805811636023149,0.02644856395334799,-0.12805811636023148,-0.1858023785348385,-0.19005968416583952
-12.805811636023149,0.03015887583035883,-0.12805811636023148,-0.2415891214204768,-0.27665926931368756
-12.805811636023149,0.03386918770736967,-0.12805811636023148,-0.3046889035638246,-0.3699857744676873
-12.805811636023149,0.03757949958438051,-0.12805811636023148,-0.37510172496488164,-0.4704604994454542
-12.805811636023149,0.04128981146139135,-0.12805811636023148,-0.4528275856236481,-0.5785144787206329
-12.805811636023149,0.04500012333840219,-0.12805811636023148,-0.537866485540124,-0.6945864914542712
-12.805811636023149,0.04871043521541303,-0.12805811636023148,-0.6302184247143092,-0.8191209398574422
-12.805811636023149,0.05242074709242387,-0.12805811636023148,-0.7298834031462038,-0.9525656742924951
-12.805811636023149,0.05613105896943471,-0.12805811636023148,-0.8368614208358077,-1.0953698612665774
-12.805811636023149,0.05984137084644555,-0.12805811636023148,-0.9511524777831211,-1.247982003958454
-12.805811636023149,0.06355168272345639,-0.12805811636023148,-1.072756573988144,-1.410848230466229
-12.805811636023149,0.06726199460046722,-0.12805811636023148,-1.2016737094508756,-1.584410957991674
-12.805811636023149,0.07097230647747807,-0.12805811636023148,-1.3379038841713173,-1.769108016347426
-12.805811636023149,0.0746826183544889,-0.12805811636023148,-1.481447098149468,-1.9653722657202708
-12.805811636023149,0.07839293023149975,-0.12805811636023148,-1.6323033513853284,-2.1736316659518558
-12.805811636023149,0.08210324210851058,-0.12805811636023148,-1.7904726438788978,-2.394309643225366
-12.805811636023149,0.08581355398552143,-0.12805811636023148,-1.955954975630177,-2.627825452956672
-12.805811636023149,0.08952386586253226,-0.12805811636023148,-2.128750346639165,-2.874594057131516
-12.805811636023149,0.09323417773954311,-0.12805811636023148,-2.308858756905863,-3.135024829053912
-12.805811636023149,0.09694448961655394,-0.12805811636023148,-2.4962802064302703,-3.4095181862280697
-12.805811636023149,0.10065480149356479,-0.12805811636023148,-2.691014695212387,-3.6984590620901887
-12.805811636023149,0.10436511337057562,-0.12805811636023148,-2.8930622232522123,-4.002206001906983
-12.805811636023149,0.10807542524758647,-0.12805811636023148,-3.102422790549748,-4.321074662832853
-12.805811636023149,0.1117857371245973,-0.12805811636023148,-3.319096397104992,-4.655314678065847
-12.805811636023149,0.11549604900160815,-0.12805811636023148,-3.5430830429179467,-5.005079276754083
-12.805811636023149,0.11920636087861898,-0.12805811636023148,-3.77438272798861,-5.370387787451854
-12.805811636023149,0.12291667275562983,-0.12805811636023148,-4.012995452316983,-5.751082210190702
-12.805811636023149,0.12662698463264066,-0.12805811636023148,-4.258921215903065,-6.146780374241874
-12.805811636023149,0.1303372965096515,-0.12805811636023148,-4.512160018746856,-6.556829670301676
-12.805811636023149,0.13404760838666235,-0.12805811636023148,-4.772711860848358,-6.980266720026341
-12.805811636023149,0.13775792026367317,-0.12805811636023148,-5.040576742207567,-7.415789296767497
-12.805811636023149,0.14146823214068402,-0.12805811636023148,-5.315754662824487,-7.861746976632501
-12.805811636023149,0.14517854401769487,-0.12805811636023148,-5.598245622699116,-8.316156072769138
-12.805811636023149,0.1488888558947057,-0.12805811636023148,-5.888049621831455,-8.77674225631611
-12.805811636023149,0.15259916777171653,-0.12805811636023148,-6.185166660221502,-9.24101104133107
-12.805811636023149,0.15630947964872738,-0.12805811636023148,-6.48959673786926,-9.706342473765886
-12.805811636023149,0.16001979152573823,-0.12805811636023148,-6.801339854774726,-10.170102637661216
-12.805811636023149,0.16373010340274907,-0.12805811636023148,-7.120396010937903,-10.629761781558107
-12.805811636023149,0.1674404152797599,-0.12805811636023148,-7.446765206358786,-11.083007633656807
-12.805811636023149,0.17115072715677074,-0.12805811636023148,-7.780447441037381,-11.527843118490017
-12.805811636023149,0.17486103903378158,-0.12805811636023148,-8.121442714973687,-11.962660058735088
-12.805811636023149,0.17857135091079243,-0.12805811636023148,-8.4697510281677,-12.386283988906591
-12.805811636023149,0.18228166278780325,-0.12805811636023148,-8.825372380619422,-12.797989147345469
-12.805811636023149,0.1859919746648141,-0.12805811636023148,-9.188306772328854,-13.197486284474873
-12.805811636023149,0.18970228654182494,-0.12805811636023148,-9.558554203295996,-13.584888569709303
-12.805811636023149,0.1934125984188358,-0.12805811636023148,-9.93611467352085,-13.960662340517358
-12.805811636023149,0.1971229102958466,-0.12805811636023148,-10.320988183003406,-14.32556975106569
-12.805811636023149,0.20083322217285746,-0.12805811636023148,-10.713174731743676,-14.68060978600562
-12.805811636023149,0.2045435340498683,-0.12805811636023148,-11.112674319741656,-15.026962939166818
-12.805811636023149,0.20825384592687915,-0.12805811636023148,-11.519486946997345,-15.365943438761137
-12.805811636023149,0.21196415780388997,-0.12805811636023148,-11.933612613510741,-15.698961477114466
-12.805811636023149,0.21567446968090082,-0.12805811636023148,-12.35505131928185,-16.02749662108331
-12.805811636023149,0.21938478155791166,-0.12805811636023148,-12.783803064310668,-16.35308249094117
-12.805811636023149,0.2230950934349225,-0.12805811636023148,-13.219867848597193,-16.677301877679636
-12.805811636023149,0.22680540531193333,-0.12805811636023148,-13.663245672141425,-17.00179064957532
-12.805811636023149,0.23051571718894417,-0.12805811636023148,-14.113936534943372,-17.32824798303234
-12.805811636023149,0.23422602906595502,-0.12805811636023148,-14.571940437003027,-17.658449544350276
-12.805811636023149,0.23793634094296587,-0.12805811636023148,-15.03725737832039,-17.994259176950436
-12.805811636023149,0.2416466528199767,-0.12805811636023148,-15.509887358895462,-18.337633397457967
-12.805811636023149,0.24535696469698753,-0.12805811636023148,-15.989830378728245,-18.690611657855577
-12.805811636023149,0.24906727657399838,-0.12805811636023148,-16.477086437818738,-19.055284129149644
-12.805811636023149,0.2527775884510092,-0.12805811636023148,-16.971655536166942,-19.433728159845696
-12.805811636023149,0.25648790032802005,-0.12805811636023148,-17.473537673772846,-19.82790526735036
-12.805811636023149,0.2601982122050309,-0.12805811636023148,-17.982732850636474,-20.23951344903892
-12.805811636023149,0.26390852408204174,-0.12805811636023148,-18.499241066757797,-20.669795677297046
-12.805811636023149,0.26761883595905256,-0.12805811636023148,-19.02306232213683,-21.11931516913229
-12.805811636023149,0.27132914783606343,-0.12805811636023148,-19.554196616773584,-21.587720811517812
-12.805811636023149,0.27503945971307425,-0.12805811636023148,-20.09264395066804,-22.073539626145187
-12.805811636023149,0.27874977159008507,-0.12805811636023148,-20.638404323820204,-22.574043009191367
-12.805811636023149,0.28246008346709595,-0.12805811636023148,-21.191477736230087,-23.085234125215678
-12.805811636023149,0.28617039534410676,-0.12805811636023148,-21.751864187897667,-23.601990721210075
-12.805811636023149,0.28988070722111764,-0.12805811636023148,-22.319563678822966,-24.1183702484177
-12.805811636023149,0.29359101909812846,-0.12805811636023148,-22.89457620900597,-24.628048218933838
-12.805811636023149,0.2973013309751393,-0.12805811636023148,-23.47690177844668,-25.124827289172675
-12.805811636023149,0.30101164285215015,-0.12805811636023148,-24.06654038714511,-25.603135838809198
-12.805811636023149,0.30472195472916097,-0.12805811636023148,-24.663492035101235,-26.05843809990566
-11.417934784554115,0.011607316445304631,-0.11417934784554115,-0.035411822841841155,0.06786879165042015
-11.417934784554115,0.015317628322315471,-0.11417934784554115,-0.061669111061715215,0.0021584198431128243
-11.417934784554115,0.01902794019932631,-0.11417934784554115,-0.09516301418877793,-0.06882781217513045
-11.417934784554115,0.02273825207633715,-0.11417934784554115,-0.1358935322230293,-0.1454554391668723
-11.417934784554115,0.02644856395334799,-0.11417934784554115,-0.1838606651644694,-0.22810433920823447
-11.417934784554115,0.03015887583035883,-0.11417934784554115,-0.2390644130130981,-0.3171675810174859
-11.417934784554115,0.03386918770736967,-0.11417934784554115,-0.30150477576891554,-0.41305002249639
-11.417934784554115,0.03757949958438051,-0.11417934784554115,-0.3711817534319216,-0.5161666751812435
-11.417934784554115,0.04128981146139135,-0.11417934784554115,-0.44809534600211637,-0.6269408638399461
-11.417934784554115,0.04500012333840219,-0.11417934784554115,-0.5322455534794998,-0.7458022269367934
-11.417934784554115,0.04871043521541303,-0.11417934784554115,-0.6236323758640718,-0.8731846212394558
-11.417934784554115,0.05242074709242387,-0.11417934784554115,-0.7222558131558325,-1.009524011027686
-11.417934784554115,0.05613105896943471,-0.11417934784554115,-0.828115865354782,-1.1552564370722818
-11.417934784554115,0.05984137084644555,-0.11417934784554115,-0.94121253246092,-1.310816169912904
-11.417934784554115,0.06355168272345639,-0.11417934784554115,-1.0615458144742467,-1.4766341522964395
-11.417934784554115,0.06726199460046722,-0.11417934784554115,-1.189115711394762,-1.6531368225184446
-11.417934784554115,0.07097230647747807,-0.11417934784554115,-1.323922223222466,-1.8407453788585735
-11.417934784554115,0.0746826183544889,-0.11417934784554115,-1.4659653499573586,-2.03987549017858
-11.417934784554115,0.07839293023149975,-0.11417934784554115,-1.61524509159944,-2.2509373744182035
-11.417934784554115,0.08210324210851058,-0.11417934784554115,-1.77176144814871,-2.474336052020181
-11.417934784554115,0.08581355398552143,-0.11417934784554115,-1.935514419605169,-2.7104714349175785
-11.417934784554115,0.08952386586253226,-0.11417934784554115,-2.1065040059688163,-2.959737737877587
-11.417934784554115,0.09323417773954311,-0.11417934784554115,-2.2847302072396523,-3.222521508609768
-11.417934784554115,0.09694448961655394,-0.11417934784554115,-2.470193023417677,-3.499197385836265
-11.417934784554115,0.10065480149356479,-0.11417934784554115,-2.6628924545028902,-3.7901205409579166
-11.417934784554115,0.10436511337057562,-0.11417934784554115,-2.8628285004952922,-4.095614681196994
-11.417934784554115,0.10807542524758647,-0.11417934784554115,-3.0700011613948837,-4.415954542940072
-11.417934784554115,0.1117857371245973,-0.11417934784554115,-3.2844104372016623,-4.751342042373332
-11.417934784554115,0.11549604900160815,-0.11417934784554115,-3.5060563279156307,-5.101875732118536
-11.417934784554115,0.11920636087861898,-0.11417934784554115,-3.7349388335367872,-5.4675139746693215
-11.417934784554115,0.12291667275562983,-0.11417934784554115,-3.971057954065133,-5.84803328387312
-11.417934784554115,0.12662698463264066,-0.11417934784554115,-4.214413689500667,-6.242984539545221
-11.417934784554115,0.1303372965096515,-0.11417934784554115,-4.46500603984339,-6.651651100270115
-11.417934784554115,0.13404760838666235,-0.11417934784554115,-4.722835005093302,-7.073013990819827
-11.417934784554115,0.13775792026367317,-0.11417934784554115,-4.9879005852504,-7.505730022261137
-11.417934784554115,0.14146823214068402,-0.11417934784554115,-5.26020278031469,-7.948128602704306
-11.417934784554115,0.14517854401769487,-0.11417934784554115,-5.539741590286167,-8.398231879511728
-11.417934784554115,0.1488888558947057,-0.11417934784554115,-5.826517015164834,-8.853800661960827
-11.417934784554115,0.15259916777171653,-0.11417934784554115,-6.120529054950687,-9.312405505149297
-11.417934784554115,0.15630947964872738,-0.11417934784554115,-6.421777709643731,-9.771518860161319
-11.417934784554115,0.16001979152573823,-0.11417934784554115,-6.730262979243964,-10.228620974422796
-11.417934784554115,0.16373010340274907,-0.11417934784554115,-7.045984863751385,-10.681309953132414
-11.417934784554115,0.1674404152797599,-0.11417934784554115,-7.368943363165992,-11.127405592305307
-11.417934784554115,0.17115072715677074,-0.11417934784554115,-7.69913847748779,-11.565037458622774
-11.417934784554115,0.17486103903378158,-0.11417934784554115,-8.036570206716778,-11.992710020039656
-11.417934784554115,0.17857135091079243,-0.11417934784554115,-8.381238550852954,-12.409340896942954
-11.417934784554115,0.18228166278780325,-0.11417934784554115,-8.733143509896317,-12.814271819434529
-11.417934784554115,0.1859919746648141,-0.11417934784554115,-9.09228508384687,-13.207254991777235
-11.417934784554115,0.18970228654182494,-0.11417934784554115,-9.458663272704612,-13.588419822861049
-11.417934784554115,0.1934125984188358,-0.11417934784554115,-9.832278076469542,-13.958226188103339
-11.417934784554115,0.1971229102958466,-0.11417934784554115,-10.21312949514166,-14.317410595779151
-11.417934784554115,0.20083322217285746,-0.11417934784554115,-10.601217528720966,-14.66693105971054
-11.417934784554115,0.2045435340498683,-0.11417934784554115,-10.996542177207463,-15.007915421447473
-11.417934784554115,0.20825384592687915,-0.11417934784554115,-11.399103440601149,-15.34161659646271
-11.417934784554115,0.21196415780388997,-0.11417934784554115,-11.80890131890202,-15.669376952843049
-11.417934784554115,0.21567446968090082,-0.11417934784554115,-12.225935812110084,-15.992602894336915
-11.417934784554115,0.21938478155791166,-0.11417934784554115,-12.650206920225335,-16.31274975802557
-11.417934784554115,0.2230950934349225,-0.11417934784554115,-13.081714643247773,-16.631316332276526
-11.417934784554115,0.22680540531193333,-0.11417934784554115,-13.520458981177399,-16.949847593059516
-11.417934784554115,0.23051571718894417,-0.11417934784554115,-13.966439934014216,-17.269943565171065
-11.417934784554115,0.23422602906595502,-0.11417934784554115,-14.419657501758223,-17.593271456412364
-11.417934784554115,0.23793634094296587,-0.11417934784554115,-14.88011168440942,-17.92157732165272
-11.417934784554115,0.2416466528199767,-0.11417934784554115,-15.347802481967799,-18.25669246555258
-11.417934784554115,0.24535696469698753,-0.11417934784554115,-15.82272989443337,-18.6005286369263
-11.417934784554115,0.24906727657399838,-0.11417934784554115,-16.304893921806134,-18.955054970870297
-11.417934784554115,0.2527775884510092,-0.11417934784554115,-16.794294564086083,-19.322248929893135
-11.417934784554115,0.25648790032802005,-0.11417934784554115,-17.290931821273215,-19.70401371935064
-11.417934784554115,0.2601982122050309,-0.11417934784554115,-17.79480569336755,-20.102056534824474
-11.417934784554115,0.26390852408204174,-0.11417934784554115,-18.30591618036906,-20.517726342136804
-11.417934784554115,0.26761883595905256,-0.11417934784554115,-18.82426328227776,-20.95181727957322
-11.417934784554115,0.27132914783606343,-0.11417934784554115,-19.349846999093657,-21.404354089989724
-11.417934784554115,0.27503945971307425,-0.11417934784554115,-19.882667330816737,-21.87438783953683
-11.417934784554115,0.27874977159008507,-0.11417934784554115,-20.422724277447,-22.3598404992117
-11.417934784554115,0.28246008346709595,-0.11417934784554115,-20.970017838984464,-22.857441319396276
-11.417934784554115,0.28617039534410676,-0.11417934784554115,-21.524548015429108,-23.362791860682034
-11.417934784554115,0.28988070722111764,-0.11417934784554115,-22.086314806780948,-23.870577892851376
-11.417934784554115,0.29359101909812846,-0.11417934784554115,-22.65531821303997,-24.37491753470835
-11.417934784554115,0.2973013309751393,-0.11417934784554115,-23.23155823420618,-24.869803528922876
-11.417934784554115,0.30101164285215015,-0.11417934784554115,-23.815034870279586,-25.349573857236194
-11.417934784554115,0.30472195472916097,-0.11417934784554115,-24.40574812126017,-25.809337743898215
-10.03005793308508,0.011607316445304631,-0.1003005793308508,-0.03503784611430328,0.0361882959697033
-10.03005793308508,0.015317628322315471,-0.1003005793308508,-0.0610178366992506,-0.03170702543149284
-10.03005793308508,0.01902794019932631,-0.1003005793308508,-0.09415801784086586,-0.10498235924841026
-10.03005793308508,0.02273825207633715,-0.1003005793308508,-0.13445838953914907,-0.18400087796819853
-10.03005793308508,0.02644856395334799,-0.1003005793308508,-0.18191895179410028,-0.2691388523561664
-10.03005793308508,0.03015887583035883,-0.1003005793308508,-0.2365397046057194,-0.3607844021738633
-10.03005793308508,0.03386918770736967,-0.1003005793308508,-0.29832064797400654,-0.4593360174293135
-10.03005793308508,0.03757949958438051,-0.1003005793308508,-0.3672617818989616,-0.5652008709399436
-10.03005793308508,0.04128981146139135,-0.1003005793308508,-0.4433631063805846,-0.6787929573124705
-10.03005793308508,0.04500012333840219,-0.1003005793308508,-0.5266246214188756,-0.8005311091191485
-10.03005793308508,0.04871043521541303,-0.1003005793308508,-0.6170463270138346,-0.930836957031675
-10.03005793308508,0.05242074709242387,-0.1003005793308508,-0.7146282231654614,-1.0701329153725534
-10.03005793308508,0.05613105896943471,-0.1003005793308508,-0.8193703098737561,-1.2188402857337437
-10.03005793308508,0.05984137084644555,-0.1003005793308508,-0.931272587138719,-1.3773775760750813
-10.03005793308508,0.06355168272345639,-0.1003005793308508,-1.0503350549603496,-1.5461591274445659
-10.03005793308508,0.06726199460046722,-0.1003005793308508,-1.176557713338648,-1.7255941209725358
-10.03005793308508,0.07097230647747807,-0.1003005793308508,-1.3099405622736149,-1.9160859995661441
-10.03005793308508,0.0746826183544889,-0.1003005793308508,-1.4504836017652494,-2.118032277373702
-10.03005793308508,0.07839293023149975,-0.1003005793308508,-1.598186831813552,-2.331824622025672
-10.03005793308508,0.08210324210851058,-0.1003005793308508,-1.7530502524185223,-2.557848978137124
-10.03005793308508,0.08581355398552143,-0.1003005793308508,-1.915073863580161,-2.79648535697178
-10.03005793308508,0.08952386586253226,-0.1003005793308508,-2.0842576652984675,-3.048106752703884
-10.03005793308508,0.09323417773954311,-0.1003005793308508,-2.260601657573442,-3.3130764731909172
-10.03005793308508,0.09694448961655394,-0.1003005793308508,-2.4441058404050837,-3.5917430138637583
-10.03005793308508,0.10065480149356479,-0.1003005793308508,-2.634770213793394,-3.884431488336852
-10.03005793308508,0.10436511337057562,-0.1003005793308508,-2.832594777738372,-4.191430599710979
-10.03005793308508,0.10807542524758647,-0.1003005793308508,-3.0375795322400188,-4.512974241339328
-10.03005793308508,0.1117857371245973,-0.1003005793308508,-3.2497244772983325,-4.849217106696061
-10.03005793308508,0.11549604900160815,-0.1003005793308508,-3.4690296129133147,-5.200204209226403
-10.03005793308508,0.11920636087861898,-0.1003005793308508,-3.695494939084965,-5.565834986661154
-10.03005793308508,0.12291667275562983,-0.1003005793308508,-3.929120455813283,-5.945823670932796
-10.03005793308508,0.12662698463264066,-0.1003005793308508,-4.169906163098269,-6.339658764405457
-10.03005793308508,0.1303372965096515,-0.1003005793308508,-4.417852060939922,-6.746565621320492
-10.03005793308508,0.13404760838666235,-0.1003005793308508,-4.672958149338245,-7.165477063744148
-10.03005793308508,0.13775792026367317,-0.1003005793308508,-4.935224428293234,-7.595017392214002
-10.03005793308508,0.14146823214068402,-0.1003005793308508,-5.204650897804892,-8.033504822115756
-10.03005793308508,0.14517854401769487,-0.1003005793308508,-5.481237557873218,-8.478976117996892
-10.03005793308508,0.1488888558947057,-0.1003005793308508,-5.764984408498212,-8.92923501445629
-10.03005793308508,0.15259916777171653,-0.1003005793308508,-6.055891449679872,-9.381923138395996
-10.03005793308508,0.15630947964872738,-0.1003005793308508,-6.353958681418202,-9.834609040944734
-10.03005793308508,0.16001979152573823,-0.1003005793308508,-6.659186103713201,-10.28488820442957
-10.03005793308508,0.16373010340274907,-0.1003005793308508,-6.971573716564866,-10.730485095687046
-10.03005793308508,0.1674404152797599,-0.1003005793308508,-7.291121519973197,-11.16934789823496
-10.03005793308508,0.17115072715677074,-0.1003005793308508,-7.6178295139382,-11.599727575569332
-10.03005793308508,0.17486103903378158,-0.1003005793308508,-7.951697698459871,-12.02023516489459
-10.03005793308508,0.17857135091079243,-0.1003005793308508,-8.292726073538207,-12.42987418383904
-10.03005793308508,0.18228166278780325,-0.1003005793308508,-8.640914639173213,-12.828048150106895
-10.03005793308508,0.1859919746648141,-0.1003005793308508,-8.996263395364885,-13.214545917411069
-10.03005793308508,0.18970228654182494,-0.1003005793308508,-9.358772342113227,-13.589509449593209
-10.03005793308508,0.1934125984188358,-0.1003005793308508,-9.728441479418237,-13.95338964523504
-10.03005793308508,0.1971229102958466,-0.1003005793308508,-10.105270807279911,-14.306895949435248
-10.03005793308508,0.20083322217285746,-0.1003005793308508,-10.489260325698256,-14.650944946687751
-10.03005793308508,0.2045435340498683,-0.1003005793308508,-10.88041003467327,-14.986612172529577
-10.03005793308508,0.20825384592687915,-0.1003005793308508,-11.278719934204952,-15.315090251065088
-10.03005793308508,0.21196415780388997,-0.1003005793308508,-11.684190024293299,-15.637655342768106
-10.03005793308508,0.21567446968090082,-0.1003005793308508,-12.096820304938317,-15.95564288129602
-10.03005793308508,0.21938478155791166,-0.1003005793308508,-12.516610776140004,-16.270432729656534
-10.03005793308508,0.2230950934349225,-0.1003005793308508,-12.943561437898355,-16.58344318108485
-10.03005793308508,0.22680540531193333,-0.1003005793308508,-13.377672290213374,-16.89613261865585
-10.03005793308508,0.23051571718894417,-0.1003005793308508,-13.818943333085063,-17.21000706162122
-10.03005793308508,0.23422602906595502,-0.1003005793308508,-14.267374566513421,-17.526631194227637
-10.03005793308508,0.23793634094296587,-0.1003005793308508,-14.722965990498446,-17.84763973486065
-10.03005793308508,0.2416466528199767,-0.1003005793308508,-15.185717605040136,-18.17474513034284
-10.03005793308508,0.24535696469698753,-0.1003005793308508,-15.655629410138497,-18.509736577159885
-10.03005793308508,0.24906727657399838,-0.1003005793308508,-16.132701405793526,-18.854464390832252
-10.03005793308508,0.2527775884510092,-0.1003005793308508,-16.616933592005225,-19.21080300600841
-10.03005793308508,0.25648790032802005,-0.1003005793308508,-17.108325968773585,-19.58058579441483
-10.03005793308508,0.2601982122050309,-0.1003005793308508,-17.606878536098623,-19.965506004508452
-10.03005793308508,0.26390852408204174,-0.1003005793308508,-18.11259129398032,-20.36698112723518
-10.03005793308508,0.26761883595905256,-0.1003005793308508,-18.625464242418683,-20.78598346421594
-10.03005793308508,0.27132914783606343,-0.1003005793308508,-19.145497381413726,-21.222847778554254
-10.03005793308508,0.27503945971307425,-0.1003005793308508,-19.67269071096543,-21.677076916584912
-10.03005793308508,0.27874977159008507,-0.1003005793308508,-20.207044231073798,-22.147176178097332
-10.03005793308508,0.28246008346709595,-0.1003005793308508,-20.74855794173884,-22.630553639931776
-10.03005793308508,0.28617039534410676,-0.1003005793308508,-21.297231842960546,-23.123522670844416
-10.03005793308508,0.28988070722111764,-0.1003005793308508,-21.85306593473893,-23.621431598586565
-10.03005793308508,0.29359101909812846,-0.1003005793308508,-22.416060217073966,-24.11892401020947
-10.03005793308508,0.2973013309751393,-0.1003005793308508,-22.986214689965678,-24.610305880939
-10.03005793308508,0.30101164285215015,-0.1003005793308508,-23.563529353414065,-25.089970618172224
-10.03005793308508,0.30472195472916097,-0.1003005793308508,-24.148004207419106,-25.552818764446137
-8.642181081616046,0.011607316445304631,-0.08642181081616046,-0.0346638693867654,0.0019299143480220327
-8.642181081616046,0.015317628322315471,-0.08642181081616046,-0.06036656233678598,-0.0682730136670715
-8.642181081616046,0.01902794019932631,-0.08642181081616046,-0.09315302149295379,-0.14395850242679598
-8.642181081616046,0.02273825207633715,-0.08642181081616046,-0.13302324685526884,-0.22548613893455238
-8.642181081616046,0.02644856395334799,-0.08642181081616046,-0.17997723842373115,-0.31322725113899375
-8.642181081616046,0.03015887583035883,-0.08642181081616046,-0.2340149961983407,-0.40756357363148954
-8.642181081616046,0.03386918770736967,-0.08642181081616046,-0.29513652017909753,-0.5088857079010651
-8.642181081616046,0.03757949958438051,-0.08642181081616046,-0.36334181036600155,-0.617591404109268
-8.642181081616046,0.04128981146139135,-0.08642181081616046,-0.43863086675905283,-0.7340837051592695
-8.642181081616046,0.04500012333840219,-0.08642181081616046,-0.5210036893582514,-0.8587690083269095
-8.642181081616046,0.04871043521541303,-0.08642181081616046,-0.6104602781635972,-0.9920551136970945
-8.642181081616046,0.05242074709242387,-0.08642181081616046,-0.7070006331750902,-1.134349340387693
-8.642181081616046,0.05613105896943471,-0.08642181081616046,-0.8106247543927304,-1.2860567987431588
-8.642181081616046,0.05984137084644555,-0.08642181081616046,-0.9213326418165179,-1.447578906437335
-8.642181081616046,0.06355168272345639,-0.08642181081616046,-1.0391242954464526,-1.6193122252834862
-8.642181081616046,0.06726199460046722,-0.08642181081616046,-1.1639997152825343,-1.8016476696565942
-8.642181081616046,0.07097230647747807,-0.08642181081616046,-1.2959589013247637,-1.9949700928418614
-8.642181081616046,0.0746826183544889,-0.08642181081616046,-1.43500185357314,-2.1996581907842017
-8.642181081616046,0.07839293023149975,-0.08642181081616046,-1.5811285720276638,-2.416084571202463
-8.642181081616046,0.08210324210851058,-0.08642181081616046,-1.7343390566883345,-2.6446157195426014
-8.642181081616046,0.08581355398552143,-0.08642181081616046,-1.894633307555153,-2.8856114548570178
-8.642181081616046,0.08952386586253226,-0.08642181081616046,-2.062011324628118,-3.1394233163747804
-8.642181081616046,0.09323417773954311,-0.08642181081616046,-2.236473107907231,-3.4063911697068336
-8.642181081616046,0.09694448961655394,-0.08642181081616046,-2.4180186573924907,-3.686837192636717
-8.642181081616046,0.10065480149356479,-0.08642181081616046,-2.606647973083898,-3.98105632527178
-8.642181081616046,0.10436511337057562,-0.08642181081616046,-2.802361054981452,-4.289302287063912
-8.642181081616046,0.10807542524758647,-0.08642181081616046,-3.0051579030851543,-4.611768418228262
-8.642181081616046,0.1117857371245973,-0.08642181081616046,-3.2150385173950027,-4.948562938963364
-8.642181081616046,0.11549604900160815,-0.08642181081616046,-3.432002897910999,-5.2996787692307095
-8.642181081616046,0.11920636087861898,-0.08642181081616046,-3.6560510446331422,-5.664958822166187
-8.642181081616046,0.12291667275562983,-0.08642181081616046,-3.887182957561433,-6.044058641115753
-8.642181081616046,0.12662698463264066,-0.08642181081616046,-4.125398636695871,-6.436409302283733
-8.642181081616046,0.1303372965096515,-0.08642181081616046,-4.370698082036456,-6.841184495759605
-8.642181081616046,0.13404760838666235,-0.08642181081616046,-4.623081293583189,-7.257276414305634
-8.642181081616046,0.13775792026367317,-0.08642181081616046,-4.882548271336067,-7.683285282879385
-8.642181081616046,0.14146823214068402,-0.08642181081616046,-5.149099015295095,-8.117526842464374
-8.642181081616046,0.14517854401769487,-0.08642181081616046,-5.422733525460268,-8.558060748933887
-8.642181081616046,0.1488888558947057,-0.08642181081616046,-5.70345180183159,-9.00274071691435
-8.642181081616046,0.15259916777171653,-0.08642181081616046,-5.991253844409058,-9.449284586160678
-8.642181081616046,0.15630947964872738,-0.08642181081616046,-6.286139653192674,-9.89535974870748
-8.642181081616046,0.16001979152573823,-0.08642181081616046,-6.588109228182438,-10.338677075673182
-8.642181081616046,0.16373010340274907,-0.08642181081616046,-6.897162569378348,-10.777085107798166
-8.642181081616046,0.1674404152797599,-0.08642181081616046,-7.213299676780403,-11.208656128491091
-8.642181081616046,0.17115072715677074,-0.08642181081616046,-7.536520550388609,-11.631756856113014
-8.642181081616046,0.17486103903378158,-0.08642181081616046,-7.866825190202962,-12.045098627191914
-8.642181081616046,0.17857135091079243,-0.08642181081616046,-8.204213596223461,-12.44776464453233
-8.642181081616046,0.18228166278780325,-0.08642181081616046,-8.548685768450106,-12.83921461169653
-8.642181081616046,0.1859919746648141,-0.08642181081616046,-8.9002417068829,-13.219269409776254
-8.642181081616046,0.18970228654182494,-0.08642181081616046,-9.258881411521843,-13.588080095656501
-8.642181081616046,0.1934125984188358,-0.08642181081616046,-9.624604882366931,-13.946086309514525
-8.642181081616046,0.1971229102958466,-0.08642181081616046,-9.997412119418165,-14.29396924014438
-8.642181081616046,0.20083322217285746,-0.08642181081616046,-10.377303122675547,-14.632603787667541
-8.642181081616046,0.2045435340498683,-0.08642181081616046,-10.764277892139077,-14.963013704134474
-8.642181081616046,0.20825384592687915,-0.08642181081616046,-11.158336427808756,-15.286332488626119
-8.642181081616046,0.21196415780388997,-0.08642181081616046,-11.559478729684578,-15.603771820561347
-8.642181081616046,0.21567446968090082,-0.08642181081616046,-11.967704797766551,-15.91659842688134
-8.642181081616046,0.21938478155791166,-0.08642181081616046,-12.383014632054671,-16.22611953116056
-8.642181081616046,0.2230950934349225,-0.08642181081616046,-12.805408232548936,-16.533676415163935
-8.642181081616046,0.22680540531193333,-0.08642181081616046,-13.234885599249347,-16.84064509490354
-8.642181081616046,0.23051571718894417,-0.08642181081616046,-13.671446732155909,-17.14844261644585
-8.642181081616046,0.23422602906595502,-0.08642181081616046,-14.115091631268617,-17.458536950366206
-8.642181081616046,0.23793634094296587,-0.08642181081616046,-14.565820296587473,-17.7724578546994
-8.642181081616046,0.2416466528199767,-0.08642181081616046,-15.023632728112473,-18.091805353039195
-8.642181081616046,0.24535696469698753,-0.08642181081616046,-15.488528925843625,-18.418251645515916
-8.642181081616046,0.24906727657399838,-0.08642181081616046,-15.960508889780922,-18.75353140885376
-8.642181081616046,0.2527775884510092,-0.08642181081616046,-16.43957261992437,-19.09941471631637
-8.642181081616046,0.25648790032802005,-0.08642181081616046,-16.925720116273954,-19.45765651409128
-8.642181081616046,0.2601982122050309,-0.08642181081616046,-17.4189513788297,-19.82991716323176
-8.642181081616046,0.26390852408204174,-0.08642181081616046,-17.919266407591582,-20.217650541539683
-8.642181081616046,0.26761883595905256,-0.08642181081616046,-18.42666520255961,-20.62196013920613
-8.642181081616046,0.27132914783606343,-0.08642181081616046,-18.941147763733795,-21.043429779359332
-8.642181081616046,0.27503945971307425,-0.08642181081616046,-19.462714091114123,-21.481943767577228
-8.642181081616046,0.27874977159008507,-0.08642181081616046,-19.991364184700593,-21.936520182722738
-8.642181081616046,0.28246008346709595,-0.08642181081616046,-20.527098044493222,-22.40518828597293
-8.642181081616046,0.28617039534410676,-0.08642181081616046,-21.069915670491987,-22.884943435357368
-8.642181081616046,0.28988070722111764,-0.08642181081616046,-21.619817062696907,-23.37180741836048
-8.642181081616046,0.29359101909812846,-0.08642181081616046,-22.176802221107966,-23.861007472609007
-8.642181081616046,0.2973013309751393,-0.08642181081616046,-22.740871145725176,-24.347265366892543
-8.642181081616046,0.30101164285215015,-0.08642181081616046,-23.31202383654854,-24.825164168352856
-8.642181081616046,0.30472195472916097,-0.08642181081616046,-23.89026029357804,-25.28954208124507
-7.254304230147012,0.011607316445304631,-0.07254304230147011,-0.03428989265922752,-0.03499333744810684
-7.254304230147012,0.015317628322315471,-0.07254304230147011,-0.05971528797432136,-0.10762102771260507
-7.254304230147012,0.01902794019932631,-0.07254304230147011,-0.09214802514504171,-0.1858307662549299
-7.254304230147012,0.02273825207633715,-0.07254304230147011,-0.13158810417138858,-0.2699772330308716
-7.254304230147012,0.02644856395334799,-0.07254304230147011,-0.178035525053362,-0.3604253961724393
-7.254304230147012,0.03015887583035883,-0.07254304230147011,-0.23149028779096195,-0.4575491093656707
-7.254304230147012,0.03386918770736967,-0.07254304230147011,-0.2919523923841885,-0.5617295325906166
-7.254304230147012,0.03757949958438051,-0.07254304230147011,-0.3594218388330415,-0.673353409190939
-7.254304230147012,0.04128981146139135,-0.07254304230147011,-0.43389862713752103,-0.792811245183102
-7.254304230147012,0.04500012333840219,-0.07254304230147011,-0.5153827572976271,-0.9204954496060851
-7.254304230147012,0.04871043521541303,-0.07254304230147011,-0.6038742293133598,-1.0567985062199718
-7.254304230147012,0.05242074709242387,-0.07254304230147011,-0.6993730431847188,-1.202111255173678
-7.254304230147012,0.05613105896943471,-0.07254304230147011,-0.8018791989117046,-1.3568213660532222
-7.254304230147012,0.05984137084644555,-0.07254304230147011,-0.9113926964943166,-1.5213120781736722
-7.254304230147012,0.06355168272345639,-0.07254304230147011,-1.0279135359325555,-1.695961266868603
-7.254304230147012,0.06726199460046722,-0.07254304230147011,-1.1514417172264204,-1.8811408624386834
-7.254304230147012,0.07097230647747807,-0.07254304230147011,-1.2819772403759122,-2.0772165980627513
-7.254304230147012,0.0746826183544889,-0.07254304230147011,-1.4195201053810305,-2.2845479917311735
-7.254304230147012,0.07839293023149975,-0.07254304230147011,-1.5640703122417754,-2.503488373906098
-7.254304230147012,0.08210324210851058,-0.07254304230147011,-1.7156278609581466,-2.734384658277049
-7.254304230147012,0.08581355398552143,-0.07254304230147011,-1.8741927515301449,-2.9775764223246206
-7.254304230147012,0.08952386586253226,-0.07254304230147011,-2.039764983957769,-3.2333937269429374
-7.254304230147012,0.09323417773954311,-0.07254304230147011,-2.21234455824102,-3.5021529757700707
-7.254304230147012,0.09694448961655394,-0.07254304230147011,-2.3919314743798976,-3.7841500179469483
-7.254304230147012,0.10065480149356479,-0.07254304230147011,-2.5785257323744015,-4.079649662932753
-7.254304230147012,0.10436511337057562,-0.07254304230147011,-2.7721273322245317,-4.388870839027824
-7.254304230147012,0.10807542524758647,-0.07254304230147011,-2.9727362739302894,-4.7119668272988235
-7.254304230147012,0.1117857371245973,-0.07254304230147011,-3.1803525574916724,-5.04900037466978
-7.254304230147012,0.11549604900160815,-0.07254304230147011,-3.3949761829086826,-5.399914055137803
-7.254304230147012,0.11920636087861898,-0.07254304230147011,-3.616607150181319,-5.764497000572132
-7.254304230147012,0.12291667275562983,-0.07254304230147011,-3.8452454593095826,-6.142350015534173
-7.254304230147012,0.12662698463264066,-0.07254304230147011,-4.080891110293472,-6.532852025018762
-7.254304230147012,0.1303372965096515,-0.07254304230147011,-4.323544103132988,-6.935131626396766
-7.254304230147012,0.13404760838666235,-0.07254304230147011,-4.573204437828132,-7.348048031879516
-7.254304230147012,0.13775792026367317,-0.07254304230147011,-4.8298721143789,-7.770185691278851
-7.254304230147012,0.14146823214068402,-0.07254304230147011,-5.093547132785297,-8.199866214891323
-7.254304230147012,0.14517854401769487,-0.07254304230147011,-5.364229493047318,-8.635179813967229
-7.254304230147012,0.1488888558947057,-0.07254304230147011,-5.641919195164968,-9.07403643571667
-7.254304230147012,0.15259916777171653,-0.07254304230147011,-5.926616239138242,-9.514234356427568
-7.254304230147012,0.15630947964872738,-0.07254304230147011,-6.218320624967145,-9.953541613477096
-7.254304230147012,0.16001979152573823,-0.07254304230147011,-6.517032352651674,-10.389783761561386
-7.254304230147012,0.16373010340274907,-0.07254304230147011,-6.822751422191829,-10.820930423812415
-7.254304230147012,0.1674404152797599,-0.07254304230147011,-7.135477833587609,-11.24517319427163
-7.254304230147012,0.17115072715677074,-0.07254304230147011,-7.455211586839017,-11.66098861623034
-7.254304230147012,0.17486103903378158,-0.07254304230147011,-7.781952681946053,-12.067181962040197
-7.254304230147012,0.17857135091079243,-0.07254304230147011,-8.115701118908714,-12.462909968688045
-7.254304230147012,0.18228166278780325,-0.07254304230147011,-8.456456897727001,-12.84768309133856
-7.254304230147012,0.1859919746648141,-0.07254304230147011,-8.804220018400914,-13.221349843955725
-7.254304230147012,0.18970228654182494,-0.07254304230147011,-9.158990480930456,-13.58406716436955
-7.254304230147012,0.1934125984188358,-0.07254304230147011,-9.520768285315624,-13.936261398077276
-7.254304230147012,0.1971229102958466,-0.07254304230147011,-9.889553431556417,-14.27858450886282
-7.254304230147012,0.20083322217285746,-0.07254304230147011,-10.265345919652836,-14.611869652503936
-7.254304230147012,0.2045435340498683,-0.07254304230147011,-10.648145749604884,-14.937089482069926
-7.254304230147012,0.20825384592687915,-0.07254304230147011,-11.037952921412558,-15.255319664982432
-7.254304230147012,0.21196415780388997,-0.07254304230147011,-11.434767435075855,-15.567709216153494
-7.254304230147012,0.21567446968090082,-0.07254304230147011,-11.838589290594783,-15.875458468783533
-7.254304230147012,0.21938478155791166,-0.07254304230147011,-12.249418487969338,-16.179804846255916
-7.254304230147012,0.2230950934349225,-0.07254304230147011,-12.667255027199516,-16.48201605765494
-7.254304230147012,0.22680540531193333,-0.07254304230147011,-13.092098908285319,-16.78338988217976
-7.254304230147012,0.23051571718894417,-0.07254304230147011,-13.523950131226753,-17.08525928617124
-7.254304230147012,0.23422602906595502,-0.07254304230147011,-13.962808696023814,-17.389001178498187
-7.254304230147012,0.23793634094296587,-0.07254304230147011,-14.4086746026765,-17.696046608744933
-7.254304230147012,0.2416466528199767,-0.07254304230147011,-14.86154785118481,-18.007889616557677
-7.254304230147012,0.24535696469698753,-0.07254304230147011,-15.321428441548749,-18.326091247117912
-7.254304230147012,0.24906727657399838,-0.07254304230147011,-15.788316373768314,-18.652274501926534
-7.254304230147012,0.2527775884510092,-0.07254304230147011,-16.262211647843507,-18.98810531206829
-7.254304230147012,0.25648790032802005,-0.07254304230147011,-16.743114263774324,-19.33525421600063
-7.254304230147012,0.2601982122050309,-0.07254304230147011,-17.231024221560773,-19.69533362332768
-7.254304230147012,0.26390852408204174,-0.07254304230147011,-17.72594152120284,-20.069806782349946
-7.254304230147012,0.26761883595905256,-0.07254304230147011,-18.227866162700533,-20.459867313666003
-7.254304230147012,0.27132914783606343,-0.07254304230147011,-18.736798146053864,-20.866292782429724
-7.254304230147012,0.27503945971307425,-0.07254304230147011,-19.252737471262815,-21.289282251140037
-7.254304230147012,0.27874977159008507,-0.07254304230147011,-19.77568413832739,-21.728295402916274
-7.254304230147012,0.28246008346709595,-0.07254304230147011,-20.305638147247596,-22.181918061326172
-7.254304230147012,0.28617039534410676,-0.07254304230147011,-20.84259949802342,-22.64778330594325
-7.254304230147012,0.28988070722111764,-0.07254304230147011,-21.386568190654884,-23.122576139376726
-7.254304230147012,0.29359101909812846,-0.07254304230147011,-21.937544225141966,-23.6021408508868
-7.254304230147012,0.2973013309751393,-0.07254304230147011,-22.495527601484675,-24.081694013776232
-7.254304230147012,0.30101164285215015,-0.07254304230147011,-23.060518319683016,-24.55612554763583
-7.254304230147012,0.30472195472916097,-0.07254304230147011,-23.632516379736973,-25.02035104054051
-5.866427378677978,0.011607316445304631,-0.058664273786779776,-0.03391591593168965,-0.07466440467507351
-5.866427378677978,0.015317628322315471,-0.058664273786779776,-0.05906401361185674,-0.14982705118972728
-5.866427378677978,0.01902794019932631,-0.058664273786779776,-0.09114302879712964,-0.230666625779393
-5.866427378677978,0.02273825207633715,-0.058664273786779776,-0.13015296148750835,-0.31753150052768486
-5.866427378677978,0.02644856395334799,-0.058664273786779776,-0.1760938116829929,-0.4107788093730178
-5.866427378677978,0.03015887583035883,-0.058664273786779776,-0.22896557938358325,-0.5107729989568952
-5.866427378677978,0.03386918770736967,-0.058664273786779776,-0.2887682645892795,-0.6178842362254942
-5.866427378677978,0.03757949958438051,-0.058664273786779776,-0.3555018673000815,-0.7324867112567521
-5.866427378677978,0.04128981146139135,-0.058664273786779776,-0.4291663875159893,-0.8549568854539045
-5.866427378677978,0.04500012333840219,-0.058664273786779776,-0.5097618252370029,-0.985671746086678
-5.866427378677978,0.04871043521541303,-0.058664273786779776,-0.5972881804631224,-1.1250071367419774
-5.866427378677978,0.05242074709242387,-0.058664273786779776,-0.6917454531943477,-1.2733362377083357
-5.866427378677978,0.05613105896943471,-0.058664273786779776,-0.7931336434306787,-1.4310282683782791
-5.866427378677978,0.05984137084644555,-0.058664273786779776,-0.9014527511721157,-1.5984474727523843
-5.866427378677978,0.06355168272345639,-0.058664273786779776,-1.0167027764186585,-1.77595242616926
-5.866427378677978,0.06726199460046722,-0.058664273786779776,-1.1388837191703065,-1.9638956635628868
-5.866427378677978,0.07097230647747807,-0.058664273786779776,-1.267995579427061,-2.162623574324214
-5.866427378677978,0.0746826183544889,-0.058664273786779776,-1.4040383571889212,-2.3724764345789575
-5.866427378677978,0.07839293023149975,-0.058664273786779776,-1.5470120524558872,-2.5937883543671254
-5.866427378677978,0.08210324210851058,-0.058664273786779776,-1.6969166652279588,-2.8268868073193234
-5.866427378677978,0.08581355398552143,-0.058664273786779776,-1.8537521955051368,-3.0720912900460835
-5.866427378677978,0.08952386586253226,-0.058664273786779776,-2.01751864328742,-3.329710538354491
-5.866427378677978,0.09323417773954311,-0.058664273786779776,-2.188216008574809,-3.6000376240356333
-5.866427378677978,0.09694448961655394,-0.058664273786779776,-2.365844291367304,-3.883342192029958
-5.866427378677978,0.10065480149356479,-0.058664273786779776,-2.550403491664905,-4.179859101904542
-5.866427378677978,0.10436511337057562,-0.058664273786779776,-2.7418936094676116,-4.489772842499113
-5.866427378677978,0.10807542524758647,-0.058664273786779776,-2.9403146447754245,-4.8131973271685125
-5.866427378677978,0.1117857371245973,-0.058664273786779776,-3.145666597588342,-5.150151075528016
-5.866427378677978,0.11549604900160815,-0.058664273786779776,-3.357949467906367,-5.500528356137939
-5.866427378677978,0.11920636087861898,-0.058664273786779776,-3.577163255729497,-5.8640675856423
-5.866427378677978,0.12291667275562983,-0.058664273786779776,-3.8033079610577327,-6.240319097058241
-5.866427378677978,0.12662698463264066,-0.058664273786779776,-4.036383583891074,-6.628615200618
-5.866427378677978,0.1303372965096515,-0.058664273786779776,-4.276390124229521,-7.0280461181224405
-5.866427378677978,0.13404760838666235,-0.058664273786779776,-4.523327582073075,-7.4374457016998425
-5.866427378677978,0.13775792026367317,-0.058664273786779776,-4.777195957421733,-7.855390680869366
-5.866427378677978,0.14146823214068402,-0.058664273786779776,-5.0379952502754985,-8.280216400348795
-5.866427378677978,0.14517854401769487,-0.058664273786779776,-5.30572546063437,-8.710050599172218
-5.866427378677978,0.1488888558947057,-0.058664273786779776,-5.580386588498346,-9.142864861168183
-5.866427378677978,0.15259916777171653,-0.058664273786779776,-5.861978633867428,-9.576541201340408
-5.866427378677978,0.15630947964872738,-0.058664273786779776,-6.150501596741616,-10.008949208340637
-5.866427378677978,0.16001979152573823,-0.058664273786779776,-6.44595547712091,-10.438027629027154
-5.866427378677978,0.16373010340274907,-0.058664273786779776,-6.748340275005311,-10.861863569677993
-5.866427378677978,0.1674404152797599,-0.058664273786779776,-7.057655990394815,-11.278762749648456
-5.866427378677978,0.17115072715677074,-0.058664273786779776,-7.3739026232894265,-11.687305421895456
-5.866427378677978,0.17486103903378158,-0.058664273786779776,-7.6970801736891445,-12.086384427900418
-5.866427378677978,0.17857135091079243,-0.058664273786779776,-8.027188641593968,-12.475224021570002
-5.866427378677978,0.18228166278780325,-0.058664273786779776,-8.364228027003895,-12.853380196023059
-5.866427378677978,0.1859919746648141,-0.058664273786779776,-8.708198329918929,-13.220724965620697
-5.866427378677978,0.18970228654182494,-0.058664273786779776,-9.059099550339072,-13.577418205180543
-5.866427378677978,0.1934125984188358,-0.058664273786779776,-9.416931688264318,-13.923871179933714
-5.866427378677978,0.1971229102958466,-0.058664273786779776,-9.781694743694668,-14.260705880061003
-5.866427378677978,0.20083322217285746,-0.058664273786779776,-10.153388716630126,-14.588713840966733
-5.866427378677978,0.2045435340498683,-0.058664273786779776,-10.532013607070692,-14.90881744765731
-5.866427378677978,0.20825384592687915,-0.058664273786779776,-10.917569415016361,-15.222035938145535
-5.866427378677978,0.21196415780388997,-0.058664273786779776,-11.310056140467134,-15.529457550067173
-5.866427378677978,0.21567446968090082,-0.058664273786779776,-11.709473783423016,-15.832218565940767
-5.866427378677978,0.21938478155791166,-0.058664273786779776,-12.115822343884005,-16.131489433623173
-5.866427378677978,0.2230950934349225,-0.058664273786779776,-12.529101821850098,-16.428467664631363
-5.866427378677978,0.22680540531193333,-0.058664273786779776,-12.949312217321294,-16.724376816857774
-5.866427378677978,0.23051571718894417,-0.058664273786779776,-13.3764535302976,-17.020470509943763
-5.866427378677978,0.23422602906595502,-0.058664273786779776,-13.81052576077901,-17.318040057076157
-5.866427378677978,0.23793634094296587,-0.058664273786779776,-14.251528908765527,-17.618423885235504
-5.866427378677978,0.2416466528199767,-0.058664273786779776,-14.699462974257147,-17.92301642684332
-5.866427378677978,0.24535696469698753,-0.058664273786779776,-15.154327957253875,-18.233273590010477
-5.866427378677978,0.24906727657399838,-0.058664273786779776,-15.61612385775571,-18.55071127732017
-5.866427378677978,0.2527775884510092,-0.058664273786779776,-16.084850675762652,-18.876892801964374
-5.866427378677978,0.25648790032802005,-0.058664273786779776,-16.560508411274693,-19.21340059613835
-5.866427378677978,0.2601982122050309,-0.058664273786779776,-17.04309706429185,-19.56178756186204
-5.866427378677978,0.26390852408204174,-0.058664273786779776,-17.5326166348141,-19.9235041134707
-5.866427378677978,0.26761883595905256,-0.058664273786779776,-18.02906712284146,-20.299798796866448
-5.866427378677978,0.27132914783606343,-0.058664273786779776,-18.532448528373934,-20.69159369960553
-5.866427378677978,0.27503945971307425,-0.058664273786779776,-19.042760851411508,-21.0993408346636
-5.866427378677978,0.27874977159008507,-0.058664273786779776,-19.560004091954184,-21.522871987115952
-5.866427378677978,0.28246008346709595,-0.058664273786779776,-20.084178250001976,-21.96126117131028
-5.866427378677978,0.28617039534410676,-0.058664273786779776,-20.615283325554863,-22.412724100807743
-5.866427378677978,0.28988070722111764,-0.058664273786779776,-21.153319318612866,-22.8745806457876
-5.866427378677978,0.29359101909812846,-0.058664273786779776,-21.698286229175967,-23.343302039178557
-5.866427378677978,0.2973013309751393,-0.058664273786779776,-22.250184057244173,-23.814653706356587
-5.866427378677978,0.30101164285215015,-0.058664273786779776,-22.809012802817495,-24.283928315725706
-5.866427378677978,0.30472195472916097,-0.058664273786779776,-23.37477246589591,-24.746245658972462
-4.478550527208943,0.011607316445304631,-0.04478550527208944,-0.033541939204151765,-0.11716027385205363
-4.478550527208943,0.015317628322315471,-0.04478550527208944,-0.05841273924939211,-0.19495954287132755
-4.478550527208943,0.01902794019932631,-0.04478550527208944,-0.09013803244921754,-0.2785243983624388
-4.478550527208943,0.02273825207633715,-0.04478550527208944,-0.1287178188036281,-0.3681954491587258
-4.478550527208943,0.02644856395334799,-0.04478550527208944,-0.17415209831262377,-0.4643204929046605
-4.478550527208943,0.03015887583035883,-0.04478550527208944,-0.22644087097620452,-0.5672530469502899
-4.478550527208943,0.03386918770736967,-0.04478550527208944,-0.28558413679437045,-0.6773507734736488
-4.478550527208943,0.03757949958438051,-0.04478550527208944,-0.3515818957671214,-0.794973841952219
-4.478550527208943,0.04128981146139135,-0.04478550527208944,-0.4244341478944575,-0.9204832820678321
-4.478550527208943,0.04500012333840219,-0.04478550527208944,-0.5041408931763787,-1.0542393884731098
-4.478550527208943,0.04871043521541303,-0.04478550527208944,-0.590702131612885,-1.1966002440817103
-4.478550527208943,0.05242074709242387,-0.04478550527208944,-0.6841178632039764,-1.3479204288227875
-4.478550527208943,0.05613105896943471,-0.04478550527208944,-0.7843880879496529,-1.5085499739457935
-4.478550527208943,0.05984137084644555,-0.04478550527208944,-0.8915128058499144,-1.6788336055584325
-4.478550527208943,0.06355168272345639,-0.04478550527208944,-1.0054920169047612,-1.8591102926322245
-4.478550527208943,0.06726199460046722,-0.04478550527208944,-1.1263257211141926,-2.049713071904774
-4.478550527208943,0.07097230647747807,-0.04478550527208944,-1.2540139184782098,-2.2509690632049963
-4.478550527208943,0.0746826183544889,-0.04478550527208944,-1.3885566089968115,-2.4631995130847466
-4.478550527208943,0.07839293023149975,-0.04478550527208944,-1.5299537926699989,-2.686719613397268
-4.478550527208943,0.08210324210851058,-0.04478550527208944,-1.6782054694977708,-2.921837738361782
-4.478550527208943,0.08581355398552143,-0.04478550527208944,-1.8333116394801285,-3.1688536359536172
-4.478550527208943,0.08952386586253226,-0.04478550527208944,-1.9952723026170707,-3.428055008830148
-4.478550527208943,0.09323417773954311,-0.04478550527208944,-2.164087458908598,-3.6997118432070195
-4.478550527208943,0.09694448961655394,-0.04478550527208944,-2.339757108354711,-3.9840678131412455
-4.478550527208943,0.10065480149356479,-0.04478550527208944,-2.5222812509554084,-4.281328129007133
-4.478550527208943,0.10436511337057562,-0.04478550527208944,-2.7116598867106916,-4.591643341166079
-4.478550527208943,0.10807542524758647,-0.04478550527208944,-2.9078930156205596,-4.915088879384434
-4.478550527208943,0.1117857371245973,-0.04478550527208944,-3.110980637685012,-5.251640523112883
-4.478550527208943,0.11549604900160815,-0.04478550527208944,-3.3209227529040506,-5.601146557422444
-4.478550527208943,0.11920636087861898,-0.04478550527208944,-3.5377193612776736,-5.9632980469531125
-4.478550527208943,0.12291667275562983,-0.04478550527208944,-3.7613704628058824,-6.337599392575598
-4.478550527208943,0.12662698463264066,-0.04478550527208944,-3.9918760574886756,-6.723342020066148
-4.478550527208943,0.1303372965096515,-0.04478550527208944,-4.2292361453260545,-7.11958455061452
-4.478550527208943,0.13404760838666235,-0.04478550527208944,-4.473450726318019,-7.5251429676612105
-4.478550527208943,0.13775792026367317,-0.04478550527208944,-4.7245198004645665,-7.938593987995329
-4.478550527208943,0.14146823214068402,-0.04478550527208944,-4.9824433677657005,-8.358293989050754
-4.478550527208943,0.14517854401769487,-0.04478550527208944,-5.247221428221419,-8.782414457499012
-4.478550527208943,0.1488888558947057,-0.04478550527208944,-5.518853981831724,-9.208993145625913
-4.478550527208943,0.15259916777171653,-0.04478550527208944,-5.797341028596612,-9.635998205106644
-4.478550527208943,0.15630947964872738,-0.04478550527208944,-6.082682568516087,-10.061400838257251
-4.478550527208943,0.16001979152573823,-0.04478550527208944,-6.374878601590146,-10.483250790007332
-4.478550527208943,0.16373010340274907,-0.04478550527208944,-6.673929127818791,-10.899748542358022
-4.478550527208943,0.1674404152797599,-0.04478550527208944,-6.979834147202019,-11.309308461199395
-4.478550527208943,0.17115072715677074,-0.04478550527208944,-7.292593659739834,-11.710608303292124
-4.478550527208943,0.17486103903378158,-0.04478550527208944,-7.612207665432235,-12.102622188856087
-4.478550527208943,0.17857135091079243,-0.04478550527208944,-7.93867616427922,-12.484636065923866
-4.478550527208943,0.18228166278780325,-0.04478550527208944,-8.27199915628079,-12.856246514224399
-4.478550527208943,0.1859919746648141,-0.04478550527208944,-8.612176641436944,-13.217345202641203
-4.478550527208943,0.18970228654182494,-0.04478550527208944,-8.959208619747686,-13.568092277636618
-4.478550527208943,0.1934125984188358,-0.04478550527208944,-9.313095091213013,-13.908882388967609
-4.478550527208943,0.1971229102958466,-0.04478550527208944,-9.67383605583292,-14.24030701669945
-4.478550527208943,0.20083322217285746,-0.04478550527208944,-10.041431513607415,-14.56311637059524
-4.478550527208943,0.2045435340498683,-0.04478550527208944,-10.415881464536497,-14.878183528630835
-4.478550527208943,0.20825384592687915,-0.04478550527208944,-10.797185908620165,-15.18647279266308
-4.478550527208943,0.21196415780388997,-0.04478550527208944,-11.185344845858413,-15.48901356261814
-4.478550527208943,0.21567446968090082,-0.04478550527208944,-11.58035827625125,-15.786880425448786
-4.478550527208943,0.21938478155791166,-0.04478550527208944,-11.98222619979867,-16.08117964632086
-4.478550527208943,0.2230950934349225,-0.04478550527208944,-12.390948616500676,-16.373041834183134
-4.478550527208943,0.22680540531193333,-0.04478550527208944,-12.806525526357266,-16.66362021012638
-4.478550527208943,0.23051571718894417,-0.04478550527208944,-13.228956929368444,-16.954093601809536
-4.478550527208943,0.23422602906595502,-0.04478550527208944,-13.658242825534206,-17.2456729835732
-4.478550527208943,0.23793634094296587,-0.04478550527208944,-14.094383214854552,-17.539610044175472
-4.478550527208943,0.2416466528199767,-0.04478550527208944,-14.537378097329482,-17.837205864408983
-4.478550527208943,0.24535696469698753,-0.04478550527208944,-14.987227472959,-18.13981731203536
-4.478550527208943,0.24906727657399838,-0.04478550527208944,-15.443931341743102,-18.448858223149834
-4.478550527208943,0.2527775884510092,-0.04478550527208944,-15.907489703681792,-18.765791887247012
-4.478550527208943,0.25648790032802005,-0.04478550527208944,-16.37790255877506,-19.092110892644037
-4.478550527208943,0.2601982122050309,-0.04478550527208944,-16.855169907022923,-19.429300194931894
-4.478550527208943,0.26390852408204174,-0.04478550527208944,-17.33929174842536,-19.77877959721761
-4.478550527208943,0.26761883595905256,-0.04478550527208944,-17.830268082982386,-20.141822993728297
-4.478550527208943,0.27132914783606343,-0.04478550527208944,-18.328098910694003,-20.519454051973444
-4.478550527208943,0.27503945971307425,-0.04478550527208944,-18.8327842315602,-20.91232171059342
-4.478550527208943,0.27874977159008507,-0.04478550527208944,-19.34432404558098,-21.320563886133343
-4.478550527208943,0.28246008346709595,-0.04478550527208944,-19.862718352756353,-21.74367356389348
-4.478550527208943,0.28617039534410676,-0.04478550527208944,-20.3879671530863,-22.180386820566515
-4.478550527208943,0.28988070722111764,-0.04478550527208944,-20.920070446570843,-22.628615542419542
-4.478550527208943,0.29359101909812846,-0.04478550527208944,-21.459028233209963,-23.08544672731299
-4.478550527208943,0.2973013309751393,-0.04478550527208944,-22.00484051300367,-23.547223900612842
-4.478550527208943,0.30101164285215015,-0.04478550527208944,-22.557507285951967,-24.009714357031616
-4.478550527208943,0.30472195472916097,-0.04478550527208944,-23.117028552054844,-24.468350667515573
-3.0906736757399096,0.011607316445304631,-0.030906736757399095,-0.03316796247661389,-0.1625499452329664
-3.0906736757399096,0.015317628322315471,-0.030906736757399095,-0.057761464886927495,-0.24307733248794006
-3.0906736757399096,0.01902794019932631,-0.030906736757399095,-0.08913303610130548,-0.3294510923867766
-3.0906736757399096,0.02273825207633715,-0.030906736757399095,-0.12728267611974786,-0.42200259070814616
-3.0906736757399096,0.02644856395334799,-0.030906736757399095,-0.17221038494225466,-0.5210687936605745
-3.0906736757399096,0.03015887583035883,-0.030906736757399095,-0.22391616256882582,-0.6269908095592431
-3.0906736757399096,0.03386918770736967,-0.030906736757399095,-0.28240000899946144,-0.7401123654506414
-3.0906736757399096,0.03757949958438051,-0.030906736757399095,-0.34766192423416137,-0.8607782652318734
-3.0906736757399096,0.04128981146139135,-0.030906736757399095,-0.41970190827292575,-0.9893328836392754
-3.0906736757399096,0.04500012333840219,-0.030906736757399095,-0.4985199611157545,-1.1261187559172732
-3.0906736757399096,0.04871043521541303,-0.030906736757399095,-0.5841160827626476,-1.2714753245274442
-3.0906736757399096,0.05242074709242387,-0.030906736757399095,-0.6764902732136052,-1.425737900144259
-3.0906736757399096,0.05613105896943471,-0.030906736757399095,-0.775642532468627,-1.5892368824128067
-3.0906736757399096,0.05984137084644555,-0.030906736757399095,-0.8815728605277133,-1.7622972644113517
-3.0906736757399096,0.06355168272345639,-0.030906736757399095,-0.9942812573908641,-1.9452384114436767
-3.0906736757399096,0.06726199460046722,-0.030906736757399095,-1.113767723058079,-2.1383740580157817
-3.0906736757399096,0.07097230647747807,-0.030906736757399095,-1.2400322575293585,-2.3420124057060994
-3.0906736757399096,0.0746826183544889,-0.030906736757399095,-1.3730748608047023,-2.556456129446375
-3.0906736757399096,0.07839293023149975,-0.030906736757399095,-1.5128955328841107,-2.782002012701152
-3.0906736757399096,0.08210324210851058,-0.030906736757399095,-1.659494273767583,-3.018939837976907
-3.0906736757399096,0.08581355398552143,-0.030906736757399095,-1.8128710834551205,-3.2675500661766312
-3.0906736757399096,0.08952386586253226,-0.030906736757399095,-1.9730259619467216,-3.528099758732358
-3.0906736757399096,0.09323417773954311,-0.030906736757399095,-2.1399589092423876,-3.800836146782868
-3.0906736757399096,0.09694448961655394,-0.030906736757399095,-2.3136699253421176,-4.08597725267347
-3.0906736757399096,0.10065480149356479,-0.030906736757399095,-2.4941590102459124,-4.38369904446239
-3.0906736757399096,0.10436511337057562,-0.030906736757399095,-2.681426163953771,-4.694118777978445
-3.0906736757399096,0.10807542524758647,-0.030906736757399095,-2.875471386465695,-5.017274473249544
-3.0906736757399096,0.1117857371245973,-0.030906736757399095,-3.076294677781682,-5.353100892350229
-3.0906736757399096,0.11549604900160815,-0.030906736757399095,-3.283896037901735,-5.701402925227312
-3.0906736757399096,0.11920636087861898,-0.030906736757399095,-3.4982754668258513,-6.0618279140143265
-3.0906736757399096,0.12291667275562983,-0.030906736757399095,-3.7194329645540325,-6.433839087914389
-3.0906736757399096,0.12662698463264066,-0.030906736757399095,-3.9473685310862776,-6.816692840664336
-3.0906736757399096,0.1303372965096515,-0.030906736757399095,-4.182082166422587,-7.209422937497422
-3.0906736757399096,0.13404760838666235,-0.030906736757399095,-4.423573870562962,-7.610834760124602
-3.0906736757399096,0.13775792026367317,-0.030906736757399095,-4.671843643507399,-8.019512282896267
-3.0906736757399096,0.14146823214068402,-0.030906736757399095,-4.926891485255903,-8.43383957654607
-3.0906736757399096,0.14517854401769487,-0.030906736757399095,-5.18871739580847,-8.852037302588384
-3.0906736757399096,0.1488888558947057,-0.030906736757399095,-5.457321375165102,-9.272213039075497
-3.0906736757399096,0.15259916777171653,-0.030906736757399095,-5.732703423325797,-9.692422604071558
-3.0906736757399096,0.15630947964872738,-0.030906736757399095,-6.014863540290558,-10.110738100903495
-3.0906736757399096,0.16001979152573823,-0.030906736757399095,-6.303801726059383,-10.525317466271119
-3.0906736757399096,0.16373010340274907,-0.030906736757399095,-6.599517980632274,-10.934470042098981
-3.0906736757399096,0.1674404152797599,-0.030906736757399095,-6.902012304009225,-11.33671316575983
-3.0906736757399096,0.17115072715677074,-0.030906736757399095,-7.211284696190243,-11.73081588674813
-3.0906736757399096,0.17486103903378158,-0.030906736757399095,-7.527335157175327,-12.115827458082562
-3.0906736757399096,0.17857135091079243,-0.030906736757399095,-7.850163686964474,-12.491089942701123
-3.0906736757399096,0.18228166278780325,-0.030906736757399095,-8.179770285557684,-12.85623584895926
-3.0906736757399096,0.1859919746648141,-0.030906736757399095,-8.51615495295496,-13.211172956679478
-3.0906736757399096,0.18970228654182494,-0.030906736757399095,-8.8593176891563,-13.556059300915468
-3.0906736757399096,0.1934125984188358,-0.030906736757399095,-9.209258494161705,-13.891271626070061
-3.0906736757399096,0.1971229102958466,-0.030906736757399095,-9.565977367971174,-14.21737056672088
-3.0906736757399096,0.20083322217285746,-0.030906736757399095,-9.929474310584705,-14.535065457898527
-3.0906736757399096,0.2045435340498683,-0.030906736757399095,-10.299749322002304,-14.845181145149404
-3.0906736757399096,0.20825384592687915,-0.030906736757399095,-10.676802402223966,-15.148628561151892
-3.0906736757399096,0.21196415780388997,-0.030906736757399095,-11.06063355124969,-15.446380242899183
-3.0906736757399096,0.21567446968090082,-0.030906736757399095,-11.451242769079483,-15.739451432598496
-3.0906736757399096,0.21938478155791166,-0.030906736757399095,-11.84863005571334,-16.02888695852849
-3.0906736757399096,0.2230950934349225,-0.030906736757399095,-12.252795411151258,-16.315753727944774
-3.0906736757399096,0.22680540531193333,-0.030906736757399095,-12.66373883539324,-16.60113836528657
-3.0906736757399096,0.23051571718894417,-0.030906736757399095,-13.08146032843929,-16.886149268353137
-3.0906736757399096,0.23422602906595502,-0.030906736757399095,-13.505959890289402,-17.171922101679467
-3.0906736757399096,0.23793634094296587,-0.030906736757399095,-13.937237520943581,-17.459627469557855
-3.0906736757399096,0.2416466528199767,-0.030906736757399095,-14.37529322040182,-17.750479185647468
-3.0906736757399096,0.24535696469698753,-0.030906736757399095,-14.820126988664127,-18.045741166940914
-3.0906736757399096,0.24906727657399838,-0.030906736757399095,-15.271738825730498,-18.346730529760293
-3.0906736757399096,0.2527775884510092,-0.030906736757399095,-15.730128731600935,-18.654813984862454
-3.0906736757399096,0.25648790032802005,-0.030906736757399095,-16.19529670627543,-18.97139418842383
-3.0906736757399096,0.2601982122050309,-0.030906736757399095,-16.667242749754,-19.297882430293786
-3.0906736757399096,0.26390852408204174,-0.030906736757399095,-17.145966862036623,-19.635654118457683
-3.0906736757399096,0.26761883595905256,-0.030906736757399095,-17.63146904312331,-19.985984196936307
-3.0906736757399096,0.27132914783606343,-0.030906736757399095,-18.123749293014072,-20.349961190894543
-3.0906736757399096,0.27503945971307425,-0.030906736757399095,-18.622807611708893,-20.7283812432746
-3.0906736757399096,0.27874977159008507,-0.030906736757399095,-19.128643999207775,-21.12162736406726
-3.0906736757399096,0.28246008346709595,-0.030906736757399095,-19.64125845551073,-21.529543904983452
-3.0906736757399096,0.28617039534410676,-0.030906736757399095,-20.16065098061774,-21.95132127336034
-3.0906736757399096,0.28988070722111764,-0.030906736757399095,-20.686821574528825,-22.385409861688125
-3.0906736757399096,0.29359101909812846,-0.030906736757399095,-21.219770237243964,-22.82948349028846
-3.0906736757399096,0.2973013309751393,-0.030906736757399095,-21.75949696876317,-23.280469838294696
-3.0906736757399096,0.30101164285215015,-0.030906736757399095,-22.306001769086446,-23.734657652061173
-3.0906736757399096,0.30472195472916097,-0.030906736757399095,-22.85928463821378,-24.187878682202317
-1.7027968242708753,0.011607316445304631,-0.017027968242708753,-0.03279398574907601,-0.21089233280812936
-1.7027968242708753,0.015317628322315471,-0.017027968242708753,-0.057110190524462874,-0.2942274806459735
-1.7027968242708753,0.01902794019932631,-0.017027968242708753,-0.08812803975339341,-0.3834802626335825
-1.7027968242708753,0.02273825207633715,-0.017027968242708753,-0.1258475334358676,-0.47897133225877964
-1.7027968242708753,0.02644856395334799,-0.017027968242708753,-0.17026867157188552,-0.5810253749145604
-1.7027968242708753,0.03015887583035883,-0.017027968242708753,-0.2213914541614471,-0.6899696942892208
-1.7027968242708753,0.03386918770736967,-0.017027968242708753,-0.27921588120455243,-0.8061327764936508
-1.7027968242708753,0.03757949958438051,-0.017027968242708753,-0.34374195270120134,-0.9298428803245782
-1.7027968242708753,0.04128981146139135,-0.017027968242708753,-0.414969668651394,-1.0614267073580035
-1.7027968242708753,0.04500012333840219,-0.017027968242708753,-0.4928990290551303,-1.2012082077600656
-1.7027968242708753,0.04871043521541303,-0.017027968242708753,-0.5775300339124103,-1.3495075753455823
-1.7027968242708753,0.05242074709242387,-0.017027968242708753,-0.668862683223234,-1.5066404768687824
-1.7027968242708753,0.05613105896943471,-0.017027968242708753,-0.7668969769876013,-1.6729175440470645
-1.7027968242708753,0.05984137084644555,-0.017027968242708753,-0.8716329152055122,-1.8486441306697472
-1.7027968242708753,0.06355168272345639,-0.017027968242708753,-0.983070497876967,-2.0341202998268537
-1.7027968242708753,0.06726199460046722,-0.017027968242708753,-1.1012097250019652,-2.229640956809188
-1.7027968242708753,0.07097230647747807,-0.017027968242708753,-1.2260505965805073,-2.4354959814615746
-1.7027968242708753,0.0746826183544889,-0.017027968242708753,-1.3575931126125929,-2.651970140948389
-1.7027968242708753,0.07839293023149975,-0.017027968242708753,-1.4958372730982223,-2.8793424831560555
-1.7027968242708753,0.08210324210851058,-0.017027968242708753,-1.6407830780373953,-3.1178848279722473
-1.7027968242708753,0.08581355398552143,-0.017027968242708753,-1.7924305274301124,-3.3678588972182766
-1.7027968242708753,0.08952386586253226,-0.017027968242708753,-1.9507796212763726,-3.629511566387439
-1.7027968242708753,0.09323417773954311,-0.017027968242708753,-2.1158303595761767,-3.9030676985068133
-1.7027968242708753,0.09694448961655394,-0.017027968242708753,-2.2875827423295245,-4.1887200514205105
-1.7027968242708753,0.10065480149356479,-0.017027968242708753,-2.4660367695364163,-4.4866158551709345
-1.7027968242708753,0.10436511337057562,-0.017027968242708753,-2.651192441196851,-4.7968398552259055
-1.7027968242708753,0.10807542524758647,-0.017027968242708753,-2.84304975731083,-5.119393923699568
-1.7027968242708753,0.1117857371245973,-0.017027968242708753,-3.0416087178783524,-5.454173756588484
-1.7027968242708753,0.11549604900160815,-0.017027968242708753,-3.246869322899419,-5.800943684400284
-1.7027968242708753,0.11920636087861898,-0.017027968242708753,-3.4588315723740286,-6.159311186163475
-1.7027968242708753,0.12291667275562983,-0.017027968242708753,-3.6774954663021826,-6.528703244857208
-1.7027968242708753,0.12662698463264066,-0.017027968242708753,-3.9028610046838796,-6.908347122487182
-1.7027968242708753,0.1303372965096515,-0.017027968242708753,-4.134928187519121,-7.297258356634815
-1.7027968242708753,0.13404760838666235,-0.017027968242708753,-4.373697014807906,-7.694238682272067
-1.7027968242708753,0.13775792026367317,-0.017027968242708753,-4.619167486550233,-8.097886087989668
-1.7027968242708753,0.14146823214068402,-0.017027968242708753,-4.871339602746105,-8.506618307944935
-1.7027968242708753,0.14517854401769487,-0.017027968242708753,-5.130213363395521,-8.91870979319744
-1.7027968242708753,0.1488888558947057,-0.017027968242708753,-5.39578876849848,-9.332340747366585
-1.7027968242708753,0.15259916777171653,-0.017027968242708753,-5.668065818054982,-9.745655368028565
-1.7027968242708753,0.15630947964872738,-0.017027968242708753,-5.9470445120650295,-10.156825250286639
-1.7027968242708753,0.16001979152573823,-0.017027968242708753,-6.232724850528621,-10.564113198040538
-1.7027968242708753,0.16373010340274907,-0.017027968242708753,-6.525106833445755,-10.965932586171807
-1.7027968242708753,0.1674404152797599,-0.017027968242708753,-6.824190460816431,-11.360897942076795
-1.7027968242708753,0.17115072715677074,-0.017027968242708753,-7.129975732640653,-11.747863466838083
-1.7027968242708753,0.17486103903378158,-0.017027968242708753,-7.442462648918419,-12.12594760154252
-1.7027968242708753,0.17857135091079243,-0.017027968242708753,-7.761651209649727,-12.494543226448128
-1.7027968242708753,0.18228166278780325,-0.017027968242708753,-8.087541414834579,-12.853314435289864
-1.7027968242708753,0.1859919746648141,-0.017027968242708753,-8.420133264472975,-13.202181885447335
-1.7027968242708753,0.18970228654182494,-0.017027968242708753,-8.759426758564915,-13.541299397742822
-1.7027968242708753,0.1934125984188358,-0.017027968242708753,-9.1054218971104,-13.871024757813851
-1.7027968242708753,0.1971229102958466,-0.017027968242708753,-9.458118680109425,-14.19188760742144
-1.7027968242708753,0.20083322217285746,-0.017027968242708753,-9.817517107561995,-14.50455699852975
-1.7027968242708753,0.2045435340498683,-0.017027968242708753,-10.183617179468111,-14.809810716047586
-1.7027968242708753,0.20825384592687915,-0.017027968242708753,-10.55641889582777,-15.10850794779339
-1.7027968242708753,0.21196415780388997,-0.017027968242708753,-10.93592225664097,-15.401566362099526
-1.7027968242708753,0.21567446968090082,-0.017027968242708753,-11.322127261907717,-15.689944188392172
-1.7027968242708753,0.21938478155791166,-0.017027968242708753,-11.715033911628007,-15.974627503739903
-1.7027968242708753,0.2230950934349225,-0.017027968242708753,-12.11464220580184,-16.25662260887764
-1.7027968242708753,0.22680540531193333,-0.017027968242708753,-12.520952144429213,-16.53695311688042
-1.7027968242708753,0.23051571718894417,-0.017027968242708753,-12.933963727510134,-16.8166611543968
-1.7027968242708753,0.23422602906595502,-0.017027968242708753,-13.3536769550446,-17.096811863244703
-1.7027968242708753,0.23793634094296587,-0.017027968242708753,-13.780091827032608,-17.378500163236055
-1.7027968242708753,0.2416466528199767,-0.017027968242708753,-14.213208343474157,-17.66285847270644
-1.7027968242708753,0.24535696469698753,-0.017027968242708753,-14.653026504369253,-17.951063766022497
-1.7027968242708753,0.24906727657399838,-0.017027968242708753,-15.099546309717892,-18.24434197446208
-1.7027968242708753,0.2527775884510092,-0.017027968242708753,-15.552767759520078,-18.543967325236032
-1.7027968242708753,0.25648790032802005,-0.017027968242708753,-16.012690853775798,-18.851253809337198
-1.7027968242708753,0.2601982122050309,-0.017027968242708753,-16.479315592485076,-19.1675356590134
-1.7027968242708753,0.26390852408204174,-0.017027968242708753,-16.952641975647882,-19.494133636568
-1.7027968242708753,0.26761883595905256,-0.017027968242708753,-17.43267000326424,-19.832304276842848
-1.7027968242708753,0.27132914783606343,-0.017027968242708753,-17.919399675334144,-20.18317021339224
-1.7027968242708753,0.27503945971307425,-0.017027968242708753,-18.412830991857586,-20.547631576361056
-1.7027968242708753,0.27874977159008507,-0.017027968242708753,-18.91296395283457,-20.926261317431912
-1.7027968242708753,0.28246008346709595,-0.017027968242708753,-19.419798558265107,-21.319191130199247
-1.7027968242708753,0.28617039534410676,-0.017027968242708753,-19.93333480814918,-21.725998993357116
-1.7027968242708753,0.28988070722111764,-0.017027968242708753,-20.453572702486806,-22.14561344164834
-1.7027968242708753,0.29359101909812846,-0.017027968242708753,-20.980512241277964,-22.57625224468935
-1.7027968242708753,0.2973013309751393,-0.017027968242708753,-21.514153424522668,-23.015412875557928
-1.7027968242708753,0.30101164285215015,-0.017027968242708753,-22.054496252220925,-23.459927927251883
-1.7027968242708753,0.30472195472916097,-0.017027968242708753,-22.601540724372715,-23.906090330807093
-0.3149199728018411,0.011607316445304631,-0.003149199728018411,-0.03242000902153813,-0.2622341362716425
-0.3149199728018411,0.015317628322315471,-0.003149199728018411,-0.05645891616199826,-0.34844315425204453
-0.3149199728018411,0.01902794019932631,-0.003149199728018411,-0.08712304340548134,-0.4406299299676273
-0.3149199728018411,0.02273825207633715,-0.003149199728018411,-0.12441239075198737,-0.5391029848594049
-0.3149199728018411,0.02644856395334799,-0.003149199728018411,-0.1683269582015164,-0.6441733614978193
-0.3149199728018411,0.03015887583035883,-0.003149199728018411,-0.2188667457540684,-0.7561532905132677
-0.3149199728018411,0.03386918770736967,-0.003149199728018411,-0.2760317534096434,-0.8753548786366485
-0.3149199728018411,0.03757949958438051,-0.003149199728018411,-0.3398219811682413,-1.002088866224168
-0.3149199728018411,0.04128981146139135,-0.003149199728018411,-0.4102374290298622,-1.1366635050763414
-0.3149199728018411,0.04500012333840219,-0.003149199728018411,-0.4872780969945061,-1.2793836060855952
-0.3149199728018411,0.04871043521541303,-0.003149199728018411,-0.5709439850621729,-1.43054979991713
-0.3149199728018411,0.05242074709242387,-0.003149199728018411,-0.6612350932328628,-1.5904580411011255
-0.3149199728018411,0.05613105896943471,-0.003149199728018411,-0.7581514215065756,-1.759399365143952
-0.3149199728018411,0.05984137084644555,-0.003149199728018411,-0.8616929698833112,-1.9376598782469905
-0.3149199728018411,0.06355168272345639,-0.003149199728018411,-0.9718597383630699,-2.125520918995967
-0.3149199728018411,0.06726199460046722,-0.003149199728018411,-1.0886517269458513,-2.323259280614868
-0.3149199728018411,0.07097230647747807,-0.003149199728018411,-1.212068935631656,-2.5311473217008684
-0.3149199728018411,0.0746826183544889,-0.003149199728018411,-1.3421113644204836,-2.7494527247996503
-0.3149199728018411,0.07839293023149975,-0.003149199728018411,-1.4787790133123342,-2.978437589646525
-0.3149199728018411,0.08210324210851058,-0.003149199728018411,-1.6220718823072076,-3.218356477655859
-0.3149199728018411,0.08581355398552143,-0.003149199728018411,-1.7719899714051044,-3.4694529653455994
-0.3149199728018411,0.08952386586253226,-0.003149199728018411,-1.9285332806060236,-3.7319542289005483
-0.3149199728018411,0.09323417773954311,-0.003149199728018411,-2.0917018099099662,-4.006063184906431
-0.3149199728018411,0.09694448961655394,-0.003149199728018411,-2.2614955593169315,-4.291947770338969
-0.3149199728018411,0.10065480149356479,-0.003149199728018411,-2.4379145288269197,-4.5897270753417585
-0.3149199728018411,0.10436511337057562,-0.003149199728018411,-2.620958718439931,-4.899454259695262
-0.3149199728018411,0.10807542524758647,-0.003149199728018411,-2.8106281281559657,-5.221096495868324
-0.3149199728018411,0.1117857371245973,-0.003149199728018411,-3.0069227579750226,-5.554512583861221
-0.3149199728018411,0.11549604900160815,-0.003149199728018411,-3.209842607897103,-5.899429353982235
-0.3149199728018411,0.11920636087861898,-0.003149199728018411,-3.4193876779222063,-6.255418469803082
-0.3149199728018411,0.12291667275562983,-0.003149199728018411,-3.6355579680503327,-6.62187569841703
-0.3149199728018411,0.12662698463264066,-0.003149199728018411,-3.8583534782814817,-6.998005043482815
-0.3149199728018411,0.1303372965096515,-0.003149199728018411,-4.087774208615653,-7.382810245185938
-0.3149199728018411,0.13404760838666235,-0.003149199728018411,-4.3238201590528496,-7.775095957205823
-0.3149199728018411,0.13775792026367317,-0.003149199728018411,-4.566491329593066,-8.173480364106531
-0.3149199728018411,0.14146823214068402,-0.003149199728018411,-4.815787720236308,-8.576420108686667
-0.3149199728018411,0.14517854401769487,-0.003149199728018411,-5.071709330982571,-8.98224723289782
-0.3149199728018411,0.1488888558947057,-0.003149199728018411,-5.334256161831859,-9.389216542119689
-0.3149199728018411,0.15259916777171653,-0.003149199728018411,-5.603428212784168,-9.795560573999103
-0.3149199728018411,0.15630947964872738,-0.003149199728018411,-5.879225483839501,-10.199548394547296
-0.3149199728018411,0.16001979152573823,-0.003149199728018411,-6.161647974997858,-10.59954392632436
-0.3149199728018411,0.16373010340274907,-0.003149199728018411,-6.450695686259237,-10.994059531309787
-0.3149199728018411,0.1674404152797599,-0.003149199728018411,-6.746368617623636,-11.381801120218952
-0.3149199728018411,0.17115072715677074,-0.003149199728018411,-7.048666769091062,-11.761702038928902
-0.3149199728018411,0.17486103903378158,-0.003149199728018411,-7.357590140661511,-12.13294421874854
-0.3149199728018411,0.17857135091079243,-0.003149199728018411,-7.673138732334981,-12.494966369141483
-0.3149199728018411,0.18228166278780325,-0.003149199728018411,-7.995312544111474,-12.847460153479897
-0.3149199728018411,0.1859919746648141,-0.003149199728018411,-8.32411157599099,-13.190356184772178
-0.3149199728018411,0.18970228654182494,-0.003149199728018411,-8.659535827973531,-13.52380224025628
-0.3149199728018411,0.1934125984188358,-0.003149199728018411,-9.001585300059094,-13.84813631805996
-0.3149199728018411,0.1971229102958466,-0.003149199728018411,-9.350259992247677,-14.16385709326336
-0.3149199728018411,0.20083322217285746,-0.003149199728018411,-9.705559904539285,-14.471594051428838
-0.3149199728018411,0.2045435340498683,-0.003149199728018411,-10.067485036933919,-14.772079169940886
-0.3149199728018411,0.20825384592687915,-0.003149199728018411,-10.436035389431574,-15.066121558148941
-0.3149199728018411,0.21196415780388997,-0.003149199728018411,-10.811210962032249,-15.35458601532054
-0.3149199728018411,0.21567446968090082,-0.003149199728018411,-11.19301175473595,-15.63837605850372
-0.3149199728018411,0.21938478155791166,-0.003149199728018411,-11.581437767542676,-15.91842162812569
-0.3149199728018411,0.2230950934349225,-0.003149199728018411,-11.976489000452421,-16.195671398673863
-0.3149199728018411,0.22680540531193333,-0.003149199728018411,-12.378165453465188,-16.471089394515293
-0.3149199728018411,0.23051571718894417,-0.003149199728018411,-12.78646712658098,-16.745655418915664
-0.3149199728018411,0.23422602906595502,-0.003149199728018411,-13.201394019799796,-17.020368626157953
-0.3149199728018411,0.23793634094296587,-0.003149199728018411,-13.622946133121635,-17.296253380339838
-0.3149199728018411,0.2416466528199767,-0.003149199728018411,-14.051123466546494,-17.574366330068024
-0.3149199728018411,0.24535696469698753,-0.003149199728018411,-14.48592602007438,-17.8558033709811
-0.3149199728018411,0.24906727657399838,-0.003149199728018411,-14.927353793705288,-18.141704861670892
-0.3149199728018411,0.2527775884510092,-0.003149199728018411,-15.37540678743922,-18.433257110989054
-0.3149199728018411,0.25648790032802005,-0.003149199728018411,-15.830085001276169,-18.73168779488254
-0.3149199728018411,0.2601982122050309,-0.003149199728018411,-16.291388435216152,-19.03825264753205
-0.3149199728018411,0.26390852408204174,-0.003149199728018411,-16.759317089259145,-19.35421060181327
-0.3149199728018411,0.26761883595905256,-0.003149199728018411,-17.233870963405163,-19.680784668603994
-0.3149199728018411,0.27132914783606343,-0.003149199728018411,-17.715050057654214,-20.01910642274704
-0.3149199728018411,0.27503945971307425,-0.003149199728018411,-18.202854372006282,-20.370143201023623
-0.3149199728018411,0.27874977159008507,-0.003149199728018411,-18.69728390646137,-20.734609175342328
-0.3149199728018411,0.28246008346709595,-0.003149199728018411,-19.198338661019488,-21.11286438666611
-0.3149199728018411,0.28617039534410676,-0.003149199728018411,-19.706018635680618,-21.5048094329585
-0.3149199728018411,0.28988070722111764,-0.003149199728018411,-20.220323830444784,-21.90978729584211
-0.3149199728018411,0.29359101909812846,-0.003149199728018411,-20.741254245311964,-22.326506905208962
-0.3149199728018411,0.2973013309751393,-0.003149199728018411,-21.268809880282166,-22.753004358115994
-0.3149199728018411,0.30101164285215015,-0.003149199728018411,-21.8029907353554,-23.18665612951944
-0.3149199728018411,0.30472195472916097,-0.003149199728018411,-22.34379681053165,-23.624253500344384
1.0729568786671932,0.011607316445304631,0.010729568786671933,-0.03204603229400026,-0.31660773793622177
1.0729568786671932,0.015317628322315471,0.010729568786671933,-0.05580764179953363,-0.40574157643199893
1.0729568786671932,0.01902794019932631,0.010729568786671933,-0.08611804705756924,-0.5009006291396865
1.0729568786671932,0.02273825207633715,0.010729568786671933,-0.12297724806810711,-0.6023799566528651
1.0729568786671932,0.02644856395334799,0.010729568786671933,-0.16638524483114728,-0.7104757267984572
1.0729568786671932,0.03015887583035883,0.010729568786671933,-0.21634203734668966,-0.8254839982387818
1.0729568786671932,0.03386918770736967,0.010729568786671933,-0.27284762561473436,-0.9476995674036732
1.0729568786671932,0.03757949958438051,0.010729568786671933,-0.3359020096352813,-1.0774149250042098
1.0729568786671932,0.04128981146139135,0.010729568786671933,-0.4055051894083304,-1.2149193677324412
1.0729568786671932,0.04500012333840219,0.010729568786671933,-0.48165716493388183,-1.3604983059248608
1.0729568786671932,0.04871043521541303,0.010729568786671933,-0.5643579362119355,-1.5144327977773084
1.0729568786671932,0.05242074709242387,0.010729568786671933,-0.6536075032424915,-1.6769993239477683
1.0729568786671932,0.05613105896943471,0.010729568786671933,-0.7494058660255496,-1.8484697919686772
1.0729568786671932,0.05984137084644555,0.010729568786671933,-0.85175302456111,-2.0291117269525305
1.0729568786671932,0.06355168272345639,0.010729568786671933,-0.9606489788491728,-2.219188563198979
1.0729568786671932,0.06726199460046722,0.010729568786671933,-1.0760937288897374,-2.4189599007848726
1.0729568786671932,0.07097230647747807,0.010729568786671933,-1.1980872746828048,-2.6286815333453584
1.0729568786671932,0.0746826183544889,0.010729568786671933,-1.3266296162283742,-2.848604990723002
1.0729568786671932,0.07839293023149975,0.010729568786671933,-1.4617207535264458,-3.0789762774403933
1.0729568786671932,0.08210324210851058,0.010729568786671933,-1.6033606865770196,-3.32003343165693
1.0729568786671932,0.08581355398552143,0.010729568786671933,-1.7515494153800961,-3.572002488431531
1.0729568786671932,0.08952386586253226,0.010729568786671933,-1.9062869399356743,-3.8350914171965256
1.0729568786671932,0.09323417773954311,0.010729568786671933,-2.0675732602437553,-4.10948162986177
1.0729568786671932,0.09694448961655394,0.010729568786671933,-2.235408376304338,-4.395316737432995
1.0729568786671932,0.10065480149356479,0.010729568786671933,-2.409792288117423,-4.6926883831021104
1.0729568786671932,0.10436511337057562,0.010729568786671933,-2.590724995683011,-5.001619208368353
1.0729568786671932,0.10807542524758647,0.010729568786671933,-2.778206499001101,-5.322043318237256
1.0729568786671932,0.1117857371245973,0.010729568786671933,-2.9722367980716924,-5.653784992297084
1.0729568786671932,0.11549604900160815,0.010729568786671933,-3.172815892894787,-5.9965368146884925
1.0729568786671932,0.11920636087861898,0.010729568786671933,-3.379943783470383,-6.349838823010226
1.0729568786671932,0.12291667275562983,0.010729568786671933,-3.5936204697984824,-6.713060641073882
1.0729568786671932,0.12662698463264066,0.010729568786671933,-3.8138459518790833,-7.085388787246856
1.0729568786671932,0.1303372965096515,0.010729568786671933,-4.040620229712186,-7.465821361326613
1.0729568786671932,0.13404760838666235,0.010729568786671933,-4.273943303297792,-7.8531720457037135
1.0729568786671932,0.13775792026367317,0.010729568786671933,-4.513815172635899,-8.246084782144548
1.0729568786671932,0.14146823214068402,0.010729568786671933,-4.760235837726509,-8.643059625751976
1.0729568786671932,0.14517854401769487,0.010729568786671933,-5.013205298569622,-9.042489213713234
1.0729568786671932,0.1488888558947057,0.010729568786671933,-5.2727235551652365,-9.44270415373234
1.0729568786671932,0.15259916777171653,0.010729568786671933,-5.538790607513352,-9.842024604628575
1.0729568786671932,0.15630947964872738,0.010729568786671933,-5.811406455613972,-10.238814559009926
1.0729568786671932,0.16001979152573823,0.010729568786671933,-6.090571099467094,-10.631534977559086
1.0729568786671932,0.16373010340274907,0.010729568786671933,-6.376284539072718,-11.018792030110086
1.0729568786671932,0.1674404152797599,0.010729568786671933,-6.668546774430841,-11.399377250317947
1.0729568786671932,0.17115072715677074,0.010729568786671933,-6.96735780554147,-11.772297310095784
1.0729568786671932,0.17486103903378158,0.010729568786671933,-7.272717632404602,-12.136792215199705
1.0729568786671932,0.17857135091079243,0.010729568786671933,-7.5846262550202335,-12.49234184424052
1.0729568786671932,0.18228166278780325,0.010729568786671933,-7.903083673388368,-12.838661747277394
1.0729568786671932,0.1859919746648141,0.010729568786671933,-8.228089887509006,-13.175689878170951
1.0729568786671932,0.18970228654182494,0.010729568786671933,-8.559644897382146,-13.503566404200239
1.0729568786671932,0.1934125984188358,0.010729568786671933,-8.897748703007787,-13.82260891794571
1.0729568786671932,0.1971229102958466,0.010729568786671933,-9.242401304385929,-14.133285311938572
1.0729568786671932,0.20083322217285746,0.010729568786671933,-9.593602701516575,-14.436186331319494
1.0729568786671932,0.2045435340498683,0.010729568786671933,-9.951352894399724,-14.731999465292734
1.0729568786671932,0.20825384592687915,0.010729568786671933,-10.315651883035375,-15.021485439206844
1.0729568786671932,0.21196415780388997,0.010729568786671933,-10.686499667423528,-15.305458175629242
1.0729568786671932,0.21567446968090082,0.010729568786671933,-11.063896247564182,-15.584768737230327
1.0729568786671932,0.21938478155791166,0.010729568786671933,-11.447841623457341,-15.860293462344924
1.0729568786671932,0.2230950934349225,0.010729568786671933,-11.838335795103001,-16.132926257679284
1.0729568786671932,0.22680540531193333,0.010729568786671933,-12.23537876250116,-16.403574813739258
1.0729568786671932,0.23051571718894417,0.010729568786671933,-12.638970525651825,-16.673160342784364
1.0729568786671932,0.23422602906595502,0.010729568786671933,-13.049111084554992,-16.94262028879413
1.0729568786671932,0.23793634094296587,0.010729568786671933,-13.465800439210662,-17.21291330557242
1.0729568786671932,0.2416466528199767,0.010729568786671933,-13.88903858961883,-17.485025625459286
1.0729568786671932,0.24535696469698753,0.010729568786671933,-14.318825535779505,-17.759977733283808
1.0729568786671932,0.24906727657399838,0.010729568786671933,-14.75516127769268,-18.03883001033349
1.0729568786671932,0.2527775884510092,0.010729568786671933,-15.19804581535836,-18.322685723198134
1.0729568786671932,0.25648790032802005,0.010729568786671933,-15.647479148776537,-18.612689419327683
1.0729568786671932,0.2601982122050309,0.010729568786671933,-16.103461277947225,-18.910018493614174
1.0729568786671932,0.26390852408204174,0.010729568786671933,-16.565992202870405,-19.21586547577052
1.0729568786671932,0.26761883595905256,0.010729568786671933,-17.035071923546088,-19.531408559001292
1.0729568786671932,0.27132914783606343,0.010729568786671933,-17.510700439974283,-19.857768183976283
1.0729568786671932,0.27503945971307425,0.010729568786671933,-17.99287775215497,-20.195948270355302
1.0729568786671932,0.27874977159008507,0.010729568786671933,-18.48160386008816,-20.546762107822794
1.0729568786671932,0.28246008346709595,0.010729568786671933,-18.97687876377386,-20.910745077039994
1.0729568786671932,0.28617039534410676,0.010729568786671933,-19.478702463212056,-21.28805922732515
1.0729568786671932,0.28988070722111764,0.010729568786671933,-19.98707495840276,-21.67839802481228
1.0729568786671932,0.29359101909812846,0.010729568786671933,-20.50199624934596,-22.080902743754073
1.0729568786671932,0.2973013309751393,0.010729568786671933,-21.023466336041665,-22.494104166693738
1.0729568786671932,0.30101164285215015,0.010729568786671933,-21.551485218489876,-22.91590351087159
1.0729568786671932,0.30472195472916097,0.010729568786671933,-22.086052896690582,-23.34360398535683
2.4608337301362275,0.011607316445304631,0.024608337301362276,-0.031672055566462375,-0.3740291848717372
2.4608337301362275,0.015317628322315471,0.024608337301362276,-0.05515636743706901,-0.4661221157149029
2.4608337301362275,0.01902794019932631,0.024608337301362276,-0.08511305070965718,-0.5642736523180205
2.4608337301362275,0.02273825207633715,0.024608337301362276,-0.12154210538422688,-0.6687641988906181
2.4608337301362275,0.02644856395334799,0.024608337301362276,-0.16444353146077814,-0.7798739884742281
2.4608337301362275,0.03015887583035883,0.024608337301362276,-0.21381732893931096,-0.8978820178392961
2.4608337301362275,0.03386918770736967,0.024608337301362276,-0.26966349781982535,-1.0230650848851177
2.4608337301362275,0.03757949958438051,0.024608337301362276,-0.33198203810232124,-1.1556969704632714
2.4608337301362275,0.04128981146139135,0.024608337301362276,-0.40077294978679867,-1.296047802725285
2.4608337301362275,0.04500012333840219,0.024608337301362276,-0.47603623287325764,-1.4443836338023484
2.4608337301362275,0.04871043521541303,0.024608337301362276,-0.5577718873616981,-1.6009662448759598
2.4608337301362275,0.05242074709242387,0.024608337301362276,-0.6459799132521202,-1.7660531755796551
2.4608337301362275,0.05613105896943471,0.024608337301362276,-0.7406603105445239,-1.939897946445792
2.4608337301362275,0.05984137084644555,0.024608337301362276,-0.8418130792389089,-2.1227504083646425
2.4608337301362275,0.06355168272345639,0.024608337301362276,-0.9494382193352757,-2.3148571108537768
2.4608337301362275,0.06726199460046722,0.024608337301362276,-1.0635357308336237,-2.5164615321873303
2.4608337301362275,0.07097230647747807,0.024608337301362276,-1.1841056137339536,-2.727803960970934
2.4608337301362275,0.0746826183544889,0.024608337301362276,-1.3111478680362647,-2.9491207637595993
2.4608337301362275,0.07839293023149975,0.024608337301362276,-1.4446624937405577,-3.180642721626734
2.4608337301362275,0.08210324210851058,0.024608337301362276,-1.5846494908468318,-3.422592076915463
2.4608337301362275,0.08581355398552143,0.024608337301362276,-1.731108859355088,-3.6751779084556047
2.4608337301362275,0.08952386586253226,0.024608337301362276,-1.8840405992653255,-3.938589459883773
2.4608337301362275,0.09323417773954311,0.024608337301362276,-2.0434447105775444,-4.2129870932203195
2.4608337301362275,0.09694448961655394,0.024608337301362276,-2.209321193291745,-4.498490640512224
2.4608337301362275,0.10065480149356479,0.024608337301362276,-2.381670047407927,-4.795165090325356
2.4608337301362275,0.10436511337057562,0.024608337301362276,-2.5604912729260905,-5.103003778820966
2.4608337301362275,0.10807542524758647,0.024608337301362276,-2.7457848698462364,-5.4219095548337535
2.4608337301362275,0.1117857371245973,0.024608337301362276,-2.9375508381683626,-5.751674741015219
2.4608337301362275,0.11549604900160815,0.024608337301362276,-3.135789177892471,-6.091961090409415
2.4608337301362275,0.11920636087861898,0.024608337301362276,-3.340499889018561,-6.442281295690792
2.4608337301362275,0.12291667275562983,0.024608337301362276,-3.5516829715466325,-6.801983888718317
2.4608337301362275,0.12662698463264066,0.024608337301362276,-3.769338425476685,-7.170243505336332
2.4608337301362275,0.1303372965096515,0.024608337301362276,-3.9934662508087193,-7.546058421922146
2.4608337301362275,0.13404760838666235,0.024608337301362276,-4.224066447542736,-7.928256951158106
2.4608337301362275,0.13775792026367317,0.024608337301362276,-4.461139015678732,-8.315513703114103
2.4608337301362275,0.14146823214068402,0.024608337301362276,-4.704683955216712,-8.706375907359165
2.4608337301362275,0.14517854401769487,0.024608337301362276,-4.954701266156673,-9.099299034988634
2.4608337301362275,0.1488888558947057,0.024608337301362276,-5.211190948498615,-9.492689980047174
2.4608337301362275,0.15259916777171653,0.024608337301362276,-5.474153002242538,-9.884955203159347
2.4608337301362275,0.15630947964872738,0.024608337301362276,-5.7435874273884435,-10.274550644309398
2.4608337301362275,0.16001979152573823,0.024608337301362276,-6.019494223936331,-10.66002997719963
2.4608337301362275,0.16373010340274907,0.024608337301362276,-6.3018733918861995,-11.040087944312383
2.4608337301362275,0.1674404152797599,0.024608337301362276,-6.590724931238047,-11.413596049733735
2.4608337301362275,0.17115072715677074,0.024608337301362276,-6.8860488419918795,-11.77962870392842
2.4608337301362275,0.17486103903378158,0.024608337301362276,-7.187845124147693,-12.137478878899218
2.4608337301362275,0.17857135091079243,0.024608337301362276,-7.496113777705488,-12.486663300806283
2.4608337301362275,0.18228166278780325,0.024608337301362276,-7.810854802665263,-12.826918055177549
2.4608337301362275,0.1859919746648141,0.024608337301362276,-8.132068199027021,-13.158186120297598
2.4608337301362275,0.18970228654182494,0.024608337301362276,-8.45975396679076,-13.480598736757301
2.4608337301362275,0.1934125984188358,0.024608337301362276,-8.793912105956482,-13.79445266883671
2.4608337301362275,0.1971229102958466,0.024608337301362276,-9.134542616524183,-14.100185352791309
2.4608337301362275,0.20083322217285746,0.024608337301362276,-9.481645498493865,-14.398349713365764
2.4608337301362275,0.2045435340498683,0.024608337301362276,-9.835220751865531,-14.68959012305037
2.4608337301362275,0.20825384592687915,0.024608337301362276,-10.195268376639179,-14.974620633116825
2.4608337301362275,0.21196415780388997,0.024608337301362276,-10.561788372814807,-15.254206263652366
2.4608337301362275,0.21567446968090082,0.024608337301362276,-10.934780740392418,-15.529147829538669
2.4608337301362275,0.21938478155791166,0.024608337301362276,-11.314245479372008,-15.800270514624337
2.4608337301362275,0.2230950934349225,0.024608337301362276,-11.700182589753581,-16.068416189745733
2.4608337301362275,0.22680540531193333,0.024608337301362276,-12.092592071537133,-16.334439295814043
2.4608337301362275,0.23051571718894417,0.024608337301362276,-12.491473924722671,-16.599205969448683
2.4608337301362275,0.23422602906595502,0.024608337301362276,-12.89682814931019,-16.863595961143712
2.4608337301362275,0.23793634094296587,0.024608337301362276,-13.30865474529969,-17.128506769251352
2.4608337301362275,0.2416466528199767,0.024608337301362276,-13.726953712691168,-17.394859272337115
2.4608337301362275,0.24535696469698753,0.024608337301362276,-14.15172505148463,-17.663603975105755
2.4608337301362275,0.24906727657399838,0.024608337301362276,-14.582968761680075,-17.93572678064401
2.4608337301362275,0.2527775884510092,0.024608337301362276,-15.020684843277504,-18.212252962492983
2.4608337301362275,0.25648790032802005,0.024608337301362276,-15.464873296276906,-18.494247742895208
2.4608337301362275,0.2601982122050309,0.024608337301362276,-15.9155341206783,-18.782811612802217
2.4608337301362275,0.26390852408204174,0.024608337301362276,-16.372667316481667,-19.07906830056619
2.4608337301362275,0.26761883595905256,0.024608337301362276,-16.836272883687013,-19.38414318230651
2.4608337301362275,0.27132914783606343,0.024608337301362276,-17.306350822294352,-19.699130030228655
2.4608337301362275,0.27503945971307425,0.024608337301362276,-17.782901132303667,-20.025044444273775
2.4608337301362275,0.27874977159008507,0.024608337301362276,-18.26592381371496,-20.362763246193595
2.4608337301362275,0.28246008346709595,0.024608337301362276,-18.75541886652824,-20.71295064879855
2.4608337301362275,0.28617039534410676,0.024608337301362276,-19.251386290743497,-21.075974184150486
2.4608337301362275,0.28988070722111764,0.024608337301362276,-19.753826086360743,-21.451816072055138
2.4608337301362275,0.29359101909812846,0.024608337301362276,-20.26273825337996,-21.83998860703912
2.4608337301362275,0.2973013309751393,0.024608337301362276,-20.778122791801163,-22.239464662205854
2.4608337301362275,0.30101164285215015,0.024608337301362276,-21.299979701624355,-22.648635776107856
2.4608337301362275,0.30472195472916097,0.024608337301362276,-21.828308982849517,-23.06530969274878
3.848710581605262,0.011607316445304631,0.038487105816052615,-0.0312980788389245,-0.4344963218876805
3.848710581605262,0.015317628322315471,0.038487105816052615,-0.0545050930746044,-0.5295645825287838
3.848710581605262,0.01902794019932631,0.038487105816052615,-0.08410805436174511,-0.6307095567465737
3.848710581605262,0.02273825207633715,0.038487105816052615,-0.12010696270034664,-0.7381959712027284
3.848710581605262,0.02644856395334799,0.038487105816052615,-0.16250181809040903,-0.8522872746263865
3.848710581605262,0.03015887583035883,0.038487105816052615,-0.21129262053193223,-0.97324475519734
3.848710581605262,0.03386918770736967,0.038487105816052615,-0.26647937002491634,-1.1013267946257974
3.848710581605262,0.03757949958438051,0.038487105816052615,-0.3280620665693612,-1.2367882943341262
3.848710581605262,0.04128981146139135,0.038487105816052615,-0.39604071016526693,-1.3798803022198072
3.848710581605262,0.04500012333840219,0.038487105816052615,-0.47041530081263344,-1.5308498569794307
3.848710581605262,0.04871043521541303,0.038487105816052615,-0.5511858385114609,-1.689940050153369
3.848710581605262,0.05242074709242387,0.038487105816052615,-0.6383523232617491,-1.8573902832979399
3.848710581605262,0.05613105896943471,0.038487105816052615,-0.731914755063498,-2.0334366686350798
3.848710581605262,0.05984137084644555,0.038487105816052615,-0.8318731339167079,-2.218312486177362
3.848710581605262,0.06355168272345639,0.038487105816052615,-0.9382274598213786,-2.412248569235418
3.848710581605262,0.06726199460046722,0.038487105816052615,-1.0509777327775098,-2.6154734446954393
3.848710581605262,0.07097230647747807,0.038487105816052615,-1.1701239527851024,-2.828213006801269
3.848710581605262,0.0746826183544889,0.038487105816052615,-1.2956661198441555,-3.050689456912627
3.848710581605262,0.07839293023149975,0.038487105816052615,-1.4276042339546695,-3.2831192018138857
3.848710581605262,0.08210324210851058,0.038487105816052615,-1.565938295116644,-3.5257093761907203
3.848710581605262,0.08581355398552143,0.038487105816052615,-1.71066830333008,-3.778652649032183
3.848710581605262,0.08952386586253226,0.038487105816052615,-1.8617942585949765,-4.042119998405514
3.848710581605262,0.09323417773954311,0.038487105816052615,-2.019316160911334,-4.316251204337054
3.848710581605262,0.09694448961655394,0.038487105816052615,-2.183234010279152,-4.601142924814836
3.848710581605262,0.10065480149356479,0.038487105816052615,-2.353547806698431,-4.896834392085702
3.848710581605262,0.10436511337057562,0.038487105816052615,-2.5302575501691704,-5.203290997323066
3.848710581605262,0.10807542524758647,0.038487105816052615,-2.7133632406913715,-5.520386315370801
3.848710581605262,0.1117857371245973,0.038487105816052615,-2.9028648782650324,-5.847883440905973
3.848710581605262,0.11549604900160815,0.038487105816052615,-3.0987624628901553,-6.18541683364362
3.848710581605262,0.11920636087861898,0.038487105816052615,-3.301055994566738,-6.532476161043727
3.848710581605262,0.12291667275562983,0.038487105816052615,-3.5097454732947826,-6.888393830412506
3.848710581605262,0.12662698463264066,0.038487105816052615,-3.724830899074287,-7.252337962976166
3.848710581605262,0.1303372965096515,0.038487105816052615,-3.9463122719052524,-7.623312431791994
3.848710581605262,0.13404760838666235,0.038487105816052615,-4.1741895917876795,-8.000165233638462
3.848710581605262,0.13775792026367317,0.038487105816052615,-4.408462858721566,-8.381605893744785
3.848710581605262,0.14146823214068402,0.038487105816052615,-4.649132072706914,-8.76623185197192
3.848710581605262,0.14517854401769487,0.038487105816052615,-4.896197233743723,-9.152562930124736
3.848710581605262,0.1488888558947057,0.038487105816052615,-5.1496583418319934,-9.539082143247775
3.848710581605262,0.15259916777171653,0.038487105816052615,-5.409515396971723,-9.924280415836403
3.848710581605262,0.15630947964872738,0.038487105816052615,-5.675768399162915,-10.306702307510719
3.848710581605262,0.16001979152573823,0.038487105816052615,-5.948417348405568,-10.68498971650455
3.848710581605262,0.16373010340274907,0.038487105816052615,-6.227462244699681,-11.057920735272102
3.848710581605262,0.1674404152797599,0.038487105816052615,-6.512903088045253,-11.424441345170047
3.848710581605262,0.17115072715677074,0.038487105816052615,-6.804739878442288,-11.783688372367592
3.848710581605262,0.17486103903378158,0.038487105816052615,-7.102972615890785,-12.135002971256627
3.848710581605262,0.17857135091079243,0.038487105816052615,-7.407601300390741,-12.477934735743855
3.848710581605262,0.18228166278780325,0.038487105816052615,-7.7186259319421575,-12.812237261031353
3.848710581605262,0.1859919746648141,0.038487105816052615,-8.036046510545036,-13.137856519418353
3.848710581605262,0.18970228654182494,0.038487105816052615,-8.359863036199375,-13.454913742343743
3.848710581605262,0.1934125984188358,0.038487105816052615,-8.690075508905176,-13.763684622032478
3.848710581605262,0.1971229102958466,0.038487105816052615,-9.026683928662434,-14.064576591055205
3.848710581605262,0.20083322217285746,0.038487105816052615,-9.369688295471155,-14.35810575323852
3.848710581605262,0.2045435340498683,0.038487105816052615,-9.719088609331338,-14.644874774962666
3.848710581605262,0.20825384592687915,0.038487105816052615,-10.074884870242983,-14.925552747605751
3.848710581605262,0.21196415780388997,0.038487105816052615,-10.437077078206086,-15.200857735560295
3.848710581605262,0.21567446968090082,0.038487105816052615,-10.805665233220651,-15.471542453848777
3.848710581605262,0.21938478155791166,0.038487105816052615,-11.180649335286677,-15.738383287447583
3.848710581605262,0.2230950934349225,0.038487105816052615,-11.562029384404163,-16.00217267393194
3.848710581605262,0.22680540531193333,0.038487105816052615,-11.949805380573107,-16.26371471773317
3.848710581605262,0.23051571718894417,0.038487105816052615,-12.343977323793517,-16.523823779125028
3.848710581605262,0.23422602906595502,0.038487105816052615,-12.744545214065386,-16.78332567228441
3.848710581605262,0.23793634094296587,0.038487105816052615,-13.151509051388716,-17.04306100157166
3.848710581605262,0.2416466528199767,0.038487105816052615,-13.564868835763505,-17.303890050939717
3.848710581605262,0.24535696469698753,0.038487105816052615,-13.984624567189757,-17.566698506909724
3.848710581605262,0.24906727657399838,0.038487105816052615,-14.41077624566747,-17.832403132423632
3.848710581605262,0.2527775884510092,0.038487105816052615,-14.843323871196645,-18.101956313326966
3.848710581605262,0.25648790032802005,0.038487105816052615,-15.282267443777275,-18.376348174774947
3.848710581605262,0.2601982122050309,0.038487105816052615,-15.727606963409375,-18.65660472597018
3.848710581605262,0.26390852408204174,0.038487105816052615,-16.179342430092927,-18.94378026829154
3.848710581605262,0.26761883595905256,0.038487105816052615,-16.63747384382794,-19.238942144370725
3.848710581605262,0.27132914783606343,0.038487105816052615,-17.10200120461442,-19.543145888421176
3.848710581605262,0.27503945971307425,0.038487105816052615,-17.57292451245236,-19.857399059736103
3.848710581605262,0.27874977159008507,0.038487105816052615,-18.050243767341755,-20.182612617189722
3.848710581605262,0.28246008346709595,0.038487105816052615,-18.53395896928262,-20.519539735618196
3.848710581605262,0.28617039534410676,0.038487105816052615,-19.024070118274935,-20.868703549912844
3.848710581605262,0.28988070722111764,0.038487105816052615,-19.520577214318724,-21.230317424834432
3.848710581605262,0.29359101909812846,0.038487105816052615,-20.02348025741396,-21.60420382419069
3.848710581605262,0.2973013309751393,0.038487105816052615,-20.53277924756066,-21.98972033134388
3.848710581605262,0.30101164285215015,0.038487105816052615,-21.04847418475883,-22.38570329157265
3.848710581605262,0.30472195472916097,0.038487105816052615,-21.570565069008452,-22.790440215073463
5.236587433074296,0.011607316445304631,0.052365874330742954,-0.030924102111386624,-0.49798714369113695
5.236587433074296,0.015317628322315471,0.052365874330742954,-0.053853818712139775,-0.5960278012065501
5.236587433074296,0.01902794019932631,0.052365874330742954,-0.08310305801383304,-0.7001470021898408
5.236587433074296,0.02273825207633715,0.052365874330742954,-0.1186718200164664,-0.8105929866482708
5.236587433074296,0.02644856395334799,0.052365874330742954,-0.16056010472003993,-0.927611813164104
5.236587433074296,0.03015887583035883,0.052365874330742954,-0.20876791212455353,-1.0514466846201243
5.236587433074296,0.03386918770736967,0.052365874330742954,-0.26329524223000733,-1.1823374380050673
5.236587433074296,0.03757949958438051,0.052365874330742954,-0.3241420950364012,-1.3205202251782138
5.236587433074296,0.04128981146139135,0.052365874330742954,-0.3913084705437352,-1.4662274016686985
5.236587433074296,0.04500012333840219,0.052365874330742954,-0.46479436875200925,-1.619687626310505
5.236587433074296,0.04871043521541303,0.052365874330742954,-0.5445997896612235,-1.7811261552730082
5.236587433074296,0.05242074709242387,0.052365874330742954,-0.6307247332713778,-1.9507652895292187
5.236587433074296,0.05613105896943471,0.052365874330742954,-0.7231691995824723,-2.128824904985575
5.236587433074296,0.05984137084644555,0.052365874330742954,-0.8219331885945068,-2.3155229597619744
5.236587433074296,0.06355168272345639,0.052365874330742954,-0.9270167003074815,-2.5110758344008426
5.236587433074296,0.06726199460046722,0.052365874330742954,-1.0384197347213961,-2.7156983197706963
5.236587433074296,0.07097230647747807,0.052365874330742954,-1.1561422918362512,-2.929603026702026
5.236587433074296,0.0746826183544889,0.052365874330742954,-1.280184371652046,-3.15299895464221
5.236587433074296,0.07839293023149975,0.052365874330742954,-1.4105459741687814,-3.3860889287777427
5.236587433074296,0.08210324210851058,0.052365874330742954,-1.5472270993864563,-3.629065602378505
5.236587433074296,0.08581355398552143,0.052365874330742954,-1.690227747305072,-3.8821057309716016
5.236587433074296,0.08952386586253226,0.052365874330742954,-1.8395479179246275,-4.145362465526191
5.236587433074296,0.09323417773954311,0.052365874330742954,-1.995187611245123,-4.418955491288363
5.236587433074296,0.09694448961655394,0.052365874330742954,-2.157146827266559,-4.702958964145582
5.236587433074296,0.10065480149356479,0.052365874330742954,-2.3254255659889345,-4.9973873712920245
5.236587433074296,0.10436511337057562,0.052365874330742954,-2.5000238274122504,-5.302179666160372
5.236587433074296,0.10807542524758647,0.052365874330742954,-2.680941611536507,-5.617182290160024
5.236587433074296,0.1117857371245973,0.052365874330742954,-2.8681789183617026,-5.942131977181954
5.236587433074296,0.11549604900160815,0.052365874330742954,-3.0617357478878393,-6.276639511932363
5.236587433074296,0.11920636087861898,0.052365874330742954,-3.2616121001149154,-6.6201758409788525
5.236587433074296,0.12291667275562983,0.052365874330742954,-3.4678079750429323,-6.972062070617243
5.236587433074296,0.12662698463264066,0.052365874330742954,-3.680323372671889,-7.331464883025912
5.236587433074296,0.1303372965096515,0.052365874330742954,-3.8991582930017854,-7.697398725436363
5.236587433074296,0.13404760838666235,0.052365874330742954,-4.124312736032623,-8.068735759188112
5.236587433074296,0.13775792026367317,0.052365874330742954,-4.355786701764399,-8.444224007715603
5.236587433074296,0.14146823214068402,0.052365874330742954,-4.593580190197117,-8.822513458969526
5.236587433074296,0.14517854401769487,0.052365874330742954,-4.837693201330774,-9.202189134007641
5.236587433074296,0.1488888558947057,0.052365874330742954,-5.088125735165372,-9.58180942659384
5.236587433074296,0.15259916777171653,0.052365874330742954,-5.344877791700908,-9.959947450767007
5.236587433074296,0.15630947964872738,0.052365874330742954,-5.607949370937386,-10.335232791733555
5.236587433074296,0.16001979152573823,0.052365874330742954,-5.877340472874804,-10.706390994081877
5.236587433074296,0.16373010340274907,0.052365874330742954,-6.1530510975131625,-11.072278349242403
5.236587433074296,0.1674404152797599,0.052365874330742954,-6.435081244852459,-11.431910023719746
5.236587433074296,0.17115072715677074,0.052365874330742954,-6.723430914892697,-11.784480225433551
5.236587433074296,0.17486103903378158,0.052365874330742954,-7.0181001076338765,-12.129373840717706
5.236587433074296,0.17857135091079243,0.052365874330742954,-7.319088823075995,-12.466169690587021
5.236587433074296,0.18228166278780325,0.052365874330742954,-7.626397061219053,-12.794636169025656
5.236587433074296,0.1859919746648141,0.052365874330742954,-7.940024822063051,-13.114720482984211
5.236587433074296,0.18970228654182494,0.052365874330742954,-8.259972105607991,-13.426532989818472
5.236587433074296,0.1934125984188358,0.052365874330742954,-8.58623891185387,-13.73032822829658
5.236587433074296,0.1971229102958466,0.052365874330742954,-8.918825240800688,-14.02648419075569
5.236587433074296,0.20083322217285746,0.052365874330742954,-9.257731092448447,-14.315481225313748
5.236587433074296,0.2045435340498683,0.052365874330742954,-9.602956466797146,-14.597881730209584
5.236587433074296,0.20825384592687915,0.052365874330742954,-9.954501363846786,-14.874311545604836
5.236587433074296,0.21196415780388997,0.052365874330742954,-10.312365783597365,-15.14544369182913
5.236587433074296,0.21567446968090082,0.052365874330742954,-10.676549726048885,-15.411984867729869
5.236587433074296,0.21938478155791166,0.052365874330742954,-11.047053191201345,-15.674664919717884
5.236587433074296,0.2230950934349225,0.052365874330742954,-11.423876179054744,-15.934229324487204
5.236587433074296,0.22680540531193333,0.052365874330742954,-11.807018689609082,-16.191434593353282
5.236587433074296,0.23051571718894417,0.052365874330742954,-12.196480722864363,-16.447046396677667
5.236587433074296,0.23422602906595502,0.052365874330742954,-12.592262278820584,-16.70184011345756
5.236587433074296,0.23793634094296587,0.052365874330742954,-12.994363357477745,-16.956603423273283
5.236587433074296,0.2416466528199767,0.052365874330742954,-13.402783958835842,-17.212140464764367
5.236587433074296,0.24535696469698753,0.052365874330742954,-13.817524082894884,-17.469276976854218
5.236587433074296,0.24906727657399838,0.052365874330742954,-14.238583729654865,-17.728865708106103
5.236587433074296,0.2527775884510092,0.052365874330742954,-14.665962899115788,-17.99179122104857
5.236587433074296,0.25648790032802005,0.052365874330742954,-15.099661591277645,-18.258973032238274
5.236587433074296,0.2601982122050309,0.052365874330742954,-15.539679806140452,-18.531365823042634
5.236587433074296,0.26390852408204174,0.052365874330742954,-15.986017543704188,-18.80995524948344
5.236587433074296,0.26761883595905256,0.052365874330742954,-16.438674803968865,-19.095747705867097
5.236587433074296,0.27132914783606343,0.052365874330742954,-16.897651586934494,-19.389752308966855
5.236587433074296,0.27503945971307425,0.052365874330742954,-17.362947892601053,-19.692953440544272
5.236587433074296,0.27874977159008507,0.052365874330742954,-17.83456372096855,-20.00627250761754
5.236587433074296,0.28246008346709595,0.052365874330742954,-18.312499072037,-20.330518251857704
5.236587433074296,0.28617039534410676,0.052365874330742954,-18.796753945806376,-20.666326048150435
5.236587433074296,0.28988070722111764,0.052365874330742954,-19.2873283422767,-21.014088215529018
5.236587433074296,0.29359101909812846,0.052365874330742954,-19.78422226144796,-21.37387936427447
5.236587433074296,0.2973013309751393,0.052365874330742954,-20.28743570332016,-21.7453830211524
5.236587433074296,0.30101164285215015,0.052365874330742954,-20.79696866789331,-22.1278278384674
5.236587433074296,0.30472195472916097,0.052365874330742954,-21.312821155167388,-22.519943074117407
6.62446428454333,0.011607316445304631,0.0662446428454333,-0.030550125383848745,-0.5644584340342866
6.62446428454333,0.015317628322315471,0.0662446428454333,-0.053202544349675154,-0.6654485222531856
6.62446428454333,0.01902794019932631,0.0662446428454333,-0.08209806166592094,-0.7725019772594888
6.62446428454333,0.02273825207633715,0.0662446428454333,-0.11723667733258615,-0.8858499873530008
6.62446428454333,0.02644856395334799,0.0662446428454333,-0.1586183913496708,-1.0057208843580812
6.62446428454333,0.03015887583035883,0.0662446428454333,-0.2062432037171748,-1.132339696479305
6.62446428454333,0.03386918770736967,0.0662446428454333,-0.26011111443509827,-1.2659278842274868
6.62446428454333,0.03757949958438051,0.0662446428454333,-0.3202221235034411,-1.4067032760781242
6.62446428454333,0.04128981146139135,0.0662446428454333,-0.38657623092220333,-1.554880208229177
6.62446428454333,0.04500012333840219,0.0662446428454333,-0.459173436691385,-1.7106698563563878
6.62446428454333,0.04871043521541303,0.0662446428454333,-0.5380137408109861,-1.874280726376766
6.62446428454333,0.05242074709242387,0.0662446428454333,-0.6230971432810065,-2.045919245899454
6.62446428454333,0.05613105896943471,0.0662446428454333,-0.7144236441014464,-2.2257903685517118
6.62446428454333,0.05984137084644555,0.0662446428454333,-0.8119932432723056,-2.414098070413679
6.62446428454333,0.06355168272345639,0.0662446428454333,-0.9158059407935843,-2.611045582619405
6.62446428454333,0.06726199460046722,0.0662446428454333,-1.0258617366652822,-2.8168351687036033
6.62446428454333,0.07097230647747807,0.0662446428454333,-1.1421606308873997,-3.0316672222427616
6.62446428454333,0.0746826183544889,0.0662446428454333,-1.2647026234599366,-3.255738433457826
6.62446428454333,0.07839293023149975,0.0662446428454333,-1.393487714382893,-3.4892387574447303
6.62446428454333,0.08210324210851058,0.0662446428454333,-1.5285159036562685,-3.73234691730386
6.62446428454333,0.08581355398552143,0.0662446428454333,-1.6697871912800637,-3.985224199156815
6.62446428454333,0.08952386586253226,0.0662446428454333,-1.8173015772542782,-4.248006349680279
6.62446428454333,0.09323417773954311,0.0662446428454333,-1.971059061578912,-4.520793476650114
6.62446428454333,0.09694448961655394,0.0662446428454333,-2.1310596442539653,-4.803637983640164
6.62446428454333,0.10065480149356479,0.0662446428454333,-2.297303325279438,-5.096530742696277
6.62446428454333,0.10436511337057562,0.0662446428454333,-2.4697901046553303,-5.399385919556268
6.62446428454333,0.10807542524758647,0.0662446428454333,-2.648519982381642,-5.712025103846245
6.62446428454333,0.1117857371245973,0.0662446428454333,-2.8334929584583723,-6.034161642327091
6.62446428454333,0.11549604900160815,0.0662446428454333,-3.024709032885523,-6.365386298754807
6.62446428454333,0.11920636087861898,0.0662446428454333,-3.2221682056630927,-6.705155534188411
6.62446428454333,0.12291667275562983,0.0662446428454333,-3.425870476791082,-7.052783778150221
6.62446428454333,0.12662698463264066,0.0662446428454333,-3.6358158462694905,-7.40744100804484
6.62446428454333,0.1303372965096515,0.0662446428454333,-3.8520043140983184,-7.768156746166024
6.62446428454333,0.13404760838666235,0.0662446428454333,-4.074435880277567,-8.133831213407642
6.62446428454333,0.13775792026367317,0.0662446428454333,-4.3031105448072315,-8.503253864242096
6.62446428454333,0.14146823214068402,0.0662446428454333,-4.538028307687319,-8.875128913713592
6.62446428454333,0.14517854401769487,0.0662446428454333,-4.779189168917824,-9.248106823179311
6.62446428454333,0.1488888558947057,0.0662446428454333,-5.0265931284987495,-9.620820120883185
6.62446428454333,0.15259916777171653,0.0662446428454333,-5.280240186430093,-9.991921479879903
6.62446428454333,0.15630947964872738,0.0662446428454333,-5.540130342711858,-10.360121727064572
6.62446428454333,0.16001979152573823,0.0662446428454333,-5.80626359734404,-10.724225450944967
6.62446428454333,0.16373010340274907,0.0662446428454333,-6.078639950326644,-11.08316211237954
6.62446428454333,0.1674404152797599,0.0662446428454333,-6.357259401659664,-11.436011004371837
6.62446428454333,0.17115072715677074,0.0662446428454333,-6.642121951343106,-11.782018987580924
6.62446428454333,0.17486103903378158,0.0662446428454333,-6.933227599376968,-12.120610565676847
6.62446428454333,0.17857135091079243,0.0662446428454333,-7.230576345761247,-12.451390477775274
6.62446428454333,0.18228166278780325,0.0662446428454333,-7.534168190495946,-12.77413950686998
6.62446428454333,0.1859919746648141,0.0662446428454333,-7.844003133581065,-13.088804589409285
6.62446428454333,0.18970228654182494,0.0662446428454333,-8.160081175016606,-13.395484543772744
6.62446428454333,0.1934125984188358,0.0662446428454333,-8.482402314802563,-13.69441281963128
6.62446428454333,0.1971229102958466,0.0662446428454333,-8.81096655293894,-13.985938628568388
6.62446428454333,0.20083322217285746,0.0662446428454333,-9.145773889425735,-14.270507681221217
6.62446428454333,0.2045435340498683,0.0662446428454333,-9.486824324262953,-14.548643562499977
6.62446428454333,0.20825384592687915,0.0662446428454333,-9.834117857450588,-14.82093055615694
6.62446428454333,0.21196415780388997,0.0662446428454333,-10.187654488988642,-15.087998508706777
6.62446428454333,0.21567446968090082,0.0662446428454333,-10.547434218877116,-15.350510118213943
6.62446428454333,0.21938478155791166,0.0662446428454333,-10.913457047116012,-15.609150855784058
6.62446428454333,0.2230950934349225,0.0662446428454333,-11.285722973705324,-15.864621580081696
6.62446428454333,0.22680540531193333,0.0662446428454333,-11.664231998645054,-16.117633786055954
6.62446428454333,0.23051571718894417,0.0662446428454333,-12.048984121935208,-16.368907332915
6.62446428454333,0.23422602906595502,0.0662446428454333,-12.439979343575779,-16.61917041567835
6.62446428454333,0.23793634094296587,0.0662446428454333,-12.83721766356677,-16.869161470681966
6.62446428454333,0.2416466528199767,0.0662446428454333,-13.24069908190818,-17.119632629305254
6.62446428454333,0.24535696469698753,0.0662446428454333,-13.650423598600009,-17.37135424748317
6.62446428454333,0.24906727657399838,0.0662446428454333,-14.066391213642259,-17.625119933991396
6.62446428454333,0.2527775884510092,0.0662446428454333,-14.48860192703493,-17.881751372864056
6.62446428454333,0.25648790032802005,0.0662446428454333,-14.917055738778012,-18.142102082818404
6.62446428454333,0.2601982122050309,0.0662446428454333,-15.351752648871525,-18.40705908265703
6.62446428454333,0.26390852408204174,0.0662446428454333,-15.792692657315447,-18.677541247492226
6.62446428454333,0.26761883595905256,0.0662446428454333,-16.23987576410979,-18.95449296835004
6.62446428454333,0.27132914783606343,0.0662446428454333,-16.69330196925456,-19.238871603488853
6.62446428454333,0.27503945971307425,0.0662446428454333,-17.152971272749745,-19.531627186580902
6.62446428454333,0.27874977159008507,0.0662446428454333,-17.618883674595345,-19.833673004746416
6.62446428454333,0.28246008346709595,0.0662446428454333,-18.091039174791373,-20.145846060853618
6.62446428454333,0.28617039534410676,0.0662446428454333,-18.569437773337814,-20.46885717254484
6.62446428454333,0.28988070722111764,0.0662446428454333,-19.05407947023468,-20.80323159629281
6.62446428454333,0.29359101909812846,0.0662446428454333,-19.54496426548196,-21.149242604525906
6.62446428454333,0.2973013309751393,0.0662446428454333,-20.042092159079658,-21.506842298282447
6.62446428454333,0.30101164285215015,0.0662446428454333,-20.545463151027786,-21.8755958861124
6.62446428454333,0.30472195472916097,0.0662446428454333,-21.05507724132632,-22.254627335694614
8.012341136012365,0.011607316445304631,0.08012341136012364,-0.03017614865631087,-0.6338447554854136
8.012341136012365,0.015317628322315471,0.08012341136012364,-0.05255126998721053,-0.7377407323255463
8.012341136012365,0.01902794019932631,0.08012341136012364,-0.08109306531800888,-0.8476674632958545
8.012341136012365,0.02273825207633715,0.08012341136012364,-0.1158015346487059,-0.9638387881710873
8.012341136012365,0.02644856395334799,0.08012341136012364,-0.15667667797930165,-1.086465260629264
8.012341136012365,0.03015887583035883,0.08012341136012364,-0.2037184953097961,-1.2157539385455458
8.012341136012365,0.03386918770736967,0.08012341136012364,-0.25692698664018926,-1.351908366758299
8.012341136012365,0.03757949958438051,0.08012341136012364,-0.31630215197048106,-1.4951287575120091
8.012341136012365,0.04128981146139135,0.08012341136012364,-0.3818439913006716,-1.6456123595190197
8.012341136012365,0.04500012333840219,0.08012341136012364,-0.4535525046307608,-1.803553988612526
8.012341136012365,0.04871043521541303,0.08012341136012364,-0.5314276919607487,-1.9691466712779975
8.012341136012365,0.05242074709242387,0.08012341136012364,-0.6154695532906354,-2.1425823271744644
8.012341136012365,0.05613105896943471,0.08012341136012364,-0.7056780886204206,-2.3240523886299314
8.012341136012365,0.05984137084644555,0.08012341136012364,-0.8020532979501046,-2.51374822495535
8.012341136012365,0.06355168272345639,0.08012341136012364,-0.9045951812796873,-2.7118612087153458
8.012341136012365,0.06726199460046722,0.08012341136012364,-1.0133037386091683,-2.9185822318811923
8.012341136012365,0.07097230647747807,0.08012341136012364,-1.1281789699385485,-3.1341004548551155
8.012341136012365,0.0746826183544889,0.08012341136012364,-1.249220875267827,-3.3586010542750175
8.012341136012365,0.07839293023149975,0.08012341136012364,-1.3764294545970046,-3.5922617306751032
8.012341136012365,0.08210324210851058,0.08012341136012364,-1.5098047079260808,-3.835247749590165
8.012341136012365,0.08581355398552143,0.08012341136012364,-1.6493466352550559,-4.087705325076698
8.012341136012365,0.08952386586253226,0.08012341136012364,-1.7950552365839292,-4.3497532183182015
8.012341136012365,0.09323417773954311,0.08012341136012364,-1.9469305119127014,-4.621472520509257
8.012341136012365,0.09694448961655394,0.08012341136012364,-2.1049724612413723,-4.902894721051627
8.012341136012365,0.10065480149356479,0.08012341136012364,-2.269181084569942,-5.193988328280925
8.012341136012365,0.10436511337057562,0.08012341136012364,-2.43955638189841,-5.494644504554973
8.012341136012365,0.10807542524758647,0.08012341136012364,-2.616098353226777,-5.804662388369567
8.012341136012365,0.1117857371245973,0.08012341136012364,-2.7988069985550426,-6.1237349839835025
8.012341136012365,0.11549604900160815,0.08012341136012364,-2.9876823178832073,-6.4514366779006735
8.012341136012365,0.11920636087861898,0.08012341136012364,-3.18272431121127,-6.7872135607454105
8.012341136012365,0.12291667275562983,0.08012341136012364,-3.383932978539232,-7.130377760785676
8.012341136012365,0.12662698463264066,0.08012341136012364,-3.5913083198670925,-7.4801069041922545
8.012341136012365,0.1303372965096515,0.08012341136012364,-3.8048503351948515,-7.835449590499342
8.012341136012365,0.13404760838666235,0.08012341136012364,-4.02455902452251,-8.195337410149751
8.012341136012365,0.13775792026367317,0.08012341136012364,-4.250434387850065,-8.55860355630859
8.012341136012365,0.14146823214068402,0.08012341136012364,-4.482476425177521,-8.924007539143586
8.012341136012365,0.14517854401769487,0.08012341136012364,-4.7206851365048745,-9.290264959212465
8.012341136012365,0.1488888558947057,0.08012341136012364,-4.965060521832128,-9.65608080822312
8.012341136012365,0.15259916777171653,0.08012341136012364,-5.2156025811592786,-10.020184407891243
8.012341136012365,0.15630947964872738,0.08012341136012364,-5.472311314486329,-10.381363922643093
8.012341136012365,0.16001979152573823,0.08012341136012364,-5.735186721813278,-10.738498414997098
8.012341136012365,0.16373010340274907,0.08012341136012364,-6.004228803140125,-11.090585647780616
8.012341136012365,0.1674404152797599,0.08012341136012364,-6.27943755846687,-11.436764239223
8.012341136012365,0.17115072715677074,0.08012341136012364,-6.560812987793515,-11.776329287475795
8.012341136012365,0.17486103903378158,0.08012341136012364,-6.84835509112006,-12.108741131627554
8.012341136012365,0.17857135091079243,0.08012341136012364,-7.142063868446501,-12.433627440077473
8.012341136012365,0.18228166278780325,0.08012341136012364,-7.441939319772842,-12.750779259983581
8.012341136012365,0.1859919746648141,0.08012341136012364,-7.7479814450990805,-13.060141988321593
8.012341136012365,0.18970228654182494,0.08012341136012364,-8.06019024442522,-13.36180242187559
8.012341136012365,0.1934125984188358,0.08012341136012364,-8.378565717751258,-13.655973115129783
8.012341136012365,0.1971229102958466,0.08012341136012364,-8.703107865077191,-13.942975240406176
8.012341136012365,0.20083322217285746,0.08012341136012364,-9.033816686403025,-14.22322103048447
8.012341136012365,0.2045435340498683,0.08012341136012364,-9.37069218172876,-14.497196719335728
8.012341136012365,0.20825384592687915,0.08012341136012364,-9.713734351054391,-14.765446708218754
8.012341136012365,0.21196415780388997,0.08012341136012364,-10.06294319437992,-15.028559493852134
8.012341136012365,0.21567446968090082,0.08012341136012364,-10.41831871170535,-15.28715571797168
8.012341136012365,0.21938478155791166,0.08012341136012364,-10.779860903030679,-15.541878542259457
8.012341136012365,0.2230950934349225,0.08012341136012364,-11.147569768355904,-15.79338642279966
8.012341136012365,0.22680540531193333,0.08012341136012364,-11.521445307681027,-16.04234825293954
8.012341136012365,0.23051571718894417,0.08012341136012364,-11.901487521006052,-16.289440758684208
8.012341136012365,0.23422602906595502,0.08012341136012364,-12.287696408330977,-16.535347960536296
8.012341136012365,0.23793634094296587,0.08012341136012364,-12.680071969655797,-16.78076245295497
8.012341136012365,0.2416466528199767,0.08012341136012364,-13.078614204980516,-17.02638818994713
8.012341136012365,0.24535696469698753,0.08012341136012364,-13.483323114305135,-17.272944395510812
8.012341136012365,0.24906727657399838,0.08012341136012364,-13.894198697629653,-17.521170134247537
8.012341136012365,0.2527775884510092,0.08012341136012364,-14.311240954954071,-17.771828975327352
8.012341136012365,0.25648790032802005,0.08012341136012364,-14.734449886278382,-18.025713059257644
8.012341136012365,0.2601982122050309,0.08012341136012364,-15.163825491602601,-18.28364573225303
8.012341136012365,0.26390852408204174,0.08012341136012364,-15.59936777092671,-18.546481753467965
8.012341136012365,0.26761883595905256,0.08012341136012364,-16.041076724250715,-18.815103919687598
8.012341136012365,0.27132914783606343,0.08012341136012364,-16.488952351574632,-19.090414814454128
8.012341136012365,0.27503945971307425,0.08012341136012364,-16.942994652898438,-19.37332231123174
8.012341136012365,0.27874977159008507,0.08012341136012364,-17.40320362822214,-19.664717494794395
8.012341136012365,0.28246008346709595,0.08012341136012364,-17.869579277545753,-19.96544387660661
8.012341136012365,0.28617039534410676,0.08012341136012364,-18.342121600869252,-20.27625724095043
8.012341136012365,0.28988070722111764,0.08012341136012364,-18.82083059819266,-20.597776235465478
8.012341136012365,0.29359101909812846,0.08012341136012364,-19.30570626951596,-20.930424951213503
8.012341136012365,0.2973013309751393,0.08012341136012364,-19.796748614839156,-21.274370203680796
8.012341136012365,0.30101164285215015,0.08012341136012364,-20.29395763416226,-21.629457915698097
8.012341136012365,0.30472195472916097,0.08012341136012364,-20.797333327485255,-21.9951546866382
9.4002179874814,0.011607316445304631,0.09400217987481399,-0.02980217192877299,-0.7060578454122766
9.4002179874814,0.015317628322315471,0.09400217987481399,-0.05189999562474591,-0.812795408251114
9.4002179874814,0.01902794019932631,0.09400217987481399,-0.0800880689700968,-0.9255135704813988
9.4002179874814,0.02273825207633715,0.09400217987481399,-0.11436639196482568,-1.0444088093377228
9.4002179874814,0.02644856395334799,0.09400217987481399,-0.15473496460893255,-1.1696741392549301
9.4002179874814,0.03015887583035883,0.09400217987481399,-0.20119378690241738,-1.30149914047479
9.4002179874814,0.03386918770736967,0.09400217987481399,-0.25374285884528025,-1.4400701792428316
9.4002179874814,0.03757949958438051,0.09400217987481399,-0.31238218043752103,-1.585570812656356
9.4002179874814,0.04128981146139135,0.09400217987481399,-0.37711175167913985,-1.7381823556187304
9.4002179874814,0.04500012333840219,0.09400217987481399,-0.4479315725701366,-1.8980845686450796
9.4002179874814,0.04871043521541303,0.09400217987481399,-0.5248416431105114,-2.065456403645644
9.4002179874814,0.05242074709242387,0.09400217987481399,-0.6078419633002641,-2.240476720716508
9.4002179874814,0.05613105896943471,0.09400217987481399,-0.6969325331393948,-2.4233248631255138
9.4002179874814,0.05984137084644555,0.09400217987481399,-0.7921133526279035,-2.614180951197983
9.4002179874814,0.06355168272345639,0.09400217987481399,-0.8933844217657902,-2.8132257302437216
9.4002179874814,0.06726199460046722,0.09400217987481399,-1.0007457405530547,-3.0206397851230253
9.4002179874814,0.07097230647747807,0.09400217987481399,-1.1141973089896973,-3.236601917232413
9.4002179874814,0.0746826183544889,0.09400217987481399,-1.2337391270757179,-3.461286471949556
9.4002179874814,0.07839293023149975,0.09400217987481399,-1.3593711948111165,-3.694859409861147
9.4002179874814,0.08210324210851058,0.09400217987481399,-1.491093512195893,-3.937472937804439
9.4002179874814,0.08581355398552143,0.09400217987481399,-1.6289060792300478,-4.189258560402274
9.4002179874814,0.08952386586253226,0.09400217987481399,-1.7728088959135802,-4.450318483468382
9.4002179874814,0.09323417773954311,0.09400217987481399,-1.9228019622464907,-4.7207154003088885
9.4002179874814,0.09694448961655394,0.09400217987481399,-2.078885278228779,-5.000460821233839
9.4002179874814,0.10065480149356479,0.09400217987481399,-2.2410588438604457,-5.289502262807361
9.4002179874814,0.10436511337057562,0.09400217987481399,-2.40932265914149,-5.587709789228379
9.4002179874814,0.10807542524758647,0.09400217987481399,-2.5836767240719127,-5.894862581010299
9.4002179874814,0.1117857371245973,0.09400217987481399,-2.7641210386517128,-6.210636377368656
9.4002179874814,0.11549604900160815,0.09400217987481399,-2.9506556028808912,-6.534592775035858
9.4002179874814,0.11920636087861898,0.09400217987481399,-3.1432804167594477,-6.866171441367663
9.4002179874814,0.12291667275562983,0.09400217987481399,-3.341995480287382,-7.204686288064662
9.4002179874814,0.12662698463264066,0.09400217987481399,-3.5468007934646946,-7.549326533537242
9.4002179874814,0.1303372965096515,0.09400217987481399,-3.7576963562913845,-7.89916334751495
9.4002179874814,0.13404760838666235,0.09400217987481399,-3.9746821687674534,-8.253162426851453
9.4002179874814,0.13775792026367317,0.09400217987481399,-4.197758230892899,-8.610202420415037
9.4002179874814,0.14146823214068402,0.09400217987481399,-4.426924542667724,-8.969098644616999
9.4002179874814,0.14517854401769487,0.09400217987481399,-4.662181104091926,-9.328631063557424
9.4002179874814,0.1488888558947057,0.09400217987481399,-4.9035279151655065,-9.687575107987323
9.4002179874814,0.15259916777171653,0.09400217987481399,-5.1509649758884635,-10.044733629242714
9.4002179874814,0.15630947964872738,0.09400217987481399,-5.4044922862608,-10.398968166869588
9.4002179874814,0.16001979152573823,0.09400217987481399,-5.664109846282515,-10.749227768114594
9.4002179874814,0.16373010340274907,0.09400217987481399,-5.929817655953607,-11.094573824416903
9.4002179874814,0.1674404152797599,0.09400217987481399,-6.201615715274076,-11.434199751545808
9.4002179874814,0.17115072715677074,0.09400217987481399,-6.479504024243924,-11.767444786257752
9.4002179874814,0.17486103903378158,0.09400217987481399,-6.763482582863151,-12.093801646102056
9.4002179874814,0.17857135091079243,0.09400217987481399,-7.053551391131755,-12.41291824569105
9.4002179874814,0.18228166278780325,0.09400217987481399,-7.349710449049737,-12.724594038574194
9.4002179874814,0.1859919746648141,0.09400217987481399,-7.651959756617096,-13.028771830820897
9.4002179874814,0.18970228654182494,0.09400217987481399,-7.960299313833835,-13.325526079639596
9.4002179874814,0.1934125984188358,0.09400217987481399,-8.274729120699952,-13.615048752210622
9.4002179874814,0.1971229102958466,0.09400217987481399,-8.595249177215445,-13.897633792028952
9.4002179874814,0.20083322217285746,0.09400217987481399,-8.921859483380315,-14.173661144540535
9.4002179874814,0.2045435340498683,0.09400217987481399,-9.254560039194567,-14.443581154697801
9.4002179874814,0.20825384592687915,0.09400217987481399,-9.593350844658195,-14.707899988530125
9.4002179874814,0.21196415780388997,0.09400217987481399,-9.9382318997712,-14.967166567170619
9.4002179874814,0.21567446968090082,0.09400217987481399,-10.289203204533584,-15.221961348148586
9.4002179874814,0.21938478155791166,0.09400217987481399,-10.646264758945346,-15.472887153123656
9.4002179874814,0.2230950934349225,0.09400217987481399,-11.009416563006486,-15.720562126991911
9.4002179874814,0.22680540531193333,0.09400217987481399,-11.378658616717003,-15.965614820160907
9.4002179874814,0.23051571718894417,0.09400217987481399,-11.753990920076898,-16.208681310829128
9.4002179874814,0.23422602906595502,0.09400217987481399,-12.135413473086173,-16.4504042226267
9.4002179874814,0.23793634094296587,0.09400217987481399,-12.522926275744826,-16.69143343929003
9.4002179874814,0.2416466528199767,0.09400217987481399,-12.916529328052853,-16.93242826604143
9.4002179874814,0.24535696469698753,0.09400217987481399,-13.316222630010262,-17.17406073094151
9.4002179874814,0.24906727657399838,0.09400217987481399,-13.722006181617049,-17.41701965300801
9.4002179874814,0.2527775884510092,0.09400217987481399,-14.133879982873214,-17.66201502254706
9.4002179874814,0.25648790032802005,0.09400217987481399,-14.551844033778751,-17.90978213958712
9.4002179874814,0.2601982122050309,0.09400217987481399,-14.975898334333676,-18.161084837571018
9.4002179874814,0.26390852408204174,0.09400217987481399,-15.406042884537971,-18.416716984222496
9.4002179874814,0.26761883595905256,0.09400217987481399,-15.842277684391643,-18.677501307806263
9.4002179874814,0.27132914783606343,0.09400217987481399,-16.2846027338947,-18.94428446039786
9.4002179874814,0.27503945971307425,0.09400217987481399,-16.73301803304713,-19.217927125614548
9.4002179874814,0.27874977159008507,0.09400217987481399,-17.187523581848936,-19.499287943567413
9.4002179874814,0.28246008346709595,0.09400217987481399,-17.64811938030013,-19.7892001098219
9.4002179874814,0.28617039534410676,0.09400217987481399,-18.114805428400693,-20.088439767021782
9.4002179874814,0.28988070722111764,0.09400217987481399,-18.587581726150642,-20.397685809473018
9.4002179874814,0.29359101909812846,0.09400217987481399,-19.06644827354996,-20.717471513534484
9.4002179874814,0.2973013309751393,0.09400217987481399,-19.551405070598655,-21.048129509424154
9.4002179874814,0.30101164285215015,0.09400217987481399,-20.04245211729674,-21.389732983569424
9.4002179874814,0.30472195472916097,0.09400217987481399,-20.53958941364419,-21.742037519433005
10.788094838950434,0.011607316445304631,0.10788094838950434,-0.029428195201235116,-0.7809864619457165
10.788094838950434,0.015317628322315471,0.10788094838950434,-0.0512487212622813,-0.8904807468089939
10.788094838950434,0.01902794019932631,0.10788094838950434,-0.07908307262218474,-1.0058881639063508
10.788094838950434,0.02273825207633715,0.10788094838950434,-0.11293124928094543,-1.1273881003745643
10.788094838950434,0.02644856395334799,0.10788094838950434,-0.15279325123856344,-1.2551565539827192
10.788094838950434,0.03015887583035883,0.10788094838950434,-0.19866907849503868,-1.3893663910997482
10.788094838950434,0.03386918770736967,0.10788094838950434,-0.25055873105037124,-1.5301877849697865
10.788094838950434,0.03757949958438051,0.10788094838950434,-0.308462208904561,-1.6777888151385556
10.788094838950434,0.04128981146139135,0.10788094838950434,-0.3723795120576081,-1.83233619260809
10.788094838950434,0.04500012333840219,0.10788094838950434,-0.4423106405095124,-1.9939960566186308
10.788094838950434,0.04871043521541303,0.10788094838950434,-0.518255594260274,-2.1629347682253997
10.788094838950434,0.05242074709242387,0.10788094838950434,-0.6002143733098929,-2.33931960363899
10.788094838950434,0.05613105896943471,0.10788094838950434,-0.688186977658369,-2.5233192274923537
10.788094838950434,0.05984137084644555,0.10788094838950434,-0.7821734073057024,-2.7151038039805577
10.788094838950434,0.06355168272345639,0.10788094838950434,-0.8821736622518931,-2.914844583786694
10.788094838950434,0.06726199460046722,0.10788094838950434,-0.9881877424969409,-3.122712788908884
10.788094838950434,0.07097230647747807,0.10788094838950434,-1.100215648040846,-3.33887760848613
10.788094838950434,0.0746826183544889,0.10788094838950434,-1.2182573788836084,-3.563503119519866
10.788094838950434,0.07839293023149975,0.10788094838950434,-1.3423129350252283,-3.796743960449448
10.788094838950434,0.08210324210851058,0.10788094838950434,-1.4723823164657053,-4.038739616524674
10.788094838950434,0.08581355398552143,0.10788094838950434,-1.6084655232050398,-4.289607227358067
10.788094838950434,0.08952386586253226,0.10788094838950434,-1.7505625552432311,-4.549432901804033
10.788094838950434,0.09323417773954311,0.10788094838950434,-1.89867341258028,-4.8182616248859285
10.788094838950434,0.09694448961655394,0.10788094838950434,-2.052798095216186,-5.096085965091767
10.788094838950434,0.10065480149356479,0.10788094838950434,-2.212936603150949,-5.382833933977667
10.788094838950434,0.10436511337057562,0.10788094838950434,-2.3790889363845698,-5.678356505574976
10.788094838950434,0.10807542524758647,0.10788094838950434,-2.5512550949170483,-5.982415457923596
10.788094838950434,0.1117857371245973,0.10788094838950434,-2.729435078748383,-6.29467233602005
10.788094838950434,0.11549604900160815,0.10788094838950434,-2.9136288878785757,-6.614679434019978
10.788094838950434,0.11920636087861898,0.10788094838950434,-3.103836522307625,-6.9418737328469735
10.788094838950434,0.12291667275562983,0.10788094838950434,-3.3000579820355322,-7.275574687574097
10.788094838950434,0.12662698463264066,0.10788094838950434,-3.502293267062296,-7.614986623173647
10.788094838950434,0.1303372965096515,0.10788094838950434,-3.7105423773879176,-7.959206263659911
10.788094838950434,0.13404760838666235,0.10788094838950434,-3.924805313012397,-8.307235597784139
10.788094838950434,0.13775792026367317,0.10788094838950434,-4.145082073935732,-8.657999898473399
10.788094838950434,0.14146823214068402,0.10788094838950434,-4.371372660157926,-9.010370300657424
10.788094838950434,0.14517854401769487,0.10788094838950434,-4.603677071678976,-9.363189949497032
10.788094838950434,0.1488888558947057,0.10788094838950434,-4.841995308498885,-9.715302406890597
10.788094838950434,0.15259916777171653,0.10788094838950434,-5.086327370617648,-10.065580790970458
10.788094838950434,0.15630947964872738,0.10788094838950434,-5.336673258035272,-10.412956049818222
10.788094838950434,0.16001979152573823,0.10788094838950434,-5.593032970751752,-10.756442846408024
10.788094838950434,0.16373010340274907,0.10788094838950434,-5.855406508767089,-11.095161745586523
10.788094838950434,0.1674404152797599,0.10788094838950434,-6.123793872081281,-11.428356715997213
10.788094838950434,0.17115072715677074,0.10788094838950434,-6.398195060694333,-11.755407347832094
10.788094838950434,0.17486103903378158,0.10788094838950434,-6.678610074606243,-12.075835593738404
10.788094838950434,0.17857135091079243,0.10788094838950434,-6.965038913817009,-12.389307220582383
10.788094838950434,0.18228166278780325,0.10788094838950434,-7.257481578326631,-12.695628478729349
10.788094838950434,0.1859919746648141,0.10788094838950434,-7.555938068135111,-12.994738730647617
10.788094838950434,0.18970228654182494,0.10788094838950434,-7.860408383242451,-13.286699923436593
10.788094838950434,0.1934125984188358,0.10788094838950434,-8.170892523648646,-13.571683844063788
10.788094838950434,0.1971229102958466,0.10788094838950434,-8.487390489353697,-13.849958074528983
10.788094838950434,0.20083322217285746,0.10788094838950434,-8.809902280357607,-14.121871485001693
10.788094838950434,0.2045435340498683,0.10788094838950434,-9.138427896660374,-14.387839985986632
10.788094838950434,0.20825384592687915,0.10788094838950434,-9.472967338261999,-14.648333124297505
10.788094838950434,0.21196415780388997,0.10788094838950434,-9.813520605162479,-14.903861967441033
10.788094838950434,0.21567446968090082,0.10788094838950434,-10.160087697361817,-15.154968588233022
10.788094838950434,0.21938478155791166,0.10788094838950434,-10.512668614860015,-15.402217343182528
10.788094838950434,0.2230950934349225,0.10788094838950434,-10.871263357657067,-15.646188037697124
10.788094838950434,0.22680540531193333,0.10788094838950434,-11.235871925752976,-15.887470988706474
10.788094838950434,0.23051571718894417,0.10788094838950434,-11.606494319147744,-16.126663928807805
10.788094838950434,0.23422602906595502,0.10788094838950434,-11.98313053784137,-16.364370641889145
10.788094838950434,0.23793634094296587,0.10788094838950434,-12.365780581833853,-16.60120117383612
10.788094838950434,0.2416466528199767,0.10788094838950434,-12.75444445112519,-16.837773418372148
10.788094838950434,0.24535696469698753,0.10788094838950434,-13.149122145715388,-17.074715832226246
10.788094838950434,0.24906727657399838,0.10788094838950434,-13.549813665604443,-17.312670980783853
10.788094838950434,0.2527775884510092,0.10788094838950434,-13.956519010792357,-17.55229955079749
10.788094838950434,0.25648790032802005,0.10788094838950434,-14.36923818127912,-17.79428438719778
10.788094838950434,0.2601982122050309,0.10788094838950434,-14.787971177064753,-18.039334014678822
10.788094838950434,0.26390852408204174,0.10788094838950434,-15.212717998149232,-18.288184992096188
10.788094838950434,0.26761883595905256,0.10788094838950434,-15.643478644532568,-18.54160232305001
10.788094838950434,0.27132914783606343,0.10788094838950434,-16.08025311621477,-18.80037701885244
10.788094838950434,0.27503945971307425,0.10788094838950434,-16.523041413195827,-19.065319797090062
10.788094838950434,0.27874977159008507,0.10788094838950434,-16.971843535475735,-19.337249825900336
10.788094838950434,0.28246008346709595,0.10788094838950434,-17.426659483054507,-19.616977426879988
10.788094838950434,0.28617039534410676,0.10788094838950434,-17.88748925593213,-19.905279774198277
10.788094838950434,0.28988070722111764,0.10788094838950434,-18.35433285410862,-20.20286892672985
10.788094838950434,0.29359101909812846,0.10788094838950434,-18.82719027758396,-20.5103520556574
10.788094838950434,0.2973013309751393,0.10788094838950434,-19.306061526358157,-20.828184519431183
10.788094838950434,0.30101164285215015,0.10788094838950434,-19.790946600431216,-21.1566174947278
10.788094838950434,0.30472195472916097,0.10788094838950434,-20.281845499803126,-21.49564314241997
12.175971690419468,0.011607316445304631,0.12175971690419468,-0.029054218473697234,-0.8584967085048716
12.175971690419468,0.015317628322315471,0.12175971690419468,-0.05059744689981667,-0.9706428845884105
12.175971690419468,0.01902794019932631,0.12175971690419468,-0.07807807627427264,-1.0886179783072731
12.175971690419468,0.02273825207633715,0.12175971690419468,-0.11149610659706517,-1.2125848376948598
12.175971690419468,0.02644856395334799,0.12175971690419468,-0.1508515378681943,-1.3427032317920016
12.175971690419468,0.03015887583035883,0.12175971690419468,-0.19614437008765995,-1.4791303194235728
12.175971690419468,0.03386918770736967,0.12175971690419468,-0.2473746032554622,-1.6220212770899676
12.175971690419468,0.03757949958438051,0.12175971690419468,-0.30454223737160097,-1.7715300551480908
12.175971690419468,0.04128981146139135,0.12175971690419468,-0.3676472724360763,-1.9278102152218317
12.175971690419468,0.04500012333840219,0.12175971690419468,-0.43668970844888816,-2.09101578386563
12.175971690419468,0.04871043521541303,0.12175971690419468,-0.5116695454100366,-2.261302038386463
12.175971690419468,0.05242074709242387,0.12175971690419468,-0.5925867833195216,-2.4388261210931637
12.175971690419468,0.05613105896943471,0.12175971690419468,-0.6794414221773432,-2.623747359016809
12.175971690419468,0.05984137084644555,0.12175971690419468,-0.7722334619835012,-2.81622714855266
12.175971690419468,0.06355168272345639,0.12175971690419468,-0.8709629027379959,-3.016428250071762
12.175971690419468,0.06726199460046722,0.12175971690419468,-0.975629744440827,-3.224513328272802
12.175971690419468,0.07097230647747807,0.12175971690419468,-1.0862339870919948,-3.4406425722118126
12.175971690419468,0.0746826183544889,0.12175971690419468,-1.202775630691499,-3.664970237229239
12.175971690419468,0.07839293023149975,0.12175971690419468,-1.32525467523934,-3.897639972299789
12.175971690419468,0.08210324210851058,0.12175971690419468,-1.4536711207355173,-4.138778833591232
12.175971690419468,0.08581355398552143,0.12175971690419468,-1.5880249671800315,-4.3884899408342335
12.175971690419468,0.08952386586253226,0.12175971690419468,-1.7283162145728819,-4.646843809244124
12.175971690419468,0.09323417773954311,0.12175971690419468,-1.8745448629140689,-4.913868486488019
12.175971690419468,0.09694448961655394,0.12175971690419468,-2.0267109122035927,-5.189538739631053
12.175971690419468,0.10065480149356479,0.12175971690419468,-2.1848143624414527,-5.473764666246974
12.175971690419468,0.10436511337057562,0.12175971690419468,-2.3488552136276493,-5.766380238540493
12.175971690419468,0.10807542524758647,0.12175971690419468,-2.518833465762183,-6.0671324172739
12.175971690419468,0.1117857371245973,0.12175971690419468,-2.6947491188450527,-6.37567157805776
12.175971690419468,0.11549604900160815,0.12175971690419468,-2.876602172876259,-6.691544058550014
12.175971690419468,0.11920636087861898,0.12175971690419468,-3.0643926278558022,-7.014187643625023
12.175971690419468,0.12291667275562983,0.12175971690419468,-3.258120483783682,-7.342930741713852
12.175971690419468,0.12662698463264066,0.12175971690419468,-3.4577857406598977,-7.676995860414148
12.175971690419468,0.1303372965096515,0.12175971690419468,-3.66338839848445,-8.015507763420047
12.175971690419468,0.13404760838666235,0.12175971690419468,-3.87492845725734,-8.357506395453262
12.175971690419468,0.13775792026367317,0.12175971690419468,-4.0924059169785645,-8.701964320604496
12.175971690419468,0.14146823214068402,0.12175971690419468,-4.315820777648128,-9.04780806575685
12.175971690419468,0.14517854401769487,0.12175971690419468,-4.545173039266026,-9.393942433943778
12.175971690419468,0.1488888558947057,0.12175971690419468,-4.7804627018322625,-9.739276592075413
12.175971690419468,0.15259916777171653,0.12175971690419468,-5.021689765346833,-10.082750576504578
12.175971690419468,0.15630947964872738,0.12175971690419468,-5.268854229809742,-10.423360819216082
12.175971690419468,0.16001979152573823,0.12175971690419468,-5.521956095220988,-10.760183381859072
12.175971690419468,0.16373010340274907,0.12175971690419468,-5.78099536158057,-11.092393782505013
12.175971690419468,0.1674404152797599,0.12175971690419468,-6.045972028888486,-11.41928258461446
12.175971690419468,0.17115072715677074,0.12175971690419468,-6.316886097144741,-11.740266253430923
12.175971690419468,0.17486103903378158,0.12175971690419468,-6.593737566349334,-12.0548931327836
12.175971690419468,0.17857135091079243,0.12175971690419468,-6.876526436502261,-12.362844718821323
12.175971690419468,0.18228166278780325,0.12175971690419468,-7.165252707603526,-12.663932677988853
12.175971690419468,0.1859919746648141,0.12175971690419468,-7.459916379653126,-12.958092256626239
12.175971690419468,0.18970228654182494,0.12175971690419468,-7.760517452651064,-13.245372852124907
12.175971690419468,0.1934125984188358,0.12175971690419468,-8.06705592659734,-13.525926563712643
12.175971690419468,0.1971229102958466,0.12175971690419468,-8.379531801491948,-13.799995525139614
12.175971690419468,0.20083322217285746,0.12175971690419468,-8.697945077334895,-14.067898756622688
12.175971690419468,0.2045435340498683,0.12175971690419468,-9.02229575412618,-14.330019175648895
12.175971690419468,0.20825384592687915,0.12175971690419468,-9.3525838318658,-14.586791291033638
12.175971690419468,0.21196415780388997,0.12175971690419468,-9.688809310553756,-14.838689984922954
12.175971690419468,0.21567446968090082,0.12175971690419468,-10.03097219019005,-15.086220672927427
12.175971690419468,0.21938478155791166,0.12175971690419468,-10.37907247077468,-15.329911029578643
12.175971690419468,0.2230950934349225,0.12175971690419468,-10.733110152307647,-15.570304377989672
12.175971690419468,0.22680540531193333,0.12175971690419468,-11.093085234788948,-15.807954769571648
12.175971690419468,0.23051571718894417,0.12175971690419468,-11.458997718218589,-16.043423720541227
12.175971690419468,0.23422602906595502,0.12175971690419468,-11.830847602596565,-16.277278524008736
12.175971690419468,0.23793634094296587,0.12175971690419468,-12.208634887922878,-16.510092016065673
12.175971690419468,0.2416466528199767,0.12175971690419468,-12.592359574197527,-16.742443637429893
12.175971690419468,0.24535696469698753,0.12175971690419468,-12.982021661420513,-16.974921594628636
12.175971690419468,0.24906727657399838,0.12175971690419468,-13.377621149591835,-17.20812588224911
12.175971690419468,0.2527775884510092,0.12175971690419468,-13.779158038711497,-17.44267187660806
12.175971690419468,0.25648790032802005,0.12175971690419468,-14.186632328779488,-17.67919414801167
12.175971690419468,0.2601982122050309,0.12175971690419468,-14.600044019795826,-17.91835006130908
12.175971690419468,0.26390852408204174,0.12175971690419468,-15.019393111760492,-18.16082264199399
12.175971690419468,0.26761883595905256,0.12175971690419468,-15.444679604673492,-18.407322079455646
12.175971690419468,0.27132914783606343,0.12175971690419468,-15.87590349853484,-18.65858512554453
12.175971690419468,0.27503945971307425,0.12175971690419468,-16.313064793344516,-18.915371535939737
12.175971690419468,0.27874977159008507,0.12175971690419468,-16.756163489102526,-19.178456611151574
12.175971690419468,0.28246008346709595,0.12175971690419468,-17.205199585808884,-19.44861884881291
12.175971690419468,0.28617039534410676,0.12175971690419468,-17.66017308346357,-19.726621753520675
12.175971690419468,0.28988070722111764,0.12175971690419468,-18.121083982066597,-20.013189007098642
12.175971690419468,0.29359101909812846,0.12175971690419468,-18.587932281617956,-20.308972527062252
12.175971690419468,0.2973013309751393,0.12175971690419468,-19.06071798211765,-20.614513476717153
12.175971690419468,0.30101164285215015,0.12175971690419468,-19.53944108356569,-20.930197062343513
12.175971690419468,0.30472195472916097,0.12175971690419468,-20.024101585962057,-21.256202952465173
13.5638485418885,0.011607316445304631,0.135638485418885,-0.02868024174615936,-0.9384328476476083
13.5638485418885,0.015317628322315471,0.135638485418885,-0.04994617253735205,-1.053107102996699
13.5638485418885,0.01902794019932631,0.135638485418885,-0.07707307992636057,-1.1735102003193214
13.5638485418885,0.02273825207633715,0.135638485418885,-0.11006096391318494,-1.299789258720557
13.5638485418885,0.02644856395334799,0.135638485418885,-0.14890982449782517,-1.432088842574177
13.5638485418885,0.03015887583035883,0.135638485418885,-0.19361966168028125,-1.57055161380516
13.5638485418885,0.03386918770736967,0.135638485418885,-0.2441904754605532,-1.7153191132551746
13.5638485418885,0.03757949958438051,0.135638485418885,-0.30062226583864093,-1.866532629769435
13.5638485418885,0.04128981146139135,0.135638485418885,-0.3629150328145445,-2.0243341000900434
13.5638485418885,0.04500012333840219,0.135638485418885,-0.43106877638826396,-2.1888669661279234
13.5638485418885,0.04871043521541303,0.135638485418885,-0.5050834965597992,-2.360276899265812
13.5638485418885,0.05242074709242387,0.135638485418885,-0.5849591933291504,-2.5387122847512416
13.5638485418885,0.05613105896943471,0.135638485418885,-0.6706958666963174,-2.724324343913974
13.5638485418885,0.05984137084644555,0.135638485418885,-0.7622935166613002,-2.917266759077853
13.5638485418885,0.06355168272345639,0.135638485418885,-0.8597521432240989,-3.117694657101703
13.5638485418885,0.06726199460046722,0.135638485418885,-0.9630717463847132,-3.325762804243867
13.5638485418885,0.07097230647747807,0.135638485418885,-1.0722523261431436,-3.541622869552139
13.5638485418885,0.0746826183544889,0.135638485418885,-1.1872938824993897,-3.7654196285131336
13.5638485418885,0.07839293023149975,0.135638485418885,-1.3081964154534518,-3.997286005622848
13.5638485418885,0.08210324210851058,0.135638485418885,-1.4349599250053295,-4.237336896098638
13.5638485418885,0.08581355398552143,0.135638485418885,-1.5675844111550234,-4.4856617649003105
13.5638485418885,0.08952386586253226,0.135638485418885,-1.7060698739025328,-4.742316096385854
13.5638485418885,0.09323417773954311,0.135638485418885,-1.8504163132478582,-5.007311859629449
13.5638485418885,0.09694448961655394,0.135638485418885,-2.0006237291909996,-5.280607259923873
13.5638485418885,0.10065480149356479,0.135638485418885,-2.1566921217319566,-5.562096160909273
13.5638485418885,0.10436511337057562,0.135638485418885,-2.318621490870729,-5.851597675792347
13.5638485418885,0.10807542524758647,0.135638485418885,-2.4864118366073185,-6.148846529003026
13.5638485418885,0.1117857371245973,0.135638485418885,-2.6600631589417225,-6.453484867785692
13.5638485418885,0.11549604900160815,0.135638485418885,-2.839575457873943,-6.765056241926583
13.5638485418885,0.11920636087861898,0.135638485418885,-3.0249487334039795,-7.0830024551424575
13.5638485418885,0.12291667275562983,0.135638485418885,-3.216182985531832,-7.406663912868707
13.5638485418885,0.12662698463264066,0.135638485418885,-3.4132782142574998,-7.73528394336709
13.5638485418885,0.1303372965096515,0.135638485418885,-3.6162344195809832,-8.068017355390369
13.5638485418885,0.13404760838666235,0.135638485418885,-3.8250516015022837,-8.403943228681358
13.5638485418885,0.13775792026367317,0.135638485418885,-4.039729760021398,-8.742081635218694
13.5638485418885,0.14146823214068402,0.135638485418885,-4.2602688951383305,-9.081413688561158
13.5638485418885,0.14517854401769487,0.135638485418885,-4.486669006853077,-9.420904048785516
13.5638485418885,0.1488888558947057,0.135638485418885,-4.718930095165641,-9.759524803089796
13.5638485418885,0.15259916777171653,0.135638485418885,-4.957052160076018,-10.096279522576472
13.5638485418885,0.15630947964872738,0.135638485418885,-5.201035201584213,-10.430226278840749
13.5638485418885,0.16001979152573823,0.135638485418885,-5.450879219690225,-10.76049849139182
13.5638485418885,0.16373010340274907,0.135638485418885,-5.706584214394051,-11.086322656893843
13.5638485418885,0.1674404152797599,0.135638485418885,-5.968150185695692,-11.407032260839932
13.5638485418885,0.17115072715677074,0.135638485418885,-6.23557713359515,-11.72207746157941
13.5638485418885,0.17486103903378158,0.135638485418885,-6.508865058092425,-12.03103043348173
13.5638485418885,0.17857135091079243,0.135638485418885,-6.788013959187515,-12.33358653098674
13.5638485418885,0.18228166278780325,0.135638485418885,-7.07302383688042,-12.629561665321882
13.5638485418885,0.1859919746648141,0.135638485418885,-7.363894691171141,-12.91888645628828
13.5638485418885,0.18970228654182494,0.135638485418885,-7.66062652205968,-13.201597827243196
13.5638485418885,0.1934125984188358,0.135638485418885,-7.963219329546034,-13.477828754715905
13.5638485418885,0.1971229102958466,0.135638485418885,-8.2716731136302,-13.747796873445143
13.5638485418885,0.20083322217285746,0.135638485418885,-8.585987874312185,-14.011792585066674
13.5638485418885,0.2045435340498683,0.135638485418885,-8.906163611591987,-14.27016723754775
13.5638485418885,0.20825384592687915,0.135638485418885,-9.232200325469604,-14.523321845516715
13.5638485418885,0.21196415780388997,0.135638485418885,-9.564098015945035,-14.771696719754388
13.5638485418885,0.21567446968090082,0.135638485418885,-9.901856683018284,-15.01576227562343
13.5638485418885,0.21938478155791166,0.135638485418885,-10.24547632668935,-15.256011200693756
13.5638485418885,0.2230950934349225,0.135638485418885,-10.594956946958229,-15.492952084296856
13.5638485418885,0.22680540531193333,0.135638485418885,-10.950298543824921,-15.727104547066972
13.5638485418885,0.23051571718894417,0.135638485418885,-11.311501117289435,-15.958995855879643
13.5638485418885,0.23422602906595502,0.135638485418885,-11.678564667351763,-16.1891589669526
13.5638485418885,0.23793634094296587,0.135638485418885,-12.051489194011907,-16.418131904417965
13.5638485418885,0.2416466528199767,0.135638485418885,-12.430274697269864,-16.646458350136935
13.5638485418885,0.24535696469698753,0.135638485418885,-12.814921177125639,-16.874689289429284
13.5638485418885,0.24906727657399838,0.135638485418885,-13.205428633579231,-17.103385523232884
13.5638485418885,0.2527775884510092,0.135638485418885,-13.60179706663064,-17.333120816644566
13.5638485418885,0.25648790032802005,0.135638485418885,-14.004026476279858,-17.564485403817947
13.5638485418885,0.2601982122050309,0.135638485418885,-14.412116862526902,-17.798089507414822
13.5638485418885,0.26390852408204174,0.135638485418885,-14.826068225371753,-18.03456645585044
13.5638485418885,0.26761883595905256,0.135638485418885,-15.245880564814419,-18.27457489369073
13.5638485418885,0.27132914783606343,0.135638485418885,-15.67155388085491,-18.518799482463688
13.5638485418885,0.27503945971307425,0.135638485418885,-16.103088173493212,-18.76794938712055
13.5638485418885,0.27874977159008507,0.135638485418885,-16.540483442729325,-19.022753748581806
13.5638485418885,0.28246008346709595,0.135638485418885,-16.98373968856326,-19.283953272623148
13.5638485418885,0.28617039534410676,0.135638485418885,-17.432856910995007,-19.552287044496435
13.5638485418885,0.28988070722111764,0.135638485418885,-17.88783511002458,-19.828473739363325
13.5638485418885,0.29359101909812846,0.135638485418885,-18.348674285651956,-20.113186579113233
13.5638485418885,0.2973013309751393,0.135638485418885,-18.81537443787715,-20.40702172657789
13.5638485418885,0.30101164285215015,0.135638485418885,-19.28793556670017,-20.710460342624884
13.5638485418885,0.30472195472916097,0.135638485418885,-19.766357672120993,-21.02382527598157
14.951725393357535,0.011607316445304631,0.14951725393357534,-0.028306265018621483,-1.020618595577232
14.951725393357535,0.015317628322315471,0.14951725393357534,-0.049294898174887435,-1.137679493605742
14.951725393357535,0.01902794019932631,0.14951725393357534,-0.0760680835784485,-1.260354477630736
14.951725393357535,0.02273825207633715,0.14951725393357534,-0.1086258212293047,-1.388775977210751
14.951725393357535,0.02644856395334799,0.14951725393357534,-0.14696811112745606,-1.5230745736011548
14.951725393357535,0.03015887583035883,0.14951725393357534,-0.19109495327290252,-1.6633798009033645
14.951725393357535,0.03386918770736967,0.14951725393357534,-0.2410063476656442,-1.8098210390038605
14.951725393357535,0.03757949958438051,0.14951725393357534,-0.2967022943056809,-1.962528448033433
14.951725393357535,0.04128981146139135,0.14951725393357534,-0.35818279319301277,-2.1216338797716263
14.951725393357535,0.04500012333840219,0.14951725393357534,-0.42544784432763977,-2.2872716868253367
14.951725393357535,0.04871043521541303,0.14951725393357534,-0.49849744770956195,-2.4595793361089906
14.951725393357535,0.05242074709242387,0.14951725393357534,-0.5773316033387792,-2.6386977198833637
14.951725393357535,0.05613105896943471,0.14951725393357534,-0.6619503112152916,-2.8247710462850044
14.951725393357535,0.05984137084644555,0.14951725393357534,-0.7523535713390991,-3.0179461830163365
14.951725393357535,0.06355168272345639,0.14951725393357534,-0.8485413837102018,-3.218371324009465
14.951725393357535,0.06726199460046722,0.14951725393357534,-0.9505137483285994,-3.4261938509905105
14.951725393357535,0.07097230647747807,0.14951725393357534,-1.0582706651942924,-3.641557271718918
14.951725393357535,0.0746826183544889,0.14951725393357534,-1.1718121343072803,-3.864597136138297
14.951725393357535,0.07839293023149975,0.14951725393357534,-1.2911381556675636,-4.095435862605431
14.951725393357535,0.08210324210851058,0.14951725393357534,-1.4162487292751418,-4.334176450360985
14.951725393357535,0.08581355398552143,0.14951725393357534,-1.5471438551300154,-4.580895112492725
14.951725393357535,0.08952386586253226,0.14951725393357534,-1.6838235332321838,-4.835632935864625
14.951725393357535,0.09323417773954311,0.14951725393357534,-1.8262877635816475,-5.098386759450982
14.951725393357535,0.09694448961655394,0.14951725393357534,-1.9745365461784063,-5.369099556937096
14.951725393357535,0.10065480149356479,0.14951725393357534,-2.1285698810224605,-5.647650707789843
14.951725393357535,0.10436511337057562,0.14951725393357534,-2.288387768113809,-5.933846635326318
14.951725393357535,0.10807542524758647,0.14951725393357534,-2.453990207452454,-6.227412370485275
14.951725393357535,0.1117857371245973,0.14951725393357534,-2.6253771990383927,-6.527984654373375
14.951725393357535,0.11549604900160815,0.14951725393357534,-2.8025487428716276,-6.835107209217912
14.951725393357535,0.11920636087861898,0.14951725393357534,-2.9855048389521572,-7.148228775455454
14.951725393357535,0.12291667275562983,0.14951725393357534,-3.174245487279982,-7.4667044250173635
14.951725393357535,0.12662698463264066,0.14951725393357534,-3.368770687855102,-7.789800515493219
14.951725393357535,0.1303372965096515,0.14951725393357534,-3.5690804406775167,-8.116703451776111
14.951725393357535,0.13404760838666235,0.14951725393357534,-3.7751747457472273,-8.446532183714337
14.951725393357535,0.13775792026367317,0.14951725393357534,-3.987053603064232,-8.778354110068953
14.951725393357535,0.14146823214068402,0.14951725393357534,-4.2047170126285325,-9.111203805793858
14.951725393357535,0.14517854401769487,0.14951725393357534,-4.4281649744401275,-9.444103768456275
14.951725393357535,0.1488888558947057,0.14951725393357534,-4.657397488499019,-9.776086215740921
14.951725393357535,0.15259916777171653,0.14951725393357534,-4.892414554805204,-10.106214878790816
14.951725393357535,0.15630947964872738,0.14951725393357534,-5.133216173358686,-10.43360573592378
14.951725393357535,0.16001979152573823,0.14951725393357534,-5.379802344159462,-10.757445717557164
14.951725393357535,0.16373010340274907,0.14951725393357534,-5.632173067207534,-11.07700857491681
14.951725393357535,0.1674404152797599,0.14951725393357534,-5.890328342502897,-11.391667322633074
14.951725393357535,0.17115072715677074,0.14951725393357534,-6.15426817004556,-11.700902913689237
14.951725393357535,0.17486103903378158,0.14951725393357534,-6.423992549835518,-12.00430905809059
14.951725393357535,0.17857135091079243,0.14951725393357534,-6.699501481872769,-12.301593330166671
14.951725393357535,0.18228166278780325,0.14951725393357534,-6.980794966157315,-12.592574904981504
14.951725393357535,0.1859919746648141,0.14951725393357534,-7.267873002689156,-12.877179410192948
14.951725393357535,0.18970228654182494,0.14951725393357534,-7.560735591468295,-13.1554314713742
14.951725393357535,0.1934125984188358,0.14951725393357534,-7.859382732494728,-13.42744556819673
14.951725393357535,0.1971229102958466,0.14951725393357534,-8.163814425768454,-13.693415812734472
14.951725393357535,0.20083322217285746,0.14951725393357534,-8.474030671289476,-13.953605219222954
14.951725393357535,0.2045435340498683,0.14951725393357534,-8.790031469057794,-14.208334967787064
14.951725393357535,0.20825384592687915,0.14951725393357534,-9.111816819073407,-14.457974083481508
14.951725393357535,0.21196415780388997,0.14951725393357534,-9.439386721336314,-14.702929865601353
14.951725393357535,0.21567446968090082,0.14951725393357534,-9.772741175846518,-14.943639317744232
14.951725393357535,0.21938478155791166,0.14951725393357534,-10.111880182604017,-15.180561751470584
14.951725393357535,0.2230950934349225,0.14951725393357534,-10.456803741608809,-15.414172668451315
14.951725393357535,0.22680540531193333,0.14951725393357534,-10.807511852860896,-15.644958968746117
14.951725393357535,0.23051571718894417,0.14951725393357534,-11.164004516360281,-15.87341548592314
14.951725393357535,0.23422602906595502,0.14951725393357534,-11.526281732106959,-16.100042811659883
14.951725393357535,0.23793634094296587,0.14951725393357534,-11.894343500100934,-16.32534634109154
14.951725393357535,0.2416466528199767,0.14951725393357534,-12.2681898203422,-16.54983644288938
14.951725393357535,0.24535696469698753,0.14951725393357534,-12.647820692830766,-16.774029632019992
14.951725393357535,0.24906727657399838,0.14951725393357534,-13.033236117566625,-16.998450595440346
14.951725393357535,0.2527775884510092,0.14951725393357534,-13.424436094549783,-17.223634888760042
14.951725393357535,0.25648790032802005,0.14951725393357534,-13.821420623780229,-17.450132082472418
14.951725393357535,0.2601982122050309,0.14951725393357534,-14.224189705257977,-17.67850908740665
14.951725393357535,0.26390852408204174,0.14951725393357534,-14.632743338983014,-17.909353328902796
14.951725393357535,0.26761883595905256,0.14951725393357534,-15.047081524955345,-18.14327536722176
14.951725393357535,0.27132914783606343,0.14951725393357534,-15.46720426317498,-18.380910478859274
14.951725393357535,0.27503945971307425,0.14951725393357534,-15.893111553641905,-18.622918623157272
14.951725393357535,0.27874977159008507,0.14951725393357534,-16.32480339635612,-18.86998212775762
14.951725393357535,0.28246008346709595,0.14951725393357534,-16.762279791317642,-19.122800346474197
14.951725393357535,0.28617039534410676,0.14951725393357534,-17.205540738526448,-19.382080491235385
14.951725393357535,0.28988070722111764,0.14951725393357534,-17.65458623798256,-19.64852383948225
14.951725393357535,0.29359101909812846,0.14951725393357534,-18.109416289685957,-19.922806599696997
14.951725393357535,0.2973013309751393,0.14951725393357534,-18.570030893636652,-20.205554914931696
14.951725393357535,0.30101164285215015,0.14951725393357534,-19.036430049834646,-20.497313831746812
14.951725393357535,0.30472195472916097,0.14951725393357534,-19.508613758279928,-20.79851058670477
16.33960224482657,0.011607316445304631,0.16339602244826568,-0.027932288291083605,-1.1048588688155063
16.33960224482657,0.015317628322315471,0.16339602244826568,-0.04864362381242281,-1.2241490398234796
16.33960224482657,0.01902794019932631,0.16339602244826568,-0.07506308723053644,-1.3489252967373946
16.33960224482657,0.02273825207633715,0.16339602244826568,-0.10719067854542447,-1.4793066091674378
16.33960224482657,0.02644856395334799,0.16339602244826568,-0.14502639775708695,-1.615410948410094
16.33960224482657,0.03015887583035883,0.16339602244826568,-0.18857024486552382,-1.7573561973635694
16.33960224482657,0.03386918770736967,0.16339602244826568,-0.23782221987073518,-1.90526110964178
16.33960224482657,0.03757949958438051,0.16339602244826568,-0.29278232277272087,-2.0592462607107684
16.33960224482657,0.04128981146139135,0.16339602244826568,-0.35345055357148103,-2.2194349212621667
16.33960224482657,0.04500012333840219,0.16339602244826568,-0.4198269122670156,-2.385953770722316
16.33960224482657,0.04871043521541303,0.16339602244826568,-0.4919113988593246,-2.5589333573529567
16.33960224482657,0.05242074709242387,0.16339602244826568,-0.569704013348408,-2.7385082015369058
16.33960224482657,0.05613105896943471,0.16339602244826568,-0.6532047557342658,-2.9248164314117817
16.33960224482657,0.05984137084644555,0.16339602244826568,-0.742413626016898,-3.1179988360340776
16.33960224482657,0.06355168272345639,0.16339602244826568,-0.8373306241963047,-3.3181972219137776
16.33960224482657,0.06726199460046722,0.16339602244826568,-0.9379557502724856,-3.525551965407443
16.33960224482657,0.07097230647747807,0.16339602244826568,-1.0442890042454411,-3.7401986675647345
16.33960224482657,0.0746826183544889,0.16339602244826568,-1.156330386115171,-3.962263841086851
16.33960224482657,0.07839293023149975,0.16339602244826568,-1.2740798958816753,-4.191859592452691
16.33960224482657,0.08210324210851058,0.16339602244826568,-1.397537533544954,-4.429077307035864
16.33960224482657,0.08581355398552143,0.16339602244826568,-1.5267032991050073,-4.67398040158236
16.33960224482657,0.08952386586253226,0.16339602244826568,-1.6615771925618348,-4.926596276181451
16.33960224482657,0.09323417773954311,0.16339602244826568,-1.8021592139154368,-5.186907674940545
16.33960224482657,0.09694448961655394,0.16339602244826568,-1.9484493631658133,-5.454843747399916
16.33960224482657,0.10065480149356479,0.16339602244826568,-2.100447640312964,-5.7302711858464495
16.33960224482657,0.10436511337057562,0.16339602244826568,-2.258154045356889,-6.012985889775547
16.33960224482657,0.10807542524758647,0.16339602244826568,-2.421568578297589,-6.302705668908622
16.33960224482657,0.1117857371245973,0.16339602244826568,-2.590691239135063,-6.5990645306264035
16.33960224482657,0.11549604900160815,0.16339602244826568,-2.7655220278693116,-6.901609096885446
16.33960224482657,0.11920636087861898,0.16339602244826568,-2.9460609445003345,-7.20979765177342
16.33960224482657,0.12291667275562983,0.16339602244826568,-3.1323079890281322,-7.5230022292405145
16.33960224482657,0.12662698463264066,0.16339602244826568,-3.324263161452704,-7.840514011417484
16.33960224482657,0.1303372965096515,0.16339602244826568,-3.5219264617740498,-8.161552127350571
16.33960224482657,0.13404760838666235,0.16339602244826568,-3.725297889992171,-8.485275732150614
16.33960224482657,0.13775792026367317,0.16339602244826568,-3.934377446107065,-8.81079902508505
16.33960224482657,0.14146823214068402,0.16339602244826568,-4.149165130118735,-9.137208653268365
16.33960224482657,0.14517854401769487,0.16339602244826568,-4.369660942027179,-9.463582767475062
16.33960224482657,0.1488888558947057,0.16339602244826568,-4.595864881832397,-9.789010868102604
16.33960224482657,0.15259916777171653,0.16339602244826568,-4.827776949534389,-10.112613517042643
16.33960224482657,0.15630947964872738,0.16339602244826568,-5.065397145133157,-10.433561002149442
16.33960224482657,0.16001979152573823,0.16339602244826568,-5.308725468628698,-10.751090123390497
16.33960224482657,0.16373010340274907,0.16339602244826568,-5.557761920021015,-11.064518413542768
16.33960224482657,0.1674404152797599,0.16339602244826568,-5.812506499310103,-11.373255294751079
16.33960224482657,0.17115072715677074,0.16339602244826568,-6.072959206495969,-11.676809884759566
16.33960224482657,0.17486103903378158,0.16339602244826568,-6.339120041578609,-11.974795381703325
16.33960224482657,0.17857135091079243,0.16339602244826568,-6.610989004558022,-12.266930154630998
16.33960224482657,0.18228166278780325,0.16339602244826568,-6.88856609543421,-12.553035833342243
16.33960224482657,0.1859919746648141,0.16339602244826568,-7.1718513142071725,-12.83303281614144
16.33960224482657,0.18970228654182494,0.16339602244826568,-7.46084466087691,-13.106933693980016
16.33960224482657,0.1934125984188358,0.16339602244826568,-7.7555461354434225,-13.374835125589636
16.33960224482657,0.1971229102958466,0.16339602244826568,-8.055955737906705,-13.636908695940697
16.33960224482657,0.20083322217285746,0.16339602244826568,-8.362073468266766,-13.893391257521712
16.33960224482657,0.2045435340498683,0.16339602244826568,-8.673899326523602,-14.144575199385077
16.33960224482657,0.20825384592687915,0.16339602244826568,-8.991433312677211,-14.390799021336687
16.33960224482657,0.21196415780388997,0.16339602244826568,-9.314675426727593,-14.63243851770631
16.33960224482657,0.21567446968090082,0.16339602244826568,-9.643625668674751,-14.86989880291589
16.33960224482657,0.21938478155791166,0.16339602244826568,-9.978284038518684,-15.103607343903853
16.33960224482657,0.2230950934349225,0.16339602244826568,-10.31865053625939,-15.334008105004578
16.33960224482657,0.22680540531193333,0.16339602244826568,-10.66472516189687,-15.561556860263398
16.33960224482657,0.23051571718894417,0.16339602244826568,-11.016507915431125,-15.786717686314844
16.33960224482657,0.23422602906595502,0.16339602244826568,-11.373998796862157,-16.00996061487285
16.33960224482657,0.23793634094296587,0.16339602244826568,-11.737197806189961,-16.23176039594053
16.33960224482657,0.2416466528199767,0.16339602244826568,-12.106104943414538,-16.452596298992002
16.33960224482657,0.24535696469698753,0.16339602244826568,-12.480720208535892,-16.67295285731371
16.33960224482657,0.24906727657399838,0.16339602244826568,-12.861043601554021,-16.893321438011153
16.33960224482657,0.2527775884510092,0.16339602244826568,-13.247075122468924,-17.114202494469016
16.33960224482657,0.25648790032802005,0.16339602244826568,-13.638814771280598,-17.336108326962773
16.33960224482657,0.2601982122050309,0.16339602244826568,-14.036262547989054,-17.559566138525405
16.33960224482657,0.26390852408204174,0.16339602244826568,-14.439418452594275,-17.7851211253163
16.33960224482657,0.26761883595905256,0.16339602244826568,-14.848282485096272,-18.01333928251468
16.33960224482657,0.27132914783606343,0.16339602244826568,-15.26285464549505,-18.244809538104185
16.33960224482657,0.27503945971307425,0.16339602244826568,-15.683134933790598,-18.480144749388593
16.33960224482657,0.27874977159008507,0.16339602244826568,-16.109123349982916,-18.719981014602777
16.33960224482657,0.28246008346709595,0.16339602244826568,-16.54081989407202,-18.964974671768466
16.33960224482657,0.28617039534410676,0.16339602244826568,-16.97822456605789,-19.215796290479652
16.33960224482657,0.28988070722111764,0.16339602244826568,-17.421337365940538,-19.473120926257742
16.33960224482657,0.29359101909812846,0.16339602244826568,-17.870158293719957,-19.7376139238025
16.33960224482657,0.2973013309751393,0.16339602244826568,-18.32468734939615,-20.009911652373283
16.33960224482657,0.30101164285215015,0.16339602244826568,-18.784924532969125,-20.29059676426871
16.33960224482657,0.30472195472916097,0.16339602244826568,-19.250869844438864,-20.58016791526195
17.727479096295603,0.011607316445304631,0.17727479096295604,-0.027558311563545726,-1.1909419356672988
17.727479096295603,0.015317628322315471,0.17727479096295604,-0.04799234944995819,-1.3122900536749662
17.727479096295603,0.01902794019932631,0.17727479096295604,-0.07405809088262436,-1.4389846562920796
17.727479096295603,0.02273825207633715,0.17727479096295604,-0.10575553586154421,-1.5711326271780988
17.727479096295603,0.02644856395334799,0.17727479096295604,-0.14308468438671781,-1.7088408019470847
17.727479096295603,0.03015887583035883,0.17727479096295604,-0.1860455364581451,-1.8522169434715678
17.727479096295603,0.03386918770736967,0.17727479096295604,-0.23463809207582612,-2.0013707206948874
17.727479096295603,0.03757949958438051,0.17727479096295604,-0.2888623512397608,-2.156414629096258
17.727479096295603,0.04128981146139135,0.17727479096295604,-0.34871831394994923,-2.3174647803515525
17.727479096295603,0.04500012333840219,0.17727479096295604,-0.4142059802063913,-2.4846414788988866
17.727479096295603,0.04871043521541303,0.17727479096295604,-0.48532535000908716,-2.6580694946019237
17.727479096295603,0.05242074709242387,0.17727479096295604,-0.5620764233580366,-2.8378779341552858
17.727479096295603,0.05613105896943471,0.17727479096295604,-0.6444592002532399,-3.0241996100670114
17.727479096295603,0.05984137084644555,0.17727479096295604,-0.7324736806946969,-3.2171698058804985
17.727479096295603,0.06355168272345639,0.17727479096295604,-0.8261198646824075,-3.416924340790258
17.727479096295603,0.06726199460046722,0.17727479096295604,-0.9253977522163717,-3.623596847095256
17.727479096295603,0.07097230647747807,0.17727479096295604,-1.0303073432965897,-3.837315191206251
17.727479096295603,0.0746826183544889,0.17727479096295604,-1.1408486379230613,-4.058196994321656
17.727479096295603,0.07839293023149975,0.17727479096295604,-1.2570216360957869,-4.286344243362354
17.727479096295603,0.08210324210851058,0.17727479096295604,-1.378826337814766,-4.521837026868611
17.727479096295603,0.08581355398552143,0.17727479096295604,-1.506262743079999,-4.764726484228317
17.727479096295603,0.08952386586253226,0.17727479096295604,-1.6393308518914855,-5.015027118813946
17.727479096295603,0.09323417773954311,0.17727479096295604,-1.7780306642492258,-5.272708694141809
17.727479096295603,0.09694448961655394,0.17727479096295604,-1.9223621801532198,-5.537688003388176
17.727479096295603,0.10065480149356479,0.17727479096295604,-2.0723253996034674,-5.809820871338363
17.727479096295603,0.10436511337057562,0.17727479096295604,-2.2279203225999686,-6.088894807519176
17.727479096295603,0.10807542524758647,0.17727479096295604,-2.389146949142724,-6.37462277223817
17.727479096295603,0.1117857371245973,0.17727479096295604,-2.5560052792317327,-6.66663853551964
17.727479096295603,0.11549604900160815,0.17727479096295604,-2.7284953128669955,-6.964494095096337
17.727479096295603,0.11920636087861898,0.17727479096295604,-2.9066170500485113,-7.267659568105537
17.727479096295603,0.12291667275562983,0.17727479096295604,-3.090370490776282,-7.575525879438887
17.727479096295603,0.12662698463264066,0.17727479096295604,-3.279755635050305,-7.8874104394616005
17.727479096295603,0.1303372965096515,0.17727479096295604,-3.4747724828705824,-8.202565841532993
17.727479096295603,0.13404760838666235,0.17727479096295604,-3.675421034237114,-8.520191426742482
17.727479096295603,0.13775792026367317,0.17727479096295604,-3.881701289149898,-8.839447374858352
17.727479096295603,0.14146823214068402,0.17727479096295604,-4.093613247608936,-9.15947080440511
17.727479096295603,0.14517854401769487,0.17727479096295604,-4.311156909614229,-9.479393218934547
17.727479096295603,0.1488888558947057,0.17727479096295604,-4.5343322751657755,-9.798358536487402
17.727479096295603,0.15259916777171653,0.17727479096295604,-4.763139344263574,-10.115540895854028
17.727479096295603,0.15630947964872738,0.17727479096295604,-4.997578116907627,-10.430161451112935
17.727479096295603,0.16001979152573823,0.17727479096295604,-5.237648593097934,-10.741503442639521
17.727479096295603,0.16373010340274907,0.17727479096295604,-5.483350772834496,-11.048924959367053
17.727479096295603,0.1674404152797599,0.17727479096295604,-5.734684656117309,-11.35186896949309
17.727479096295603,0.17115072715677074,0.17727479096295604,-5.991650242946377,-11.649870378077141
17.727479096295603,0.17486103903378158,0.17727479096295604,-6.2542475333217,-11.94256005260542
17.727479096295603,0.17857135091079243,0.17727479096295604,-6.522476527243275,-12.22966592590346
17.727479096295603,0.18228166278780325,0.17727479096295604,-6.796337224711104,-12.511011427531976
17.727479096295603,0.1859919746648141,0.17727479096295604,-7.075829625725186,-12.786511602215398
17.727479096295603,0.18970228654182494,0.17727479096295604,-7.360953730285524,-13.056167343755158
17.727479096295603,0.1934125984188358,0.17727479096295604,-7.651709538392115,-13.320058206238173
17.727479096295603,0.1971229102958466,0.17727479096295604,-7.948097050044957,-13.578334255343064
17.727479096295603,0.20083322217285746,0.17727479096295604,-8.250116265244055,-13.831207397415689
17.727479096295603,0.2045435340498683,0.17727479096295604,-8.557767183989407,-14.078942579910796
17.727479096295603,0.20825384592687915,0.17727479096295604,-8.871049806281013,-14.321849200918722
17.727479096295603,0.21196415780388997,0.17727479096295604,-9.18996413211887,-14.560273004203493
17.727479096295603,0.21567446968090082,0.17727479096295604,-9.514510161502983,-14.794588674664759
17.727479096295603,0.21938478155791166,0.17727479096295604,-9.844687894433351,-15.025193291210707
17.727479096295603,0.2230950934349225,0.17727479096295604,-10.18049733090997,-15.252500742124337
17.727479096295603,0.22680540531193333,0.17727479096295604,-10.521938470932842,-15.4769371633146
17.727479096295603,0.23051571718894417,0.17727479096295604,-10.86901131450197,-15.69893742253369
17.727479096295603,0.23422602906595502,0.17727479096295604,-11.221715861617351,-15.918942642081905
17.727479096295603,0.23793634094296587,0.17727479096295604,-11.580052112278988,-16.13739872750777
17.727479096295603,0.2416466528199767,0.17727479096295604,-11.944020066486875,-16.354755848748997
17.727479096295603,0.24535696469698753,0.17727479096295604,-12.313619724241017,-16.571468801213708
17.727479096295603,0.24906727657399838,0.17727479096295604,-12.688851085541414,-16.78799815550071
17.727479096295603,0.2527775884510092,0.17727479096295604,-13.069714150388066,-17.004812083782596
17.727479096295603,0.25648790032802005,0.17727479096295604,-13.456208918780966,-17.22238872632201
17.727479096295603,0.2601982122050309,0.17727479096295604,-13.848335390720127,-17.441218931256472
17.727479096295603,0.26390852408204174,0.17727479096295604,-14.246093566205534,-17.661809162976162
17.727479096295603,0.26761883595905256,0.17727479096295604,-14.649483445237195,-17.884684327825774
17.727479096295603,0.27132914783606343,0.17727479096295604,-15.05850502781512,-18.110390209833152
17.727479096295603,0.27503945971307425,0.17727479096295604,-15.47315831393929,-18.33949514409895
17.727479096295603,0.27874977159008507,0.17727479096295604,-15.893443303609711,-18.57259048335522
17.727479096295603,0.28246008346709595,0.17727479096295604,-16.319359996826396,-18.810289338281386
17.727479096295603,0.28617039534410676,0.17727479096295604,-16.750908393589324,-19.053223001822158
17.727479096295603,0.28988070722111764,0.17727479096295604,-17.188088493898515,-19.302034413312043
17.727479096295603,0.29359101909812846,0.17727479096295604,-17.630900297753954,-19.557367995663892
17.727479096295603,0.2973013309751393,0.17727479096295604,-18.079343805155645,-19.819855229119064
17.727479096295603,0.30101164285215015,0.17727479096295604,-18.5334190161036,-20.090095433189497
17.727479096295603,0.30472195472916097,0.17727479096295604,-18.993125930597795,-20.368631441582092
19.115355947764638,0.011607316445304631,0.19115355947764637,-0.02718433483600785,-1.2786419084547744
19.115355947764638,0.015317628322315471,0.19115355947764637,-0.04734107508749357,-1.4018648924642976
19.115355947764638,0.01902794019932631,0.19115355947764637,-0.07305309453471227,-1.5302849523226933
19.115355947764638,0.02273825207633715,0.19115355947764637,-0.10432039317766396,-1.6639983541076164
19.115355947764638,0.02644856395334799,0.19115355947764637,-0.14114297101634868,-1.8031023209005952
19.115355947764638,0.03015887583035883,0.19115355947764637,-0.1835208280507664,-1.9476960291441294
19.115355947764638,0.03386918770736967,0.19115355947764637,-0.2314539642809171,-2.0978815619882476
19.115355947764638,0.03757949958438051,0.19115355947764637,-0.28494237970680075,-2.2537647553901383
19.115355947764638,0.04128981146139135,0.19115355947764637,-0.3439860743284175,-2.4154558643038877
19.115355947764638,0.04500012333840219,0.19115355947764637,-0.4085850481457671,-2.5830699689944163
19.115355947764638,0.04871043521541303,0.19115355947764637,-0.47873930115884983,-2.756727035830388
19.115355947764638,0.05242074709242387,0.19115355947764637,-0.5544488333676655,-2.9365515434362415
19.115355947764638,0.05613105896943471,0.19115355947764637,-0.6357136447722141,-3.122671584490364
19.115355947764638,0.05984137084644555,0.19115355947764637,-0.7225337353724958,-3.3152173565190495
19.115355947764638,0.06355168272345639,0.19115355947764637,-0.8149091051685105,-3.5143189626183915
19.115355947764638,0.06726199460046722,0.19115355947764637,-0.9128397541602579,-3.720103456061911
19.115355947764638,0.07097230647747807,0.19115355947764637,-1.0163256823477387,-3.9326910821426253
19.115355947764638,0.0746826183544889,0.19115355947764637,-1.1253668897309521,-4.152190697178671
19.115355947764638,0.07839293023149975,0.19115355947764637,-1.2399633763098987,-4.378694378969006
19.115355947764638,0.08210324210851058,0.19115355947764637,-1.3601151420845783,-4.612271285288749
19.115355947764638,0.08581355398552143,0.19115355947764637,-1.485822187054991,-4.8529608668046675
19.115355947764638,0.08952386586253226,0.19115355947764637,-1.6170845112211365,-5.100765596756066
19.115355947764638,0.09323417773954311,0.19115355947764637,-1.7539021145830151,-5.355643439521629
19.115355947764638,0.09694448961655394,0.19115355947764637,-1.8962749971406268,-5.617500340225115
19.115355947764638,0.10065480149356479,0.19115355947764637,-2.0442031588939713,-5.886183073076586
19.115355947764638,0.10436511337057562,0.19115355947764637,-2.1976865998430486,-6.161472831426546
19.115355947764638,0.10807542524758647,0.19115355947764637,-2.3567253199878597,-6.443079971122051
19.115355947764638,0.1117857371245973,0.19115355947764637,-2.521319319328403,-6.730640324288354
19.115355947764638,0.11549604900160815,0.19115355947764637,-2.6914685978646795,-7.0237134775501415
19.115355947764638,0.11920636087861898,0.19115355947764637,-2.867173155596689,-7.3217833532012735
19.115355947764638,0.12291667275562983,0.19115355947764637,-3.0484329925244316,-7.624261342952085
19.115355947764638,0.12662698463264066,0.19115355947764637,-3.235248108647907,-7.930492124190063
19.115355947764638,0.1303372965096515,0.19115355947764637,-3.4276185039671154,-8.239762144656734
19.115355947764638,0.13404760838666235,0.19115355947764637,-3.6255441784820577,-8.55131060328112
19.115355947764638,0.13775792026367317,0.19115355947764637,-3.829025132192731,-8.864342595750195
19.115355947764638,0.14146823214068402,0.19115355947764637,-4.038061365099139,-9.178043947887218
19.115355947764638,0.14517854401769487,0.19115355947764637,-4.252652877201279,-9.491597142386942
19.115355947764638,0.1488888558947057,0.19115355947764637,-4.472799668499153,-9.804197666993865
19.115355947764638,0.15259916777171653,0.19115355947764637,-4.698501738992759,-10.115070082877443
19.115355947764638,0.15630947964872738,0.19115355947764637,-4.929759088682099,-10.42348313364393
19.115355947764638,0.16001979152573823,0.19115355947764637,-5.166571717567172,-10.728763285435162
19.115355947764638,0.16373010340274907,0.19115355947764637,-5.408939625647978,-11.030306199082366
19.115355947764638,0.1674404152797599,0.19115355947764637,-5.656862812924515,-11.327585774583882
19.115355947764638,0.17115072715677074,0.19115355947764637,-5.910341279396786,-11.620160562353739
19.115355947764638,0.17486103903378158,0.19115355947764637,-6.169375025064792,-11.907677490557235
19.115355947764638,0.17857135091079243,0.19115355947764637,-6.433964049928528,-12.189873000690715
19.115355947764638,0.18228166278780325,0.19115355947764637,-6.704108353987999,-12.466571804439168
19.115355947764638,0.1859919746648141,0.19115355947764637,-6.979807937243202,-12.737683567355734
19.115355947764638,0.18970228654182494,0.19115355947764637,-7.261062799694139,-13.003197886330456
19.115355947764638,0.1934125984188358,0.19115355947764637,-7.54787294134081,-13.263177958756458
19.115355947764638,0.1971229102958466,0.19115355947764637,-7.84023836218321,-13.517753344977487
19.115355947764638,0.20083322217285746,0.19115355947764637,-8.138159062221344,-13.767112206958922
19.115355947764638,0.2045435340498683,0.19115355947764637,-8.441635041455214,-14.01149337094995
19.115355947764638,0.20825384592687915,0.19115355947764637,-8.750666299884816,-14.251178516044964
19.115355947764638,0.21196415780388997,0.19115355947764637,-9.06525283751015,-14.486484739328148
19.115355947764638,0.21567446968090082,0.19115355947764637,-9.385394654331218,-14.717757696111827
19.115355947764638,0.21938478155791166,0.19115355947764637,-9.711091750348018,-14.945365463988496
19.115355947764638,0.2230950934349225,0.19115355947764637,-10.042344125560552,-15.16969323423013
19.115355947764638,0.22680540531193333,0.19115355947764637,-10.379151779968815,-15.391138894691393
19.115355947764638,0.23051571718894417,0.19115355947764637,-10.721514713572816,-15.61010953514542
19.115355947764638,0.23422602906595502,0.19115355947764637,-11.06943292637255,-15.82701887855499
19.115355947764638,0.23793634094296587,0.19115355947764637,-11.422906418368015,-16.042285619300316
19.115355947764638,0.2416466528199767,0.19115355947764637,-11.781935189559212,-16.25633263063205
19.115355947764638,0.24535696469698753,0.19115355947764637,-12.146519239946144,-16.46958698714023
19.115355947764638,0.24906727657399838,0.19115355947764637,-12.51665856952881,-16.68248073223399
19.115355947764638,0.2527775884510092,0.19115355947764637,-12.892353178307209,-16.89545230383913
19.115355947764638,0.25648790032802005,0.19115355947764637,-13.273603066281336,-17.108948512049455
19.115355947764638,0.2601982122050309,0.19115355947764637,-13.660408233451204,-17.32342693865185
19.115355947764638,0.26390852408204174,0.19115355947764637,-14.052768679816795,-17.539358598727837
19.115355947764638,0.26761883595905256,0.19115355947764637,-14.450684405378121,-17.757230667577875
19.115355947764638,0.27132914783606343,0.19115355947764637,-14.854155410135188,-17.977549031070282
19.115355947764638,0.27503945971307425,0.19115355947764637,-15.263181694087983,-18.200840363895313
19.115355947764638,0.27874977159008507,0.19115355947764637,-15.677763257236508,-18.427653378850444
19.115355947764638,0.28246008346709595,0.19115355947764637,-16.097900099580773,-18.658558823483695
19.115355947764638,0.28617039534410676,0.19115355947764637,-16.523592221120765,-18.894147732648058
19.115355947764638,0.28988070722111764,0.19115355947764637,-16.954839621856497,-19.135027384152675
19.115355947764638,0.29359101909812846,0.19115355947764637,-17.391642301787954,-19.38181436075389
19.115355947764638,0.2973013309751393,0.19115355947764637,-17.834000260915147,-19.635124110405876
19.115355947764638,0.30101164285215015,0.19115355947764637,-18.281913499238076,-19.895556437417625
19.115355947764638,0.30472195472916097,0.19115355947764637,-18.73538201675673,-20.16367647276809
20.503232799233672,0.011607316445304631,0.20503232799233673,-0.026810358108469972,-1.3677214992324536
20.503232799233672,0.015317628322315471,0.20503232799233673,-0.04668980072502895,-1.492626870201341
20.503232799233672,0.01902794019932631,0.20503232799233673,-0.0720480981868002,-1.6225719855201044
20.503232799233672,0.02273825207633715,0.20503232799233673,-0.10288525049378373,-1.7576440050093154
20.503232799233672,0.02644856395334799,0.20503232799233673,-0.13920125764597957,-1.8979320601245244
20.503232799233672,0.03015887583035883,0.20503232799233673,-0.18099611964338766,-2.0435282283490004
20.503232799233672,0.03386918770736967,0.20503232799233673,-0.2282698364860081,-2.194528419408325
20.503232799233672,0.03757949958438051,0.20503232799233673,-0.2810224081738408,-2.351033108912892
20.503232799233672,0.04128981146139135,0.20503232799233673,-0.3392538347068857,-2.513147848812066
20.503232799233672,0.04500012333840219,0.20503232799233673,-0.40296411608514293,-2.68098347918317
20.503232799233672,0.04871043521541303,0.20503232799233673,-0.4721532523086125,-2.854655962819126
20.503232799233672,0.05242074709242387,0.20503232799233673,-0.5468212433772943,-3.0342857633259657
20.503232799233672,0.05613105896943471,0.20503232799233673,-0.6269680892911883,-3.2199966895754573
20.503232799233672,0.05984137084644555,0.20503232799233673,-0.7125937900502947,-3.4119141350299467
20.503232799233672,0.06355168272345639,0.20503232799233673,-0.8036983456546134,-3.6101626503751625
20.503232799233672,0.06726199460046722,0.20503232799233673,-0.9002817561041441,-3.814862802789622
20.503232799233672,0.07097230647747807,0.20503232799233673,-1.0023440213988875,-4.026127295733463
20.503232799233672,0.0746826183544889,0.20503232799233673,-1.1098851415388427,-4.244056349902291
20.503232799233672,0.07839293023149975,0.20503232799233673,-1.2229051165240106,-4.46873237924929
20.503232799233672,0.08210324210851058,0.20503232799233673,-1.3414039463543905,-4.700214035595346
20.503232799233672,0.08581355398552143,0.20503232799233673,-1.465381631029983,-4.938529740597017
20.503232799233672,0.08952386586253226,0.20503232799233673,-1.5948381705507875,-5.183670873237466
20.503232799233672,0.09323417773954311,0.20503232799233673,-1.7297735649168045,-5.435584832163887
20.503232799233672,0.09694448961655394,0.20503232799233673,-1.8701878141280335,-5.694168241774107
20.503232799233672,0.10065480149356479,0.20503232799233673,-2.016080918184475,-5.959260614708586
20.503232799233672,0.10436511337057562,0.20503232799233673,-2.1674528770861285,-6.230638816383316
20.503232799233672,0.10807542524758647,0.20503232799233673,-2.324303690832995,-6.508012694142869
20.503232799233672,0.1117857371245973,0.20503232799233673,-2.4866333594250727,-6.791022229506494
20.503232799233672,0.11549604900160815,0.20503232799233673,-2.6544418828623635,-7.079236542765117
20.503232799233672,0.11920636087861898,0.20503232799233673,-2.8277292611448663,-7.372155022525764
20.503232799233672,0.12291667275562983,0.20503232799233673,-3.0064954942725817,-7.6692107687906805
20.503232799233672,0.12662698463264066,0.20503232799233673,-3.190740582245509,-7.969776429846753
20.503232799233672,0.1303372965096515,0.20503232799233673,-3.3804645250636485,-8.273172386792448
20.503232799233672,0.13404760838666235,0.20503232799233673,-3.5756673227270013,-8.578677103953707
20.503232799233672,0.13775792026367317,0.20503232799233673,-3.776348975235565,-8.885539329826726
20.503232799233672,0.14146823214068402,0.20503232799233673,-3.9825094825893417,-9.192991713514768
20.503232799233672,0.14517854401769487,0.20503232799233673,-4.19414884478833,-9.500265307299417
20.503232799233672,0.1488888558947057,0.20503232799233673,-4.411267061832532,-9.806604366320036
20.503232799233672,0.15259916777171653,0.20503232799233673,-4.633864133721945,-10.111280837261715
20.503232799233672,0.15630947964872738,0.20503232799233673,-4.86194006045657,-10.413607951196486
20.503232799233672,0.16001979152573823,0.20503232799233673,-5.095494842036409,-10.712952398576078
20.503232799233672,0.16373010340274907,0.20503232799233673,-5.3345284784614595,-11.008744660132905
20.503232799233672,0.1674404152797599,0.20503232799233673,-5.57904096973172,-11.30048718640345
20.503232799233672,0.17115072715677074,0.20503232799233673,-5.829032315847195,-11.58776024940194
20.503232799233672,0.17486103903378158,0.20503232799233673,-6.084502516807883,-11.870225421142244
20.503232799233672,0.17857135091079243,0.20503232799233673,-6.345451572613783,-12.147626754926748
20.503232799233672,0.18228166278780325,0.20503232799233673,-6.611879483264894,-12.41978984850175
20.503232799233672,0.1859919746648141,0.20503232799233673,-6.883786248761218,-12.686619048029511
20.503232799233672,0.18970228654182494,0.20503232799233673,-7.161171869102755,-12.948093105987592
20.503232799233672,0.1934125984188358,0.20503232799233673,-7.444036344289504,-13.204259634883666
20.503232799233672,0.1971229102958466,0.20503232799233673,-7.732379674321463,-13.45522870450655
20.503232799233672,0.20083322217285746,0.20503232799233673,-8.026201859198636,-13.701165917207492
20.503232799233672,0.2045435340498683,0.20503232799233673,-8.325502898921021,-13.942285268056928
20.503232799233672,0.20825384592687915,0.20503232799233673,-8.63028279348862,-14.178842059418821
20.503232799233672,0.21196415780388997,0.20503232799233673,-8.940541542901428,-14.411126096943846
20.503232799233672,0.21567446968090082,0.20503232799233673,-9.256279147159452,-14.639455349946694
20.503232799233672,0.21938478155791166,0.20503232799233673,-9.577495606262687,-14.864170216502572
20.503232799233672,0.2230950934349225,0.20503232799233673,-9.904190920211132,-15.085628494387972
20.503232799233672,0.22680540531193333,0.20503232799233673,-10.23636508900479,-15.304201124384655
20.503232799233672,0.23051571718894417,0.20503232799233673,-10.574018112643662,-15.520268742922596
20.503232799233672,0.23422602906595502,0.20503232799233673,-10.917149991127745,-15.734219056427149
20.503232799233672,0.23793634094296587,0.20503232799233673,-11.265760724457042,-15.946445029478024
20.503232799233672,0.2416466528199767,0.20503232799233673,-11.619850312631549,-16.15734386207494
20.503232799233672,0.24535696469698753,0.20503232799233673,-11.97941875565127,-16.36731671680469
20.503232799233672,0.24906727657399838,0.20503232799233673,-12.344466053516204,-16.57676914323855
20.503232799233672,0.2527775884510092,0.20503232799233673,-12.71499220622635,-16.786112133088352
20.503232799233672,0.25648790032802005,0.20503232799233673,-13.090997213781705,-16.995763724101057
20.503232799233672,0.2601982122050309,0.20503232799233673,-13.472481076182278,-17.20615105195152
20.503232799233672,0.26390852408204174,0.20503232799233673,-13.859443793428058,-17.417712726117998
20.503232799233672,0.26761883595905256,0.20503232799233673,-14.251885365519048,-17.630901376620546
20.503232799233672,0.27132914783606343,0.20503232799233673,-14.64980579245526,-17.846186182512888
20.503232799233672,0.27503945971307425,0.20503232799233673,-15.053205074236677,-18.06405514948647
20.503232799233672,0.27874977159008507,0.20503232799233673,-15.462083210863304,-18.285016852863546
20.503232799233672,0.28246008346709595,0.20503232799233673,-15.876440202335152,-18.50960130463245
20.503232799233672,0.28617039534410676,0.20503232799233673,-16.296276048652203,-18.73835954150976
20.503232799233672,0.28988070722111764,0.20503232799233673,-16.721590749814478,-18.971861469865676
20.503232799233672,0.29359101909812846,0.20503232799233673,-17.152384305821954,-19.210691450002514
20.503232799233672,0.2973013309751393,0.20503232799233673,-17.588656716674645,-19.455441067336746
20.503232799233672,0.30101164285215015,0.20503232799233673,-18.030407982372555,-19.706698535837795
20.503232799233672,0.30472195472916097,0.20503232799233673,-18.477638102915666,-19.965034227605425
21.891109650702706,0.011607316445304631,0.21891109650702706,-0.026436381380932097,-1.457934952682937
21.891109650702706,0.015317628322315471,0.21891109650702706,-0.046038526362564336,-1.584323273507482
21.891109650702706,0.01902794019932631,0.21891109650702706,-0.07104310183888814,-1.7155879996400953
21.891109650702706,0.02273825207633715,0.21891109650702706,-0.10145010780990349,-1.8518086889222802
21.891109650702706,0.02644856395334799,0.21891109650702706,-0.13725954427561046,-1.9930678525117531
21.891109650702706,0.03015887583035883,0.21891109650702706,-0.17847141123600896,-2.139451867675585
21.891109650702706,0.03386918770736967,0.21891109650702706,-0.2250857086910991,-2.291051760537189
21.891109650702706,0.03757949958438051,0.21891109650702706,-0.27710243664088074,-2.4479637962459124
21.891109650702706,0.04128981146139135,0.21891109650702706,-0.33452159508535395,-2.6102898099291503
21.891109650702706,0.04500012333840219,0.21891109650702706,-0.39734318402451874,-2.778137209169337
21.891109650702706,0.04871043521541303,0.21891109650702706,-0.46556720345837516,-2.9516185779973516
21.891109650702706,0.05242074709242387,0.21891109650702706,-0.539193653386923,-3.130850813940283
21.891109650702706,0.05613105896943471,0.21891109650702706,-0.6182225338101626,-3.315953733990079
21.891109650702706,0.05984137084644555,0.21891109650702706,-0.7026538447280936,-3.5070480930074837
21.891109650702706,0.06355168272345639,0.21891109650702706,-0.7924875861407163,-3.7042529696060313
21.891109650702706,0.06726199460046722,0.21891109650702706,-0.8877237580480303,-3.9076824905290115
21.891109650702706,0.07097230647747807,0.21891109650702706,-0.9883623604500361,-4.11744188541723
21.891109650702706,0.0746826183544889,0.21891109650702706,-1.0944033933467334,-4.333622889985642
21.891109650702706,0.07839293023149975,0.21891109650702706,-1.2058468567381224,-4.556298547027179
21.891109650702706,0.08210324210851058,0.21891109650702706,-1.3226927506242028,-4.785517490982147
21.891109650702706,0.08581355398552143,0.21891109650702706,-1.444941075004975,-5.021297842153877
21.891109650702706,0.08952386586253226,0.21891109650702706,-1.5725918298804384,-5.263620879457227
21.891109650702706,0.09323417773954311,0.21891109650702706,-1.7056450152505938,-5.51242470355614
21.891109650702706,0.09694448961655394,0.21891109650702706,-1.8441006311154404,-5.767598142328919
21.891109650702706,0.10065480149356479,0.21891109650702706,-1.9879586774749787,-6.028975184083395
21.891109650702706,0.10436511337057562,0.21891109650702706,-2.1372191543292085,-6.29633024667732
21.891109650702706,0.10807542524758647,0.21891109650702706,-2.2918820616781304,-6.569374598447913
21.891109650702706,0.1117857371245973,0.21891109650702706,-2.451947399521743,-6.847754235788683
21.891109650702706,0.11549604900160815,0.21891109650702706,-2.617415167860048,-7.131049489481902
21.891109650702706,0.11920636087861898,0.21891109650702706,-2.788285366693044,-7.41877657622273
21.891109650702706,0.12291667275562983,0.21891109650702706,-2.964557996020732,-7.710391233966014
21.891109650702706,0.12662698463264066,0.21891109650702706,-3.146233055843111,-8.005294483009806
21.891109650702706,0.1303372965096515,0.21891109650702706,-3.333310546160182,-8.302840444773539
21.891109650702706,0.13404760838666235,0.21891109650702706,-3.525790466971945,-8.6023460348379
21.891109650702706,0.13775792026367317,0.21891109650702706,-3.723672818278398,-8.90310223524156
21.891109650702706,0.14146823214068402,0.21891109650702706,-3.926957600079544,-9.20438655299195
21.891109650702706,0.14517854401769487,0.21891109650702706,-4.135644812375381,-9.505476196255065
21.891109650702706,0.1488888558947057,0.21891109650702706,-4.34973445516591,-9.805661453896255
21.891109650702706,0.15259916777171653,0.21891109650702706,-4.5692265284511295,-10.104258752289091
21.891109650702706,0.15630947964872738,0.21891109650702706,-4.7941210322310415,-10.400622886535785
21.891109650702706,0.16001979152573823,0.21891109650702706,-5.024417966505646,-10.694157978891878
21.891109650702706,0.16373010340274907,0.21891109650702706,-5.260117331274941,-10.98432679958949
21.891109650702706,0.1674404152797599,0.21891109650702706,-5.501219126538926,-11.270658186426157
21.891109650702706,0.17115072715677074,0.21891109650702706,-5.747723352297604,-11.552752410212973
21.891109650702706,0.17486103903378158,0.21891109650702706,-5.999630008550975,-11.830284444148491
21.891109650702706,0.17857135091079243,0.21891109650702706,-6.256939095299036,-12.103005198053035
21.891109650702706,0.18228166278780325,0.21891109650702706,-6.519650612541788,-12.370740866558052
21.891109650702706,0.1859919746648141,0.21891109650702706,-6.787764560279233,-12.633390609405756
21.891109650702706,0.18970228654182494,0.21891109650702706,-7.06128093851137,-12.890922829908021
21.891109650702706,0.1934125984188358,0.21891109650702706,-7.340199747238198,-13.143370344412844
21.891109650702706,0.1971229102958466,0.21891109650702706,-7.624520986459715,-13.390824743140168
21.891109650702706,0.20083322217285746,0.21891109650702706,-7.914244656175926,-13.633430233998963
21.891109650702706,0.2045435340498683,0.21891109650702706,-8.209370756386829,-13.871377239676356
21.891109650702706,0.20825384592687915,0.21891109650702706,-8.509899287092423,-14.104895988268051
21.891109650702706,0.21196415780388997,0.21891109650702706,-8.815830248292707,-14.33425030264772
21.891109650702706,0.21567446968090082,0.21891109650702706,-9.127163639987685,-14.559731756813802
21.891109650702706,0.21938478155791166,0.21891109650702706,-9.443899462177354,-14.7816543311177
21.891109650702706,0.2230950934349225,0.21891109650702706,-9.766037714861714,-15.000349664382584
21.891109650702706,0.22680540531193333,0.21891109650702706,-10.093578398040764,-15.216162970603554
21.891109650702706,0.23051571718894417,0.21891109650702706,-10.426521511714508,-15.429449661713447
21.891109650702706,0.23422602906595502,0.21891109650702706,-10.764867055882943,-15.640572695837092
21.891109650702706,0.23793634094296587,0.21891109650702706,-11.108615030546071,-15.84990065217908
21.891109650702706,0.2416466528199767,0.21891109650702706,-11.457765435703886,-16.057806518538595
21.891109650702706,0.24535696469698753,0.21891109650702706,-11.812318271356396,-16.264667164552286
21.891109650702706,0.24906727657399838,0.21891109650702706,-12.172273537503598,-16.470863462119304
21.891109650702706,0.2527775884510092,0.21891109650702706,-12.537631234145493,-16.67678100295414
21.891109650702706,0.25648790032802005,0.21891109650702706,-12.908391361282074,-16.882811350673332
21.891109650702706,0.2601982122050309,0.21891109650702706,-13.284553918913355,-17.08935375005128
21.891109650702706,0.26390852408204174,0.21891109650702706,-13.66611890703932,-17.29681719787636
21.891109650702706,0.26761883595905256,0.21891109650702706,-14.053086325659974,-17.505622757040953
21.891109650702706,0.27132914783606343,0.21891109650702706,-14.445456174775329,-17.716205967060013
21.891109650702706,0.27503945971307425,0.21891109650702706,-14.84322845438537,-17.929019169307388
21.891109650702706,0.27874977159008507,0.21891109650702706,-15.2464031644901,-18.144533523457856
21.891109650702706,0.28246008346709595,0.21891109650702706,-15.65498030508953,-18.363240443139386
21.891109650702706,0.28617039534410676,0.21891109650702706,-16.068959876183644,-18.58565212483489
21.891109650702706,0.28988070722111764,0.21891109650702706,-16.488341877772456,-18.81230078724974
21.891109650702706,0.29359101909812846,0.21891109650702706,-16.913126309855954,-19.04373618325801
21.891109650702706,0.2973013309751393,0.21891109650702706,-17.343313172434144,-19.280520900253336
21.891109650702706,0.30101164285215015,0.21891109650702706,-17.77890246550703,-19.523222937385317
21.891109650702706,0.30472195472916097,0.21891109650702706,-18.2198941890746,-19.772405053212413
23.27898650217174,0.011607316445304631,0.2327898650217174,-0.02606240465339422,-1.5490310656527724
23.27898650217174,0.015317628322315471,0.2327898650217174,-0.045387252000099715,-1.6766983914573614
23.27898650217174,0.01902794019932631,0.2327898650217174,-0.07003810549097605,-1.8090746636887147
23.27898650217174,0.02273825207633715,0.2327898650217174,-0.10001496512602326,-1.9462332894073824
23.27898650217174,0.02644856395334799,0.2327898650217174,-0.13531783090524133,-2.08825153990744
23.27898650217174,0.03015887583035883,0.2327898650217174,-0.17594670282863026,-2.235211367374874
23.27898650217174,0.03386918770736967,0.2327898650217174,-0.22190158089619008,-2.3872000545367476
23.27898650217174,0.03757949958438051,0.2327898650217174,-0.2731824651079207,-2.54431063835207
23.27898650217174,0.04128981146139135,0.2327898650217174,-0.3297893554638222,-2.706642046613636
23.27898650217174,0.04500012333840219,0.2327898650217174,-0.39172225196389454,-2.8742988856757132
23.27898650217174,0.04871043521541303,0.2327898650217174,-0.45898115460813776,-3.047390818710034
23.27898650217174,0.05242074709242387,0.2327898650217174,-0.5315660633965519,-3.2260314772802356
23.27898650217174,0.05613105896943471,0.2327898650217174,-0.6094769783291368,-3.4103368550121207
23.27898650217174,0.05984137084644555,0.2327898650217174,-0.6927138994058926,-3.6004231411540797
23.27898650217174,0.06355168272345639,0.2327898650217174,-0.7812768266268192,-3.796403964305508
23.27898650217174,0.06726199460046722,0.2327898650217174,-0.8751657599919165,-3.9983870329428157
23.27898650217174,0.07097230647747807,0.2327898650217174,-0.9743806995011849,-4.206470179899146
23.27898650217174,0.0746826183544889,0.2327898650217174,-1.078921645154624,-4.420736842787399
23.27898650217174,0.07839293023149975,0.2327898650217174,-1.1887885969522343,-4.641251041358757
23.27898650217174,0.08210324210851058,0.2327898650217174,-1.303981554894015,-4.868051945446275
23.27898650217174,0.08581355398552143,0.2327898650217174,-1.424500518979967,-5.101148162466963
23.27898650217174,0.08952386586253226,0.2327898650217174,-1.5503454892100894,-5.340511909897179
23.27898650217174,0.09323417773954311,0.2327898650217174,-1.681516465584383,-5.586073273551092
23.27898650217174,0.09694448961655394,0.2327898650217174,-1.8180134481028474,-5.837714784163747
23.27898650217174,0.10065480149356479,0.2327898650217174,-1.9598364367654826,-6.095266569535356
23.27898650217174,0.10436511337057562,0.2327898650217174,-2.1069854315722885,-6.358502353915448
23.27898650217174,0.10807542524758647,0.2327898650217174,-2.259460432523266,-6.627136577056776
23.27898650217174,0.1117857371245973,0.2327898650217174,-2.417261439618413,-6.900822889597761
23.27898650217174,0.11549604900160815,0.2327898650217174,-2.580388452857732,-7.179154247232081
23.27898650217174,0.11920636087861898,0.2327898650217174,-2.7488414722412213,-7.46166477298006
23.27898650217174,0.12291667275562983,0.2327898650217174,-2.922620497768882,-7.747833486025632
23.27898650217174,0.12662698463264066,0.2327898650217174,-3.101725529440713,-8.037089910206634
23.27898650217174,0.1303372965096515,0.2327898650217174,-3.286156567256715,-8.32882148042548
23.27898650217174,0.13404760838666235,0.2327898650217174,-3.4759136112168885,-8.622382567639344
23.27898650217174,0.13775792026367317,0.2327898650217174,-3.6709966613212313,-8.917104850336125
23.27898650217174,0.14146823214068402,0.2327898650217174,-3.8714057175697465,-9.212308680325354
23.27898650217174,0.14517854401769487,0.2327898650217174,-4.0771407799624315,-9.507315030359162
23.27898650217174,0.1488888558947057,0.2327898650217174,-4.2882018484992885,-9.80145757602219
23.27898650217174,0.15259916777171653,0.2327898650217174,-4.5045889231803145,-10.094094457649787
23.27898650217174,0.15630947964872738,0.2327898650217174,-4.726302004005514,-10.384619290192179
23.27898650217174,0.16001979152573823,0.2327898650217174,-4.953341090974883,-10.6724710376202
23.27898650217174,0.16373010340274907,0.2327898650217174,-5.185706184088422,-10.95714243892724
23.27898650217174,0.1674404152797599,0.2327898650217174,-5.423397283346132,-11.238186758500492
23.27898650217174,0.17115072715677074,0.2327898650217174,-5.666414388748014,-11.515222727146886
23.27898650217174,0.17486103903378158,0.2327898650217174,-5.914757500294067,-11.787937633843306
23.27898650217174,0.17857135091079243,0.2327898650217174,-6.16842661798429,-12.056088615567717
23.27898650217174,0.18228166278780325,0.2327898650217174,-6.427421741818684,-12.319502267957496
23.27898650217174,0.1859919746648141,0.2327898650217174,-6.691742871797248,-12.578072759371366
23.27898650217174,0.18970228654182494,0.2327898650217174,-6.961390007919984,-12.831758673379218
23.27898650217174,0.1934125984188358,0.2327898650217174,-7.236363150186892,-13.080578829661707
23.27898650217174,0.1971229102958466,0.2327898650217174,-7.516662298597968,-13.32460734207349
23.27898650217174,0.20083322217285746,0.2327898650217174,-7.802287453153216,-13.563968167534604
23.27898650217174,0.2045435340498683,0.2327898650217174,-8.093238613852636,-13.798829383382188
23.27898650217174,0.20825384592687915,0.2327898650217174,-8.389515780696227,-14.029397406963641
23.27898650217174,0.21196415780388997,0.2327898650217174,-8.691118953683986,-14.255911342587694
23.27898650217174,0.21567446968090082,0.2327898650217174,-8.998048132815919,-14.478637610131027
23.27898650217174,0.21938478155791166,0.2327898650217174,-9.310303318092021,-14.697864978792367
23.27898650217174,0.2230950934349225,0.2327898650217174,-9.627884509512295,-14.913900100314688
23.27898650217174,0.22680540531193333,0.2327898650217174,-9.950791707076737,-15.127063609532609
23.27898650217174,0.23051571718894417,0.2327898650217174,-10.279024910785354,-15.33768683692487
23.27898650217174,0.23422602906595502,0.2327898650217174,-10.61258412063814,-15.546109158112365
23.27898650217174,0.23793634094296587,0.2327898650217174,-10.951469336635098,-15.752675988749507
23.27898650217174,0.2416466528199767,0.2327898650217174,-11.295680558776224,-15.957737419555247
23.27898650217174,0.24535696469698753,0.2327898650217174,-11.645217787061522,-16.16164747466889
23.27898650217174,0.24906727657399838,0.2327898650217174,-12.000081021490994,-16.364763966304874
23.27898650217174,0.2527775884510092,0.2327898650217174,-12.360270262064637,-16.567448908932583
23.27898650217174,0.25648790032802005,0.2327898650217174,-12.725785508782444,-16.770069445966243
23.27898650217174,0.2601982122050309,0.2327898650217174,-13.09662676164443,-16.972999230216036
23.27898650217174,0.26390852408204174,0.2327898650217174,-13.47279402065058,-17.176620185099434
23.27898650217174,0.26761883595905256,0.2327898650217174,-13.8542872858009,-17.381324555817486
23.27898650217174,0.27132914783606343,0.2327898650217174,-14.2411065570954,-17.587517137386676
23.27898650217174,0.27503945971307425,0.2327898650217174,-14.633251834534065,-17.795617538716613
23.27898650217174,0.27874977159008507,0.2327898650217174,-15.030723118116898,-18.00606230819866
23.27898650217174,0.28246008346709595,0.2327898650217174,-15.43352040784391,-18.21930670627167
23.27898650217174,0.28617039534410676,0.2327898650217174,-15.841643703715084,-18.435825864541016
23.27898650217174,0.28988070722111764,0.2327898650217174,-16.255093005730437,-18.656115020578834
23.27898650217174,0.29359101909812846,0.2327898650217174,-16.673868313889955,-18.880688465217002
23.27898650217174,0.2973013309751393,0.2327898650217174,-17.097969628193642,-19.11007678948194
23.27898650217174,0.30101164285215015,0.2327898650217174,-17.52739694864151,-19.344821978164315
23.27898650217174,0.30472195472916097,0.2327898650217174,-17.962150275233537,-19.585469875978767
24.666863353640775,0.011607316445304631,0.24666863353640775,-0.02568842792585634,-1.6407562034357457
24.666863353640775,0.015317628322315471,0.24666863353640775,-0.044735977637635094,-1.7694964732588339
24.666863353640775,0.01902794019932631,0.24666863353640775,-0.06903310914306397,-1.9027759184510986
24.666863353640775,0.02273825207633715,0.24666863353640775,-0.098579822442143,-2.0406631534737527
24.666863353640775,0.02644856395334799,0.24666863353640775,-0.1333761175348722,-2.1832314656774674
24.666863353640775,0.03015887583035883,0.24666863353640775,-0.17342199442125153,-2.3305595076665337
24.666863353640775,0.03386918770736967,0.24666863353640775,-0.21871745310128102,-2.4827317917859366
24.666863353640775,0.03757949958438051,0.24666863353640775,-0.2692624935749606,-2.639838932719633
24.666863353640775,0.04128981146139135,0.24666863353640775,-0.3250571158422904,-2.8019775836799266
24.666863353640775,0.04500012333840219,0.24666863353640775,-0.3861013199032703,-2.9692500126487253
24.666863353640775,0.04871043521541303,0.24666863353640775,-0.4523951057579004,-3.1417632678607736
24.666863353640775,0.05242074709242387,0.24666863353640775,-0.5239384734061806,-3.3196278864901387
24.666863353640775,0.05613105896943471,0.24666863353640775,-0.6007314228481109,-3.502956107636291
24.666863353640775,0.05984137084644555,0.24666863353640775,-0.6827739540836913,-3.691859560542272
24.666863353640775,0.06355168272345639,0.24666863353640775,-0.770066067112922,-3.886446411839878
24.666863353640775,0.06726199460046722,0.24666863353640775,-0.8626077619358026,-4.086817971779015
24.666863353640775,0.07097230647747807,0.24666863353640775,-0.9603990385523336,-4.293064779024802
24.666863353640775,0.0746826183544889,0.24666863353640775,-1.0634398969625145,-4.505262206685646
24.666863353640775,0.07839293023149975,0.24666863353640775,-1.171730337166346,-4.7234656584986885
24.666863353640775,0.08210324210851058,0.24666863353640775,-1.285270359163827,-4.947705452940146
24.666863353640775,0.08581355398552143,0.24666863353640775,-1.4040599629549588,-5.177981523429548
24.666863353640775,0.08952386586253226,0.24666863353640775,-1.5280991485397402,-5.414258093283101
24.666863353640775,0.09323417773954311,0.24666863353640775,-1.657387915918172,-5.656458512696529
24.666863353640775,0.09694448961655394,0.24666863353640775,-1.7919262650902539,-5.904460469438905
24.666863353640775,0.10065480149356479,0.24666863353640775,-1.931714196055986,-6.158091802454117
24.666863353640775,0.10436511337057562,0.24666863353640775,-2.076751708815368,-6.4171271554367735
24.666863353640775,0.10807542524758647,0.24666863353640775,-2.227038803368401,-6.681285703097122
24.666863353640775,0.1117857371245973,0.24666863353640775,-2.382575479715083,-6.950230164190367
24.666863353640775,0.11549604900160815,0.24666863353640775,-2.543361737855416,-7.223567281267619
24.666863353640775,0.11920636087861898,0.24666863353640775,-2.7093975777893986,-7.500849897517817
24.666863353640775,0.12291667275562983,0.24666863353640775,-2.8806829995170316,-7.7815806974677635
24.666863353640775,0.12662698463264066,0.24666863353640775,-3.0572180030383147,-8.065217603690238
24.666863353640775,0.1303372965096515,0.24666863353640775,-3.2390025883532476,-8.351180740492929
24.666863353640775,0.13404760838666235,0.24666863353640775,-3.4260367554618316,-8.638860793428435
24.666863353640775,0.13775792026367317,0.24666863353640775,-3.618320504364064,-8.927628516633552
24.666863353640775,0.14146823214068402,0.24666863353640775,-3.8158538350599485,-9.216845074731674
24.666863353640775,0.14517854401769487,0.24666863353640775,-4.018636747549482,-9.505872857868503
24.666863353640775,0.1488888558947057,0.24666863353640775,-4.226669241832666,-9.794086381579104
24.666863353640775,0.15259916777171653,0.24666863353640775,-4.439951317909499,-10.080882879900447
24.666863353640775,0.15630947964872738,0.24666863353640775,-4.658482975779984,-10.365692220579959
24.666863353640775,0.16001979152573823,0.24666863353640775,-4.882264215444119,-10.647985813352594
24.666863353640775,0.16373010340274907,0.24666863353640775,-5.111295036901904,-10.927284242149241
24.666863353640775,0.1674404152797599,0.24666863353640775,-5.345575440153337,-11.203163424458173
24.666863353640775,0.17115072715677074,0.24666863353640775,-5.585105425198422,-11.475259179862515
24.666863353640775,0.17486103903378158,0.24666863353640775,-5.829884992037158,-11.743270168948555
24.666863353640775,0.17857135091079243,0.24666863353640775,-6.079914140669542,-12.006959237834696
24.666863353640775,0.18228166278780325,0.24666863353640775,-6.335192871095577,-12.26615326808345
24.666863353640775,0.1859919746648141,0.24666863353640775,-6.595721183315263,-12.520741683663678
24.666863353640775,0.18970228654182494,0.24666863353640775,-6.861499077328599,-12.770673804313489
24.666863353640775,0.1934125984188358,0.24666863353640775,-7.132526553135586,-13.015955257873152
24.666863353640775,0.1971229102958466,0.24666863353640775,-7.40880361073622,-13.256643673818605
24.666863353640775,0.20083322217285746,0.24666863353640775,-7.690330250130505,-13.492843878092126
24.666863353640775,0.2045435340498683,0.24666863353640775,-7.977106471318442,-13.72470279768379
24.666863353640775,0.20825384592687915,0.24666863353640775,-8.269132274300029,-13.952404264771168
24.666863353640775,0.21196415780388997,0.24666863353640775,-8.566407659075264,-14.176163887037387
24.666863353640775,0.21567446968090082,0.24666863353640775,-8.86893262564415,-14.396224125283814
24.666863353640775,0.21938478155791166,0.24666863353640775,-9.176707174006689,-14.612849693494242
24.666863353640775,0.2230950934349225,0.24666863353640775,-9.489731304162875,-14.826323371528744
24.666863353640775,0.22680540531193333,0.24666863353640775,-9.80800501611271,-15.03694229762785
24.666863353640775,0.23051571718894417,0.24666863353640775,-10.131528309856197,-15.245014787484019
24.666863353640775,0.23422602906595502,0.24666863353640775,-10.460301185393336,-15.450857709023568
24.666863353640775,0.23793634094296587,0.24666863353640775,-10.794323642724123,-15.654794427176315
24.666863353640775,0.2416466528199767,0.24666863353640775,-11.13359568184856,-15.857153320497698
24.666863353640775,0.24535696469698753,0.24666863353640775,-11.478117302766648,-16.05826686107468
24.666863353640775,0.24906727657399838,0.24666863353640775,-11.827888505478386,-16.25847124008635
24.666863353640775,0.2527775884510092,0.24666863353640775,-12.182909289983776,-16.458106513001784
24.666863353640775,0.25648790032802005,0.24666863353640775,-12.543179656282812,-16.657517229908468
24.666863353640775,0.2601982122050309,0.24666863353640775,-12.908699604375505,-16.85705350705084
24.666863353640775,0.26390852408204174,0.24666863353640775,-13.27946913426184,-17.05707248445799
24.666863353640775,0.26761883595905256,0.24666863353640775,-13.655488245941825,-17.257940100671362
24.666863353640775,0.27132914783606343,0.24666863353640775,-14.036756939415469,-17.460033098166203
24.666863353640775,0.27503945971307425,0.24666863353640775,-14.423275214682755,-17.663741151266407
24.666863353640775,0.27874977159008507,0.24666863353640775,-14.815043071743691,-17.869468981461097
24.666863353640775,0.28246008346709595,0.24666863353640775,-15.212060510598285,-18.077638292554866
24.666863353640775,0.28617039534410676,0.24666863353640775,-15.614327531246522,-18.288689319914358
24.666863353640775,0.28988070722111764,0.24666863353640775,-16.021844133688415,-18.503081744721
24.666863353640775,0.29359101909812846,0.24666863353640775,-16.43461031792395,-18.72129467702104
24.666863353640775,0.2973013309751393,0.24666863353640775,-16.85262608395314,-18.94382536318569
24.666863353640775,0.30101164285215015,0.24666863353640775,-17.275891431775985,-19.171186228574093
24.666863353640775,0.30472195472916097,0.24666863353640775,-17.704406361392472,-19.40389983130036
26.05474020510981,0.011607316445304631,0.2605474020510981,-0.025314451198318464,-1.7328572281653538
26.05474020510981,0.015317628322315471,0.2605474020510981,-0.04408470327517047,-1.8624645362473533
26.05474020510981,0.01902794019932631,0.2605474020510981,-0.0680281127951519,-1.996440619262169
26.05474020510981,0.02273825207633715,0.2605474020510981,-0.09714467975826276,-2.1348505319627304
26.05474020510981,0.02644856395334799,0.2605474020510981,-0.13143440416450308,-2.2777646842711485
26.05474020510981,0.03015887583035883,0.2605474020510981,-0.1708972860138728,-2.425259388350093
26.05474020510981,0.03386918770736967,0.2605474020510981,-0.215533325306372,-2.577417183768099
26.05474020510981,0.03757949958438051,0.2605474020510981,-0.2653425220420006,-2.734326892646927
26.05474020510981,0.04128981146139135,0.2605474020510981,-0.32032487622075867,-2.8960833575510314
26.05474020510981,0.04500012333840219,0.2605474020510981,-0.3804803878426461,-3.062786817148245
26.05474020510981,0.04871043521541303,0.2605474020510981,-0.44580905690766304,-3.2345418785482263
26.05474020510981,0.05242074709242387,0.2605474020510981,-0.5163108834158093,-3.4114560509470913
26.05474020510981,0.05613105896943471,0.2605474020510981,-0.5919858673670851,-3.593637813028808
26.05474020510981,0.05984137084644555,0.2605474020510981,-0.6728340087614902,-3.781194196752148
26.05474020510981,0.06355168272345639,0.2605474020510981,-0.758855307599025,-3.9742278829180764
26.05474020510981,0.06726199460046722,0.2605474020510981,-0.8500497638796888,-4.172833819433246
26.05474020510981,0.07097230647747807,0.2605474020510981,-0.9464173776034823,-4.377095391515315
26.05474020510981,0.0746826183544889,0.2605474020510981,-1.0479581487704053,-4.587080194105982
26.05474020510981,0.07839293023149975,0.2605474020510981,-1.1546720773804577,-4.802835480115035
26.05474020510981,0.08210324210851058,0.2605474020510981,-1.2665591634336393,-5.024383383162373
26.05474020510981,0.08581355398552143,0.2605474020510981,-1.3836194069299508,-5.251716039220829
26.05474020510981,0.08952386586253226,0.2605474020510981,-1.5058528078693911,-5.484790756625779
26.05474020510981,0.09323417773954311,0.2605474020510981,-1.6332593662519612,-5.723525406587119
26.05474020510981,0.09694448961655394,0.2605474020510981,-1.7658390820776608,-5.967794224599246
26.05474020510981,0.10065480149356479,0.2605474020510981,-1.9035919553464897,-6.217424224802539
26.05474020510981,0.10436511337057562,0.2605474020510981,-2.046517986058448,-6.472192432218598
26.05474020510981,0.10807542524758647,0.2605474020510981,-2.194617174213536,-6.73182412990999
26.05474020510981,0.1117857371245973,0.2605474020510981,-2.347889519811753,-6.9959922980573435
26.05474020510981,0.11549604900160815,0.2605474020510981,-2.5063350228531,-7.264318389035106
26.05474020510981,0.11920636087861898,0.2605474020510981,-2.669953683337576,-7.5363745371488475
26.05474020510981,0.12291667275562983,0.2605474020510981,-2.8387455012651817,-7.811687245294434
26.05474020510981,0.12662698463264066,0.2605474020510981,-3.0127104766359163,-8.089742526148575
26.05474020510981,0.1303372965096515,0.2605474020510981,-3.1918486094497807,-8.369992406437477
26.05474020510981,0.13404760838666235,0.2605474020510981,-3.376159899706775,-8.65186263402299
26.05474020510981,0.13775792026367317,0.2605474020510981,-3.5656443474068973,-8.934761364074852
26.05474020510981,0.14146823214068402,0.2605474020510981,-3.760301952550151,-9.218088547446545
26.05474020510981,0.14517854401769487,0.2605474020510981,-3.9601327151365324,-9.50124570587813
26.05474020510981,0.1488888558947057,0.2605474020510981,-4.165136635166045,-9.783645758005262
26.05474020510981,0.15259916777171653,0.2605474020510981,-4.375313712638684,-10.064722559030482
26.05474020510981,0.15630947964872738,0.2605474020510981,-4.5906639475544555,-10.34393983526666
26.05474020510981,0.16001979152573823,0.2605474020510981,-4.811187339913356,-10.620799230852842
26.05474020510981,0.16373010340274907,0.2605474020510981,-5.036883889715385,-10.894847234560896
26.05474020510981,0.1674404152797599,0.2605474020510981,-5.267753596960542,-11.165680815475438
26.05474020510981,0.17115072715677074,0.2605474020510981,-5.503796461648831,-11.43295166258922
26.05474020510981,0.17486103903378158,0.2605474020510981,-5.74501248378025,-11.69636899011645
26.05474020510981,0.17857135091079243,0.2605474020510981,-5.991401663354797,-11.955700933138749
26.05474020510981,0.18228166278780325,0.2605474020510981,-6.2429640003724725,-12.210774613428784
26.05474020510981,0.1859919746648141,0.2605474020510981,-6.499699494833278,-12.461475000372497
26.05474020510981,0.18970228654182494,0.2605474020510981,-6.761608146737214,-12.707742725398498
26.05474020510981,0.1934125984188358,0.2605474020510981,-7.02868995608428,-12.949571029885337
26.05474020510981,0.1971229102958466,0.2605474020510981,-7.300944922874472,-13.18700203674986
26.05474020510981,0.20083322217285746,0.2605474020510981,-7.578373047107795,-13.420122536134999
26.05474020510981,0.2045435340498683,0.2605474020510981,-7.860974328784249,-13.649059467586197
26.05474020510981,0.20825384592687915,0.2605474020510981,-8.148748767903832,-13.873975266827093
26.05474020510981,0.21196415780388997,0.2605474020510981,-8.441696364466543,-14.095063226722015
26.05474020510981,0.21567446968090082,0.2605474020510981,-8.739817118472384,-14.31254300109656
26.05474020510981,0.21938478155791166,0.2605474020510981,-9.043111029921356,-14.526656358366388
26.05474020510981,0.2230950934349225,0.2605474020510981,-9.351578098813457,-14.73766327066208
26.05474020510981,0.22680540531193333,0.2605474020510981,-9.665218325148684,-14.94583840425326
26.05474020510981,0.23051571718894417,0.2605474020510981,-9.984031708927043,-15.151468059156677
26.05474020510981,0.23422602906595502,0.2605474020510981,-10.308018250148534,-15.354847590150714
26.05474020510981,0.23793634094296587,0.2605474020510981,-10.637177948813152,-15.556279328048557
26.05474020510981,0.2416466528199767,0.2605474020510981,-10.971510804920896,-15.756071008834674
26.05474020510981,0.24535696469698753,0.2605474020510981,-11.311016818471774,-15.954534708813298
26.05474020510981,0.24906727657399838,0.2605474020510981,-11.655695989465782,-16.15198627579887
26.05474020510981,0.2527775884510092,0.2605474020510981,-12.00554831790292,-16.348745239050775
26.05474020510981,0.25648790032802005,0.2605474020510981,-12.360573803783181,-16.545135173501613
26.05474020510981,0.2601982122050309,0.2605474020510981,-12.72077244710658,-16.74148448617798
26.05474020510981,0.26390852408204174,0.2605474020510981,-13.0861442478731,-16.938127583851315
26.05474020510981,0.26761883595905256,0.2605474020510981,-13.45668920608275,-17.135406370135158
26.05474020510981,0.27132914783606343,0.2605474020510981,-13.832407321735538,-17.333672006698716
26.05474020510981,0.27503945971307425,0.2605474020510981,-14.21329859483145,-17.533286856233996
26.05474020510981,0.27874977159008507,0.2605474020510981,-14.599363025370488,-17.7346265035831
26.05474020510981,0.28246008346709595,0.2605474020510981,-14.990600613352663,-17.93808172540856
26.05474020510981,0.28617039534410676,0.2605474020510981,-15.387011358777961,-18.144060247600056
26.05474020510981,0.28988070722111764,0.2605474020510981,-15.788595261646394,-18.35298809326264
26.05474020510981,0.29359101909812846,0.2605474020510981,-16.19535232195795,-18.56531028322042
26.05474020510981,0.2973013309751393,0.2605474020510981,-16.60728253971264,-18.781490606965402
26.05474020510981,0.30101164285215015,0.2605474020510981,-17.02438591491046,-19.002010137563357
26.05474020510981,0.30472195472916097,0.2605474020510981,-17.446662447551407,-19.227364123478967
27.442617056578843,0.011607316445304631,0.27442617056578844,-0.02494047447078059,-1.8250842639073614
27.442617056578843,0.015317628322315471,0.27442617056578844,-0.04343342891270585,-1.9553549585119292
27.442617056578843,0.01902794019932631,0.27442617056578844,-0.06702311644723984,-2.0898249206794772
27.442617056578843,0.02273825207633715,0.27442617056578844,-0.09570953707438253,-2.2285567293778468
27.442617056578843,0.02644856395334799,0.27442617056578844,-0.12949269079413395,-2.3716188584221367
27.442617056578843,0.03015887583035883,0.27442617056578844,-0.1683725776064941,-2.5190860647076496
27.442617056578843,0.03386918770736967,0.27442617056578844,-0.212349197511463,-2.6710395376513754
27.442617056578843,0.03757949958438051,0.27442617056578844,-0.26142255050904056,-2.8275667682027716
27.442617056578843,0.04128981146139135,0.27442617056578844,-0.3155926365992269,-2.9887610977310395
27.442617056578843,0.04500012333840219,0.27442617056578844,-0.3748594557820219,-3.154720910312644
27.442617056578843,0.04871043521541303,0.27442617056578844,-0.4392230080574257,-3.3255484365991785
27.442617056578843,0.05242074709242387,0.27442617056578844,-0.5086832934254382,-3.501348143731131
27.442617056578843,0.05613105896943471,0.27442617056578844,-0.5832403118860593,-3.6822246938748258
27.442617056578843,0.05984137084644555,0.27442617056578844,-0.6628940634392892,-3.868280464086678
27.442617056578843,0.06355168272345639,0.27442617056578844,-0.7476445480851279,-4.059612632504417
27.442617056578843,0.06726199460046722,0.27442617056578844,-0.837491765823575,-4.256309850412164
27.442617056578843,0.07097230647747807,0.27442617056578844,-0.9324357166546312,-4.458448536495146
27.442617056578843,0.0746826183544889,0.27442617056578844,-1.0324764005782958,-4.66608884839912
27.442617056578843,0.07839293023149975,0.27442617056578844,-1.1376138175945694,-4.879270407137521
27.442617056578843,0.08210324210851058,0.27442617056578844,-1.2478479677034515,-5.098007871291074
27.442617056578843,0.08581355398552143,0.27442617056578844,-1.3631788509049427,-5.322286479382038
27.442617056578843,0.08952386586253226,0.27442617056578844,-1.483606467199042,-5.5520576990511055
27.442617056578843,0.09323417773954311,0.27442617056578844,-1.6091308165857505,-5.787235139227461
27.442617056578843,0.09694448961655394,0.27442617056578844,-1.7397518990650678,-6.027690894673519
27.442617056578843,0.10065480149356479,0.27442617056578844,-1.8754697146369934,-6.273252499330206
27.442617056578843,0.10436511337057562,0.27442617056578844,-2.016284263301528,-6.5237006640813
27.442617056578843,0.10807542524758647,0.27442617056578844,-2.1621955450586716,-6.77876796445178
27.442617056578843,0.1117857371245973,0.27442617056578844,-2.3132035599084233,-7.038138623382055
27.442617056578843,0.11549604900160815,0.27442617056578844,-2.4693083078507843,-7.301449503279976
27.442617056578843,0.11920636087861898,0.27442617056578844,-2.630509788885753,-7.568292380591202
27.442617056578843,0.12291667275562983,0.27442617056578844,-2.7968080030133318,-7.8382175266344
27.442617056578843,0.12662698463264066,0.27442617056578844,-2.9682029502335183,-8.11073856285102
27.442617056578843,0.1303372965096515,0.27442617056578844,-3.1446946305463137,-8.38533850017744
27.442617056578843,0.13404760838666235,0.27442617056578844,-3.326283043951719,-8.661476814808422
27.442617056578843,0.13775792026367317,0.27442617056578844,-3.512968190449731,-8.938597360286868
27.442617056578843,0.14146823214068402,0.27442617056578844,-3.704750070040353,-9.21613687257836
27.442617056578843,0.14517854401769487,0.27442617056578844,-3.901628682723583,-9.493533793953361
27.442617056578843,0.1488888558947057,0.27442617056578844,-4.103604028499423,-9.770237125546158
27.442617056578843,0.15259916777171653,0.27442617056578844,-4.31067610736787,-10.0457150186093
27.442617056578843,0.15630947964872738,0.27442617056578844,-4.522844919328927,-10.319462830604387
27.442617056578843,0.16001979152573823,0.27442617056578844,-4.740110464382592,-10.591010402906042
27.442617056578843,0.16373010340274907,0.27442617056578844,-4.962472742528867,-10.859928359441689
27.442617056578843,0.1674404152797599,0.27442617056578844,-5.189931753767748,-11.125833276604268
27.442617056578843,0.17115072715677074,0.27442617056578844,-5.42248749809924,-11.388391630364683
27.442617056578843,0.17486103903378158,0.27442617056578844,-5.660139975523341,-11.647322482736705
27.442617056578843,0.17857135091079243,0.27442617056578844,-5.90288918604005,-11.902398923000067
27.442617056578843,0.18228166278780325,0.27442617056578844,-6.150735129649367,-12.153448326382254
27.442617056578843,0.1859919746648141,0.27442617056578844,-6.403677806351293,-12.400351532069614
27.442617056578843,0.18970228654182494,0.27442617056578844,-6.66171721614583,-12.643041072191362
27.442617056578843,0.1934125984188358,0.27442617056578844,-6.924853359032974,-12.881498603394162
27.442617056578843,0.1971229102958466,0.27442617056578844,-7.193086235012725,-13.115751703158839
27.442617056578843,0.20083322217285746,0.27442617056578844,-7.466415844085086,-13.345870195057003
27.442617056578843,0.2045435340498683,0.27442617056578844,-7.7448421862500565,-13.571962162063983
27.442617056578843,0.20825384592687915,0.27442617056578844,-8.028365261507636,-13.7941697964086
27.442617056578843,0.21196415780388997,0.27442617056578844,-8.316985069857822,-14.012665219871513
27.442617056578843,0.21567446968090082,0.27442617056578844,-8.610701611300618,-14.227646391474016
27.442617056578843,0.21938478155791166,0.27442617056578844,-8.909514885836025,-14.43933320147495
27.442617056578843,0.2230950934349225,0.27442617056578844,-9.213424893464037,-14.647963832618014
27.442617056578843,0.22680540531193333,0.27442617056578844,-9.522431634184658,-14.853791452479665
27.442617056578843,0.23051571718894417,0.27442617056578844,-9.83653510799789,-15.057081285127556
27.442617056578843,0.23422602906595502,0.27442617056578844,-10.15573531490373,-15.25810809643255
27.442617056578843,0.23793634094296587,0.27442617056578844,-10.480032254902179,-15.45715411539059
27.442617056578843,0.2416466528199767,0.27442617056578844,-10.809425927993235,-15.654507403631278
27.442617056578843,0.24535696469698753,0.27442617056578844,-11.1439163341769,-15.850460676701005
27.442617056578843,0.24906727657399838,0.27442617056578844,-11.483503473453176,-16.045310573379187
27.442617056578843,0.2527775884510092,0.27442617056578844,-11.828187345822062,-16.239357362800163
27.442617056578843,0.25648790032802005,0.27442617056578844,-12.17796795128355,-16.432905073023342
27.442617056578843,0.2601982122050309,0.27442617056578844,-12.532845289837656,-16.626262018382004
27.442617056578843,0.26390852408204174,0.27442617056578844,-12.892819361484362,-16.819741695858774
27.442617056578843,0.26761883595905256,0.27442617056578844,-13.257890166223676,-17.01366401226053
27.442617056578843,0.27132914783606343,0.27442617056578844,-13.628057704055609,-17.208356793441464
27.442617056578843,0.27503945971307425,0.27442617056578844,-14.003321974980143,-17.404157513579694
27.442617056578843,0.27874977159008507,0.27442617056578844,-14.383682978997284,-17.60141516588599
27.442617056578843,0.28246008346709595,0.27442617056578844,-14.769140716107042,-17.800492175499038
27.442617056578843,0.28617039534410676,0.27442617056578844,-15.159695186309401,-18.001766230204105
27.442617056578843,0.28988070722111764,0.27442617056578844,-15.555346389604376,-18.205631874723537
27.442617056578843,0.29359101909812846,0.27442617056578844,-15.95609432599195,-18.412501679759607
27.442617056578843,0.2973013309751393,0.27442617056578844,-16.361938995472137,-18.62280675838228
27.442617056578843,0.30101164285215015,0.27442617056578844,-16.77288039804494,-18.836996361232718
27.442617056578843,0.30472195472916097,0.27442617056578844,-17.188918533710343,-19.05553624098709
28.830493908047877,0.011607316445304631,0.2883049390804788,-0.024566497743242707,-1.9171932353486478
28.830493908047877,0.015317628322315471,0.2883049390804788,-0.04278215455024123,-2.047927804534581
28.830493908047877,0.01902794019932631,0.2883049390804788,-0.06601812009932775,-2.1826943637907377
28.830493908047877,0.02273825207633715,0.2883049390804788,-0.09427439439050227,-2.3215539364714197
28.830493908047877,0.02644856395334799,0.2883049390804788,-0.1275509774237648,-2.4645738294896207
28.830493908047877,0.03015887583035883,0.2883049390804788,-0.16584786919911537,-2.6118278564566793
28.830493908047877,0.03386918770736967,0.2883049390804788,-0.20916506971655396,-2.763396312193125
28.830493908047877,0.03757949958438051,0.2883049390804788,-0.25750257897608053,-2.9193656636572314
28.830493908047877,0.04128981146139135,0.2883049390804788,-0.3108603969776951,-3.079827925061717
28.830493908047877,0.04500012333840219,0.2883049390804788,-0.36923852372139765,-3.2448796887968197
28.830493908047877,0.04871043521541303,0.2883049390804788,-0.43263695920718825,-3.414620788886321
28.830493908047877,0.05242074709242387,0.2883049390804788,-0.5010557034350669,-3.58915258022041
28.830493908047877,0.05613105896943471,0.2883049390804788,-0.5744947564050334,-3.768575824885203
28.830493908047877,0.05984137084644555,0.2883049390804788,-0.652954118117088,-3.9529881866759213
28.830493908047877,0.06355168272345639,0.2883049390804788,-0.7364337885712307,-4.142481346430035
28.830493908047877,0.06726199460046722,0.2883049390804788,-0.8249337677674611,-4.33713776416675
28.830493908047877,0.07097230647747807,0.2883049390804788,-0.9184540557057798,-4.537027129079804
28.830493908047877,0.0746826183544889,0.2883049390804788,-1.0169946523861864,-4.742202554965345
28.830493908047877,0.07839293023149975,0.2883049390804788,-1.120555557808681,-4.95269659625562
28.830493908047877,0.08210324210851058,0.2883049390804788,-1.2291367719732635,-5.168517177841308
28.830493908047877,0.08581355398552143,0.2883049390804788,-1.3427382948799345,-5.389643549442173
28.830493908047877,0.08952386586253226,0.2883049390804788,-1.461360126528693,-5.616022391347213
28.830493908047877,0.09323417773954311,0.2883049390804788,-1.5850022669195396,-5.847564211623832
28.830493908047877,0.09694448961655394,0.2883049390804788,-1.7136647160524743,-6.08414018399959
28.830493908047877,0.10065480149356479,0.2883049390804788,-1.8473474739274969,-6.325579579135195
28.830493908047877,0.10436511337057562,0.2883049390804788,-1.9860505405446076,-6.571667938627022
28.830493908047877,0.10807542524758647,0.2883049390804788,-2.1297739159038067,-6.822146129755831
28.830493908047877,0.1117857371245973,0.2883049390804788,-2.278517600005093,-7.0767103991140035
28.830493908047877,0.11549604900160815,0.2883049390804788,-2.432281592848468,-7.33501351474941
28.830493908047877,0.11920636087861898,0.2883049390804788,-2.5910658944339304,-7.596667050002622
28.830493908047877,0.12291667275562983,0.2883049390804788,-2.7548705047614814,-7.8612448191751625
28.830493908047877,0.12662698463264066,0.2883049390804788,-2.92369542383112,-8.12828742766554
28.830493908047877,0.1303372965096515,0.2883049390804788,-3.0975406516428468,-8.397307849977578
28.830493908047877,0.13404760838666235,0.2883049390804788,-3.276406188196662,-8.66779790118976
28.830493908047877,0.13775792026367317,0.2883049390804788,-3.4602920334925638,-8.939235424369206
28.830493908047877,0.14146823214068402,0.2883049390804788,-3.649198187530555,-9.211091981145053
28.830493908047877,0.14517854401769487,0.2883049390804788,-3.8431246503106333,-9.482840807862909
28.830493908047877,0.1488888558947057,0.2883049390804788,-4.042071421832801,-9.753964787295098
28.830493908047877,0.15259916777171653,0.2883049390804788,-4.246038502097054,-10.023964186683019
28.830493908047877,0.15630947964872738,0.2883049390804788,-4.455025891103397,-10.292363926775396
28.830493908047877,0.16001979152573823,0.2883049390804788,-4.669033588851829,-10.558720172299672
28.830493908047877,0.16373010340274907,0.2883049390804788,-4.888061595342348,-10.822626069869521
28.830493908047877,0.1674404152797599,0.2883049390804788,-5.1121099105749535,-11.083716501936426
28.830493908047877,0.17115072715677074,0.2883049390804788,-5.341178534549648,-11.341671771923425
28.830493908047877,0.17486103903378158,0.2883049390804788,-5.575267467266432,-11.596220182967226
28.830493908047877,0.17857135091079243,0.2883049390804788,-5.814376708725303,-11.847139517816025
28.830493908047877,0.18228166278780325,0.2883049390804788,-6.058506258926261,-12.09425746792711
28.830493908047877,0.1859919746648141,0.2883049390804788,-6.307656117869308,-12.337451093855087
28.830493908047877,0.18970228654182494,0.2883049390804788,-6.561826285554443,-12.576645425488605
28.830493908047877,0.1934125984188358,0.2883049390804788,-6.821016761981667,-12.811811329142582
28.830493908047877,0.1971229102958466,0.2883049390804788,-7.085227547150977,-13.04296277912105
28.830493908047877,0.20083322217285746,0.2883049390804788,-7.354458641062375,-13.27015367480482
28.830493908047877,0.2045435340498683,0.2883049390804788,-7.628710043715863,-13.493474341613844
28.830493908047877,0.20825384592687915,0.2883049390804788,-7.907981755111438,-13.713047846574819
28.830493908047877,0.21196415780388997,0.2883049390804788,-8.192273775249099,-13.92902624799167
28.830493908047877,0.21567446968090082,0.2883049390804788,-8.481586104128851,-14.14158688512774
28.830493908047877,0.21938478155791166,0.2883049390804788,-8.77591874175069,-14.350928798999036
28.830493908047877,0.2230950934349225,0.2883049390804788,-9.075271688114617,-14.557269360302183
28.830493908047877,0.22680540531193333,0.2883049390804788,-9.37964494322063,-14.76084116590902
28.830493908047877,0.23051571718894417,0.2883049390804788,-9.689038507068734,-14.961889251788696
28.830493908047877,0.23422602906595502,0.2883049390804788,-10.003452379658926,-15.160668658004365
28.830493908047877,0.23793634094296587,0.2883049390804788,-10.322886560991206,-15.357442370729608
28.830493908047877,0.2416466528199767,0.2883049390804788,-10.64734105106557,-15.552479657040417
28.830493908047877,0.24535696469698753,0.2883049390804788,-10.976815849882026,-15.746054800434768
28.830493908047877,0.24906727657399838,0.2883049390804788,-11.31131095744057,-15.938446238383069
28.830493908047877,0.2527775884510092,0.2883049390804788,-11.650826373741202,-16.129936097408073
28.830493908047877,0.25648790032802005,0.2883049390804788,-11.995362098783918,-16.32081011585628
28.830493908047877,0.2601982122050309,0.2883049390804788,-12.34491813256873,-16.511357939224247
28.830493908047877,0.26390852408204174,0.2883049390804788,-12.699494475095621,-16.70187376716917
28.830493908047877,0.26761883595905256,0.2883049390804788,-13.059091126364601,-16.892657324647896
28.830493908047877,0.27132914783606343,0.2883049390804788,-13.423708086375676,-17.084015121442533
28.830493908047877,0.27503945971307425,0.2883049390804788,-13.793345355128835,-17.276261954065706
28.830493908047877,0.27874977159008507,0.2883049390804788,-14.168002932624079,-17.46972259110059
28.830493908047877,0.28246008346709595,0.2883049390804788,-14.547680818861418,-17.66473356683642
28.830493908047877,0.28617039534410676,0.2883049390804788,-14.932379013840837,-17.861644988076094
28.830493908047877,0.28988070722111764,0.2883049390804788,-15.322097517562353,-18.060822234802878
28.830493908047877,0.29359101909812846,0.2883049390804788,-15.716836330025949,-18.26264740679689
28.830493908047877,0.2973013309751393,0.2883049390804788,-16.116595451231635,-18.467520335443844
28.830493908047877,0.30101164285215015,0.2883049390804788,-16.521374881179415,-18.67585894357733
28.830493908047877,0.30472195472916097,0.2883049390804788,-16.931174619869275,-18.888098697723784
30.21837075951691,0.011607316445304631,0.3021837075951691,-0.02419252101570483,-2.0089481312992206
30.21837075951691,0.015317628322315471,0.3021837075951691,-0.04213088018777661,-2.1399528473996403
30.21837075951691,0.01902794019932631,0.3021837075951691,-0.06501312375141567,-2.2748256421794437
30.21837075951691,0.02273825207633715,0.3021837075951691,-0.09283925170662204,-2.4136267336177415
30.21837075951691,0.02644856395334799,0.3021837075951691,-0.1256092640533957,-2.5564228599957897
30.21837075951691,0.03015887583035883,0.3021837075951691,-0.16332316079173667,-2.7032873384314886
30.21837075951691,0.03386918770736967,0.3021837075951691,-0.20598094192164496,-2.8542998715637333
30.21837075951691,0.03757949958438051,0.3021837075951691,-0.2535826074431205,-3.009546074020859
30.21837075951691,0.04128981146139135,0.3021837075951691,-0.30612815735616333,-3.169116693536587
30.21837075951691,0.04500012333840219,0.3021837075951691,-0.36361759166077345,-3.3331065057786287
30.21837075951691,0.04871043521541303,0.3021837075951691,-0.4260509103569509,-3.5016128672382436
30.21837075951691,0.05242074709242387,0.3021837075951691,-0.49342811344469567,-3.674733917009135
30.21837075951691,0.05613105896943471,0.3021837075951691,-0.5657492009240077,-3.8525664260711725
30.21837075951691,0.05984137084644555,0.3021837075951691,-0.6430141727948869,-4.035203301875272
30.21837075951691,0.06355168272345639,0.3021837075951691,-0.7252230290573336,-4.222730766643659
30.21837075951691,0.06726199460046722,0.3021837075951691,-0.8123757697113473,-4.415225239824169
30.21837075951691,0.07097230647747807,0.3021837075951691,-0.9044723947569286,-4.612749968440024
30.21837075951691,0.0746826183544889,0.3021837075951691,-1.0015129041940771,-4.815351463396943
30.21837075951691,0.07839293023149975,0.3021837075951691,-1.1034972980227928,-5.023055814733313
30.21837075951691,0.08210324210851058,0.3021837075951691,-1.2104255762430758,-5.235864973737652
30.21837075951691,0.08581355398552143,0.3021837075951691,-1.3222977388549264,-5.453753104044715
30.21837075951691,0.08952386586253226,0.3021837075951691,-1.439113785858344,-5.676663116325768
30.21837075951691,0.09323417773954311,0.3021837075951691,-1.560873717253329,-5.904503510949589
30.21837075951691,0.09694448961655394,0.3021837075951691,-1.6875775330398812,-6.137145658879797
30.21837075951691,0.10065480149356479,0.3021837075951691,-1.8192252332180008,-6.374421651980456
30.21837075951691,0.10436511337057562,0.3021837075951691,-1.9558168177876876,-6.616122848840429
30.21837075951691,0.10807542524758647,0.3021837075951691,-2.097352286748942,-6.861999230459299
30.21837075951691,0.1117857371245973,0.3021837075951691,-2.243831640101763,-7.111759661296851
30.21837075951691,0.11549604900160815,0.3021837075951691,-2.3952548778461518,-7.365073125385465
30.21837075951691,0.11920636087861898,0.3021837075951691,-2.5516219999821077,-7.621570975109599
30.21837075951691,0.12291667275562983,0.3021837075951691,-2.7129330065096315,-7.880850193124651
30.21837075951691,0.12662698463264066,0.3021837075951691,-2.879187897428722,-8.142477627528493
30.21837075951691,0.1303372965096515,0.3021837075951691,-3.05038667273938,-8.405995119078652
30.21837075951691,0.13404760838666235,0.3021837075951691,-3.2265293324416056,-8.67092539952418
30.21837075951691,0.13775792026367317,0.3021837075951691,-3.407615876535397,-8.936778604625946
30.21837075951691,0.14146823214068402,0.3021837075951691,-3.593646305020757,-9.203059216643101
30.21837075951691,0.14517854401769487,0.3021837075951691,-3.784620617897684,-9.46927323102387
30.21837075951691,0.1488888558947057,0.3021837075951691,-3.980538815166179,-9.734935332198777
30.21837075951691,0.15259916777171653,0.3021837075951691,-4.18140089682624,-9.999575864407579
30.21837075951691,0.15630947964872738,0.3021837075951691,-4.3872068628778695,-10.262747395238634
30.21837075951691,0.16001979152573823,0.3021837075951691,-4.597956713321066,-10.52403069105065
30.21837075951691,0.16373010340274907,0.3021837075951691,-4.81365044815583,-10.783039953012471
30.21837075951691,0.1674404152797599,0.3021837075951691,-5.0342880673821595,-11.039427197946411
30.21837075951691,0.17115072715677074,0.3021837075951691,-5.259869571000057,-11.29288570701089
30.21837075951691,0.17486103903378158,0.3021837075951691,-5.490394959009524,-11.543152504967551
30.21837075951691,0.17857135091079243,0.3021837075951691,-5.725864231410556,-11.790009870975501
30.21837075951691,0.18228166278780325,0.3021837075951691,-5.966277388203156,-12.033285916519045
30.21837075951691,0.1859919746648141,0.3021837075951691,-6.211634429387323,-12.272854295663802
30.21837075951691,0.18970228654182494,0.3021837075951691,-6.4619353549630585,-12.508633136349298
30.21837075951691,0.1934125984188358,0.3021837075951691,-6.717180164930362,-12.74058329840982
30.21837075951691,0.1971229102958466,0.3021837075951691,-6.9773688592892285,-12.96870607451141
30.21837075951691,0.20083322217285746,0.3021837075951691,-7.242501438039665,-13.193040454655698
30.21837075951691,0.2045435340498683,0.3021837075951691,-7.51257790118167,-13.413660074086911
30.21837075951691,0.20825384592687915,0.3021837075951691,-7.787598248715241,-13.630669959297313
30.21837075951691,0.21196415780388997,0.3021837075951691,-8.067562480640378,-13.844203178390101
30.21837075951691,0.21567446968090082,0.3021837075951691,-8.352470596957085,-14.05441749135413
30.21837075951691,0.21938478155791166,0.3021837075951691,-8.642322597665359,-14.261492083779894
30.21837075951691,0.2230950934349225,0.3021837075951691,-8.937118482765198,-14.46562445502114
30.21837075951691,0.22680540531193333,0.3021837075951691,-9.236858252256605,-14.667027519447302
30.21837075951691,0.23051571718894417,0.3021837075951691,-9.54154190613958,-14.865926967737321
30.21837075951691,0.23422602906595502,0.3021837075951691,-9.851169444414122,-15.062558924472473
30.21837075951691,0.23793634094296587,0.3021837075951691,-10.165740867080233,-15.257167928779658
30.21837075951691,0.2416466528199767,0.3021837075951691,-10.485256174137907,-15.450005256512979
30.21837075951691,0.24535696469698753,0.3021837075951691,-10.809715365587152,-15.641327595380563
30.21837075951691,0.24906727657399838,0.3021837075951691,-11.139118441427964,-15.831396078377898
30.21837075951691,0.2527775884510092,0.3021837075951691,-11.473465401660345,-16.020475675651788
30.21837075951691,0.25648790032802005,0.3021837075951691,-11.812756246284287,-16.208834940206195
30.21837075951691,0.2601982122050309,0.3021837075951691,-12.156990975299806,-16.39674609833629
30.21837075951691,0.26390852408204174,0.3021837075951691,-12.506169588706882,-16.584485470960487
30.21837075951691,0.26761883595905256,0.3021837075951691,-12.860292086505527,-16.772334206692822
30.21837075951691,0.27132914783606343,0.3021837075951691,-13.219358468695747,-16.96057930110402
30.21837075951691,0.27503945971307425,0.3021837075951691,-13.583368735277528,-17.149514868670288
30.21837075951691,0.27874977159008507,0.3021837075951691,-13.952322886250874,-17.339443623888393
30.21837075951691,0.28246008346709595,0.3021837075951691,-14.326220921615796,-17.53067851541527
30.21837075951691,0.28617039534410676,0.3021837075951691,-14.705062841372277,-17.723544441352818
30.21837075951691,0.28988070722111764,0.3021837075951691,-15.088848645520333,-17.918379954476997
30.21837075951691,0.29359101909812846,0.3021837075951691,-15.477578334059949,-18.11553884295491
30.21837075951691,0.2973013309751393,0.3021837075951691,-15.871251906991134,-18.315391444762962
30.21837075951691,0.30101164285215015,0.3021837075951691,-16.26986936431389,-18.518325522815157
30.21837075951691,0.30472195472916097,0.3021837075951691,-16.67343070602821,-18.724746493452344
31.606247610985946,0.011607316445304631,0.31606247610985944,-0.023818544288166956,-2.1001229594533557
31.606247610985946,0.015317628322315471,0.31606247610985944,-0.041479605825311995,-2.23121126634189
31.606247610985946,0.01902794019932631,0.31606247610985944,-0.0640081274035036,-2.3660080371078225
31.606247610985946,0.02273825207633715,0.31606247610985944,-0.09140410902274179,-2.504573266297937
31.606247610985946,0.02644856395334799,0.31606247610985944,-0.12366755068302658,-2.6469735590297985
31.606247610985946,0.03015887583035883,0.31606247610985944,-0.16079845238435794,-2.7932820313091824
31.606247610985946,0.03386918770736967,0.31606247610985944,-0.20279681412673595,-2.9435779612005684
31.606247610985946,0.03757949958438051,0.31606247610985944,-0.24966263591016047,-3.0979461687234444
31.606247610985946,0.04128981146139135,0.31606247610985944,-0.3013959177346316,-3.2564761058458
31.606247610985946,0.04500012333840219,0.31606247610985944,-0.35799665960014926,-3.4192606422695775
31.606247610985946,0.04871043521541303,0.31606247610985944,-0.4194648615067136,-3.586394537938423
31.606247610985946,0.05242074709242387,0.31606247610985944,-0.48580052345432445,-3.757972599433768
31.606247610985946,0.05613105896943471,0.31606247610985944,-0.5570036454429819,-3.934087524739107
31.606247610985946,0.05984137084644555,0.31606247610985944,-0.6330742274726859,-4.114827449295486
31.606247610985946,0.06355168272345639,0.31606247610985944,-0.7140122695434366,-4.3002732158495975
31.606247610985946,0.06726199460046722,0.31606247610985944,-0.7998177716552335,-4.490495401247062
31.606247610985946,0.07097230647747807,0.31606247610985944,-0.8904907338080774,-4.685551144895154
31.606247610985946,0.0746826183544889,0.31606247610985944,-0.9860311560019677,-4.885480835846003
31.606247610985946,0.07839293023149975,0.31606247610985944,-1.0864390382369047,-5.090304727939257
31.606247610985946,0.08210324210851058,0.31606247610985944,-1.191714380512888,-5.300019564658285
31.606247610985946,0.08581355398552143,0.31606247610985944,-1.3018571828299184,-5.5145953066271725
31.606247610985946,0.08952386586253226,0.31606247610985944,-1.416867445187995,-5.733972064216629
31.606247610985946,0.09323417773954311,0.31606247610985944,-1.5367451675871182,-5.958057344662821
31.606247610985946,0.09694448961655394,0.31606247610985944,-1.661490350027288,-6.186723726530168
31.606247610985946,0.10065480149356479,0.31606247610985944,-1.7911029925085045,-6.419807073407254
31.606247610985946,0.10436511337057562,0.31606247610985944,-1.9255830950307675,-6.657105392683016
31.606247610985946,0.10807542524758647,0.31606247610985944,-2.0649306575940773,-6.898378433602214
31.606247610985946,0.1117857371245973,0.31606247610985944,-2.209145680198433,-7.143348101354184
31.606247610985946,0.11549604900160815,0.31606247610985944,-2.358228162843836,-7.3916997409116885
31.606247610985946,0.11920636087861898,0.31606247610985944,-2.5121781055302854,-7.64308431635559
31.606247610985946,0.12291667275562983,0.31606247610985944,-2.6709955082577816,-7.897121479602941
31.606247610985946,0.12662698463264066,0.31606247610985944,-2.834680371026324,-8.153403488326852
31.606247610985946,0.1303372965096515,0.31606247610985944,-3.003232693835913,-8.411499898280072
31.606247610985946,0.13404760838666235,0.31606247610985944,-3.176652476686549,-8.670962922274516
31.606247610985946,0.13775792026367317,0.31606247610985944,-3.3549397195782302,-8.931333318827049
31.606247610985946,0.14146823214068402,0.31606247610985944,-3.5380944225109596,-9.192146649903234
31.606247610985946,0.14517854401769487,0.31606247610985944,-3.726116585484735,-9.452939730886825
31.606247610985946,0.1488888558947057,0.31606247610985944,-3.919006208499557,-9.713257087991316
31.606247610985946,0.15259916777171653,0.31606247610985944,-4.116763291555425,-9.972657239323764
31.606247610985946,0.15630947964872738,0.31606247610985944,-4.319387834652341,-10.2307186255739
31.606247610985946,0.16001979152573823,0.31606247610985944,-4.526879837790303,-10.487045034060445
31.606247610985946,0.16373010340274907,0.31606247610985944,-4.739239300969311,-10.741270384303622
31.606247610985946,0.1674404152797599,0.31606247610985944,-4.956466224189365,-10.99306277267322
31.606247610985946,0.17115072715677074,0.31606247610985944,-5.178560607450467,-11.242127706012184
31.606247610985946,0.17486103903378158,0.31606247610985944,-5.405522450752616,-11.488210487420986
31.606247610985946,0.17857135091079243,0.31606247610985944,-5.6373517540958105,-11.731097749687313
31.606247610985946,0.18228166278780325,0.31606247610985944,-5.874048517480051,-11.970618161495775
31.606247610985946,0.1859919746648141,0.31606247610985944,-6.1156127409053385,-12.206642357251448
31.606247610985946,0.18970228654182494,0.31606247610985944,-6.362044424371674,-12.439082162216467
31.606247610985946,0.1934125984188358,0.31606247610985944,-6.613343567879055,-12.667889200236276
31.606247610985946,0.1971229102958466,0.31606247610985944,-6.869510171427481,-12.8930529815666
31.606247610985946,0.20083322217285746,0.31606247610985944,-7.130544235016956,-13.114598573488877
31.606247610985946,0.2045435340498683,0.31606247610985944,-7.396445758647477,-13.3325839570664
31.606247610985946,0.20825384592687915,0.31606247610985944,-7.667214742319045,-13.54709717026645
31.606247610985946,0.21196415780388997,0.31606247610985944,-7.942851186031657,-13.758253331566957
31.606247610985946,0.21567446968090082,0.31606247610985944,-8.223355089785318,-13.966191629908348
31.606247610985946,0.21938478155791166,0.31606247610985944,-8.508726453580026,-14.1710723572279
31.606247610985946,0.2230950934349225,0.31606247610985944,-8.79896527741578,-14.373074049524242
31.606247610985946,0.22680540531193333,0.31606247610985944,-9.094071561292578,-14.57239079202765
31.606247610985946,0.23051571718894417,0.31606247610985944,-9.394045305210426,-14.7692297340543
31.606247610985946,0.23422602906595502,0.31606247610985944,-9.69888650916932,-14.963808849826588
31.606247610985946,0.23793634094296587,0.31606247610985944,-10.00859517316926,-15.156354973149444
31.606247610985946,0.2416466528199767,0.31606247610985944,-10.323171297210244,-15.347102126437264
31.606247610985946,0.24535696469698753,0.31606247610985944,-10.642614881292278,-15.536290158181746
31.606247610985946,0.24906727657399838,0.31606247610985944,-10.966925925415358,-15.724163697451447
31.606247610985946,0.2527775884510092,0.31606247610985944,-11.296104429579488,-15.910971429264519
31.606247610985946,0.25648790032802005,0.31606247610985944,-11.630150393784657,-16.096965690465765
31.606247610985946,0.2601982122050309,0.31606247610985944,-11.96906381803088,-16.282402381810194
31.606247610985946,0.26390852408204174,0.31606247610985944,-12.312844702318143,-16.467541188007722
31.606247610985946,0.26761883595905256,0.31606247610985944,-12.661493046646454,-16.652646093181
31.606247610985946,0.27132914783606343,0.31606247610985944,-13.015008851015816,-16.837986174157116
31.606247610985946,0.27503945971307425,0.31606247610985944,-13.373392115426222,-17.023836647847848
31.606247610985946,0.27874977159008507,0.31606247610985944,-13.736642839877671,-17.21048014123344
31.606247610985946,0.28246008346709595,0.31606247610985944,-14.104761024370175,-17.398208142688333
31.606247610985946,0.28617039534410676,0.31606247610985944,-14.477746668903716,-17.587322581099244
31.606247610985946,0.28988070722111764,0.31606247610985944,-14.855599773478312,-17.778137463964036
31.606247610985946,0.29359101909812846,0.31606247610985944,-15.23832033809395,-17.97098048701266
31.606247610985946,0.2973013309751393,0.31606247610985944,-15.625908362750634,-18.166194505563585
31.606247610985946,0.30101164285215015,0.31606247610985944,-16.01836384744837,-18.36413873172485
31.606247610985946,0.30472195472916097,0.31606247610985944,-16.415686792187145,-18.565189491904043
32.994124462454984,0.011607316445304631,0.3299412446245498,-0.023444567560629077,-2.1905033739429842
32.994124462454984,0.015317628322315471,0.3299412446245498,-0.040828331462847374,-2.321497012711506
32.994124462454984,0.01902794019932631,0.3299412446245498,-0.06300313105559154,-2.4560445254737333
32.994124462454984,0.02273825207633715,0.3299412446245498,-0.08996896633886155,-2.5942061052965
32.994124462454984,0.02644856395334799,0.3299412446245498,-0.12172583731265747,-2.736048510471117
32.994124462454984,0.03015887583035883,0.3299412446245498,-0.15827374397697924,-2.8816448178613774
32.994124462454984,0.03386918770736967,0.3299412446245498,-0.19961268633182694,-3.0310739348638034
32.994124462454984,0.03757949958438051,0.3299412446245498,-0.24574266437720044,-3.184419853556313
32.994124462454984,0.04128981146139135,0.3299412446245498,-0.29666367811309985,-3.3417706341845754
32.994124462454984,0.04500012333840219,0.3299412446245498,-0.35237572753952506,-3.5032171093967435
32.994124462454984,0.04871043521541303,0.3299412446245498,-0.41287881265647625,-3.66885130565605
32.994124462454984,0.05242074709242387,0.3299412446245498,-0.47817293346395323,-3.8387645841034495
32.994124462454984,0.05613105896943471,0.3299412446245498,-0.5482580899619561,-4.01304550986053
32.994124462454984,0.05984137084644555,0.3299412446245498,-0.6231342821504848,-4.191777466381011
32.994124462454984,0.06355168272345639,0.3299412446245498,-0.7028015100295395,-4.375036039955739
32.994124462454984,0.06726199460046722,0.3299412446245498,-0.7872597735991197,-4.5628862087685516
32.994124462454984,0.07097230647747807,0.3299412446245498,-0.8765090728592262,-4.755379380826464
32.994124462454984,0.0746826183544889,0.3299412446245498,-0.9705494078098583,-4.952550335388254
32.994124462454984,0.07839293023149975,0.3299412446245498,-1.0693807784510165,-5.154414132829084
32.994124462454984,0.08210324210851058,0.3299412446245498,-1.1730031847827003,-5.360963067731124
32.994124462454984,0.08581355398552143,0.3299412446245498,-1.2814166268049103,-5.572163748806994
32.994124462454984,0.08952386586253226,0.3299412446245498,-1.394621104517646,-5.787954396384941
32.994124462454984,0.09323417773954311,0.3299412446245498,-1.5126166179209075,-6.008242452901999
32.994124462454984,0.09694448961655394,0.3299412446245498,-1.635403167014695,-6.232902603449993
32.994124462454984,0.10065480149356479,0.3299412446245498,-1.7629807517990082,-6.461775301240961
32.994124462454984,0.10436511337057562,0.3299412446245498,-1.8953493722738473,-6.694665886369583
32.994124462454984,0.10807542524758647,0.3299412446245498,-2.0325090284392124,-6.931344375114699
32.994124462454984,0.1117857371245973,0.3299412446245498,-2.1744597202951033,-7.171545981167962
32.994124462454984,0.11549604900160815,0.3299412446245498,-2.32120144784152,-7.414972409854818
32.994124462454984,0.11920636087861898,0.3299412446245498,-2.4727342110784627,-7.661293942221299
32.994124462454984,0.12291667275562983,0.3299412446245498,-2.6290580100059313,-7.910152298754753
32.994124462454984,0.12662698463264066,0.3299412446245498,-2.790172844623926,-8.161164243759908
32.994124462454984,0.1303372965096515,0.3299412446245498,-2.956078714932446,-8.41392586254396
32.994124462454984,0.13404760838666235,0.3299412446245498,-3.1267756209314927,-8.668017416235227
32.994124462454984,0.13775792026367317,0.3299412446245498,-3.302263562621064,-8.923008654939277
32.994124462454984,0.14146823214068402,0.3299412446245498,-3.482542540001162,-9.178464450559915
32.994124462454984,0.14517854401769487,0.3299412446245498,-3.667612553071786,-9.433950597243426
32.994124462454984,0.1488888558947057,0.3299412446245498,-3.8574736018329356,-9.689039620916283
32.994124462454984,0.15259916777171653,0.3299412446245498,-4.052125686284611,-9.94331644017958
32.994124462454984,0.15630947964872738,0.3299412446245498,-4.251568806426812,-10.19638372878957
32.994124462454984,0.16001979152573823,0.3299412446245498,-4.45580296225954,-10.447866844491095
32.994124462454984,0.16373010340274907,0.3299412446245498,-4.664828153782794,-10.69741820904469
32.994124462454984,0.1674404152797599,0.3299412446245498,-4.878644380996571,-10.944721048536255
32.994124462454984,0.17115072715677074,0.3299412446245498,-5.097251643900876,-11.189492429915779
32.994124462454984,0.17486103903378158,0.3299412446245498,-5.320649942495708,-11.431485557553763
32.994124462454984,0.17857135091079243,0.3299412446245498,-5.548839276781064,-11.67049132087606
32.994124462454984,0.18228166278780325,0.3299412446245498,-5.781819646756946,-11.906339109472281
32.994124462454984,0.1859919746648141,0.3299412446245498,-6.019591052423354,-12.138896934372053
32.994124462454984,0.18970228654182494,0.3299412446245498,-6.262153493780289,-12.368070912669078
32.994124462454984,0.1934125984188358,0.3299412446245498,-6.50950697082775,-12.593804186904581
32.994124462454984,0.1971229102958466,0.3299412446245498,-6.761651483565734,-12.81607536047645
32.994124462454984,0.20083322217285746,0.3299412446245498,-7.018587031994246,-13.034896535975612
32.994124462454984,0.2045435340498683,0.3299412446245498,-7.280313616113284,-13.250311045145759
32.994124462454984,0.20825384592687915,0.3299412446245498,-7.546831235922848,-13.46239095765428
32.994124462454984,0.21196415780388997,0.3299412446245498,-7.818139891422936,-13.671234451678977
32.994124462454984,0.21567446968090082,0.3299412446245498,-8.094239582613552,-13.876963123120671
32.994124462454984,0.21938478155791166,0.3299412446245498,-8.375130309494693,-14.079719302689337
32.994124462454984,0.2230950934349225,0.3299412446245498,-8.66081207206636,-14.279663441772126
32.994124462454984,0.22680540531193333,0.3299412446245498,-8.951284870328552,-14.476971619382068
32.994124462454984,0.23051571718894417,0.3299412446245498,-9.24654870428127,-14.671833214018758
32.994124462454984,0.23422602906595502,0.3299412446245498,-9.546603573924516,-14.864448776255918
32.994124462454984,0.23793634094296587,0.3299412446245498,-9.851449479258287,-15.055028130515034
32.994124462454984,0.2416466528199767,0.3299412446245498,-10.161086420282583,-15.243788727906193
32.994124462454984,0.24535696469698753,0.3299412446245498,-10.475514396997406,-15.430954266250769
32.994124462454984,0.24906727657399838,0.3299412446245498,-10.794733409402754,-15.616753588407176
32.994124462454984,0.2527775884510092,0.3299412446245498,-11.11874345749863,-15.801419865703478
32.994124462454984,0.25648790032802005,0.3299412446245498,-11.447544541285026,-15.985190069487233
32.994124462454984,0.2601982122050309,0.3299412446245498,-11.781136660761957,-16.168304730341298
32.994124462454984,0.26390852408204174,0.3299412446245498,-12.119519815929404,-16.351007981151586
32.994124462454984,0.26761883595905256,0.3299412446245498,-12.46269400678738,-16.5335478766812
32.994124462454984,0.27132914783606343,0.3299412446245498,-12.810659233335887,-16.716176978304343
32.994124462454984,0.27503945971307425,0.3299412446245498,-13.163415495574915,-16.89915318774853
32.994124462454984,0.27874977159008507,0.3299412446245498,-13.520962793504468,-17.08274080771853
32.994124462454984,0.28246008346709595,0.3299412446245498,-13.883301127124552,-17.267211799733715
32.994124462454984,0.28617039534410676,0.3299412446245498,-14.250430496435156,-17.45284719998348
32.994124462454984,0.28988070722111764,0.3299412446245498,-14.622350901436294,-17.639938642062255
32.994124462454984,0.29359101909812846,0.3299412446245498,-14.99906234212795,-17.82878992067203
32.994124462454984,0.2973013309751393,0.3299412446245498,-15.380564818510132,-18.019718512410243
32.994124462454984,0.30101164285215015,0.3299412446245498,-15.766858330582847,-18.213056948342512
32.994124462454984,0.30472195472916097,0.3299412446245498,-16.15794287834608,-18.4091539081345
34.382001313924015,0.011607316445304631,0.34382001313924015,-0.023070590833091202,-2.279887971258022
34.382001313924015,0.015317628322315471,0.34382001313924015,-0.04017705710038275,-2.410617850096993
34.382001313924015,0.01902794019932631,0.34382001313924015,-0.06199813470767946,-2.5447525750025815
34.382001313924015,0.02273825207633715,0.34382001313924015,-0.08853382365498132,-2.68235281311181
34.382001313924015,0.02644856395334799,0.34382001313924015,-0.11978412394228835,-2.823485630780585
34.382001313924015,0.03015887583035883,0.34382001313924015,-0.15574903556960054,-2.9682241149283852
34.382001313924015,0.03386918770736967,0.34382001313924015,-0.1964285585369179,-3.1166467648448997
34.382001313924015,0.03757949958438051,0.34382001313924015,-0.2418226928442404,-3.2688366430803653
34.382001313924015,0.04128981146139135,0.34382001313924015,-0.29193143849156805,-3.4248802775365625
34.382001313924015,0.04500012333840219,0.34382001313924015,-0.34675479547890087,-3.5848663109379153
34.382001313924015,0.04871043521541303,0.34382001313924015,-0.4062927638062389,-3.7488838985450004
34.382001313924015,0.05242074709242387,0.34382001313924015,-0.470545343473582,-3.9170208603248735
34.382001313924015,0.05613105896943471,0.34382001313924015,-0.5395125344809303,-4.0893615998463835
34.382001313924015,0.05984137084644555,0.34382001313924015,-0.6131943368282837,-4.265984808926653
34.382001313924015,0.06355168272345639,0.34382001313924015,-0.6915907505156423,-4.446960984478983
34.382001313924015,0.06726199460046722,0.34382001313924015,-0.774701775543006,-4.632349792008592
34.382001313924015,0.07097230647747807,0.34382001313924015,-0.862527411910375,-4.822197318607096
34.382001313924015,0.0746826183544889,0.34382001313924015,-0.955067659617749,-5.0165332668684455
34.382001313924015,0.07839293023149975,0.34382001313924015,-1.0523225186651284,-5.215368149561317
34.382001313924015,0.08210324210851058,0.34382001313924015,-1.1542919890525125,-5.418690552734807
34.382001313924015,0.08581355398552143,0.34382001313924015,-1.2609760707799023,-5.626464541720221
34.382001313924015,0.08952386586253226,0.34382001313924015,-1.372374763847297,-5.838627289678312
34.382001313924015,0.09323417773954311,0.34382001313924015,-1.4884880682546968,-6.055087011358832
34.382001313924015,0.09694448961655394,0.34382001313924015,-1.6093159840021019,-6.275721285028916
34.382001313924015,0.10065480149356479,0.34382001313924015,-1.734858511089512,-6.500375842591445
34.382001313924015,0.10436511337057562,0.34382001313924015,-1.8651156495169272,-6.728863901369653
34.382001313924015,0.10807542524758647,0.34382001313924015,-2.000087399284348,-6.960966100666589
34.382001313924015,0.1117857371245973,0.34382001313924015,-2.1397737603917735,-7.196431092020784
34.382001313924015,0.11549604900160815,0.34382001313924015,-2.2841747328392046,-7.4349768143349175
34.382001313924015,0.11920636087861898,0.34382001313924015,-2.4332903166266404,-7.676292464289595
34.382001313924015,0.12291667275562983,0.34382001313924015,-2.5871205117540814,-7.920041149479783
34.382001313924015,0.12662698463264066,0.34382001313924015,-2.7456653182215276,-8.1658631875771
34.382001313924015,0.1303372965096515,0.34382001313924015,-2.908924736028979,-8.413379990759742
34.382001313924015,0.13404760838666235,0.34382001313924015,-3.0768987651764363,-8.662198451990863
34.382001313924015,0.13775792026367317,0.34382001313924015,-3.249587405663897,-8.911915729793654
34.382001313924015,0.14146823214068402,0.34382001313924015,-3.4269906574913644,-9.16212431217691
34.382001313924015,0.14517854401769487,0.34382001313924015,-3.6091085206588365,-9.412417229306183
34.382001313924015,0.1488888558947057,0.34382001313924015,-3.795940995166314,-9.662393279078842
34.382001313924015,0.15259916777171653,0.34382001313924015,-3.9874880810137956,-9.91166213026792
34.382001313924015,0.15630947964872738,0.34382001313924015,-4.183749778201284,-10.159849174273157
34.382001313924015,0.16001979152573823,0.34382001313924015,-4.384726086728777,-10.40660000829587
34.382001313924015,0.16373010340274907,0.34382001313924015,-4.590417006596275,-10.651584449136482
34.382001313924015,0.1674404152797599,0.34382001313924015,-4.800822537803777,-10.894499996732378
34.382001313924015,0.17115072715677074,0.34382001313924015,-5.0159426803512845,-11.135074688777209
34.382001313924015,0.17486103903378158,0.34382001313924015,-5.235777434238799,-11.373069310994273
34.382001313924015,0.17857135091079243,0.34382001313924015,-5.460326799466317,-11.608278950622724
34.382001313924015,0.18228166278780325,0.34382001313924015,-5.689590776033841,-11.840533902290304
34.382001313924015,0.1859919746648141,0.34382001313924015,-5.923569363941369,-12.069699954767474
34.382001313924015,0.18970228654182494,0.34382001313924015,-6.162262563188904,-12.295678103441908
34.382001313924015,0.1934125984188358,0.34382001313924015,-6.405670373776444,-12.518403746300569
34.382001313924015,0.1971229102958466,0.34382001313924015,-6.653792795703986,-12.737845430591289
34.382001313924015,0.20083322217285746,0.34382001313924015,-6.9066298289715355,-12.95400322322021
34.382001313924015,0.2045435340498683,0.34382001313924015,-7.164181473579091,-13.166906780574372
34.382001313924015,0.20825384592687915,0.34382001313924015,-7.426447729526652,-13.376613193231075
34.382001313924015,0.21196415780388997,0.34382001313924015,-7.693428596814215,-13.583204678406197
34.382001313924015,0.21567446968090082,0.34382001313924015,-7.965124075441786,-13.786786188525506
34.382001313924015,0.21938478155791166,0.34382001313924015,-8.241534165409362,-13.987482998499564
34.382001313924015,0.2230950934349225,0.34382001313924015,-8.522658866716942,-14.185438327636483
34.382001313924015,0.22680540531193333,0.34382001313924015,-8.808498179364525,-14.38081104507347
34.382001313924015,0.23051571718894417,0.34382001313924015,-9.099052103352117,-14.573773500514323
34.382001313924015,0.23422602906595502,0.34382001313924015,-9.394320638679714,-14.764509515212302
34.382001313924015,0.23793634094296587,0.34382001313924015,-9.694303785347316,-14.953212561743845
34.382001313924015,0.2416466528199767,0.34382001313924015,-9.99900154335492,-15.140084155310081
34.382001313924015,0.24535696469698753,0.34382001313924015,-10.308413912702532,-15.325332474140847
34.382001313924015,0.24906727657399838,0.34382001313924015,-10.622540893390148,-15.509171222059488
34.382001313924015,0.2527775884510092,0.34382001313924015,-10.941382485417773,-15.691818742341528
34.382001313924015,0.25648790032802005,0.34382001313924015,-11.264938688785396,-15.873497388565246
34.382001313924015,0.2601982122050309,0.34382001313924015,-11.593209503493032,-16.05443315506616
34.382001313924015,0.26390852408204174,0.34382001313924015,-11.926194929540667,-16.23485556669416
34.382001313924015,0.26761883595905256,0.34382001313924015,-12.263894966928305,-16.414997824622347
34.382001313924015,0.27132914783606343,0.34382001313924015,-12.606309615655958,-16.59509720173052
34.382001313924015,0.27503945971307425,0.34382001313924015,-12.95343887572361,-16.775395677312847
34.382001313924015,0.27874977159008507,0.34382001313924015,-13.305282747131264,-16.95614079623677
34.382001313924015,0.28246008346709595,0.34382001313924015,-13.661841229878931,-17.137586731875757
34.382001313924015,0.28617039534410676,0.34382001313924015,-14.023114323966595,-17.319995524791917
34.382001313924015,0.28988070722111764,0.34382001313924015,-14.389102029394273,-17.503638459873066
34.382001313924015,0.29359101909812846,0.34382001313924015,-14.759804346161948,-17.688797533041487
34.382001313924015,0.2973013309751393,0.34382001313924015,-15.13522127426963,-17.875766944371588
34.382001313924015,0.30101164285215015,0.34382001313924015,-15.515352813717325,-18.064854537155753
34.382001313924015,0.30472195472916097,0.34382001313924015,-15.900198964505014,-18.256383081923325
35.76987816539305,0.011607316445304631,0.35769878165393054,-0.02269661410555332,-2.3680892624033425
35.76987816539305,0.015317628322315471,0.35769878165393054,-0.03952578273791813,-2.4983960848534177
35.76987816539305,0.01902794019932631,0.35769878165393054,-0.06099313835976738,-2.6319646496350306
35.76987816539305,0.02273825207633715,0.35769878165393054,-0.08709868097110106,-2.768856244491911
35.76987816539305,0.02644856395334799,0.35769878165393054,-0.11784241057191921,-2.909138287466713
35.76987816539305,0.03015887583035883,0.35769878165393054,-0.15322432716222179,-3.0528838337725315
35.76987816539305,0.03386918770736967,0.35769878165393054,-0.19324443074200887,-3.2001708680757615
35.76987816539305,0.03757949958438051,0.35769878165393054,-0.23790272131128035,-3.3510813751339006
35.76987816539305,0.04128981146139135,0.35769878165393054,-0.28719919887003625,-3.5057001850389735
35.76987816539305,0.04500012333840219,0.35769878165393054,-0.3411338634182766,-3.664113593085526
35.76987816539305,0.04871043521541303,0.35769878165393054,-0.39970671495600146,-3.826407758553205
35.76987816539305,0.05242074709242387,0.35769878165393054,-0.46291775348321074,-3.9926668915030383
35.76987816539305,0.05613105896943471,0.35769878165393054,-0.5307669789999044,-4.162971242049175
35.76987816539305,0.05984137084644555,0.35769878165393054,-0.6032543915060826,-4.337394912473567
35.76987816539305,0.06355168272345639,0.35769878165393054,-0.6803799910017452,-4.516003518950147
35.76987816539305,0.06726199460046722,0.35769878165393054,-0.762143777486892,-4.69885173643898
35.76987816539305,0.07097230647747807,0.35769878165393054,-0.8485457509615236,-4.885980767343869
35.76987816539305,0.0746826183544889,0.35769878165393054,-0.9395859114256395,-5.0774157815779715
35.76987816539305,0.07839293023149975,0.35769878165393054,-1.03526425887924,-5.273163382464335
35.76987816539305,0.08210324210851058,0.35769878165393054,-1.1355807933223245,-5.473209159060484
35.76987816539305,0.08581355398552143,0.35769878165393054,-1.240535514754894,-5.677515390633229
35.76987816539305,0.08952386586253226,0.35769878165393054,-1.3501284231769477,-5.88601897267999
35.76987816539305,0.09323417773954311,0.35769878165393054,-1.464359518588486,-6.098629635642513
35.76987816539305,0.09694448961655394,0.35769878165393054,-1.5832288009895084,-6.315228526855763
35.76987816539305,0.10065480149356479,0.35769878165393054,-1.7067362703800155,-6.535667222945827
35.76987816539305,0.10436511337057562,0.35769878165393054,-1.834881926760007,-6.759767233564696
35.76987816539305,0.10807542524758647,0.35769878165393054,-1.967665770129483,-6.987320047896914
35.76987816539305,0.1117857371245973,0.35769878165393054,-2.1050878004884432,-7.21808776284208
35.76987816539305,0.11549604900160815,0.35769878165393054,-2.247148017836888,-7.451804316421631
35.76987816539305,0.11920636087861898,0.35769878165393054,-2.3938464221748172,-7.6881773322466485
35.76987816539305,0.12291667275562983,0.35769878165393054,-2.545183013502231,-7.926890561493787
35.76987816539305,0.12662698463264066,0.35769878165393054,-2.701157791819129,-8.167606888627759
35.76987816539305,0.1303372965096515,0.35769878165393054,-2.8617707571255115,-8.40997184707453
35.76987816539305,0.13404760838666235,0.35769878165393054,-3.027021909421379,-8.653617572249296
35.76987816539305,0.13775792026367317,0.35769878165393054,-3.19691124870673,-8.898167102830893
35.76987816539305,0.14146823214068402,0.35769878165393054,-3.3714387749815664,-9.143238927905797
35.76987816539305,0.14517854401769487,0.35769878165393054,-3.5506044882458867,-9.388451668369813
35.76987816539305,0.1488888558947057,0.35769878165393054,-3.7344083884996917,-9.633428776320212
35.76987816539305,0.15259916777171653,0.35769878165393054,-3.92285047574298,-9.877803136358773
35.76987816539305,0.15630947964872738,0.35769878165393054,-4.115930749975754,-10.121221457710973
35.76987816539305,0.16001979152573823,0.35769878165393054,-4.313649211198013,-10.363348355501936
35.76987816539305,0.16373010340274907,0.35769878165393054,-4.516005859409756,-10.603870032800668
35.76987816539305,0.1674404152797599,0.35769878165393054,-4.723000694610981,-10.842497491322682
35.76987816539305,0.17115072715677074,0.35769878165393054,-4.934633716801693,-11.078969217000036
35.76987816539305,0.17486103903378158,0.35769878165393054,-5.15090492598189,-11.313053305957098
35.76987816539305,0.17857135091079243,0.35769878165393054,-5.37181432215157,-11.544549015760142
35.76987816539305,0.18228166278780325,0.35769878165393054,-5.597361905310735,-11.773287745216857
35.76987816539305,0.1859919746648141,0.35769878165393054,-5.827547675459384,-11.999133462710466
35.76987816539305,0.18970228654182494,0.35769878165393054,-6.062371632597518,-12.221982617468791
35.76987816539305,0.1934125984188358,0.35769878165393054,-6.301833776725137,-12.441763579897154
35.76987816539305,0.1971229102958466,0.35769878165393054,-6.545934107842238,-12.658435665953855
35.76987816539305,0.20083322217285746,0.35769878165393054,-6.794672625948825,-12.871987806510635
35.76987816539305,0.2045435340498683,0.35769878165393054,-7.048049331044897,-13.08243692586884
35.76987816539305,0.20825384592687915,0.35769878165393054,-7.306064223130454,-13.289826094368607
35.76987816539305,0.21196415780388997,0.35769878165393054,-7.568717302205493,-13.49422251869069
35.76987816539305,0.21567446968090082,0.35769878165393054,-7.836008568270018,-13.695715430415502
35.76987816539305,0.21938478155791166,0.35769878165393054,-8.107938021324028,-13.894413929090717
35.76987816539305,0.2230950934349225,0.35769878165393054,-8.384505661367522,-14.090444830873672
35.76987816539305,0.22680540531193333,0.35769878165393054,-8.665711488400499,-14.283950568129148
35.76987816539305,0.23051571718894417,0.35769878165393054,-8.951555502422961,-14.475087179496494
35.76987816539305,0.23422602906595502,0.35769878165393054,-9.242037703434908,-14.66402242415533
35.76987816539305,0.23793634094296587,0.35769878165393054,-9.537158091436341,-14.850934048514732
35.76987816539305,0.2416466528199767,0.35769878165393054,-9.836916666427255,-15.0360082284651
35.76987816539305,0.24535696469698753,0.35769878165393054,-10.141313428407656,-15.21943820574423
35.76987816539305,0.24906727657399838,0.35769878165393054,-10.450348377377543,-15.401423132905835
35.76987816539305,0.2527775884510092,0.35769878165393054,-10.764021513336914,-15.582167137819233
35.76987816539305,0.25648790032802005,0.35769878165393054,-11.082332836285763,-15.761878615511549
35.76987816539305,0.2601982122050309,0.35769878165393054,-11.405282346224107,-15.94076975238966
35.76987816539305,0.26390852408204174,0.35769878165393054,-11.732870043151927,-16.11905628531829
35.76987816539305,0.26761883595905256,0.35769878165393054,-12.06509592706923,-16.296957495522744
35.76987816539305,0.27132914783606343,0.35769878165393054,-12.401959997976025,-16.474696434640816
35.76987816539305,0.27503945971307425,0.35769878165393054,-12.7434622558723,-16.652500377252277
35.76987816539305,0.27874977159008507,0.35769878165393054,-13.089602700758059,-16.83060149061993
35.76987816539305,0.28246008346709595,0.35769878165393054,-13.440381332633308,-17.00923770790903
35.76987816539305,0.28617039534410676,0.35769878165393054,-13.795798151498033,-17.188653785508333
35.76987816539305,0.28988070722111764,0.35769878165393054,-14.15585315735225,-17.369102517924425
35.76987816539305,0.29359101909812846,0.35769878165393054,-14.520546350195946,-17.550846074712073
35.76987816539305,0.2973013309751393,0.35769878165393054,-14.889877730029127,-17.734157412677398
35.76987816539305,0.30101164285215015,0.35769878165393054,-15.263847296851798,-17.91932170280513
35.76987816539305,0.30472195472916097,0.35769878165393054,-15.642455050663948,-18.10663769472304
37.15775501686208,0.011607316445304631,0.3715775501686208,-0.022322637378015445,-2.4549343392451926
37.15775501686208,0.015317628322315471,0.3715775501686208,-0.03887450837545351,-2.584669011361081
37.15775501686208,0.01902794019932631,0.3715775501686208,-0.0599881420118553,-2.7175284540801785
37.15775501686208,0.02273825207633715,0.3715775501686208,-0.08566353828722083,-2.853574613001507
37.15775501686208,0.02644856395334799,0.3715775501686208,-0.11590069720155009,-2.992875211472401
37.15775501686208,0.03015887583035883,0.3715775501686208,-0.15069961875484308,-3.135503161985545
37.15775501686208,0.03386918770736967,0.3715775501686208,-0.19006030294709986,-3.2815357800785447
37.15775501686208,0.03757949958438051,0.3715775501686208,-0.23398274977832031,-3.431053797261841
37.15775501686208,0.04128981146139135,0.3715775501686208,-0.2824669592485045,-3.5841401725454194
37.15775501686208,0.04500012333840219,0.3715775501686208,-0.3355129313576524,-3.740878705550691
37.15775501686208,0.04871043521541303,0.3715775501686208,-0.3931206661057641,-3.9013524580141166
37.15775501686208,0.05242074709242387,0.3715775501686208,-0.4552901634928395,-4.065641994736956
37.15775501686208,0.05613105896943471,0.3715775501686208,-0.5220214235188787,-4.233823459715325
37.15775501686208,0.05984137084644555,0.3715775501686208,-0.5933144461838815,-4.405966508276081
37.15775501686208,0.06355168272345639,0.3715775501686208,-0.6691692314878481,-4.5821321214917505
37.15775501686208,0.06726199460046722,0.3715775501686208,-0.7495857794307783,-4.762370334854849
37.15775501686208,0.07097230647747807,0.3715775501686208,-0.8345640900126724,-4.946717919013595
37.15775501686208,0.0746826183544889,0.3715775501686208,-0.9241041632335302,-5.135196056110625
37.15775501686208,0.07839293023149975,0.3715775501686208,-1.0182059990933516,-5.327808060675801
37.15775501686208,0.08210324210851058,0.3715775501686208,-1.1168695975921368,-5.5245371988071135
37.15775501686208,0.08581355398552143,0.3715775501686208,-1.220094958729886,-5.725344663197192
37.15775501686208,0.08952386586253226,0.3715775501686208,-1.3278820825065987,-5.930167764070103
37.15775501686208,0.09323417773954311,0.3715775501686208,-1.4402309689222752,-6.138918396926748
37.15775501686208,0.09694448961655394,0.3715775501686208,-1.5571416179769153,-6.351481846825473
37.15775501686208,0.10065480149356479,0.3715775501686208,-1.6786140296705192,-6.56771598546973
37.15775501686208,0.10436511337057562,0.3715775501686208,-1.804648204003087,-6.787450911447564
37.15775501686208,0.10807542524758647,0.3715775501686208,-1.9352441409746184,-7.0104890754960465
37.15775501686208,0.1117857371245973,0.3715775501686208,-2.070401840585113,-7.236605921718701
37.15775501686208,0.11549604900160815,0.3715775501686208,-2.210121302834572,-7.4655510624988555
37.15775501686208,0.11920636087861898,0.3715775501686208,-2.354402527722995,-7.69704998982644
37.15775501686208,0.12291667275562983,0.3715775501686208,-2.503245515250381,-7.930806309451329
37.15775501686208,0.12662698463264066,0.3715775501686208,-2.656650265416731,-8.166504467389426
37.15775501686208,0.1303372965096515,0.3715775501686208,-2.814616778222045,-8.403812921635673
37.15775501686208,0.13404760838666235,0.3715775501686208,-2.9771450536663226,-8.642387696325226
37.15775501686208,0.13775792026367317,0.3715775501686208,-3.144235091749563,-8.88187624186432
37.15775501686208,0.14146823214068402,0.3715775501686208,-3.315886892471769,-9.12192151348564
37.15775501686208,0.14517854401769487,0.3715775501686208,-3.4921004558329374,-9.362166172895146
37.15775501686208,0.1488888558947057,0.3715775501686208,-3.67287578183307,-9.602256813608932
37.15775501686208,0.15259916777171653,0.3715775501686208,-3.8582128704721654,-9.84184811045056
37.15775501686208,0.15630947964872738,0.3715775501686208,-4.048111721750225,-10.080606797471662
37.15775501686208,0.16001979152573823,0.3715775501686208,-4.24257233566725,-10.318215386018945
37.15775501686208,0.16373010340274907,0.3715775501686208,-4.441594712223237,-10.55437554533231
37.15775501686208,0.1674404152797599,0.3715775501686208,-4.645178851418187,-10.788811081284738
37.15775501686208,0.17115072715677074,0.3715775501686208,-4.853324753252102,-11.021270463908964
37.15775501686208,0.17486103903378158,0.3715775501686208,-5.066032417724982,-11.251528870384831
37.15775501686208,0.17857135091079243,0.3715775501686208,-5.283301844836823,-11.479389726372881
37.15775501686208,0.18228166278780325,0.3715775501686208,-5.5051330345876295,-11.704685744219116
37.15775501686208,0.1859919746648141,0.3715775501686208,-5.731525986977399,-11.927279470972666
37.15775501686208,0.18970228654182494,0.3715775501686208,-5.9624807020061334,-12.147063371835065
37.15775501686208,0.1934125984188358,0.3715775501686208,-6.197997179673831,-12.36395948523604
37.15775501686208,0.1971229102958466,0.3715775501686208,-6.438075419980491,-12.577918694000187
37.15775501686208,0.20083322217285746,0.3715775501686208,-6.682715422926115,-12.788919662977673
37.15775501686208,0.2045435340498683,0.3715775501686208,-6.931917188510704,-12.99696749713418
37.15775501686208,0.20825384592687915,0.3715775501686208,-7.185680716734257,-13.20209217561488
37.15775501686208,0.21196415780388997,0.3715775501686208,-7.444006007596772,-13.404346816972568
37.15775501686208,0.21567446968090082,0.3715775501686208,-7.706893061098252,-13.603805828891804
37.15775501686208,0.21938478155791166,0.3715775501686208,-7.974341877238696,-13.800562992680478
37.15775501686208,0.2230950934349225,0.3715775501686208,-8.246352456018103,-13.994729528868442
37.15775501686208,0.22680540531193333,0.3715775501686208,-8.522924797436472,-14.186432185760925
37.15775501686208,0.23051571718894417,0.3715775501686208,-8.804058901493807,-14.375811388019537
37.15775501686208,0.23422602906595502,0.3715775501686208,-9.089754768190106,-14.563019477520232
37.15775501686208,0.23793634094296587,0.3715775501686208,-9.380012397525368,-14.74821907405275
37.15775501686208,0.2416466528199767,0.3715775501686208,-9.674831789499592,-14.931581579017472
37.15775501686208,0.24535696469698753,0.3715775501686208,-9.974212944112782,-15.113285841233512
37.15775501686208,0.24906727657399838,0.3715775501686208,-10.278155861364937,-15.293517000341858
37.15775501686208,0.2527775884510092,0.3715775501686208,-10.586660541256055,-15.472465520074673
37.15775501686208,0.25648790032802005,0.3715775501686208,-10.899726983786133,-15.650326420834375
37.15775501686208,0.2601982122050309,0.3715775501686208,-11.217355188955182,-15.827298718520728
37.15775501686208,0.26390852408204174,0.3715775501686208,-11.539545156763188,-16.003585074267345
37.15775501686208,0.26761883595905256,0.3715775501686208,-11.866296887210156,-16.179391657580865
37.15775501686208,0.27132914783606343,0.3715775501686208,-12.197610380296096,-16.354928223171
37.15775501686208,0.27503945971307425,0.3715775501686208,-12.533485636020995,-16.53040839934691
37.15775501686208,0.27874977159008507,0.3715775501686208,-12.873922654384854,-16.706050183037213
37.15775501686208,0.28246008346709595,0.3715775501686208,-13.218921435387685,-16.88207663304419
37.15775501686208,0.28617039534410676,0.3715775501686208,-13.568481979029473,-17.058716748814934
37.15775501686208,0.28988070722111764,0.3715775501686208,-13.92260428531023,-17.23620651652401
37.15775501686208,0.29359101909812846,0.3715775501686208,-14.281288354229947,-17.41479009730813
37.15775501686208,0.2973013309751393,0.3715775501686208,-14.644534185788627,-17.59472112375149
37.15775501686208,0.30101164285215015,0.3715775501686208,-15.012341779986276,-17.77626405985786
37.15775501686208,0.30472195472916097,0.3715775501686208,-15.384711136822883,-17.959695566450467
38.54563186833112,0.011607316445304631,0.3854563186833112,-0.021948660650477566,-2.5402652606393143
38.54563186833112,0.015317628322315471,0.3854563186833112,-0.03822323401298889,-2.6692891019374088
38.54563186833112,0.01902794019932631,0.3854563186833112,-0.05898314566394322,-2.801306950127749
38.54563186833112,0.02273825207633715,0.3854563186833112,-0.08422839560334057,-2.936381357340034
38.54563186833112,0.02644856395334799,0.3854563186833112,-0.11395898383118096,-3.074580236969558
38.54563186833112,0.03015887583035883,0.3854563186833112,-0.14817491034746436,-3.215976199084242
38.54563186833112,0.03386918770736967,0.3854563186833112,-0.18687617515219082,-3.36064570668737
38.54563186833112,0.03757949958438051,0.3854563186833112,-0.23006277824536026,-3.5086680522276845
38.54563186833112,0.04128981146139135,0.3854563186833112,-0.2777347196269727,-3.6601241564864386
38.54563186833112,0.04500012333840219,0.3854563186833112,-0.32989199929702817,-3.8150951950073306
38.54563186833112,0.04871043521541303,0.3854563186833112,-0.38653461725552674,-3.973661060594168
38.54563186833112,0.05242074709242387,0.3854563186833112,-0.44766257350246824,-4.135898674096779
38.54563186833112,0.05613105896943471,0.3854563186833112,-0.5132758680378527,-4.301880159735049
38.54563186833112,0.05984137084644555,0.3854563186833112,-0.5833745008616803,-4.471670905547242
38.54563186833112,0.06355168272345639,0.3854563186833112,-0.657958471973951,-4.6453275341353235
38.54563186833112,0.06726199460046722,0.3854563186833112,-0.7370277813746644,-4.8228958136249505
38.54563186833112,0.07097230647747807,0.3854563186833112,-0.8205824290638211,-5.004408543530207
38.54563186833112,0.0746826183544889,0.3854563186833112,-0.9086224150414206,-5.189883454841284
38.54563186833112,0.07839293023149975,0.3854563186833112,-1.0011477393074633,-5.379321167925246
38.54563186833112,0.08210324210851058,0.3854563186833112,-1.098158401861949,-5.5727032555002065
38.54563186833112,0.08581355398552143,0.3854563186833112,-1.1996544027048779,-5.7699904607387085
38.54563186833112,0.08952386586253226,0.3854563186833112,-1.3056357418362494,-5.9711211221929
38.54563186833112,0.09323417773954311,0.3854563186833112,-1.416102419256064,-6.1760098574317475
38.54563186833112,0.09694448961655394,0.3854563186833112,-1.5310544349643218,-6.384546555785874
38.54563186833112,0.10065480149356479,0.3854563186833112,-1.6504917889610227,-6.596595727203354
38.54563186833112,0.10436511337057562,0.3854563186833112,-1.7744144812461664,-6.811996248799643
38.54563186833112,0.10807542524758647,0.3854563186833112,-1.9028225118197535,-7.030561543201032
38.54563186833112,0.1117857371245973,0.3854563186833112,-2.0357158806817828,-7.2520802133139695
38.54563186833112,0.11549604900160815,0.3854563186833112,-2.173094587832256,-7.47631714690774
38.54563186833112,0.11920636087861898,0.3854563186833112,-2.314958633271172,-7.703015091712296
38.54563186833112,0.12291667275562983,0.3854563186833112,-2.461308016998531,-7.931896688064252
38.54563186833112,0.12662698463264066,0.3854563186833112,-2.612142739014333,-8.162666932045305
38.54563186833112,0.1303372965096515,0.3854563186833112,-2.7674627993185776,-8.39501602818438
38.54563186833112,0.13404760838666235,0.3854563186833112,-2.927268197911266,-8.628622577809585
38.54563186833112,0.13775792026367317,0.3854563186833112,-3.0915589347923964,-8.863157037699613
38.54563186833112,0.14146823214068402,0.3854563186833112,-3.260335009961971,-9.098285374400707
38.54563186833112,0.14517854401769487,0.3854563186833112,-3.4335964234199876,-9.333672832944492
38.54563186833112,0.1488888558947057,0.3854563186833112,-3.6113431751664478,-9.568987735082727
38.54563186833112,0.15259916777171653,0.3854563186833112,-3.7935752652013504,-9.803905221735317
38.54563186833112,0.15630947964872738,0.3854563186833112,-3.9802926935246967,-10.038110857131535
38.54563186833112,0.16001979152573823,0.3854563186833112,-4.171495460136486,-10.271304017931843
38.54563186833112,0.16373010340274907,0.3854563186833112,-4.367183565036719,-10.503200999100848
38.54563186833112,0.1674404152797599,0.3854563186833112,-4.567357008225392,-10.73353777897541
38.54563186833112,0.17115072715677074,0.3854563186833112,-4.772015789702511,-10.962072398248536
38.54563186833112,0.17486103903378158,0.3854563186833112,-4.981159909468072,-11.188586920829522
38.54563186833112,0.17857135091079243,0.3854563186833112,-5.194789367522077,-11.412888958093278
38.54563186833112,0.18228166278780325,0.3854563186833112,-5.412904163864524,-11.634812751281986
38.54563186833112,0.1859919746648141,0.3854563186833112,-5.635504298495413,-11.854219819225984
38.54563186833112,0.18970228654182494,0.3854563186833112,-5.862589771414748,-12.070999189662688
38.54563186833112,0.1934125984188358,0.3854563186833112,-6.094160582622525,-12.285067241923318
38.54563186833112,0.1971229102958466,0.3854563186833112,-6.330216732118743,-12.496367196420136
38.54563186833112,0.20083322217285746,0.3854563186833112,-6.5707582199034045,-12.70486829211438
38.54563186833112,0.2045435340498683,0.3854563186833112,-6.815785045976511,-12.910564696997717
38.54563186833112,0.20825384592687915,0.3854563186833112,-7.065297210338059,-13.113474198689227
38.54563186833112,0.21196415780388997,0.3854563186833112,-7.319294712988049,-13.313636722717229
38.54563186833112,0.21567446968090082,0.3854563186833112,-7.577777553926484,-13.511112725152065
38.54563186833112,0.21938478155791166,0.3854563186833112,-7.840745733153362,-13.705981504238345
38.54563186833112,0.2230950934349225,0.3854563186833112,-8.108199250668683,-13.898339472809862
38.54563186833112,0.22680540531193333,0.3854563186833112,-8.380138106472444,-14.08829842981421
38.54563186833112,0.23051571718894417,0.3854563186833112,-8.656562300564651,-14.275983865463495
38.54563186833112,0.23422602906595502,0.3854563186833112,-8.937471832945302,-14.461533330569422
38.54563186833112,0.23793634094296587,0.3854563186833112,-9.222866703614395,-14.645094896686658
38.54563186833112,0.2416466528199767,0.3854563186833112,-9.512746912571929,-14.826825729911187
38.54563186833112,0.24535696469698753,0.3854563186833112,-9.807112459817908,-15.006890797655167
38.54563186833112,0.24906727657399838,0.3854563186833112,-10.10596334535233,-15.185461724505124
38.54563186833112,0.2527775884510092,0.3854563186833112,-10.409299569175197,-15.362715810389117
38.54563186833112,0.25648790032802005,0.3854563186833112,-10.7171211312865,-15.538835221723362
38.54563186833112,0.2601982122050309,0.3854563186833112,-11.029428031686257,-15.714006363942419
38.54563186833112,0.26390852408204174,0.3854563186833112,-11.346220270374447,-15.888419441777213
38.54563186833112,0.26761883595905256,0.3854563186833112,-11.66749784735108,-16.06226821174428
38.54563186833112,0.27132914783606343,0.3854563186833112,-11.993260762616163,-16.235749929438114
38.54563186833112,0.27503945971307425,0.3854563186833112,-12.323509016169686,-16.409065492243634
38.54563186833112,0.27874977159008507,0.3854563186833112,-12.65824260801165,-16.58241977585089
38.54563186833112,0.28246008346709595,0.3854563186833112,-12.997461538142062,-16.756022160280065
38.54563186833112,0.28617039534410676,0.3854563186833112,-13.34116580656091,-16.93008723780446
38.54563186833112,0.28988070722111764,0.3854563186833112,-13.689355413268208,-17.10483569096162
38.54563186833112,0.29359101909812846,0.3854563186833112,-14.042030358263943,-17.28049532350719
38.54563186833112,0.2973013309751393,0.3854563186833112,-14.399190641548124,-17.457302220412892
38.54563186833112,0.30101164285215015,0.3854563186833112,-14.760836263120751,-17.63550200453581
38.54563186833112,0.30472195472916097,0.3854563186833112,-15.126967222981815,-17.81535114708759
39.93350871980015,0.011607316445304631,0.39933508719800154,-0.021574683922939687,-2.623939189111795
39.93350871980015,0.015317628322315471,0.39933508719800154,-0.03757195965052427,-2.752123974574804
39.93350871980015,0.01902794019932631,0.39933508719800154,-0.057978149316031145,-2.8831781788038366
39.93350871980015,0.02273825207633715,0.39933508719800154,-0.08279325291946033,-3.017164841101551
39.93350871980015,0.02644856395334799,0.39933508719800154,-0.11201727046081184,-3.1541519007844574
39.93350871980015,0.03015887583035883,0.39933508719800154,-0.14565020194008566,-3.294211475735624
39.93350871980015,0.03386918770736967,0.39933508719800154,-0.1836920473572818,-3.4374189806579496
39.93350871980015,0.03757949958438051,0.39933508719800154,-0.22614280671240022,-3.5838520866192196
39.93350871980015,0.04128981146139135,0.39933508719800154,-0.273002480005441,-3.733589525894393
39.93350871980015,0.04500012333840219,0.39933508719800154,-0.324271067236404,-3.8867097487626605
39.93350871980015,0.04871043521541303,0.39933508719800154,-0.37994856840528934,-4.043289441825677
39.93350871980015,0.05242074709242387,0.39933508719800154,-0.440034983512097,-4.20340192058612
39.93350871980015,0.05613105896943471,0.39933508719800154,-0.504530312556827,-4.367115412453419
39.93350871980015,0.05984137084644555,0.39933508719800154,-0.5734345555394792,-4.534491249997112
39.93350871980015,0.06355168272345639,0.39933508719800154,-0.6467477124600539,-4.705581998091572
39.93350871980015,0.06726199460046722,0.39933508719800154,-0.7244697833185506,-4.880429542505399
39.93350871980015,0.07097230647747807,0.39933508719800154,-0.8066007681149698,-5.059063171367686
39.93350871980015,0.0746826183544889,0.39933508719800154,-0.8931406668493113,-5.2414976846444805
39.93350871980015,0.07839293023149975,0.39933508719800154,-0.9840894795215751,-5.427731570103727
39.93350871980015,0.08210324210851058,0.39933508719800154,-1.0794472061317613,-5.617745287033258
39.93350871980015,0.08581355398552143,0.39933508719800154,-1.1792138466798698,-5.81149970098354
39.93350871980015,0.08952386586253226,0.39933508719800154,-1.2833894011659004,-6.00893471380907
39.93350871980015,0.09323417773954311,0.39933508719800154,-1.3919738695898534,-6.209968133061631
39.93350871980015,0.09694448961655394,0.39933508719800154,-1.5049672519517288,-6.414494823151095
39.93350871980015,0.10065480149356479,0.39933508719800154,-1.6223695482515263,-6.622386177485829
39.93350871980015,0.10436511337057562,0.39933508719800154,-1.7441807584892464,-6.833489945943878
39.93350871980015,0.10807542524758647,0.39933508719800154,-1.8704008826648888,-7.0476304454969325
39.93350871980015,0.1117857371245973,0.39933508719800154,-2.001029920778453,-7.2646091736895055
39.93350871980015,0.11549604900160815,0.39933508719800154,-2.13606787282994,-7.484205835143754
39.93350871980015,0.11920636087861898,0.39933508719800154,-2.275514738819349,-7.70617978059362
39.93350871980015,0.12291667275562983,0.39933508719800154,-2.419370518746681,-7.930271846522442
39.93350871980015,0.12662698463264066,0.39933508719800154,-2.567635212611935,-8.156206571736833
39.93350871980015,0.1303372965096515,0.39933508719800154,-2.7203088204151107,-8.383694755662242
39.93350871980015,0.13404760838666235,0.39933508719800154,-2.8773913421562094,-8.612436312326754
39.93350871980015,0.13775792026367317,0.39933508719800154,-3.0388827778352296,-8.842123364432565
39.93350871980015,0.14146823214068402,0.39933508719800154,-3.204783127452173,-9.072443514081812
39.93350871980015,0.14517854401769487,0.39933508719800154,-3.3750923910070383,-9.303083221025991
39.93350871980015,0.1488888558947057,0.39933508719800154,-3.5498105684998262,-9.53373121604107
39.93350871980015,0.15259916777171653,0.39933508719800154,-3.7289376599305353,-9.764081876356698
39.93350871980015,0.15630947964872738,0.39933508719800154,-3.912473665299168,-9.993838492009157
39.93350871980015,0.16001979152573823,0.39933508719800154,-4.100418584605723,-10.22271635642245
39.93350871980015,0.16373010340274907,0.39933508719800154,-4.2927724178502,-10.450445621195154
39.93350871980015,0.1674404152797599,0.39933508719800154,-4.489535165032598,-10.676773863616162
39.93350871980015,0.17115072715677074,0.39933508719800154,-4.69070682615292,-10.901468325398437
39.93350871980015,0.17486103903378158,0.39933508719800154,-4.896287401211165,-11.124317792005174
39.93350871980015,0.17857135091079243,0.39933508719800154,-5.10627689020733,-11.345134093229259
39.93350871980015,0.18228166278780325,0.39933508719800154,-5.320675293141418,-11.56375321687481
39.93350871980015,0.1859919746648141,0.39933508719800154,-5.539482610013429,-11.780036038026344
39.93350871980015,0.18970228654182494,0.39933508719800154,-5.762698840823362,-11.993868676094559
39.93350871980015,0.1934125984188358,0.39933508719800154,-5.9903239855712185,-12.205162500302741
39.93350871980015,0.1971229102958466,0.39933508719800154,-6.222358044256995,-12.413853811321605
39.93350871980015,0.20083322217285746,0.39933508719800154,-6.458801016880694,-12.61990323226715
39.93350871980015,0.2045435340498683,0.39933508719800154,-6.699652903442318,-12.823294846225595
39.93350871980015,0.20825384592687915,0.39933508719800154,-6.944913703941863,-13.024035119920125
39.93350871980015,0.21196415780388997,0.39933508719800154,-7.194583418379328,-13.22215165420594
39.93350871980015,0.21567446968090082,0.39933508719800154,-7.448662046754718,-13.417691801939181
39.93350871980015,0.21938478155791166,0.39933508719800154,-7.70714958906803,-13.610721192606809
39.93350871980015,0.2230950934349225,0.39933508719800154,-7.970046045319264,-13.801322201138488
39.93350871980015,0.22680540531193333,0.39933508719800154,-8.237351415508419,-13.989592395756542
39.93350871980015,0.23051571718894417,0.39933508719800154,-8.509065699635498,-14.175642996756112
39.93350871980015,0.23422602906595502,0.39933508719800154,-8.785188897700499,-14.359597374922602
39.93350871980015,0.23793634094296587,0.39933508719800154,-9.065721009703422,-14.541589615042893
39.93350871980015,0.2416466528199767,0.39933508719800154,-9.350662035644266,-14.721763166774775
39.93350871980015,0.24535696469698753,0.39933508719800154,-9.640011975523034,-14.900269602101927
39.93350871980015,0.24906727657399838,0.39933508719800154,-9.933770829339725,-15.07726749578404
39.93350871980015,0.2527775884510092,0.39933508719800154,-10.231938597094338,-15.252921442650104
39.93350871980015,0.25648790032802005,0.39933508719800154,-10.53451527878687,-15.427401223287095
39.93350871980015,0.2601982122050309,0.39933508719800154,-10.841500874417331,-15.60088112762994
39.93350871980015,0.26390852408204174,0.39933508719800154,-11.152895383985708,-15.773539444123696
39.93350871980015,0.26761883595905256,0.39933508719800154,-11.468698807492007,-15.945558120445106
39.93350871980015,0.27132914783606343,0.39933508719800154,-11.788911144936234,-16.11712260015635
39.93350871980015,0.27503945971307425,0.39933508719800154,-12.11353239631838,-16.288421838019318
39.93350871980015,0.27874977159008507,0.39933508719800154,-12.442562561638445,-16.45964849490135
39.93350871980015,0.28246008346709595,0.39933508719800154,-12.776001640896439,-16.63099931111012
39.93350871980015,0.28617039534410676,0.39933508719800154,-13.11384963409235,-16.80267565444119
39.93350871980015,0.28988070722111764,0.39933508719800154,-13.45610654122619,-16.97488423601484
39.93350871980015,0.29359101909812846,0.39933508719800154,-13.802772362297944,-17.147837982904974
39.93350871980015,0.2973013309751393,0.39933508719800154,-14.153847097307622,-17.321757051380846
39.93350871980015,0.30101164285215015,0.39933508719800154,-14.509330746255229,-17.4968699580289
39.93350871980015,0.30472195472916097,0.39933508719800154,-14.86922330914075,-17.673414797817596
