V,s,V_norm,ICa_true,ICa_nn
-69.70876254625355,0.011607316445304631,-0.6970876254625356,-0.051118845398432,1.3363492215918962
-69.70876254625355,0.015317628322315471,-0.6970876254625356,-0.08902263428522926,1.2602441066093175
-69.70876254625355,0.01902794019932631,-0.6970876254625356,-0.13737286080108507,1.1805139374201938
-69.70876254625355,0.02273825207633715,-0.6970876254625356,-0.19616952494599948,1.0965829055964593
-69.70876254625355,0.02644856395334799,-0.6970876254625356,-0.2654126267199725,1.0078147246051712
-69.70876254625355,0.03015887583035883,-0.6970876254625356,-0.34510216612300415,0.9135100716305908
-69.70876254625355,0.03386918770736967,-0.6970876254625356,-0.4352381431550944,0.8129052041367255
-69.70876254625355,0.03757949958438051,-0.6970876254625356,-0.5358205578162432,0.7051722165372851
-69.70876254625355,0.04128981146139135,-0.6970876254625356,-0.6468494101064506,0.5894214846490438
-69.70876254625355,0.04500012333840219,-0.6970876254625356,-0.7683247000257165,0.4647069185737571
-69.70876254625355,0.04871043521541303,-0.6970876254625356,-0.900246427574041,0.3300346948696422
-69.70876254625355,0.05242074709242387,-0.6970876254625356,-1.042614592751424,0.18437614814177605
-69.70876254625355,0.05613105896943471,-0.6970876254625356,-1.195429195557866,0.026685447643979288
-69.70876254625355,0.05984137084644555,-0.6970876254625356,-1.3586902359933661,-0.14407746013806166
-69.70876254625355,0.06355168272345639,-0.6970876254625356,-1.532397714057925,-0.3289184234231368
-69.70876254625355,0.06726199460046722,-0.6970876254625356,-1.7165516297515422,-0.5287753525030392
-69.70876254625355,0.07097230647747807,-0.6970876254625356,-1.9111519830742183,-0.744479912664747
-69.70876254625355,0.0746826183544889,-0.6970876254625356,-2.116198774025953,-0.9767160588753874
-69.70876254625355,0.07839293023149975,-0.6970876254625356,-2.3316920026067463,-1.225977607726295
-69.70876254625355,0.08210324210851058,-0.6970876254625356,-2.557631668816598,-1.4925278315878052
-69.70876254625355,0.08581355398552143,-0.6970876254625356,-2.7940177726555087,-1.7763647360096124
-69.70876254625355,0.08952386586253226,-0.6970876254625356,-3.0408503141234773,-2.0771960897476633
-69.70876254625355,0.09323417773954311,-0.6970876254625356,-3.2981292932205046,-2.394428255803596
-69.70876254625355,0.09694448961655394,-0.6970876254625356,-3.5658547099465907,-2.7271722896217883
-69.70876254625355,0.10065480149356479,-0.6970876254625356,-3.8440265643017355,-3.0742695690244317
-69.70876254625355,0.10436511337057562,-0.6970876254625356,-4.132644856285939,-3.434337454508589
-69.70876254625355,0.10807542524758647,-0.6970876254625356,-4.431709585899202,-3.805833334828159
-69.70876254625355,0.1117857371245973,-0.6970876254625356,-4.741220753141521,-4.18713319457652
-69.70876254625355,0.11549604900160815,-0.6970876254625356,-5.0611783580129,-4.576618914460852
-69.70876254625355,0.11920636087861898,-0.6970876254625356,-5.391582400513338,-4.972767229797578
-69.70876254625355,0.12291667275562983,-0.6970876254625356,-5.732432880642834,-5.374232872233089
-69.70876254625355,0.12662698463264066,-0.6970876254625356,-6.083729798401389,-5.779918978705597
-69.70876254625355,0.1303372965096515,-0.6970876254625356,-6.445473153789003,-6.189029257642813
-69.70876254625355,0.13404760838666235,-0.6970876254625356,-6.817662946805675,-6.601098388540997
-69.70876254625355,0.13775792026367317,-0.6970876254625356,-7.200299177451404,-7.015999349116948
-69.70876254625355,0.14146823214068402,-0.6970876254625356,-7.593381845726195,-7.433928471129898
-69.70876254625355,0.14517854401769487,-0.6970876254625356,-7.996910951630042,-7.855370757017093
-69.70876254625355,0.1488888558947057,-0.6970876254625356,-8.410886495162949,-8.281049198723396
-69.70876254625355,0.15259916777171653,-0.6970876254625356,-8.835308476324911,-8.71186250311395
-69.70876254625355,0.15630947964872738,-0.6970876254625356,-9.270176895115936,-9.148815815096071
-69.70876254625355,0.16001979152573823,-0.6970876254625356,-9.71549175153602,-9.592948861972669
-69.70876254625355,0.16373010340274907,-0.6970876254625356,-10.17125304558516,-10.045265551939426
-69.70876254625355,0.1674404152797599,-0.6970876254625356,-10.637460777263357,-10.50666855479411
-69.70876254625355,0.17115072715677074,-0.6970876254625356,-11.114114946570615,-10.977901843535435
-69.70876254625355,0.17486103903378158,-0.6970876254625356,-11.601215553506934,-11.459503610789078
-69.70876254625355,0.17857135091079243,-0.6970876254625356,-12.098762598072309,-11.951771392685957
-69.70876254625355,0.18228166278780325,-0.6970876254625356,-12.606756080266742,-12.454740619686046
-69.70876254625355,0.1859919746648141,-0.6970876254625356,-13.125196000090233,-12.968177157086341
-69.70876254625355,0.18970228654182494,-0.6970876254625356,-13.654082357542785,-13.49158370312819
-69.70876254625355,0.1934125984188358,-0.6970876254625356,-14.193415152624397,-14.024219209686747
-69.70876254625355,0.1971229102958466,-0.6970876254625356,-14.74319438533506,-14.565129832389886
-69.70876254625355,0.20083322217285746,-0.6970876254625356,-15.303420055674787,-15.113189370085866
-69.70876254625355,0.2045435340498683,-0.6970876254625356,-15.874092163643573,-15.667146782918522
-69.70876254625355,0.20825384592687915,-0.6970876254625356,-16.45521070924142,-16.22567823149719
-69.70876254625355,0.21196415780388997,-0.6970876254625356,-17.046775692468316,-16.7874411742257
-69.70876254625355,0.21567446968090082,-0.6970876254625356,-17.64878711332428,-17.35112837736939
-69.70876254625355,0.21938478155791166,-0.6970876254625356,-18.2612449718093,-17.915520181448162
-69.70876254625355,0.2230950934349225,-0.6970876254625356,-18.884149267923377,-18.479533953868177
-69.70876254625355,0.22680540531193333,-0.6970876254625356,-19.517500001666512,-19.042270258981752
-69.70876254625355,0.23051571718894417,-0.6970876254625356,-20.161297173038708,-19.60305581702045
-69.70876254625355,0.23422602906595502,-0.6970876254625356,-20.815540782039964,-20.16148374378753
-69.70876254625355,0.23793634094296587,-0.6970876254625356,-21.480230828670276,-20.717451826686258
-69.70876254625355,0.2416466528199767,-0.6970876254625356,-22.155367312929645,-21.271199682602656
-69.70876254625355,0.24535696469698753,-0.6970876254625356,-22.840950234818074,-21.823345555012544
-69.70876254625355,0.24906727657399838,-0.6970876254625356,-23.536979594335566,-22.374923239196274
-69.70876254625355,0.2527775884510092,-0.6970876254625356,-24.243455391482115,-22.927419164122682
-69.70876254625355,0.25648790032802005,-0.6970876254625356,-24.960377626257714,-23.48280897674143
-69.70876254625355,0.2601982122050309,-0.6970876254625356,-25.687746298662386,-24.043592013082435
-69.70876254625355,0.26390852408204174,-0.6970876254625356,-26.425561408696105,-24.61282071964872
-69.70876254625355,0.26761883595905256,-0.6970876254625356,-27.173822956358876,-25.194120313318717
-69.70876254625355,0.27132914783606343,-0.6970876254625356,-27.932530941650725,-25.79169165935453
-69.70876254625355,0.27503945971307425,-0.6970876254625356,-28.701685364571624,-26.410287500316695
-69.70876254625355,0.27874977159008507,-0.6970876254625356,-29.481286225121572,-27.055148952554557
-69.70876254625355,0.28246008346709595,-0.6970876254625356,-30.271333523300598,-27.731886091855717
-69.70876254625355,0.28617039534410676,-0.6970876254625356,-31.071827259108666,-28.44628447019143
-69.70876254625355,0.28988070722111764,-0.6970876254625356,-31.882767432545805,-29.204020194327104
-69.70876254625355,0.29359101909812846,-0.6970876254625356,-32.70415404361199,-30.01027204778843
-69.70876254625355,0.2973013309751393,-0.6970876254625356,-33.53598709230724,-30.869232552833676
-69.70876254625355,0.30101164285215015,-0.6970876254625356,-34.37826657863155,-31.78354245079055
-69.70876254625355,0.30472195472916097,-0.6970876254625356,-35.23099250258492,-32.75370368027715
-68.32088569478452,0.011607316445304631,-0.6832088569478452,-0.050744868670894124,1.08093133906659
-68.32088569478452,0.015317628322315471,-0.6832088569478452,-0.08837135992276464,1.0079064216101945
-68.32088569478452,0.01902794019932631,-0.6832088569478452,-0.136367864453173,0.9313595373788393
-68.32088569478452,0.02273825207633715,-0.6832088569478452,-0.19473438226211925,0.8507089660132503
-68.32088569478452,0.02644856395334799,-0.6832088569478452,-0.26347091334960343,0.765310002501586
-68.32088569478452,0.03015887583035883,-0.6832088569478452,-0.3425774577156254,0.6744518837485352
-68.32088569478452,0.03386918770736967,-0.6832088569478452,-0.4320540153601854,0.5773558578062761
-68.32088569478452,0.03757949958438051,-0.6832088569478452,-0.5319005862832831,0.47317488502028215
-68.32088569478452,0.04128981146139135,-0.6832088569478452,-0.6421171704849188,0.3609955546664536
-68.32088569478452,0.04500012333840219,-0.6832088569478452,-0.7627037679650923,0.23984288796600106
-68.32088569478452,0.04871043521541303,-0.6832088569478452,-0.8936603787238037,0.10868876454885035
-68.32088569478452,0.05242074709242387,-0.6832088569478452,-1.034987002761053,-0.03353526517120864
-68.32088569478452,0.05613105896943471,-0.6832088569478452,-1.1866836400768401,-0.18792005999757722
-68.32088569478452,0.05984137084644555,-0.6832088569478452,-1.348750290671165,-0.35555527547898036
-68.32088569478452,0.06355168272345639,-0.6832088569478452,-1.521186954544028,-0.5374997387020009
-68.32088569478452,0.06726199460046722,-0.6832088569478452,-1.7039936316954283,-0.73474591010805
-68.32088569478452,0.07097230647747807,-0.6832088569478452,-1.897170322125367,-0.948179122860652
-68.32088569478452,0.0746826183544889,-0.6832088569478452,-2.1007170258338435,-1.1785330435797934
-68.32088569478452,0.07839293023149975,-0.6832088569478452,-2.314633742820858,-1.4263436701764434
-68.32088569478452,0.08210324210851058,-0.6832088569478452,-2.53892047308641,-1.6919050835182898
-68.32088569478452,0.08581355398552143,-0.6832088569478452,-2.7735772166305006,-1.9752309615920343
-68.32088569478452,0.08952386586253226,-0.6832088569478452,-3.018603973453128,-2.2760263705186516
-68.32088569478452,0.09323417773954311,-0.6832088569478452,-3.274000743554294,-2.5936743762946484
-68.32088569478452,0.09694448961655394,-0.6832088569478452,-3.5397675269339977,-2.9272414148165744
-68.32088569478452,0.10065480149356479,-0.6832088569478452,-3.8159043235922394,-3.2755040391370147
-68.32088569478452,0.10436511337057562,-0.6832088569478452,-4.102411133529019,-3.636997687097463
-68.32088569478452,0.10807542524758647,-0.6832088569478452,-4.399287956744336,-4.010085690766331
-68.32088569478452,0.1117857371245973,-0.6832088569478452,-4.706534793238191,-4.3930442328295625
-68.32088569478452,0.11549604900160815,-0.6832088569478452,-5.024151643010585,-4.784156772909149
-68.32088569478452,0.11920636087861898,-0.6832088569478452,-5.352138506061515,-5.181810026846559
-68.32088569478452,0.12291667275562983,-0.6832088569478452,-5.690495382390985,-5.584583167042529
-68.32088569478452,0.12662698463264066,-0.6832088569478452,-6.039222271998991,-5.991322602883319
-68.32088569478452,0.1303372965096515,-0.6832088569478452,-6.398319174885535,-6.401196355561357
-68.32088569478452,0.13404760838666235,-0.6832088569478452,-6.767786091050619,-6.813724339927472
-68.32088569478452,0.13775792026367317,-0.6832088569478452,-7.147623020494238,-7.228783396039864
-68.32088569478452,0.14146823214068402,-0.6832088569478452,-7.537829963216397,-7.646588277738209
-68.32088569478452,0.14517854401769487,-0.6832088569478452,-7.938406919217092,-8.067651707282812
-68.32088569478452,0.1488888558947057,-0.6832088569478452,-8.349353888496328,-8.492727889588863
-68.32088569478452,0.15259916777171653,-0.6832088569478452,-8.770670871054097,-8.922744534121021
-68.32088569478452,0.15630947964872738,-0.6832088569478452,-9.202357866890408,-9.358728549637613
-68.32088569478452,0.16001979152573823,-0.6832088569478452,-9.644414876005257,-9.801730302617727
-68.32088569478452,0.16373010340274907,-0.6832088569478452,-10.096841898398642,-10.252750814371709
-68.32088569478452,0.1674404152797599,-0.6832088569478452,-10.559638934070563,-10.712675633979035
-68.32088569478452,0.17115072715677074,-0.6832088569478452,-11.032805983021024,-11.182218437866034
-68.32088569478452,0.17486103903378158,-0.6832088569478452,-11.516343045250025,-11.661876701896466
-68.32088569478452,0.17857135091079243,-0.6832088569478452,-12.010250120757561,-12.151901068919793
-68.32088569478452,0.18228166278780325,-0.6832088569478452,-12.514527209543637,-12.6522792850237
-68.32088569478452,0.1859919746648141,-0.6832088569478452,-13.029174311608248,-13.16273480189062
-68.32088569478452,0.18970228654182494,-0.6832088569478452,-13.5541914269514,-13.682739363260934
-68.32088569478452,0.1934125984188358,-0.6832088569478452,-14.089578555573091,-14.211538158386421
-68.32088569478452,0.1971229102958466,-0.6832088569478452,-14.635335697473314,-14.74818550092181
-68.32088569478452,0.20083322217285746,-0.6832088569478452,-15.191462852652077,-15.291588548473928
-68.32088569478452,0.2045435340498683,-0.6832088569478452,-15.75796002110938,-15.840556372726367
-68.32088569478452,0.20825384592687915,-0.6832088569478452,-16.334827202845222,-16.393851749601417
-68.32088569478452,0.21196415780388997,-0.6832088569478452,-16.922064397859597,-16.95024335124271
-68.32088569478452,0.21567446968090082,-0.6832088569478452,-17.519671606152514,-17.508556536002715
-68.32088569478452,0.21938478155791166,-0.6832088569478452,-18.12764882772397,-18.06772156942352
-68.32088569478452,0.2230950934349225,-0.6832088569478452,-18.74599606257396,-18.62681877563857
-68.32088569478452,0.22680540531193333,-0.6832088569478452,-19.374713310702486,-19.185120726188025
-68.32088569478452,0.23051571718894417,-0.6832088569478452,-20.013800572109552,-19.742132051788992
-68.32088569478452,0.23422602906595502,-0.6832088569478452,-20.66325784679516,-20.297627767837724
-68.32088569478452,0.23793634094296587,-0.6832088569478452,-21.323085134759303,-20.85169111765012
-68.32088569478452,0.2416466528199767,-0.6832088569478452,-21.99328243600198,-21.404751858495477
-68.32088569478452,0.24535696469698753,-0.6832088569478452,-22.673849750523203,-21.95762565110417
-68.32088569478452,0.24906727657399838,-0.6832088569478452,-23.36478707832296,-22.51155476389744
-68.32088569478452,0.2527775884510092,-0.6832088569478452,-24.066094419401256,-23.068249650250806
-68.32088569478452,0.25648790032802005,-0.6832088569478452,-24.777771773758083,-23.62993005422919
-68.32088569478452,0.2601982122050309,-0.6832088569478452,-25.499819141393463,-24.199363069631556
-68.32088569478452,0.26390852408204174,-0.6832088569478452,-26.232236522307364,-24.77989391595722
-68.32088569478452,0.26761883595905256,-0.6832088569478452,-26.975023916499804,-25.37546299737264
-68.32088569478452,0.27132914783606343,-0.6832088569478452,-27.728181323970798,-25.99060001710369
-68.32088569478452,0.27503945971307425,-0.6832088569478452,-28.491708744720317,-26.630382604591457
-68.32088569478452,0.27874977159008507,-0.6832088569478452,-29.26560617874837,-27.300343426520804
-68.32088569478452,0.28246008346709595,-0.6832088569478452,-30.049873626054975,-28.006306913383288
-68.32088569478452,0.28617039534410676,-0.6832088569478452,-30.844511086640104,-28.754136027496006
-68.32088569478452,0.28988070722111764,-0.6832088569478452,-31.649518560503786,-29.549373173355892
-68.32088569478452,0.29359101909812846,-0.6832088569478452,-32.46489604764599,-30.396770165394486
-68.32088569478452,0.2973013309751393,-0.6832088569478452,-33.29064354806674,-31.29972249387116
-68.32088569478452,0.30101164285215015,-0.6832088569478452,-34.12676106176603,-32.25965319534819
-68.32088569478452,0.30472195472916097,-0.6832088569478452,-34.97324858874385,-33.27542718645429
-66.93300884331549,0.011607316445304631,-0.6693300884331549,-0.05037089194335625,0.8440772955252189
-66.93300884331549,0.015317628322315471,-0.6693300884331549,-0.08772008556030002,0.7743703060564919
-66.93300884331549,0.01902794019932631,-0.6693300884331549,-0.13536286810526094,0.7012244430886838
-66.93300884331549,0.02273825207633715,-0.6693300884331549,-0.19329923957823902,0.6240521596747524
-66.93300884331549,0.02644856395334799,-0.6693300884331549,-0.2615291999792343,0.5422005719663989
-66.93300884331549,0.03015887583035883,-0.6693300884331549,-0.3400527493082467,0.4549478815610324
-66.93300884331549,0.03386918770736967,-0.6693300884331549,-0.4288698875652764,0.36150090396988555
-66.93300884331549,0.03757949958438051,-0.6693300884331549,-0.5279806147503231,0.26099421447057125
-66.93300884331549,0.04128981146139135,-0.6693300884331549,-0.637384930863387,0.15249152885290407
-66.93300884331549,0.04500012333840219,-0.6693300884331549,-0.7570828359044681,0.03499003835377046
-66.93300884331549,0.04871043521541303,-0.6693300884331549,-0.8870743298735664,-0.09257149930009234
-66.93300884331549,0.05242074709242387,-0.6693300884331549,-1.0273594127706818,-0.23130006840223682
-66.93300884331549,0.05613105896943471,-0.6693300884331549,-1.1779380845958143,-0.3823302845603678
-66.93300884331549,0.05984137084644555,-0.6693300884331549,-1.338810345348964,-0.5468001732473611
-66.93300884331549,0.06355168272345639,-0.6693300884331549,-1.509976195030131,-0.725820411631283
-66.93300884331549,0.06726199460046722,-0.6693300884331549,-1.6914356336393146,-0.9204370452524726
-66.93300884331549,0.07097230647747807,-0.6693300884331549,-1.8831886611765158,-1.1315883219823126
-66.93300884331549,0.0746826183544889,-0.6693300884331549,-2.085235277641734,-1.3600571060699398
-66.93300884331549,0.07839293023149975,-0.6693300884331549,-2.29757548303497,-1.6064213015164794
-66.93300884331549,0.08210324210851058,-0.6693300884331549,-2.5202092773562224,-1.8710057308188435
-66.93300884331549,0.08581355398552143,-0.6693300884331549,-2.7531366606054926,-2.15383982925882
-66.93300884331549,0.08952386586253226,-0.6693300884331549,-2.9963576327827792,-2.454626125168326
-66.93300884331549,0.09323417773954311,-0.6693300884331549,-3.2498721938880832,-2.7727245625732575
-66.93300884331549,0.09694448961655394,-0.6693300884331549,-3.5136803439214046,-3.107157094249582
-66.93300884331549,0.10065480149356479,-0.6693300884331549,-3.7877820828827433,-3.456635533443062
-66.93300884331549,0.10436511337057562,-0.6693300884331549,-4.072177410772099,-3.8196134559204675
-66.93300884331549,0.10807542524758647,-0.6693300884331549,-4.366866327589472,-4.194360228371137
-66.93300884331549,0.1117857371245973,-0.6693300884331549,-4.671848833334861,-4.579052408274855
-66.93300884331549,0.11549604900160815,-0.6693300884331549,-4.987124928008269,-4.971875310602146
-66.93300884331549,0.11920636087861898,-0.6693300884331549,-5.312694611609693,-5.3711259407654595
-66.93300884331549,0.12291667275562983,-0.6693300884331549,-5.648557884139135,-5.775308075097314
-66.93300884331549,0.12662698463264066,-0.6693300884331549,-5.9947147455965935,-6.183211114927158
-66.93300884331549,0.1303372965096515,-0.6693300884331549,-6.351165195982069,-6.59396627223831
-66.93300884331549,0.13404760838666235,-0.6693300884331549,-6.717909235295562,-7.007076281211376
-66.93300884331549,0.13775792026367317,-0.6693300884331549,-7.094946863537071,-7.422417690207894
-66.93300884331549,0.14146823214068402,-0.6693300884331549,-7.4822780807066,-7.840217418505562
-66.93300884331549,0.14517854401769487,-0.6693300884331549,-7.879902886804143,-8.261007330820295
-66.93300884331549,0.1488888558947057,-0.6693300884331549,-8.287821281829705,-8.685561930096446
-66.93300884331549,0.15259916777171653,-0.6693300884331549,-8.706033265783283,-9.114824897378796
-66.93300884331549,0.15630947964872738,-0.6693300884331549,-9.134538838664879,-9.549830234603697
-66.93300884331549,0.16001979152573823,-0.6693300884331549,-9.573338000474493,-9.99162336321567
-66.93300884331549,0.16373010340274907,-0.6693300884331549,-10.022430751212124,-10.441186867627668
-66.93300884331549,0.1674404152797599,-0.6693300884331549,-10.481817090877769,-10.89937477788495
-66.93300884331549,0.17115072715677074,-0.6693300884331549,-10.951497019471434,-11.3668584386537
-66.93300884331549,0.17486103903378158,-0.6693300884331549,-11.431470536993118,-11.844086144631744
-66.93300884331549,0.17857135091079243,-0.6693300884331549,-11.921737643442816,-12.331257841973752
-66.93300884331549,0.18228166278780325,-0.6693300884331549,-12.42229833882053,-12.82831530378573
-66.93300884331549,0.1859919746648141,-0.6693300884331549,-12.933152623126263,-13.334947302551017
-66.93300884331549,0.18970228654182494,-0.6693300884331549,-13.454300496360016,-13.850608465389138
-66.93300884331549,0.1934125984188358,-0.6693300884331549,-13.985741958521785,-14.374549773788164
-66.93300884331549,0.1971229102958466,-0.6693300884331549,-14.527477009611566,-14.905858132535265
-66.93300884331549,0.20083322217285746,-0.6693300884331549,-15.079505649629366,-15.44350214904609
-66.93300884331549,0.2045435340498683,-0.6693300884331549,-15.641827878575187,-15.986381272467433
-66.93300884331549,0.20825384592687915,-0.6693300884331549,-16.214443696449024,-16.53337573901782
-66.93300884331549,0.21196415780388997,-0.6693300884331549,-16.797353103250874,-17.08339530889049
-66.93300884331549,0.21567446968090082,-0.6693300884331549,-17.39055609898075,-17.63542547699435
-66.93300884331549,0.21938478155791166,-0.6693300884331549,-17.994052683638635,-18.188570591073997
-66.93300884331549,0.2230950934349225,-0.6693300884331549,-18.60784285722454,-18.74209401250374
-66.93300884331549,0.22680540531193333,-0.6693300884331549,-19.23192661973846,-19.29545602135876
-66.93300884331549,0.23051571718894417,-0.6693300884331549,-19.8663039711804,-19.848350541520567
-66.93300884331549,0.23422602906595502,-0.6693300884331549,-20.510974911550356,-20.400741918621865
-66.93300884331549,0.23793634094296587,-0.6693300884331549,-21.165939440848334,-20.95290292450014
-66.93300884331549,0.2416466528199767,-0.6693300884331549,-21.83119755907432,-21.505454901279975
-66.93300884331549,0.24535696469698753,-0.6693300884331549,-22.50674926622833,-22.059410509804582
-66.93300884331549,0.24906727657399838,-0.6693300884331549,-23.192594562310354,-22.616218908239624
-66.93300884331549,0.2527775884510092,-0.6693300884331549,-23.8887334473204,-23.17781232604277
-66.93300884331549,0.25648790032802005,-0.6693300884331549,-24.595165921258452,-23.746651849025195
-66.93300884331549,0.2601982122050309,-0.6693300884331549,-25.31189198412454,-24.325768690929333
-66.93300884331549,0.26390852408204174,-0.6693300884331549,-26.038911635918627,-24.918795173640333
-66.93300884331549,0.26761883595905256,-0.6693300884331549,-26.77622487664073,-25.529976967211667
-66.93300884331549,0.27132914783606343,-0.6693300884331549,-27.523831706290867,-26.16415483975822
-66.93300884331549,0.27503945971307425,-0.6693300884331549,-28.28173212486901,-26.826700442813564
-66.93300884331549,0.27874977159008507,-0.6693300884331549,-29.049926132375166,-27.523387125245748
-66.93300884331549,0.28246008346709595,-0.6693300884331549,-29.828413728809355,-28.26017468235692
-66.93300884331549,0.28617039534410676,-0.6693300884331549,-30.617194914171545,-29.042888383300234
-66.93300884331549,0.28988070722111764,-0.6693300884331549,-31.416269688461767,-29.87678041737167
-66.93300884331549,0.29359101909812846,-0.6693300884331549,-32.225638051679994,-30.765979027798863
-66.93300884331549,0.2973013309751393,-0.6693300884331549,-33.045300003826235,-31.712858636363304
-66.93300884331549,0.30101164285215015,-0.6693300884331549,-33.87525554490051,-32.71740096846482
-66.93300884331549,0.30472195472916097,-0.6693300884331549,-34.71550467490279,-33.776654084984585
-65.54513199184645,0.011607316445304631,-0.6554513199184645,-0.04999691521581837,0.6266984422551647
-65.54513199184645,0.015317628322315471,-0.6554513199184645,-0.08706881119783541,0.5604632802100449
-65.54513199184645,0.01902794019932631,-0.6554513199184645,-0.13435787175734887,0.4908513806582113
-65.54513199184645,0.02273825207633715,-0.6554513199184645,-0.19186409689435877,0.4172696137041578
-65.54513199184645,0.02644856395334799,-0.6554513199184645,-0.25958748660886516,0.339057324659358
-65.54513199184645,0.03015887583035883,-0.6554513199184645,-0.337528040900868,0.2554822673357915
-65.54513199184645,0.03386918770736967,-0.6554513199184645,-0.4256857597703674,0.16573760326026843
-65.54513199184645,0.03757949958438051,-0.6554513199184645,-0.524060643217363,0.06894049804371738
-65.54513199184645,0.04128981146139135,-0.6554513199184645,-0.6326526912418553,-0.03586703595059326
-65.54513199184645,0.04500012333840219,-0.6554513199184645,-0.7514619038438439,-0.14971428531052444
-65.54513199184645,0.04871043521541303,-0.6554513199184645,-0.880488281023329,-0.27369410504376424
-65.54513199184645,0.05242074709242387,-0.6554513199184645,-1.0197318227803105,-0.40895038712826226
-65.54513199184645,0.05613105896943471,-0.6554513199184645,-1.1691925291147884,-0.5566598127051523
-65.54513199184645,0.05984137084644555,-0.6554513199184645,-1.3288704000267628,-0.718007088400257
-65.54513199184645,0.06355168272345639,-0.6554513199184645,-1.4987654355162339,-0.8941531316047522
-65.54513199184645,0.06726199460046722,-0.6554513199184645,-1.6788776355832007,-1.0861961222431349
-65.54513199184645,0.07097230647747807,-0.6554513199184645,-1.8692070002276646,-1.295126007418343
-65.54513199184645,0.0746826183544889,-0.6554513199184645,-2.069753529449625,-1.5217739315935428
-65.54513199184645,0.07839293023149975,-0.6554513199184645,-2.2805172232490816,-1.7667591263660656
-65.54513199184645,0.08210324210851058,-0.6554513199184645,-2.5014980816260346,-2.030436929080596
-65.54513199184645,0.08581355398552143,-0.6554513199184645,-2.7326961045804845,-2.312852640567991
-65.54513199184645,0.08952386586253226,-0.6554513199184645,-2.97411129211243,-2.613706653102022
-65.54513199184645,0.09323417773954311,-0.6554513199184645,-3.2257436442218728,-2.932336427619101
-65.54513199184645,0.09694448961655394,-0.6554513199184645,-3.4875931609088116,-3.267720251579337
-65.54513199184645,0.10065480149356479,-0.6554513199184645,-3.759659842173247,-3.618506145800249
-65.54513199184645,0.10436511337057562,-0.6554513199184645,-4.041943688015179,-3.9830668635289075
-65.54513199184645,0.10807542524758647,-0.6554513199184645,-4.3344446984346074,-4.3595789035591705
-65.54513199184645,0.1117857371245973,-0.6554513199184645,-4.6371628734315316,-4.746120301343435
-65.54513199184645,0.11549604900160815,-0.6554513199184645,-4.950098213005953,-5.14077923693162
-65.54513199184645,0.11920636087861898,-0.6554513199184645,-5.27325071715787,-5.541763747710669
-65.54513199184645,0.12291667275562983,-0.6554513199184645,-5.606620385887285,-5.947502424272063
-65.54513199184645,0.12662698463264066,-0.6554513199184645,-5.950207219194195,-6.356726986719428
-65.54513199184645,0.1303372965096515,-0.6554513199184645,-6.304011217078602,-6.76852987116451
-65.54513199184645,0.13404760838666235,-0.6554513199184645,-6.668032379540506,-7.182392951659793
-65.54513199184645,0.13775792026367317,-0.6554513199184645,-7.042270706579904,-7.5981867265721785
-65.54513199184645,0.14146823214068402,-0.6554513199184645,-7.426726198196802,-8.016142196175906
-65.54513199184645,0.14517854401769487,-0.6554513199184645,-7.821398854391194,-8.436799886999626
-65.54513199184645,0.1488888558947057,-0.6554513199184645,-8.226288675163085,-8.86094187439877
-65.54513199184645,0.15259916777171653,-0.6554513199184645,-8.641395660512467,-9.289513237889226
-65.54513199184645,0.15630947964872738,-0.6554513199184645,-9.06671981043935,-9.723539299193149
-65.54513199184645,0.16001979152573823,-0.6554513199184645,-9.50226112494373,-10.164044438522525
-65.54513199184645,0.16373010340274907,-0.6554513199184645,-9.948019604025605,-10.611977448713274
-65.54513199184645,0.1674404152797599,-0.6554513199184645,-10.403995247684975,-11.068147410953936
-65.54513199184645,0.17115072715677074,-0.6554513199184645,-10.870188055921842,-11.53317304464506
-65.54513199184645,0.17486103903378158,-0.6554513199184645,-11.346598028736208,-12.007447436477458
-65.54513199184645,0.17857135091079243,-0.6554513199184645,-11.83322516612807,-12.491119006722922
-65.54513199184645,0.18228166278780325,-0.6554513199184645,-12.330069468097426,-12.984088542341437
-65.54513199184645,0.1859919746648141,-0.6554513199184645,-12.837130934644279,-13.48602115403954
-65.54513199184645,0.18970228654182494,-0.6554513199184645,-13.35440956576863,-13.99637115892234
-65.54513199184645,0.1934125984188358,-0.6554513199184645,-13.88190536147048,-14.514417228747483
-65.54513199184645,0.1971229102958466,-0.6554513199184645,-14.41961832174982,-15.039304750878305
-65.54513199184645,0.20083322217285746,-0.6554513199184645,-14.967548446606658,-15.57009227622892
-65.54513199184645,0.2045435340498683,-0.6554513199184645,-15.525695736040994,-16.105799185907923
-65.54513199184645,0.20825384592687915,-0.6554513199184645,-16.09406019005283,-16.64545225668278
-65.54513199184645,0.21196415780388997,-0.6554513199184645,-16.672641808642155,-17.188129560722267
-65.54513199184645,0.21567446968090082,-0.6554513199184645,-17.26144059180898,-17.733000984034717
-65.54513199184645,0.21938478155791166,-0.6554513199184645,-17.860456539553304,-18.279365470115046
-65.54513199184645,0.2230950934349225,-0.6554513199184645,-18.46968965187512,-18.826685784799633
-65.54513199184645,0.22680540531193333,-0.6554513199184645,-19.089139928774433,-19.374622080239824
-65.54513199184645,0.23051571718894417,-0.6554513199184645,-19.718807370251245,-19.923065772666607
-65.54513199184645,0.23422602906595502,-0.6554513199184645,-20.358691976305554,-20.472175236682272
-65.54513199184645,0.23793634094296587,-0.6554513199184645,-21.00879374693736,-21.022414577261017
-65.54513199184645,0.2416466528199767,-0.6554513199184645,-21.669112682146658,-21.57459629505915
-65.54513199184645,0.24535696469698753,-0.6554513199184645,-22.339648781933455,-22.129928025791493
-65.54513199184645,0.24906727657399838,-0.6554513199184645,-23.02040204629775,-22.69006269871641
-65.54513199184645,0.2527775884510092,-0.6554513199184645,-23.711372475239543,-23.25715037342371
-65.54513199184645,0.25648790032802005,-0.6554513199184645,-24.412560068758822,-23.833888586918228
-65.54513199184645,0.2601982122050309,-0.6554513199184645,-25.123964826855616,-24.423566148332153
-65.54513199184645,0.26390852408204174,-0.6554513199184645,-25.845586749529886,-25.030092821779842
-65.54513199184645,0.26761883595905256,-0.6554513199184645,-26.577425836781657,-25.658004153970733
-65.54513199184645,0.27132914783606343,-0.6554513199184645,-27.319482088610936,-26.31242690502081
-65.54513199184645,0.27503945971307425,-0.6554513199184645,-28.071755505017705,-26.998986532907367
-65.54513199184645,0.27874977159008507,-0.6554513199184645,-28.83424608600196,-27.723634938838728
-65.54513199184645,0.28246008346709595,-0.6554513199184645,-29.606953831563732,-28.49237599719354
-65.54513199184645,0.28617039534410676,-0.6554513199184645,-30.389878741702983,-29.31087099030016
-65.54513199184645,0.28988070722111764,-0.6554513199184645,-31.183020816419745,-30.18391925548177
-65.54513199184645,0.29359101909812846,-0.6554513199184645,-31.98638005571399,-31.114833854817704
-65.54513199184645,0.2973013309751393,-0.6554513199184645,-32.79995645958574,-32.104767782853095
-65.54513199184645,0.30101164285215015,-0.6554513199184645,-33.62375002803499,-33.15208728985738
-65.54513199184645,0.30472195472916097,-0.6554513199184645,-34.45776076106172,-34.25192192321516
-64.15725514037742,0.011607316445304631,-0.6415725514037741,-0.049622938488280484,0.42916652916141107
-64.15725514037742,0.015317628322315471,-0.6415725514037741,-0.08641753683537078,0.36647102545100463
-64.15725514037742,0.01902794019932631,-0.6415725514037741,-0.13335287540943677,0.30044011091633305
-64.15725514037742,0.02273825207633715,-0.6415725514037741,-0.1904289542104785,0.23047548450658217
-64.15725514037742,0.02644856395334799,-0.6415725514037741,-0.257645773238496,0.1559093048040041
-64.15725514037742,0.03015887583035883,-0.6415725514037741,-0.33500333249348924,0.0759996535861025
-64.15725514037742,0.03386918770736967,-0.6415725514037741,-0.42250163197545826,-0.010072977756903523
-64.15725514037742,0.03757949958438051,-0.6415725514037741,-0.5201406716844029,-0.10320762994803578
-64.15725514037742,0.04128981146139135,-0.6415725514037741,-0.6279204516203234,-0.20438256754757234
-64.15725514037742,0.04500012333840219,-0.6415725514037741,-0.7458409717832196,-0.31465191224960254
-64.15725514037742,0.04871043521541303,-0.6415725514037741,-0.8739022321730915,-0.43513829345450405
-64.15725514037742,0.05242074709242387,-0.6415725514037741,-1.0121042327899392,-0.5670205137597768
-64.15725514037742,0.05613105896943471,-0.6415725514037741,-1.1604469736337626,-0.7115152190715612
-64.15725514037742,0.05984137084644555,-0.6415725514037741,-1.3189304547045617,-0.8698516661489228
-64.15725514037742,0.06355168272345639,-0.6415725514037741,-1.4875546760023366,-1.0432389413797036
-64.15725514037742,0.06726199460046722,-0.6415725514037741,-1.6663196375270868,-1.2328254497703846
-64.15725514037742,0.07097230647747807,-0.6415725514037741,-1.8552253392788132,-1.4396511971704098
-64.15725514037742,0.0746826183544889,-0.6415725514037741,-2.054271781257515,-1.6645943385279578
-64.15725514037742,0.07839293023149975,-0.6415725514037741,-2.263458963463193,-1.908314620093011
-64.15725514037742,0.08210324210851058,-0.6415725514037741,-2.4827868858958464,-2.17119759764706
-64.15725514037742,0.08581355398552143,-0.6415725514037741,-2.712255548555476,-2.453304683500208
-64.15725514037742,0.08952386586253226,-0.6415725514037741,-2.9518649514420807,-2.7543349108491983
-64.15725514037742,0.09323417773954311,-0.6415725514037741,-3.2016150945556614,-3.073604519107401
-64.15725514037742,0.09694448961655394,-0.6415725514037741,-3.461505977896218,-3.4100498006907465
-64.15725514037742,0.10065480149356479,-0.6415725514037741,-3.7315376014637502,-3.7622569641648806
-64.15725514037742,0.10436511337057562,-0.6415725514037741,-4.011709965258258,-4.128520111798915
-64.15725514037742,0.10807542524758647,-0.6415725514037741,-4.302023069279742,-4.506925095741407
-64.15725514037742,0.1117857371245973,-0.6415725514037741,-4.602476913528201,-4.895453525147095
-64.15725514037742,0.11549604900160815,-0.6415725514037741,-4.913071498003636,-5.292098192359756
-64.15725514037742,0.11920636087861898,-0.6415725514037741,-5.233806822706047,-5.694979283445935
-64.15725514037742,0.12291667275562983,-0.6415725514037741,-5.564682887635434,-6.10245034805253
-64.15725514037742,0.12662698463264066,-0.6415725514037741,-5.905699692791796,-6.513184213551984
-64.15725514037742,0.1303372965096515,-0.6415725514037741,-6.256857238175134,-6.926231579848972
-64.15725514037742,0.13404760838666235,-0.6415725514037741,-6.618155523785449,-7.341048400822023
-64.15725514037742,0.13775792026367317,-0.6415725514037741,-6.989594549622737,-7.757491713076318
-64.15725514037742,0.14146823214068402,-0.6415725514037741,-7.371174315687003,-8.17578673685511
-64.15725514037742,0.14517854401769487,-0.6415725514037741,-7.762894821978244,-8.596470452893294
-64.15725514037742,0.1488888558947057,-0.6415725514037741,-8.16475606849646,-9.02031828753921
-64.15725514037742,0.15259916777171653,-0.6415725514037741,-8.576758055241651,-9.448261056651706
-64.15725514037742,0.15630947964872738,-0.6415725514037741,-8.998900782213822,-9.881299100788995
-64.15725514037742,0.16001979152573823,-0.6415725514037741,-9.431184249412965,-10.320419815076546
-64.15725514037742,0.16373010340274907,-0.6415725514037741,-9.873608456839087,-10.766523745219635
-64.15725514037742,0.1674404152797599,-0.6415725514037741,-10.32617340449218,-11.22036324072051
-64.15725514037742,0.17115072715677074,-0.6415725514037741,-10.78887909237225,-11.682496421388425
-64.15725514037742,0.17486103903378158,-0.6415725514037741,-11.261725520479299,-12.153257973368111
-64.15725514037742,0.17857135091079243,-0.6415725514037741,-11.74471268881332,-12.632747077827725
-64.15725514037742,0.18228166278780325,-0.6415725514037741,-12.23784059737432,-13.120831627130928
-64.15725514037742,0.1859919746648141,-0.6415725514037741,-12.741109246162292,-13.617166857782392
-64.15725514037742,0.18970228654182494,-0.6415725514037741,-13.254518635177243,-14.121225703855037
-64.15725514037742,0.1934125984188358,-0.6415725514037741,-13.77806876441917,-14.632337631108507
-64.15725514037742,0.1971229102958466,-0.6415725514037741,-14.31175963388807,-15.149732515701146
-64.15725514037742,0.20083322217285746,-0.6415725514037741,-14.855591243583945,-15.672586308671349
-64.15725514037742,0.2045435340498683,-0.6415725514037741,-15.4095635935068,-16.200065752294027
-64.15725514037742,0.20825384592687915,-0.6415725514037741,-15.97367668365663,-16.731370208227915
-64.15725514037742,0.21196415780388997,-0.6415725514037741,-16.547930514033432,-17.2657696014409
-64.15725514037742,0.21567446968090082,-0.6415725514037741,-17.132325084637213,-17.802638442355054
-64.15725514037742,0.21938478155791166,-0.6415725514037741,-17.72686039546797,-18.341486734741995
-64.15725514037742,0.2230950934349225,-0.6415725514037741,-18.3315364465257,-18.881989210164576
-64.15725514037742,0.22680540531193333,-0.6415725514037741,-18.946353237810403,-19.42401469387011
-64.15725514037742,0.23051571718894417,-0.6415725514037741,-19.57131076932209,-19.967657486452254
-64.15725514037742,0.23422602906595502,-0.6415725514037741,-20.20640904106075,-20.513272457228485
-64.15725514037742,0.23793634094296587,-0.6415725514037741,-20.851648053026384,-21.06151512244223
-64.15725514037742,0.2416466528199767,-0.6415725514037741,-21.50702780521899,-21.61338735485648
-64.15725514037742,0.24535696469698753,-0.6415725514037741,-22.172548297638578,-22.170288550932344
-64.15725514037742,0.24906727657399838,-0.6415725514037741,-22.84820953028514,-22.734071041506418
-64.15725514037742,0.2527775884510092,-0.6415725514037741,-23.53401150315868,-23.30709720034165
-64.15725514037742,0.25648790032802005,-0.6415725514037741,-24.229954216259188,-23.89229396528793
-64.15725514037742,0.2601982122050309,-0.6415725514037741,-24.936037669586685,-24.49319819187096
-64.15725514037742,0.26390852408204174,-0.6415725514037741,-25.652261863141145,-25.113983272961768
-64.15725514037742,0.26761883595905256,-0.6415725514037741,-26.37862679692258,-25.759453741010372
-64.15725514037742,0.27132914783606343,-0.6415725514037741,-27.115132470931,-26.434990326620465
-64.15725514037742,0.27503945971307425,-0.6415725514037741,-27.861778885166395,-27.14642385584237
-64.15725514037742,0.27874977159008507,-0.6415725514037741,-28.618566039628753,-27.899813858753504
-64.15725514037742,0.28246008346709595,-0.6415725514037741,-29.385493934318106,-28.701109251459354
-64.15725514037742,0.28617039534410676,-0.6415725514037741,-30.162562569234417,-29.555677288869653
-64.15725514037742,0.28988070722111764,-0.6415725514037741,-30.949771944377723,-30.467706687103863
-64.15725514037742,0.29359101909812846,-0.6415725514037741,-31.747122059747987,-31.43952321246215
-64.15725514037742,0.2973013309751393,-0.6415725514037741,-32.55461291534523,-32.47089830554069
-64.15725514037742,0.30101164285215015,-0.6415725514037741,-33.37224451116946,-33.55847305121095
-64.15725514037742,0.30472195472916097,-0.6415725514037741,-34.20001684722065,-34.69544279087751
-62.769378288908385,0.011607316445304631,-0.6276937828890838,-0.049248961760742616,0.25135439680291505
-62.769378288908385,0.015317628322315471,-0.6276937828890838,-0.08576626247290617,0.1921838059117853
-62.769378288908385,0.01902794019932631,-0.6276937828890838,-0.13234787906152473,0.1296994894333059
-62.769378288908385,0.02273825207633715,-0.6276937828890838,-0.1889938115265983,0.06329854682279823
-62.769378288908385,0.02644856395334799,-0.6276937828890838,-0.25570405986812694,-0.007693299429728739
-62.769378288908385,0.03015887583035883,-0.6276937828890838,-0.33247862408611056,-0.08402668644120048
-62.769378288908385,0.03386918770736967,-0.6276937828890838,-0.41931750418054936,-0.1665326158935172
-62.769378288908385,0.03757949958438051,-0.6276937828890838,-0.5162207001514431,-0.25612491691327177
-62.769378288908385,0.04128981146139135,-0.6276937828890838,-0.6231882119987917,-0.3538004627045055
-62.769378288908385,0.04500012333840219,-0.6276937828890838,-0.7402200397225955,-0.4606362929296237
-62.769378288908385,0.04871043521541303,-0.6276937828890838,-0.8673161833228543,-0.577782661716824
-62.769378288908385,0.05242074709242387,-0.6276937828890838,-1.0044766427995682,-0.7064509351238164
-62.769378288908385,0.05613105896943471,-0.6276937828890838,-1.151701418152737,-0.8478952362175503
-62.769378288908385,0.05984137084644555,-0.6276937828890838,-1.3089905093823608,-1.0033868249514915
-62.769378288908385,0.06355168272345639,-0.6276937828890838,-1.4763439164884398,-1.174180455526765
-62.769378288908385,0.06726199460046722,-0.6276937828890838,-1.653761639470973,-1.361472428623434
-62.769378288908385,0.07097230647747807,-0.6276937828890838,-1.8412436783299624,-1.5663507915066348
-62.769378288908385,0.0746826183544889,-0.6276937828890838,-2.038790033065406,-1.7897391485555851
-62.769378288908385,0.07839293023149975,-0.6276937828890838,-2.2464007036773053,-2.032336790451299
-62.769378288908385,0.08210324210851058,-0.6276937828890838,-2.464075690165659,-2.294559221669769
-62.769378288908385,0.08581355398552143,-0.6276937828890838,-2.6918149925304684,-2.5764844666232665
-62.769378288908385,0.08952386586253226,-0.6276937828890838,-2.9296186107717324,-2.8778114884768695
-62.769378288908385,0.09323417773954311,-0.6276937828890838,-3.1774865448894514,-3.1978373414213004
-62.769378288908385,0.09694448961655394,-0.6276937828890838,-3.4354187948836254,-3.5354590039279272
-62.769378288908385,0.10065480149356479,-0.6276937828890838,-3.7034153607542546,-3.889204036813903
-62.769378288908385,0.10436511337057562,-0.6276937828890838,-3.9814762425013384,-4.257291323562113
-62.769378288908385,0.10807542524758647,-0.6276937828890838,-4.2696014401248785,-4.637719504161501
-62.769378288908385,0.1117857371245973,-0.6276937828890838,-4.567790953624872,-5.028376886916216
-62.769378288908385,0.11549604900160815,-0.6276937828890838,-4.876044783001321,-5.4271633398423615
-62.769378288908385,0.11920636087861898,-0.6276937828890838,-5.194362928254225,-5.832112612568031
-62.769378288908385,0.12291667275562983,-0.6276937828890838,-5.522745389383585,-6.241503176979622
-62.769378288908385,0.12662698463264066,-0.6276937828890838,-5.861192166389399,-6.653947087045465
-62.769378288908385,0.1303372965096515,-0.6276937828890838,-6.209703259271668,-7.068449239578429
-62.769378288908385,0.13404760838666235,-0.6276937828890838,-6.568278668030393,-7.484433168593354
-62.769378288908385,0.13775792026367317,-0.6276937828890838,-6.9369183926655715,-7.901733412513966
-62.769378288908385,0.14146823214068402,-0.6276937828890838,-7.315622433177206,-8.320557918069994
-62.769378288908385,0.14517854401769487,-0.6276937828890838,-7.704390789565296,-8.741426461850669
-62.769378288908385,0.1488888558947057,-0.6276937828890838,-8.10322346182984,-9.16509251529978
-62.769378288908385,0.15259916777171653,-0.6276937828890838,-8.512120449970839,-9.59245641306594
-62.769378288908385,0.15630947964872738,-0.6276937828890838,-8.931081753988293,-10.024477312148786
-62.769378288908385,0.16001979152573823,-0.6276937828890838,-9.360107373882204,-10.462090503133664
-62.769378288908385,0.16373010340274907,-0.6276937828890838,-9.79919730965257,-10.906135384479645
-62.769378288908385,0.1674404152797599,-0.6276937828890838,-10.248351561299385,-11.357298005795396
-62.769378288908385,0.17115072715677074,-0.6276937828890838,-10.707570128822661,-11.816070633362068
-62.769378288908385,0.17486103903378158,-0.6276937828890838,-11.176853012222393,-12.282729355795585
-62.769378288908385,0.17857135091079243,-0.6276937828890838,-11.656200211498577,-12.7573293806282
-62.769378288908385,0.18228166278780325,-0.6276937828890838,-12.145611726651216,-13.239716433305889
-62.769378288908385,0.1859919746648141,-0.6276937828890838,-12.64508755768031,-13.729551635659044
-62.769378288908385,0.18970228654182494,-0.6276937828890838,-13.154627704585861,-14.226346498537417
-62.769378288908385,0.1934125984188358,-0.6276937828890838,-13.674232167367867,-14.729504290944508
-62.769378288908385,0.1971229102958466,-0.6276937828890838,-14.203900946026325,-15.238364090415686
-62.769378288908385,0.20083322217285746,-0.6276937828890838,-14.743634040561238,-15.752244269119256
-62.769378288908385,0.2045435340498683,-0.6276937828890838,-15.293431450972609,-16.27048296077661
-62.769378288908385,0.20825384592687915,-0.6276937828890838,-15.853293177260436,-16.792474067840338
-62.769378288908385,0.21196415780388997,-0.6276937828890838,-16.423219219424713,-17.317698459674606
-62.769378288908385,0.21567446968090082,-0.6276937828890838,-17.003209577465448,-17.845751031865955
-62.769378288908385,0.21938478155791166,-0.6276937828890838,-17.59326425138264,-18.376365119232425
-62.769378288908385,0.2230950934349225,-0.6276937828890838,-18.193383241176285,-18.909436297203506
-62.769378288908385,0.22680540531193333,-0.6276937828890838,-18.80356654684638,-19.445047832298798
-62.769378288908385,0.23051571718894417,-0.6276937828890838,-19.423814168392937,-19.98349995875596
-62.769378288908385,0.23422602906595502,-0.6276937828890838,-20.05412610581595,-20.525344798752155
-62.769378288908385,0.23793634094296587,-0.6276937828890838,-20.694502359115415,-21.071428150021422
-62.769378288908385,0.2416466528199767,-0.6276937828890838,-21.34494292829133,-21.622938566629823
-62.769378288908385,0.24535696469698753,-0.6276937828890838,-22.005447813343707,-22.181463155396965
-62.769378288908385,0.24906727657399838,-0.6276937828890838,-22.67601701427254,-22.74904825688017
-62.769378288908385,0.2527775884510092,-0.6276937828890838,-23.35665053107783,-23.328261580004586
-62.769378288908385,0.25648790032802005,-0.6276937828890838,-24.04734836375956,-23.92225027148299
-62.769378288908385,0.2601982122050309,-0.6276937828890838,-24.748110512317766,-24.53478666288741
-62.769378288908385,0.26390852408204174,-0.6276937828890838,-25.45893697675241,-25.170289927961313
-62.769378288908385,0.26761883595905256,-0.6276937828890838,-26.17982775706351,-25.83380763728929
-62.769378288908385,0.27132914783606343,-0.6276937828890838,-26.910782853251078,-26.530936608839305
-62.769378288908385,0.27503945971307425,-0.6276937828890838,-27.65180226531509,-27.267658548545295
-62.769378288908385,0.27874977159008507,-0.6276937828890838,-28.402885993255556,-28.050064727360976
-62.769378288908385,0.28246008346709595,-0.6276937828890838,-29.16403403707249,-28.883948432515847
-62.769378288908385,0.28617039534410676,-0.6276937828890838,-29.935246396765862,-29.77425802244251
-62.769378288908385,0.28988070722111764,-0.6276937828890838,-30.716523072335708,-30.724430430237028
-62.769378288908385,0.29359101909812846,-0.6276937828890838,-31.50786406378199,-31.735665046965504
-62.769378288908385,0.2973013309751393,-0.6276937828890838,-32.30926937110473,-32.806244563261345
-62.769378288908385,0.30101164285215015,-0.6276937828890838,-33.12073899430394,-33.93104709839813
-62.769378288908385,0.30472195472916097,-0.6276937828890838,-33.94227293337959,-35.1014007673862
-61.38150143743935,0.011607316445304631,-0.6138150143743935,-0.04887498503320473,0.09270020186947203
-61.38150143743935,0.015317628322315471,-0.6138150143743935,-0.08511498811044153,0.03696540255522862
-61.38150143743935,0.01902794019932631,-0.6138150143743935,-0.13134288271361264,-0.0220790738358021
-61.38150143743935,0.02273825207633715,-0.6138150143743935,-0.18755866884271802,-0.08504001703832031
-61.38150143743935,0.02644856395334799,-0.6138150143743935,-0.2537623464977578,-0.1525972449542925
-61.38150143743935,0.03015887583035883,-0.6138150143743935,-0.32995391567873184,-0.22550900473309854
-61.38150143743935,0.03386918770736967,-0.6138150143743935,-0.41613337638564024,-0.3046164427510125
-61.38150143743935,0.03757949958438051,-0.6138150143743935,-0.5123007286184829,-0.390846566251172
-61.38150143743935,0.04128981146139135,-0.6138150143743935,-0.6184559723772599,-0.4852129697832157
-61.38150143743935,0.04500012333840219,-0.6138150143743935,-0.7345991076619712,-0.5888134429656704
-61.38150143743935,0.04871043521541303,-0.6138150143743935,-0.8607301344726168,-0.7028234283775339
-61.38150143743935,0.05242074709242387,-0.6138150143743935,-0.9968490528091968,-0.828484184682174
-61.38150143743935,0.05613105896943471,-0.6138150143743935,-1.142955862671711,-0.9670844664718135
-61.38150143743935,0.05984137084644555,-0.6138150143743935,-1.2990505640601595,-1.119934606227893
-61.38150143743935,0.06355168272345639,-0.6138150143743935,-1.4651331569745425,-1.2883321317311607
-61.38150143743935,0.06726199460046722,-0.6138150143743935,-1.6412036414148592,-1.4735185331861613
-61.38150143743935,0.07097230647747807,-0.6138150143743935,-1.8272620173811107,-1.6766275570945939
-61.38150143743935,0.0746826183544889,-0.6138150143743935,-2.0233082848732966,-1.8986264680131293
-61.38150143743935,0.07839293023149975,-0.6138150143743935,-2.2293424438914164,-2.1402530503215935
-61.38150143743935,0.08210324210851058,-0.6138150143743935,-2.445364494435471,-2.4019526064964682
-61.38150143743935,0.08581355398552143,-0.6138150143743935,-2.67137443650546,-2.6838206369553923
-61.38150143743935,0.08952386586253226,-0.6138150143743935,-2.9073722701013827,-2.985557958965545
-61.38150143743935,0.09323417773954311,-0.6138150143743935,-3.15335799522324,-3.3064453849325086
-61.38150143743935,0.09694448961655394,-0.6138150143743935,-3.4093316118710315,-3.6453444042734846
-61.38150143743935,0.10065480149356479,-0.6138150143743935,-3.6752931200447576,-4.00072840020613
-61.38150143743935,0.10436511337057562,-0.6138150143743935,-3.951242519744418,-4.370745825879011
-61.38150143743935,0.10807542524758647,-0.6138150143743935,-4.237179810970013,-4.753312813491075
-61.38150143743935,0.1117857371245973,-0.6138150143743935,-4.533104993721541,-5.146228534316311
-61.38150143743935,0.11549604900160815,-0.6138150143743935,-4.839018067999005,-5.547303070802337
-61.38150143743935,0.11920636087861898,-0.6138150143743935,-5.154919033802402,-5.954485367464573
-61.38150143743935,0.12291667275562983,-0.6138150143743935,-5.480807891131734,-6.365978496289596
-61.38150143743935,0.12662698463264066,-0.6138150143743935,-5.816684639987,-6.7803310901405265
-61.38150143743935,0.1303372965096515,-0.6138150143743935,-6.1625492803682,-7.196497010418327
-61.38150143743935,0.13404760838666235,-0.6138150143743935,-6.518401812275336,-7.613859445645506
-61.38150143743935,0.13775792026367317,-0.6138150143743935,-6.884242235708403,-8.032219890263912
-61.38150143743935,0.14146823214068402,-0.6138150143743935,-7.2600705506674075,-8.451756128064357
-61.38150143743935,0.14517854401769487,-0.6138150143743935,-7.645886757152345,-8.872955986833734
-61.38150143743935,0.1488888558947057,-0.6138150143743935,-8.041690855163218,-9.296535076313933
-61.38150143743935,0.15259916777171653,-0.6138150143743935,-8.447482844700023,-9.723347054151827
-61.38150143743935,0.15630947964872738,-0.6138150143743935,-8.863262725762764,-10.154294418530784
-61.38150143743935,0.16001979152573823,-0.6138150143743935,-9.289030498351439,-10.590246683161991
-61.38150143743935,0.16373010340274907,-0.6138150143743935,-9.72478616246605,-11.031971302761391
-61.38150143743935,0.1674404152797599,-0.6138150143743935,-10.17052971810659,-11.480081072990364
-61.38150143743935,0.17115072715677074,-0.6138150143743935,-10.626261165273068,-11.935000052750084
-61.38150143743935,0.17486103903378158,-0.6138150143743935,-11.091980503965482,-12.396948433399489
-61.38150143743935,0.17857135091079243,-0.6138150143743935,-11.567687734183828,-12.865945281954643
-61.38150143743935,0.18228166278780325,-0.6138150143743935,-12.053382855928108,-13.341826794282895
-61.38150143743935,0.1859919746648141,-0.6138150143743935,-12.549065869198323,-13.824276701011108
-61.38150143743935,0.18970228654182494,-0.6138150143743935,-13.054736773994474,-14.312864862057765
-61.38150143743935,0.1934125984188358,-0.6138150143743935,-13.57039557031656,-14.807089928601902
-61.38150143743935,0.1971229102958466,-0.6138150143743935,-14.096042258164575,-15.306422258689476
-61.38150143743935,0.20083322217285746,-0.6138150143743935,-14.631676837538526,-15.8103439973956
-61.38150143743935,0.2045435340498683,-0.6138150143743935,-15.177299308438414,-16.31838426723707
-61.38150143743935,0.20825384592687915,-0.6138150143743935,-15.732909670864236,-16.830148609190644
-61.38150143743935,0.21196415780388997,-0.6138150143743935,-16.29850792481599,-17.345343003663924
-61.38150143743935,0.21567446968090082,-0.6138150143743935,-16.87409407029368,-17.863793832798248
-61.38150143743935,0.21938478155791166,-0.6138150143743935,-17.459668107297304,-18.385465907227278
-61.38150143743935,0.2230950934349225,-0.6138150143743935,-18.055230035826863,-18.910481108879974
-61.38150143743935,0.22680540531193333,-0.6138150143743935,-18.660779855882353,-19.439140283451053
-61.38150143743935,0.23051571718894417,-0.6138150143743935,-19.27631756746378,-19.97195077703461
-61.38150143743935,0.23422602906595502,-0.6138150143743935,-19.90184317057114,-20.50966149636433
-61.38150143743935,0.23793634094296587,-0.6138150143743935,-20.537356665204438,-21.053306625137747
-61.38150143743935,0.2416466528199767,-0.6138150143743935,-21.182858051363667,-21.604258172376994
-61.38150143743935,0.24535696469698753,-0.6138150143743935,-21.83834732904883,-22.164286346176308
-61.38150143743935,0.24906727657399838,-0.6138150143743935,-22.50382449825993,-22.735625270223338
-61.38150143743935,0.2527775884510092,-0.6138150143743935,-23.179289558996967,-23.321039669683724
-61.38150143743935,0.25648790032802005,-0.6138150143743935,-23.864742511259927,-23.92388568318153
-61.38150143743935,0.2601982122050309,-0.6138150143743935,-24.56018335504884,-24.548155740050163
-61.38150143743935,0.26390852408204174,-0.6138150143743935,-25.265612090363668,-25.198493388439076
-61.38150143743935,0.26761883595905256,-0.6138150143743935,-25.98102871720443,-25.88015921882904
-61.38150143743935,0.27132914783606343,-0.6138150143743935,-26.706433235571144,-26.598924233967086
-61.38150143743935,0.27503945971307425,-0.6138150143743935,-27.44182564546378,-27.3608636216504
-61.38150143743935,0.27874977159008507,-0.6138150143743935,-28.187205946882347,-28.17202446976455
-61.38150143743935,0.28246008346709595,-0.6138150143743935,-28.942574139826863,-29.03794925723066
-61.38150143743935,0.28617039534410676,-0.6138150143743935,-29.707930224297296,-29.96305712935633
-61.38150143743935,0.28988070722111764,-0.6138150143743935,-30.483274200293682,-30.949919625691262
-61.38150143743935,0.29359101909812846,-0.6138150143743935,-31.268606067815988,-31.998514316061613
-61.38150143743935,0.2973013309751393,-0.6138150143743935,-32.06392582686423,-33.10558776545262
-61.38150143743935,0.30101164285215015,-0.6138150143743935,-32.869233477438414,-34.26428801493513
-61.38150143743935,0.30472195472916097,-0.6138150143743935,-33.68452901953852,-35.46421238994636
-59.993624585970316,0.011607316445304631,-0.5999362458597032,-0.04850100830566686,-0.047712995229399535
-59.993624585970316,0.015317628322315471,-0.5999362458597032,-0.08446371374797691,-0.10016394167747178
-59.993624585970316,0.01902794019932631,-0.5999362458597032,-0.13033788636570057,-0.15593554804859977
-59.993624585970316,0.02273825207633715,-0.5999362458597032,-0.1861235261588378,-0.21563767199924833
-59.993624585970316,0.02644856395334799,-0.5999362458597032,-0.25182063312738867,-0.2799546579306815
-59.993624585970316,0.03015887583035883,-0.5999362458597032,-0.3274292072713531,-0.34965112455095637
-59.993624585970316,0.03386918770736967,-0.5999362458597032,-0.41294924859073123,-0.42557686872281275
-59.993624585970316,0.03757949958438051,-0.5999362458597032,-0.5083807570855229,-0.5086702982460909
-59.993624585970316,0.04128981146139135,-0.5999362458597032,-0.6137237327557281,-0.5999596477091003
-59.993624585970316,0.04500012333840219,-0.5999362458597032,-0.728978175601347,-0.7005610631607238
-59.993624585970316,0.04871043521541303,-0.5999362458597032,-0.8541440856223795,-0.811672478982048
-59.993624585970316,0.05242074709242387,-0.5999362458597032,-0.9892214628188255,-0.9345620796522289
-59.993624585970316,0.05613105896943471,-0.5999362458597032,-1.1342103071906853,-1.0705500776671477
-59.993624585970316,0.05984137084644555,-0.5999362458597032,-1.2891106187379584,-1.2209825968896588
-59.993624585970316,0.06355168272345639,-0.5999362458597032,-1.4539223974606452,-1.3871966889449427
-59.993624585970316,0.06726199460046722,-0.5999362458597032,-1.6286456433587453,-1.5704759938262476
-59.993624585970316,0.07097230647747807,-0.5999362458597032,-1.8132803564322595,-1.7719973404975269
-59.993624585970316,0.0746826183544889,-0.5999362458597032,-2.007826536681187,-1.9927696951747533
-59.993624585970316,0.07839293023149975,-0.5999362458597032,-2.2122841841055285,-2.2335682737384333
-59.993624585970316,0.08210324210851058,-0.5999362458597032,-2.426653298705283,-2.4948682250107557
-59.993624585970316,0.08581355398552143,-0.5999362458597032,-2.650933880480452,-2.7767838431527965
-59.993624585970316,0.08952386586253226,-0.5999362458597032,-2.885125929431034,-3.0790204575372875
-59.993624585970316,0.09323417773954311,-0.5999362458597032,-3.129229445557029,-3.4008465914439374
-59.993624585970316,0.09694448961655394,-0.5999362458597032,-3.3832444288584385,-3.741093311581983
-59.993624585970316,0.10065480149356479,-0.5999362458597032,-3.6471708793352615,-4.09818568263476
-59.993624585970316,0.10436511337057562,-0.5999362458597032,-3.921008796987498,-4.470207930319672
-59.993624585970316,0.10807542524758647,-0.5999362458597032,-4.204758181815148,-4.854999677495332
-59.993624585970316,0.1117857371245973,-0.5999362458597032,-4.4984190338182115,-5.250276146641353
-59.993624585970316,0.11549604900160815,-0.5999362458597032,-4.801991352996689,-5.6537613999899605
-59.993624585970316,0.11920636087861898,-0.5999362458597032,-5.115475139350579,-6.0633213534992745
-59.993624585970316,0.12291667275562983,-0.5999362458597032,-5.438870392879884,-6.477082999397803
-59.993624585970316,0.12662698463264066,-0.5999362458597032,-5.772177113584602,-6.893528088968589
-59.993624585970316,0.1303372965096515,-0.5999362458597032,-6.1153953014647335,-7.31155306181391
-59.993624585970316,0.13404760838666235,-0.5999362458597032,-6.468524956520279,-7.7304915060998525
-59.993624585970316,0.13775792026367317,-0.5999362458597032,-6.831566078751237,-8.15010002020986
-59.993624585970316,0.14146823214068402,-0.5999362458597032,-7.20451866815761,-8.57051225885181
-59.993624585970316,0.14517854401769487,-0.5999362458597032,-7.5873827247393955,-8.992168700745012
-59.993624585970316,0.1488888558947057,-0.5999362458597032,-7.980158248496596,-9.415731107735244
-59.993624585970316,0.15259916777171653,-0.5999362458597032,-8.382845239429209,-9.84199086188912
-59.993624585970316,0.15630947964872738,-0.5999362458597032,-8.795443697537236,-10.271779632241483
-59.993624585970316,0.16001979152573823,-0.5999362458597032,-9.217953622820676,-10.705889447515979
-59.993624585970316,0.16373010340274907,-0.5999362458597032,-9.650375015279531,-11.14500751327789
-59.993624585970316,0.1674404152797599,-0.5999362458597032,-10.092707874913796,-11.589669222000033
-59.993624585970316,0.17115072715677074,-0.5999362458597032,-10.544952201723477,-12.040230909211974
-59.993624585970316,0.17486103903378158,-0.5999362458597032,-11.007107995708575,-12.496862116262719
-59.993624585970316,0.17857135091079243,-0.5999362458597032,-11.479175256869082,-12.95955552617775
-59.993624585970316,0.18228166278780325,-0.5999362458597032,-11.961153985205003,-13.428151442163308
-59.993624585970316,0.1859919746648141,-0.5999362458597032,-12.453044180716338,-13.902372776755488
-59.993624585970316,0.18970228654182494,-0.5999362458597032,-12.954845843403088,-14.381866093662213
-59.993624585970316,0.1934125984188358,-0.5999362458597032,-13.466558973265254,-14.866244332424415
-59.993624585970316,0.1971229102958466,-0.5999362458597032,-13.988183570302827,-15.35512742571223
-59.993624585970316,0.20083322217285746,-0.5999362458597032,-14.519719634515816,-15.84817800149471
-59.993624585970316,0.2045435340498683,-0.5999362458597032,-15.061167165904221,-16.345130603264536
-59.993624585970316,0.20825384592687915,-0.5999362458597032,-15.61252616446804,-16.845814186407786
-59.993624585970316,0.21196415780388997,-0.5999362458597032,-16.173796630207267,-17.350168884169403
-59.993624585970316,0.21567446968090082,-0.5999362458597032,-16.744978563121915,-17.858259038813884
-59.993624585970316,0.21938478155791166,-0.5999362458597032,-17.326071963211973,-18.370285167705134
-59.993624585970316,0.2230950934349225,-0.5999362458597032,-17.917076830477445,-18.886597839959315
-59.993624585970316,0.22680540531193333,-0.5999362458597032,-18.517993164918327,-19.407716384665342
-59.993624585970316,0.23051571718894417,-0.5999362458597032,-19.128820966534626,-19.934354975766205
-59.993624585970316,0.23422602906595502,-0.5999362458597032,-19.74956023532634,-20.46745799184447
-59.993624585970316,0.23793634094296587,-0.5999362458597032,-20.380210971293465,-21.00824567098689
-59.993624585970316,0.2416466528199767,-0.5999362458597032,-21.020773174436002,-21.55826998128225
-59.993624585970316,0.24535696469698753,-0.5999362458597032,-21.671246844753956,-22.1194792703248
-59.993624585970316,0.24906727657399838,-0.5999362458597032,-22.331631982247327,-22.694288550959975
-59.993624585970316,0.2527775884510092,-0.5999362458597032,-23.001928586916108,-23.285650078995527
-59.993624585970316,0.25648790032802005,-0.5999362458597032,-23.682136658760296,-23.897115999341096
-59.993624585970316,0.2601982122050309,-0.5999362458597032,-24.372256197779915,-24.53288111542707
-59.993624585970316,0.26390852408204174,-0.5999362458597032,-25.072287203974927,-25.1977892385381
-59.993624585970316,0.26761883595905256,-0.5999362458597032,-25.782229677345356,-25.897281395141384
-59.993624585970316,0.27132914783606343,-0.5999362458597032,-26.502083617891213,-26.637259342139433
-59.993624585970316,0.27503945971307425,-0.5999362458597032,-27.231849025612476,-27.42383529812274
-59.993624585970316,0.27874977159008507,-0.5999362458597032,-27.971525900509143,-28.262941759971767
-59.993624585970316,0.28246008346709595,-0.5999362458597032,-28.72111424258124,-29.15978805081849
-59.993624585970316,0.28617039534410676,-0.5999362458597032,-29.480614051828738,-30.118177028138554
-59.993624585970316,0.28988070722111764,-0.5999362458597032,-30.250025328251663,-31.13973748316691
-59.993624585970316,0.29359101909812846,-0.5999362458597032,-31.029348071849984,-32.22317959531755
-59.993624585970316,0.2973013309751393,-0.5999362458597032,-31.818582282623726,-33.36372659760481
-59.993624585970316,0.30101164285215015,-0.5999362458597032,-32.61772796057289,-34.55289105239781
-59.993624585970316,0.30472195472916097,-0.5999362458597032,-33.426785105697455,-35.77872541776875
-58.60574773450128,0.011607316445304631,-0.5860574773450128,-0.04812703157812898,-0.17107066383312253
-58.60574773450128,0.015317628322315471,-0.5860574773450128,-0.0838124393855123,-0.22043904581785956
-58.60574773450128,0.01902794019932631,-0.5860574773450128,-0.12933289001778847,-0.2731511455334634
-58.60574773450128,0.02273825207633715,-0.5860574773450128,-0.18468838347495756,-0.32981898429536116
-58.60574773450128,0.02644856395334799,-0.5860574773450128,-0.24987891975701954,-0.3911303273169078
-58.60574773450128,0.03015887583035883,-0.5860574773450128,-0.3249044988639744,-0.45785482177504244
-58.60574773450128,0.03386918770736967,-0.5860574773450128,-0.4097651207958222,-0.5308492988502054
-58.60574773450128,0.03757949958438051,-0.5860574773450128,-0.5044607855525628,-0.611061645193161
-58.60574773450128,0.04128981146139135,-0.5860574773450128,-0.6089914931341964,-0.6995324829889298
-58.60574773450128,0.04500012333840219,-0.5860574773450128,-0.7233572435407228,-0.7973937188810263
-58.60574773450128,0.04871043521541303,-0.5860574773450128,-0.8475580367721421,-0.9058628462241494
-58.60574773450128,0.05242074709242387,-0.5860574773450128,-0.9815938728284543,-1.0262317384761914
-58.60574773450128,0.05613105896943471,-0.5860574773450128,-1.1254647517096594,-1.1598485927426516
-58.60574773450128,0.05984137084644555,-0.5860574773450128,-1.2791706734157573,-1.3080917241028982
-58.60574773450128,0.06355168272345639,-0.5860574773450128,-1.4427116379467482,-1.472334138091679
-58.60574773450128,0.06726199460046722,-0.5860574773450128,-1.6160876453026316,-1.6538982909488693
-58.60574773450128,0.07097230647747807,-0.5860574773450128,-1.7992986954834085,-1.854001247543125
-58.60574773450128,0.0746826183544889,-0.5860574773450128,-1.9923447884890777,-2.0736915982124353
-58.60574773450128,0.07839293023149975,-0.5860574773450128,-2.19522592431964,-2.3137809724701266
-58.60574773450128,0.08210324210851058,-0.5860574773450128,-2.4079421029750954,-2.5747746738156563
-58.60574773450128,0.08581355398552143,-0.5860574773450128,-2.630493324455444,-2.8568076265698235
-58.60574773450128,0.08952386586253226,-0.5860574773450128,-2.8628795887606846,-3.1595931303305296
-58.60574773450128,0.09323417773954311,-0.5860574773450128,-3.1051008958908186,-3.48239244476296
-58.60574773450128,0.09694448961655394,-0.5860574773450128,-3.3571572458458454,-3.8240125771736366
-58.60574773450128,0.10065480149356479,-0.5860574773450128,-3.619048638625765,-4.182837562673509
-58.60574773450128,0.10436511337057562,-0.5860574773450128,-3.890775074230578,-4.5568950374070685
-58.60574773450128,0.10807542524758647,-0.5860574773450128,-4.172336552660283,-4.943955403908962
-58.60574773450128,0.1117857371245973,-0.5860574773450128,-4.463733073914881,-5.341656122084343
-58.60574773450128,0.11549604900160815,-0.5860574773450128,-4.764964637994373,-5.747639584121515
-58.60574773450128,0.11920636087861898,-0.5860574773450128,-5.076031244898757,-6.159690556857585
-58.60574773450128,0.12291667275562983,-0.5860574773450128,-5.396932894628034,-6.575858893337925
-58.60574773450128,0.12662698463264066,-0.5860574773450128,-5.727669587182204,-6.994555213445189
-58.60574773450128,0.1303372965096515,-0.5860574773450128,-6.068241322561266,-7.4146110877988445
-58.60574773450128,0.13404760838666235,-0.5860574773450128,-6.418648100765223,-7.8353001030757525
-58.60574773450128,0.13775792026367317,-0.5860574773450128,-6.77888992179407,-8.256321086784789
-58.60574773450128,0.14146823214068402,-0.5860574773450128,-7.148966785647812,-8.677748904285593
-58.60574773450128,0.14517854401769487,-0.5860574773450128,-7.528878692326447,-9.099961095013281
-58.60574773450128,0.1488888558947057,-0.5860574773450128,-7.9186256418299745,-9.523550024952412
-58.60574773450128,0.15259916777171653,-0.5860574773450128,-8.318207634158393,-9.94923032369687
-58.60574773450128,0.15630947964872738,-0.5860574773450128,-8.727624669311707,-10.377750440808146
-58.60574773450128,0.16001979152573823,-0.5860574773450128,-9.146876747289914,-10.809815539396478
-58.60574773450128,0.16373010340274907,-0.5860574773450128,-9.575963868093012,-11.246026951352784
-58.60574773450128,0.1674404152797599,-0.5860574773450128,-10.014886031721002,-11.686841285500298
-58.60574773450128,0.17115072715677074,-0.5860574773450128,-10.463643238173887,-12.132550180031924
-58.60574773450128,0.17486103903378158,-0.5860574773450128,-10.922235487451665,-12.583279757235175
-58.60574773450128,0.17857135091079243,-0.5860574773450128,-11.390662779554336,-13.039007188921154
-58.60574773450128,0.18228166278780325,-0.5860574773450128,-11.868925114481899,-13.499590525878045
-58.60574773450128,0.1859919746648141,-0.5860574773450128,-12.357022492234353,-13.964807180290224
-58.60574773450128,0.18970228654182494,-0.5860574773450128,-12.854954912811705,-14.434396238046933
-58.60574773450128,0.1934125984188358,-0.5860574773450128,-13.362722376213949,-14.908100123585255
-58.60574773450128,0.1971229102958466,-0.5860574773450128,-13.88032488244108,-15.385701979999798
-58.60574773450128,0.20083322217285746,-0.5860574773450128,-14.407762431493106,-15.867056333051416
-58.60574773450128,0.2045435340498683,-0.5860574773450128,-14.945035023370028,-16.35211200560416
-58.60574773450128,0.20825384592687915,-0.5860574773450128,-15.492142658071844,-16.840927650471237
-58.60574773450128,0.21196415780388997,-0.5860574773450128,-16.049085335598548,-17.333681503892127
-58.60574773450128,0.21567446968090082,-0.5860574773450128,-16.615863055950147,-17.83067790107183
-58.60574773450128,0.21938478155791166,-0.5860574773450128,-17.192475819126642,-18.33235366718458
-58.60574773450128,0.2230950934349225,-0.5860574773450128,-17.778923625128026,-18.839287684312314
-58.60574773450128,0.22680540531193333,-0.5860574773450128,-18.3752064739543,-19.35221676148395
-58.60574773450128,0.23051571718894417,-0.5860574773450128,-18.98132436560547,-19.87206044885307
-58.60574773450128,0.23422602906595502,-0.5860574773450128,-19.597277300081537,-20.399956687095298
-58.60574773450128,0.23793634094296587,-0.5860574773450128,-20.223065277382496,-20.937309199103375
-58.60574773450128,0.2416466528199767,-0.5860574773450128,-20.85868829750834,-21.485846305721484
-58.60574773450128,0.24535696469698753,-0.5860574773450128,-21.504146360459085,-22.047689322522338
-58.60574773450128,0.24906727657399838,-0.5860574773450128,-22.15943946623472,-22.625426754308975
-58.60574773450128,0.2527775884510092,-0.5860574773450128,-22.824567614835253,-23.222187978398104
-58.60574773450128,0.25648790032802005,-0.5860574773450128,-23.499530806260665,-23.841706801469744
-58.60574773450128,0.2601982122050309,-0.5860574773450128,-24.18432904051099,-24.48836103825879
-58.60574773450128,0.26390852408204174,-0.5860574773450128,-24.87896231758619,-25.167169133596342
-58.60574773450128,0.26761883595905256,-0.5860574773450128,-25.583430637486284,-25.883719308693603
-58.60574773450128,0.27132914783606343,-0.5860574773450128,-26.297734000211285,-26.644002028074635
-58.60574773450128,0.27503945971307425,-0.5860574773450128,-27.02187240576117,-27.4541152152619
-58.60574773450128,0.27874977159008507,-0.5860574773450128,-27.75584585413594,-28.31981744353754
-58.60574773450128,0.28246008346709595,-0.5860574773450128,-28.49965434533562,-29.24592206014504
-58.60574773450128,0.28617039534410676,-0.5860574773450128,-29.253297879360176,-30.235558752975052
-58.60574773450128,0.28988070722111764,-0.5860574773450128,-30.016776456209644,-31.28937792307618
-58.60574773450128,0.29359101909812846,-0.5860574773450128,-30.790090075883985,-32.40482804012327
-58.60574773450128,0.2973013309751393,-0.5860574773450128,-31.57323873838323,-33.57567639558447
-58.60574773450128,0.30101164285215015,-0.5860574773450128,-32.36622244370737,-34.79194197361418
-58.60574773450128,0.30472195472916097,-0.5860574773450128,-33.169041191856394,-36.04034516774121
-57.21787088303225,0.011607316445304631,-0.5721787088303225,-0.04775305485059111,-0.2787407781229603
-57.21787088303225,0.015317628322315471,-0.5721787088303225,-0.08316116502304768,-0.32526320267190156
-57.21787088303225,0.01902794019932631,-0.5721787088303225,-0.1283278936698764,-0.37516140023208555
-57.21787088303225,0.02273825207633715,-0.5721787088303225,-0.1832532407910773,-0.42904859212856294
-57.21787088303225,0.02644856395334799,-0.5721787088303225,-0.24793720638665043,-0.4876147886125852
-57.21787088303225,0.03015887583035883,-0.5721787088303225,-0.3223797904565957,-0.5516332377494546
-57.21787088303225,0.03386918770736967,-0.5721787088303225,-0.4065809930009132,-0.621966085884917
-57.21787088303225,0.03757949958438051,-0.5721787088303225,-0.5005408140196028,-0.6995686510459382
-57.21787088303225,0.04128981146139135,-0.5721787088303225,-0.6042592535126646,-0.7854915378606773
-57.21787088303225,0.04500012333840219,-0.5721787088303225,-0.7177363114800986,-0.8808796346084296
-57.21787088303225,0.04871043521541303,-0.5721787088303225,-0.8409719879219048,-0.9869668452994969
-57.21787088303225,0.05242074709242387,-0.5721787088303225,-0.9739662828380832,-1.1050652483793866
-57.21787088303225,0.05613105896943471,-0.5721787088303225,-1.1167191962286336,-1.2365472782726403
-57.21787088303225,0.05984137084644555,-0.5721787088303225,-1.2692307280935562,-1.3828195509257748
-57.21787088303225,0.06355168272345639,-0.5721787088303225,-1.4315008784328511,-1.545287167729045
-57.21787088303225,0.06726199460046722,-0.5721787088303225,-1.6035296472465177,-1.725307808887949
-57.21787088303225,0.07097230647747807,-0.5721787088303225,-1.7853170345345573,-1.924135736248299
-57.21787088303225,0.0746826183544889,-0.5721787088303225,-1.9768630402969685,-2.1428570064535695
-57.21787088303225,0.07839293023149975,-0.5721787088303225,-2.178167664533752,-2.3823187278142464
-57.21787088303225,0.08210324210851058,-0.5721787088303225,-2.3892309072449076,-2.6430569638222807
-57.21787088303225,0.08581355398552143,-0.5721787088303225,-2.6100527684304358,-2.925229657419208
-57.21787088303225,0.08952386586253226,-0.5721787088303225,-2.840633248090336,-3.228562364254705
-57.21787088303225,0.09323417773954311,-0.5721787088303225,-3.0809723462246077,-3.5523151982866565
-57.21787088303225,0.09694448961655394,-0.5721787088303225,-3.3310700628332524,-3.8952787770215207
-57.21787088303225,0.10065480149356479,-0.5721787088303225,-3.590926397916269,-4.255804822451701
-57.21787088303225,0.10436511337057562,-0.5721787088303225,-3.8605413514736573,-4.631873439749343
-57.21787088303225,0.10807542524758647,-0.5721787088303225,-4.139914923505419,-5.021194367225517
-57.21787088303225,0.1117857371245973,-0.5721787088303225,-4.429047114011551,-5.421334459952641
-57.21787088303225,0.11549604900160815,-0.5721787088303225,-4.727937922992057,-5.829859356397813
-57.21787088303225,0.11920636087861898,-0.5721787088303225,-5.0365873504469345,-6.244474660831951
-57.21787088303225,0.12291667275562983,-0.5721787088303225,-5.354995396376184,-6.663151693365776
-57.21787088303225,0.12662698463264066,-0.5721787088303225,-5.683162060779806,-7.084225008107502
-57.21787088303225,0.1303372965096515,-0.5721787088303225,-6.0210873436578,-7.506452978676213
-57.21787088303225,0.13404760838666235,-0.5721787088303225,-6.368771245010167,-7.929037907056747
-57.21787088303225,0.13775792026367317,-0.5721787088303225,-6.726213764836904,-8.351607300024947
-57.21787088303225,0.14146823214068402,-0.5721787088303225,-7.093414903138015,-8.774162297549198
-57.21787088303225,0.14517854401769487,-0.5721787088303225,-7.470374659913497,-9.197002182620363
-57.21787088303225,0.1488888558947057,-0.5721787088303225,-7.857093035163353,-9.62063528472898
-57.21787088303225,0.15259916777171653,-0.5721787088303225,-8.253570028887578,-10.045686552140456
-57.21787088303225,0.15630947964872738,-0.5721787088303225,-8.659805641086178,-10.472810933309798
-57.21787088303225,0.16001979152573823,-0.5721787088303225,-9.07579987175915,-10.902619848745216
-57.21787088303225,0.16373010340274907,-0.5721787088303225,-9.501552720906494,-11.335625789452104
-57.21787088303225,0.1674404152797599,-0.5721787088303225,-9.937064188528208,-11.772207714397961
-57.21787088303225,0.17115072715677074,-0.5721787088303225,-10.382334274624295,-12.212597639190573
-57.21787088303225,0.17486103903378158,-0.5721787088303225,-10.837362979194758,-12.65688677001212
-57.21787088303225,0.17857135091079243,-0.5721787088303225,-11.302150302239589,-13.105047875566605
-57.21787088303225,0.18228166278780325,-0.5721787088303225,-11.776696243758794,-13.556969420811818
-57.21787088303225,0.1859919746648141,-0.5721787088303225,-12.261000803752369,-14.012496394300088
-57.21787088303225,0.18970228654182494,-0.5721787088303225,-12.75506398222032,-14.471472780321943
-57.21787088303225,0.1934125984188358,-0.5721787088303225,-13.258885779162643,-14.933781224749339
-57.21787088303225,0.1971229102958466,-0.5721787088303225,-13.772466194579332,-15.399376515216042
-57.21787088303225,0.20083322217285746,-0.5721787088303225,-14.295805228470396,-15.868310879361573
-57.21787088303225,0.2045435340498683,-0.5721787088303225,-14.828902880835836,-16.340750605391356
-57.21787088303225,0.20825384592687915,-0.5721787088303225,-15.371759151675647,-16.8169849156192
-57.21787088303225,0.21196415780388997,-0.5721787088303225,-15.924374040989825,-17.29742921717774
-57.21787088303225,0.21567446968090082,-0.5721787088303225,-16.486747548778382,-17.782625708397564
-57.21787088303225,0.21938478155791166,-0.5721787088303225,-17.058879675041307,-18.273244786235953
-57.21787088303225,0.2230950934349225,-0.5721787088303225,-17.640770419778605,-18.77009078199381
-57.21787088303225,0.22680540531193333,-0.5721787088303225,-18.232419782990274,-19.274115285920587
-57.21787088303225,0.23051571718894417,-0.5721787088303225,-18.833827764676318,-19.78644075602044
-57.21787088303225,0.23422602906595502,-0.5721787088303225,-19.444994364836734,-20.308396284535057
-57.21787088303225,0.23793634094296587,-0.5721787088303225,-20.065919583471523,-20.841566332552706
-57.21787088303225,0.2416466528199767,-0.5721787088303225,-20.69660342058068,-21.387851911762592
-57.21787088303225,0.24535696469698753,-0.5721787088303225,-21.33704587616421,-21.949542011010692
-57.21787088303225,0.24906727657399838,-0.5721787088303225,-21.987246950222115,-22.52939089330336
-57.21787088303225,0.2527775884510092,-0.5721787088303225,-22.647206642754394,-23.13069403549203
-57.21787088303225,0.25648790032802005,-0.5721787088303225,-23.316924953761035,-23.757351744971317
-57.21787088303225,0.2601982122050309,-0.5721787088303225,-23.996401883242065,-24.413904740666517
-57.21787088303225,0.26390852408204174,-0.5721787088303225,-24.685637431197453,-25.105520360360313
-57.21787088303225,0.26761883595905256,-0.5721787088303225,-25.38463159762721,-25.83790223423648
-57.21787088303225,0.27132914783606343,-0.5721787088303225,-26.093384382531355,-26.617091882870543
-57.21787088303225,0.27503945971307425,-0.5721787088303225,-26.81189578590986,-27.449130755465173
-57.21787088303225,0.27874977159008507,-0.5721787088303225,-27.540165807762737,-28.339560165949784
-57.21787088303225,0.28246008346709595,-0.5721787088303225,-28.278194448089998,-29.292759479974993
-57.21787088303225,0.28617039534410676,-0.5721787088303225,-29.025981706891617,-30.31116301848298
-57.21787088303225,0.28988070722111764,-0.5721787088303225,-29.783527584167622,-31.39445070884048
-57.21787088303225,0.29359101909812846,-0.5721787088303225,-30.550832079917985,-32.53886318986417
-57.21787088303225,0.2973013309751393,-0.5721787088303225,-31.327895194142727,-33.73682400373203
-57.21787088303225,0.30101164285215015,-0.5721787088303225,-32.11471692684185,-34.97703099122535
-57.21787088303225,0.30472195472916097,-0.5721787088303225,-32.911297278015326,-36.24509085739605
-55.82999403156321,0.011607316445304631,-0.5582999403156321,-0.047379078123053225,-0.37219427844353703
-55.82999403156321,0.015317628322315471,-0.5582999403156321,-0.08250989066058306,-0.4161291841625281
-55.82999403156321,0.01902794019932631,-0.5582999403156321,-0.12732289732196433,-0.46347790518619414
-55.82999403156321,0.02273825207633715,-0.5582999403156321,-0.18181809810719707,-0.5148538564696827
-55.82999403156321,0.02644856395334799,-0.5582999403156321,-0.24599549301628132,-0.5709480623471124
-55.82999403156321,0.03015887583035883,-0.5582999403156321,-0.319855082049217,-0.6325358733265021
-55.82999403156321,0.03386918770736967,-0.5582999403156321,-0.4033968652060042,-0.7004829417164764
-55.82999403156321,0.03757949958438051,-0.5582999403156321,-0.4966208424866428,-0.7757498566141892
-55.82999403156321,0.04128981146139135,-0.5582999403156321,-0.5995270138911329,-0.8593946609435066
-55.82999403156321,0.04500012333840219,-0.5582999403156321,-0.7121153794194744,-0.9525722778392516
-55.82999403156321,0.04871043521541303,-0.5582999403156321,-0.8343859390716675,-1.0565296757990716
-55.82999403156321,0.05242074709242387,-0.5582999403156321,-0.9663386928477119,-1.1725954276833974
-55.82999403156321,0.05613105896943471,-0.5582999403156321,-1.1079736407476077,-1.302162207759265
-55.82999403156321,0.05984137084644555,-0.5582999403156321,-1.259290782771355,-1.446660779223738
-55.82999403156321,0.06355168272345639,-0.5582999403156321,-1.420290118918954,-1.6075242224702988
-55.82999403156321,0.06726199460046722,-0.5582999403156321,-1.590971649190404,-1.7861416210055001
-55.82999403156321,0.07097230647747807,-0.5582999403156321,-1.771335373585706,-1.9838012316970262
-55.82999403156321,0.0746826183544889,-0.5582999403156321,-1.961381292104859,-2.201624365107735
-55.82999403156321,0.07839293023149975,-0.5582999403156321,-2.161109404747864,-2.4404927756752937
-55.82999403156321,0.08210324210851058,-0.5582999403156321,-2.37051971151472,-2.7009741988612874
-55.82999403156321,0.08581355398552143,-0.5582999403156321,-2.5896122124054277,-2.9832525346295222
-55.82999403156321,0.08952386586253226,-0.5582999403156321,-2.8183869074199865,-3.2870706930764597
-55.82999403156321,0.09323417773954311,-0.5582999403156321,-3.056843796558397,-3.611694824882949
-55.82999403156321,0.09694448961655394,-0.5582999403156321,-3.3049828798206593,-3.955908095272821
-55.82999403156321,0.10065480149356479,-0.5582999403156321,-3.5628041572067723,-4.318040012561564
-55.82999403156321,0.10436511337057562,-0.5582999403156321,-3.8303076287167372,-4.69603358633046
-55.82999403156321,0.10807542524758647,-0.5582999403156321,-4.107493294350554,-5.087547679357073
-55.82999403156321,0.1117857371245973,-0.5582999403156321,-4.394361154108221,-5.490086657104788
-55.82999403156321,0.11549604900160815,-0.5582999403156321,-4.690911207989741,-5.901144905764741
-55.82999403156321,0.11920636087861898,-0.5582999403156321,-4.997143455995112,-6.318351025875831
-55.82999403156321,0.12291667275562983,-0.5582999403156321,-5.313057898124335,-6.739596200187352
-55.82999403156321,0.12662698463264066,-0.5582999403156321,-5.638654534377408,-7.16313348965306
-55.82999403156321,0.1303372965096515,-0.5582999403156321,-5.973933364754333,-7.587639125669346
-55.82999403156321,0.13404760838666235,-0.5582999403156321,-6.31889438925511,-8.012232292637783
-55.82999403156321,0.13775792026367317,-0.5582999403156321,-6.673537607879737,-8.43645534014233
-55.82999403156321,0.14146823214068402,-0.5582999403156321,-7.037863020628217,-8.860220892366856
-55.82999403156321,0.14517854401769487,-0.5582999403156321,-7.411870627500548,-9.283735352870924
-55.82999403156321,0.1488888558947057,-0.5582999403156321,-7.7955604284967315,-9.707409660278726
-55.82999403156321,0.15259916777171653,-0.5582999403156321,-8.188932423616764,-10.131767990326061
-55.82999403156321,0.15630947964872738,-0.5582999403156321,-8.59198661286065,-10.55736377044998
-55.82999403156321,0.16001979152573823,-0.5582999403156321,-9.004722996228388,-10.984710280784636
-55.82999403156321,0.16373010340274907,-0.5582999403156321,-9.427141573719977,-11.414230632552174
-55.82999403156321,0.1674404152797599,-0.5582999403156321,-9.859242345335414,-11.846229342754796
-55.82999403156321,0.17115072715677074,-0.5582999403156321,-10.301025311074705,-12.28088529522046
-55.82999403156321,0.17486103903378158,-0.5582999403156321,-10.75249047093785,-12.71826377466795
-55.82999403156321,0.17857135091079243,-0.5582999403156321,-11.213637824924843,-13.158343629356464
-55.82999403156321,0.18228166278780325,-0.5582999403156321,-11.684467373035687,-13.601054571058675
-55.82999403156321,0.1859919746648141,-0.5582999403156321,-12.164979115270384,-14.046319223160962
-55.82999403156321,0.18970228654182494,-0.5582999403156321,-12.655173051628935,-14.494094779189064
-55.82999403156321,0.1934125984188358,-0.5582999403156321,-13.155049182111336,-14.94440996176661
-55.82999403156321,0.1971229102958466,-0.5582999403156321,-13.664607506717585,-15.397394234198764
-55.82999403156321,0.20083322217285746,-0.5582999403156321,-14.183848025447688,-15.853297724652723
-55.82999403156321,0.2045435340498683,-0.5582999403156321,-14.712770738301643,-16.31250187246218
-55.82999403156321,0.20825384592687915,-0.5582999403156321,-15.25137564527945,-16.7755222124259
-55.82999403156321,0.21196415780388997,-0.5582999403156321,-15.799662746381104,-17.243005836197
-55.82999403156321,0.21567446968090082,-0.5582999403156321,-16.357632041606614,-17.715726828121475
-55.82999403156321,0.21938478155791166,-0.5582999403156321,-16.925283530955976,-18.194583341033976
-55.82999403156321,0.2230950934349225,-0.5582999403156321,-17.502617214429186,-18.680599974349864
-55.82999403156321,0.22680540531193333,-0.5582999403156321,-18.089633092026247,-19.174938785736742
-55.82999403156321,0.23051571718894417,-0.5582999403156321,-18.686331163747163,-19.678921655694747
-55.82999403156321,0.23422602906595502,-0.5582999403156321,-19.29271142959193,-20.194065862395867
-55.82999403156321,0.23793634094296587,-0.5582999403156321,-19.90877388956055,-20.722133610017448
-55.82999403156321,0.2416466528199767,-0.5582999403156321,-20.534518543653014,-21.26519483872408
-55.82999403156321,0.24535696469698753,-0.5582999403156321,-21.169945391869337,-21.825700823023887
-55.82999403156321,0.24906727657399838,-0.5582999403156321,-21.81505443420951,-22.406563673075112
-55.82999403156321,0.2527775884510092,-0.5582999403156321,-22.469845670673536,-23.011233681196565
-55.82999403156321,0.25648790032802005,-0.5582999403156321,-23.134319101261404,-23.643762296836023
-55.82999403156321,0.2601982122050309,-0.5582999403156321,-23.80847472597314,-24.308833274969082
-55.82999403156321,0.26390852408204174,-0.5582999403156321,-24.492312544808712,-25.011738457895166
-55.82999403156321,0.26761883595905256,-0.5582999403156321,-25.185832557768137,-25.758268617557274
-55.82999403156321,0.27132914783606343,-0.5582999403156321,-25.889034764851424,-26.554485818686842
-55.82999403156321,0.27503945971307425,-0.5582999403156321,-26.601919166058554,-27.406345387794936
-55.82999403156321,0.27874977159008507,-0.5582999403156321,-27.324485761389532,-28.319147765488108
-55.82999403156321,0.28246008346709595,-0.5582999403156321,-28.056734550844375,-29.296828498374683
-55.82999403156321,0.28617039534410676,-0.5582999403156321,-28.798665534423055,-30.341140786746443
-55.82999403156321,0.28988070722111764,-0.5582999403156321,-29.550278712125603,-31.450844091323162
-55.82999403156321,0.29359101909812846,-0.5582999403156321,-30.311574083951985,-32.621067021612575
-55.82999403156321,0.2973013309751393,-0.5582999403156321,-31.082551649902225,-33.84303459553015
-55.82999403156321,0.30101164285215015,-0.5582999403156321,-31.863211409976326,-35.104310357667
-55.82999403156321,0.30472195472916097,-0.5582999403156321,-32.653553364174265,-36.38959415568175
-54.44211718009418,0.011607316445304631,-0.5444211718009417,-0.04700510139551535,-0.4529360700992937
-54.44211718009418,0.015317628322315471,-0.5444211718009417,-0.08185861629811844,-0.49455158456589654
-54.44211718009418,0.01902794019932631,-0.5444211718009417,-0.12631790097405227,-0.5396221362981759
-54.44211718009418,0.02273825207633715,-0.5444211718009417,-0.18038295542331684,-0.5887602939259917
-54.44211718009418,0.02644856395334799,-0.5444211718009417,-0.24405377964591218,-0.6426568177097765
-54.44211718009418,0.03015887583035883,-0.5444211718009417,-0.3173303736418383,-0.7020875987008242
-54.44211718009418,0.03386918770736967,-0.5444211718009417,-0.4002127374110952,-0.7679199034823743
-54.44211718009418,0.03757949958438051,-0.5444211718009417,-0.49270087095368276,-0.8411173276148354
-54.44211718009418,0.04128981146139135,-0.5444211718009417,-0.5947947742696011,-0.9227426795330422
-54.44211718009418,0.04500012333840219,-0.5444211718009417,-0.7064944473588503,-1.0139578156395683
-54.44211718009418,0.04871043521541303,-0.5444211718009417,-0.8277998902214301,-1.116019241260168
-54.44211718009418,0.05242074709242387,-0.5444211718009417,-0.9587111028573407,-1.2302681066120997
-54.44211718009418,0.05613105896943471,-0.5444211718009417,-1.0992280852665821,-1.358113101883485
-54.44211718009418,0.05984137084644555,-0.5444211718009417,-1.2493508374491542,-1.5010047472446613
-54.44211718009418,0.06355168272345639,-0.5444211718009417,-1.409079359405057,-1.6603997542621425
-54.44211718009418,0.06726199460046722,-0.5444211718009417,-1.5784136511342903,-1.8377145870927176
-54.44211718009418,0.07097230647747807,-0.5444211718009417,-1.7573537126368548,-2.034268154022352
-54.44211718009418,0.0746826183544889,-0.5444211718009417,-1.9458995439127498,-2.2512147646253617
-54.44211718009418,0.07839293023149975,-0.5444211718009417,-2.1440511449619755,-2.489470087150297
-54.44211718009418,0.08210324210851058,-0.5444211718009417,-2.351808515784532,-2.7496347280292777
-54.44211718009418,0.08581355398552143,-0.5444211718009417,-2.5691716563804197,-3.031921992700902
-54.44211718009418,0.08952386586253226,-0.5444211718009417,-2.7961405667496377,-3.3360979966723026
-54.44211718009418,0.09323417773954311,-0.5444211718009417,-3.0327152468921863,-3.661443097745317
-54.44211718009418,0.09694448961655394,-0.5444211718009417,-3.278895696808066,-4.0067431285696085
-54.44211718009418,0.10065480149356479,-0.5444211718009417,-3.5346819164972763,-4.370316782353749
-54.44211718009418,0.10436511337057562,-0.5444211718009417,-3.800073905959817,-4.750081717083003
-54.44211718009418,0.10807542524758647,-0.5444211718009417,-4.07507166519569,-5.143656904023888
-54.44211718009418,0.1117857371245973,-0.5444211718009417,-4.3596751942048915,-5.548493300275744
-54.44211718009418,0.11549604900160815,-0.5444211718009417,-4.653884492987426,-5.9620201934394235
-54.44211718009418,0.11920636087861898,-0.5444211718009417,-4.957699561543289,-6.381791646209136
-54.44211718009418,0.12291667275562983,-0.5444211718009417,-5.271120399872484,-6.805617095346188
-54.44211718009418,0.12662698463264066,-0.5444211718009417,-5.5941470079750095,-7.2316624644110945
-54.44211718009418,0.1303372965096515,-0.5444211718009417,-5.926779385850866,-7.658512617068695
-54.44211718009418,0.13404760838666235,-0.5444211718009417,-6.269017533500054,-8.085191618936163
-54.44211718009418,0.13775792026367317,-0.5444211718009417,-6.62086145092257,-8.51114294128538
-54.44211718009418,0.14146823214068402,-0.5444211718009417,-6.98231113811842,-8.93617643918379
-54.44211718009418,0.14517854401769487,-0.5444211718009417,-7.353366595087599,-9.360392051848606
-54.44211718009418,0.1488888558947057,-0.5444211718009417,-7.73402782183011,-9.784091514957572
-54.44211718009418,0.15259916777171653,-0.5444211718009417,-8.124294818345948,-10.20768910652741
-54.44211718009418,0.15630947964872738,-0.5444211718009417,-8.524167584635121,-10.631630941516185
-54.44211718009418,0.16001979152573823,-0.5444211718009417,-8.933646120697624,-11.056330024253757
-54.44211718009418,0.16373010340274907,-0.5444211718009417,-9.352730426533459,-11.482121571071074
-54.44211718009418,0.1674404152797599,-0.5444211718009417,-9.78142050214262,-11.909240365064537
-54.44211718009418,0.17115072715677074,-0.5444211718009417,-10.219716347525114,-12.33781936361287
-54.44211718009418,0.17486103903378158,-0.5444211718009417,-10.667617962680941,-12.767906649593144
-54.44211718009418,0.17857135091079243,-0.5444211718009417,-11.125125347610096,-13.199496251807954
-54.44211718009418,0.18228166278780325,-0.5444211718009417,-11.592238502312583,-13.632567459766198
-54.44211718009418,0.1859919746648141,-0.5444211718009417,-12.0689574267884,-14.067127060438612
-54.44211718009418,0.18970228654182494,-0.5444211718009417,-12.55528212103755,-14.503249393408097
-54.44211718009418,0.1934125984188358,-0.5444211718009417,-13.05121258506003,-14.941110143966483
-54.44211718009418,0.1971229102958466,-0.5444211718009417,-13.556748818855837,-15.38101119804251
-54.44211718009418,0.20083322217285746,-0.5444211718009417,-14.071890822424978,-15.823395462333215
-54.44211718009418,0.2045435340498683,-0.5444211718009417,-14.59663859576745,-16.268852103407035
-54.44211718009418,0.20825384592687915,-0.5444211718009417,-15.130992138883254,-16.718114010027772
-54.44211718009418,0.21196415780388997,-0.5444211718009417,-15.674951451772383,-17.172050316686107
-54.44211718009418,0.21567446968090082,-0.5444211718009417,-16.22851653443485,-17.631657486448766
-54.44211718009418,0.21938478155791166,-0.5444211718009417,-16.791687386870645,-18.098052733237104
-54.44211718009418,0.2230950934349225,-0.5444211718009417,-17.364464009079768,-18.5724734985738
-54.44211718009418,0.22680540531193333,-0.5444211718009417,-17.94684640106222,-19.05628633153597
-54.44211718009418,0.23051571718894417,-0.5444211718009417,-18.53883456281801,-19.551007893357347
-54.44211718009418,0.23422602906595502,-0.5444211718009417,-19.140428494347127,-20.05833993669033
-54.44211718009418,0.23793634094296587,-0.5444211718009417,-19.751628195649577,-20.580218972815146
-54.44211718009418,0.2416466528199767,-0.5444211718009417,-20.372433666725353,-21.11887986714265
-54.44211718009418,0.24535696469698753,-0.5444211718009417,-21.002844907574463,-21.67693066540447
-54.44211718009418,0.24906727657399838,-0.5444211718009417,-21.642861918196903,-22.25743336313564
-54.44211718009418,0.2527775884510092,-0.5444211718009417,-22.29248469859268,-22.863981863207062
-54.44211718009418,0.25648790032802005,-0.5444211718009417,-22.951713248761777,-23.500763812875494
-54.44211718009418,0.2601982122050309,-0.5444211718009417,-23.620547568704218,-24.172587315366513
-54.44211718009418,0.26390852408204174,-0.5444211718009417,-24.298987658419975,-24.88484700746714
-54.44211718009418,0.26761883595905256,-0.5444211718009417,-24.98703351790906,-25.643397798550616
-54.44211718009418,0.27132914783606343,-0.5444211718009417,-25.684685147171496,-26.45430105540242
-54.44211718009418,0.27503945971307425,-0.5444211718009417,-26.39194254620725,-27.323411207848984
-54.44211718009418,0.27874977159008507,-0.5444211718009417,-27.10880571501633,-28.255786075047958
-54.44211718009418,0.28246008346709595,-0.5444211718009417,-27.835274653598756,-29.254936917987187
-54.44211718009418,0.28617039534410676,-0.5444211718009417,-28.571349361954496,-30.32198570255389
-54.44211718009418,0.28988070722111764,-0.5444211718009417,-29.317029840083585,-31.454859541147457
-54.44211718009418,0.29359101909812846,-0.5444211718009417,-30.072316087985985,-32.6477048174591
-54.44211718009418,0.2973013309751393,-0.5444211718009417,-30.837208105661723,-33.890714756629485
-54.44211718009418,0.30101164285215015,-0.5444211718009417,-31.611705893110802,-35.17050669314089
-54.44211718009418,0.30472195472916097,-0.5444211718009417,-32.395809450333196,-36.47105748774112
-53.05424032862514,0.011607316445304631,-0.5305424032862515,-0.046631124667977475,-0.5224487422881592
-53.05424032862514,0.015317628322315471,-0.5305424032862515,-0.08120734193565382,-0.5620123701405011
-53.05424032862514,0.01902794019932631,-0.5305424032862515,-0.1253129046261402,-0.6050729166369573
-53.05424032862514,0.02273825207633715,-0.5305424032862515,-0.17894781273943658,-0.6522410332676598
-53.05424032862514,0.02644856395334799,-0.5305424032862515,-0.24211206627554308,-0.7042058932890098
-53.05424032862514,0.03015887583035883,-0.5305424032862515,-0.3148056652344596,-0.7617423058000345
-53.05424032862514,0.03386918770736967,-0.5305424032862515,-0.3970286096161862,-0.8257171815926347
-53.05424032862514,0.03757949958438051,-0.5305424032862515,-0.4887808994207227,-0.8970947600292694
-53.05424032862514,0.04128981146139135,-0.5305424032862515,-0.5900625346480693,-0.9769398229109294
-53.05424032862514,0.04500012333840219,-0.5305424032862515,-0.7008735152982261,-1.0664179166129468
-53.05424032862514,0.04871043521541303,-0.5305424032862515,-0.8212138413711928,-1.1667913916064756
-53.05424032862514,0.05242074709242387,-0.5305424032862515,-0.9510835128669695,-1.2794098738536563
-53.05424032862514,0.05613105896943471,-0.5305424032862515,-1.0904825297855563,-1.4056936449033222
-53.05424032862514,0.05984137084644555,-0.5305424032862515,-1.239410892126953,-1.5471083831097343
-53.05424032862514,0.06355168272345639,-0.5305424032862515,-1.39786859989116,-1.7051298801967119
-53.05424032862514,0.06726199460046722,-0.5305424032862515,-1.5658556530781764,-1.8811977797855586
-53.05424032862514,0.07097230647747807,-0.5305424032862515,-1.7433720516880036,-2.0766581702513847
-53.05424032862514,0.0746826183544889,-0.5305424032862515,-1.9304177957206403,-2.2926960611452194
-53.05424032862514,0.07839293023149975,-0.5305424032862515,-2.1269928851760875,-2.5302603794008056
-53.05424032862514,0.08210324210851058,-0.5305424032862515,-2.3330973200543443,-2.7899860388440074
-53.05424032862514,0.08581355398552143,-0.5305424032862515,-2.5487311003554116,-3.0721196305999317
-53.05424032862514,0.08952386586253226,-0.5305424032862515,-2.7738942260792885,-3.376456974033623
-53.05424032862514,0.09323417773954311,-0.5305424032862515,-3.008586697225976,-3.702301667776628
-53.05424032862514,0.09694448961655394,-0.5305424032862515,-3.2528085137954728,-4.048453382520149
-53.05424032862514,0.10065480149356479,-0.5305424032862515,-3.50655967578778,-4.413232574091057
-53.05424032862514,0.10436511337057562,-0.5305424032862515,-3.769840183202897,-4.794544513801408
-53.05424032862514,0.10807542524758647,-0.5305424032862515,-4.042650036040825,-5.189980426453117
-53.05424032862514,0.1117857371245973,-0.5305424032862515,-4.324989234301562,-5.596947944982357
-53.05424032862514,0.11549604900160815,-0.5305424032862515,-4.61685777798511,-6.012818184122947
-53.05424032862514,0.11920636087861898,-0.5305424032862515,-4.918255667091467,-6.435073647599271
-53.05424032862514,0.12291667275562983,-0.5305424032862515,-5.229182901620635,-6.861440699500122
-53.05424032862514,0.12662698463264066,-0.5305424032862515,-5.549639481572612,-7.2899926164131
-53.05424032862514,0.1303372965096515,-0.5305424032862515,-5.879625406947399,-7.7192137827591925
-53.05424032862514,0.13404760838666235,-0.5305424032862515,-6.219140677744997,-8.148021384047075
-53.05424032862514,0.13775792026367317,-0.5305424032862515,-6.568185293965404,-8.575746796112924
-53.05424032862514,0.14146823214068402,-0.5305424032862515,-6.926759255608622,-9.002083721603638
-53.05424032862514,0.14517854401769487,-0.5305424032862515,-7.294862562674649,-9.427013329198513
-53.05424032862514,0.1488888558947057,-0.5305424032862515,-7.6724952151634875,-9.850717996050392
-53.05424032862514,0.15259916777171653,-0.5305424032862515,-8.059657213075134,-10.2734949034251
-53.05424032862514,0.15630947964872738,-0.5305424032862515,-8.456348556409592,-10.69567908039631
-53.05424032862514,0.16001979152573823,-0.5305424032862515,-8.862569245166862,-11.117583000903995
-53.05424032862514,0.16373010340274907,-0.5305424032862515,-9.27831927934694,-11.539456961528368
-53.05424032862514,0.1674404152797599,-0.5305424032862515,-9.703598658949824,-11.961471574101719
-53.05424032862514,0.17115072715677074,-0.5305424032862515,-10.138407383975522,-12.383721090529686
-53.05424032862514,0.17486103903378158,-0.5305424032862515,-10.582745454424034,-12.806244155634632
-53.05424032862514,0.17857135091079243,-0.5305424032862515,-11.03661287029535,-13.229057109735196
-53.05424032862514,0.18228166278780325,-0.5305424032862515,-11.500009631589478,-13.65219421950043
-53.05424032862514,0.1859919746648141,-0.5305424032862515,-11.972935738306415,-14.075749210244009
-53.05424032862514,0.18970228654182494,-0.5305424032862515,-12.455391190446164,-14.499913131473471
-53.05424032862514,0.1934125984188358,-0.5305424032862515,-12.947375988008725,-14.925004763573716
-53.05424032862514,0.1971229102958466,-0.5305424032862515,-13.44889013099409,-15.351491269974673
-53.05424032862514,0.20083322217285746,-0.5305424032862515,-13.959933619402268,-15.779998401609761
-53.05424032862514,0.2045435340498683,-0.5305424032862515,-14.480506453233257,-16.21131107203662
-53.05424032862514,0.20825384592687915,-0.5305424032862515,-15.010608632487058,-16.64636639063986
-53.05424032862514,0.21196415780388997,-0.5305424032862515,-15.550240157163662,-17.0862421757515
-53.05424032862514,0.21567446968090082,-0.5305424032862515,-16.09940102726308,-17.53214453604159
-53.05424032862514,0.21938478155791166,-0.5305424032862515,-16.65809124278531,-17.98539832001748
-53.05424032862514,0.2230950934349225,-0.5305424032862515,-17.22631080373035,-18.44744412936673
-53.05424032862514,0.22680540531193333,-0.5305424032862515,-17.804059710098194,-18.91984521703022
-53.05424032862514,0.23051571718894417,-0.5305424032862515,-18.391337961888855,-19.404306976403824
-53.05424032862514,0.23422602906595502,-0.5305424032862515,-18.988145559102325,-19.902710875591946
-53.05424032862514,0.23793634094296587,-0.5305424032862515,-19.594482501738604,-20.417163559828026
-53.05424032862514,0.2416466528199767,-0.5305424032862515,-20.21034878979769,-20.950060343641304
-53.05424032862514,0.24535696469698753,-0.5305424032862515,-20.83574442327959,-21.504160291006848
-53.05424032862514,0.24906727657399838,-0.5305424032862515,-21.4706694021843,-22.08266732865827
-53.05424032862514,0.2527775884510092,-0.5305424032862515,-22.115123726511822,-22.689308113136896
-53.05424032862514,0.25648790032802005,-0.5305424032862515,-22.769107396262147,-23.328392467871556
-53.05424032862514,0.2601982122050309,-0.5305424032862515,-23.43262041143529,-24.00483609722425
-53.05424032862514,0.26390852408204174,-0.5305424032862515,-24.105662772031234,-24.724118401375506
-53.05424032862514,0.26761883595905256,-0.5305424032862515,-24.788234478049986,-25.492141870965142
-53.05424032862514,0.27132914783606343,-0.5305424032862515,-25.480335529491565,-26.314956440253674
-53.05424032862514,0.27503945971307425,-0.5305424032862515,-26.181965926355943,-27.198316774914353
-53.05424032862514,0.27874977159008507,-0.5305424032862515,-26.893125668643126,-28.147058581913576
-53.05424032862514,0.28246008346709595,-0.5305424032862515,-27.613814756353133,-29.16431686453835
-53.05424032862514,0.28617039534410676,-0.5305424032862515,-28.344033189485938,-30.25066500436978
-53.05424032862514,0.28988070722111764,-0.5305424032862515,-29.083780968041562,-31.40331854324762
-53.05424032862514,0.29359101909812846,-0.5305424032862515,-29.833058092019986,-32.61559742816125
-53.05424032862514,0.2973013309751393,-0.5305424032862515,-30.591864561421225,-33.87684178635527
-53.05424032862514,0.30101164285215015,-0.5305424032862515,-31.36020037624528,-35.172903173581
-53.05424032862514,0.30472195472916097,-0.5305424032862515,-32.138065536492135,-36.48719091556462
-51.66636347715611,0.011607316445304631,-0.5166636347715611,-0.04625714794043959,-0.5821495850334482
-51.66636347715611,0.015317628322315471,-0.5166636347715611,-0.0805560675731892,-0.6199199350263025
-51.66636347715611,0.01902794019932631,-0.5166636347715611,-0.1243079082782281,-0.6612275501878142
-51.66636347715611,0.02273825207633715,-0.5166636347715611,-0.17751267005555632,-0.706680061546821
-51.66636347715611,0.02644856395334799,-0.5166636347715611,-0.2401703529051739,-0.7569636867749185
-51.66636347715611,0.03015887583035883,-0.5166636347715611,-0.3122809568270808,-0.8128504706206421
-51.66636347715611,0.03386918770736967,-0.5166636347715611,-0.3938444818212771,-0.8752049227861303
-51.66636347715611,0.03757949958438051,-0.5166636347715611,-0.48486092788776264,-0.9449894722345751
-51.66636347715611,0.04128981146139135,-0.5166636347715611,-0.5853302950265376,-1.023267973380348
-51.66636347715611,0.04500012333840219,-0.5166636347715611,-0.6952525832376018,-1.111206293251906
-51.66636347715611,0.04871043521541303,-0.5166636347715611,-0.8146277925209553,-1.2100687927045795
-51.66636347715611,0.05242074709242387,-0.5166636347715611,-0.9434559228765982,-1.3212093132201659
-51.66636347715611,0.05613105896943471,-0.5166636347715611,-1.0817369743045302,-1.4460551322944428
-51.66636347715611,0.05984137084644555,-0.5166636347715611,-1.2294709468047518,-1.586082310461875
-51.66636347715611,0.06355168272345639,-0.5166636347715611,-1.3866578403772627,-1.7427809944447121
-51.66636347715611,0.06726199460046722,-0.5166636347715611,-1.5532976550220623,-1.917609649078825
-51.66636347715611,0.07097230647747807,-0.5166636347715611,-1.7293903907391521,-2.111937950956541
-51.66636347715611,0.0746826183544889,-0.5166636347715611,-1.9149360475285306,-2.3269792517689423
-51.66636347715611,0.07839293023149975,-0.5166636347715611,-2.1099346253901987,-2.563715115291567
-51.66636347715611,0.08210324210851058,-0.5166636347715611,-2.314386124324156,-2.8228163578356793
-51.66636347715611,0.08581355398552143,-0.5166636347715611,-2.528290544330403,-3.104567052679519
-51.66636347715611,0.08952386586253226,-0.5166636347715611,-2.7516478854089392,-3.4087997204996703
-51.66636347715611,0.09323417773954311,-0.5166636347715611,-2.9844581475597645,-3.734850927252396
-51.66636347715611,0.09694448961655394,-0.5166636347715611,-3.2267213307828793,-4.081546229025476
-51.66636347715611,0.10065480149356479,-0.5166636347715611,-3.478437435078283,-4.447221447912111
-51.66636347715611,0.10436511337057562,-0.5166636347715611,-3.7396064604459767,-4.82978354978143
-51.66636347715611,0.10807542524758647,-0.5166636347715611,-4.01022840688596,-5.226809289350154
-51.66636347715611,0.1117857371245973,-0.5166636347715611,-4.290303274398231,-5.6356741278249585
-51.66636347715611,0.11549604900160815,-0.5166636347715611,-4.579831062982793,-6.053698874625935
-51.66636347715611,0.11920636087861898,-0.5166636347715611,-4.878811772639644,-6.478298237268589
-51.66636347715611,0.12291667275562983,-0.5166636347715611,-5.187245403368784,-6.907114817853055
-51.66636347715611,0.12662698463264066,-0.5166636347715611,-5.505131955170213,-7.338124283163616
-51.66636347715611,0.1303372965096515,-0.5166636347715611,-5.832471428043931,-7.769701973738538
-51.66636347715611,0.13404760838666235,-0.5166636347715611,-6.16926382198994,-8.20064708708903
-51.66636347715611,0.13775792026367317,-0.5166636347715611,-6.515509137008236,-8.630166544018888
-51.66636347715611,0.14146823214068402,-0.5166636347715611,-6.871207373098823,-9.057825636879505
-51.66636347715611,0.14517854401769487,-0.5166636347715611,-7.236358530261699,-9.483475861063688
-51.66636347715611,0.1488888558947057,-0.5166636347715611,-7.610962608496865,-9.907171706218664
-51.66636347715611,0.15259916777171653,-0.5166636347715611,-7.995019607804318,-10.329087787311648
-51.66636347715611,0.15630947964872738,-0.5166636347715611,-8.388529528184062,-10.749445931717212
-51.66636347715611,0.16001979152573823,-0.5166636347715611,-8.791492369636096,-11.168459205693207
-51.66636347715611,0.16373010340274907,-0.5166636347715611,-9.20390813216042,-11.586296844177205
-51.66636347715611,0.1674404152797599,-0.5166636347715611,-9.625776815757028,-12.0030710501706
-51.66636347715611,0.17115072715677074,-0.5166636347715611,-10.05709842042593,-12.41884397242292
-51.66636347715611,0.17486103903378158,-0.5166636347715611,-10.497872946167123,-12.83365108343724
-51.66636347715611,0.17857135091079243,-0.5166636347715611,-10.948100392980603,-13.24753581098868
-51.66636347715611,0.18228166278780325,-0.5166636347715611,-11.407780760866371,-13.660589687519387
-51.66636347715611,0.1859919746648141,-0.5166636347715611,-11.876914049824428,-14.072992447755514
-51.66636347715611,0.18970228654182494,-0.5166636347715611,-12.355500259854779,-14.485047317218454
-51.66636347715611,0.1934125984188358,-0.5166636347715611,-12.843539390957417,-14.897208017703104
-51.66636347715611,0.1971229102958466,-0.5166636347715611,-13.34103144313234,-15.310095557199364
-51.66636347715611,0.20083322217285746,-0.5166636347715611,-13.847976416379556,-15.72450445594182
-51.66636347715611,0.2045435340498683,-0.5166636347715611,-14.364374310699063,-16.14139950329987
-51.66636347715611,0.20825384592687915,-0.5166636347715611,-14.890225126090858,-16.561905312115
-51.66636347715611,0.21196415780388997,-0.5166636347715611,-15.42552886255494,-16.987291769924294
-51.66636347715611,0.21567446968090082,-0.5166636347715611,-15.970285520091313,-17.41895896799761
-51.66636347715611,0.21938478155791166,-0.5166636347715611,-16.524495098699976,-17.85842534604106
-51.66636347715611,0.2230950934349225,-0.5166636347715611,-17.088157598380928,-18.30732266745373
-51.66636347715611,0.22680540531193333,-0.5166636347715611,-17.661273019134164,-18.767401078889463
-51.66636347715611,0.23051571718894417,-0.5166636347715611,-18.2438413609597,-19.24054692971047
-51.66636347715611,0.23422602906595502,-0.5166636347715611,-18.83586262385752,-19.728815218495384
-51.66636347715611,0.23793634094296587,-0.5166636347715611,-19.43733680782763,-20.234477436706694
-51.66636347715611,0.2416466528199767,-0.5166636347715611,-20.048263912870024,-20.760084081703692
-51.66636347715611,0.24535696469698753,-0.5166636347715611,-20.66864393898471,-21.308539040915512
-51.66636347715611,0.24906727657399838,-0.5166636347715611,-21.29847688617169,-21.88318017861925
-51.66636347715611,0.2527775884510092,-0.5166636347715611,-21.93776275443096,-22.48785652927249
-51.66636347715611,0.25648790032802005,-0.5166636347715611,-22.586501543762513,-23.126987305369838
-51.66636347715611,0.2601982122050309,-0.5166636347715611,-23.244693254166364,-23.80558146194495
-51.66636347715611,0.26390852408204174,-0.5166636347715611,-23.912337885642494,-24.52918933203241
-51.66636347715611,0.26761883595905256,-0.5166636347715611,-24.58943543819091,-25.303751331786156
-51.66636347715611,0.27132914783606343,-0.5166636347715611,-25.27598591181163,-26.135305911573212
-51.66636347715611,0.27503945971307425,-0.5166636347715611,-25.971989306504632,-27.029524618972246
-51.66636347715611,0.27874977159008507,-0.5166636347715611,-26.677445622269918,-27.99106248138113
-51.66636347715611,0.28246008346709595,-0.5166636347715611,-27.392354859107506,-29.022752089800434
-51.66636347715611,0.28617039534410676,-0.5166636347715611,-28.116717017017372,-30.124729335997692
-51.66636347715611,0.28988070722111764,-0.5166636347715611,-28.85053209599954,-31.293645698095848
-51.66636347715611,0.29359101909812846,-0.5166636347715611,-29.593800096053982,-32.52216955052321
-51.66636347715611,0.2973013309751393,-0.5166636347715611,-30.346521017180716,-33.79897206201161
-51.66636347715611,0.30101164285215015,-0.5166636347715611,-31.108694859379753,-35.109307568186885
-51.66636347715611,0.30472195472916097,-0.5166636347715611,-31.880321622651064,-36.436144777796976
-50.27848662568707,0.011607316445304631,-0.5027848662568707,-0.04588317121290172,-0.6333602659880957
-50.27848662568707,0.015317628322315471,-0.5027848662568707,-0.07990479321072458,-0.6695808075314704
-50.27848662568707,0.01902794019932631,-0.5027848662568707,-0.12330291193031603,-0.7093755621394529
-50.27848662568707,0.02273825207633715,-0.5027848662568707,-0.1760775273716761,-0.753348001014079
-50.27848662568707,0.02644856395334799,-0.5027848662568707,-0.2382286395348048,-0.8021799703488934
-50.27848662568707,0.03015887583035883,-0.5027848662568707,-0.3097562484197021,-0.856639009297739
-50.27848662568707,0.03386918770736967,-0.5027848662568707,-0.3906603540263681,-0.9175851106201951
-50.27848662568707,0.03757949958438051,-0.5027848662568707,-0.4809409563548026,-0.9859763563382282
-50.27848662568707,0.04128981146139135,-0.5027848662568707,-0.5805980554050058,-1.0628726786359963
-50.27848662568707,0.04500012333840219,-0.5027848662568707,-0.6896316511769776,-1.14943679022526
-50.27848662568707,0.04871043521541303,-0.5027848662568707,-0.8080417436707179,-1.246931110809741
-50.27848662568707,0.05242074709242387,-0.5027848662568707,-0.9358283328862269,-1.3567093101177607
-50.27848662568707,0.05613105896943471,-0.5027848662568707,-1.0729914188235046,-1.4802009304253194
-50.27848662568707,0.05984137084644555,-0.5027848662568707,-1.2195310014825507,-1.6188874967511735
-50.27848662568707,0.06355168272345639,-0.5027848662568707,-1.3754470808633656,-1.774268642688484
-50.27848662568707,0.06726199460046722,-0.5027848662568707,-1.5407396569659486,-1.9478171592751399
-50.27848662568707,0.07097230647747807,-0.5027848662568707,-1.715408729790301,-2.1409226002659203
-50.27848662568707,0.0746826183544889,-0.5027848662568707,-1.8994542993364214,-2.354824216342184
-50.27848662568707,0.07839293023149975,-0.5027848662568707,-2.092876365604311,-2.590535556667258
-50.27848662568707,0.08210324210851058,-0.5027848662568707,-2.2956749285939684,-2.848764988326345
-50.27848662568707,0.08581355398552143,-0.5027848662568707,-2.507849988305395,-3.1298384298801887
-50.27848662568707,0.08952386586253226,-0.5027848662568707,-2.72940154473859,-3.4336324115393935
-50.27848662568707,0.09323417773954311,-0.5027848662568707,-2.960329597893554,-3.759526673189376
-50.27848662568707,0.09694448961655394,-0.5027848662568707,-3.200634147770286,-4.106385366507618
-50.27848662568707,0.10065480149356479,-0.5027848662568707,-3.450315194368787,-4.472574124716387
-50.27848662568707,0.10436511337057562,-0.5027848662568707,-3.7093727376890566,-4.8560166838045244
-50.27848662568707,0.10807542524758647,-0.5027848662568707,-3.9778067777310953,-5.254289707697993
-50.27848662568707,0.1117857371245973,-0.5027848662568707,-4.255617314494901,-5.664748793406542
-50.27848662568707,0.11549604900160815,-0.5027848662568707,-4.542804347980477,-6.084673463887787
-50.27848662568707,0.11920636087861898,-0.5027848662568707,-4.83936787818782,-6.5114154992749675
-50.27848662568707,0.12291667275562983,-0.5027848662568707,-5.145307905116934,-6.94253409598155
-50.27848662568707,0.12662698463264066,-0.5027848662568707,-5.460624428767815,-7.3759033493144734
-50.27848662568707,0.1303372965096515,-0.5027848662568707,-5.785317449140464,-7.809781991009359
-50.27848662568707,0.13404760838666235,-0.5027848662568707,-6.119386966234884,-8.242841177970444
-50.27848662568707,0.13775792026367317,-0.5027848662568707,-6.462832980051069,-8.67415217913827
-50.27848662568707,0.14146823214068402,-0.5027848662568707,-6.815655490589026,-9.103140915446284
-50.27848662568707,0.14517854401769487,-0.5027848662568707,-7.17785449784875,-9.529519721441096
-50.27848662568707,0.1488888558947057,-0.5027848662568707,-7.549430001830244,-9.953208137558331
-50.27848662568707,0.15259916777171653,-0.5027848662568707,-7.930382002533503,-10.374254146661983
-50.27848662568707,0.15630947964872738,-0.5027848662568707,-8.320710499958533,-10.792765446053153
-50.27848662568707,0.16001979152573823,-0.5027848662568707,-8.720415494105334,-11.208857619113022
-50.27848662568707,0.16373010340274907,-0.5027848662568707,-9.129496984973901,-11.622622954723486
-50.27848662568707,0.1674404152797599,-0.5027848662568707,-9.547954972564234,-12.034120599155928
-50.27848662568707,0.17115072715677074,-0.5027848662568707,-9.97578945687634,-12.443386056447206
-50.27848662568707,0.17486103903378158,-0.5027848662568707,-10.413000437910215,-12.850456018784568
-50.27848662568707,0.17857135091079243,-0.5027848662568707,-10.859587915665855,-13.255403246723027
-50.27848662568707,0.18228166278780325,-0.5027848662568707,-11.315551890143265,-13.658375769631025
-50.27848662568707,0.1859919746648141,-0.5027848662568707,-11.780892361342444,-14.05963498390925
-50.27848662568707,0.18970228654182494,-0.5027848662568707,-12.255609329263393,-14.459588151754174
-50.27848662568707,0.1934125984188358,-0.5027848662568707,-12.739702793906112,-14.858812149393287
-50.27848662568707,0.1971229102958466,-0.5027848662568707,-13.233172755270592,-15.258066858867327
-50.27848662568707,0.20083322217285746,-0.5027848662568707,-13.736019213356846,-15.658298131390621
-50.27848662568707,0.2045435340498683,-0.5027848662568707,-14.24824216816487,-16.06063160513502
-50.27848662568707,0.20825384592687915,-0.5027848662568707,-14.769841619694661,-16.4663597278864
-50.27848662568707,0.21196415780388997,-0.5027848662568707,-15.300817567946218,-16.876925069556556
-50.27848662568707,0.21567446968090082,-0.5027848662568707,-15.841170012919546,-17.29390341640678
-50.27848662568707,0.21938478155791166,-0.5027848662568707,-16.390898954614645,-17.718990255500003
-50.27848662568707,0.2230950934349225,-0.5027848662568707,-16.95000439303151,-18.15399413197535
-50.27848662568707,0.22680540531193333,-0.5027848662568707,-17.51848632817014,-18.600840030964225
-50.27848662568707,0.23051571718894417,-0.5027848662568707,-18.096344760030544,-19.06158541205418
-50.27848662568707,0.23422602906595502,-0.5027848662568707,-18.683579688612717,-19.53845078068469
-50.27848662568707,0.23793634094296587,-0.5027848662568707,-19.280191113916658,-20.033865643636666
-50.27848662568707,0.2416466528199767,-0.5027848662568707,-19.886179035942362,-20.55052923537587
-50.27848662568707,0.24535696469698753,-0.5027848662568707,-20.501543454689838,-21.091483328739663
-50.27848662568707,0.24906727657399838,-0.5027848662568707,-21.126284370159087,-21.660191511777306
-50.27848662568707,0.2527775884510092,-0.5027848662568707,-21.760401782350105,-22.26061524967629
-50.27848662568707,0.25648790032802005,-0.5027848662568707,-22.403895691262882,-22.89727163724651
-50.27848662568707,0.2601982122050309,-0.5027848662568707,-23.05676609689744,-23.575250992536784
-50.27848662568707,0.26390852408204174,-0.5027848662568707,-23.719012999253753,-24.300164901907955
-50.27848662568707,0.26761883595905256,-0.5027848662568707,-24.390636398331836,-25.077988588014698
-50.27848662568707,0.27132914783606343,-0.5027848662568707,-25.0716362941317,-25.91475871732614
-50.27848662568707,0.27503945971307425,-0.5027848662568707,-25.762012686653325,-26.816094096272153
-50.27848662568707,0.27874977159008507,-0.5027848662568707,-26.461765575896713,-27.78652854315802
-50.27848662568707,0.28246008346709595,-0.5027848662568707,-27.170894961861887,-28.828687791065313
-50.27848662568707,0.28617039534410676,-0.5027848662568707,-27.88940084454881,-29.942404601844597
-50.27848662568707,0.28988070722111764,-0.5027848662568707,-28.617283223957518,-31.123934946676005
-50.27848662568707,0.29359101909812846,-0.5027848662568707,-29.354542100087983,-32.36548444035712
-50.27848662568707,0.2973013309751393,-0.5027848662568707,-30.10117747294022,-33.655241708062235
-50.27848662568707,0.30101164285215015,-0.5027848662568707,-30.857189342514232,-34.97802069596836
-50.27848662568707,0.30472195472916097,-0.5027848662568707,-31.62257770881,-36.31645206928058
-48.89060977421804,0.011607316445304631,-0.4889060977421804,-0.045509194485363835,-0.6772877293882442
-48.89060977421804,0.015317628322315471,-0.4889060977421804,-0.07925351884825996,-0.7121824187782759
-48.89060977421804,0.01902794019932631,-0.4889060977421804,-0.12229791558240395,-0.7506833190012729
-48.89060977421804,0.02273825207633715,-0.4889060977421804,-0.17464238468779586,-0.7933885629856174
-48.89060977421804,0.02644856395334799,-0.4889060977421804,-0.2362869261644357,-0.8409741621151028
-48.89060977421804,0.03015887583035883,-0.4889060977421804,-0.3072315400123234,-0.8942013534981648
-48.89060977421804,0.03386918770736967,-0.4889060977421804,-0.3874762262314591,-0.9539234348336891
-48.89060977421804,0.03757949958438051,-0.4889060977421804,-0.4770209848218426,-1.0210915360993673
-48.89060977421804,0.04128981146139135,-0.4889060977421804,-0.5758658157834741,-1.096758598265632
-48.89060977421804,0.04500012333840219,-0.4889060977421804,-0.6840107191163534,-1.1820806255808067
-48.89060977421804,0.04871043521541303,-0.4889060977421804,-0.8014556948204806,-1.2783140610709154
-48.89060977421804,0.05242074709242387,-0.4889060977421804,-0.9282007428958557,-1.3868079264185291
-48.89060977421804,0.05613105896943471,-0.4889060977421804,-1.0642458633424787,-1.5089892027723932
-48.89060977421804,0.05984137084644555,-0.4889060977421804,-1.2095910561603496,-1.6463398604432196
-48.89060977421804,0.06355168272345639,-0.4889060977421804,-1.3642363213494686,-1.80036404256689
-48.89060977421804,0.06726199460046722,-0.4889060977421804,-1.528181658909835,-1.972544254440412
-48.89060977421804,0.07097230647747807,-0.4889060977421804,-1.7014270688414497,-2.164286093497325
-48.89060977421804,0.0746826183544889,-0.4889060977421804,-1.883972551144312,-2.3768521446248245
-48.89060977421804,0.07839293023149975,-0.4889060977421804,-2.0758181058184224,-2.6112871825001376
-48.89060977421804,0.08210324210851058,-0.4889060977421804,-2.2769637328637806,-2.8683386984698775
-48.89060977421804,0.08581355398552143,-0.4889060977421804,-2.487409432280387,-3.14837880762233
-48.89060977421804,0.08952386586253226,-0.4889060977421804,-2.707155204068241,-3.451335446240536
-48.89060977421804,0.09323417773954311,-0.4889060977421804,-2.936201048227343,-3.7766419650788086
-48.89060977421804,0.09694448961655394,-0.4889060977421804,-3.174546964757693,-4.123214234164995
-48.89060977421804,0.10065480149356479,-0.4889060977421804,-3.4221929536592905,-4.489462768104207
-48.89060977421804,0.10436511337057562,-0.4889060977421804,-3.6791390149321366,-4.8733439997808405
-48.89060977421804,0.10807542524758647,-0.4889060977421804,-3.9453851485762303,-5.272449948765451
-48.89060977421804,0.1117857371245973,-0.4889060977421804,-4.220931354591571,-5.6841299054826
-48.89060977421804,0.11549604900160815,-0.4889060977421804,-4.505777632978162,-6.1056325081539295
-48.89060977421804,0.11920636087861898,-0.4889060977421804,-4.799923983735998,-6.534252937662378
-48.89060977421804,0.12291667275562983,-0.4889060977421804,-5.103370406865084,-6.967468826767233
-48.89060977421804,0.12662698463264066,-0.4889060977421804,-5.416116902365417,-7.403050215969978
-48.89060977421804,0.1303372965096515,-0.4889060977421804,-5.738163470236998,-7.839133119939522
-48.89060977421804,0.13404760838666235,-0.4889060977421804,-6.069510110479827,-8.274252037725901
-48.89060977421804,0.13775792026367317,-0.4889060977421804,-6.410156823093903,-8.707332807109559
-48.89060977421804,0.14146823214068402,-0.4889060977421804,-6.760103608079228,-9.137652407941843
-48.89060977421804,0.14517854401769487,-0.4889060977421804,-7.119350465435801,-9.564775858667732
-48.89060977421804,0.1488888558947057,-0.4889060977421804,-7.487897395163622,-9.988481896987023
-48.89060977421804,0.15259916777171653,-0.4889060977421804,-7.865744397262689,-10.40868879678995
-48.89060977421804,0.15630947964872738,-0.4889060977421804,-8.252891471733006,-10.825389852262473
-48.89060977421804,0.16001979152573823,-0.4889060977421804,-8.649338618574571,-11.238605295001545
-48.89060977421804,0.16373010340274907,-0.4889060977421804,-9.055085837787383,-11.648354245587164
-48.89060977421804,0.1674404152797599,-0.4889060977421804,-9.47013312937144,-12.054647208889527
-48.89060977421804,0.17115072715677074,-0.4889060977421804,-9.89448049332675,-12.457496965952636
-48.89060977421804,0.17486103903378158,-0.4889060977421804,-10.328127929653306,-12.85694374053774
-48.89060977421804,0.17857135091079243,-0.4889060977421804,-10.77107543835111,-13.253089354708104
-48.89060977421804,0.18228166278780325,-0.4889060977421804,-11.22332301942016,-13.646134753261602
-48.89060977421804,0.1859919746648141,-0.4889060977421804,-11.684870672860459,-14.036415689012053
-48.89060977421804,0.18970228654182494,-0.4889060977421804,-12.15571839867201,-14.424432357307499
-48.89060977421804,0.1934125984188358,-0.4889060977421804,-12.635866196854806,-14.810870136515902
-48.89060977421804,0.1971229102958466,-0.4889060977421804,-13.125314067408846,-15.19661010667571
-48.89060977421804,0.20083322217285746,-0.4889060977421804,-13.624062010334136,-15.582729479713663
-48.89060977421804,0.2045435340498683,-0.4889060977421804,-14.132110025630677,-15.970493330646487
-48.89060977421804,0.20825384592687915,-0.4889060977421804,-14.649458113298465,-16.36133998226047
-48.89060977421804,0.21196415780388997,-0.4889060977421804,-15.176106273337497,-16.7568630389682
-48.89060977421804,0.21567446968090082,-0.4889060977421804,-15.712054505747782,-17.158793408452063
-48.89060977421804,0.21938478155791166,-0.4889060977421804,-16.257302810529314,-17.56898473762002
-48.89060977421804,0.2230950934349225,-0.4889060977421804,-16.81185118768209,-17.989405571483466
-48.89060977421804,0.22680540531193333,-0.4889060977421804,-17.375699637206115,-18.422141253749118
-48.89060977421804,0.23051571718894417,-0.4889060977421804,-17.948848159101388,-18.869408130108148
-48.89060977421804,0.23422602906595502,-0.4889060977421804,-18.53129675336791,-19.33358195237228
-48.89060977421804,0.23793634094296587,-0.4889060977421804,-19.123045420005685,-19.817241427218374
-48.89060977421804,0.2416466528199767,-0.4889060977421804,-19.724094159014697,-20.323226464075507
-48.89060977421804,0.24535696469698753,-0.4889060977421804,-20.334442970394967,-20.854708647964742
-48.89060977421804,0.24906727657399838,-0.4889060977421804,-20.95409185414648,-21.41526853339942
-48.89060977421804,0.2527775884510092,-0.4889060977421804,-21.583040810269246,-22.00897023573775
-48.89060977421804,0.25648790032802005,-0.4889060977421804,-22.22128983876325,-22.640418252955556
-48.89060977421804,0.2601982122050309,-0.4889060977421804,-22.868838939628514,-23.314774486108785
-48.89060977421804,0.26390852408204174,-0.4889060977421804,-23.525688112865016,-24.037705609323417
-48.89060977421804,0.26761883595905256,-0.4889060977421804,-24.191837358472764,-24.8152239077359
-48.89060977421804,0.27132914783606343,-0.4889060977421804,-24.867286676451773,-25.65338175113835
-48.89060977421804,0.27503945971307425,-0.4889060977421804,-25.55203606680202,-26.557786297557605
-48.89060977421804,0.27874977159008507,-0.4889060977421804,-26.246085529523512,-27.532923484903115
-48.89060977421804,0.28246008346709595,-0.4889060977421804,-26.949435064616264,-28.581324265920067
-48.89060977421804,0.28617039534410676,-0.4889060977421804,-27.66208467208025,-29.702670264051577
-48.89060977421804,0.28988070722111764,-0.4889060977421804,-28.3840343519155,-30.893006468337006
-48.89060977421804,0.29359101909812846,-0.4889060977421804,-29.115284104121983,-32.14427527493409
-48.89060977421804,0.2973013309751393,-0.4889060977421804,-29.855833928699717,-33.44437136314223
-48.89060977421804,0.30101164285215015,-0.4889060977421804,-30.605683825648708,-34.77781715565146
-48.89060977421804,0.30472195472916097,-0.4889060977421804,-31.364833794968934,-36.126990891083835
-47.502732922749004,0.011607316445304631,-0.47502732922749,-0.04513521775782596,-0.7150144560554903
-47.502732922749004,0.015317628322315471,-0.47502732922749,-0.07860224448579534,-0.7487849850255159
-47.502732922749004,0.01902794019932631,-0.47502732922749,-0.12129291923449188,-0.7861875028294505
-47.502732922749004,0.02273825207633715,-0.47502732922749,-0.1732072420039156,-0.8278135860241136
-47.502732922749004,0.02644856395334799,-0.47502732922749,-0.23434521279406656,-0.874331903641965
-47.502732922749004,0.03015887583035883,-0.47502732922749,-0.30470683160494466,-0.9264955469453313
-47.502732922749004,0.03386918770736967,-0.47502732922749,-0.3842920984365501,-0.9851488915029032
-47.502732922749004,0.03757949958438051,-0.47502732922749,-0.47310101328888254,-1.051233461100745
-47.502732922749004,0.04128981146139135,-0.47502732922749,-0.5711335761619423,-1.125792088627243
-47.502732922749004,0.04500012333840219,-0.47502732922749,-0.6783897870557292,-1.2099704696813527
-47.502732922749004,0.04871043521541303,-0.47502732922749,-0.7948696459702432,-1.3050149906278117
-47.502732922749004,0.05242074709242387,-0.47502732922749,-0.9205731529054845,-1.4122655042989587
-47.502732922749004,0.05613105896943471,-0.47502732922749,-1.0555003078614529,-1.5331415568516613
-47.502732922749004,0.05984137084644555,-0.47502732922749,-1.1996511108381485,-1.6691204879410946
-47.502732922749004,0.06355168272345639,-0.47502732922749,-1.3530255618355713,-1.8217059002065912
-47.502732922749004,0.06726199460046722,-0.47502732922749,-1.515623660853721,-1.9923853043967612
-47.502732922749004,0.07097230647747807,-0.47502732922749,-1.6874454078925984,-2.1825763794999005
-47.502732922749004,0.0746826183544889,-0.47502732922749,-1.8684908029522027,-2.3935623149847873
-47.502732922749004,0.07839293023149975,-0.47502732922749,-2.0587598460325345,-2.626418152472803
-47.502732922749004,0.08210324210851058,-0.47502732922749,-2.258252537133593,-2.881931861701566
-47.502732922749004,0.08581355398552143,-0.47502732922749,-2.466968876255379,-3.160525893249642
-47.502732922749004,0.08952386586253226,-0.47502732922749,-2.684908863397892,-3.462186825040295
-47.502732922749004,0.09323417773954311,-0.47502732922749,-2.9120724985611326,-3.786412005414866
-47.502732922749004,0.09694448961655394,-0.47502732922749,-3.1484597817450997,-4.132182274989493
-47.502732922749004,0.10065480149356479,-0.47502732922749,-3.3940707129497945,-4.497968477490231
-47.502732922749004,0.10436511337057562,-0.47502732922749,-3.6489052921752165,-4.881776349542492
-47.502732922749004,0.10807542524758647,-0.47502732922749,-3.912963519421366,-5.281229723416645
-47.502732922749004,0.1117857371245973,-0.47502732922749,-4.186245394688242,-5.69368647434213
-47.502732922749004,0.11549604900160815,-0.47502732922749,-4.468750917975846,-6.116376370378191
-47.502732922749004,0.11920636087861898,-0.47502732922749,-4.760480089284176,-6.546546139509992
-47.502732922749004,0.12291667275562983,-0.47502732922749,-5.061432908613234,-6.98159562671788
-47.502732922749004,0.12662698463264066,-0.47502732922749,-5.371609375963018,-7.419190293572479
-47.502732922749004,0.1303372965096515,-0.47502732922749,-5.6910094913335305,-7.857339235551839
-47.502732922749004,0.13404760838666235,-0.47502732922749,-6.019633254724771,-8.29443346846121
-47.502732922749004,0.13775792026367317,-0.47502732922749,-6.357480666136736,-8.729245250666668
-47.502732922749004,0.14146823214068402,-0.47502732922749,-6.704551725569431,-9.16089448149756
-47.502732922749004,0.14517854401769487,-0.47502732922749,-7.060846433022851,-9.588791894421592
-47.502732922749004,0.1488888558947057,-0.47502732922749,-7.4263647884970005,-10.01257046100111
-47.502732922749004,0.15259916777171653,-0.47502732922749,-7.801106791991874,-10.432016201388587
-47.502732922749004,0.15630947964872738,-0.47502732922749,-8.185072443507478,-10.847007843894936
-47.502732922749004,0.16001979152573823,-0.47502732922749,-8.578261743043807,-11.257472034897654
-47.502732922749004,0.16373010340274907,-0.47502732922749,-8.980674690600866,-11.663357637769458
-47.502732922749004,0.1674404152797599,-0.47502732922749,-9.392311286178646,-12.064629573220923
-47.502732922749004,0.17115072715677074,-0.47502732922749,-9.813171529777158,-12.461280026156146
-47.502732922749004,0.17486103903378158,-0.47502732922749,-10.243255421396398,-12.853352927863206
-47.502732922749004,0.17857135091079243,-0.47502732922749,-10.682562961036364,-13.240976538648345
-47.502732922749004,0.18228166278780325,-0.47502732922749,-11.131094148697056,-13.624398705120937
-47.502732922749004,0.1859919746648141,-0.47502732922749,-11.588848984378474,-14.004019844740288
-47.502732922749004,0.18970228654182494,-0.47502732922749,-12.055827468080624,-14.380419737843793
-47.502732922749004,0.1934125984188358,-0.47502732922749,-12.532029599803499,-14.754375563065322
-47.502732922749004,0.1971229102958466,-0.47502732922749,-13.017455379547098,-15.126870072584389
-47.502732922749004,0.20083322217285746,-0.47502732922749,-13.512104807311426,-15.499090178338367
-47.502732922749004,0.2045435340498683,-0.47502732922749,-14.015977883096484,-15.872417374506504
-47.502732922749004,0.20825384592687915,-0.47502732922749,-14.529074606902268,-16.248412285041965
-47.502732922749004,0.21196415780388997,-0.47502732922749,-15.051394978728775,-16.628796186077746
-47.502732922749004,0.21567446968090082,-0.47502732922749,-15.582938998576015,-17.015432641947672
-47.502732922749004,0.21938478155791166,-0.47502732922749,-16.12370666644398,-17.410312461157222
-47.502732922749004,0.2230950934349225,-0.47502732922749,-16.673697982332673,-17.815545074862122
-47.502732922749004,0.22680540531193333,-0.47502732922749,-17.232912946242088,-18.233359196311255
-47.502732922749004,0.23051571718894417,-0.47502732922749,-17.801351558172236,-18.666115233740395
-47.502732922749004,0.23422602906595502,-0.47502732922749,-18.37901381812311,-19.116331357155985
-47.502732922749004,0.23793634094296587,-0.47502732922749,-18.96589972609471,-19.586724266361717
-47.502732922749004,0.2416466528199767,-0.47502732922749,-19.562009282087036,-20.080264420571996
-47.502732922749004,0.24535696469698753,-0.47502732922749,-20.167342486100093,-20.600243553314606
-47.502732922749004,0.24906727657399838,-0.47502732922749,-20.781899338133876,-21.150349435379507
-47.502732922749004,0.2527775884510092,-0.47502732922749,-21.405679838188387,-21.73473875788396
-47.502732922749004,0.25648790032802005,-0.47502732922749,-22.03868398626362,-22.358093432580226
-47.502732922749004,0.2601982122050309,-0.47502732922749,-22.68091178235959,-23.02563852420478
-47.502732922749004,0.26390852408204174,-0.47502732922749,-23.332363226476275,-23.743091981257606
-47.502732922749004,0.26761883595905256,-0.47502732922749,-23.99303831861369,-24.516508936795013
-47.502732922749004,0.27132914783606343,-0.47502732922749,-24.662937058771842,-25.35197992165149
-47.502732922749004,0.27503945971307425,-0.47502732922749,-25.342059446950714,-26.255148252459186
-47.502732922749004,0.27874977159008507,-0.47502732922749,-26.030405483150307,-27.230533989081323
-47.502732922749004,0.28246008346709595,-0.47502732922749,-26.72797516737064,-28.28069591707061
-47.502732922749004,0.28617039534410676,-0.47502732922749,-27.43476849961169,-29.405328223998506
-47.502732922749004,0.28988070722111764,-0.47502732922749,-28.15078547987348,-30.600460870913736
-47.502732922749004,0.29359101909812846,-0.47502732922749,-28.87602610815598,-31.85798161599378
-47.502732922749004,0.2973013309751393,-0.47502732922749,-29.610490384459215,-33.16568424184384
-47.502732922749004,0.30101164285215015,-0.47502732922749,-30.354178308783187,-34.50794697582683
-47.502732922749004,0.30472195472916097,-0.47502732922749,-31.10708988112787,-35.86697390517705
-46.11485607127997,0.011607316445304631,-0.46114856071279975,-0.044761241030288085,-0.747496099427666
-46.11485607127997,0.015317628322315471,-0.46114856071279975,-0.07795097012333072,-0.7803204822956182
-46.11485607127997,0.01902794019932631,-0.46114856071279975,-0.12028792288657982,-0.8167953902007814
-46.11485607127997,0.02273825207633715,-0.46114856071279975,-0.17177209932003537,-0.8575045888479109
-46.11485607127997,0.02644856395334799,-0.46114856071279975,-0.23240349942369745,-0.9031078609134013
-46.11485607127997,0.03015887583035883,-0.46114856071279975,-0.302182123197566,-0.9543482736617275
-46.11485607127997,0.03386918770736967,-0.46114856071279975,-0.38110797064164104,-1.0120590235036095
-46.11485607127997,0.03757949958438051,-0.46114856071279975,-0.4691810417559225,-1.0771693504523165
-46.11485607127997,0.04128981146139135,-0.46114856071279975,-0.5664013365404105,-1.150708847161705
-46.11485607127997,0.04500012333840219,-0.46114856071279975,-0.672768854995105,-1.233809293889299
-46.11485607127997,0.04871043521541303,-0.46114856071279975,-0.788283597120006,-1.3277029416356747
-46.11485607127997,0.05242074709242387,-0.46114856071279975,-0.9129455629151133,-1.4337159593204754
-46.11485607127997,0.05613105896943471,-0.46114856071279975,-1.0467547523804273,-1.5532555880732337
-46.11485607127997,0.05984137084644555,-0.46114856071279975,-1.1897111655159474,-1.6877894529004003
-46.11485607127997,0.06355168272345639,-0.46114856071279975,-1.3418148023216743,-1.8388155323341544
-46.11485607127997,0.06726199460046722,-0.46114856071279975,-1.5030656627976073,-2.007821558022916
-46.11485607127997,0.07097230647747807,-0.46114856071279975,-1.6734637469437472,-2.196233192705469
-46.11485607127997,0.0746826183544889,-0.46114856071279975,-1.8530090547600933,-2.405351289714627
-46.11485607127997,0.07839293023149975,-0.46114856071279975,-2.041701586246646,-2.6362799043662646
-46.11485607127997,0.08210324210851058,-0.46114856071279975,-2.239541341403405,-2.8898484660464128
-46.11485607127997,0.08581355398552143,-0.46114856071279975,-2.446528320230371,-3.1665334741564415
-46.11485607127997,0.08952386586253226,-0.46114856071279975,-2.662662522727543,-3.466386955821174
-46.11485607127997,0.09323417773954311,-0.46114856071279975,-2.8879439488949217,-3.78898028970634
-46.11485607127997,0.09694448961655394,-0.46114856071279975,-3.1223725987325066,-4.13337235681551
-46.11485607127997,0.10065480149356479,-0.46114856071279975,-3.3659484722402984,-4.498109873528453
-46.11485607127997,0.10436511337057562,-0.46114856071279975,-3.618671569418296,-4.881264958965027
-46.11485607127997,0.10807542524758647,-0.46114856071279975,-3.8805418902665014,-5.280510631669634
-46.11485607127997,0.1117857371245973,-0.46114856071279975,-4.151559434784912,-5.693229625505598
-46.11485607127997,0.11549604900160815,-0.46114856071279975,-4.4317242029735295,-6.116646665926373
-46.11485607127997,0.11920636087861898,-0.46114856071279975,-4.721036194832354,-6.547970328165418
-46.11485607127997,0.12291667275562983,-0.46114856071279975,-5.019495410361384,-6.9845288097316995
-46.11485607127997,0.12662698463264066,-0.46114856071279975,-5.327101849560621,-7.4238848949542415
-46.11485607127997,0.1303372965096515,-0.46114856071279975,-5.643855512430064,-7.863918899122657
-46.11485607127997,0.13404760838666235,-0.46114856071279975,-5.969756398969714,-8.302873659929874
-46.11485607127997,0.13775792026367317,-0.46114856071279975,-6.3048045091795695,-8.739361530371783
-46.11485607127997,0.14146823214068402,-0.46114856071279975,-6.648999843059633,-9.172338634083129
-46.11485607127997,0.14517854401769487,-0.46114856071279975,-7.002342400609902,-9.60105546913176
-46.11485607127997,0.1488888558947057,-0.46114856071279975,-7.364832181830378,-10.024994837920497
-46.11485607127997,0.15259916777171653,-0.46114856071279975,-7.7364691867210595,-10.443808044323418
-46.11485607127997,0.15630947964872738,-0.46114856071279975,-8.117253415281949,-10.857258685703396
-46.11485607127997,0.16001979152573823,-0.46114856071279975,-8.507184867513045,-11.265180715828535
-46.11485607127997,0.16373010340274907,-0.46114856071279975,-8.906263543414347,-11.667454345363476
-46.11485607127997,0.1674404152797599,-0.46114856071279975,-9.314489442985852,-12.064000298490827
-46.11485607127997,0.17115072715677074,-0.46114856071279975,-9.731862566227568,-12.454790357639848
-46.11485607127997,0.17486103903378158,-0.46114856071279975,-10.15838291313949,-12.839870262484121
-46.11485607127997,0.17857135091079243,-0.46114856071279975,-10.594050483721617,-13.219390001508538
-46.11485607127997,0.18228166278780325,-0.46114856071279975,-11.038865277973951,-13.593636332384815
-46.11485607127997,0.1859919746648141,-0.46114856071279975,-11.49282729589649,-13.963062873082409
-46.11485607127997,0.18970228654182494,-0.46114856071279975,-11.955936537489238,-14.32831412805706
-46.11485607127997,0.1934125984188358,-0.46114856071279975,-12.428193002752193,-14.69024112831716
-46.11485607127997,0.1971229102958466,-0.46114856071279975,-12.909596691685351,-15.04990775205238
-46.11485607127997,0.20083322217285746,-0.46114856071279975,-13.400147604288717,-15.408588074192417
-46.11485607127997,0.2045435340498683,-0.46114856071279975,-13.899845740562291,-15.767756148326221
-46.11485607127997,0.20825384592687915,-0.46114856071279975,-14.408691100506072,-16.129070396726817
-46.11485607127997,0.21196415780388997,-0.46114856071279975,-14.926683684120054,-16.494355273445308
-46.11485607127997,0.21567446968090082,-0.46114856071279975,-15.453823491404249,-16.86558310930572
-46.11485607127997,0.21938478155791166,-0.46114856071279975,-15.990110522358648,-17.244859100536114
-46.11485607127997,0.2230950934349225,-0.46114856071279975,-16.535544776983254,-17.634412315142264
-46.11485607127997,0.22680540531193333,-0.46114856071279975,-17.09012625527806,-18.036595392423813
-46.11485607127997,0.23051571718894417,-0.46114856071279975,-17.65385495724308,-18.45389529693026
-46.11485607127997,0.23422602906595502,-0.46114856071279975,-18.226730882878307,-18.888957011002837
-46.11485607127997,0.23793634094296587,-0.46114856071279975,-18.80875403218374,-19.344621310902664
-46.11485607127997,0.2416466528199767,-0.46114856071279975,-19.399924405159375,-19.823976612706407
-46.11485607127997,0.24535696469698753,-0.46114856071279975,-20.00024200180522,-20.330423073588957
-46.11485607127997,0.24906727657399838,-0.46114856071279975,-20.60970682212127,-20.867744407676952
-46.11485607127997,0.2527775884510092,-0.46114856071279975,-21.228318866107532,-21.440178902495305
-46.11485607127997,0.25648790032802005,-0.46114856071279975,-21.85607813376399,-22.052475621502673
-46.11485607127997,0.2601982122050309,-0.46114856071279975,-22.492984625090667,-22.709914683820365
-46.11485607127997,0.26390852408204174,-0.46114856071279975,-23.139038340087538,-23.418262298497645
-46.11485607127997,0.26761883595905256,-0.46114856071279975,-23.794239278754613,-24.183623427905
-46.11485607127997,0.27132914783606343,-0.46114856071279975,-24.45858744109191,-25.012150785032365
-46.11485607127997,0.27503945971307425,-0.46114856071279975,-25.132082827099406,-25.909573686879646
-46.11485607127997,0.27874977159008507,-0.46114856071279975,-25.814725436777103,-26.880531099045232
-46.11485607127997,0.28246008346709595,-0.46114856071279975,-26.50651527012502,-27.92773618628604
-46.11485607127997,0.28617039534410676,-0.46114856071279975,-27.20745232714313,-29.051064859623914
-46.11485607127997,0.28988070722111764,-0.46114856071279975,-27.917536607831458,-30.246735053106327
-46.11485607127997,0.29359101909812846,-0.46114856071279975,-28.63676811218998,-31.506796598010922
-46.11485607127997,0.2973013309751393,-0.46114856071279975,-29.365146840218713,-32.8191434963134
-46.11485607127997,0.30101164285215015,-0.46114856071279975,-30.102672791917662,-34.16816361555582
-46.11485607127997,0.30472195472916097,-0.46114856071279975,-30.849345967286805,-35.53596887183767
-44.726979219810936,0.011607316445304631,-0.44726979219810936,-0.04438726430275021,-0.775564600250136
-44.726979219810936,0.015317628322315471,-0.44726979219810936,-0.0772996957608661,-0.8075968168650913
-44.726979219810936,0.01902794019932631,-0.44726979219810936,-0.11928292653866773,-0.8432900462245438
-44.726979219810936,0.02273825207633715,-0.44726979219810936,-0.17033695663615514,-0.883218960143811
-44.726979219810936,0.02644856395334799,-0.44726979219810936,-0.23046178605332834,-0.9280328872193206
-44.726979219810936,0.03015887583035883,-0.44726979219810936,-0.29965741479018726,-0.9784629765653574
-44.726979219810936,0.03386918770736967,-0.44726979219810936,-0.377923842846732,-1.0353289830357597
-44.726979219810936,0.03757949958438051,-0.44726979219810936,-0.4652610702229625,-1.099545193162104
-44.726979219810936,0.04128981146139135,-0.44726979219810936,-0.5616690969188788,-1.172124850162135
-44.726979219810936,0.04500012333840219,-0.44726979219810936,-0.6671479229344808,-1.2541822506826477
-44.726979219810936,0.04871043521541303,-0.44726979219810936,-0.7816975482697686,-1.3469314836595108
-44.726979219810936,0.05242074709242387,-0.44726979219810936,-0.9053179729247421,-1.4516805794557541
-44.726979219810936,0.05613105896943471,-0.44726979219810936,-1.0380091968994014,-1.569819663520609
-44.726979219810936,0.05984137084644555,-0.44726979219810936,-1.1797712201937465,-1.7028016059776854
-44.726979219810936,0.06355168272345639,-0.44726979219810936,-1.3306040428077772,-1.8521136857087686
-44.726979219810936,0.06726199460046722,-0.44726979219810936,-1.4905076647414934,-2.019239018140492
-44.726979219810936,0.07097230647747807,-0.44726979219810936,-1.659482085994896,-2.2056070110126527
-44.726979219810936,0.0746826183544889,-0.44726979219810936,-1.837527306567984,-2.412532985013604
-44.726979219810936,0.07839293023149975,-0.44726979219810936,-2.0246433264607577,-2.6411483663534243
-44.726979219810936,0.08210324210851058,-0.44726979219810936,-2.2208301456732173,-2.8923244988952783
-44.726979219810936,0.08581355398552143,-0.44726979219810936,-2.4260877642053633,-3.166595002650399
-44.726979219810936,0.08952386586253226,-0.44726979219810936,-2.640416182057194,-3.4640834593167367
-44.726979219810936,0.09323417773954311,-0.44726979219810936,-2.8638153992287108,-3.7844446386260078
-44.726979219810936,0.09694448961655394,-0.44726979219810936,-3.0962854157199136,-4.126828013561274
-44.726979219810936,0.10065480149356479,-0.44726979219810936,-3.337826231530802,-4.48987149565487
-44.726979219810936,0.10436511337057562,-0.44726979219810936,-3.588437846661376,-4.871730882508765
-44.726979219810936,0.10807542524758647,-0.44726979219810936,-3.8481202611116365,-5.270146519104621
-44.726979219810936,0.1117857371245973,-0.44726979219810936,-4.116873474881582,-5.682543641890575
-44.726979219810936,0.11549604900160815,-0.44726979219810936,-4.3946974879712135,-6.106157713812683
-44.726979219810936,0.11920636087861898,-0.44726979219810936,-4.68159230038053,-6.538171892348771
-44.726979219810936,0.12291667275562983,-0.44726979219810936,-4.977557912109534,-6.975851618829857
-44.726979219810936,0.12662698463264066,-0.44726979219810936,-5.282594323158222,-7.416661763183491
-44.726979219810936,0.1303372965096515,-0.44726979219810936,-5.596701533526597,-7.858354757194389
-44.726979219810936,0.13404760838666235,-0.44726979219810936,-5.919879543214658,-8.299023027859732
-44.726979219810936,0.13775792026367317,-0.44726979219810936,-6.252128352222403,-8.737114713588834
-44.726979219810936,0.14146823214068402,-0.44726979219810936,-6.5934479605498355,-9.17141693836646
-44.726979219810936,0.14517854401769487,-0.44726979219810936,-6.943838368196952,-9.601014888854023
-44.726979219810936,0.1488888558947057,-0.44726979219810936,-7.303299575163757,-10.02523706333655
-44.726979219810936,0.15259916777171653,-0.44726979219810936,-7.6718315814502445,-10.443597272891822
-44.726979219810936,0.15630947964872738,-0.44726979219810936,-8.04943438705642,-10.85574257522524
-44.726979219810936,0.16001979152573823,-0.44726979219810936,-8.436107991982281,-11.261413828126901
-44.726979219810936,0.16373010340274907,-0.44726979219810936,-8.831852396227829,-11.660422546046533
-44.726979219810936,0.1674404152797599,-0.44726979219810936,-9.236667599793059,-12.052644764427196
-44.726979219810936,0.17115072715677074,-0.44726979219810936,-9.650553602677977,-12.438030078920619
-44.726979219810936,0.17486103903378158,-0.44726979219810936,-10.073510404882581,-12.816622199240507
-44.726979219810936,0.17857135091079243,-0.44726979219810936,-10.505538006406871,-13.18858635812259
-44.726979219810936,0.18228166278780325,-0.44726979219810936,-10.946636407250844,-13.554238726841977
-44.726979219810936,0.1859919746648141,-0.44726979219810936,-11.396805607414505,-13.914073484579202
-44.726979219810936,0.18970228654182494,-0.44726979219810936,-11.856045606897855,-14.268784174029191
-44.726979219810936,0.1934125984188358,-0.44726979219810936,-12.324356405700888,-14.619277226160143
-44.726979219810936,0.1971229102958466,-0.44726979219810936,-12.801738003823603,-14.966676840769159
-44.726979219810936,0.20083322217285746,-0.44726979219810936,-13.288190401266007,-15.31232159711601
-44.726979219810936,0.2045435340498683,-0.44726979219810936,-13.783713598028099,-15.657754131537263
-44.726979219810936,0.20825384592687915,-0.44726979219810936,-14.288307594109876,-16.00470591072487
-44.726979219810936,0.21196415780388997,-0.44726979219810936,-14.801972389511333,-16.355079557530956
-44.726979219810936,0.21567446968090082,-0.44726979219810936,-15.324707984232482,-16.710931392975013
-44.726979219810936,0.21938478155791166,-0.44726979219810936,-15.856514378273316,-17.074456899898692
-44.726979219810936,0.2230950934349225,-0.44726979219810936,-16.397391571633833,-17.447981741217326
-44.726979219810936,0.22680540531193333,-0.44726979219810936,-16.947339564314035,-17.833960808165084
-44.726979219810936,0.23051571718894417,-0.44726979219810936,-17.50635835631393,-18.234987526860454
-44.726979219810936,0.23422602906595502,-0.44726979219810936,-18.074447947633505,-18.65381526754249
-44.726979219810936,0.23793634094296587,-0.44726979219810936,-18.651608338272766,-19.093392081560943
-44.726979219810936,0.2416466528199767,-0.44726979219810936,-19.23783952823171,-19.556908979313988
-44.726979219810936,0.24535696469698753,-0.44726979219810936,-19.833141517510345,-20.04786033475111
-44.726979219810936,0.24906727657399838,-0.44726979219810936,-20.437514306108664,-20.570112470054806
-44.726979219810936,0.2527775884510092,-0.44726979219810936,-21.050957894026674,-21.127972704136198
-44.726979219810936,0.25648790032802005,-0.44726979219810936,-21.67347228126436,-21.726245831182354
-44.726979219810936,0.2601982122050309,-0.44726979219810936,-22.305057467821744,-22.370258006674916
-44.726979219810936,0.26390852408204174,-0.44726979219810936,-22.9457134536988,-23.06581973074635
-44.726979219810936,0.26761883595905256,-0.44726979219810936,-23.59544023889554,-23.819091406207114
-44.726979219810936,0.27132914783606343,-0.44726979219810936,-24.254237823411984,-24.636309836703305
-44.726979219810936,0.27503945971307425,-0.44726979219810936,-24.9221062072481,-25.523337214266576
-44.726979219810936,0.27874977159008507,-0.44726979219810936,-25.5990453904039,-26.485012687230785
-44.726979219810936,0.28246008346709595,-0.44726979219810936,-26.2850553728794,-27.524327204364475
-44.726979219810936,0.28617039534410676,-0.44726979219810936,-26.980136154674568,-28.64150625482491
-44.726979219810936,0.28988070722111764,-0.44726979219810936,-27.68428773578944,-29.833160973386015
-44.726979219810936,0.29359101909812846,-0.44726979219810936,-28.39751011622398,-31.091726977918483
-44.726979219810936,0.2973013309751393,-0.44726979219810936,-29.119803295978215,-32.40541141763219
-44.726979219810936,0.30101164285215015,-0.44726979219810936,-29.85116727505214,-33.75878068831772
-44.726979219810936,0.30472195472916097,-0.44726979219810936,-30.59160205344574,-35.13395200388779
-43.339102368341905,0.011607316445304631,-0.43339102368341903,-0.044013287575212334,-0.7999350998598489
-43.339102368341905,0.015317628322315471,-0.43339102368341903,-0.07664842139840149,-0.8313055363064001
-43.339102368341905,0.01902794019932631,-0.43339102368341903,-0.11827793019075566,-0.8663388064022688
-43.339102368341905,0.02273825207633715,-0.43339102368341903,-0.16890181395227488,-0.9055991889646768
-43.339102368341905,0.02644856395334799,-0.43339102368341903,-0.2285200726829592,-0.9497239846548426
-43.339102368341905,0.03015887583035883,-0.43339102368341903,-0.2971327063828086,-0.9994305375540637
-43.339102368341905,0.03386918770736967,-0.43339102368341903,-0.374739715051823,-1.0555229226406286
-43.339102368341905,0.03757949958438051,-0.43339102368341903,-0.46134109869000245,-1.1188978470975517
-43.339102368341905,0.04128981146139135,-0.43339102368341903,-0.556936857297347,-1.1905491610038679
-43.339102368341905,0.04500012333840219,-0.43339102368341903,-0.6615269908738566,-1.2715701963081378
-43.339102368341905,0.04871043521541303,-0.43339102368341903,-0.7751114994195312,-1.3631529591654008
-43.339102368341905,0.05242074709242387,-0.43339102368341903,-0.8976903829343709,-1.4665830045211283
-43.339102368341905,0.05613105896943471,-0.43339102368341903,-1.0292636414183756,-1.5832286486624634
-43.339102368341905,0.05984137084644555,-0.43339102368341903,-1.1698312748715454,-1.7145230642223326
-43.339102368341905,0.06355168272345639,-0.43339102368341903,-1.3193932832938802,-1.8619378069348045
-43.339102368341905,0.06726199460046722,-0.43339102368341903,-1.4779496666853797,-2.0269465126935797
-43.339102368341905,0.07097230647747807,-0.43339102368341903,-1.6455004250460448,-2.21097795397382
-43.339102368341905,0.0746826183544889,-0.43339102368341903,-1.8220455583758746,-2.415358428461453
-43.339102368341905,0.07839293023149975,-0.43339102368341903,-2.00758506667487,-2.6412446146198048
-43.339102368341905,0.08210324210851058,-0.43339102368341903,-2.2021189499430296,-2.889549555333754
-43.339102368341905,0.08581355398552143,-0.43339102368341903,-2.4056472081803553,-3.160866214402985
-43.339102368341905,0.08952386586253226,-0.43339102368341903,-2.618169841386845,-3.4553948618257286
-43.339102368341905,0.09323417773954311,-0.43339102368341903,-2.8396868495625003,-3.772882025340312
-43.339102368341905,0.09694448961655394,-0.43339102368341903,-3.0701982327073205,-4.1125794503600375
-43.339102368341905,0.10065480149356479,-0.43339102368341903,-3.3097039908213057,-4.473230993478156
-43.339102368341905,0.10436511337057562,-0.43339102368341903,-3.558204123904456,-4.85309333491
-43.339102368341905,0.10807542524758647,-0.43339102368341903,-3.815698631956772,-5.249992829954323
-43.339102368341905,0.1117857371245973,-0.43339102368341903,-4.082187514978251,-5.661416132944467
-43.339102368341905,0.11549604900160815,-0.43339102368341903,-4.3576707729688975,-6.084627224933657
-43.339102368341905,0.11920636087861898,-0.43339102368341903,-4.642148405928708,-6.516799210065084
-43.339102368341905,0.12291667275562983,-0.43339102368341903,-4.935620413857684,-6.955146730887341
-43.339102368341905,0.12662698463264066,-0.43339102368341903,-5.238086796755825,-7.397044753488052
-43.339102368341905,0.1303372965096515,-0.43339102368341903,-5.54954755462313,-7.840121875070409
-43.339102368341905,0.13404760838666235,-0.43339102368341903,-5.870002687459602,-8.282320678673804
-43.339102368341905,0.13775792026367317,-0.43339102368341903,-6.199452195265236,-8.721923020458078
-43.339102368341905,0.14146823214068402,-0.43339102368341903,-6.5378960780400375,-9.157543350941056
-43.339102368341905,0.14517854401769487,-0.43339102368341903,-6.885334335784004,-9.588097269634108
-43.339102368341905,0.1488888558947057,-0.43339102368341903,-7.241766968497135,-10.01275489589827
-43.339102368341905,0.15259916777171653,-0.43339102368341903,-7.607193976179429,-10.430889156879555
-43.339102368341905,0.15630947964872738,-0.43339102368341903,-7.981615358830892,-10.842027979620708
-43.339102368341905,0.16001979152573823,-0.43339102368341903,-8.365031116451519,-11.245817108867273
-43.339102368341905,0.16373010340274907,-0.43339102368341903,-8.75744124904131,-11.641997428732047
-43.339102368341905,0.1674404152797599,-0.43339102368341903,-9.158845756600263,-12.030397788532598
-43.339102368341905,0.17115072715677074,-0.43339102368341903,-9.569244639128385,-12.410941852547978
-43.339102368341905,0.17486103903378158,-0.43339102368341903,-9.988637896625674,-12.783665691682721
-43.339102368341905,0.17857135091079243,-0.43339102368341903,-10.417025529092124,-13.148741836872551
-43.339102368341905,0.18228166278780325,-0.43339102368341903,-10.85440753652774,-13.50650530359859
-43.339102368341905,0.1859919746648141,-0.43339102368341903,-11.30078391893252,-13.85747754874352
-43.339102368341905,0.18970228654182494,-0.43339102368341903,-11.756154676306469,-14.20238524101905
-43.339102368341905,0.1934125984188358,-0.43339102368341903,-12.220519808649582,-14.54217189490796
-43.339102368341905,0.1971229102958466,-0.43339102368341903,-12.693879315961857,-14.878001630699323
-43.339102368341905,0.20083322217285746,-0.43339102368341903,-13.176233198243297,-15.211255419289495
-43.339102368341905,0.2045435340498683,-0.43339102368341903,-13.667581455493906,-15.543521049534831
-43.339102368341905,0.20825384592687915,-0.43339102368341903,-14.16792408771368,-15.87657867882343
-43.339102368341905,0.21196415780388997,-0.43339102368341903,-14.677261094902612,-16.212384205478468
-43.339102368341905,0.21567446968090082,-0.43339102368341903,-15.195592477060716,-16.5530528786783
-43.339102368341905,0.21938478155791166,-0.43339102368341903,-15.722918234187985,-16.90084559455991
-43.339102368341905,0.2230950934349225,-0.43339102368341903,-16.259238366284414,-17.258160267042566
-43.339102368341905,0.22680540531193333,-0.43339102368341903,-16.80455287335001,-17.62753053874367
-43.339102368341905,0.23051571718894417,-0.43339102368341903,-17.358861755384773,-18.01163390883664
-43.339102368341905,0.23422602906595502,-0.43339102368341903,-17.9221650123887,-18.413311057019644
-43.339102368341905,0.23793634094296587,-0.43339102368341903,-18.494462644361793,-18.835597642391143
-43.339102368341905,0.2416466528199767,-0.43339102368341903,-19.07575465130405,-19.28176900110834
-43.339102368341905,0.24535696469698753,-0.43339102368341903,-19.66604103321547,-19.755396738956478
-43.339102368341905,0.24906727657399838,-0.43339102368341903,-20.26532179009606,-20.260413926924272
-43.339102368341905,0.2527775884510092,-0.43339102368341903,-20.873596921945815,-20.801182118102048
-43.339102368341905,0.25648790032802005,-0.43339102368341903,-21.49086642876473,-21.382548375403232
-43.339102368341905,0.2601982122050309,-0.43339102368341903,-22.117130310552817,-22.009873742089308
-43.339102368341905,0.26390852408204174,-0.43339102368341903,-22.75238856731006,-22.689006345423547
-43.339102368341905,0.26761883595905256,-0.43339102368341903,-23.396641199036466,-23.426163758049313
-43.339102368341905,0.27132914783606343,-0.43339102368341903,-24.049888205732053,-24.22768308177861
-43.339102368341905,0.27503945971307425,-0.43339102368341903,-24.712129587396795,-25.09959836149094
-43.339102368341905,0.27874977159008507,-0.43339102368341903,-25.383365344030697,-26.047020366007892
-43.339102368341905,0.28246008346709595,-0.43339102368341903,-26.063595475633775,-27.07333071773879
-43.339102368341905,0.28617039534410676,-0.43339102368341903,-26.75281998220601,-28.17926359735327
-43.339102368341905,0.28988070722111764,-0.43339102368341903,-27.45103886374742,-29.362024902666356
-43.339102368341905,0.29359101909812846,-0.43339102368341903,-28.15825212025798,-30.61466431442276
-43.339102368341905,0.2973013309751393,-0.43339102368341903,-28.874459751737714,-31.92592939527671
-43.339102368341905,0.30101164285215015,-0.43339102368341903,-29.59966175818662,-33.28075681621986
-43.339102368341905,0.30472195472916097,-0.43339102368341903,-30.333858139604676,-34.66139381310264
-41.95122551687287,0.011607316445304631,-0.4195122551687287,-0.04363931084767445,-0.8212152520526428
-41.95122551687287,0.015317628322315471,-0.4195122551687287,-0.07599714703593685,-0.852031718368425
-41.95122551687287,0.01902794019932631,-0.4195122551687287,-0.11727293384284357,-0.8865037222470113
-41.95122551687287,0.02273825207633715,-0.4195122551687287,-0.16746667126839462,-0.9251838510465533
-41.95122551687287,0.02644856395334799,-0.4195122551687287,-0.22657835931259004,-0.9686958192580173
-41.95122551687287,0.03015887583035883,-0.4195122551687287,-0.2946079979754298,-1.017741313553945
-41.95122551687287,0.03386918770736967,-0.4195122551687287,-0.37155558725691396,-1.0731065478824982
-41.95122551687287,0.03757949958438051,-0.4195122551687287,-0.45742112715704236,-1.1356681071794892
-41.95122551687287,0.04128981146139135,-0.4195122551687287,-0.5522046176758152,-1.2063975152885984
-41.95122551687287,0.04500012333840219,-0.4195122551687287,-0.6559060588132323,-1.286363796200967
-41.95122551687287,0.04871043521541303,-0.4195122551687287,-0.7685254505692938,-1.3767331137722447
-41.95122551687287,0.05242074709242387,-0.4195122551687287,-0.8900627929439995,-1.4787643865427547
-41.95122551687287,0.05613105896943471,-0.4195122551687287,-1.0205180859373497,-1.5937996036766275
-41.95122551687287,0.05984137084644555,-0.4195122551687287,-1.159891329549344,-1.723247450166756
-41.95122551687287,0.06355168272345639,-0.4195122551687287,-1.308182523779983,-1.8685588333055732
-41.95122551687287,0.06726199460046722,-0.4195122551687287,-1.4653916686292656,-2.031193050728778
-41.95122551687287,0.07097230647747807,-0.4195122551687287,-1.6315187640971933,-2.2125737249609094
-41.95122551687287,0.0746826183544889,-0.4195122551687287,-1.8065638101837649,-2.4140343202027417
-41.95122551687287,0.07839293023149975,-0.4195122551687287,-1.9905268068889812,-2.63675410254161
-41.95122551687287,0.08210324210851058,-0.4195122551687287,-2.1834077542128414,-2.88168680394265
-41.95122551687287,0.08581355398552143,-0.4195122551687287,-2.3852066521553468,-3.1494859202476313
-41.95122551687287,0.08952386586253226,-0.4195122551687287,-2.5959235007164954,-3.440432319935187
-41.95122551687287,0.09323417773954311,-0.4195122551687287,-2.815558299896289,-3.754371348399477
-41.95122551687287,0.09694448961655394,-0.4195122551687287,-3.044111049694727,-4.090667471864382
-41.95122551687287,0.10065480149356479,-0.4195122551687287,-3.2815817501118087,-4.4481842867446595
-41.95122551687287,0.10436511337057562,-0.4195122551687287,-3.5279704011475355,-4.825296100627067
-41.95122551687287,0.10807542524758647,-0.4195122551687287,-3.7832770028019067,-5.21993419776736
-41.95122551687287,0.1117857371245973,-0.4195122551687287,-4.047501555074922,-5.629666629718082
-41.95122551687287,0.11549604900160815,-0.4195122551687287,-4.3206440579665815,-6.051805604329752
-41.95122551687287,0.11920636087861898,-0.4195122551687287,-4.602704511476885,-6.4835322429462625
-41.95122551687287,0.12291667275562983,-0.4195122551687287,-4.893682915605833,-6.922025628019533
-41.95122551687287,0.12662698463264066,-0.4195122551687287,-5.193579270353426,-7.364582397975234
-41.95122551687287,0.1303372965096515,-0.4195122551687287,-5.502393575719663,-7.80871488236459
-41.95122551687287,0.13404760838666235,-0.4195122551687287,-5.820125831704544,-8.252219537254755
-41.95122551687287,0.13775792026367317,-0.4195122551687287,-6.146776038308069,-8.693212389148863
-41.95122551687287,0.14146823214068402,-0.4195122551687287,-6.482344195530239,-9.130133257512883
-41.95122551687287,0.14517854401769487,-0.4195122551687287,-6.826830303371053,-9.561724716597176
-41.95122551687287,0.1488888558947057,-0.4195122551687287,-7.180234361830513,-9.986994410500472
-41.95122551687287,0.15259916777171653,-0.4195122551687287,-7.542556370908613,-10.405170207485433
-41.95122551687287,0.15630947964872738,-0.4195122551687287,-7.913796330605361,-10.815656919559029
-41.95122551687287,0.16001979152573823,-0.4195122551687287,-8.293954240920753,-11.21800134501896
-41.95122551687287,0.16373010340274907,-0.4195122551687287,-8.68303010185479,-11.611869764706086
-41.95122551687287,0.1674404152797599,-0.4195122551687287,-9.081023913407467,-11.997039280376288
-41.95122551687287,0.17115072715677074,-0.4195122551687287,-9.487935675578793,-12.373401970514184
-41.95122551687287,0.17486103903378158,-0.4195122551687287,-9.903765388368763,-12.740979052392527
-41.95122551687287,0.17857135091079243,-0.4195122551687287,-10.328513051777376,-13.099941217391633
-41.95122551687287,0.18228166278780325,-0.4195122551687287,-10.762178665804633,-13.450631043377038
-41.95122551687287,0.1859919746648141,-0.4195122551687287,-11.204762230450534,-13.793583765419259
-41.95122551687287,0.18970228654182494,-0.4195122551687287,-11.656263745715082,-14.129543517137407
-41.95122551687287,0.1934125984188358,-0.4195122551687287,-12.116683211598275,-14.459473227585558
-41.95122551687287,0.1971229102958466,-0.4195122551687287,-12.586020628100107,-14.784557475948525
-41.95122551687287,0.20083322217285746,-0.4195122551687287,-13.064275995220585,-15.106198615121967
-41.95122551687287,0.2045435340498683,-0.4195122551687287,-13.55144931295971,-15.42600728055275
-41.95122551687287,0.20825384592687915,-0.4195122551687287,-14.04754058131748,-15.745788966374839
-41.95122551687287,0.21196415780388997,-0.4195122551687287,-14.552549800293889,-16.067528689082682
-41.95122551687287,0.21567446968090082,-0.4195122551687287,-15.066476969888948,-16.39337591322889
-41.95122551687287,0.21938478155791166,-0.4195122551687287,-15.58932209010265,-16.725631939791374
-41.95122551687287,0.2230950934349225,-0.4195122551687287,-16.121085160934992,-17.066741906792085
-41.95122551687287,0.22680540531193333,-0.4195122551687287,-16.66176618238598,-17.419293455132234
-41.95122551687287,0.23051571718894417,-0.4195122551687287,-17.211365154455613,-17.78602397194425
-41.95122551687287,0.23422602906595502,-0.4195122551687287,-17.769882077143894,-18.16983810150942
-41.95122551687287,0.23793634094296587,-0.4195122551687287,-18.33731695045082,-18.573836824933412
-41.95122551687287,0.2416466528199767,-0.4195122551687287,-18.913669774376384,-19.001358712668583
-41.95122551687287,0.24535696469698753,-0.4195122551687287,-19.498940548920594,-19.456032740896113
-41.95122551687287,0.24906727657399838,-0.4195122551687287,-20.093129274083452,-19.94184005418477
-41.95122551687287,0.2527775884510092,-0.4195122551687287,-20.696235949864956,-20.463178910103167
-41.95122551687287,0.25648790032802005,-0.4195122551687287,-21.308260576265095,-21.02492239647107
-41.95122551687287,0.2601982122050309,-0.4195122551687287,-21.92920315328389,-21.63245211260947
-41.95122551687287,0.26390852408204174,-0.4195122551687287,-22.55906368092132,-22.291642954330356
-41.95122551687287,0.26761883595905256,-0.4195122551687287,-23.19784215917739,-23.008765343887642
-41.95122551687287,0.27132914783606343,-0.4195122551687287,-23.84553858805212,-23.79026405075648
-41.95122551687287,0.27503945971307425,-0.4195122551687287,-24.502152967545484,-24.64237161811075
-41.95122551687287,0.27874977159008507,-0.4195122551687287,-25.16768529765749,-25.570526074626336
-41.95122551687287,0.28246008346709595,-0.4195122551687287,-25.84213557838815,-26.57859470709123
-41.95122551687287,0.28617039534410676,-0.4195122551687287,-26.525503809737444,-27.667962632991625
-41.95122551687287,0.28988070722111764,-0.4195122551687287,-27.217789991705395,-28.83662096077667
-41.95122551687287,0.29359101909812846,-0.4195122551687287,-27.918994124291977,-30.07846150856359
-41.95122551687287,0.2973013309751393,-0.4195122551687287,-28.62911620749721,-31.38301377020928
-41.95122551687287,0.30101164285215015,-0.4195122551687287,-29.348156241321092,-32.73580494725375
-41.95122551687287,0.30472195472916097,-0.4195122551687287,-30.076114225763607,-34.11937502484515
-40.563348665403836,0.011607316445304631,-0.40563348665403837,-0.04326533412013658,-0.8399158274237477
-40.563348665403836,0.015317628322315471,-0.40563348665403837,-0.07534587267347224,-0.8702649729343159
-40.563348665403836,0.01902794019932631,-0.40563348665403837,-0.11626793749493151,-0.9042529470552951
-40.563348665403836,0.02273825207633715,-0.40563348665403837,-0.16603152858451442,-0.9424193679867137
-40.563348665403836,0.02644856395334799,-0.40563348665403837,-0.224636645942221,-0.9853728462721101
-40.563348665403836,0.03015887583035883,-0.40563348665403837,-0.29208328956805113,-1.0337976231859098
-40.563348665403836,0.03386918770736967,-0.40563348665403837,-0.368371459462005,-1.088459962798077
-40.563348665403836,0.03757949958438051,-0.40563348665403837,-0.45350115562408244,-1.1502139083438156
-40.563348665403836,0.04128981146139135,-0.40563348665403837,-0.5474723780542835,-1.2200058806063958
-40.563348665403836,0.04500012333840219,-0.40563348665403837,-0.6502851267526082,-1.2988774405949681
-40.563348665403836,0.04871043521541303,-0.40563348665403837,-0.7619394017190565,-1.3879653658372795
-40.563348665403836,0.05242074709242387,-0.40563348665403837,-0.8824352029536284,-1.4884980101448253
-40.563348665403836,0.05613105896943471,-0.40563348665403837,-1.011772530456324,-1.601786750330242
-40.563348665403836,0.05984137084644555,-0.40563348665403837,-1.1499513842271432,-1.7292112007387463
-40.563348665403836,0.06355168272345639,-0.40563348665403837,-1.296971764266086,-1.8721968412515277
-40.563348665403836,0.06726199460046722,-0.40563348665403837,-1.4528336705731522,-2.0321838133223316
-40.563348665403836,0.07097230647747807,-0.40563348665403837,-1.6175371031483423,-2.2105859578713716
-40.563348665403836,0.0746826183544889,-0.40563348665403837,-1.7910820619916559,-2.408739765224055
-40.563348665403836,0.07839293023149975,-0.40563348665403837,-1.9734685471030933,-2.627843831491264
-40.563348665403836,0.08210324210851058,-0.40563348665403837,-2.164696558482654,-2.8688906781977375
-40.563348665403836,0.08581355398552143,-0.40563348665403837,-2.364766096130339,-3.1325943326887837
-40.563348665403836,0.08952386586253226,-0.40563348665403837,-2.573677160046147,-3.41931872752091
-40.563348665403836,0.09323417773954311,-0.40563348665403837,-2.791429750230079,-3.7290134866350693
-40.563348665403836,0.09694448961655394,-0.40563348665403837,-3.0180238666821344,-4.0611646567035
-40.563348665403836,0.10065480149356479,-0.40563348665403837,-3.253459509402313,-4.414768008446367
-40.563348665403836,0.10436511337057562,-0.40563348665403837,-3.497736678390616,-4.788331338344651
-40.563348665403836,0.10807542524758647,-0.40563348665403837,-3.7508553736470427,-5.179909611622984
-40.563348665403836,0.1117857371245973,-0.40563348665403837,-4.012815595171592,-5.587172988900237
-40.563348665403836,0.11549604900160815,-0.40563348665403837,-4.283617342964266,-6.00750332472748
-40.563348665403836,0.11920636087861898,-0.40563348665403837,-4.563260617025063,-6.43811046384578
-40.563348665403836,0.12291667275562983,-0.40563348665403837,-4.8517454173539845,-6.876156534226945
-40.563348665403836,0.12662698463264066,-0.40563348665403837,-5.149071743951029,-7.318875213372465
-40.563348665403836,0.1303372965096515,-0.40563348665403837,-5.455239596816196,-7.7636739713149066
-40.563348665403836,0.13404760838666235,-0.40563348665403837,-5.770248975949489,-8.208210369186913
-40.563348665403836,0.13775792026367317,-0.40563348665403837,-6.094099881350903,-8.650437923529354
-40.563348665403836,0.14146823214068402,-0.40563348665403837,-6.426792313020442,-9.08862186078352
-40.563348665403836,0.14517854401769487,-0.40563348665403837,-6.768326270958105,-9.521329311601862
-40.563348665403836,0.1488888558947057,-0.40563348665403837,-7.118701755163892,-9.947401405945042
-40.563348665403836,0.15259916777171653,-0.40563348665403837,-7.4779187656378,-10.365915986457413
-40.563348665403836,0.15630947964872738,-0.40563348665403837,-7.8459773023798345,-10.776149309353077
-40.563348665403836,0.16001979152573823,-0.40563348665403837,-8.222877365389992,-11.177543497621574
-40.563348665403836,0.16373010340274907,-0.40563348665403837,-8.608618954668273,-11.569684159214543
-40.563348665403836,0.1674404152797599,-0.40563348665403837,-9.003202070214675,-11.952290015341223
-40.563348665403836,0.17115072715677074,-0.40563348665403837,-9.406626712029203,-12.325214054601314
-40.563348665403836,0.17486103903378158,-0.40563348665403837,-9.818892880111857,-12.68845395272404
-40.563348665403836,0.17857135091079243,-0.40563348665403837,-10.240000574462632,-13.042168432819148
-40.563348665403836,0.18228166278780325,-0.40563348665403837,-10.66994979508153,-13.386695898615613
-40.563348665403836,0.1859919746648141,-0.40563348665403837,-11.108740541968551,-13.722571950054364
-40.563348665403836,0.18970228654182494,-0.40563348665403837,-11.5563728151237,-14.050543112051484
-40.563348665403836,0.1934125984188358,-0.40563348665403837,-12.012846614546971,-14.371575071815213
-40.563348665403836,0.1971229102958466,-0.40563348665403837,-12.478161940238362,-14.686854739134645
-40.563348665403836,0.20083322217285746,-0.40563348665403837,-12.952318792197877,-14.997786369991422
-40.563348665403836,0.2045435340498683,-0.40563348665403837,-13.43531717042552,-15.30598273450209
-40.563348665403836,0.20825384592687915,-0.40563348665403837,-13.927157074921285,-15.613252829530524
-40.563348665403836,0.21196415780388997,-0.40563348665403837,-14.42783850568517,-15.921587944629493
-40.563348665403836,0.21567446968090082,-0.40563348665403837,-14.937361462717183,-16.233148028076403
-40.563348665403836,0.21938478155791166,-0.40563348665403837,-15.455725946017319,-16.5502503212961
-40.563348665403836,0.2230950934349225,-0.40563348665403837,-15.982931955585578,-16.875362185141725
-40.563348665403836,0.22680540531193333,-0.40563348665403837,-16.518979491421955,-17.211099963829305
-40.563348665403836,0.23051571718894417,-0.40563348665403837,-17.063868553526465,-17.56023562813311
-40.563348665403836,0.23422602906595502,-0.40563348665403837,-17.617599141899095,-17.925712779284133
-40.563348665403836,0.23793634094296587,-0.40563348665403837,-18.18017125653985,-18.310673305156275
-40.563348665403836,0.2416466528199767,-0.40563348665403837,-18.751584897448723,-18.718495433267485
-40.563348665403836,0.24535696469698753,-0.40563348665403837,-19.331840064625723,-19.15284292899101
-40.563348665403836,0.24906727657399838,-0.40563348665403837,-19.92093675807085,-19.617723477317494
-40.563348665403836,0.2527775884510092,-0.40563348665403837,-20.5188749777841,-20.117551526946617
-40.563348665403836,0.25648790032802005,-0.40563348665403837,-21.125654723765468,-20.657206692304957
-40.563348665403836,0.2601982122050309,-0.40563348665403837,-21.74127599601497,-21.242072886740697
-40.563348665403836,0.26390852408204174,-0.40563348665403837,-22.365738794532582,-21.878035657345997
-40.563348665403836,0.26761883595905256,-0.40563348665403837,-22.99904311931832,-22.571406338834763
-40.563348665403836,0.27132914783606343,-0.40563348665403837,-23.641188970372195,-23.328733550908325
-40.563348665403836,0.27503945971307425,-0.40563348665403837,-24.29217634769418,-24.156459132013918
-40.563348665403836,0.27874977159008507,-0.40563348665403837,-24.952005251284287,-25.060383113430404
-40.563348665403836,0.28246008346709595,-0.40563348665403837,-25.620675681142533,-26.044928605306694
-40.563348665403836,0.28617039534410676,-0.40563348665403837,-26.29818763726889,-27.112248489986584
-40.563348665403836,0.28988070722111764,-0.40563348665403837,-26.98454111966338,-28.2612892711921
-40.563348665403836,0.29359101909812846,-0.40563348665403837,-27.67973612832598,-29.487004964139224
-40.563348665403836,0.2973013309751393,-0.40563348665403837,-28.38377266325671,-30.77995876492074
-40.563348665403836,0.30101164285215015,-0.40563348665403837,-29.096650724455575,-32.126519065495344
-40.563348665403836,0.30472195472916097,-0.40563348665403837,-29.818370311922546,-33.50972765019836
-39.1754718139348,0.011607316445304631,-0.391754718139348,-0.042891357392598695,-0.8564617799030758
-39.1754718139348,0.015317628322315471,-0.391754718139348,-0.07469459831100761,-0.8864107664621494
-39.1754718139348,0.01902794019932631,-0.391754718139348,-0.11526294114701943,-0.9199723097264574
-39.1754718139348,0.02273825207633715,-0.391754718139348,-0.16459638590063413,-0.9576718241871958
-39.1754718139348,0.02644856395334799,-0.391754718139348,-0.22269493257185183,-1.0001013657107474
-39.1754718139348,0.03015887583035883,-0.391754718139348,-0.2895585811606724,-1.0479260375444648
-39.1754718139348,0.03386918770736967,-0.391754718139348,-0.36518733166709594,-1.101890192788904
-39.1754718139348,0.03757949958438051,-0.391754718139348,-0.4495811840911223,-1.162823076868051
-39.1754718139348,0.04128981146139135,-0.391754718139348,-0.5427401384327516,-1.2316434311088509
-39.1754718139348,0.04500012333840219,-0.391754718139348,-0.6446641946919839,-1.3093624347778823
-39.1754718139348,0.04871043521541303,-0.391754718139348,-0.755353352868819,-1.397084201797389
-39.1754718139348,0.05242074709242387,-0.391754718139348,-0.874807612963257,-1.4960028791226652
-39.1754718139348,0.05613105896943471,-0.391754718139348,-1.003026974975298,-1.6073952331508514
-39.1754718139348,0.05984137084644555,-0.391754718139348,-1.1400114389049418,-1.7326074851247508
-39.1754718139348,0.06355168272345639,-0.391754718139348,-1.2857610047521888,-1.8730351045915143
-39.1754718139348,0.06726199460046722,-0.391754718139348,-1.440275672517038,-2.030094342036422
-39.1754718139348,0.07097230647747807,-0.391754718139348,-1.6035554421994909,-2.205184538010902
-39.1754718139348,0.0746826183544889,-0.391754718139348,-1.7756003137995462,-2.3996407491398144
-39.1754718139348,0.07839293023149975,-0.391754718139348,-1.956410287317205,-2.6146770330018563
-39.1754718139348,0.08210324210851058,-0.391754718139348,-2.145985362752466,-2.8513218538105796
-39.1754718139348,0.08581355398552143,-0.391754718139348,-2.3443255401053307,-3.1103484704246065
-39.1754718139348,0.08952386586253226,-0.391754718139348,-2.5514308193757973,-3.392204723502511
-39.1754718139348,0.09323417773954311,-0.391754718139348,-2.7673012005638675,-3.6969481232105226
-39.1754718139348,0.09694448961655394,-0.391754718139348,-2.9919366836695405,-4.024193230674838
-39.1754718139348,0.10065480149356479,-0.391754718139348,-3.2253372686928166,-4.373078651460748
-39.1754718139348,0.10436511337057562,-0.391754718139348,-3.4675029556336954,-4.742260178914199
-39.1754718139348,0.10807542524758647,-0.391754718139348,-3.7184337444921773,-5.129934553716321
-39.1754718139348,0.1117857371245973,-0.391754718139348,-3.9781296352682616,-5.533895027891664
-39.1754718139348,0.11549604900160815,-0.391754718139348,-4.246590627961949,-5.951615856208631
-39.1754718139348,0.11920636087861898,-0.391754718139348,-4.5238167225732395,-6.380358706073002
-39.1754718139348,0.12291667275562983,-0.391754718139348,-4.809807919102133,-6.817290649568299
-39.1754718139348,0.12662698463264066,-0.391754718139348,-5.10456421754863,-7.259601662770162
-39.1754718139348,0.1303372965096515,-0.391754718139348,-5.408085617912729,-7.704609862367569
-39.1754718139348,0.13404760838666235,-0.391754718139348,-5.7203721201944315,-8.149845027192134
-39.1754718139348,0.13775792026367317,-0.391754718139348,-6.041423724393735,-8.59310476541428
-39.1754718139348,0.14146823214068402,-0.391754718139348,-6.371240430510644,-9.03248214886978
-39.1754718139348,0.14517854401769487,-0.391754718139348,-6.709822238545154,-9.466367814091823
-39.1754718139348,0.1488888558947057,-0.391754718139348,-7.057169148497269,-9.893432660338409
-39.1754718139348,0.15259916777171653,-0.391754718139348,-7.413281160366984,-10.312598923275456
-39.1754718139348,0.15630947964872738,-0.391754718139348,-7.778158274154304,-10.723007509388385
-39.1754718139348,0.16001979152573823,-0.391754718139348,-8.151800489859228,-11.123988296166226
-39.1754718139348,0.16373010340274907,-0.391754718139348,-8.534207807481753,-11.515038085457794
-39.1754718139348,0.1674404152797599,-0.391754718139348,-8.92538022702188,-11.895808549982002
-39.1754718139348,0.17115072715677074,-0.391754718139348,-9.32531774847961,-12.266104291777745
-39.1754718139348,0.17486103903378158,-0.391754718139348,-9.734020371854948,-12.625889369949254
-39.1754718139348,0.17857135091079243,-0.391754718139348,-10.151488097147883,-12.975299535523833
-39.1754718139348,0.18228166278780325,-0.391754718139348,-10.577720924358424,-13.314656969534001
-39.1754718139348,0.1859919746648141,-0.391754718139348,-11.012718853486565,-13.64448447520507
-39.1754718139348,0.18970228654182494,-0.391754718139348,-11.456481884532312,-13.96551666938602
-39.1754718139348,0.1934125984188358,-0.391754718139348,-11.909010017495662,-14.278706564090474
-39.1754718139348,0.1971229102958466,-0.391754718139348,-12.370303252376612,-14.585226846532832
-39.1754718139348,0.20083322217285746,-0.391754718139348,-12.840361589175165,-14.88646601236546
-39.1754718139348,0.2045435340498683,-0.391754718139348,-13.319185027891324,-15.18402019040586
-39.1754718139348,0.20825384592687915,-0.391754718139348,-13.806773568525086,-15.479681979519121
-39.1754718139348,0.21196415780388997,-0.391754718139348,-14.303127211076447,-15.775427905593013
-39.1754718139348,0.21567446968090082,-0.391754718139348,-14.808245955545415,-16.073406234949314
-39.1754718139348,0.21938478155791166,-0.391754718139348,-15.322129801931984,-16.375926900176495
-39.1754718139348,0.2230950934349225,-0.391754718139348,-15.844778750236156,-16.685455254097743
-39.1754718139348,0.22680540531193333,-0.391754718139348,-16.37619280045793,-17.00461130250518
-39.1754718139348,0.23051571718894417,-0.391754718139348,-16.916371952597306,-17.336175987867154
-39.1754718139348,0.23422602906595502,-0.391754718139348,-17.46531620665429,-17.683105983974812
-39.1754718139348,0.23793634094296587,-0.391754718139348,-18.023025562628874,-18.048558254733504
-39.1754718139348,0.2416466528199767,-0.391754718139348,-18.589500020521058,-18.435925218471983
-39.1754718139348,0.24535696469698753,-0.391754718139348,-19.16473958033085,-18.848880570519416
-39.1754718139348,0.24906727657399838,-0.391754718139348,-19.74874424205824,-19.291434407520892
-39.1754718139348,0.2527775884510092,-0.391754718139348,-20.34151400570324,-19.767993947250165
-39.1754718139348,0.25648790032802005,-0.391754718139348,-20.943048871265834,-20.2834224709824
-39.1754718139348,0.2601982122050309,-0.391754718139348,-21.553348838746043,-20.843083770551736
-39.1754718139348,0.26390852408204174,-0.391754718139348,-22.17241390814384,-21.45285218700494
-39.1754718139348,0.26761883595905256,-0.391754718139348,-22.80024407945924,-22.119059639371425
-39.1754718139348,0.27132914783606343,-0.391754718139348,-23.43683935269226,-22.84834230204082
-39.1754718139348,0.27503945971307425,-0.391754718139348,-24.08219972784287,-23.64734404505552
-39.1754718139348,0.27874977159008507,-0.391754718139348,-24.736325204911083,-24.522237034803837
-39.1754718139348,0.28246008346709595,-0.391754718139348,-25.399215783896906,-25.478039685524397
-39.1754718139348,0.28617039534410676,-0.391754718139348,-26.070871464800323,-26.517755705595437
-39.1754718139348,0.28988070722111764,-0.391754718139348,-26.751292247621354,-27.64142643391625
-39.1754718139348,0.29359101909812846,-0.391754718139348,-27.440478132359978,-28.845269071126644
-39.1754718139348,0.2973013309751393,-0.391754718139348,-28.138429119016205,-30.12113366734523
-39.1754718139348,0.30101164285215015,-0.391754718139348,-28.845145207590047,-31.456507365940006
-39.1754718139348,0.30472195472916097,-0.391754718139348,-29.560626398081478,-32.83519313391136
-37.78759496246577,0.011607316445304631,-0.3778759496246577,-0.04251738066506082,-0.8712031851206148
-37.78759496246577,0.015317628322315471,-0.3778759496246577,-0.07404332394854299,-0.9008015132235205
-37.78759496246577,0.01902794019932631,-0.3778759496246577,-0.11425794479910735,-0.933976553893777
-37.78759496246577,0.02273825207633715,-0.3778759496246577,-0.1631612432167539,-0.9712383498892971
-37.78759496246577,0.02644856395334799,-0.3778759496246577,-0.2207532192014827,-1.013161045603992
-37.78759496246577,0.03015887583035883,-0.3778759496246577,-0.2870338727532937,-1.0603890394362496
-37.78759496246577,0.03386918770736967,-0.3778759496246577,-0.36200320387218693,-1.1136429741685698
-37.78759496246577,0.03757949958438051,-0.3778759496246577,-0.44566121255816227,-1.173725242069375
-37.78759496246577,0.04128981146139135,-0.3778759496246577,-0.5380078988112199,-1.2415245697181025
-37.78759496246577,0.04500012333840219,-0.3778759496246577,-0.6390432626313597,-1.3180191158008103
-37.78759496246577,0.04871043521541303,-0.3778759496246577,-0.7487673040185817,-1.4042773663979595
-37.78759496246577,0.05242074709242387,-0.3778759496246577,-0.8671800229728859,-1.5014559541611048
-37.78759496246577,0.05613105896943471,-0.3778759496246577,-0.9942814194942723,-1.6107933742912035
-37.78759496246577,0.05984137084644555,-0.3778759496246577,-1.1300714935827407,-1.7335984440182686
-37.78759496246577,0.06355168272345639,-0.3778759496246577,-1.2745502452382917,-1.8712322863933775
-37.78759496246577,0.06726199460046722,-0.3778759496246577,-1.4277176744609243,-2.025082657856373
-37.78759496246577,0.07097230647747807,-0.3778759496246577,-1.5895737812506396,-2.196529636053565
-37.78759496246577,0.0746826183544889,-0.3778759496246577,-1.760118565607437,-2.386902097734647
-37.78759496246577,0.07839293023149975,-0.3778759496246577,-1.9393520275313165,-2.597425097499886
-37.78759496246577,0.08210324210851058,-0.3778759496246577,-2.127274167022278,-2.8291592338323746
-37.78759496246577,0.08581355398552143,-0.3778759496246577,-2.3238849840803226,-3.082934339213816
-37.78759496246577,0.08952386586253226,-0.3778759496246577,-2.5291844787054485,-3.3592812641254937
-37.78759496246577,0.09323417773954311,-0.3778759496246577,-2.743172650897657,-3.6583669575437
-37.78759496246577,0.09694448961655394,-0.3778759496246577,-2.9658495006569474,-3.9799392047087125
-37.78759496246577,0.10065480149356479,-0.3778759496246577,-3.19721502798332,-4.3232879301884015
-37.78759496246577,0.10436511337057562,-0.3778759496246577,-3.4372692328767753,-4.68722958043068
-37.78759496246577,0.10807542524758647,-0.3778759496246577,-3.686012115337313,-5.070119542096311
-37.78759496246577,0.1117857371245973,-0.3778759496246577,-3.9434436753649313,-5.469894824567241
-37.78759496246577,0.11549604900160815,-0.3778759496246577,-4.209563912959633,-5.884145626022759
-37.78759496246577,0.11920636087861898,-0.3778759496246577,-4.484372828121417,-6.3102104962781596
-37.78759496246577,0.12291667275562983,-0.3778759496246577,-4.767870420850284,-6.745286381038081
-37.78759496246577,0.12662698463264066,-0.3778759496246577,-5.060056691146231,-7.186542651795207
-37.78759496246577,0.1303372965096515,-0.3778759496246577,-5.360931639009261,-7.631227831357618
-37.78759496246577,0.13404760838666235,-0.3778759496246577,-5.670495264439375,-8.076759246363174
-37.78759496246577,0.13775792026367317,-0.3778759496246577,-5.988747567436569,-8.520788943967919
-37.78759496246577,0.14146823214068402,-0.3778759496246577,-6.315688548000846,-8.961243204079453
-37.78759496246577,0.14517854401769487,-0.3778759496246577,-6.651318206132205,-9.39633700568183
-37.78759496246577,0.1488888558947057,-0.3778759496246577,-6.995636541830647,-9.824568087483845
-37.78759496246577,0.15259916777171653,-0.3778759496246577,-7.348643555096169,-10.244697262086788
-37.78759496246577,0.15630947964872738,-0.3778759496246577,-7.710339245928776,-10.655722225757824
-37.78759496246577,0.16001979152573823,-0.3778759496246577,-8.080723614328464,-11.056851399942158
-37.78759496246577,0.16373010340274907,-0.3778759496246577,-8.459796660295236,-11.447482716143687
-37.78759496246577,0.1674404152797599,-0.3778759496246577,-8.847558383829085,-11.82719017994954
-37.78759496246577,0.17115072715677074,-0.3778759496246577,-9.24400878493002,-12.195718971554733
-37.78759496246577,0.17486103903378158,-0.3778759496246577,-9.649147863598039,-12.552988108361628
-37.78759496246577,0.17857135091079243,-0.3778759496246577,-10.062975619833137,-12.899098519603356
-37.78759496246577,0.18228166278780325,-0.3778759496246577,-10.485492053635317,-13.234343829953403
-37.78759496246577,0.1859919746648141,-0.3778759496246577,-10.91669716500458,-13.55922116564064
-37.78759496246577,0.18970228654182494,-0.3778759496246577,-11.356590953940929,-13.874439748832257
-37.78759496246577,0.1934125984188358,-0.3778759496246577,-11.805173420444357,-14.180925762742817
-37.78759496246577,0.1971229102958466,-0.3778759496246577,-12.262444564514864,-14.479822781613446
-37.78759496246577,0.20083322217285746,-0.3778759496246577,-12.728404386152455,-14.772487827553967
-37.78759496246577,0.2045435340498683,-0.3778759496246577,-13.203052885357131,-15.060483747874084
-37.78759496246577,0.20825384592687915,-0.3778759496246577,-13.68639006212889,-15.345569059150527
-37.78759496246577,0.21196415780388997,-0.3778759496246577,-14.178415916467726,-15.629686677890257
-37.78759496246577,0.21567446968090082,-0.3778759496246577,-14.679130448373648,-15.914953082325951
-37.78759496246577,0.21938478155791166,-0.3778759496246577,-15.188533657846653,-16.203649470935723
-37.78759496246577,0.2230950934349225,-0.3778759496246577,-15.706625544886737,-16.498216447280605
-37.78759496246577,0.22680540531193333,-0.3778759496246577,-16.233406109493902,-16.801253703791563
-37.78759496246577,0.23051571718894417,-0.3778759496246577,-16.768875351668154,-17.11552611549058
-37.78759496246577,0.23422602906595502,-0.3778759496246577,-17.313033271409488,-17.443977576856774
-37.78759496246577,0.23793634094296587,-0.3778759496246577,-17.8658798687179,-17.78975377408205
-37.78759496246577,0.2416466528199767,-0.3778759496246577,-18.427415143593393,-18.156234788730377
-37.78759496246577,0.24535696469698753,-0.3778759496246577,-18.997639096035975,-18.547077828698058
-37.78759496246577,0.24906727657399838,-0.3778759496246577,-19.576551726045636,-18.966269260576816
-37.78759496246577,0.2527775884510092,-0.3778759496246577,-20.164153033622384,-19.418183178353466
-37.78759496246577,0.25648790032802005,-0.3778759496246577,-20.760443018766203,-19.907640620644642
-37.78759496246577,0.2601982122050309,-0.3778759496246577,-21.365421681477116,-20.43995885389173
-37.78759496246577,0.26390852408204174,-0.3778759496246577,-21.9790890217551,-21.02097359320058
-37.78759496246577,0.26761883595905256,-0.3778759496246577,-22.60144503960017,-21.657008743341105
-37.78759496246577,0.27132914783606343,-0.3778759496246577,-23.23248973501233,-22.354759188312755
-37.78759496246577,0.27503945971307425,-0.3778759496246577,-23.872223107991566,-23.12104488146742
-37.78759496246577,0.27874977159008507,-0.3778759496246577,-24.520645158537878,-23.962393801817043
-37.78759496246577,0.28246008346709595,-0.3778759496246577,-25.177755886651287,-24.88442444875322
-37.78759496246577,0.28617039534410676,-0.3778759496246577,-25.843555292331764,-25.891033454172334
-37.78759496246577,0.28988070722111764,-0.3778759496246577,-26.518043375579335,-26.98345482690572
-37.78759496246577,0.29359101909812846,-0.3778759496246577,-27.201220136393978,-28.159337125883074
-37.78759496246577,0.2973013309751393,-0.3778759496246577,-27.893085574775704,-29.412057742157383
-37.78759496246577,0.30101164285215015,-0.3778759496246577,-28.593639690724522,-30.730516743723737
-37.78759496246577,0.30472195472916097,-0.3778759496246577,-29.302882484240413,-32.09958548434073
-36.39971811099673,0.011607316445304631,-0.3639971811099673,-0.042143403937522944,-0.884425656863224
-36.39971811099673,0.015317628322315471,-0.3639971811099673,-0.07339204958607838,-0.9137070677814076
-36.39971811099673,0.01902794019932631,-0.3639971811099673,-0.11325294845119528,-0.9465199031004095
-36.39971811099673,0.02273825207633715,-0.3639971811099673,-0.16172610053287367,-0.9833577553957973
-36.39971811099673,0.02644856395334799,-0.3639971811099673,-0.21881150583111358,-1.0247756204634109
-36.39971811099673,0.03015887583035883,-0.3639971811099673,-0.28450916434591494,-1.0713957791933484
-36.39971811099673,0.03386918770736967,-0.3639971811099673,-0.3588190760772779,-1.123913557306945
-36.39971811099673,0.03757949958438051,-0.3639971811099673,-0.44174124102520224,-1.1831026725660183
-36.39971811099673,0.04128981146139135,-0.3639971811099673,-0.5332756591896881,-1.2498197780610818
-36.39971811099673,0.04500012333840219,-0.3639971811099673,-0.6334223305707355,-1.3250076905387727
-36.39971811099673,0.04871043521541303,-0.3639971811099673,-0.7421812551683443,-1.4096966566965263
-36.39971811099673,0.05242074709242387,-0.3639971811099673,-0.8595524329825147,-1.5050028639955109
-36.39971811099673,0.05613105896943471,-0.3639971811099673,-0.9855358640132464,-1.6121232573537223
-36.39971811099673,0.05984137084644555,-0.3639971811099673,-1.1201315482605396,-1.7323255980015184
-36.39971811099673,0.06355168272345639,-0.3639971811099673,-1.2633394857243947,-1.8669326238590949
-36.39971811099673,0.06726199460046722,-0.3639971811099673,-1.4151596764048104,-2.017299180154417
-36.39971811099673,0.07097230647747807,-0.3639971811099673,-1.5755921203017884,-2.184781332010609
-36.39971811099673,0.0746826183544889,-0.3639971811099673,-1.7446368174153275,-2.3706968000837447
-36.39971811099673,0.07839293023149975,-0.3639971811099673,-1.9222937677454284,-2.5762766255631737
-36.39971811099673,0.08210324210851058,-0.3639971811099673,-2.1085629712920904,-2.8026088042620954
-36.39971811099673,0.08581355398552143,-0.3639971811099673,-2.3034444280553146,-3.0505757266881846
-36.39971811099673,0.08952386586253226,-0.3639971811099673,-2.5069381380350997,-3.320788558346606
-36.39971811099673,0.09323417773954311,-0.3639971811099673,-2.719044101231446,-3.613523050211363
-36.39971811099673,0.09694448961655394,-0.3639971811099673,-2.9397623176443544,-3.928662456567959
-36.39971811099673,0.10065480149356479,-0.3639971811099673,-3.169092787273824,-4.2656539622133955
-36.39971811099673,0.10436511337057562,-0.3639971811099673,-3.4070355101198553,-4.623484972200833
-36.39971811099673,0.10807542524758647,-0.3639971811099673,-3.653590486182448,-5.000684549446984
-36.39971811099673,0.1117857371245973,-0.3639971811099673,-3.9087577154616016,-5.395353117944262
-36.39971811099673,0.11549604900160815,-0.3639971811099673,-4.172537197957317,-5.805220449935062
-36.39971811099673,0.11920636087861898,-0.3639971811099673,-4.444928933669595,-6.227728368146412
-36.39971811099673,0.12291667275562983,-0.3639971811099673,-4.7259329225984334,-6.660131178762798
-36.39971811099673,0.12662698463264066,-0.3639971811099673,-5.015549164743834,-7.099604332523766
-36.39971811099673,0.1303372965096515,-0.3639971811099673,-5.313777660105795,-7.543350779083736
-36.39971811099673,0.13404760838666235,-0.3639971811099673,-5.620618408684319,-7.9886952020724955
-36.39971811099673,0.13775792026367317,-0.3639971811099673,-5.936071410479402,-8.433158653484465
-36.39971811099673,0.14146823214068402,-0.3639971811099673,-6.260136665491049,-8.874509522786134
-36.39971811099673,0.14517854401769487,-0.3639971811099673,-6.592814173719256,-9.310790531360183
-36.39971811099673,0.1488888558947057,-0.3639971811099673,-6.934103935164026,-9.740324777414225
-36.39971811099673,0.15259916777171653,-0.3639971811099673,-7.284005949825355,-10.161706191914448
-36.39971811099673,0.15630947964872738,-0.3639971811099673,-7.642520217703248,-10.573780819821254
-36.39971811099673,0.16001979152573823,-0.3639971811099673,-8.009646738797702,-10.975625141815716
-36.39971811099673,0.16373010340274907,-0.3639971811099673,-8.385385513108718,-11.36652647376422
-36.39971811099673,0.1674404152797599,-0.3639971811099673,-8.769736540636291,-11.745968732760375
-36.39971811099673,0.17115072715677074,-0.3639971811099673,-9.16269982138043,-12.113624968036218
-36.39971811099673,0.17486103903378158,-0.3639971811099673,-9.564275355341131,-12.469356380906241
-36.39971811099673,0.17857135091079243,-0.3639971811099673,-9.97446314251839,-12.813216337096657
-36.39971811099673,0.18228166278780325,-0.3639971811099673,-10.393263182912213,-13.145457208405993
-36.39971811099673,0.1859919746648141,-0.3639971811099673,-10.820675476522595,-13.46653774948801
-36.39971811099673,0.18970228654182494,-0.3639971811099673,-11.256700023349543,-13.777129014238678
-36.39971811099673,0.1934125984188358,-0.3639971811099673,-11.701336823393051,-14.078117394201227
-36.39971811099673,0.1971229102958466,-0.3639971811099673,-12.154585876653117,-14.370604061375074
-36.39971811099673,0.20083322217285746,-0.3639971811099673,-12.616447183129747,-14.655900785607672
-36.39971811099673,0.2045435340498683,-0.3639971811099673,-13.086920742822938,-14.935522678493504
-36.39971811099673,0.20825384592687915,-0.3639971811099673,-13.566006555732693,-15.211178843035698
-36.39971811099673,0.21196415780388997,-0.3639971811099673,-14.053704621859005,-15.484762173740055
-36.39971811099673,0.21567446968090082,-0.3639971811099673,-14.550014941201882,-15.758339677866884
-36.39971811099673,0.21938478155791166,-0.3639971811099673,-15.05493751376132,-16.034144714622272
-36.39971811099673,0.2230950934349225,-0.3639971811099673,-15.568472339537319,-16.31457251838895
-36.39971811099673,0.22680540531193333,-0.3639971811099673,-16.090619418529876,-16.60218032086176
-36.39971811099673,0.23051571718894417,-0.3639971811099673,-16.621378750738998,-16.899693335438158
-36.39971811099673,0.23422602906595502,-0.3639971811099673,-17.160750336164682,-17.210017812351545
-36.39971811099673,0.23793634094296587,-0.3639971811099673,-17.708734174806928,-17.536262281020782
-36.39971811099673,0.2416466528199767,-0.3639971811099673,-18.265330266665732,-17.881767893568952
-36.39971811099673,0.24535696469698753,-0.3639971811099673,-18.8305386117411,-18.25014834628337
-36.39971811099673,0.24906727657399838,-0.3639971811099673,-19.404359210033032,-18.6453389956023
-36.39971811099673,0.2527775884510092,-0.3639971811099673,-19.986792061541525,-19.07165323718555
-36.39971811099673,0.25648790032802005,-0.3639971811099673,-20.577837166266573,-19.533841637189326
-36.39971811099673,0.2601982122050309,-0.3639971811099673,-21.177494524208193,-20.037145298901343
-36.39971811099673,0.26390852408204174,-0.3639971811099673,-21.785764135366364,-20.587329160918195
-36.39971811099673,0.26761883595905256,-0.3639971811099673,-22.402645999741093,-21.190673254187836
-36.39971811099673,0.27132914783606343,-0.3639971811099673,-23.0281401173324,-21.853890948785402
-36.39971811099673,0.27503945971307425,-0.3639971811099673,-23.66224648814026,-22.583934735474887
-36.39971811099673,0.27874977159008507,-0.3639971811099673,-24.304965112164673,-23.38764599367539
-36.39971811099673,0.28246008346709595,-0.3639971811099673,-24.956295989405664,-24.271211893181317
-36.39971811099673,0.28617039534410676,-0.3639971811099673,-25.616239119863202,-25.239418223010382
-36.39971811099673,0.28988070722111764,-0.3639971811099673,-26.284794503537317,-26.294738140196795
-36.39971811099673,0.29359101909812846,-0.3639971811099673,-26.96196214042798,-27.436371921268382
-36.39971811099673,0.2973013309751393,-0.3639971811099673,-27.647742030535206,-28.659433618122925
-36.39971811099673,0.30101164285215015,-0.3639971811099673,-28.342134173859,-29.954529297948195
-36.39971811099673,0.30472195472916097,-0.3639971811099673,-29.04513857039935,-31.30794254631797
-35.0118412595277,0.011607316445304631,-0.350118412595277,-0.04176942720998507,-0.896360000942225
-35.0118412595277,0.015317628322315471,-0.350118412595277,-0.07274077522361376,-0.9253443995142345
-35.0118412595277,0.01902794019932631,-0.350118412595277,-0.11224795210328321,-0.9578057525511627
-35.0118412595277,0.02273825207633715,-0.350118412595277,-0.16029095784899344,-0.9942202350374956
-35.0118412595277,0.02644856395334799,-0.350118412595277,-0.21686979246074448,-1.0351225999648537
-35.0118412595277,0.03015887583035883,-0.350118412595277,-0.28198445593853627,-1.0811117770877527
-35.0118412595277,0.03386918770736967,-0.350118412595277,-0.3556349482823689,-1.1328563872374264
-35.0118412595277,0.03757949958438051,-0.350118412595277,-0.4378212694922422,-1.1910999139002585
-35.0118412595277,0.04128981146139135,-0.350118412595277,-0.5285434195681564,-1.2566651832764957
-35.0118412595277,0.04500012333840219,-0.350118412595277,-0.6278013985101113,-1.330457696365797
-35.0118412595277,0.04871043521541303,-0.350118412595277,-0.735595206318107,-1.413467233328337
-35.0118412595277,0.05242074709242387,-0.350118412595277,-0.8519248429921434,-1.5067670161185616
-35.0118412595277,0.05613105896943471,-0.350118412595277,-0.9767903085322207,-1.6115095794461696
-35.0118412595277,0.05984137084644555,-0.350118412595277,-1.1101916029383387,-1.7289183780026423
-35.0118412595277,0.06355168272345639,-0.350118412595277,-1.2521287262104974,-1.860274072986814
-35.0118412595277,0.06726199460046722,-0.350118412595277,-1.4026016783486968,-2.006894425594074
-35.0118412595277,0.07097230647747807,-0.350118412595277,-1.5616104593529372,-2.170106820314293
-35.0118412595277,0.0746826183544889,-0.350118412595277,-1.7291550692232183,-2.351212693649696
-35.0118412595277,0.07839293023149975,-0.350118412595277,-1.9052355079595402,-2.5514436009410066
-35.0118412595277,0.08210324210851058,-0.350118412595277,-2.0898517755619026,-2.7719093507072783
-35.0118412595277,0.08581355398552143,-0.350118412595277,-2.2830038720303065,-3.0135395801272744
-35.0118412595277,0.08952386586253226,-0.350118412595277,-2.4846917973647504,-3.2770212979107254
-35.0118412595277,0.09323417773954311,-0.350118412595277,-2.6949155515652357,-3.562736177068963
-35.0118412595277,0.09694448961655394,-0.350118412595277,-2.9136751346317613,-3.8707025592033606
-35.0118412595277,0.10065480149356479,-0.350118412595277,-3.140970546564328,-4.200527984649874
-35.0118412595277,0.10436511337057562,-0.350118412595277,-3.376801787362935,-4.551378305959519
-35.0118412595277,0.10807542524758647,-0.350118412595277,-3.6211688570275835,-4.921968822945696
-35.0118412595277,0.1117857371245973,-0.350118412595277,-3.8740717555582718,-5.310581258924005
-35.0118412595277,0.11549604900160815,-0.350118412595277,-4.135510482955002,-5.715107841924947
-35.0118412595277,0.11920636087861898,-0.350118412595277,-4.405485039217772,-6.1331205696487245
-35.0118412595277,0.12291667275562983,-0.350118412595277,-4.683995424346584,-6.561960454642648
-35.0118412595277,0.12662698463264066,-0.350118412595277,-4.971041638341435,-6.9988388177394185
-35.0118412595277,0.1303372965096515,-0.350118412595277,-5.266623681202328,-7.440941126039004
-35.0118412595277,0.13404760838666235,-0.350118412595277,-5.570741552929262,-7.885523832996046
-35.0118412595277,0.13775792026367317,-0.350118412595277,-5.883395253522235,-8.329996199570978
-35.0118412595277,0.14146823214068402,-0.350118412595277,-6.204584782981251,-8.771981817474593
-35.0118412595277,0.14517854401769487,-0.350118412595277,-6.534310141306307,-9.209357909640532
-35.0118412595277,0.1488888558947057,-0.350118412595277,-6.872571328497404,-9.640273746321038
-35.0118412595277,0.15259916777171653,-0.350118412595277,-7.21936834455454,-10.06315207837184
-35.0118412595277,0.15630947964872738,-0.350118412595277,-7.574701189477719,-10.476678975060018
-35.0118412595277,0.16001979152573823,-0.350118412595277,-7.938569863266938,-10.879787770343459
-35.0118412595277,0.16373010340274907,-0.350118412595277,-8.310974365922199,-11.271642132249195
-35.0118412595277,0.1674404152797599,-0.350118412595277,-8.691914697443497,-11.651621905460358
-35.0118412595277,0.17115072715677074,-0.350118412595277,-9.081390857830838,-12.019313728783082
-35.0118412595277,0.17486103903378158,-0.350118412595277,-9.479402847084222,-12.374506854168217
-35.0118412595277,0.17857135091079243,-0.350118412595277,-9.885950665203644,-12.717193352837743
-35.0118412595277,0.18228166278780325,-0.350118412595277,-10.301034312189108,-13.04757112388899
-35.0118412595277,0.1859919746648141,-0.350118412595277,-10.724653788040612,-13.366047840602985
-35.0118412595277,0.18970228654182494,-0.350118412595277,-11.156809092758158,-13.67324410765583
-35.0118412595277,0.1934125984188358,-0.350118412595277,-11.597500226341745,-13.969994532881849
-35.0118412595277,0.1971229102958466,-0.350118412595277,-12.046727188791369,-14.257345998156682
-35.0118412595277,0.20083322217285746,-0.350118412595277,-12.504489980107037,-14.536553017219353
-35.0118412595277,0.2045435340498683,-0.350118412595277,-12.970788600288746,-14.809070598757817
-35.0118412595277,0.20825384592687915,-0.350118412595277,-13.445623049336497,-15.0765454364229
-35.0118412595277,0.21196415780388997,-0.350118412595277,-13.928993327250284,-15.340806507698844
-35.0118412595277,0.21567446968090082,-0.350118412595277,-14.420899434030115,-15.603856294750448
-35.0118412595277,0.21938478155791166,-0.350118412595277,-14.921341369675988,-15.867863874817974
-35.0118412595277,0.2230950934349225,-0.350118412595277,-15.430319134187899,-16.135161104347787
-35.0118412595277,0.22680540531193333,-0.350118412595277,-15.94783272756585,-16.408243075026974
-35.0118412595277,0.23051571718894417,-0.350118412595277,-16.473882149809846,-16.689773974376386
-35.0118412595277,0.23422602906595502,-0.350118412595277,-17.00846740091988,-16.982599442663773
-35.0118412595277,0.23793634094296587,-0.350118412595277,-17.551588480895955,-17.289766459926376
-35.0118412595277,0.2416466528199767,-0.350118412595277,-18.10324538973807,-17.614551666304813
-35.0118412595277,0.24535696469698753,-0.350118412595277,-18.663438127446227,-17.960498715818673
-35.0118412595277,0.24906727657399838,-0.350118412595277,-19.232166694020425,-18.33146463067195
-35.0118412595277,0.2527775884510092,-0.350118412595277,-19.809431089460666,-18.731673930703323
-35.0118412595277,0.25648790032802005,-0.350118412595277,-20.395231313766942,-19.165777249942302
-35.0118412595277,0.2601982122050309,-0.350118412595277,-20.98956736693927,-19.638907837383762
-35.0118412595277,0.26390852408204174,-0.350118412595277,-21.592439248977623,-20.15672437626905
-35.0118412595277,0.26761883595905256,-0.350118412595277,-22.20384695988202,-20.725421688415278
-35.0118412595277,0.27132914783606343,-0.350118412595277,-22.82379049965247,-21.351682313292017
-35.0118412595277,0.27503945971307425,-0.350118412595277,-23.45226986828895,-22.042532850969778
-35.0118412595277,0.27874977159008507,-0.350118412595277,-24.08928506579147,-22.805062250300175
-35.0118412595277,0.28246008346709595,-0.350118412595277,-24.73483609216004,-23.645960250102465
-35.0118412595277,0.28617039534410676,-0.350118412595277,-25.388922947394644,-24.5708506499154
-35.0118412595277,0.28988070722111764,-0.350118412595277,-26.051545631495294,-25.5834340210503
-35.0118412595277,0.29359101909812846,-0.350118412595277,-26.722704144461975,-26.68452088900201
-35.0118412595277,0.2973013309751393,-0.350118412595277,-27.402398486294704,-27.87111913199331
-35.0118412595277,0.30101164285215015,-0.350118412595277,-28.090628656993477,-29.135808346607295
-35.0118412595277,0.30472195472916097,-0.350118412595277,-28.78739465655828,-30.466643629635456
-33.62396440805866,0.011607316445304631,-0.3362396440805866,-0.041395450482447194,-0.9071909792742563
-33.62396440805866,0.015317628322315471,-0.3362396440805866,-0.07208950086114914,-0.935886337418339
-33.62396440805866,0.01902794019932631,-0.3362396440805866,-0.11124295575537113,-0.9679953896562603
-33.62396440805866,0.02273825207633715,-0.3362396440805866,-0.15885581516511318,-1.003976055789614
-33.62396440805866,0.02644856395334799,-0.3362396440805866,-0.21492807909037534,-1.044341914351215
-33.62396440805866,0.03015887583035883,-0.3362396440805866,-0.27945974753115754,-1.0896675096095496
-33.62396440805866,0.03386918770736967,-0.3362396440805866,-0.3524508204874599,-1.1405936092221225
-33.62396440805866,0.03757949958438051,-0.3362396440805866,-0.43390129795928223,-1.1978321850781404
-33.62396440805866,0.04128981146139135,-0.3362396440805866,-0.5238111799466246,-1.2621708095286213
-33.62396440805866,0.04500012333840219,-0.3362396440805866,-0.6221804664494871,-1.3344760631797934
-33.62396440805866,0.04871043521541303,-0.3362396440805866,-0.7290091574678697,-1.41569543967515
-33.62396440805866,0.05242074709242387,-0.3362396440805866,-0.8442972530017723,-1.5068571108997841
-33.62396440805866,0.05613105896943471,-0.3362396440805866,-0.9680447530511949,-1.60906679006401
-33.62396440805866,0.05984137084644555,-0.3362396440805866,-1.1002516576161376,-1.723500812628024
-33.62396440805866,0.06355168272345639,-0.3362396440805866,-1.2409179666966004,-1.851394465154232
-33.62396440805866,0.06726199460046722,-0.3362396440805866,-1.3900436802925829,-1.9940245568544483
-33.62396440805866,0.07097230647747807,-0.3362396440805866,-1.547628798404086,-2.1526852827401246
-33.62396440805866,0.0746826183544889,-0.3362396440805866,-1.7136733210311088,-2.328656612116029
-33.62396440805866,0.07839293023149975,-0.3362396440805866,-1.888177248173652,-2.523164794703932
-33.62396440805866,0.08210324210851058,-0.3362396440805866,-2.071140579831715,-2.737335145319652
-33.62396440805866,0.08581355398552143,-0.3362396440805866,-2.2625633160052985,-2.972138063636864
-33.62396440805866,0.08952386586253226,-0.3362396440805866,-2.4624454566944016,-3.228330249048078
-33.62396440805866,0.09323417773954311,-0.3362396440805866,-2.6707870018990247,-3.5063942095880525
-33.62396440805866,0.09694448961655394,-0.3362396440805866,-2.8875879516191683,-3.8064803000968435
-33.62396440805866,0.10065480149356479,-0.3362396440805866,-3.1128483058548313,-4.12835645430642
-33.62396440805866,0.10436511337057562,-0.3362396440805866,-3.3465680646060147,-4.4713712497345535
-33.62396440805866,0.10807542524758647,-0.3362396440805866,-3.588747227872719,-4.834435717043052
-33.62396440805866,0.1117857371245973,-0.3362396440805866,-3.839385795654942,-5.216028203107803
-33.62396440805866,0.11549604900160815,-0.3362396440805866,-4.098483767952686,-5.6142245953621135
-33.62396440805866,0.11920636087861898,-0.3362396440805866,-4.3660411447659495,-6.026753497557559
-33.62396440805866,0.12291667275562983,-0.3362396440805866,-4.642057926094734,-6.45107291332898
-33.62396440805866,0.12662698463264066,-0.3362396440805866,-4.926534111939038,-6.884462197185966
-33.62396440805866,0.1303372965096515,-0.3362396440805866,-5.219469702298861,-7.324121052098045
-33.62396440805866,0.13404760838666235,-0.3362396440805866,-5.520864697174206,-7.767266634092428
-33.62396440805866,0.13775792026367317,-0.3362396440805866,-5.830719096565069,-8.21122054183375
-33.62396440805866,0.14146823214068402,-0.3362396440805866,-6.149032900471454,-8.65347946591468
-33.62396440805866,0.14517854401769487,-0.3362396440805866,-6.475806108893357,-9.091766100889677
-33.62396440805866,0.1488888558947057,-0.3362396440805866,-6.811038721830783,-9.524059973448884
-33.62396440805866,0.15259916777171653,-0.3362396440805866,-7.154730739283726,-9.948610509770754
-33.62396440805866,0.15630947964872738,-0.3362396440805866,-7.50688216125219,-10.36393650732081
-33.62396440805866,0.16001979152573823,-0.3362396440805866,-7.867492987736175,-10.768816986402973
-33.62396440805866,0.16373010340274907,-0.3362396440805866,-8.23656321873568,-11.16227821894458
-33.62396440805866,0.1674404152797599,-0.3362396440805866,-8.614092854250703,-11.543580802084623
-33.62396440805866,0.17115072715677074,-0.3362396440805866,-9.000081894281248,-11.912209297502288
-33.62396440805866,0.17486103903378158,-0.3362396440805866,-9.394530338827314,-12.267865535404617
-33.62396440805866,0.17857135091079243,-0.3362396440805866,-9.797438187888899,-12.610465460282851
-33.62396440805866,0.18228166278780325,-0.3362396440805866,-10.208805441466003,-12.940138544823174
-33.62396440805866,0.1859919746648141,-0.3362396440805866,-10.628632099558628,-13.257228378173666
-33.62396440805866,0.18970228654182494,-0.3362396440805866,-11.056918162166774,-13.562293010985693
-33.62396440805866,0.1934125984188358,-0.3362396440805866,-11.49366362929044,-13.856103916169781
-33.62396440805866,0.1971229102958466,-0.3362396440805866,-11.938868500929622,-14.139642878128228
-33.62396440805866,0.20083322217285746,-0.3362396440805866,-12.392532777084327,-14.414096634849475
-33.62396440805866,0.2045435340498683,-0.3362396440805866,-12.854656457754553,-14.680849571728228
-33.62396440805866,0.20825384592687915,-0.3362396440805866,-13.3252395429403,-14.941475143190326
-33.62396440805866,0.21196415780388997,-0.3362396440805866,-13.804282032641563,-15.197726953530474
-33.62396440805866,0.21567446968090082,-0.3362396440805866,-14.291783926858349,-15.451530566566799
-33.62396440805866,0.21938478155791166,-0.3362396440805866,-14.787745225590657,-15.704977159178434
-33.62396440805866,0.2230950934349225,-0.3362396440805866,-15.29216592883848,-15.960320120034758
-33.62396440805866,0.22680540531193333,-0.3362396440805866,-15.805046036601823,-16.2199756549084
-33.62396440805866,0.23051571718894417,-0.3362396440805866,-16.32638554888069,-16.486528418589486
-33.62396440805866,0.23422602906595502,-0.3362396440805866,-16.856184465675078,-16.762743160378836
-33.62396440805866,0.23793634094296587,-0.3362396440805866,-17.394442786984985,-17.051583334145022
-33.62396440805866,0.2416466528199767,-0.3362396440805866,-17.941160512810406,-17.35623754549645
-33.62396440805866,0.24535696469698753,-0.3362396440805866,-18.496337643151353,-17.68015451066238
-33.62396440805866,0.24906727657399838,-0.3362396440805866,-19.05997417800782,-18.027086757051975
-33.62396440805866,0.2527775884510092,-0.3362396440805866,-19.63207011737981,-18.40114241201049
-33.62396440805866,0.25648790032802005,-0.3362396440805866,-20.21262546126731,-18.806842833086357
-33.62396440805866,0.2601982122050309,-0.3362396440805866,-20.801640209670346,-19.24918117777841
-33.62396440805866,0.26390852408204174,-0.3362396440805866,-21.399114362588886,-19.733672888753276
-33.62396440805866,0.26761883595905256,-0.3362396440805866,-22.005047920022946,-20.266383124971505
-33.62396440805866,0.27132914783606343,-0.3362396440805866,-22.61944088197254,-20.853908319927662
-33.62396440805866,0.27503945971307425,-0.3362396440805866,-23.242293248437644,-21.503279921452734
-33.62396440805866,0.27874977159008507,-0.3362396440805866,-23.873605019418267,-22.22174996071718
-33.62396440805866,0.28246008346709595,-0.3362396440805866,-24.51337619491442,-23.016414564891903
-33.62396440805866,0.28617039534410676,-0.3362396440805866,-25.16160677492608,-23.89363961556164
-33.62396440805866,0.28988070722111764,-0.3362396440805866,-25.818296759453276,-24.858280880775137
-33.62396440805866,0.29359101909812846,-0.3362396440805866,-26.483446148495975,-25.912745505283066
-33.62396440805866,0.2973013309751393,-0.3362396440805866,-27.157054942054202,-27.056019909993243
-33.62396440805866,0.30101164285215015,-0.3362396440805866,-27.839123140127956,-28.28287048788458
-33.62396440805866,0.30472195472916097,-0.3362396440805866,-28.529650742717216,-29.58346764721505
-32.23608755658963,0.011607316445304631,-0.3223608755658963,-0.04102147375490931,-0.917065137023394
-32.23608755658963,0.015317628322315471,-0.3223608755658963,-0.07143822649868452,-0.9454693484916006
-32.23608755658963,0.01902794019932631,-0.3223608755658963,-0.11023795940745906,-0.9772157161068229
-32.23608755658963,0.02273825207633715,-0.3223608755658963,-0.15742067248123295,-1.0127432119136985
-32.23608755658963,0.02644856395334799,-0.3223608755658963,-0.21298636572000623,-1.052543486030924
-32.23608755658963,0.03015887583035883,-0.3223608755658963,-0.27693503912377887,-1.0971658769624901
-32.23608755658963,0.03386918770736967,-0.3223608755658963,-0.3492666926925509,-1.1472224046444235
-32.23608755658963,0.03757949958438051,-0.3223608755658963,-0.4299813264263222,-1.2033925479476517
-32.23608755658963,0.04128981146139135,-0.3223608755658963,-0.5190789403250928,-1.2664275376616874
-32.23608755658963,0.04500012333840219,-0.3223608755658963,-0.6165595343888629,-1.337153811109781
-32.23608755658963,0.04871043521541303,-0.3223608755658963,-0.7224231086176323,-1.4164751759563976
-32.23608755658963,0.05242074709242387,-0.3223608755658963,-0.836669663011401,-1.5053731209445291
-32.23608755658963,0.05613105896943471,-0.3223608755658963,-0.9592991975701691,-1.6049045957688302
-32.23608755658963,0.05984137084644555,-0.3223608755658963,-1.0903117122939365,-1.7161964708435549
-32.23608755658963,0.06355168272345639,-0.3223608755658963,-1.2297072071827033,-1.8404357957229274
-32.23608755658963,0.06726199460046722,-0.3223608755658963,-1.3774856822364692,-1.9788549244141729
-32.23608755658963,0.07097230647747807,-0.3223608755658963,-1.5336471374552347,-2.1327105959731916
-32.23608755658963,0.0746826183544889,-0.3223608755658963,-1.6981915728389996,-2.3032561850559112
-32.23608755658963,0.07839293023149975,-0.3223608755658963,-1.871118988387764,-2.4917066082008623
-32.23608755658963,0.08210324210851058,-0.3223608755658963,-2.052429384101527,-2.699195823261374
-32.23608755658963,0.08581355398552143,-0.3223608755658963,-2.2421227599802904,-2.92672751439934
-32.23608755658963,0.08952386586253226,-0.3223608755658963,-2.4401991160240524,-3.1751204097987986
-32.23608755658963,0.09323417773954311,-0.3223608755658963,-2.646658452232814,-3.444950688428064
-32.23608755658963,0.09694448961655394,-0.3223608755658963,-2.8615007686065748,-3.7364949954647604
-32.23608755658963,0.10065480149356479,-0.3223608755658963,-3.084726065145335,-4.049678543046378
-32.23608755658963,0.10436511337057562,-0.3223608755658963,-3.3163343418490947,-4.384033413871251
-32.23608755658963,0.10807542524758647,-0.3223608755658963,-3.556325598717854,-4.738672282171164
-32.23608755658963,0.1117857371245973,-0.3223608755658963,-3.804699835751612,-5.112282128164492
-32.23608755658963,0.11549604900160815,-0.3223608755658963,-4.06145705295037,-5.503141060097635
-32.23608755658963,0.11920636087861898,-0.3223608755658963,-4.326597250314127,-5.9091591489616295
-32.23608755658963,0.12291667275562983,-0.3223608755658963,-4.600120427842884,-6.327941495828348
-32.23608755658963,0.12662698463264066,-0.3223608755658963,-4.882026585536639,-6.756869030527438
-32.23608755658963,0.1303372965096515,-0.3223608755658963,-5.1723157233953945,-7.193190305014893
-32.23608755658963,0.13404760838666235,-0.3223608755658963,-5.4709878414191495,-7.6341162672299365
-32.23608755658963,0.13775792026367317,-0.3223608755658963,-5.778042939607902,-8.076909967616698
-32.23608755658963,0.14146823214068402,-0.3223608755658963,-6.093481017961656,-8.518964370456262
-32.23608755658963,0.14517854401769487,-0.3223608755658963,-6.417302076480408,-8.957863639716095
-32.23608755658963,0.1488888558947057,-0.3223608755658963,-6.749506115164161,-9.391425960344035
-32.23608755658963,0.15259916777171653,-0.3223608755658963,-7.0900931340129105,-9.817728585242918
-32.23608755658963,0.15630947964872738,-0.3223608755658963,-7.439063133026662,-10.235117884331897
-32.23608755658963,0.16001979152573823,-0.3223608755658963,-7.796416112205413,-10.642208416363712
-32.23608755658963,0.16373010340274907,-0.3223608755658963,-8.162152071549162,-11.037875372895126
-32.23608755658963,0.1674404152797599,-0.3223608755658963,-8.536271011057908,-11.42124428499596
-32.23608755658963,0.17115072715677074,-0.3223608755658963,-8.918772930731658,-11.791680897283008
-32.23608755658963,0.17486103903378158,-0.3223608755658963,-9.309657830570405,-12.148782907663707
-32.23608755658963,0.17857135091079243,-0.3223608755658963,-9.708925710574151,-12.492374122392562
-32.23608755658963,0.18228166278780325,-0.3223608755658963,-10.116576570742897,-12.822500682764172
-32.23608755658963,0.1859919746648141,-0.3223608755658963,-10.532610411076643,-13.139428480873653
-32.23608755658963,0.18970228654182494,-0.3223608755658963,-10.957027231575388,-13.44364070372495
-32.23608755658963,0.1934125984188358,-0.3223608755658963,-11.389827032239134,-13.735834565382014
-32.23608755658963,0.1971229102958466,-0.3223608755658963,-11.831009813067874,-14.016916606279496
-32.23608755658963,0.20083322217285746,-0.3223608755658963,-12.280575574061617,-14.287996350003242
-32.23608755658963,0.2045435340498683,-0.3223608755658963,-12.73852431522036,-14.550378518458437
-32.23608755658963,0.20825384592687915,-0.3223608755658963,-13.204856036544104,-14.805554351857324
-32.23608755658963,0.21196415780388997,-0.3223608755658963,-13.679570738032842,-15.055192827440539
-32.23608755658963,0.21567446968090082,-0.3223608755658963,-14.162668419686582,-15.301132715535353
-32.23608755658963,0.21938478155791166,-0.3223608755658963,-14.654149081505324,-15.545376469241337
-32.23608755658963,0.2230950934349225,-0.3223608755658963,-15.154012723489062,-15.790086941891522
-32.23608755658963,0.22680540531193333,-0.3223608755658963,-15.662259345637796,-16.037587894237703
-32.23608755658963,0.23051571718894417,-0.3223608755658963,-16.178888947951535,-16.290369215939553
-32.23608755658963,0.23422602906595502,-0.3223608755658963,-16.703901530430276,-16.551097757224987
-32.23608755658963,0.23793634094296587,-0.3223608755658963,-17.237297093074012,-16.822634643678544
-32.23608755658963,0.2416466528199767,-0.3223608755658963,-17.779075635882744,-17.108059904255434
-32.23608755658963,0.24535696469698753,-0.3223608755658963,-18.32923715885648,-17.410705123039957
-32.23608755658963,0.24906727657399838,-0.3223608755658963,-18.887781661995216,-17.734194530047247
-32.23608755658963,0.2527775884510092,-0.3223608755658963,-19.454709145298953,-18.08249432007152
-32.23608755658963,0.25648790032802005,-0.3223608755658963,-20.03001960876768,-18.459968803469437
-32.23608755658963,0.2601982122050309,-0.3223608755658963,-20.61371305240142,-18.8714399377846
-32.23608755658963,0.26390852408204174,-0.3223608755658963,-21.205789476200145,-19.32224347831079
-32.23608755658963,0.26761883595905256,-0.3223608755658963,-21.806248880163874,-19.818270014849872
-32.23608755658963,0.27132914783606343,-0.3223608755658963,-22.41509126429261,-20.36597226258972
-32.23608755658963,0.27503945971307425,-0.3223608755658963,-23.03231662858634,-20.972311334494734
-32.23608755658963,0.27874977159008507,-0.3223608755658963,-23.657924973045063,-21.64460553431621
-32.23608755658963,0.28246008346709595,-0.3223608755658963,-24.2919162976688,-22.39023843722023
-32.23608755658963,0.28617039534410676,-0.3223608755658963,-24.934290602457523,-23.216184123023936
-32.23608755658963,0.28988070722111764,-0.3223608755658963,-25.585047887411257,-24.12832428799136
-32.23608755658963,0.29359101909812846,-0.3223608755658963,-26.244188152529976,-25.13057280826003
-32.23608755658963,0.2973013309751393,-0.3223608755658963,-26.9117113978137,-26.223891227909586
-32.23608755658963,0.30101164285215015,-0.3223608755658963,-27.587617623262435,-27.405363028149182
-32.23608755658963,0.30472195472916097,-0.3223608755658963,-28.27190682887615,-28.66756442063298
-30.848210705120593,0.011607316445304631,-0.30848210705120593,-0.040647497027371436,-0.926097699062725
-30.848210705120593,0.015317628322315471,-0.30848210705120593,-0.0707869521362199,-0.9542003626812017
-30.848210705120593,0.01902794019932631,-0.30848210705120593,-0.109232963059547,-0.9855659906420886
-30.848210705120593,0.02273825207633715,-0.30848210705120593,-0.15598552979735272,-1.0206140706732683
-30.848210705120593,0.02644856395334799,-0.30848210705120593,-0.21104465234963712,-1.0598137583214555
-30.848210705120593,0.03015887583035883,-0.30848210705120593,-0.27441033071640014,-1.1036885889834287
-30.848210705120593,0.03386918770736967,-0.30848210705120593,-0.3460825648976419,-1.1528212014290924
-30.848210705120593,0.03757949958438051,-0.30848210705120593,-0.42606135489336217,-1.207857901754518
-30.848210705120593,0.04128981146139135,-0.30848210705120593,-0.5143467007035611,-1.2695128350439586
-30.848210705120593,0.04500012333840219,-0.30848210705120593,-0.6109386023282387,-1.3385714576596572
-30.848210705120593,0.04871043521541303,-0.30848210705120593,-0.715837059767395,-1.4158929160957516
-30.848210705120593,0.05242074709242387,-0.30848210705120593,-0.8290420730210298,-1.5024108403826038
-30.848210705120593,0.05613105896943471,-0.30848210705120593,-0.9505536420891433,-1.599131955178981
-30.848210705120593,0.05984137084644555,-0.30848210705120593,-1.0803717669717354,-1.707131807446923
-30.848210705120593,0.06355168272345639,-0.30848210705120593,-1.2184964476688063,-1.8275468180401302
-30.848210705120593,0.06726199460046722,-0.30848210705120593,-1.3649276841803553,-1.9615618033412652
-30.848210705120593,0.07097230647747807,-0.30848210705120593,-1.5196654765063835,-2.110392106207104
-30.848210705120593,0.0746826183544889,-0.30848210705120593,-1.6827098246468901,-2.275259552843701
-30.848210705120593,0.07839293023149975,-0.30848210705120593,-1.8540607286018755,-2.457361647816997
-30.848210705120593,0.08210324210851058,-0.30848210705120593,-2.0337181883713393,-2.6578337669116605
-30.848210705120593,0.08581355398552143,-0.30848210705120593,-2.2216822039552824,-2.8777046329889813
-30.848210705120593,0.08952386586253226,-0.30848210705120593,-2.4179527753537036,-3.1178460709989313
-30.848210705120593,0.09323417773954311,-0.30848210705120593,-2.6225299025666033,-3.3789189111256404
-30.848210705120593,0.09694448961655394,-0.30848210705120593,-2.8354135855939817,-3.6613178757534923
-30.848210705120593,0.10065480149356479,-0.30848210705120593,-3.056603824435839,-3.965119226292716
-30.848210705120593,0.10436511337057562,-0.30848210705120593,-3.2861006190921747,-4.290035689924721
-30.848210705120593,0.10807542524758647,-0.30848210705120593,-3.5239039695629897,-4.635383533473996
-30.848210705120593,0.1117857371245973,-0.30848210705120593,-3.770013875848282,-5.000066409451119
-30.848210705120593,0.11549604900160815,-0.30848210705120593,-4.024430337948054,-5.382579638211121
-30.848210705120593,0.11920636087861898,-0.30848210705120593,-4.287153355862304,-5.781036901682217
-30.848210705120593,0.12291667275562983,-0.30848210705120593,-4.558182929591034,-6.1932190628753645
-30.848210705120593,0.12662698463264066,-0.30848210705120593,-4.837519059134241,-6.6166423124303275
-30.848210705120593,0.1303372965096515,-0.30848210705120593,-5.125161744491927,-7.048640516937223
-30.848210705120593,0.13404760838666235,-0.30848210705120593,-5.421110985664093,-7.486454960787434
-30.848210705120593,0.13775792026367317,-0.30848210705120593,-5.7253667826507355,-7.927323988359042
-30.848210705120593,0.14146823214068402,-0.30848210705120593,-6.037929135451859,-8.368565513733346
-30.848210705120593,0.14517854401769487,-0.30848210705120593,-6.358798044067459,-8.807646862488332
-30.848210705120593,0.1488888558947057,-0.30848210705120593,-6.687973508497539,-9.242238608049826
-30.848210705120593,0.15259916777171653,-0.30848210705120593,-7.0254555287420954,-9.670251494169353
-30.848210705120593,0.15630947964872738,-0.30848210705120593,-7.371244104801133,-10.089857720805515
-30.848210705120593,0.16001979152573823,-0.30848210705120593,-7.72533923667465,-10.49949945049719
-30.848210705120593,0.16373010340274907,-0.30848210705120593,-8.087740924362643,-10.897888186952915
-30.848210705120593,0.1674404152797599,-0.30848210705120593,-8.458449167865114,-11.28399870223733
-30.848210705120593,0.17115072715677074,-0.30848210705120593,-8.837463967182066,-11.657060612608726
-30.848210705120593,0.17486103903378158,-0.30848210705120593,-9.224785322313497,-12.016549778378076
-30.848210705120593,0.17857135091079243,-0.30848210705120593,-9.620413233259406,-12.362180692346714
-30.848210705120593,0.18228166278780325,-0.30848210705120593,-10.024347700019792,-12.693900138242995
-30.848210705120593,0.1859919746648141,-0.30848210705120593,-10.436588722594658,-13.011881778426254
-30.848210705120593,0.18970228654182494,-0.30848210705120593,-10.857136300984005,-13.316521016002966
-30.848210705120593,0.1934125984188358,-0.30848210705120593,-11.285990435187829,-13.608429445503182
-30.848210705120593,0.1971229102958466,-0.30848210705120593,-11.723151125206128,-13.888428386904081
-30.848210705120593,0.20083322217285746,-0.30848210705120593,-12.168618371038907,-14.157541299575671
-30.848210705120593,0.2045435340498683,-0.30848210705120593,-12.622392172686167,-14.416985209451736
-30.848210705120593,0.20825384592687915,-0.30848210705120593,-13.084472530147906,-14.668161587868228
-30.848210705120593,0.21196415780388997,-0.30848210705120593,-13.554859443424121,-14.912647354024827
-30.848210705120593,0.21567446968090082,-0.30848210705120593,-14.033552912514816,-15.152186820943527
-30.848210705120593,0.21938478155791166,-0.30848210705120593,-14.52055293741999,-15.388685473947751
-30.848210705120593,0.2230950934349225,-0.30848210705120593,-15.015859518139642,-15.624206481116374
-30.848210705120593,0.22680540531193333,-0.30848210705120593,-15.519472654673772,-15.860970812274473
-30.848210705120593,0.23051571718894417,-0.30848210705120593,-16.031392347022383,-16.10136181059702
-30.848210705120593,0.23422602906595502,-0.30848210705120593,-16.55161859518547,-16.347935035025646
-30.848210705120593,0.23793634094296587,-0.30848210705120593,-17.08015139916304,-16.60343417595107
-30.848210705120593,0.2416466528199767,-0.30848210705120593,-17.616990758955083,-16.870813826430958
-30.848210705120593,0.24535696469698753,-0.30848210705120593,-18.16213667456161,-17.15326982709584
-30.848210705120593,0.24906727657399838,-0.30848210705120593,-18.715589145982612,-17.454277720892097
-30.848210705120593,0.2527775884510092,-0.30848210705120593,-19.277348173218094,-17.777639432569128
-30.848210705120593,0.25648790032802005,-0.30848210705120593,-19.84741375626805,-18.127537442690844
-30.848210705120593,0.2601982122050309,-0.30848210705120593,-20.425785895132496,-18.508594193557347
-30.848210705120593,0.26390852408204174,-0.30848210705120593,-21.012464589811408,-18.925931897035753
-30.848210705120593,0.26761883595905256,-0.30848210705120593,-21.6074498403048,-19.38522390437603
-30.848210705120593,0.27132914783606343,-0.30848210705120593,-22.210741646612682,-19.89272297061015
-30.848210705120593,0.27503945971307425,-0.30848210705120593,-22.822340008735033,-20.455243978318734
-30.848210705120593,0.27874977159008507,-0.30848210705120593,-23.442244926671858,-21.08006952730056
-30.848210705120593,0.28246008346709595,-0.30848210705120593,-24.070456400423176,-21.774738135630013
-30.848210705120593,0.28617039534410676,-0.30848210705120593,-24.70697442998896,-22.546670670006755
-30.848210705120593,0.28988070722111764,-0.30848210705120593,-25.351799015369235,-23.40259772720973
-30.848210705120593,0.29359101909812846,-0.30848210705120593,-26.004930156563976,-24.347777598768843
-30.848210705120593,0.2973013309751393,-0.30848210705120593,-26.6663678535732,-25.385048083291405
-30.848210705120593,0.30101164285215015,-0.30848210705120593,-27.33611210639691,-26.513833856955433
-30.848210705120593,0.30472195472916097,-0.30848210705120593,-28.014162915035087,-27.729314876267072
-29.46033385365156,0.011607316445304631,-0.2946033385365156,-0.040273520299833554,-0.9343785753109115
-29.46033385365156,0.015317628322315471,-0.2946033385365156,-0.07013567777375528,-0.9621626881569552
-29.46033385365156,0.01902794019932631,-0.2946033385365156,-0.1082279667116349,-0.9931236403828829
-29.46033385365156,0.02273825207633715,-0.2946033385365156,-0.15455038711347244,-1.0276610612961092
-29.46033385365156,0.02644856395334799,-0.2946033385365156,-0.20910293897926796,-1.0662212383072838
-29.46033385365156,0.03015887583035883,-0.2946033385365156,-0.27188562230902136,-1.1093015320945083
-29.46033385365156,0.03386918770736967,-0.2946033385365156,-0.34289843710273277,-1.1574548284527268
-29.46033385365156,0.03757949958438051,-0.2946033385365156,-0.422141383360402,-1.211293880798598
-29.46033385365156,0.04128981146139135,-0.2946033385365156,-0.5096144610820292,-1.2714953439915648
-29.46033385365156,0.04500012333840219,-0.2946033385365156,-0.6053176702676144,-1.3388032355505501
-29.46033385365156,0.04871043521541303,-0.2946033385365156,-0.7092510109171575,-1.4140314842832509
-29.46033385365156,0.05242074709242387,-0.2946033385365156,-0.8214144830306584,-1.4980651397965192
-29.46033385365156,0.05613105896943471,-0.2946033385365156,-0.9418080866081173,-1.5918597221959505
-29.46033385365156,0.05984137084644555,-0.2946033385365156,-1.070431821649534,-1.6964380951022515
-29.46033385365156,0.06355168272345639,-0.2946033385365156,-1.207285688154909,-1.812884156185842
-29.46033385365156,0.06726199460046722,-0.2946033385365156,-1.3523696861242414,-1.9423325716628481
-29.46033385365156,0.07097230647747807,-0.2946033385365156,-1.505683815557532,-2.085953753882051
-29.46033385365156,0.0746826183544889,-0.2946033385365156,-1.6672280764547804,-2.244933319006614
-29.46033385365156,0.07839293023149975,-0.2946033385365156,-1.8370024688159872,-2.420445394013132
-29.46033385365156,0.08210324210851058,-0.2946033385365156,-2.015006992641151,-2.6136193994972423
-29.46033385365156,0.08581355398552143,-0.2946033385365156,-2.201241647930274,-2.8255003440235327
-29.46033385365156,0.08952386586253226,-0.2946033385365156,-2.395706434683354,-3.057003242023018
-29.46033385365156,0.09323417773954311,-0.2946033385365156,-2.598401352900392,-3.308863003061292
-29.46033385365156,0.09694448961655394,-0.2946033385365156,-2.809326402581388,-3.5815819941514073
-29.46033385365156,0.10065480149356479,-0.2946033385365156,-3.028481583726342,-3.8753783636456545
-29.46033385365156,0.10436511337057562,-0.2946033385365156,-3.255866896335254,-4.190139003877769
-29.46033385365156,0.10807542524758647,-0.2946033385365156,-3.4914823404081243,-4.525381551993688
-29.46033385365156,0.1117857371245973,-0.2946033385365156,-3.7353279159449517,-4.880229904569333
-29.46033385365156,0.11549604900160815,-0.2946033385365156,-3.9874036229457377,-5.253407201708842
-29.46033385365156,0.11920636087861898,-0.2946033385365156,-4.247709461410481,-5.6432490509288185
-29.46033385365156,0.12291667275562983,-0.2946033385365156,-4.516245431339183,-6.047737967465416
-29.46033385365156,0.12662698463264066,-0.2946033385365156,-4.7930115327318425,-6.464557812146577
-29.46033385365156,0.1303372965096515,-0.2946033385365156,-5.07800776558846,-6.891164748887775
-29.46033385365156,0.13404760838666235,-0.2946033385365156,-5.371234129909036,-7.324869327895351
-29.46033385365156,0.13775792026367317,-0.2946033385365156,-5.672690625693567,-7.7629231054362435
-29.46033385365156,0.14146823214068402,-0.2946033385365156,-5.98237725294206,-8.202602981854108
-29.46033385365156,0.14517854401769487,-0.2946033385365156,-6.3002940116545085,-8.641287216040325
-29.46033385365156,0.1488888558947057,-0.2946033385365156,-6.626440901830916,-9.076518675555423
-29.46033385365156,0.15259916777171653,-0.2946033385365156,-6.9608179234712795,-9.506052954848242
-29.46033385365156,0.15630947964872738,-0.2946033385365156,-7.3034250765756035,-9.927891114202513
-29.46033385365156,0.16001979152573823,-0.2946033385365156,-7.654262361143885,-10.340298571967802
-29.46033385365156,0.16373010340274907,-0.2946033385365156,-8.013329777176125,-10.741812861827174
-29.46033385365156,0.1674404152797599,-0.2946033385365156,-8.380627324672318,-11.131243453497548
-29.46033385365156,0.17115072715677074,-0.2946033385365156,-8.756155003632474,-11.507666697024957
-29.46033385365156,0.17486103903378158,-0.2946033385365156,-9.139912814056588,-11.870418367214922
-29.46033385365156,0.17857135091079243,-0.2946033385365156,-9.531900755944658,-12.219085482385925
-29.46033385365156,0.18228166278780325,-0.2946033385365156,-9.932118829296686,-12.553498263880376
-29.46033385365156,0.1859919746648141,-0.2946033385365156,-10.340567034112672,-12.873722447562134
-29.46033385365156,0.18970228654182494,-0.2946033385365156,-10.757245370392617,-13.180051740149406
-29.46033385365156,0.1934125984188358,-0.2946033385365156,-11.18215383813652,-13.47300004535794
-29.46033385365156,0.1971229102958466,-0.2946033385365156,-11.615292437344378,-13.753293128054043
-29.46033385365156,0.20083322217285746,-0.2946033385365156,-12.056661168016195,-14.021859570103517
-29.46033385365156,0.2045435340498683,-0.2946033385365156,-12.506260030151973,-14.27982112380642
-29.46033385365156,0.20825384592687915,-0.2946033385365156,-12.964089023751708,-14.52848282262078
-29.46033385365156,0.21196415780388997,-0.2946033385365156,-13.430148148815396,-14.769323419347083
-29.46033385365156,0.21567446968090082,-0.2946033385365156,-13.904437405343048,-15.003986866904377
-29.46033385365156,0.21938478155791166,-0.2946033385365156,-14.386956793334656,-15.234275634255589
-29.46033385365156,0.2230950934349225,-0.2946033385365156,-14.877706312790222,-15.462146672337592
-29.46033385365156,0.22680540531193333,-0.2946033385365156,-15.376685963709742,-15.689710832097324
-29.46033385365156,0.23051571718894417,-0.2946033385365156,-15.883895746093225,-15.9192365102411
-29.46033385365156,0.23422602906595502,-0.2946033385365156,-16.399335659940665,-16.15315827506932
-29.46033385365156,0.23793634094296587,-0.2946033385365156,-16.923005705252063,-16.394091212693183
-29.46033385365156,0.2416466528199767,-0.2946033385365156,-17.454905882027415,-16.64485172708254
-29.46033385365156,0.24535696469698753,-0.2946033385365156,-17.99503619026673,-16.908485500317113
-29.46033385365156,0.24906727657399838,-0.2946033385365156,-18.54339662997,-17.18830321925339
-29.46033385365156,0.2527775884510092,-0.2946033385365156,-19.099987201137235,-17.487924410260035
-29.46033385365156,0.25648790032802005,-0.2946033385365156,-19.664807903768416,-17.811329150277043
-29.46033385365156,0.2601982122050309,-0.2946033385365156,-20.23785873786357,-18.162916325833766
-29.46033385365156,0.26390852408204174,-0.2946033385365156,-20.819139703422664,-18.54756519386009
-29.46033385365156,0.26761883595905256,-0.2946033385365156,-21.40865080044572,-18.970693880370685
-29.46033385365156,0.27132914783606343,-0.2946033385365156,-22.006392028932748,-19.438303721781416
-29.46033385365156,0.27503945971307425,-0.2946033385365156,-22.612363388883722,-19.956991696438703
-29.46033385365156,0.27874977159008507,-0.2946033385365156,-23.22656488029865,-20.533904694799165
-29.46033385365156,0.28246008346709595,-0.2946033385365156,-23.848996503177553,-21.176600040367944
-29.46033385365156,0.28617039534410676,-0.2946033385365156,-24.479658257520395,-21.89276918582244
-29.46033385365156,0.28988070722111764,-0.2946033385365156,-25.118550143327212,-22.6897810200408
-29.46033385365156,0.29359101909812846,-0.2946033385365156,-25.765672160597973,-23.574015493259
-29.46033385365156,0.2973013309751393,-0.2946033385365156,-26.421024309332694,-24.549995927412755
-29.46033385365156,0.30101164285215015,-0.2946033385365156,-27.084606589531383,-25.619393844236477
-29.46033385365156,0.30472195472916097,-0.2946033385365156,-27.75641900119402,-26.780065173803578
-28.072457002182524,0.011607316445304631,-0.28072457002182527,-0.03989954357229568,-0.9419775333961824
-28.072457002182524,0.015317628322315471,-0.28072457002182527,-0.06948440341129065,-0.9694210781004378
-28.072457002182524,0.01902794019932631,-0.28072457002182527,-0.10722297036372283,-0.9999492049646785
-28.072457002182524,0.02273825207633715,-0.28072457002182527,-0.1531152444295922,-1.0339414750398683
-28.072457002182524,0.02644856395334799,-0.28072457002182527,-0.20716122560889885,-1.0718211261725505
-28.072457002182524,0.03015887583035883,-0.28072457002182527,-0.2693609139016427,-1.1140591953540282
-28.072457002182524,0.03386918770736967,-0.28072457002182527,-0.33971430930782376,-1.1611786992572695
-28.072457002182524,0.03757949958438051,-0.28072457002182527,-0.418221411827442,-1.213758749641047
-28.072457002182524,0.04128981146139135,-0.28072457002182527,-0.5048822214604975,-1.2724384346056339
-28.072457002182524,0.04500012333840219,-0.28072457002182527,-0.5996967382069902,-1.3379202410785815
-28.072457002182524,0.04871043521541303,-0.28072457002182527,-0.7026649620669201,-1.4109727279801132
-28.072457002182524,0.05242074709242387,-0.28072457002182527,-0.8137868930402873,-1.492432083752818
-28.072457002182524,0.05613105896943471,-0.28072457002182527,-0.9330625311270916,-1.583202118259118
-28.072457002182524,0.05984137084644555,-0.28072457002182527,-1.060491876327333,-1.6842521514846096
-28.072457002182524,0.06355168272345639,-0.28072457002182527,-1.196074928641012,-1.796612176981204
-28.072457002182524,0.06726199460046722,-0.28072457002182527,-1.3398116880681274,-1.921364607248083
-28.072457002182524,0.07097230647747807,-0.28072457002182527,-1.4917021546086808,-2.0596318664820714
-28.072457002182524,0.0746826183544889,-0.28072457002182527,-1.6517463282626712,-2.2125591033734744
-28.072457002182524,0.07839293023149975,-0.28072457002182527,-1.8199442090300988,-2.3812913773195645
-28.072457002182524,0.08210324210851058,-0.28072457002182527,-1.9962957969109636,-2.5669448526636685
-28.072457002182524,0.08581355398552143,-0.28072457002182527,-2.180801091905266,-2.7705718434532556
-28.072457002182524,0.08952386586253226,-0.28072457002182527,-2.373460094013005,-2.993120004936476
-28.072457002182524,0.09323417773954311,-0.28072457002182527,-2.5742728032341815,-3.2353865715781023
-28.072457002182524,0.09694448961655394,-0.28072457002182527,-2.783239219568795,-3.497969273720578
-28.072457002182524,0.10065480149356479,-0.28072457002182527,-3.000359343016846,-3.7812163705877615
-28.072457002182524,0.10436511337057562,-0.28072457002182527,-3.225633173578334,-4.085179020295001
-28.072457002182524,0.10807542524758647,-0.28072457002182527,-3.45906071125326,-4.409569834025064
-28.072457002182524,0.1117857371245973,-0.28072457002182527,-3.7006419560416215,-4.753731774090877
-28.072457002182524,0.11549604900160815,-0.28072457002182527,-3.9503769079434217,-5.116621401874609
-28.072457002182524,0.11920636087861898,-0.28072457002182527,-4.208265566958659,-5.496809754892118
-28.072457002182524,0.12291667275562983,-0.28072457002182527,-4.474307933087333,-5.892502815236085
-28.072457002182524,0.12662698463264066,-0.28072457002182527,-4.748504006329444,-6.301581729567104
-28.072457002182524,0.1303372965096515,-0.28072457002182527,-5.030853786684992,-6.721660887395572
-28.072457002182524,0.13404760838666235,-0.28072457002182527,-5.321357274153979,-7.150159990318089
-28.072457002182524,0.13775792026367317,-0.28072457002182527,-5.620014468736401,-7.584384709218604
-28.072457002182524,0.14146823214068402,-0.28072457002182527,-5.926825370432262,-8.021609727280996
-28.072457002182524,0.14517854401769487,-0.28072457002182527,-6.241789979241559,-8.459158058562279
-28.072457002182524,0.1488888558947057,-0.28072457002182527,-6.564908295164295,-8.894471479604285
-28.072457002182524,0.15259916777171653,-0.28072457002182527,-6.896180318200465,-9.325168497928377
-28.072457002182524,0.15630947964872738,-0.28072457002182527,-7.235606048350075,-9.749088167460704
-28.072457002182524,0.16001979152573823,-0.28072457002182527,-7.583185485613122,-10.164319878314934
-28.072457002182524,0.16373010340274907,-0.28072457002182527,-7.9389186299896055,-10.569220690358687
-28.072457002182524,0.1674404152797599,-0.28072457002182527,-8.302805481479524,-10.962422666060865
-28.072457002182524,0.17115072715677074,-0.28072457002182527,-8.674846040082883,-11.342832954587793
-28.072457002182524,0.17486103903378158,-0.28072457002182527,-9.055040305799679,-11.709629178562778
-28.072457002182524,0.17857135091079243,-0.28072457002182527,-9.44338827862991,-12.062252148221491
-28.072457002182524,0.18228166278780325,-0.28072457002182527,-9.83988995857358,-12.400397268041836
-28.072457002182524,0.1859919746648141,-0.28072457002182527,-10.244545345630687,-12.724005376204072
-28.072457002182524,0.18970228654182494,-0.28072457002182527,-10.657354439801232,-13.033253280924605
-28.072457002182524,0.1934125984188358,-0.28072457002182527,-11.078317241085214,-13.328543980123364
-28.072457002182524,0.1971229102958466,-0.28072457002182527,-11.50743374948263,-13.61049646704814
-28.072457002182524,0.20083322217285746,-0.28072457002182527,-11.944703964993485,-13.879935091782922
-28.072457002182524,0.2045435340498683,-0.28072457002182527,-12.39012788761778,-14.137878607202612
-28.072457002182524,0.20825384592687915,-0.28072457002182527,-12.843705517355511,-14.385529218644704
-28.072457002182524,0.21196415780388997,-0.28072457002182527,-13.305436854206675,-14.624262132679952
-28.072457002182524,0.21567446968090082,-0.28072457002182527,-13.775321898171281,-14.855616233414464
-28.072457002182524,0.21938478155791166,-0.28072457002182527,-14.253360649249325,-15.08128659461062
-28.072457002182524,0.2230950934349225,-0.28072457002182527,-14.739553107440802,-15.303119567216031
-28.072457002182524,0.22680540531193333,-0.28072457002182527,-15.233899272745715,-15.523111178688824
-28.072457002182524,0.23051571718894417,-0.28072457002182527,-15.73639914516407,-15.743409560588761
-28.072457002182524,0.23422602906595502,-0.28072457002182527,-16.247052724695862,-15.966322100617418
-28.072457002182524,0.23793634094296587,-0.28072457002182527,-16.76586001134109,-16.194328005070567
-28.072457002182524,0.2416466528199767,-0.28072457002182527,-17.292821005099754,-16.430096957822137
-28.072457002182524,0.24535696469698753,-0.28072457002182527,-17.827935705971857,-16.676514557933324
-28.072457002182524,0.24906727657399838,-0.28072457002182527,-18.371204113957397,-16.93671517399996
-28.072457002182524,0.2527775884510092,-0.28072457002182527,-18.922626229056377,-17.214122703355862
-28.072457002182524,0.25648790032802005,-0.28072457002182527,-19.482202051268786,-17.512499359244504
-28.072457002182524,0.2601982122050309,-0.28072457002182527,-20.049931580594645,-17.836001861029395
-28.072457002182524,0.26390852408204174,-0.28072457002182527,-20.625814817033927,-18.18924302736589
-28.072457002182524,0.26761883595905256,-0.28072457002182527,-21.20985176058665,-18.57735443973016
-28.072457002182524,0.27132914783606343,-0.28072457002182527,-21.802042411252817,-19.006042151567733
-28.072457002182524,0.27503945971307425,-0.28072457002182527,-22.402386769032415,-19.481621965092696
-28.072457002182524,0.27874977159008507,-0.28072457002182527,-23.01088483392545,-20.011013369921677
-28.072457002182524,0.28246008346709595,-0.28072457002182527,-23.62753660593193,-20.601662186317323
-28.072457002182524,0.28617039534410676,-0.28072457002182527,-24.252342085051836,-21.261352822373357
-28.072457002182524,0.28988070722111764,-0.28072457002182527,-24.88530127128519,-21.997865394231837
-28.072457002182524,0.29359101909812846,-0.28072457002182527,-25.526414164631973,-22.818437006683837
-28.072457002182524,0.2973013309751393,-0.28072457002182527,-26.175680765092192,-23.729008780811455
-28.072457002182524,0.30101164285215015,-0.28072457002182527,-26.833101072665862,-24.73328869811748
-28.072457002182524,0.30472195472916097,-0.28072457002182527,-27.498675087352954,-25.831735801391126
-26.68458015071349,0.011607316445304631,-0.2668458015071349,-0.0395255668447578,-0.9489486062601329
-26.68458015071349,0.015317628322315471,-0.2668458015071349,-0.06883312904882603,-0.9760260187165573
-26.68458015071349,0.01902794019932631,-0.2668458015071349,-0.10621797401581075,-1.0060904858886288
-26.68458015071349,0.02273825207633715,-0.2668458015071349,-0.15168010174571198,-1.0395014523607435
-26.68458015071349,0.02644856395334799,-0.2668458015071349,-0.20521951223852972,-1.076659111726907
-26.68458015071349,0.03015887583035883,-0.2668458015071349,-0.26683620549426396,-1.1180082424595597
-26.68458015071349,0.03386918770736967,-0.2668458015071349,-0.33653018151291475,-1.1640421197582196
-26.68458015071349,0.03757949958438051,-0.2668458015071349,-0.414301440294482,-1.215306400386131
-26.68458015071349,0.04128981146139135,-0.2668458015071349,-0.5001499818389658,-1.2724028386656139
-26.68458015071349,0.04500012333840219,-0.2668458015071349,-0.594075806146366,-1.335992644331665
-26.68458015071349,0.04871043521541303,-0.2668458015071349,-0.6960789132166828,-1.4067992362951451
-26.68458015071349,0.05242074709242387,-0.2668458015071349,-0.806159303049916,-1.4856100806530184
-26.68458015071349,0.05613105896943471,-0.2668458015071349,-0.9243169756460657,-1.5732772276845566
-26.68458015071349,0.05984137084644555,-0.2668458015071349,-1.0505519310051321,-1.6707160838786819
-26.68458015071349,0.06355168272345639,-0.2668458015071349,-1.184864169127115,-1.778901876302724
-26.68458015071349,0.06726199460046722,-0.2668458015071349,-1.3272536900120138,-1.8988631958905877
-26.68458015071349,0.07097230647747807,-0.2668458015071349,-1.4777204936598296,-2.031671955228451
-26.68458015071349,0.0746826183544889,-0.2668458015071349,-1.6362645800705617,-2.1784290810357145
-26.68458015071349,0.07839293023149975,-0.2668458015071349,-1.8028859492442106,-2.3402453017910467
-26.68458015071349,0.08210324210851058,-0.2668458015071349,-1.9775846011807758,-2.5182165100306233
-26.68458015071349,0.08581355398552143,-0.2668458015071349,-2.160360535880258,-2.713393400801257
-26.68458015071349,0.08952386586253226,-0.2668458015071349,-2.351213753342656,-2.9267454333558187
-26.68458015071349,0.09323417773954311,-0.2668458015071349,-2.5501442535679706,-3.1591196437338342
-26.68458015071349,0.09694448961655394,-0.2668458015071349,-2.757152036556202,-3.4111954452572792
-26.68458015071349,0.10065480149356479,-0.2668458015071349,-2.9722371023073495,-3.683437260035945
-26.68458015071349,0.10436511337057562,-0.2668458015071349,-3.195399450821414,-3.9760475620599967
-26.68458015071349,0.10807542524758647,-0.2668458015071349,-3.426639082098395,-4.288923580713771
-26.68458015071349,0.1117857371245973,-0.2668458015071349,-3.6659559961382917,-4.621621382804172
-26.68458015071349,0.11549604900160815,-0.2668458015071349,-3.913350192941106,-4.973331180316595
-26.68458015071349,0.11920636087861898,-0.2668458015071349,-4.168821672506836,-5.342867377160745
-26.68458015071349,0.12291667275562983,-0.2668458015071349,-4.432370434835483,-5.72867600369586
-26.68458015071349,0.12662698463264066,-0.2668458015071349,-4.703996479927047,-6.128860816461925
-26.68458015071349,0.1303372965096515,-0.2668458015071349,-4.983699807781526,-6.541227597925765
-26.68458015071349,0.13404760838666235,-0.2668458015071349,-5.271480418398923,-6.963344318521756
-26.68458015071349,0.13775792026367317,-0.2668458015071349,-5.567338311779235,-7.39261312833403
-26.68458015071349,0.14146823214068402,-0.2668458015071349,-5.871273487922465,-7.8263489346791
-26.68458015071349,0.14517854401769487,-0.2668458015071349,-6.18328594682861,-8.261858822015888
-26.68458015071349,0.1488888558947057,-0.2668458015071349,-6.503375688497673,-8.696516867803862
-26.68458015071349,0.15259916777171653,-0.2668458015071349,-6.83154271292965,-9.127829920770319
-26.68458015071349,0.15630947964872738,-0.2668458015071349,-7.167787020124546,-9.553491409966776
-26.68458015071349,0.16001979152573823,-0.2668458015071349,-7.512108610082358,-9.971421934580436
-26.68458015071349,0.16373010340274907,-0.2668458015071349,-7.864507482803088,-10.379796934733559
-26.68458015071349,0.1674404152797599,-0.2668458015071349,-8.22498363828673,-10.777062923379257
-26.68458015071349,0.17115072715677074,-0.2668458015071349,-8.593537076533291,-11.161944446276642
-26.68458015071349,0.17486103903378158,-0.2668458015071349,-8.970167797542771,-11.533444131755443
-26.68458015071349,0.17857135091079243,-0.2668458015071349,-9.354875801315165,-11.890837993276097
-26.68458015071349,0.18228166278780325,-0.2668458015071349,-9.747661087850474,-12.233667707952133
-26.68458015071349,0.1859919746648141,-0.2668458015071349,-10.148523657148703,-12.561731072400377
-26.68458015071349,0.18970228654182494,-0.2668458015071349,-10.557463509209848,-12.875071363218375
-26.68458015071349,0.1934125984188358,-0.2668458015071349,-10.974480644033909,-13.173965983712382
-26.68458015071349,0.1971229102958466,-0.2668458015071349,-11.399575061620883,-13.458914590072858
-26.68458015071349,0.20083322217285746,-0.2668458015071349,-11.832746761970776,-13.730626845833452
-26.68458015071349,0.2045435340498683,-0.2668458015071349,-12.273995745083587,-13.990010014024099
-26.68458015071349,0.20825384592687915,-0.2668458015071349,-12.723322010959315,-14.238156713593035
-26.68458015071349,0.21196415780388997,-0.2668458015071349,-13.180725559597954,-14.476333296231747
-26.68458015071349,0.21567446968090082,-0.2668458015071349,-13.646206390999515,-14.705969409792282
-26.68458015071349,0.21938478155791166,-0.2668458015071349,-14.119764505163992,-14.928649388350177
-26.68458015071349,0.2230950934349225,-0.2668458015071349,-14.601399902091384,-15.146106143969915
-26.68458015071349,0.22680540531193333,-0.2668458015071349,-15.09111258178169,-15.360218239067263
-26.68458015071349,0.23051571718894417,-0.2668458015071349,-15.588902544234916,-15.573010804315857
-26.68458015071349,0.23422602906595502,-0.2668458015071349,-16.09476978945106,-15.786660949751385
-26.68458015071349,0.23793634094296587,-0.2668458015071349,-16.60871431743012,-16.003508307406427
-26.68458015071349,0.2416466528199767,-0.2668458015071349,-17.130736128172092,-16.226071346860888
-26.68458015071349,0.24535696469698753,-0.2668458015071349,-17.660835221676983,-16.45707011399101
-26.68458015071349,0.24906727657399838,-0.2668458015071349,-18.199011597944793,-16.699456035423175
-26.68458015071349,0.2527775884510092,-0.2668458015071349,-18.745265256975518,-16.95644936103559
-26.68458015071349,0.25648790032802005,-0.2668458015071349,-19.299596198769155,-17.231584605035547
-26.68458015071349,0.2601982122050309,-0.2668458015071349,-19.86200442332572,-17.528763865720506
-26.68458015071349,0.26390852408204174,-0.2668458015071349,-20.43248993064519,-17.852316963179085
-26.68458015071349,0.26761883595905256,-0.2668458015071349,-21.011052720727573,-18.20706565986773
-26.68458015071349,0.27132914783606343,-0.2668458015071349,-21.597692793572886,-18.598386461966005
-26.68458015071349,0.27503945971307425,-0.2668458015071349,-22.19241014918111,-19.032262223089095
-26.68458015071349,0.27874977159008507,-0.2668458015071349,-22.795204787552244,-19.51530661660914
-26.68458015071349,0.28246008346709595,-0.2668458015071349,-23.406076708686307,-20.054737429883364
-26.68458015071349,0.28617039534410676,-0.2668458015071349,-24.025025912583274,-20.658265237002016
-26.68458015071349,0.28988070722111764,-0.2668458015071349,-24.65205239924317,-21.33385546990508
-26.68458015071349,0.29359101909812846,-0.2668458015071349,-25.287156168665973,-22.089318688402265
-26.68458015071349,0.2973013309751393,-0.2668458015071349,-25.930337220851694,-22.93169317145857
-26.68458015071349,0.30101164285215015,-0.2668458015071349,-26.581595555800337,-23.866414745439634
-26.68458015071349,0.30472195472916097,-0.2668458015071349,-27.24093117351189,-24.896327555117548
-25.296703299244456,0.011607316445304631,-0.25296703299244455,-0.03915159011721992,-0.9553338053132663
-25.296703299244456,0.015317628322315471,-0.25296703299244455,-0.06818185468636141,-0.9820173111063144
-25.296703299244456,0.01902794019932631,-0.25296703299244455,-0.10521297766789868,-1.0115859765838522
-25.296703299244456,0.02273825207633715,-0.25296703299244455,-0.15024495906183172,-1.0443792365756859
-25.296703299244456,0.02644856395334799,-0.25296703299244455,-0.2032777988681606,-1.0807744226746046
-25.296703299244456,0.03015887583035883,-0.25296703299244455,-0.2643114970868852,-1.1211903208977243
-25.296703299244456,0.03386918770736967,-0.25296703299244455,-0.33334605371800574,-1.166090819492986
-25.296703299244456,0.03757949958438051,-0.25296703299244455,-0.410381468761522,-1.2159885618609114
-25.296703299244456,0.04128981146139135,-0.25296703299244455,-0.495417742217434,-1.271448486827099
-25.296703299244456,0.04500012333840219,-0.25296703299244455,-0.5884548740857418,-1.3330910983133162
-25.296703299244456,0.04871043521541303,-0.25296703299244455,-0.6894928643664454,-1.401595258199507
-25.296703299244456,0.05242074709242387,-0.25296703299244455,-0.7985317130595448,-1.4777002396930516
-25.296703299244456,0.05613105896943471,-0.25296703299244455,-0.91557142016504,-1.5622067144523157
-25.296703299244456,0.05984137084644555,-0.25296703299244455,-1.040611985682931,-1.6559762768764061
-25.296703299244456,0.06355168272345639,-0.25296703299244455,-1.1736534096132178,-1.7599290369246052
-25.296703299244456,0.06726199460046722,-0.25296703299244455,-1.3146956919559,-1.8750387444515386
-25.296703299244456,0.07097230647747807,-0.25296703299244455,-1.4637388327109784,-2.002324852177544
-25.296703299244456,0.0746826183544889,-0.25296703299244455,-1.6207828318784525,-2.142840893372433
-25.296703299244456,0.07839293023149975,-0.25296703299244455,-1.7858276894583225,-2.2976585601167083
-25.296703299244456,0.08210324210851058,-0.25296703299244455,-1.958873405450588,-2.4678469379162884
-25.296703299244456,0.08581355398552143,-0.25296703299244455,-2.1399199798552497,-2.6544465037242984
-25.296703299244456,0.08952386586253226,-0.25296703299244455,-2.328967412672307,-2.8584377475131917
-25.296703299244456,0.09323417773954311,-0.25296703299244455,-2.52601570390176,-3.0807046476950206
-25.296703299244456,0.09694448961655394,-0.25296703299244455,-2.7310648535436086,-3.3219937218608684
-25.296703299244456,0.10065480149356479,-0.25296703299244455,-2.9441148615978534,-3.5828699718834454
-25.296703299244456,0.10436511337057562,-0.25296703299244455,-3.1651657280644936,-3.863671706081962
-25.296703299244456,0.10807542524758647,-0.25296703299244455,-3.3942174529435305,-4.164466880155051
-25.296703299244456,0.1117857371245973,-0.25296703299244455,-3.631270036234962,-4.485014152491955
-25.296703299244456,0.11549604900160815,-0.25296703299244455,-3.87632347793879,-4.824732177229257
-25.296703299244456,0.11920636087861898,-0.25296703299244455,-4.129377778055013,-5.182680637761855
-25.296703299244456,0.12291667275562983,-0.25296703299244455,-4.390432936583633,-5.55755605943042
-25.296703299244456,0.12662698463264066,-0.25296703299244455,-4.659488953524648,-5.947704497891282
-25.296703299244456,0.1303372965096515,-0.25296703299244455,-4.936545828878059,-6.3511518318384415
-25.296703299244456,0.13404760838666235,-0.25296703299244455,-5.221603562643867,-6.765650746460926
-25.296703299244456,0.13775792026367317,-0.25296703299244455,-5.514662154822068,-7.188741812420666
-25.296703299244456,0.14146823214068402,-0.25296703299244455,-5.815721605412667,-7.617824620841997
-25.296703299244456,0.14517854401769487,-0.25296703299244455,-6.124781914415661,-8.050233983506926
-25.296703299244456,0.1488888558947057,-0.25296703299244455,-6.441843081831051,-8.483315919005344
-25.296703299244456,0.15259916777171653,-0.25296703299244455,-6.766905107658835,-8.914498557802064
-25.296703299244456,0.15630947964872738,-0.25296703299244455,-7.0999679918990175,-9.341354106916203
-25.296703299244456,0.16001979152573823,-0.25296703299244455,-7.441031734551595,-9.76164939910679
-25.296703299244456,0.16373010340274907,-0.25296703299244455,-7.790096335616569,-10.17338403840277
-25.296703299244456,0.1674404152797599,-0.25296703299244455,-8.147161795093936,-10.574816484567076
-25.296703299244456,0.17115072715677074,-0.25296703299244455,-8.512228112983701,-10.964479407174988
-25.296703299244456,0.17486103903378158,-0.25296703299244455,-8.885295289285862,-11.341186201822568
-25.296703299244456,0.17857135091079243,-0.25296703299244455,-9.266363324000418,-11.704030714675751
-25.296703299244456,0.18228166278780325,-0.25296703299244455,-9.65543221712737,-12.052382060601943
-25.296703299244456,0.1859919746648141,-0.25296703299244455,-10.052501968666718,-12.38587607451407
-25.296703299244456,0.18970228654182494,-0.25296703299244455,-10.457572578618462,-12.704404533912317
-25.296703299244456,0.1934125984188358,-0.25296703299244455,-10.870644046982603,-13.008102932684501
-25.296703299244456,0.1971229102958466,-0.25296703299244455,-11.291716373759135,-13.297337330000929
-25.296703299244456,0.20083322217285746,-0.25296703299244455,-11.720789558948066,-13.572690660375564
-25.296703299244456,0.2045435340498683,-0.25296703299244455,-12.157863602549394,-13.834948856988452
-25.296703299244456,0.20825384592687915,-0.25296703299244455,-12.602938504563118,-14.08508717780601
-25.296703299244456,0.21196415780388997,-0.25296703299244455,-13.056014264989233,-14.324257196056358
-25.296703299244456,0.21567446968090082,-0.25296703299244455,-13.517090883827748,-14.55377499172544
-25.296703299244456,0.21938478155791166,-0.25296703299244455,-13.98616836107866,-14.775111138181817
-25.296703299244456,0.2230950934349225,-0.25296703299244455,-14.463246696741965,-14.989883109057063
-25.296703299244456,0.22680540531193333,-0.25296703299244455,-14.948325890817664,-15.199850736641611
-25.296703299244456,0.23051571718894417,-0.25296703299244455,-15.441405943305762,-15.406915342771184
-25.296703299244456,0.23422602906595502,-0.25296703299244455,-15.942486854206257,-15.613123147988599
-25.296703299244456,0.23793634094296587,-0.25296703299244455,-16.451568623519147,-15.820673555463024
-25.296703299244456,0.2416466528199767,-0.25296703299244455,-16.968651251244427,-16.031932909350026
-25.296703299244456,0.24535696469698753,-0.25296703299244455,-17.49373473738211,-16.249454341974143
-25.296703299244456,0.24906727657399838,-0.25296703299244455,-18.026819081932185,-16.476004337716684
-25.296703299244456,0.2527775884510092,-0.25296703299244455,-18.567904284894663,-16.714596623815435
-25.296703299244456,0.25648790032802005,-0.25296703299244455,-19.116990346269525,-16.96853389401817
-25.296703299244456,0.2601982122050309,-0.25296703299244455,-19.674077266056795,-17.241457587681854
-25.296703299244456,0.26390852408204174,-0.25296703299244455,-20.23916504425645,-17.537405339422694
-25.296703299244456,0.26761883595905256,-0.25296703299244455,-20.8122536808685,-17.860874567331134
-25.296703299244456,0.27132914783606343,-0.25296703299244455,-21.39334317589296,-18.216888680405024
-25.296703299244456,0.27503945971307425,-0.25296703299244455,-21.982433529329803,-18.611059174222902
-25.296703299244456,0.27874977159008507,-0.25296703299244455,-22.57952474117904,-19.049632026987066
-25.296703299244456,0.28246008346709595,-0.25296703299244455,-23.184616811440687,-19.53949998777857
-25.296703299244456,0.28617039534410676,-0.25296703299244455,-23.797709740114716,-20.088153655196223
-25.296703299244456,0.28988070722111764,-0.25296703299244455,-24.418803527201153,-20.70353472144499
-25.296703299244456,0.29359101909812846,-0.25296703299244455,-25.047898172699973,-21.393747195066723
-25.296703299244456,0.2973013309751393,-0.25296703299244455,-25.684993676611192,-22.166582168749766
-25.296703299244456,0.30101164285215015,-0.25296703299244455,-26.330090038934816,-23.02882682699438
-25.296703299244456,0.30472195472916097,-0.25296703299244455,-26.983187259670824,-23.985367803734043
-23.90882644777542,0.011607316445304631,-0.23908826447775422,-0.038777613389682046,-0.9611662091667155
-23.90882644777542,0.015317628322315471,-0.23908826447775422,-0.06753058032389679,-0.9874270193221637
-23.90882644777542,0.01902794019932631,-0.23908826447775422,-0.10420798131998661,-1.0164676487331188
-23.90882644777542,0.02273825207633715,-0.23908826447775422,-0.1488098163779515,-1.0486077739007955
-23.90882644777542,0.02644856395334799,-0.23908826447775422,-0.2013360854977915,-1.0842022101031565
-23.90882644777542,0.03015887583035883,-0.23908826447775422,-0.26178678867950655,-1.1236442007312455
-23.90882644777542,0.03386918770736967,-0.23908826447775422,-0.33016192592309673,-1.1673688074852082
-23.90882644777542,0.03757949958438051,-0.23908826447775422,-0.40646149722856195,-1.2158563320694786
-23.90882644777542,0.04128981146139135,-0.23908826447775422,-0.49068550259590227,-1.2696356726609124
-23.90882644777542,0.04500012333840219,-0.23908826447775422,-0.5828339420251176,-1.3292874846818865
-23.90882644777542,0.04871043521541303,-0.23908826447775422,-0.6829068155162081,-1.3954469746520881
-23.90882644777542,0.05242074709242387,-0.23908826447775422,-0.7909041230691737,-1.4688061077927625
-23.90882644777542,0.05613105896943471,-0.23908826447775422,-0.9068258646840143,-1.550114954843806
-23.90882644777542,0.05984137084644555,-0.23908826447775422,-1.03067204036073,-1.6401818423306747
-23.90882644777542,0.06355168272345639,-0.23908826447775422,-1.1624426500993208,-1.7398719056766403
-23.90882644777542,0.06726199460046722,-0.23908826447775422,-1.3021376938997862,-1.850103580268791
-23.90882644777542,0.07097230647747807,-0.23908826447775422,-1.4497571717621272,-1.971842508346211
-23.90882644777542,0.0746826183544889,-0.23908826447775422,-1.605301083686343,-2.106092298705621
-23.90882644777542,0.07839293023149975,-0.23908826447775422,-1.7687694296724343,-2.2538815642005288
-23.90882644777542,0.08210324210851058,-0.23908826447775422,-1.9401622097204003,-2.416246694466629
-23.90882644777542,0.08581355398552143,-0.23908826447775422,-2.1194794238302417,-2.594209916308582
-23.90882644777542,0.08952386586253226,-0.23908826447775422,-2.3067210720019578,-2.7887523705793886
-23.90882644777542,0.09323417773954311,-0.23908826447775422,-2.501887154235549,-3.0007822088296954
-23.90882644777542,0.09694448961655394,-0.23908826447775422,-2.7049776705310156,-3.2310980955253066
-23.90882644777542,0.10065480149356479,-0.23908826447775422,-2.9159926208883573,-3.480348989853763
-23.90882644777542,0.10436511337057562,-0.23908826447775422,-3.1349320053075735,-3.7489916539017694
-23.90882644777542,0.10807542524758647,-0.23908826447775422,-3.361795823788666,-4.0372479457369925
-23.90882644777542,0.1117857371245973,-0.23908826447775422,-3.596584076331632,-4.34506453411495
-23.90882644777542,0.11549604900160815,-0.23908826447775422,-3.839296762936474,-4.6720781195654695
-23.90882644777542,0.11920636087861898,-0.23908826447775422,-4.089933883603191,-5.017589454745277
-23.90882644777542,0.12291667275562983,-0.23908826447775422,-4.348495438331783,-5.380549321872215
-23.90882644777542,0.12662698463264066,-0.23908826447775422,-4.61498142712225,-5.759559076302694
-23.90882644777542,0.1303372965096515,-0.23908826447775422,-4.889391849974592,-6.1528873928733265
-23.90882644777542,0.13404760838666235,-0.23908826447775422,-5.17172670688881,-6.558503526318216
-23.90882644777542,0.13775792026367317,-0.23908826447775422,-5.461985997864901,-6.974125874264233
-23.90882644777542,0.14146823214068402,-0.23908826447775422,-5.760169722902869,-7.397283131589807
-23.90882644777542,0.14517854401769487,-0.23908826447775422,-6.066277882002711,-7.825384092166061
-23.90882644777542,0.1488888558947057,-0.23908826447775422,-6.380310475164429,-8.255791399744025
-23.90882644777542,0.15259916777171653,-0.23908826447775422,-6.702267502388021,-8.685894400098467
-23.90882644777542,0.15630947964872738,-0.23908826447775422,-7.032148963673489,-9.113176708776326
-23.90882644777542,0.16001979152573823,-0.23908826447775422,-7.369954859020832,-9.535275069819724
-23.90882644777542,0.16373010340274907,-0.23908826447775422,-7.715685188430051,-9.95002733835385
-23.90882644777542,0.1674404152797599,-0.23908826447775422,-8.069339951901142,-10.355508736031675
-23.90882644777542,0.17115072715677074,-0.23908826447775422,-8.43091914943411,-10.75005668763474
-23.90882644777542,0.17486103903378158,-0.23908826447775422,-8.800422781028955,-11.132285401907124
-23.90882644777542,0.17857135091079243,-0.23908826447775422,-9.177850846685672,-11.501091850606237
-23.90882644777542,0.18228166278780325,-0.23908826447775422,-9.563203346404265,-11.855654950582203
-23.90882644777542,0.1859919746648141,-0.23908826447775422,-9.956480280184733,-12.19542964676144
-23.90882644777542,0.18970228654182494,-0.23908826447775422,-10.357681648027077,-12.520137337136974
-23.90882644777542,0.1934125984188358,-0.23908826447775422,-10.766807449931298,-12.829753777351552
-23.90882644777542,0.1971229102958466,-0.23908826447775422,-11.183857685897388,-13.124495329698915
-23.90882644777542,0.20083322217285746,-0.23908826447775422,-11.608832355925356,-13.404804222657376
-23.90882644777542,0.2045435340498683,-0.23908826447775422,-12.041731460015201,-13.671333373506574
-23.90882644777542,0.20825384592687915,-0.23908826447775422,-12.482554998166922,-13.924931285843499
-23.90882644777542,0.21196415780388997,-0.23908826447775422,-12.931302970380512,-14.166627541392721
-23.90882644777542,0.21567446968090082,-0.23908826447775422,-13.387975376655982,-14.397619434881998
-23.90882644777542,0.21938478155791166,-0.23908826447775422,-13.852572216993329,-14.619260330547947
-23.90882644777542,0.2230950934349225,-0.23908826447775422,-14.325093491392547,-14.833050336327538
-23.90882644777542,0.22680540531193333,-0.23908826447775422,-14.805539199853637,-15.04062989328712
-23.90882644777542,0.23051571718894417,-0.23908826447775422,-15.293909342376608,-15.243776866904767
-23.90882644777542,0.23422602906595502,-0.23908826447775422,-15.790203918961453,-15.444407711392442
-23.90882644777542,0.23793634094296587,-0.23908826447775422,-16.294422929608174,-15.644583267462501
-23.90882644777542,0.2416466528199767,-0.23908826447775422,-16.806566374316766,-15.846519755071728
-23.90882644777542,0.24535696469698753,-0.23908826447775422,-17.326634253087235,-16.052605538100398
-23.90882644777542,0.24906727657399838,-0.23908826447775422,-17.85462656591958,-16.265424261836547
-23.90882644777542,0.2527775884510092,-0.23908826447775422,-18.390543312813804,-16.48778497822227
-23.90882644777542,0.25648790032802005,-0.23908826447775422,-18.934384493769894,-16.72275984102691
-23.90882644777542,0.2601982122050309,-0.23908826447775422,-19.48615010878787,-16.973729808510928
-23.90882644777542,0.26390852408204174,-0.23908826447775422,-20.045840157867712,-17.244438429034403
-23.90882644777542,0.26761883595905256,-0.23908826447775422,-20.613454641009426,-17.539053042367676
-23.90882644777542,0.27132914783606343,-0.23908826447775422,-21.188993558213028,-17.862231367605315
-23.90882644777542,0.27503945971307425,-0.23908826447775422,-21.772456909478496,-18.219189141141424
-23.90882644777542,0.27874977159008507,-0.23908826447775422,-22.363844694805838,-18.615760811112068
-23.90882644777542,0.28246008346709595,-0.23908826447775422,-22.963156914195064,-19.058439872721884
-23.90882644777542,0.28617039534410676,-0.23908826447775422,-23.570393567646153,-19.55437799396361
-23.90882644777542,0.28988070722111764,-0.23908826447775422,-24.18555465515913,-20.11131292129087
-23.90882644777542,0.29359101909812846,-0.23908826447775422,-24.808640176733974,-20.737385719899663
-23.90882644777542,0.2973013309751393,-0.23908826447775422,-25.43965013237069,-21.44080165398287
-23.90882644777542,0.30101164285215015,-0.23908826447775422,-26.078584522069296,-22.229292158111576
-23.90882644777542,0.30472195472916097,-0.23908826447775422,-26.72544334582976,-23.109356598280527
-22.520949596306387,0.011607316445304631,-0.22520949596306386,-0.03840363666214417,-0.9664724955119843
-22.520949596306387,0.015317628322315471,-0.22520949596306386,-0.06687930596143218,-0.9922818548781622
-22.520949596306387,0.01902794019932631,-0.22520949596306386,-0.10320298497207453,-1.0207631687757068
-22.520949596306387,0.02273825207633715,-0.22520949596306386,-0.14737467369407126,-1.0522167384755265
-22.520949596306387,0.02644856395334799,-0.22520949596306386,-0.19939437212742236,-1.086975355653931
-22.520949596306387,0.03015887583035883,-0.22520949596306386,-0.2592620802721278,-1.1254073345859381
-22.520949596306387,0.03386918770736967,-0.22520949596306386,-0.3269777981281877,-1.167919652714429
-22.520949596306387,0.03757949958438051,-0.22520949596306386,-0.4025415256956019,-1.2149611437334684
-22.520949596306387,0.04128981146139135,-0.22520949596306386,-0.48595326297437047,-1.2670256646300584
-22.520949596306387,0.04500012333840219,-0.22520949596306386,-0.5772130099644934,-1.3246551300272182
-22.520949596306387,0.04871043521541303,-0.22520949596306386,-0.6763207666659707,-1.3884422730317443
-22.520949596306387,0.05242074709242387,-0.22520949596306386,-0.7832765330788024,-1.4590329511857667
-22.520949596306387,0.05613105896943471,-0.22520949596306386,-0.8980803092029884,-1.5371277690071286
-22.520949596306387,0.05984137084644555,-0.22520949596306386,-1.0207320950385288,-1.623482735556364
-22.520949596306387,0.06355168272345639,-0.22520949596306386,-1.1512318905854235,-1.7189086180060142
-22.520949596306387,0.06726199460046722,-0.22520949596306386,-1.2895796958436725,-1.8242685931608822
-22.520949596306387,0.07097230647747807,-0.22520949596306386,-1.4357755108132761,-1.94047374291699
-22.520949596306387,0.0746826183544889,-0.22520949596306386,-1.5898193354942338,-2.06847589362606
-22.520949596306387,0.07839293023149975,-0.22520949596306386,-1.7517111698865462,-2.209257272754022
-22.520949596306387,0.08210324210851058,-0.22520949596306386,-1.9214510139902126,-2.363816461390847
-22.520949596306387,0.08581355398552143,-0.22520949596306386,-2.0990388678052336,-2.5331501729489196
-22.520949596306387,0.08952386586253226,-0.22520949596306386,-2.284474731331609,-2.7182305032850542
-22.520949596306387,0.09323417773954311,-0.22520949596306386,-2.4777586045693387,-2.919977491777774
-22.520949596306387,0.09694448961655394,-0.22520949596306386,-2.6788904875184225,-3.139227119586239
-22.520949596306387,0.10065480149356479,-0.22520949596306386,-2.8878703801788608,-3.3766952558292727
-22.520949596306387,0.10436511337057562,-0.22520949596306386,-3.1046982825506535,-3.632938537324309
-22.520949596306387,0.10807542524758647,-0.22520949596306386,-3.329374194633801,-3.908313707105639
-22.520949596306387,0.1117857371245973,-0.22520949596306386,-3.561898116428302,-4.20293749302476
-22.520949596306387,0.11549604900160815,-0.22520949596306386,-3.8022700479341585,-4.516649608767134
-22.520949596306387,0.11920636087861898,-0.22520949596306386,-4.050489989151369,-4.848981815199311
-22.520949596306387,0.12291667275562983,-0.22520949596306386,-4.306557940079934,-5.199136092505357
-22.520949596306387,0.12662698463264066,-0.22520949596306386,-4.570473900719852,-5.565974757182014
-22.520949596306387,0.1303372965096515,-0.22520949596306386,-4.842237871071125,-5.948024762017746
-22.520949596306387,0.13404760838666235,-0.22520949596306386,-5.121849851133754,-6.343497449228053
-22.520949596306387,0.13775792026367317,-0.22520949596306386,-5.409309840907735,-6.750323767256278
-22.520949596306387,0.14146823214068402,-0.22520949596306386,-5.704617840393071,-7.1662035621839575
-22.520949596306387,0.14517854401769487,-0.22520949596306386,-6.007773849589762,-7.588666217258901
-22.520949596306387,0.1488888558947057,-0.22520949596306386,-6.318777868497808,-8.015138851639847
-22.520949596306387,0.15259916777171653,-0.22520949596306386,-6.637629897117206,-8.443017677516993
-22.520949596306387,0.15630947964872738,-0.22520949596306386,-6.96432993544796,-8.869738048073556
-22.520949596306387,0.16001979152573823,-0.22520949596306386,-7.298877983490069,-9.292839197414377
-22.520949596306387,0.16373010340274907,-0.22520949596306386,-7.641274041243532,-9.710020566689641
-22.520949596306387,0.1674404152797599,-0.22520949596306386,-7.991518108708347,-10.119187746597081
-22.520949596306387,0.17115072715677074,-0.22520949596306386,-8.349610185884519,-10.51848723991201
-22.520949596306387,0.17486103903378158,-0.22520949596306386,-8.715550272772047,-10.906330277927244
-22.520949596306387,0.17857135091079243,-0.22520949596306386,-9.089338369370926,-11.281406691120043
-22.520949596306387,0.18228166278780325,-0.22520949596306386,-9.47097447568116,-11.642690291225996
-22.520949596306387,0.1859919746648141,-0.22520949596306386,-9.860458591702749,-11.98943739154246
-22.520949596306387,0.18970228654182494,-0.22520949596306386,-10.257790717435693,-12.321180043548027
-22.520949596306387,0.1934125984188358,-0.22520949596306386,-10.662970852879992,-12.637715388811559
-22.520949596306387,0.1971229102958466,-0.22520949596306386,-11.07599899803564,-12.939092298476387
-22.520949596306387,0.20083322217285746,-0.22520949596306386,-11.496875152902646,-13.225596259974553
-22.520949596306387,0.2045435340498683,-0.22520949596306386,-11.925599317481009,-13.497733306482811
-22.520949596306387,0.20825384592687915,-0.22520949596306386,-12.362171491770725,-13.756213678490159
-22.520949596306387,0.21196415780388997,-0.22520949596306386,-12.806591675771791,-14.001935850619011
-22.520949596306387,0.21567446968090082,-0.22520949596306386,-13.258859869484215,-14.235971533701505
-22.520949596306387,0.21938478155791166,-0.22520949596306386,-13.718976072907996,-14.459552254234753
-22.520949596306387,0.2230950934349225,-0.22520949596306386,-14.186940286043127,-14.674058107088602
-22.520949596306387,0.22680540531193333,-0.22520949596306386,-14.66275250888961,-14.881009265601051
-22.520949596306387,0.23051571718894417,-0.22520949596306386,-15.146412741447454,-15.082060815330165
-22.520949596306387,0.23422602906595502,-0.22520949596306386,-15.63792098371665,-15.279001457971
-22.520949596306387,0.23793634094296587,-0.22520949596306386,-16.1372772356972,-15.473756617036894
-22.520949596306387,0.2416466528199767,-0.22520949596306386,-16.6444814973891,-15.66839647352756
-22.520949596306387,0.24535696469698753,-0.22520949596306386,-17.15953376879236,-15.865149471996325
-22.520949596306387,0.24906727657399838,-0.22520949596306386,-17.682434049906977,-16.066421863837274
-22.520949596306387,0.2527775884510092,-0.22520949596306386,-18.213182340732946,-16.274823885161773
-22.520949596306387,0.25648790032802005,-0.22520949596306386,-18.751778641270263,-16.4932031778384
-22.520949596306387,0.2601982122050309,-0.22520949596306386,-19.298222951518948,-16.724686010321857
-22.520949596306387,0.26390852408204174,-0.22520949596306386,-19.85251527147897,-16.97272666552992
-22.520949596306387,0.26761883595905256,-0.22520949596306386,-20.41465560115035,-17.24116491748888
-22.520949596306387,0.27132914783606343,-0.22520949596306386,-20.984643940533097,-17.53429063595153
-22.520949596306387,0.27503945971307425,-0.22520949596306386,-21.562480289627192,-17.856912977906646
-22.520949596306387,0.27874977159008507,-0.22520949596306386,-22.148164648432633,-18.21442899688408
-22.520949596306387,0.28246008346709595,-0.22520949596306386,-22.74169701694944,-18.612882406072437
-22.520949596306387,0.28617039534410676,-0.22520949596306386,-23.343077395177595,-19.058997269336963
-22.520949596306387,0.28988070722111764,-0.22520949596306386,-23.95230578311711,-19.560163403579747
-22.520949596306387,0.29359101909812846,-0.22520949596306386,-24.56938218076797,-20.1243407653614
-22.520949596306387,0.2973013309751393,-0.22520949596306386,-25.19430658813019,-20.759840944036974
-22.520949596306387,0.30101164285215015,-0.22520949596306386,-25.82707900520377,-21.47493922494891
-22.520949596306387,0.30472195472916097,-0.22520949596306386,-26.467699431988695,-22.27727751630502
-21.133072744837353,0.011607316445304631,-0.21133072744837353,-0.038029659934606296,-0.9712749804525056
-21.133072744837353,0.015317628322315471,-0.21133072744837353,-0.06622803159896756,-0.9966050650962899
-21.133072744837353,0.01902794019932631,-0.21133072744837353,-0.10219798862416246,-1.0244976159124861
-21.133072744837353,0.02273825207633715,-0.21133072744837353,-0.14593953101019103,-1.0552340585665525
-21.133072744837353,0.02644856395334799,-0.21133072744837353,-0.19745265875705326,-1.0891257824061702
-21.133072744837353,0.03015887583035883,-0.21133072744837353,-0.2567373718647491,-1.1265169277029723
-21.133072744837353,0.03386918770736967,-0.21133072744837353,-0.3237936703332787,-1.1677872858979286
-21.133072744837353,0.03757949958438051,-0.21133072744837353,-0.3986215541626419,-1.2133552684746833
-21.133072744837353,0.04128981146139135,-0.21133072744837353,-0.48122102335283873,-1.2636808814127627
-21.133072744837353,0.04500012333840219,-0.21133072744837353,-0.5715920779038692,-1.3192686189537923
-21.133072744837353,0.04871043521541303,-0.21133072744837353,-0.6697347178157333,-1.3806701620508872
-21.133072744837353,0.05242074709242387,-0.21133072744837353,-0.7756489430884312,-1.4484867328908555
-21.133072744837353,0.05613105896943471,-0.21133072744837353,-0.8893347537219627,-1.5233709170603031
-21.133072744837353,0.05984137084644555,-0.21133072744837353,-1.0107921497163277,-1.6060277194785462
-21.133072744837353,0.06355168272345639,-0.21133072744837353,-1.1400211310715265,-1.6972145700233074
-21.133072744837353,0.06726199460046722,-0.21133072744837353,-1.2770216977875586,-1.797739941683004
-21.133072744837353,0.07097230647747807,-0.21133072744837353,-1.421793849864425,-1.908460191274846
-21.133072744837353,0.0746826183544889,-0.21133072744837353,-1.5743375873021244,-2.030274185196744
-21.133072744837353,0.07839293023149975,-0.21133072744837353,-1.7346529101006578,-2.164115237376098
-21.133072744837353,0.08210324210851058,-0.21133072744837353,-1.9027398182600248,-2.3109398729691706
-21.133072744837353,0.08581355398552143,-0.21133072744837353,-2.0785983117802256,-2.4717129512971243
-21.133072744837353,0.08952386586253226,-0.21133072744837353,-2.2622283906612597,-2.647388748829502
-21.133072744837353,0.09323417773954311,-0.21133072744837353,-2.453630054903128,-2.838887732528838
-21.133072744837353,0.09694448961655394,-0.21133072744837353,-2.6528033045058295,-3.0470689593024987
-21.133072744837353,0.10065480149356479,-0.21133072744837353,-2.8597481394693647,-3.2726983283735738
-21.133072744837353,0.10436511337057562,-0.21133072744837353,-3.0744645597937335,-3.5164132917002404
-21.133072744837353,0.10807542524758647,-0.21133072744837353,-3.2969525654789367,-3.7786850819883977
-21.133072744837353,0.1117857371245973,-0.21133072744837353,-3.527212156524972,-4.059780019915146
-21.133072744837353,0.11549604900160815,-0.21133072744837353,-3.7652433329318424,-4.35972196321626
-21.133072744837353,0.11920636087861898,-0.21133072744837353,-4.011046094699546,-4.678258391690539
-21.133072744837353,0.12291667275562983,-0.21133072744837353,-4.264620441828083,-5.014832900898746
-21.133072744837353,0.12662698463264066,-0.21133072744837353,-4.525966374317454,-5.368566917617823
-21.133072744837353,0.1303372965096515,-0.21133072744837353,-4.795083892167658,-5.738253180998669
-21.133072744837353,0.13404760838666235,-0.21133072744837353,-5.071972995378697,-6.122362919414055
-21.133072744837353,0.13775792026367317,-0.21133072744837353,-5.356633683950568,-6.519067712959796
-21.133072744837353,0.14146823214068402,-0.21133072744837353,-5.649065957883274,-6.926275848755999
-21.133072744837353,0.14517854401769487,-0.21133072744837353,-5.949269817176813,-7.341681694113907
-21.133072744837353,0.1488888558947057,-0.21133072744837353,-6.257245261831186,-7.762825413717485
-21.133072744837353,0.15259916777171653,-0.21133072744837353,-6.572992291846392,-8.187159426831181
-21.133072744837353,0.15630947964872738,-0.21133072744837353,-6.896510907222432,-8.612117486454894
-21.133072744837353,0.16001979152573823,-0.21133072744837353,-7.227801107959307,-9.035182237970014
-21.133072744837353,0.16373010340274907,-0.21133072744837353,-7.566862894057015,-9.453947562574875
-21.133072744837353,0.1674404152797599,-0.21133072744837353,-7.913696265515553,-9.866172827880828
-21.133072744837353,0.17115072715677074,-0.21133072744837353,-8.268301222334928,-10.269827194165138
-21.133072744837353,0.17486103903378158,-0.21133072744837353,-8.630677764515138,-10.663123182616413
-21.133072744837353,0.17857135091079243,-0.21133072744837353,-9.000825892056179,-11.044539647290463
-21.133072744837353,0.18228166278780325,-0.21133072744837353,-9.378745604958054,-11.412835003110409
-21.133072744837353,0.1859919746648141,-0.21133072744837353,-9.764436903220764,-11.767052008628173
-21.133072744837353,0.18970228654182494,-0.21133072744837353,-10.157899786844307,-12.106515601399012
-21.133072744837353,0.1934125984188358,-0.21133072744837353,-10.559134255828686,-12.430825290892326
-21.133072744837353,0.1971229102958466,-0.21133072744837353,-10.968140310173894,-12.73984349985123
-21.133072744837353,0.20083322217285746,-0.21133072744837353,-11.384917949879936,-13.033681077071918
-21.133072744837353,0.2045435340498683,-0.21133072744837353,-11.809467174946816,-13.312681033369156
-21.133072744837353,0.20825384592687915,-0.21133072744837353,-12.241787985374527,-13.577401407561968
-21.133072744837353,0.21196415780388997,-0.21133072744837353,-12.68188038116307,-13.82859806095007
-21.133072744837353,0.21567446968090082,-0.21133072744837353,-13.12974436231245,-14.06720812374655
-21.133072744837353,0.21938478155791166,-0.21133072744837353,-13.585379928822663,-14.29433476537778
-21.133072744837353,0.2230950934349225,-0.21133072744837353,-14.048787080693709,-14.51123392168081
-21.133072744837353,0.22680540531193333,-0.21133072744837353,-14.519965817925586,-14.71930357798419
-21.133072744837353,0.23051571718894417,-0.21133072744837353,-14.998916140518299,-14.920076174554545
-21.133072744837353,0.23422602906595502,-0.21133072744837353,-15.485638048471847,-15.11521467100862
-21.133072744837353,0.23793634094296587,-0.21133072744837353,-15.980131541786228,-15.306512783154023
-21.133072744837353,0.2416466528199767,-0.21133072744837353,-16.48239662046144,-15.495899894622298
-21.133072744837353,0.24535696469698753,-0.21133072744837353,-16.99243328449749,-15.685451150944438
-21.133072744837353,0.24906727657399838,-0.21133072744837353,-17.510241533894373,-15.877403266566908
-21.133072744837353,0.2527775884510092,-0.21133072744837353,-18.03582136865209,-16.074176611096345
-21.133072744837353,0.25648790032802005,-0.21133072744837353,-18.569172788770633,-16.278404175897048
-21.133072744837353,0.2601982122050309,-0.21133072744837353,-19.11029579425002,-16.492968027773408
-21.133072744837353,0.26390852408204174,-0.21133072744837353,-19.659190385090234,-16.721043782574156
-21.133072744837353,0.26761883595905256,-0.21133072744837353,-20.21585656129128,-16.96615339480012
-21.133072744837353,0.27132914783606343,-0.21133072744837353,-20.78029432285317,-17.232226028156717
-21.133072744837353,0.27503945971307425,-0.21133072744837353,-21.352503669775885,-17.523665748473725
-21.133072744837353,0.27874977159008507,-0.21133072744837353,-21.93248460205943,-17.84542298266689
-21.133072744837353,0.28246008346709595,-0.21133072744837353,-22.520237119703822,-18.20306374436769
-21.133072744837353,0.28617039534410676,-0.21133072744837353,-23.115761222709033,-18.602826108947674
-21.133072744837353,0.28988070722111764,-0.21133072744837353,-23.719056911075093,-19.05164695118052
-21.133072744837353,0.29359101909812846,-0.21133072744837353,-24.33012418480197,-19.557133475183377
-21.133072744837353,0.2973013309751393,-0.21133072744837353,-24.94896304388969,-20.12744431427777
-21.133072744837353,0.30101164285215015,-0.21133072744837353,-25.57557348833825,-20.771036278056677
-21.133072744837353,0.30472195472916097,-0.21133072744837353,-26.20995551814763,-21.496229961842452
-19.74519589336832,0.011607316445304631,-0.1974519589336832,-0.03765568320706841,-0.9755932260663989
-19.74519589336832,0.015317628322315471,-0.1974519589336832,-0.06557675723650293,-1.0004178893886038
-19.74519589336832,0.01902794019932631,-0.1974519589336832,-0.10119299227625037,-1.0276947697612546
-19.74519589336832,0.02273825207633715,-0.1974519589336832,-0.14450438832631074,-1.0576870168848371
-19.74519589336832,0.02644856395334799,-0.1974519589336832,-0.1955109453866841,-1.090685347921228
-19.74519589336832,0.03015887583035883,-0.1974519589336832,-0.25421266345737037,-1.1270106027153406
-19.74519589336832,0.03386918770736967,-0.1974519589336832,-0.32060954253836965,-1.1670164141082426
-19.74519589336832,0.03757949958438051,-0.1974519589336832,-0.3947015826296818,-1.2110919586196327
-19.74519589336832,0.04128981146139135,-0.1974519589336832,-0.4764887837313069,-1.259664737532649
-19.74519589336832,0.04500012333840219,-0.1974519589336832,-0.5659711458432449,-1.3132033193776378
-19.74519589336832,0.04871043521541303,-0.1974519589336832,-0.663148668965496,-1.3722199514345932
-19.74519589336832,0.05242074709242387,-0.1974519589336832,-0.7680213530980599,-1.437272919676154
-19.74519589336832,0.05613105896943471,-0.1974519589336832,-0.8805891982409367,-1.508968503231399
-19.74519589336832,0.05984137084644555,-0.1974519589336832,-1.0008522043941264,-1.5879623309303592
-19.74519589336832,0.06355168272345639,-0.1974519589336832,-1.1288103715576292,-1.674959904220445
-19.74519589336832,0.06726199460046722,-0.1974519589336832,-1.2644636997314447,-1.770716003855068
-19.74519589336832,0.07097230647747807,-0.1974519589336832,-1.4078121889155732,-1.8760326493492854
-19.74519589336832,0.0746826183544889,-0.1974519589336832,-1.5588558391100147,-1.9917552336946707
-19.74519589336832,0.07839293023149975,-0.1974519589336832,-1.7175946503147694,-2.118766416296417
-19.74519589336832,0.08210324210851058,-0.1974519589336832,-1.8840286225298366,-2.25797733156708
-19.74519589336832,0.08581355398552143,-0.1974519589336832,-2.058157755755217,-2.4103156682389004
-19.74519589336832,0.08952386586253226,-0.1974519589336832,-2.2399820499909104,-2.5767102064328897
-19.74519589336832,0.09323417773954311,-0.1974519589336832,-2.4295015052369164,-2.758071478549348
-19.74519589336832,0.09694448961655394,-0.1974519589336832,-2.626716121493236,-2.9552683591692324
-19.74519589336832,0.10065480149356479,-0.1974519589336832,-2.8316258987598677,-3.1691005997959087
-19.74519589336832,0.10436511337057562,-0.1974519589336832,-3.044230837036813,-3.400267613320595
-19.74519589336832,0.10807542524758647,-0.1974519589336832,-3.2645309363240713,-3.6493341792435467
-19.74519589336832,0.1117857371245973,-0.1974519589336832,-3.4925261966216414,-3.916694170284789
-19.74519589336832,0.11549604900160815,-0.1974519589336832,-3.728216617929526,-4.202533864429117
-19.74519589336832,0.11920636087861898,-0.1974519589336832,-3.9716022002477227,-4.506796856015502
-19.74519589336832,0.12291667275562983,-0.1974519589336832,-4.222682943576233,-4.829152950751302
-19.74519589336832,0.12662698463264066,-0.1974519589336832,-4.481458847915055,-5.16897364713309
-19.74519589336832,0.1303372965096515,-0.1974519589336832,-4.747929913264191,-5.525316795653168
-19.74519589336832,0.13404760838666235,-0.1974519589336832,-5.02209613962364,-5.8969227286011385
-19.74519589336832,0.13775792026367317,-0.1974519589336832,-5.3039575269934005,-6.2822235426883495
-19.74519589336832,0.14146823214068402,-0.1974519589336832,-5.593514075373475,-6.679366319143529
-19.74519589336832,0.14517854401769487,-0.1974519589336832,-5.890765784763863,-7.086249963105757
-19.74519589336832,0.1488888558947057,-0.1974519589336832,-6.195712655164563,-7.500574168865684
-19.74519589336832,0.15259916777171653,-0.1974519589336832,-6.508354686575576,-7.919897933360382
-19.74519589336832,0.15630947964872738,-0.1974519589336832,-6.828691878996902,-8.34170420993513
-19.74519589336832,0.16001979152573823,-0.1974519589336832,-7.156724232428542,-8.763466843824737
-19.74519589336832,0.16373010340274907,-0.1974519589336832,-7.492451746870494,-9.182715920438783
-19.74519589336832,0.1674404152797599,-0.1974519589336832,-7.835874422322757,-9.5970980684244
-19.74519589336832,0.17115072715677074,-0.1974519589336832,-8.186992258785336,-10.00442899989618
-19.74519589336832,0.17486103903378158,-0.1974519589336832,-8.545805256258229,-10.402736500074857
-19.74519589336832,0.17857135091079243,-0.1974519589336832,-8.912313414741432,-10.790293043830212
-19.74519589336832,0.18228166278780325,-0.1974519589336832,-9.286516734234947,-11.165638083063227
-19.74519589336832,0.1859919746648141,-0.1974519589336832,-9.668415214738777,-11.527590725948528
-19.74519589336832,0.18970228654182494,-0.1974519589336832,-10.05800885625292,-11.87525397900748
-19.74519589336832,0.1934125984188358,-0.1974519589336832,-10.455297658777377,-12.208011955563293
-19.74519589336832,0.1971229102958466,-0.1974519589336832,-10.860281622312144,-12.525521511780838
-19.74519589336832,0.20083322217285746,-0.1974519589336832,-11.272960746857224,-12.827699711070654
-19.74519589336832,0.2045435340498683,-0.1974519589336832,-11.69333503241262,-13.114708394399392
-19.74519589336832,0.20825384592687915,-0.1974519589336832,-12.121404478978329,-13.386936991234329
-19.74519589336832,0.21196415780388997,-0.1974519589336832,-12.557169086554346,-13.644984570637956
-19.74519589336832,0.21567446968090082,-0.1974519589336832,-13.00062885514068,-13.88964201670943
-19.74519589336832,0.21938478155791166,-0.1974519589336832,-13.451783784737328,-14.12187511875975
-19.74519589336832,0.2230950934349225,-0.1974519589336832,-13.910633875344287,-14.342809290344226
-19.74519589336832,0.22680540531193333,-0.1974519589336832,-14.377179126961556,-14.553716567388006
-19.74519589336832,0.23051571718894417,-0.1974519589336832,-14.851419539589143,-14.756005480587856
-19.74519589336832,0.23422602906595502,-0.1974519589336832,-15.333355113227041,-14.9512143503406
-19.74519589336832,0.23793634094296587,-0.1974519589336832,-15.822985847875254,-15.14100851559865
-19.74519589336832,0.2416466528199767,-0.1974519589336832,-16.320311743533775,-15.32718198490809
-19.74519589336832,0.24535696469698753,-0.1974519589336832,-16.825332800202613,-15.511663992252116
-19.74519589336832,0.24906727657399838,-0.1974519589336832,-17.33804901788176,-15.696530954452387
-19.74519589336832,0.2527775884510092,-0.1974519589336832,-17.85846039657123,-15.884024359457204
-19.74519589336832,0.25648790032802005,-0.1974519589336832,-18.386566936271,-16.07657515839155
-19.74519589336832,0.2601982122050309,-0.1974519589336832,-18.922368636981094,-16.276835271434784
-19.74519589336832,0.26390852408204174,-0.1974519589336832,-19.46586549870149,-16.487716815702104
-19.74519589336832,0.26761883595905256,-0.1974519589336832,-20.0170575214322,-16.71243956590027
-19.74519589336832,0.27132914783606343,-0.1974519589336832,-20.575944705173235,-16.954586873473012
-19.74519589336832,0.27503945971307425,-0.1974519589336832,-21.142527049924574,-17.21816965339243
-19.74519589336832,0.27874977159008507,-0.1974519589336832,-21.71680455568622,-17.507696885253335
-19.74519589336832,0.28246008346709595,-0.1974519589336832,-22.298777222458195,-17.828249065331796
-19.74519589336832,0.28617039534410676,-0.1974519589336832,-22.88844505024047,-18.185547799053513
-19.74519589336832,0.28988070722111764,-0.1974519589336832,-23.485808039033067,-18.586009803115566
-19.74519589336832,0.29359101909812846,-0.1974519589336832,-24.090866188835967,-19.036766646636785
-19.74519589336832,0.2973013309751393,-0.1974519589336832,-24.703619499649182,-19.54562264665199
-19.74519589336832,0.30101164285215015,-0.1974519589336832,-25.324067971472722,-20.12091343595648
-19.74519589336832,0.30472195472916097,-0.1974519589336832,-25.95221160430656,-20.771219599633575
-18.357319041899284,0.011607316445304631,-0.18357319041899284,-0.03728170647953054,-0.9794452734269479
-18.357319041899284,0.015317628322315471,-0.18357319041899284,-0.0649254828740383,-1.0037406440720833
-18.357319041899284,0.01902794019932631,-0.18357319041899284,-0.1001879959283383,-1.0303780321787834
-18.357319041899284,0.02273825207633715,-0.18357319041899284,-0.1430692456424305,-1.0596029939679292
-18.357319041899284,0.02644856395334799,-0.18357319041899284,-0.19356923201631498,-1.0916863932964738
-18.357319041899284,0.03015887583035883,-0.18357319041899284,-0.25168795504999164,-1.1269267382831059
-18.357319041899284,0.03386918770736967,-0.18357319041899284,-0.31742541474346064,-1.1656526329401533
-18.357319041899284,0.03757949958438051,-0.18357319041899284,-0.39078161109672177,-1.2082253171044712
-18.357319041899284,0.04128981146139135,-0.18357319041899284,-0.47175654410977513,-1.2550412556073338
-18.357319041899284,0.04500012333840219,-0.18357319041899284,-0.5603502137826207,-1.3065347221335988
-18.357319041899284,0.04871043521541303,-0.18357319041899284,-0.6565626201152586,-1.3631803041022188
-18.357319041899284,0.05242074709242387,-0.18357319041899284,-0.7603937631076886,-1.4254952316915088
-18.357319041899284,0.05613105896943471,-0.18357319041899284,-0.8718436427599109,-1.4940414064634866
-18.357319041899284,0.05984137084644555,-0.18357319041899284,-0.9909122590719254,-1.5694269727259962
-18.357319041899284,0.06355168272345639,-0.18357319041899284,-1.1175996120437321,-1.6523072379359767
-18.357319041899284,0.06726199460046722,-0.18357319041899284,-1.2519057016753308,-1.7433847077025648
-18.357319041899284,0.07097230647747807,-0.18357319041899284,-1.393830527966722,-1.8434079576087
-18.357319041899284,0.0746826183544889,-0.18357319041899284,-1.5433740909179055,-1.953169020412322
-18.357319041899284,0.07839293023149975,-0.18357319041899284,-1.700536390528881,-2.0734989267488357
-18.357319041899284,0.08210324210851058,-0.18357319041899284,-1.8653174267996488,-2.205261005318899
-18.357319041899284,0.08581355398552143,-0.18357319041899284,-2.037717199730209,-2.3493415315747583
-18.357319041899284,0.08952386586253226,-0.18357319041899284,-2.217735709320561,-2.50663732084981
-18.357319041899284,0.09323417773954311,-0.18357319041899284,-2.405372955570706,-2.678039903134118
-18.357319041899284,0.09694448961655394,-0.18357319041899284,-2.6006289384806425,-2.8644160037934476
-18.357319041899284,0.10065480149356479,-0.18357319041899284,-2.8035036580503716,-3.0665841988626807
-18.357319041899284,0.10436511337057562,-0.18357319041899284,-3.013997114279893,-3.285287824484998
-18.357319041899284,0.10807542524758647,-0.18357319041899284,-3.232109307169207,-3.521164502250969
-18.357319041899284,0.1117857371245973,-0.18357319041899284,-3.4578402367183116,-3.7747129921818896
-18.357319041899284,0.11549604900160815,-0.18357319041899284,-3.69118990292721,-4.046258487840667
-18.357319041899284,0.11920636087861898,-0.18357319041899284,-3.9321583057959,-4.335917893879191
-18.357319041899284,0.12291667275562983,-0.18357319041899284,-4.180745445324383,-4.643567029689722
-18.357319041899284,0.12662698463264066,-0.18357319041899284,-4.436951321512657,-4.968812024007192
-18.357319041899284,0.1303372965096515,-0.18357319041899284,-4.700775934360724,-5.310967336332881
-18.357319041899284,0.13404760838666235,-0.18357319041899284,-4.972219283868584,-5.6690427961848044
-18.357319041899284,0.13775792026367317,-0.18357319041899284,-5.251281370036233,-6.041741741201921
-18.357319041899284,0.14146823214068402,-0.18357319041899284,-5.537962192863677,-6.427471742835733
-18.357319041899284,0.14517854401769487,-0.18357319041899284,-5.832261752350913,-6.824368561257412
-18.357319041899284,0.1488888558947057,-0.18357319041899284,-6.134180048497941,-7.2303329465741815
-18.357319041899284,0.15259916777171653,-0.18357319041899284,-6.443717081304761,-7.643078822601723
-18.357319041899284,0.15630947964872738,-0.18357319041899284,-6.760872850771373,-8.06019039867017
-18.357319041899284,0.16001979152573823,-0.18357319041899284,-7.085647356897779,-8.479184998019356
-18.357319041899284,0.16373010340274907,-0.18357319041899284,-7.418040599683976,-8.897577978834288
-18.357319041899284,0.1674404152797599,-0.18357319041899284,-7.758052579129963,-9.312946108591586
-18.357319041899284,0.17115072715677074,-0.18357319041899284,-8.105683295235744,-9.72298611782002
-18.357319041899284,0.17486103903378158,-0.18357319041899284,-8.46093274800132,-10.125565826118814
-18.357319041899284,0.17857135091079243,-0.18357319041899284,-8.823800937426686,-10.51876607951935
-18.357319041899284,0.18228166278780325,-0.18357319041899284,-9.194287863511843,-10.900912629094446
-18.357319041899284,0.1859919746648141,-0.18357319041899284,-9.572393526256793,-11.270597896774017
-18.357319041899284,0.18970228654182494,-0.18357319041899284,-9.958117925661536,-11.626693232366351
-18.357319041899284,0.1934125984188358,-0.18357319041899284,-10.351461061726072,-11.968352726961337
-18.357319041899284,0.1971229102958466,-0.18357319041899284,-10.752422934450397,-12.295009914169258
-18.357319041899284,0.20083322217285746,-0.18357319041899284,-11.161003543834514,-12.606368793042131
-18.357319041899284,0.2045435340498683,-0.18357319041899284,-11.577202889878427,-12.902390590290096
-18.357319041899284,0.20825384592687915,-0.18357319041899284,-12.001020972582133,-13.18327759075475
-18.357319041899284,0.21196415780388997,-0.18357319041899284,-12.432457791945625,-13.44945524224921
-18.357319041899284,0.21567446968090082,-0.18357319041899284,-12.871513347968914,-13.701553610153354
-18.357319041899284,0.21938478155791166,-0.18357319041899284,-13.318187640651995,-13.940389133326217
-18.357319041899284,0.2230950934349225,-0.18357319041899284,-13.772480669994868,-14.166947522017947
-18.357319041899284,0.22680540531193333,-0.18357319041899284,-14.23439243599753,-14.382368541556593
-18.357319041899284,0.23051571718894417,-0.18357319041899284,-14.703922938659987,-14.587933341911642
-18.357319041899284,0.23422602906595502,-0.18357319041899284,-15.181072177982239,-14.785054922462821
-18.357319041899284,0.23793634094296587,-0.18357319041899284,-15.66584015396428,-14.97527226446496
-18.357319041899284,0.2416466528199767,-0.18357319041899284,-16.15822686660611,-15.160248623161259
-18.357319041899284,0.24535696469698753,-0.18357319041899284,-16.65823231590774,-15.341774450223419
-18.357319041899284,0.24906727657399838,-0.18357319041899284,-17.165856501869158,-15.521775417610044
-18.357319041899284,0.2527775884510092,-0.18357319041899284,-17.68109942449037,-15.702326036454153
-18.357319041899284,0.25648790032802005,-0.18357319041899284,-18.203961083771368,-15.885669405754037
-18.357319041899284,0.2601982122050309,-0.18357319041899284,-18.73444147971217,-16.074243675475593
-18.357319041899284,0.26390852408204174,-0.18357319041899284,-19.272540612312753,-16.27071584676809
-18.357319041899284,0.26761883595905256,-0.18357319041899284,-19.818258481573128,-16.47802352150008
-18.357319041899284,0.27132914783606343,-0.18357319041899284,-20.371595087493304,-16.699425091974017
-18.357319041899284,0.27503945971307425,-0.18357319041899284,-20.932550430073267,-16.93855852897933
-18.357319041899284,0.27874977159008507,-0.18357319041899284,-21.50112450931302,-17.199508226693197
-18.357319041899284,0.28246008346709595,-0.18357319041899284,-22.077317325212572,-17.486878066373734
-18.357319041899284,0.28617039534410676,-0.18357319041899284,-22.661128877771908,-17.805866647529914
-18.357319041899284,0.28988070722111764,-0.18357319041899284,-23.25255916699105,-18.162337099245253
-18.357319041899284,0.29359101909812846,-0.18357319041899284,-23.851608192869968,-18.562868587071286
-18.357319041899284,0.2973013309751393,-0.18357319041899284,-24.458275955408684,-19.014769260360634
-18.357319041899284,0.30101164285215015,-0.18357319041899284,-25.072562454607198,-19.52602109922248
-18.357319041899284,0.30472195472916097,-0.18357319041899284,-25.694467690465494,-20.105117156497656
-16.96944219043025,0.011607316445304631,-0.1696944219043025,-0.036907729751992656,-0.9828485547621373
-16.96944219043025,0.015317628322315471,-0.1696944219043025,-0.06427420851157369,-1.0065934926083764
-16.96944219043025,0.01902794019932631,-0.1696944219043025,-0.09918299958042623,-1.0325710437054654
-16.96944219043025,0.02273825207633715,-0.1696944219043025,-0.14163410295855028,-1.0610099189323496
-16.96944219043025,0.02644856395334799,-0.1696944219043025,-0.19162751864594585,-1.0921620165807617
-16.96944219043025,0.03015887583035883,-0.1696944219043025,-0.24916324664261294,-1.1263045540759427
-16.96944219043025,0.03386918770736967,-0.1696944219043025,-0.31424128694855163,-1.1637423128146693
-16.96944219043025,0.03757949958438051,-0.1696944219043025,-0.38686163956376174,-1.20480997598563
-16.96944219043025,0.04128981146139135,-0.1696944219043025,-0.4670243044882434,-1.2498745293023181
-16.96944219043025,0.04500012333840219,-0.1696944219043025,-0.5547292817219965,-1.2993376820673843
-16.96944219043025,0.04871043521541303,-0.1696944219043025,-0.6499765712650212,-1.3536382504694657
-16.96944219043025,0.05242074709242387,-0.1696944219043025,-0.7527661731173174,-1.4132544260616688
-16.96944219043025,0.05613105896943471,-0.1696944219043025,-0.8630980872788852,-1.478705829605759
-16.96944219043025,0.05984137084644555,-0.1696944219043025,-0.9809723137497243,-1.550555223618284
-16.96944219043025,0.06355168272345639,-0.1696944219043025,-1.106388852529835,-1.6294097259571712
-16.96944219043025,0.06726199460046722,-0.1696944219043025,-1.239347703619217,-1.71592133189953
-16.96944219043025,0.07097230647747807,-0.1696944219043025,-1.379848867017871,-1.8107865141330652
-16.96944219043025,0.0746826183544889,-0.1696944219043025,-1.527892342725796,-1.9147446303570321
-16.96944219043025,0.07839293023149975,-0.1696944219043025,-1.683478130742993,-2.0285748291382193
-16.96944219043025,0.08210324210851058,-0.1696944219043025,-1.846606231069461,-2.1530911098522596
-16.96944219043025,0.08581355398552143,-0.1696944219043025,-2.017276643705201,-2.289135166952404
-16.96944219043025,0.08952386586253226,-0.1696944219043025,-2.1954893686502124,-2.437566639040267
-16.96944219043025,0.09323417773954311,-0.1696944219043025,-2.381244405904495,-2.599250397487541
-16.96944219043025,0.09694448961655394,-0.1696944219043025,-2.5745417554680494,-2.7750405572798287
-16.96944219043025,0.10065480149356479,-0.1696944219043025,-2.7753814173408755,-2.965760984673125
-16.96944219043025,0.10436511337057562,-0.1696944219043025,-2.983763391522973,-3.1721822220816716
-16.96944219043025,0.10807542524758647,-0.1696944219043025,-3.199687678014342,-3.3949949580009156
-16.96944219043025,0.1117857371245973,-0.1696944219043025,-3.423154276814982,-3.6347804416118175
-16.96944219043025,0.11549604900160815,-0.1696944219043025,-3.6541631879248944,-3.8919785731875765
-16.96944219043025,0.11920636087861898,-0.1696944219043025,-3.8927144113440773,-4.166854776920168
-16.96944219043025,0.12291667275562983,-0.1696944219043025,-4.138807947072532,-4.459467153485297
-16.96944219043025,0.12662698463264066,-0.1696944219043025,-4.392443795110259,-4.769635772765943
-16.96944219043025,0.1303372965096515,-0.1696944219043025,-4.653621955457257,-5.096916247842035
-16.96944219043025,0.13404760838666235,-0.1696944219043025,-4.922342428113527,-5.44057986845811
-16.96944219043025,0.13775792026367317,-0.1696944219043025,-5.198605213079067,-5.799602507776774
-16.96944219043025,0.14146823214068402,-0.1696944219043025,-5.48241031035388,-6.172664208296439
-16.96944219043025,0.14517854401769487,-0.1696944219043025,-5.773757719937964,-6.558160788687662
-16.96944219043025,0.1488888558947057,-0.1696944219043025,-6.07264744183132,-6.9542280203469815
-16.96944219043025,0.15259916777171653,-0.1696944219043025,-6.3790794760339455,-7.3587779720215245
-16.96944219043025,0.15630947964872738,-0.1696944219043025,-6.693053822545845,-7.769546122363746
-16.96944219043025,0.16001979152573823,-0.1696944219043025,-7.0145704813670156,-8.184146924872445
-16.96944219043025,0.16373010340274907,-0.1696944219043025,-7.343629452497458,-8.600134805878335
-16.96944219043025,0.1674404152797599,-0.1696944219043025,-7.680230735937169,-9.01506718345507
-16.96944219043025,0.17115072715677074,-0.1696944219043025,-8.024374331686154,-9.426566062344573
-16.96944219043025,0.17486103903378158,-0.1696944219043025,-8.376060239744412,-9.83237507579894
-16.96944219043025,0.17857135091079243,-0.1696944219043025,-8.735288460111938,-10.230409442491451
-16.96944219043025,0.18228166278780325,-0.1696944219043025,-9.102058992788738,-10.618797079771072
-16.96944219043025,0.1859919746648141,-0.1696944219043025,-9.476371837774808,-10.995909944304337
-16.96944219043025,0.18970228654182494,-0.1696944219043025,-9.85822699507015,-11.360385449391822
-16.96944219043025,0.1934125984188358,-0.1696944219043025,-10.247624464674766,-11.711138456076252
-16.96944219043025,0.1971229102958466,-0.1696944219043025,-10.644564246588649,-12.047364811169542
-16.96944219043025,0.20083322217285746,-0.1696944219043025,-11.049046340811806,-12.36853770377699
-16.96944219043025,0.2045435340498683,-0.1696944219043025,-11.461070747344234,-12.674398253746054
-16.96944219043025,0.20825384592687915,-0.1696944219043025,-11.880637466185936,-12.964941766391686
-16.96944219043025,0.21196415780388997,-0.1696944219043025,-12.307746497336904,-13.240401027043443
-16.96944219043025,0.21567446968090082,-0.1696944219043025,-12.742397840797148,-13.501227901158362
-16.96944219043025,0.21938478155791166,-0.1696944219043025,-13.184591496566664,-13.748074377230814
-16.96944219043025,0.2230950934349225,-0.1696944219043025,-13.63432746464545,-13.981774057797997
-16.96944219043025,0.22680540531193333,-0.1696944219043025,-14.091605745033505,-14.20332497844821
-16.96944219043025,0.23051571718894417,-0.1696944219043025,-14.556426337730834,-14.413874521064322
-16.96944219043025,0.23422602906595502,-0.1696944219043025,-15.028789242737435,-14.614707088368444
-16.96944219043025,0.23793634094296587,-0.1696944219043025,-15.508694460053308,-14.807235124286244
-16.96944219043025,0.2416466528199767,-0.1696944219043025,-15.99614198967845,-14.992994000987284
-16.96944219043025,0.24535696469698753,-0.1696944219043025,-16.491131831612865,-15.173641251200404
-16.96944219043025,0.24906727657399838,-0.1696944219043025,-16.993663985856553,-15.350960605846314
-16.96944219043025,0.2527775884510092,-0.1696944219043025,-17.503738452409515,-15.526871303379991
-16.96944219043025,0.25648790032802005,-0.1696944219043025,-18.021355231271738,-15.703443167346961
-16.96944219043025,0.2601982122050309,-0.1696944219043025,-18.546514322443247,-15.882917997232978
-16.96944219043025,0.26390852408204174,-0.1696944219043025,-19.079215725924012,-16.0677378725766
-16.96944219043025,0.26761883595905256,-0.1696944219043025,-19.619459441714053,-16.260581008335187
-16.96944219043025,0.27132914783606343,-0.1696944219043025,-20.167245469813373,-16.464405780002576
-16.96944219043025,0.27503945971307425,-0.1696944219043025,-20.72257381022196,-16.682503392258173
-16.96944219043025,0.27874977159008507,-0.1696944219043025,-21.285444462939815,-16.918559286619224
-16.96944219043025,0.28246008346709595,-0.1696944219043025,-21.855857427966953,-17.176722605037376
-16.96944219043025,0.28617039534410676,-0.1696944219043025,-22.43381270530335,-17.461681603192535
-16.96944219043025,0.28988070722111764,-0.1696944219043025,-23.019310294949026,-17.77874050290627
-16.96944219043025,0.29359101909812846,-0.1696944219043025,-23.612350196903968,-18.133889467344623
-16.96944219043025,0.2973013309751393,-0.1696944219043025,-24.212932411168183,-18.533853736849036
-16.96944219043025,0.30101164285215015,-0.1696944219043025,-24.821056937741677,-18.98610020239941
-16.96944219043025,0.30472195472916097,-0.1696944219043025,-25.43672377662443,-19.498770089133522
-15.581565338961218,0.011607316445304631,-0.15581565338961217,-0.03653375302445478,-0.9858205348393319
-15.581565338961218,0.015317628322315471,-0.15581565338961217,-0.06362293414910908,-1.0089969542153816
-15.581565338961218,0.01902794019932631,-0.15581565338961217,-0.09817800323251415,-1.0342980505973687
-15.581565338961218,0.02273825207633715,-0.15581565338961217,-0.14019896027467002,-1.061936486645474
-15.581565338961218,0.02644856395334799,-0.15581565338961217,-0.18968580527557674,-1.0921461326414943
-15.581565338961218,0.03015887583035883,-0.15581565338961217,-0.24663853823523424,-1.1251840070604842
-15.581565338961218,0.03386918770736967,-0.15581565338961217,-0.3110571591536426,-1.161332326923611
-15.581565338961218,0.03757949958438051,-0.15581565338961217,-0.3829416680308017,-1.200900653119458
-15.581565338961218,0.04128981146139135,-0.15581565338961217,-0.46229206486671165,-1.2442281079486808
-15.581565338961218,0.04500012333840219,-0.15581565338961217,-0.5491083496613723,-1.291685632114418
-15.581565338961218,0.04871043521541303,-0.15581565338961217,-0.6433905224147839,-1.3436782358764967
-15.581565338961218,0.05242074709242387,-0.15581565338961217,-0.7451385831269463,-1.400647183729466
-15.581565338961218,0.05613105896943471,-0.15581565338961217,-0.8543525317978593,-1.4630720333870668
-15.581565338961218,0.05984137084644555,-0.15581565338961217,-0.9710323684275232,-1.531472427754779
-15.581565338961218,0.06355168272345639,-0.15581565338961217,-1.095178093015938,-1.6064095127662177
-15.581565338961218,0.06726199460046722,-0.15581565338961217,-1.2267897055631032,-1.6884868244802824
-15.581565338961218,0.07097230647747807,-0.15581565338961217,-1.3658672060690198,-1.77835045604765
-15.581565338961218,0.0746826183544889,-0.15581565338961217,-1.5124105945336868,-1.87668827990568
-15.581565338961218,0.07839293023149975,-0.15581565338961217,-1.6664198709571048,-1.9842279643688165
-15.581565338961218,0.08210324210851058,-0.15581565338961217,-1.8278950353392733,-2.101733489050126
-15.581565338961218,0.08581355398552143,-0.15581565338961217,-1.9968360876801932,-2.2299998337884466
-15.581565338961218,0.08952386586253226,-0.15581565338961217,-2.173243027979863,-2.3698454957812767
-15.581565338961218,0.09323417773954311,-0.15581565338961217,-2.3571158562382846,-2.5221024856861995
-15.581565338961218,0.09694448961655394,-0.15581565338961217,-2.5484545724554564,-2.6876034732099487
-15.581565338961218,0.10065480149356479,-0.15581565338961217,-2.747259176631379,-2.8671658049400155
-15.581565338961218,0.10436511337057562,-0.15581565338961217,-2.953529668766053,-3.061572211154727
-15.581565338961218,0.10807542524758647,-0.15581565338961217,-3.1672660488594775,-3.271548162685415
-15.581565338961218,0.1117857371245973,-0.15581565338961217,-3.388468316911652,-3.4977360398534008
-15.581565338961218,0.11549604900160815,-0.15581565338961217,-3.6171364729225783,-3.7406665347080774
-15.581565338961218,0.11920636087861898,-0.15581565338961217,-3.853270516892255,-4.000728019639654
-15.581565338961218,0.12291667275562983,-0.15581565338961217,-4.096870448820683,-4.278134964424797
-15.581565338961218,0.12662698463264066,-0.15581565338961217,-4.347936268707861,-4.572896842503672
-15.581565338961218,0.1303372965096515,-0.15581565338961217,-4.60646797655379,-4.884789296063465
-15.581565338961218,0.13404760838666235,-0.15581565338961217,-4.872465572358471,-5.213329578287562
-15.581565338961218,0.13775792026367317,-0.15581565338961217,-5.145929056121901,-5.557758404835605
-15.581565338961218,0.14146823214068402,-0.15581565338961217,-5.426858427844082,-5.917030273741451
-15.581565338961218,0.14517854401769487,-0.15581565338961217,-5.715253687525014,-6.289814016722552
-15.581565338961218,0.1488888558947057,-0.15581565338961217,-6.011114835164698,-6.67450481514973
-15.581565338961218,0.15259916777171653,-0.15581565338961217,-6.314441870763131,-7.069248176094121
-15.581565338961218,0.15630947964872738,-0.15581565338961217,-6.625234794320317,-7.471975482405947
-15.581565338961218,0.16001979152573823,-0.15581565338961217,-6.943493605836252,-7.880449803939909
-15.581565338961218,0.16373010340274907,-0.15581565338961217,-7.26921830531094,-8.292319802596351
-15.581565338961218,0.1674404152797599,-0.15581565338961217,-7.602408892744375,-8.7051788979648
-15.581565338961218,0.17115072715677074,-0.15581565338961217,-7.943065368136563,-9.116626474488204
-15.581565338961218,0.17486103903378158,-0.15581565338961217,-8.291187731487502,-9.524327852995118
-15.581565338961218,0.17857135091079243,-0.15581565338961217,-8.646775982797193,-9.926070013951696
-15.581565338961218,0.18228166278780325,-0.15581565338961217,-9.009830122065633,-10.319810591594358
-15.581565338961218,0.1859919746648141,-0.15581565338961217,-9.380350149292823,-10.703718366052653
-15.581565338961218,0.18970228654182494,-0.15581565338961217,-9.758336064478767,-11.076204258518827
-15.581565338961218,0.1934125984188358,-0.15581565338961217,-10.14378786762346,-11.435942582906716
-15.581565338961218,0.1971229102958466,-0.15581565338961217,-10.5367055587269,-11.781882949941512
-15.581565338961218,0.20083322217285746,-0.15581565338961217,-10.937089137789096,-12.113253711601988
-15.581565338961218,0.2045435340498683,-0.15581565338961217,-11.344938604810041,-12.429558162287492
-15.581565338961218,0.20825384592687915,-0.15581565338961217,-11.76025395978974,-12.730564890121892
-15.581565338961218,0.21196415780388997,-0.15581565338961217,-12.183035202728183,-13.016293725046614
-15.581565338961218,0.21567446968090082,-0.15581565338961217,-12.613282333625381,-13.286998693343143
-15.581565338961218,0.21938478155791166,-0.15581565338961217,-13.050995352481332,-13.543149293124799
-15.581565338961218,0.2230950934349225,-0.15581565338961217,-13.49617425929603,-13.785411278719062
-15.581565338961218,0.22680540531193333,-0.15581565338961217,-13.948819054069478,-14.014628003355611
-15.581565338961218,0.23051571718894417,-0.15581565338961217,-14.40892973680168,-14.23180323251124
-15.581565338961218,0.23422602906595502,-0.15581565338961217,-14.876506307492633,-14.438086213271983
-15.581565338961218,0.23793634094296587,-0.15581565338961217,-15.351548766142336,-14.634759673816301
-15.581565338961218,0.2416466528199767,-0.15581565338961217,-15.834057112750786,-14.823231335642594
-15.581565338961218,0.24535696469698753,-0.15581565338961217,-16.32403134731799,-15.005029452660803
-15.581565338961218,0.24906727657399838,-0.15581565338961217,-16.821471469843946,-15.181802848319057
-15.581565338961218,0.2527775884510092,-0.15581565338961217,-17.326377480328656,-15.355325906249778
-15.581565338961218,0.25648790032802005,-0.15581565338961217,-17.838749378772107,-15.527508981674691
-15.581565338961218,0.2601982122050309,-0.15581565338961217,-18.35858716517432,-15.700414737547632
-15.581565338961218,0.26390852408204174,-0.15581565338961217,-18.885890839535275,-15.8762809642876
-15.581565338961218,0.26761883595905256,-0.15581565338961217,-19.420660401854978,-16.057550500918506
-15.581565338961218,0.27132914783606343,-0.15581565338961217,-19.962895852133446,-16.246908912834098
-15.581565338961218,0.27503945971307425,-0.15581565338961217,-20.512597190370656,-16.447330553141175
-15.581565338961218,0.27874977159008507,-0.15581565338961217,-21.06976441656661,-16.662133467867434
-15.581565338961218,0.28246008346709595,-0.15581565338961217,-21.63439753072133,-16.895043184605523
-15.581565338961218,0.28617039534410676,-0.15581565338961217,-22.206496532834787,-17.150264572559998
-15.581565338961218,0.28988070722111764,-0.15581565338961217,-22.786061422907007,-17.432559421708834
-15.581565338961218,0.29359101909812846,-0.15581565338961217,-23.37309220093797,-17.747324808216668
-15.581565338961218,0.2973013309751393,-0.15581565338961217,-23.96758886692768,-18.100663259636015
-15.581565338961218,0.30101164285215015,-0.15581565338961217,-24.569551420876152,-18.499429769640606
-15.581565338961218,0.30472195472916097,-0.15581565338961217,-25.178979862783365,-18.95123260057567
-14.193688487492183,0.011607316445304631,-0.14193688487492184,-0.036159776296916905,-0.9883791279400671
-14.193688487492183,0.015317628322315471,-0.14193688487492184,-0.06297165978664446,-1.0109721995756167
-14.193688487492183,0.01902794019932631,-0.14193688487492184,-0.09717300688460208,-1.0355840735097552
-14.193688487492183,0.02273825207633715,-0.14193688487492184,-0.1387638175907898,-1.062412194594505
-14.193688487492183,0.02644856395334799,-0.14193688487492184,-0.18774409190520763,-1.0916733747274803
-14.193688487492183,0.03015887583035883,-0.14193688487492184,-0.24411382982785554,-1.1236055559163405
-14.193688487492183,0.03386918770736967,-0.14193688487492184,-0.3078730313587336,-1.1584696786745634
-14.193688487492183,0.03757949958438051,-0.14193688487492184,-0.3790216964978417,-1.1965516451896105
-14.193688487492183,0.04128981146139135,-0.14193688487492184,-0.45755982524517985,-1.2381643604169117
-14.193688487492183,0.04500012333840219,-0.14193688487492184,-0.5434874176007481,-1.2836498262645657
-14.193688487492183,0.04871043521541303,-0.14193688487492184,-0.6368044735645465,-1.3333812540290366
-14.193688487492183,0.05242074709242387,-0.14193688487492184,-0.737510993136575,-1.3877651478866544
-14.193688487492183,0.05613105896943471,-0.14193688487492184,-0.8456069763168336,-1.4472432972042757
-14.193688487492183,0.05984137084644555,-0.14193688487492184,-0.9610924231053222,-1.5122945973955546
-14.193688487492183,0.06355168272345639,-0.14193688487492184,-1.083967333502041,-1.5834365977791416
-14.193688487492183,0.06726199460046722,-0.14193688487492184,-1.2142317075069895,-1.661226650284919
-14.193688487492183,0.07097230647747807,-0.14193688487492184,-1.3518855451201686,-1.7462625050147582
-14.193688487492183,0.0746826183544889,-0.14193688487492184,-1.4969288463415773,-1.8391821680348093
-14.193688487492183,0.07839293023149975,-0.14193688487492184,-1.6493616111712166,-1.9406628042671183
-14.193688487492183,0.08210324210851058,-0.14193688487492184,-1.8091838396090856,-2.0514184355083986
-14.193688487492183,0.08581355398552143,-0.14193688487492184,-1.9763955316551851,-2.1721961528125053
-14.193688487492183,0.08952386586253226,-0.14193688487492184,-2.1509966873095143,-2.303770537129558
-14.193688487492183,0.09323417773954311,-0.14193688487492184,-2.3329873065720736,-2.446935966786687
-14.193688487492183,0.09694448961655394,-0.14193688487492184,-2.5223673894428633,-2.602496490982961
-14.193688487492183,0.10065480149356479,-0.14193688487492184,-2.719136935921883,-2.771252972031267
-14.193688487492183,0.10436511337057562,-0.14193688487492184,-2.9232959460091323,-2.953987253610192
-14.193688487492183,0.10807542524758647,-0.14193688487492184,-3.1348444197046126,-3.1514432060748097
-14.193688487492183,0.1117857371245973,-0.14193688487492184,-3.3537823570083223,-3.3643046404231063
-14.193688487492183,0.11549604900160815,-0.14193688487492184,-3.5801097579202623,-3.593170274989286
-14.193688487492183,0.11920636087861898,-0.14193688487492184,-3.8138266224404322,-3.8385261841272356
-14.193688487492183,0.12291667275562983,-0.14193688487492184,-4.0549329505688325,-4.100716450134255
-14.193688487492183,0.12662698463264066,-0.14193688487492184,-4.303428742305463,-4.3799130635242705
-14.193688487492183,0.1303372965096515,-0.14193688487492184,-4.559313997650323,-4.6760864469073455
-14.193688487492183,0.13404760838666235,-0.14193688487492184,-4.8225887166034145,-4.988978277656882
-14.193688487492183,0.13775792026367317,-0.14193688487492184,-5.0932528991647334,-5.318078508741499
-14.193688487492183,0.14146823214068402,-0.14193688487492184,-5.371306545334285,-5.662608585825682
-14.193688487492183,0.14517854401769487,-0.14193688487492184,-5.6567496551120655,-6.021512785720237
-14.193688487492183,0.1488888558947057,-0.14193688487492184,-5.949582228498077,-6.393459323543018
-14.193688487492183,0.15259916777171653,-0.14193688487492184,-6.249804265492316,-6.7768523842290005
-14.193688487492183,0.15630947964872738,-0.14193688487492184,-6.557415766094788,-7.169855550770858
-14.193688487492183,0.16001979152573823,-0.14193688487492184,-6.872416730305489,-7.5704262840355145
-14.193688487492183,0.16373010340274907,-0.14193688487492184,-7.194807158124421,-7.9763602449453455
-14.193688487492183,0.1674404152797599,-0.14193688487492184,-7.52458704955158,-8.385343445285429
-14.193688487492183,0.17115072715677074,-0.14193688487492184,-7.861756404586973,-8.795009574456282
-14.193688487492183,0.17486103903378158,-0.14193688487492184,-8.206315223230595,-9.202999461840648
-14.193688487492183,0.17857135091079243,-0.14193688487492184,-8.558263505482445,-9.607019546285619
-14.193688487492183,0.18228166278780325,-0.14193688487492184,-8.917601251342527,-10.004896436966881
-14.193688487492183,0.1859919746648141,-0.14193688487492184,-9.284328460810839,-10.394625119579754
-14.193688487492183,0.18970228654182494,-0.14193688487492184,-9.658445133887382,-10.774409010093422
-14.193688487492183,0.1934125984188358,-0.14193688487492184,-10.039951270572155,-11.142690790262538
-14.193688487492183,0.1971229102958466,-0.14193688487492184,-10.428846870865154,-11.498173682113157
-14.193688487492183,0.20083322217285746,-0.14193688487492184,-10.825131934766386,-11.839833457947762
-14.193688487492183,0.2045435340498683,-0.14193688487492184,-11.228806462275848,-12.166921990028886
-14.193688487492183,0.20825384592687915,-0.14193688487492184,-11.639870453393543,-12.478963500292878
-14.193688487492183,0.21196415780388997,-0.14193688487492184,-12.058323908119462,-12.775744879491821
-14.193688487492183,0.21567446968090082,-0.14193688487492184,-12.484166826453617,-13.057301527690576
-14.193688487492183,0.21938478155791166,-0.14193688487492184,-12.917399208396,-13.323900152812435
-14.193688487492183,0.2230950934349225,-0.14193688487492184,-13.358021053946612,-13.576019880982086
-14.193688487492183,0.22680540531193333,-0.14193688487492184,-13.806032363105452,-13.814332908648762
-14.193688487492183,0.23051571718894417,-0.14193688487492184,-14.261433135872526,-14.03968578354589
-14.193688487492183,0.23422602906595502,-0.14193688487492184,-14.72422337224783,-14.253082255648572
-14.193688487492183,0.23793634094296587,-0.14193688487492184,-15.194403072231363,-14.455668501961437
-14.193688487492183,0.2416466528199767,-0.14193688487492184,-15.671972235823123,-14.648721408264544
-14.193688487492183,0.24535696469698753,-0.14193688487492184,-16.156930863023117,-14.833640492516462
-14.193688487492183,0.24906727657399838,-0.14193688487492184,-16.64927895383134,-15.011943982443219
-14.193688487492183,0.2527775884510092,-0.14193688487492184,-17.149016508247797,-15.185269516577293
-14.193688487492183,0.25648790032802005,-0.14193688487492184,-17.656143526272476,-15.355379924890899
-14.193688487492183,0.2601982122050309,-0.14193688487492184,-18.170660007905397,-15.524174561545014
-14.193688487492183,0.26390852408204174,-0.14193688487492184,-18.692565953146538,-15.693706704618128
-14.193688487492183,0.26761883595905256,-0.14193688487492184,-19.221861361995906,-15.866207597829955
-14.193688487492183,0.27132914783606343,-0.14193688487492184,-19.758546234453515,-16.044117771565514
-14.193688487492183,0.27503945971307425,-0.14193688487492184,-20.30262057051935,-16.230126317098893
-14.193688487492183,0.27874977159008507,-0.14193688487492184,-20.85408437019341,-16.42721875160371
-14.193688487492183,0.28246008346709595,-0.14193688487492184,-21.412937633475707,-16.638733925031428
-14.193688487492183,0.28617039534410676,-0.14193688487492184,-21.97918036036623,-16.86842996096346
-14.193688487492183,0.28988070722111764,-0.14193688487492184,-22.55281255086499,-17.120558305956315
-14.193688487492183,0.29359101909812846,-0.14193688487492184,-23.13383420497197,-17.39994331582657
-14.193688487492183,0.2973013309751393,-0.14193688487492184,-23.72224532268718,-17.71206206738675
-14.193688487492183,0.30101164285215015,-0.14193688487492184,-24.31804590401063,-18.06311480667537
-14.193688487492183,0.30472195472916097,-0.14193688487492184,-24.9212359489423,-18.460070194779163
-12.805811636023149,0.011607316445304631,-0.12805811636023148,-0.03578579956937903,-0.9905429328890905
-12.805811636023149,0.015317628322315471,-0.12805811636023148,-0.062320385424179836,-1.0125411778670315
-12.805811636023149,0.01902794019932631,-0.12805811636023148,-0.09616801053669001,-1.0364549236483764
-12.805811636023149,0.02273825207633715,-0.12805811636023148,-0.13732867490690956,-1.062467246579975
-12.805811636023149,0.02644856395334799,-0.12805811636023148,-0.1858023785348385,-1.0907788857619503
-12.805811636023149,0.03015887583035883,-0.12805811636023148,-0.2415891214204768,-1.1216098419787728
-12.805811636023149,0.03386918770736967,-0.12805811636023148,-0.3046889035638246,-1.1552010766994645
-12.805811636023149,0.03757949958438051,-0.12805811636023148,-0.37510172496488164,-1.1918163039418586
-12.805811636023149,0.04128981146139135,-0.12805811636023148,-0.4528275856236481,-1.2317438628473902
-12.805811636023149,0.04500012333840219,-0.12805811636023148,-0.537866485540124,-1.275298652495851
-12.805811636023149,0.04871043521541303,-0.12805811636023148,-0.6302184247143092,-1.3228241025395358
-12.805811636023149,0.05242074709242387,-0.12805811636023148,-0.7298834031462038,-1.3746941433660567
-12.805811636023149,0.05613105896943471,-0.12805811636023148,-0.8368614208358077,-1.4313151274103886
-12.805811636023149,0.05984137084644555,-0.12805811636023148,-0.9511524777831211,-1.4931276386359547
-12.805811636023149,0.06355168272345639,-0.12805811636023148,-1.072756573988144,-1.5606081098340172
-12.805811636023149,0.06726199460046722,-0.12805811636023148,-1.2016737094508756,-1.6342701470686087
-12.805811636023149,0.07097230647747807,-0.12805811636023148,-1.3379038841713173,-1.7146654372744523
-12.805811636023149,0.0746826183544889,-0.12805811636023148,-1.481447098149468,-1.802384088868791
-12.805811636023149,0.07839293023149975,-0.12805811636023148,-1.6323033513853284,-1.8980542267542573
-12.805811636023149,0.08210324210851058,-0.12805811636023148,-1.7904726438788978,-2.0023406332094944
-12.805811636023149,0.08581355398552143,-0.12805811636023148,-1.955954975630177,-2.115942196429325
-12.805811636023149,0.08952386586253226,-0.12805811636023148,-2.128750346639165,-2.2395879011987327
-12.805811636023149,0.09323417773954311,-0.12805811636023148,-2.308858756905863,-2.374031074613886
-12.805811636023149,0.09694448961655394,-0.12805811636023148,-2.4962802064302703,-2.5200415882183047
-12.805811636023149,0.10065480149356479,-0.12805811636023148,-2.691014695212387,-2.6783957218547774
-12.805811636023149,0.10436511337057562,-0.12805811636023148,-2.8930622232522123,-2.849863420447541
-12.805811636023149,0.10807542524758647,-0.12805811636023148,-3.102422790549748,-3.0351927300863424
-12.805811636023149,0.1117857371245973,-0.12805811636023148,-3.319096397104992,-3.235091291601164
-12.805811636023149,0.11549604900160815,-0.12805811636023148,-3.5430830429179467,-3.4502049048809607
-12.805811636023149,0.11920636087861898,-0.12805811636023148,-3.77438272798861,-3.6810933598385485
-12.805811636023149,0.12291667275562983,-0.12805811636023148,-4.012995452316983,-3.9282039604220427
-12.805811636023149,0.12662698463264066,-0.12805811636023148,-4.258921215903065,-4.191843440545664
-12.805811636023149,0.1303372965096515,-0.12805811636023148,-4.512160018746856,-4.472149271240028
-12.805811636023149,0.13404760838666235,-0.12805811636023148,-4.772711860848358,-4.7690616631244795
-12.805811636023149,0.13775792026367317,-0.12805811636023148,-5.040576742207567,-5.082297844155461
-12.805811636023149,0.14146823214068402,-0.12805811636023148,-5.315754662824487,-5.411330398193851
-12.805811636023149,0.14517854401769487,-0.12805811636023148,-5.598245622699116,-5.755371540193853
-12.805811636023149,0.1488888558947057,-0.12805811636023148,-5.888049621831455,-6.113365136712494
-12.805811636023149,0.15259916777171653,-0.12805811636023148,-6.185166660221502,-6.48398802568895
-12.805811636023149,0.15630947964872738,-0.12805811636023148,-6.48959673786926,-6.865661737656774
-12.805811636023149,0.16001979152573823,-0.12805811636023148,-6.801339854774726,-7.256575090567132
-12.805811636023149,0.16373010340274907,-0.12805811636023148,-7.120396010937903,-7.654717372286246
-12.805811636023149,0.1674404152797599,-0.12805811636023148,-7.446765206358786,-8.057921016581313
-12.805811636023149,0.17115072715677074,-0.12805811636023148,-7.780447441037381,-8.463911915703354
-12.805811636023149,0.17486103903378158,-0.12805811636023148,-8.121442714973687,-8.870364893081451
-12.805811636023149,0.17857135091079243,-0.12805811636023148,-8.4697510281677,-9.274961464588554
-12.805811636023149,0.18228166278780325,-0.12805811636023148,-8.825372380619422,-9.67544689581016
-12.805811636023149,0.1859919746648141,-0.12805811636023148,-9.188306772328854,-10.069683723944202
-12.805811636023149,0.18970228654182494,-0.12805811636023148,-9.558554203295996,-10.45569932291044
-12.805811636023149,0.1934125984188358,-0.12805811636023148,-9.93611467352085,-10.83172568231825
-12.805811636023149,0.1971229102958466,-0.12805811636023148,-10.320988183003406,-11.196230260092541
-12.805811636023149,0.20083322217285746,-0.12805811636023148,-10.713174731743676,-11.547937468161852
-12.805811636023149,0.2045435340498683,-0.12805811636023148,-11.112674319741656,-11.885840987049402
-12.805811636023149,0.20825384592687915,-0.12805811636023148,-11.519486946997345,-12.209207627230061
-12.805811636023149,0.21196415780388997,-0.12805811636023148,-11.933612613510741,-12.517573836914117
-12.805811636023149,0.21567446968090082,-0.12805811636023148,-12.35505131928185,-12.810736194722903
-12.805811636023149,0.21938478155791166,-0.12805811636023148,-12.783803064310668,-13.088737335901705
-12.805811636023149,0.2230950934349225,-0.12805811636023148,-13.219867848597193,-13.351848766711669
-12.805811636023149,0.22680540531193333,-0.12805811636023148,-13.663245672141425,-13.600551951540432
-12.805811636023149,0.23051571718894417,-0.12805811636023148,-14.113936534943372,-13.835518938123592
-12.805811636023149,0.23422602906595502,-0.12805811636023148,-14.571940437003027,-14.057593641398224
-12.805811636023149,0.23793634094296587,-0.12805811636023148,-15.03725737832039,-14.267774754512564
-12.805811636023149,0.2416466528199767,-0.12805811636023148,-15.509887358895462,-14.467201110402218
-12.805811636023149,0.24535696469698753,-0.12805811636023148,-15.989830378728245,-14.657140189235378
-12.805811636023149,0.24906727657399838,-0.12805811636023148,-16.477086437818738,-14.838980363003685
-12.805811636023149,0.2527775884510092,-0.12805811636023148,-16.971655536166942,-15.014227393306944
-12.805811636023149,0.25648790032802005,-0.12805811636023148,-17.473537673772846,-15.184505654732785
-12.805811636023149,0.2601982122050309,-0.12805811636023148,-17.982732850636474,-15.35156454508856
-12.805811636023149,0.26390852408204174,-0.12805811636023148,-18.499241066757797,-15.51729056382157
-12.805811636023149,0.26761883595905256,-0.12805811636023148,-19.02306232213683,-15.683725586874742
-12.805811636023149,0.27132914783606343,-0.12805811636023148,-19.554196616773584,-15.853091930737305
-12.805811636023149,0.27503945971307425,-0.12805811636023148,-20.09264395066804,-16.027824863508883
-12.805811636023149,0.27874977159008507,-0.12805811636023148,-20.638404323820204,-16.210613256674023
-12.805811636023149,0.28246008346709595,-0.12805811636023148,-21.191477736230087,-16.4044490280336
-12.805811636023149,0.28617039534410676,-0.12805811636023148,-21.751864187897667,-16.612685822527087
-12.805811636023149,0.28988070722111764,-0.12805811636023148,-22.319563678822966,-16.83910688530904
-12.805811636023149,0.29359101909812846,-0.12805811636023148,-22.89457620900597,-17.088001105942677
-12.805811636023149,0.2973013309751393,-0.12805811636023148,-23.47690177844668,-17.364244473208384
-12.805811636023149,0.30101164285215015,-0.12805811636023148,-24.06654038714511,-17.67338129911105
-12.805811636023149,0.30472195472916097,-0.12805811636023148,-24.663492035101235,-18.02169509472847
-11.417934784554115,0.011607316445304631,-0.11417934784554115,-0.035411822841841155,-0.992331324509732
-11.417934784554115,0.015317628322315471,-0.11417934784554115,-0.061669111061715215,-1.0137266146095545
-11.417934784554115,0.01902794019932631,-0.11417934784554115,-0.09516301418877793,-1.0369371067173154
-11.417934784554115,0.02273825207633715,-0.11417934784554115,-0.1358935322230293,-1.0621323640057434
-11.417934784554115,0.02644856395334799,-0.11417934784554115,-0.1838606651644694,-1.0894980400706107
-11.417934784554115,0.03015887583035883,-0.11417934784554115,-0.2390644130130981,-1.1192373267038733
-11.417934784554115,0.03386918770736967,-0.11417934784554115,-0.30150477576891554,-1.1515724959271512
-11.417934784554115,0.03757949958438051,-0.11417934784554115,-0.3711817534319216,-1.1867465316856016
-11.417934784554115,0.04128981146139135,-0.11417934784554115,-0.44809534600211637,-1.2250248427360706
-11.417934784554115,0.04500012333840219,-0.11417934784554115,-0.5322455534794998,-1.2666970433020124
-11.417934784554115,0.04871043521541303,-0.11417934784554115,-0.6236323758640718,-1.3120787817922128
-11.417934784554115,0.05242074709242387,-0.11417934784554115,-0.7222558131558325,-1.361513590048704
-11.417934784554115,0.05613105896943471,-0.11417934784554115,-0.828115865354782,-1.4153747159416485
-11.417934784554115,0.05984137084644555,-0.11417934784554115,-0.94121253246092,-1.4740668903993726
-11.417934784554115,0.06355168272345639,-0.11417934784554115,-1.0615458144742467,-1.5380279658965161
-11.417934784554115,0.06726199460046722,-0.11417934784554115,-1.189115711394762,-1.6077303468076796
-11.417934784554115,0.07097230647747807,-0.11417934784554115,-1.323922223222466,-1.6836821127340946
-11.417934784554115,0.0746826183544889,-0.11417934784554115,-1.4659653499573586,-1.7664277139282731
-11.417934784554115,0.07839293023149975,-0.11417934784554115,-1.61524509159944,-1.8565480934890894
-11.417934784554115,0.08210324210851058,-0.11417934784554115,-1.77176144814871,-1.9546600645963044
-11.417934784554115,0.08581355398552143,-0.11417934784554115,-1.935514419605169,-2.0614147436435437
-11.417934784554115,0.08952386586253226,-0.11417934784554115,-2.1065040059688163,-2.177494813217031
-11.417934784554115,0.09323417773954311,-0.11417934784554115,-2.2847302072396523,-2.303610364669354
-11.417934784554115,0.09694448961655394,-0.11417934784554115,-2.470193023417677,-2.44049305162122
-11.417934784554115,0.10065480149356479,-0.11417934784554115,-2.6628924545028902,-2.5888882771231794
-11.417934784554115,0.10436511337057562,-0.11417934784554115,-2.8628285004952922,-2.749545143461476
-11.417934784554115,0.10807542524758647,-0.11417934784554115,-3.0700011613948837,-2.9232039206532128
-11.417934784554115,0.1117857371245973,-0.11417934784554115,-3.2844104372016623,-3.1105808441315754
-11.417934784554115,0.11549604900160815,-0.11417934784554115,-3.5060563279156307,-3.3123501406323026
-11.417934784554115,0.11920636087861898,-0.11417934784554115,-3.7349388335367872,-3.529123309689075
-11.417934784554115,0.12291667275562983,-0.11417934784554115,-3.971057954065133,-3.7614258601544623
-11.417934784554115,0.12662698463264066,-0.11417934784554115,-4.214413689500667,-4.009671916777555
-11.417934784554115,0.1303372965096515,-0.11417934784554115,-4.46500603984339,-4.27413736551407
-11.417934784554115,0.13404760838666235,-0.11417934784554115,-4.722835005093302,-4.554932485009064
-11.417934784554115,0.13775792026367317,-0.11417934784554115,-4.9879005852504,-4.851975294083029
-11.417934784554115,0.14146823214068402,-0.11417934784554115,-5.26020278031469,-5.164967100825664
-11.417934784554115,0.14517854401769487,-0.11417934784554115,-5.539741590286167,-5.493371930602233
-11.417934784554115,0.1488888558947057,-0.11417934784554115,-5.826517015164834,-5.836401596928201
-11.417934784554115,0.15259916777171653,-0.11417934784554115,-6.120529054950687,-6.193008122226333
-11.417934784554115,0.15630947964872738,-0.11417934784554115,-6.421777709643731,-6.561884986528096
-11.417934784554115,0.16001979152573823,-0.11417934784554115,-6.730262979243964,-6.941478271094979
-11.417934784554115,0.16373010340274907,-0.11417934784554115,-7.045984863751385,-7.3300081856315416
-11.417934784554115,0.1674404152797599,-0.11417934784554115,-7.368943363165992,-7.7255007653141305
-11.417934784554115,0.17115072715677074,-0.11417934784554115,-7.69913847748779,-8.125828766197131
-11.417934784554115,0.17486103903378158,-0.11417934784554115,-8.036570206716778,-8.5287600610366
-11.417934784554115,0.17857135091079243,-0.11417934784554115,-8.381238550852954,-8.932011232402155
-11.417934784554115,0.18228166278780325,-0.11417934784554115,-8.733143509896317,-9.333303654166246
-11.417934784554115,0.1859919746648141,-0.11417934784554115,-9.09228508384687,-9.730419197241218
-11.417934784554115,0.18970228654182494,-0.11417934784554115,-9.458663272704612,-10.12125280552722
-11.417934784554115,0.1934125984188358,-0.11417934784554115,-9.832278076469542,-10.503859539836043
-11.417934784554115,0.1971229102958466,-0.11417934784554115,-10.21312949514166,-10.876494225192237
-11.417934784554115,0.20083322217285746,-0.11417934784554115,-10.601217528720966,-11.23764248443124
-11.417934784554115,0.2045435340498683,-0.11417934784554115,-10.996542177207463,-11.586042617278675
-11.417934784554115,0.20825384592687915,-0.11417934784554115,-11.399103440601149,-11.920698416586783
-11.417934784554115,0.21196415780388997,-0.11417934784554115,-11.80890131890202,-12.240883548006689
-11.417934784554115,0.21567446968090082,-0.11417934784554115,-12.225935812110084,-12.546138524777762
-11.417934784554115,0.21938478155791166,-0.11417934784554115,-12.650206920225335,-12.836261576315389
-11.417934784554115,0.2230950934349225,-0.11417934784554115,-13.081714643247773,-13.11129484645692
-11.417934784554115,0.22680540531193333,-0.11417934784554115,-13.520458981177399,-13.371507384908282
-11.417934784554115,0.23051571718894417,-0.11417934784554115,-13.966439934014216,-13.617376339678463
-11.417934784554115,0.23422602906595502,-0.11417934784554115,-14.419657501758223,-13.849567646028213
-11.417934784554115,0.23793634094296587,-0.11417934784554115,-14.88011168440942,-14.068917363283068
-11.417934784554115,0.2416466528199767,-0.11417934784554115,-15.347802481967799,-14.27641465536211
-11.417934784554115,0.24535696469698753,-0.11417934784554115,-15.82272989443337,-14.473187260193619
-11.417934784554115,0.24906727657399838,-0.11417934784554115,-16.304893921806134,-14.66049015929285
-11.417934784554115,0.2527775884510092,-0.11417934784554115,-16.794294564086083,-14.839698050064442
-11.417934784554115,0.25648790032802005,-0.11417934784554115,-17.290931821273215,-15.012302145334498
-11.417934784554115,0.2601982122050309,-0.11417934784554115,-17.79480569336755,-15.17991178023944
-11.417934784554115,0.26390852408204174,-0.11417934784554115,-18.30591618036906,-15.34426129666689
-11.417934784554115,0.26761883595905256,-0.11417934784554115,-18.82426328227776,-15.507222698234315
-11.417934784554115,0.27132914783606343,-0.11417934784554115,-19.349846999093657,-15.670824619255933
-11.417934784554115,0.27503945971307425,-0.11417934784554115,-19.882667330816737,-15.837278219191084
-11.417934784554115,0.27874977159008507,-0.11417934784554115,-20.422724277447,-16.009010681485403
-11.417934784554115,0.28246008346709595,-0.11417934784554115,-20.970017838984464,-16.188707031171756
-11.417934784554115,0.28617039534410676,-0.11417934784554115,-21.524548015429108,-16.379360936787887
-11.417934784554115,0.28988070722111764,-0.11417934784554115,-22.086314806780948,-16.584334944244535
-11.417934784554115,0.29359101909812846,-0.11417934784554115,-22.65531821303997,-16.807430069874368
-11.417934784554115,0.2973013309751393,-0.11417934784554115,-23.23155823420618,-17.052963655225312
-11.417934784554115,0.30101164285215015,-0.11417934784554115,-23.815034870279586,-17.32585256689699
-11.417934784554115,0.30472195472916097,-0.11417934784554115,-24.40574812126017,-17.631695822204527
-10.03005793308508,0.011607316445304631,-0.1003005793308508,-0.03503784611430328,-0.9937644356291018
-10.03005793308508,0.015317628322315471,-0.1003005793308508,-0.0610178366992506,-1.0145519149413924
-10.03005793308508,0.01902794019932631,-0.1003005793308508,-0.09415801784086586,-1.0370576494035513
-10.03005793308508,0.02273825207633715,-0.1003005793308508,-0.13445838953914907,-1.0614385391704513
-10.03005793308508,0.02644856395334799,-0.1003005793308508,-0.18191895179410028,-1.0878661290453135
-10.03005793308508,0.03015887583035883,-0.1003005793308508,-0.2365397046057194,-1.1165279175663927
-10.03005793308508,0.03386918770736967,-0.1003005793308508,-0.29832064797400654,-1.1476287542253294
-10.03005793308508,0.03757949958438051,-0.1003005793308508,-0.3672617818989616,-1.1813923222082465
-10.03005793308508,0.04128981146139135,-0.1003005793308508,-0.4433631063805846,-1.218062701051971
-10.03005793308508,0.04500012333840219,-0.1003005793308508,-0.5266246214188756,-1.2579059997374191
-10.03005793308508,0.04871043521541303,-0.1003005793308508,-0.6170463270138346,-1.3012120458208818
-10.03005793308508,0.05242074709242387,-0.1003005793308508,-0.7146282231654614,-1.3482961100297413
-10.03005793308508,0.05613105896943471,-0.1003005793308508,-0.8193703098737561,-1.3995006381008794
-10.03005793308508,0.05984137084644555,-0.1003005793308508,-0.931272587138719,-1.4551969522839698
-10.03005793308508,0.06355168272345639,-0.1003005793308508,-1.0503350549603496,-1.5157868736318605
-10.03005793308508,0.06726199460046722,-0.1003005793308508,-1.176557713338648,-1.5817042027371992
-10.03005793308508,0.07097230647747807,-0.1003005793308508,-1.3099405622736149,-1.6534159807710993
-10.03005793308508,0.0746826183544889,-0.1003005793308508,-1.4504836017652494,-1.7314234344406563
-10.03005793308508,0.07839293023149975,-0.1003005793308508,-1.598186831813552,-1.8162624878448588
-10.03005793308508,0.08210324210851058,-0.1003005793308508,-1.7530502524185223,-1.908503701412946
-10.03005793308508,0.08581355398552143,-0.1003005793308508,-1.915073863580161,-2.00875147368602
-10.03005793308508,0.08952386586253226,-0.1003005793308508,-2.0842576652984675,-2.117642316578576
-10.03005793308508,0.09323417773954311,-0.1003005793308508,-2.260601657573442,-2.2358419903778013
-10.03005793308508,0.09694448961655394,-0.1003005793308508,-2.4441058404050837,-2.3640412632017735
-10.03005793308508,0.10065480149356479,-0.1003005793308508,-2.634770213793394,-2.5029500438136547
-10.03005793308508,0.10436511337057562,-0.1003005793308508,-2.832594777738372,-2.6532896303172304
-10.03005793308508,0.10807542524758647,-0.1003005793308508,-3.0375795322400188,-2.8157828249729646
-10.03005793308508,0.1117857371245973,-0.1003005793308508,-3.2497244772983325,-2.991141692611717
-10.03005793308508,0.11549604900160815,-0.1003005793308508,-3.4690296129133147,-3.180052792860227
-10.03005793308508,0.11920636087861898,-0.1003005793308508,-3.695494939084965,-3.383159800630864
-10.03005793308508,0.12291667275562983,-0.1003005793308508,-3.929120455813283,-3.6010435502844738
-10.03005793308508,0.12662698463264066,-0.1003005793308508,-4.169906163098269,-3.8341996998357053
-10.03005793308508,0.1303372965096515,-0.1003005793308508,-4.417852060939922,-4.083014412442518
-10.03005793308508,0.13404760838666235,-0.1003005793308508,-4.672958149338245,-4.3477386881003
-10.03005793308508,0.13775792026367317,-0.1003005793308508,-4.935224428293234,-4.628462237256546
-10.03005793308508,0.14146823214068402,-0.1003005793308508,-5.204650897804892,-4.925088050569946
-10.03005793308508,0.14517854401769487,-0.1003005793308508,-5.481237557873218,-5.237309057952006
-10.03005793308508,0.1488888558947057,-0.1003005793308508,-5.764984408498212,-5.5645884514258706
-10.03005793308508,0.15259916777171653,-0.1003005793308508,-6.055891449679872,-5.906145332854035
-10.03005793308508,0.15630947964872738,-0.1003005793308508,-6.353958681418202,-6.260947303604786
-10.03005793308508,0.16001979152573823,-0.1003005793308508,-6.659186103713201,-6.62771141165563
-10.03005793308508,0.16373010340274907,-0.1003005793308508,-6.971573716564866,-7.004914501249811
-10.03005793308508,0.1674404152797599,-0.1003005793308508,-7.291121519973197,-7.390813481957734
-10.03005793308508,0.17115072715677074,-0.1003005793308508,-7.6178295139382,-7.783475384228719
-10.03005793308508,0.17486103903378158,-0.1003005793308508,-7.951697698459871,-8.180816357733729
-10.03005793308508,0.17857135091079243,-0.1003005793308508,-8.292726073538207,-8.580648074825278
-10.03005793308508,0.18228166278780325,-0.1003005793308508,-8.640914639173213,-8.980729407866194
-10.03005793308508,0.1859919746648141,-0.1003005793308508,-8.996263395364885,-9.378820831110609
-10.03005793308508,0.18970228654182494,-0.1003005793308508,-9.358772342113227,-9.772738808155871
-10.03005793308508,0.1934125984188358,-0.1003005793308508,-9.728441479418237,-10.160407485649031
-10.03005793308508,0.1971229102958466,-0.1003005793308508,-10.105270807279911,-10.539905308546338
-10.03005793308508,0.20083322217285746,-0.1003005793308508,-10.489260325698256,-10.909504655995562
-10.03005793308508,0.2045435340498683,-0.1003005793308508,-10.88041003467327,-11.26770320249943
-10.03005793308508,0.20825384592687915,-0.1003005793308508,-11.278719934204952,-11.613246360652099
-10.03005793308508,0.21196415780388997,-0.1003005793308508,-11.684190024293299,-11.945140788240327
-10.03005793308508,0.21567446968090082,-0.1003005793308508,-12.096820304938317,-12.262659487383647
-10.03005793308508,0.21938478155791166,-0.1003005793308508,-12.516610776140004,-12.565339450423995
-10.03005793308508,0.2230950934349225,-0.1003005793308508,-12.943561437898355,-12.85297310133032
-10.03005793308508,0.22680540531193333,-0.1003005793308508,-13.377672290213374,-13.125594945525995
-10.03005793308508,0.23051571718894417,-0.1003005793308508,-13.818943333085063,-13.383464891515153
-10.03005793308508,0.23422602906595502,-0.1003005793308508,-14.267374566513421,-13.627049668292553
-10.03005793308508,0.23793634094296587,-0.1003005793308508,-14.722965990498446,-13.85700365972688
-10.03005793308508,0.2416466528199767,-0.1003005793308508,-15.185717605040136,-14.07415033635315
-10.03005793308508,0.24535696469698753,-0.1003005793308508,-15.655629410138497,-14.279465308510805
-10.03005793308508,0.24906727657399838,-0.1003005793308508,-16.132701405793526,-14.474061870512354
-10.03005793308508,0.2527775884510092,-0.1003005793308508,-16.616933592005225,-14.659179767175662
-10.03005793308508,0.25648790032802005,-0.1003005793308508,-17.108325968773585,-14.836177801286851
-10.03005793308508,0.2601982122050309,-0.1003005793308508,-17.606878536098623,-15.006530819669837
-10.03005793308508,0.26390852408204174,-0.1003005793308508,-18.11259129398032,-15.171831569915746
-10.03005793308508,0.26761883595905256,-0.1003005793308508,-18.625464242418683,-15.33379791025001
-10.03005793308508,0.27132914783606343,-0.1003005793308508,-19.145497381413726,-15.494285879500415
-10.03005793308508,0.27503945971307425,-0.1003005793308508,-19.67269071096543,-15.655309187159464
-10.03005793308508,0.27874977159008507,-0.1003005793308508,-20.207044231073798,-15.819065754345495
-10.03005793308508,0.28246008346709595,-0.1003005793308508,-20.74855794173884,-15.987972005930159
-10.03005793308508,0.28617039534410676,-0.1003005793308508,-21.297231842960546,-16.164705649554048
-10.03005793308508,0.28988070722111764,-0.1003005793308508,-21.85306593473893,-16.35225762442155
-10.03005793308508,0.29359101909812846,-0.1003005793308508,-22.416060217073966,-16.55399367384358
-10.03005793308508,0.2973013309751393,-0.1003005793308508,-22.986214689965678,-16.773725452716857
-10.03005793308508,0.30101164285215015,-0.1003005793308508,-23.563529353414065,-17.015790016435023
-10.03005793308508,0.30472195472916097,-0.1003005793308508,-24.148004207419106,-17.285134652455355
-8.642181081616046,0.011607316445304631,-0.08642181081616046,-0.0346638693867654,-0.9948630594233783
-8.642181081616046,0.015317628322315471,-0.08642181081616046,-0.06036656233678598,-1.0150410020266287
-8.642181081616046,0.01902794019932631,-0.08642181081616046,-0.09315302149295379,-1.036843877604197
-8.642181081616046,0.02273825207633715,-0.08642181081616046,-0.13302324685526884,-1.0604167587782496
-8.642181081616046,0.02644856395334799,-0.08642181081616046,-0.17997723842373115,-1.0859180373891495
-8.642181081616046,0.03015887583035883,-0.08642181081616046,-0.2340149961983407,-1.1135206067802659
-8.642181081616046,0.03386918770736967,-0.08642181081616046,-0.29513652017909753,-1.1434131259547184
-8.642181081616046,0.03757949958438051,-0.08642181081616046,-0.36334181036600155,-1.1758013644884078
-8.642181081616046,0.04128981146139135,-0.08642181081616046,-0.43863086675905283,-1.2109096247752542
-8.642181081616046,0.04500012333840219,-0.08642181081616046,-0.5210036893582514,-1.2489822351820292
-8.642181081616046,0.04871043521541303,-0.08642181081616046,-0.6104602781635972,-1.2902851038553385
-8.642181081616046,0.05242074709242387,-0.08642181081616046,-0.7070006331750902,-1.335107318086131
-8.642181081616046,0.05613105896943471,-0.08642181081616046,-0.8106247543927304,-1.3837627681121512
-8.642181081616046,0.05984137084644555,-0.08642181081616046,-0.9213326418165179,-1.4365917668251371
-8.642181081616046,0.06355168272345639,-0.08642181081616046,-1.0391242954464526,-1.4939626278367504
-8.642181081616046,0.06726199460046722,-0.08642181081616046,-1.1639997152825343,-1.5562731535369192
-8.642181081616046,0.07097230647747807,-0.08642181081616046,-1.2959589013247637,-1.6239519719605795
-8.642181081616046,0.0746826183544889,-0.08642181081616046,-1.43500185357314,-1.6974596463188898
-8.642181081616046,0.07839293023149975,-0.08642181081616046,-1.5811285720276638,-1.7772894638829864
-8.642181081616046,0.08210324210851058,-0.08642181081616046,-1.7343390566883345,-1.8639677915963886
-8.642181081616046,0.08581355398552143,-0.08642181081616046,-1.894633307555153,-1.95805386459051
-8.642181081616046,0.08952386586253226,-0.08642181081616046,-2.062011324628118,-2.0601388512141323
-8.642181081616046,0.09323417773954311,-0.08642181081616046,-2.236473107907231,-2.1708440151558883
-8.642181081616046,0.09694448961655394,-0.08642181081616046,-2.4180186573924907,-2.29081777311123
-8.642181081616046,0.10065480149356479,-0.08642181081616046,-2.606647973083898,-2.4207314271856113
-8.642181081616046,0.10436511337057562,-0.08642181081616046,-2.802361054981452,-2.561273337500368
-8.642181081616046,0.10807542524758647,-0.08642181081616046,-3.0051579030851543,-2.7131412957226213
-8.642181081616046,0.1117857371245973,-0.08642181081616046,-3.2150385173950027,-2.8770328687213853
-8.642181081616046,0.11549604900160815,-0.08642181081616046,-3.432002897910999,-3.053633508215913
-8.642181081616046,0.11920636087861898,-0.08642181081616046,-3.6560510446331422,-3.2436022725538365
-8.642181081616046,0.12291667275562983,-0.08642181081616046,-3.887182957561433,-3.4475550860697233
-8.642181081616046,0.12662698463264066,-0.08642181081616046,-4.125398636695871,-3.666045574542612
-8.642181081616046,0.1303372965096515,-0.08642181081616046,-4.370698082036456,-3.899543665072437
-8.642181081616046,0.13404760838666235,-0.08642181081616046,-4.623081293583189,-4.14841232518005
-8.642181081616046,0.13775792026367317,-0.08642181081616046,-4.882548271336067,-4.412883034574049
-8.642181081616046,0.14146823214068402,-0.08642181081616046,-5.149099015295095,-4.693030823392887
-8.642181081616046,0.14517854401769487,-0.08642181081616046,-5.422733525460268,-4.988749955460108
-8.642181081616046,0.1488888558947057,-0.08642181081616046,-5.70345180183159,-5.299731559646498
-8.642181081616046,0.15259916777171653,-0.08642181081616046,-5.991253844409058,-5.6254446861356255
-8.642181081616046,0.15630947964872738,-0.08642181081616046,-6.286139653192674,-5.96512235311029
-8.642181081616046,0.16001979152573823,-0.08642181081616046,-6.588109228182438,-6.317754120015584
-8.642181081616046,0.16373010340274907,-0.08642181081616046,-6.897162569378348,-6.682086550013423
-8.642181081616046,0.1674404152797599,-0.08642181081616046,-7.213299676780403,-7.056632594045357
-8.642181081616046,0.17115072715677074,-0.08642181081616046,-7.536520550388609,-7.4396904491044324
-8.642181081616046,0.17486103903378158,-0.08642181081616046,-7.866825190202962,-7.82937184392299
-8.642181081616046,0.17857135091079243,-0.08642181081616046,-8.204213596223461,-8.223639038905015
-8.642181081616046,0.18228166278780325,-0.08642181081616046,-8.548685768450106,-8.620349163654124
-8.642181081616046,0.1859919746648141,-0.08642181081616046,-8.9002417068829,-9.017303932288613
-8.642181081616046,0.18970228654182494,-0.08642181081616046,-9.258881411521843,-9.412302346208609
-8.642181081616046,0.1934125984188358,-0.08642181081616046,-9.624604882366931,-9.803193770499771
-8.642181081616046,0.1971229102958466,-0.08642181081616046,-9.997412119418165,-10.187928780316824
-8.642181081616046,0.20083322217285746,-0.08642181081616046,-10.377303122675547,-10.564605411614792
-8.642181081616046,0.2045435340498683,-0.08642181081616046,-10.764277892139077,-10.931508880253418
-8.642181081616046,0.20825384592687915,-0.08642181081616046,-11.158336427808756,-11.287143395826487
-8.642181081616046,0.21196415780388997,-0.08642181081616046,-11.559478729684578,-11.63025532127471
-8.642181081616046,0.21567446968090082,-0.08642181081616046,-11.967704797766551,-11.959847547024253
-8.642181081616046,0.21938478155791166,-0.08642181081616046,-12.383014632054671,-12.275185500805305
-8.642181081616046,0.2230950934349225,-0.08642181081616046,-12.805408232548936,-12.575795660894787
-8.642181081616046,0.22680540531193333,-0.08642181081616046,-13.234885599249347,-12.861457760650978
-8.642181081616046,0.23051571718894417,-0.08642181081616046,-13.671446732155909,-13.132192063594614
-8.642181081616046,0.23422602906595502,-0.08642181081616046,-14.115091631268617,-13.388243162990523
-8.642181081616046,0.23793634094296587,-0.08642181081616046,-14.565820296587473,-13.630061739169607
-8.642181081616046,0.2416466528199767,-0.08642181081616046,-15.023632728112473,-13.858285617264253
-8.642181081616046,0.24535696469698753,-0.08642181081616046,-15.488528925843625,-14.073721333485935
-8.642181081616046,0.24906727657399838,-0.08642181081616046,-15.960508889780922,-14.277327263027257
-8.642181081616046,0.2527775884510092,-0.08642181081616046,-16.43957261992437,-14.470199206724548
-8.642181081616046,0.25648790032802005,-0.08642181081616046,-16.925720116273954,-14.653559191991064
-8.642181081616046,0.2601982122050309,-0.08642181081616046,-17.4189513788297,-14.828748127199734
-8.642181081616046,0.26390852408204174,-0.08642181081616046,-17.919266407591582,-14.997222864846973
-8.642181081616046,0.26761883595905256,-0.08642181081616046,-18.42666520255961,-15.16055818137199
-8.642181081616046,0.27132914783606343,-0.08642181081616046,-18.941147763733795,-15.32045417139506
-8.642181081616046,0.27503945971307425,-0.08642181081616046,-19.462714091114123,-15.478749579303642
-8.642181081616046,0.27874977159008507,-0.08642181081616046,-19.991364184700593,-15.637441645750393
-8.642181081616046,0.28246008346709595,-0.08642181081616046,-20.527098044493222,-15.798713119487118
-8.642181081616046,0.28617039534410676,-0.08642181081616046,-21.069915670491987,-15.964967156208715
-8.642181081616046,0.28988070722111764,-0.08642181081616046,-21.619817062696907,-16.1388708620111
-8.642181081616046,0.29359101909812846,-0.08642181081616046,-22.176802221107966,-16.323408183822977
-8.642181081616046,0.2973013309751393,-0.08642181081616046,-22.740871145725176,-16.52194261254009
-8.642181081616046,0.30101164285215015,-0.08642181081616046,-23.31202383654854,-16.73828960519429
-8.642181081616046,0.30472195472916097,-0.08642181081616046,-23.89026029357804,-16.97679753704819
-7.254304230147012,0.011607316445304631,-0.07254304230147011,-0.03428989265922752,-0.9956484975709707
-7.254304230147012,0.015317628322315471,-0.07254304230147011,-0.05971528797432136,-1.015218115476789
-7.254304230147012,0.01902794019932631,-0.07254304230147011,-0.09214802514504171,-1.0363231702748021
-7.254304230147012,0.02273825207633715,-0.07254304230147011,-0.13158810417138858,-1.0590977200537997
-7.254304230147012,0.02644856395334799,-0.07254304230147011,-0.178035525053362,-1.08368793027
-7.254304230147012,0.03015887583035883,-0.07254304230147011,-0.23149028779096195,-1.1102531404669675
-7.254304230147012,0.03386918770736967,-0.07254304230147011,-0.2919523923841885,-1.1389670066288047
-7.254304230147012,0.03757949958438051,-0.07254304230147011,-0.3594218388330415,-1.1700187191460887
-7.254304230147012,0.04128981146139135,-0.07254304230147011,-0.43389862713752103,-1.203614294611023
-7.254304230147012,0.04500012333840219,-0.07254304230147011,-0.5153827572976271,-1.2399779373511879
-7.254304230147012,0.04871043521541303,-0.07254304230147011,-0.6038742293133598,-1.279353463642186
-7.254304230147012,0.05242074709242387,-0.07254304230147011,-0.6993730431847188,-1.3220057777726506
-7.254304230147012,0.05613105896943471,-0.07254304230147011,-0.8018791989117046,-1.3682223844173649
-7.254304230147012,0.05984137084644555,-0.07254304230147011,-0.9113926964943166,-1.4183149159361932
-7.254304230147012,0.06355168272345639,-0.07254304230147011,-1.0279135359325555,-1.4726206460754288
-7.254304230147012,0.06726199460046722,-0.07254304230147011,-1.1514417172264204,-1.5315039529156529
-7.254304230147012,0.07097230647747807,-0.07254304230147011,-1.2819772403759122,-1.5953576836018293
-7.254304230147012,0.0746826183544889,-0.07254304230147011,-1.4195201053810305,-1.6646043612430779
-7.254304230147012,0.07839293023149975,-0.07254304230147011,-1.5640703122417754,-1.7396971602628795
-7.254304230147012,0.08210324210851058,-0.07254304230147011,-1.7156278609581466,-1.8211205603730019
-7.254304230147012,0.08581355398552143,-0.07254304230147011,-1.8741927515301449,-1.9093905713171644
-7.254304230147012,0.08952386586253226,-0.07254304230147011,-2.039764983957769,-2.005054400843829
-7.254304230147012,0.09323417773954311,-0.07254304230147011,-2.21234455824102,-2.108689417533761
-7.254304230147012,0.09694448961655394,-0.07254304230147011,-2.3919314743798976,-2.2209012389784695
-7.254304230147012,0.10065480149356479,-0.07254304230147011,-2.5785257323744015,-2.342320755666871
-7.254304230147012,0.10436511337057562,-0.07254304230147011,-2.7721273322245317,-2.473599883615333
-7.254304230147012,0.10807542524758647,-0.07254304230147011,-2.9727362739302894,-2.6154058267293094
-7.254304230147012,0.1117857371245973,-0.07254304230147011,-3.1803525574916724,-2.7684136262752768
-7.254304230147012,0.11549604900160815,-0.07254304230147011,-3.3949761829086826,-2.933296783545938
-7.254304230147012,0.11920636087861898,-0.07254304230147011,-3.616607150181319,-3.110715767333738
-7.254304230147012,0.12291667275562983,-0.07254304230147011,-3.8452454593095826,-3.301304265117308
-7.254304230147012,0.12662698463264066,-0.07254304230147011,-4.080891110293472,-3.5056531108507993
-7.254304230147012,0.1303372965096515,-0.07254304230147011,-4.323544103132988,-3.724291927229172
-7.254304230147012,0.13404760838666235,-0.07254304230147011,-4.573204437828132,-3.957668659045667
-7.254304230147012,0.13775792026367317,-0.07254304230147011,-4.8298721143789,-4.206127346841331
-7.254304230147012,0.14146823214068402,-0.07254304230147011,-5.093547132785297,-4.469884692564645
-7.254304230147012,0.14517854401769487,-0.07254304230147011,-5.364229493047318,-4.749006192246458
-7.254304230147012,0.1488888558947057,-0.07254304230147011,-5.641919195164968,-5.043382839345757
-7.254304230147012,0.15259916777171653,-0.07254304230147011,-5.926616239138242,-5.352709614492705
-7.254304230147012,0.15630947964872738,-0.07254304230147011,-6.218320624967145,-5.676467145159473
-7.254304230147012,0.16001979152573823,-0.07254304230147011,-6.517032352651674,-6.013908011132996
-7.254304230147012,0.16373010340274907,-0.07254304230147011,-6.822751422191829,-6.364049157687816
-7.254304230147012,0.1674404152797599,-0.07254304230147011,-7.135477833587609,-6.725671732779528
-7.254304230147012,0.17115072715677074,-0.07254304230147011,-7.455211586839017,-7.097329373662591
-7.254304230147012,0.17486103903378158,-0.07254304230147011,-7.781952681946053,-7.4773655354327015
-7.254304230147012,0.17857135091079243,-0.07254304230147011,-8.115701118908714,-7.86393990320529
-7.254304230147012,0.18228166278780325,-0.07254304230147011,-8.456456897727001,-8.255063306155925
-7.254304230147012,0.1859919746648141,-0.07254304230147011,-8.804220018400914,-8.648639917852972
-7.254304230147012,0.18970228654182494,-0.07254304230147011,-9.158990480930456,-9.04251495468025
-7.254304230147012,0.1934125984188358,-0.07254304230147011,-9.520768285315624,-9.434525642125932
-7.254304230147012,0.1971229102958466,-0.07254304230147011,-9.889553431556417,-9.822552962832532
-7.254304230147012,0.20083322217285746,-0.07254304230147011,-10.265345919652836,-10.204571662220022
-7.254304230147012,0.2045435340498683,-0.07254304230147011,-10.648145749604884,-10.578696169419743
-7.254304230147012,0.20825384592687915,-0.07254304230147011,-11.037952921412558,-10.94322046608932
-7.254304230147012,0.21196415780388997,-0.07254304230147011,-11.434767435075855,-11.296650452736298
-7.254304230147012,0.21567446968090082,-0.07254304230147011,-11.838589290594783,-11.637727956940331
-7.254304230147012,0.21938478155791166,-0.07254304230147011,-12.249418487969338,-11.965446133269385
-7.254304230147012,0.2230950934349225,-0.07254304230147011,-12.667255027199516,-12.279056561416091
-7.254304230147012,0.22680540531193333,-0.07254304230147011,-13.092098908285319,-12.57806881288187
-7.254304230147012,0.23051571718894417,-0.07254304230147011,-13.523950131226753,-12.862243601665723
-7.254304230147012,0.23422602906595502,-0.07254304230147011,-13.962808696023814,-13.131580853373176
-7.254304230147012,0.23793634094296587,-0.07254304230147011,-14.4086746026765,-13.386304127654164
-7.254304230147012,0.2416466528199767,-0.07254304230147011,-14.86154785118481,-13.626842829276818
-7.254304230147012,0.24535696469698753,-0.07254304230147011,-15.321428441548749,-13.85381356766439
-7.254304230147012,0.24906727657399838,-0.07254304230147011,-15.788316373768314,-14.068001899225031
-7.254304230147012,0.2527775884510092,-0.07254304230147011,-16.262211647843507,-14.27034553567134
-7.254304230147012,0.25648790032802005,-0.07254304230147011,-16.743114263774324,-14.461919945736945
-7.254304230147012,0.2601982122050309,-0.07254304230147011,-17.231024221560773,-14.643927133941448
-7.254304230147012,0.26390852408204174,-0.07254304230147011,-17.72594152120284,-14.817688260608623
-7.254304230147012,0.26761883595905256,-0.07254304230147011,-18.227866162700533,-14.984640680391973
-7.254304230147012,0.27132914783606343,-0.07254304230147011,-18.736798146053864,-15.146339926671835
-7.254304230147012,0.27503945971307425,-0.07254304230147011,-19.252737471262815,-15.304467157658694
-7.254304230147012,0.27874977159008507,-0.07254304230147011,-19.77568413832739,-15.460842604888075
-7.254304230147012,0.28246008346709595,-0.07254304230147011,-20.305638147247596,-15.617445620096643
-7.254304230147012,0.28617039534410676,-0.07254304230147011,-20.84259949802342,-15.776441990683686
-7.254304230147012,0.28988070722111764,-0.07254304230147011,-21.386568190654884,-15.9402192667531
-7.254304230147012,0.29359101909812846,-0.07254304230147011,-21.937544225141966,-16.111430879616375
-7.254304230147012,0.2973013309751393,-0.07254304230147011,-22.495527601484675,-16.29304977556779
-7.254304230147012,0.30101164285215015,-0.07254304230147011,-23.060518319683016,-16.48843204765568
-7.254304230147012,0.30472195472916097,-0.07254304230147011,-23.632516379736973,-16.70139047786031
-5.866427378677978,0.011607316445304631,-0.058664273786779776,-0.03391591593168965,-0.9961423754751397
-5.866427378677978,0.015317628322315471,-0.058664273786779776,-0.05906401361185674,-1.015107590066719
-5.866427378677978,0.01902794019932631,-0.058664273786779776,-0.09114302879712964,-1.0355227077925
-5.866427378677978,0.02273825207633715,-0.058664273786779776,-0.13015296148750835,-1.057511556508202
-5.866427378677978,0.02644856395334799,-0.058664273786779776,-0.1760938116829929,-1.0812089660646556
-5.866427378677978,0.03015887583035883,-0.058664273786779776,-0.22896557938358325,-1.1067617300114119
-5.866427378677978,0.03386918770736967,-0.058664273786779776,-0.2887682645892795,-1.1343296368348494
-5.866427378677978,0.03757949958438051,-0.058664273786779776,-0.3555018673000815,-1.164086571490798
-5.866427378677978,0.04128981146139135,-0.058664273786779776,-0.4291663875159893,-1.1962216866569086
-5.866427378677978,0.04500012333840219,-0.058664273786779776,-0.5097618252370029,-1.230940641367678
-5.866427378677978,0.04871043521541303,-0.058664273786779776,-0.5972881804631224,-1.2684669024109625
-5.866427378677978,0.05242074709242387,-0.058664273786779776,-0.6917454531943477,-1.309043100948995
-5.866427378677978,0.05613105896943471,-0.058664273786779776,-0.7931336434306787,-1.352932433153947
-5.866427378677978,0.05984137084644555,-0.058664273786779776,-0.9014527511721157,-1.4004200890774543
-5.866427378677978,0.06355168272345639,-0.058664273786779776,-1.0167027764186585,-1.4518146883497374
-5.866427378677978,0.06726199460046722,-0.058664273786779776,-1.1388837191703065,-1.507449694462676
-5.866427378677978,0.07097230647747807,-0.058664273786779776,-1.267995579427061,-1.5676847711625865
-5.866427378677978,0.0746826183544889,-0.058664273786779776,-1.4040383571889212,-1.632907034699766
-5.866427378677978,0.07839293023149975,-0.058664273786779776,-1.5470120524558872,-1.7035321442117461
-5.866427378677978,0.08210324210851058,-0.058664273786779776,-1.6969166652279588,-1.780005159257322
-5.866427378677978,0.08581355398552143,-0.058664273786779776,-1.8537521955051368,-1.8628010784454494
-5.866427378677978,0.08952386586253226,-0.058664273786779776,-2.01751864328742,-1.9524249563075666
-5.866427378677978,0.09323417773954311,-0.058664273786779776,-2.188216008574809,-2.0494114773023644
-5.866427378677978,0.09694448961655394,-0.058664273786779776,-2.365844291367304,-2.1543238466084644
-5.866427378677978,0.10065480149356479,-0.058664273786779776,-2.550403491664905,-2.2677518379530572
-5.866427378677978,0.10436511337057562,-0.058664273786779776,-2.7418936094676116,-2.3903088203400094
-5.866427378677978,0.10807542524758647,-0.058664273786779776,-2.9403146447754245,-2.5226275698631015
-5.866427378677978,0.1117857371245973,-0.058664273786779776,-3.145666597588342,-2.6653546620757473
-5.866427378677978,0.11549604900160815,-0.058664273786779776,-3.357949467906367,-2.819143237525366
-5.866427378677978,0.11920636087861898,-0.058664273786779776,-3.577163255729497,-2.9846439415806025
-5.866427378677978,0.12291667275562983,-0.058664273786779776,-3.8033079610577327,-3.1624938636875304
-5.866427378677978,0.12662698463264066,-0.058664273786779776,-4.036383583891074,-3.3533033451710876
-5.866427378677978,0.1303372965096515,-0.058664273786779776,-4.276390124229521,-3.5576405931549044
-5.866427378677978,0.13404760838666235,-0.058664273786779776,-4.523327582073075,-3.776014135063284
-5.866427378677978,0.13775792026367317,-0.058664273786779776,-4.777195957421733,-4.008853276107224
-5.866427378677978,0.14146823214068402,-0.058664273786779776,-5.0379952502754985,-4.256486881397647
-5.866427378677978,0.14517854401769487,-0.058664273786779776,-5.30572546063437,-4.519120991608984
-5.866427378677978,0.1488888558947057,-0.058664273786779776,-5.580386588498346,-4.79681598848789
-5.866427378677978,0.15259916777171653,-0.058664273786779776,-5.861978633867428,-5.089464240413529
-5.866427378677978,0.15630947964872738,-0.058664273786779776,-6.150501596741616,-5.3967693591477595
-5.866427378677978,0.16001979152573823,-0.058664273786779776,-6.44595547712091,-5.718228361949556
-5.866427378677978,0.16373010340274907,-0.058664273786779776,-6.748340275005311,-6.053118129879598
-5.866427378677978,0.1674404152797599,-0.058664273786779776,-7.057655990394815,-6.400487554589681
-5.866427378677978,0.17115072715677074,-0.058664273786779776,-7.3739026232894265,-6.759156647647686
-5.866427378677978,0.17486103903378158,-0.058664273786779776,-7.6970801736891445,-7.127723633597052
-5.866427378677978,0.17857135091079243,-0.058664273786779776,-8.027188641593968,-7.504580660446054
-5.866427378677978,0.18228166278780325,-0.058664273786779776,-8.364228027003895,-7.887938257707246
-5.866427378677978,0.1859919746648141,-0.058664273786779776,-8.708198329918929,-8.275858090704972
-5.866427378677978,0.18970228654182494,-0.058664273786779776,-9.059099550339072,-8.666292955863321
-5.866427378677978,0.1934125984188358,-0.058664273786779776,-9.416931688264318,-9.057132400702898
-5.866427378677978,0.1971229102958466,-0.058664273786779776,-9.781694743694668,-9.446251900660473
-5.866427378677978,0.20083322217285746,-0.058664273786779776,-10.153388716630126,-9.831563238716953
-5.866427378677978,0.2045435340498683,-0.058664273786779776,-10.532013607070692,-10.21106364921087
-5.866427378677978,0.20825384592687915,-0.058664273786779776,-10.917569415016361,-10.582881413668964
-5.866427378677978,0.21196415780388997,-0.058664273786779776,-11.310056140467134,-10.94531591563141
-5.866427378677978,0.21567446968090082,-0.058664273786779776,-11.709473783423016,-11.2968706308664
-5.866427378677978,0.21938478155791166,-0.058664273786779776,-12.115822343884005,-11.636278090675656
-5.866427378677978,0.2230950934349225,-0.058664273786779776,-12.529101821850098,-11.962516445135513
-5.866427378677978,0.22680540531193333,-0.058664273786779776,-12.949312217321294,-12.274817810471264
-5.866427378677978,0.23051571718894417,-0.058664273786779776,-13.3764535302976,-12.572669063043332
-5.866427378677978,0.23422602906595502,-0.058664273786779776,-13.81052576077901,-12.855806111211983
-5.866427378677978,0.23793634094296587,-0.058664273786779776,-14.251528908765527,-13.124202923034169
-5.866427378677978,0.2416466528199767,-0.058664273786779776,-14.699462974257147,-13.378056715511725
-5.866427378677978,0.24535696469698753,-0.058664273786779776,-15.154327957253875,-13.617770735040096
-5.866427378677978,0.24906727657399838,-0.058664273786779776,-15.61612385775571,-13.84393600119482
-5.866427378677978,0.2527775884510092,-0.058664273786779776,-16.084850675762652,-14.05731327242496
-5.866427378677978,0.25648790032802005,-0.058664273786779776,-16.560508411274693,-14.258816347515541
-5.866427378677978,0.2601982122050309,-0.058664273786779776,-17.04309706429185,-14.449497662954013
-5.866427378677978,0.26390852408204174,-0.058664273786779776,-17.5326166348141,-14.630537001646227
-5.866427378677978,0.26761883595905256,-0.058664273786779776,-18.02906712284146,-14.803234006368097
-5.866427378677978,0.27132914783606343,-0.058664273786779776,-18.532448528373934,-14.969005101188229
-5.866427378677978,0.27503945971307425,-0.058664273786779776,-19.042760851411508,-15.129385371223528
-5.866427378677978,0.27874977159008507,-0.058664273786779776,-19.560004091954184,-15.286035937303355
-5.866427378677978,0.28246008346709595,-0.058664273786779776,-20.084178250001976,-15.440757385694338
-5.866427378677978,0.28617039534410676,-0.058664273786779776,-20.615283325554863,-15.595509868100068
-5.866427378677978,0.28988070722111764,-0.058664273786779776,-21.153319318612866,-15.752440562030175
-5.866427378677978,0.29359101909812846,-0.058664273786779776,-21.698286229175967,-15.913919255703274
-5.866427378677978,0.2973013309751393,-0.058664273786779776,-22.250184057244173,-16.08258285991968
-5.866427378677978,0.30101164285215015,-0.058664273786779776,-22.809012802817495,-16.261389593947193
-5.866427378677978,0.30472195472916097,-0.058664273786779776,-23.37477246589591,-16.453683350033234
-4.478550527208943,0.011607316445304631,-0.04478550527208944,-0.033541939204151765,-0.996366441828116
-4.478550527208943,0.015317628322315471,-0.04478550527208944,-0.05841273924939211,-1.0147336307470205
-4.478550527208943,0.01902794019932631,-0.04478550527208944,-0.09013803244921754,-1.0344692291937694
-4.478550527208943,0.02273825207633715,-0.04478550527208944,-0.1287178188036281,-1.0556875856606167
-4.478550527208943,0.02644856395334799,-0.04478550527208944,-0.17415209831262377,-1.0785130444897932
-4.478550527208943,0.03015887583035883,-0.04478550527208944,-0.22644087097620452,-1.1030808123985052
-4.478550527208943,0.03386918770736967,-0.04478550527208944,-0.28558413679437045,-1.1295378886682852
-4.478550527208943,0.03757949958438051,-0.04478550527208944,-0.3515818957671214,-1.1580440602944027
-4.478550527208943,0.04128981146139135,-0.04478550527208944,-0.4244341478944575,-1.1887729623898666
-4.478550527208943,0.04500012333840219,-0.04478550527208944,-0.5041408931763787,-1.2219132028029156
-4.478550527208943,0.04871043521541303,-0.04478550527208944,-0.590702131612885,-1.2576695481611813
-4.478550527208943,0.05242074709242387,-0.04478550527208944,-0.6841178632039764,-1.296264166312072
-4.478550527208943,0.05613105896943471,-0.04478550527208944,-0.7843880879496529,-1.337937917285339
-4.478550527208943,0.05984137084644555,-0.04478550527208944,-0.8915128058499144,-1.3829516813446716
-4.478550527208943,0.06355168272345639,-0.04478550527208944,-1.0054920169047612,-1.4315877082913886
-4.478550527208943,0.06726199460046722,-0.04478550527208944,-1.1263257211141926,-1.4841509667936696
-4.478550527208943,0.07097230647747807,-0.04478550527208944,-1.2540139184782098,-1.5409704659900534
-4.478550527208943,0.0746826183544889,-0.04478550527208944,-1.3885566089968115,-1.6024005138044357
-4.478550527208943,0.07839293023149975,-0.04478550527208944,-1.5299537926699989,-1.668821867167146
-4.478550527208943,0.08210324210851058,-0.04478550527208944,-1.6782054694977708,-1.7406427185406277
-4.478550527208943,0.08581355398552143,-0.04478550527208944,-1.8333116394801285,-1.818299450717633
-4.478550527208943,0.08952386586253226,-0.04478550527208944,-1.9952723026170707,-1.90225707778453
-4.478550527208943,0.09323417773954311,-0.04478550527208944,-2.164087458908598,-1.9930092745179948
-4.478550527208943,0.09694448961655394,-0.04478550527208944,-2.339757108354711,-2.091077879560511
-4.478550527208943,0.10065480149356479,-0.04478550527208944,-2.5222812509554084,-2.1970117399615976
-4.478550527208943,0.10436511337057562,-0.04478550527208944,-2.7116598867106916,-2.311384746822147
-4.478550527208943,0.10807542524758647,-0.04478550527208944,-2.9078930156205596,-2.4347928949429196
-4.478550527208943,0.1117857371245973,-0.04478550527208944,-3.110980637685012,-2.567850185100076
-4.478550527208943,0.11549604900160815,-0.04478550527208944,-3.3209227529040506,-2.711183177910126
-4.478550527208943,0.11920636087861898,-0.04478550527208944,-3.5377193612776736,-2.865424005833808
-4.478550527208943,0.12291667275562983,-0.04478550527208944,-3.7613704628058824,-3.0312016579119754
-4.478550527208943,0.12662698463264066,-0.04478550527208944,-3.9918760574886756,-3.2091313740562435
-4.478550527208943,0.1303372965096515,-0.04478550527208944,-4.2292361453260545,-3.3998020262140476
-4.478550527208943,0.13404760838666235,-0.04478550527208944,-4.473450726318019,-3.6037614266117832
-4.478550527208943,0.13775792026367317,-0.04478550527208944,-4.7245198004645665,-3.8214995922136366
-4.478550527208943,0.14146823214068402,-0.04478550527208944,-4.9824433677657005,-4.053430112023877
-4.478550527208943,0.14517854401769487,-0.04478550527208944,-5.247221428221419,-4.299869910359185
-4.478550527208943,0.1488888558947057,-0.04478550527208944,-5.518853981831724,-4.561017872086525
-4.478550527208943,0.15259916777171653,-0.04478550527208944,-5.797341028596612,-4.836932988270463
-4.478550527208943,0.15630947964872738,-0.04478550527208944,-6.082682568516087,-5.127512880885268
-4.478550527208943,0.16001979152573823,-0.04478550527208944,-6.374878601590146,-5.4324737559577
-4.478550527208943,0.16373010340274907,-0.04478550527208944,-6.673929127818791,-5.75133299337722
-4.478550527208943,0.1674404152797599,-0.04478550527208944,-6.979834147202019,-6.0833956826767945
-4.478550527208943,0.17115072715677074,-0.04478550527208944,-7.292593659739834,-6.427746430505023
-4.478550527208943,0.17486103903378158,-0.04478550527208944,-7.612207665432235,-6.7832476735148415
-4.478550527208943,0.17857135091079243,-0.04478550527208944,-7.93867616427922,-7.148545514117931
-4.478550527208943,0.18228166278780325,-0.04478550527208944,-8.27199915628079,-7.522083752896313
-4.478550527208943,0.1859919746648141,-0.04478550527208944,-8.612176641436944,-7.902126333935103
-4.478550527208943,0.18970228654182494,-0.04478550527208944,-8.959208619747686,-8.286787879675137
-4.478550527208943,0.1934125984188358,-0.04478550527208944,-9.313095091213013,-8.674071418435313
-4.478550527208943,0.1971229102958466,-0.04478550527208944,-9.67383605583292,-9.06191186030595
-4.478550527208943,0.20083322217285746,-0.04478550527208944,-10.041431513607415,-9.448223318589658
-4.478550527208943,0.2045435340498683,-0.04478550527208944,-10.415881464536497,-9.83094806044887
-4.478550527208943,0.20825384592687915,-0.04478550527208944,-10.797185908620165,-10.208104741551878
-4.478550527208943,0.21196415780388997,-0.04478550527208944,-11.185344845858413,-10.577833651468985
-4.478550527208943,0.21567446968090082,-0.04478550527208944,-11.58035827625125,-10.938436959291568
-4.478550527208943,0.21938478155791166,-0.04478550527208944,-11.98222619979867,-11.288412368255413
-4.478550527208943,0.2230950934349225,-0.04478550527208944,-12.390948616500676,-11.626479112210227
-4.478550527208943,0.22680540531193333,-0.04478550527208944,-12.806525526357266,-11.951595795254573
-4.478550527208943,0.23051571718894417,-0.04478550527208944,-13.228956929368444,-12.262970129649228
-4.478550527208943,0.23422602906595502,-0.04478550527208944,-13.658242825534206,-12.560061116652399
-4.478550527208943,0.23793634094296587,-0.04478550527208944,-14.094383214854552,-12.842574605574857
-4.478550527208943,0.2416466528199767,-0.04478550527208944,-14.537378097329482,-13.110453440562342
-4.478550527208943,0.24535696469698753,-0.04478550527208944,-14.987227472959,-13.363863560877672
-4.478550527208943,0.24906727657399838,-0.04478550527208944,-15.443931341743102,-13.603177470190046
-4.478550527208943,0.2527775884510092,-0.04478550527208944,-15.907489703681792,-13.828956453670692
-4.478550527208943,0.25648790032802005,-0.04478550527208944,-16.37790255877506,-14.041932822965974
-4.478550527208943,0.2601982122050309,-0.04478550527208944,-16.855169907022923,-14.242993333434065
-4.478550527208943,0.26390852408204174,-0.04478550527208944,-17.33929174842536,-14.433164768386122
-4.478550527208943,0.26761883595905256,-0.04478550527208944,-17.830268082982386,-14.613602540773678
-4.478550527208943,0.27132914783606343,-0.04478550527208944,-18.328098910694003,-14.785583038717958
-4.478550527208943,0.27503945971307425,-0.04478550527208944,-18.8327842315602,-14.95050034794466
-4.478550527208943,0.27874977159008507,-0.04478550527208944,-19.34432404558098,-15.10986792787712
-4.478550527208943,0.28246008346709595,-0.04478550527208944,-19.862718352756353,-15.265325801334367
-4.478550527208943,0.28617039534410676,-0.04478550527208944,-20.3879671530863,-15.418653839176182
-4.478550527208943,0.28988070722111764,-0.04478550527208944,-20.920070446570843,-15.571791775171231
-4.478550527208943,0.29359101909812846,-0.04478550527208944,-21.459028233209963,-15.72686666121654
-4.478550527208943,0.2973013309751393,-0.04478550527208944,-22.00484051300367,-15.88622854808287
-4.478550527208943,0.30101164285215015,-0.04478550527208944,-22.557507285951967,-16.052495216863836
-4.478550527208943,0.30472195472916097,-0.04478550527208944,-23.117028552054844,-16.22860673294737
-3.0906736757399096,0.011607316445304631,-0.030906736757399095,-0.03316796247661389,-0.996342366102283
-3.0906736757399096,0.015317628322315471,-0.030906736757399095,-0.057761464886927495,-1.0141200960853651
-3.0906736757399096,0.01902794019932631,-0.030906736757399095,-0.08913303610130548,-1.033188808638664
-3.0906736757399096,0.02273825207633715,-0.030906736757399095,-0.12728267611974786,-1.0536540869332667
-3.0906736757399096,0.02644856395334799,-0.030906736757399095,-0.17221038494225466,-1.0756305958244665
-3.0906736757399096,0.03015887583035883,-0.030906736757399095,-0.22391616256882582,-1.0992428623180177
-3.0906736757399096,0.03386918770736967,-0.030906736757399095,-0.28240000899946144,-1.124626114122314
-3.0906736757399096,0.03757949958438051,-0.030906736757399095,-0.34766192423416137,-1.1519271779299247
-3.0906736757399096,0.04128981146139135,-0.030906736757399095,-0.41970190827292575,-1.1813054383289083
-3.0906736757399096,0.04500012333840219,-0.030906736757399095,-0.4985199611157545,-1.2129338572405906
-3.0906736757399096,0.04871043521541303,-0.030906736757399095,-0.5841160827626476,-1.2470000524556841
-3.0906736757399096,0.05242074709242387,-0.030906736757399095,-0.6764902732136052,-1.2837074321243707
-3.0906736757399096,0.05613105896943471,-0.030906736757399095,-0.775642532468627,-1.3232763798665896
-3.0906736757399096,0.05984137084644555,-0.030906736757399095,-0.8815728605277133,-1.365945482411699
-3.0906736757399096,0.06355168272345639,-0.030906736757399095,-0.9942812573908641,-1.4119727882458828
-3.0906736757399096,0.06726199460046722,-0.030906736757399095,-1.113767723058079,-1.4616370815228494
-3.0906736757399096,0.07097230647747807,-0.030906736757399095,-1.2400322575293585,-1.5152391503497422
-3.0906736757399096,0.0746826183544889,-0.030906736757399095,-1.3730748608047023,-1.5731030223615057
-3.0906736757399096,0.07839293023149975,-0.030906736757399095,-1.5128955328841107,-1.6355771331066484
-3.0906736757399096,0.08210324210851058,-0.030906736757399095,-1.659494273767583,-1.7030353840579338
-3.0906736757399096,0.08581355398552143,-0.030906736757399095,-1.8128710834551205,-1.7758780369265366
-3.0906736757399096,0.08952386586253226,-0.030906736757399095,-1.9730259619467216,-1.8545323793307444
-3.0906736757399096,0.09323417773954311,-0.030906736757399095,-2.1399589092423876,-1.9394530837493353
-3.0906736757399096,0.09694448961655394,-0.030906736757399095,-2.3136699253421176,-2.0311221671723683
-3.0906736757399096,0.10065480149356479,-0.030906736757399095,-2.4941590102459124,-2.130048443187126
-3.0906736757399096,0.10436511337057562,-0.030906736757399095,-2.681426163953771,-2.236766341836169
-3.0906736757399096,0.10807542524758647,-0.030906736757399095,-2.875471386465695,-2.3518339561460553
-3.0906736757399096,0.1117857371245973,-0.030906736757399095,-3.076294677781682,-2.4758301587611675
-3.0906736757399096,0.11549604900160815,-0.030906736757399095,-3.283896037901735,-2.609350619037019
-3.0906736757399096,0.11920636087861898,-0.030906736757399095,-3.4982754668258513,-2.7530025421242117
-3.0906736757399096,0.12291667275562983,-0.030906736757399095,-3.7194329645540325,-2.907397949394205
-3.0906736757399096,0.12662698463264066,-0.030906736757399095,-3.9473685310862776,-3.0731453269305846
-3.0906736757399096,0.1303372965096515,-0.030906736757399095,-4.182082166422587,-3.2508394891193833
-3.0906736757399096,0.13404760838666235,-0.030906736757399095,-4.423573870562962,-3.4410495413334816
-3.0906736757399096,0.13775792026367317,-0.030906736757399095,-4.671843643507399,-3.6443048830941596
-3.0906736757399096,0.14146823214068402,-0.030906736757399095,-4.926891485255903,-3.8610792743114417
-3.0906736757399096,0.14517854401769487,-0.030906736757399095,-5.18871739580847,-4.091773094677185
-3.0906736757399096,0.1488888558947057,-0.030906736757399095,-5.457321375165102,-4.336694060660697
-3.0906736757399096,0.15259916777171653,-0.030906736757399095,-5.732703423325797,-4.596036823787296
-3.0906736757399096,0.15630947964872738,-0.030906736757399095,-6.014863540290558,-4.869862052254119
-3.0906736757399096,0.16001979152573823,-0.030906736757399095,-6.303801726059383,-5.1580757852451775
-3.0906736757399096,0.16373010340274907,-0.030906736757399095,-6.599517980632274,-5.460410030380936
-3.0906736757399096,0.1674404152797599,-0.030906736757399095,-6.902012304009225,-5.7764057296370055
-3.0906736757399096,0.17115072715677074,-0.030906736757399095,-7.211284696190243,-6.105399324211307
-3.0906736757399096,0.17486103903378158,-0.030906736757399095,-7.527335157175327,-6.446514179252212
-3.0906736757399096,0.17857135091079243,-0.030906736757399095,-7.850163686964474,-6.798658062158303
-3.0906736757399096,0.18228166278780325,-0.030906736757399095,-8.179770285557684,-7.16052768671268
-3.0906736757399096,0.1859919746648141,-0.030906736757399095,-8.51615495295496,-7.530621033850771
-3.0906736757399096,0.18970228654182494,-0.030906736757399095,-8.8593176891563,-7.907257747289492
-3.0906736757399096,0.1934125984188358,-0.030906736757399095,-9.209258494161705,-8.288607404230563
-3.0906736757399096,0.1971229102958466,-0.030906736757399095,-9.565977367971174,-8.672724919645267
-3.0906736757399096,0.20083322217285746,-0.030906736757399095,-9.929474310584705,-9.057591811172271
-3.0906736757399096,0.2045435340498683,-0.030906736757399095,-10.299749322002304,-9.441161589541313
-3.0906736757399096,0.20825384592687915,-0.030906736757399095,-10.676802402223966,-9.821407202048004
-3.0906736757399096,0.21196415780388997,-0.030906736757399095,-11.06063355124969,-10.196368286370953
-3.0906736757399096,0.21567446968090082,-0.030906736757399095,-11.451242769079483,-10.564196010985617
-3.0906736757399096,0.21938478155791166,-0.030906736757399095,-11.84863005571334,-10.923193484346001
-3.0906736757399096,0.2230950934349225,-0.030906736757399095,-12.252795411151258,-11.27185008188591
-3.0906736757399096,0.22680540531193333,-0.030906736757399095,-12.66373883539324,-11.60886852283241
-3.0906736757399096,0.23051571718894417,-0.030906736757399095,-13.08146032843929,-11.93318407193989
-3.0906736757399096,0.23422602906595502,-0.030906736757399095,-13.505959890289402,-12.243975786840169
-3.0906736757399096,0.23793634094296587,-0.030906736757399095,-13.937237520943581,-12.54067022869739
-3.0906736757399096,0.2416466528199767,-0.030906736757399095,-14.37529322040182,-12.822938464008198
-3.0906736757399096,0.24535696469698753,-0.030906736757399095,-14.820126988664127,-13.090687486398199
-3.0906736757399096,0.24906727657399838,-0.030906736757399095,-15.271738825730498,-13.344047372849298
-3.0906736757399096,0.2527775884510092,-0.030906736757399095,-15.730128731600935,-13.583355566343357
-3.0906736757399096,0.25648790032802005,-0.030906736757399095,-16.19529670627543,-13.80913966371146
-3.0906736757399096,0.2601982122050309,-0.030906736757399095,-16.667242749754,-14.022100006504152
-3.0906736757399096,0.26390852408204174,-0.030906736757399095,-17.145966862036623,-14.223093248723934
-3.0906736757399096,0.26761883595905256,-0.030906736757399095,-17.63146904312331,-14.413117931872918
-3.0906736757399096,0.27132914783606343,-0.030906736757399095,-18.123749293014072,-14.593302955365505
-3.0906736757399096,0.27503945971307425,-0.030906736757399095,-18.622807611708893,-14.764899705135901
-3.0906736757399096,0.27874977159008507,-0.030906736757399095,-19.128643999207775,-14.92927850694265
-3.0906736757399096,0.28246008346709595,-0.030906736757399095,-19.64125845551073,-15.087930010812332
-3.0906736757399096,0.28617039534410676,-0.030906736757399095,-20.16065098061774,-15.242472092582355
-3.0906736757399096,0.28988070722111764,-0.030906736757399095,-20.686821574528825,-15.39466287687948
-3.0906736757399096,0.29359101909812846,-0.030906736757399095,-21.219770237243964,-15.546420537822533
-3.0906736757399096,0.2973013309751393,-0.030906736757399095,-21.75949696876317,-15.699850607858494
-3.0906736757399096,0.30101164285215015,-0.030906736757399095,-22.306001769086446,-15.857281600803871
-3.0906736757399096,0.30472195472916097,-0.030906736757399095,-22.85928463821378,-16.02130979713191
-1.7027968242708753,0.011607316445304631,-0.017027968242708753,-0.03279398574907601,-0.9960915442358695
-1.7027968242708753,0.015317628322315471,-0.017027968242708753,-0.057110190524462874,-1.0132902988627368
-1.7027968242708753,0.01902794019932631,-0.017027968242708753,-0.08812803975339341,-1.0317066580114096
-1.7027968242708753,0.02273825207633715,-0.017027968242708753,-0.1258475334358676,-1.0514381145244518
-1.7027968242708753,0.02644856395334799,-0.017027968242708753,-0.17026867157188552,-1.0725904136215823
-1.7027968242708753,0.03015887583035883,-0.017027968242708753,-0.2213914541614471,-1.095278255715534
-1.7027968242708753,0.03386918770736967,-0.017027968242708753,-0.27921588120455243,-1.119626052068746
-1.7027968242708753,0.03757949958438051,-0.017027968242708753,-0.34374195270120134,-1.1457687351397374
-1.7027968242708753,0.04128981146139135,-0.017027968242708753,-0.414969668651394,-1.1738526249238657
-1.7027968242708753,0.04500012333840219,-0.017027968242708753,-0.4928990290551303,-1.2040363518458506
-1.7027968242708753,0.04871043521541303,-0.017027968242708753,-0.5775300339124103,-1.236491835763577
-1.7027968242708753,0.05242074709242387,-0.017027968242708753,-0.668862683223234,-1.2714053193382857
-1.7027968242708753,0.05613105896943471,-0.017027968242708753,-0.7668969769876013,-1.3089784523494599
-1.7027968242708753,0.05984137084644555,-0.017027968242708753,-0.8716329152055122,-1.349429421407749
-1.7027968242708753,0.06355168272345639,-0.017027968242708753,-0.983070497876967,-1.3929941168594095
-1.7027968242708753,0.06726199460046722,-0.017027968242708753,-1.1012097250019652,-1.4399273253829348
-1.7027968242708753,0.07097230647747807,-0.017027968242708753,-1.2260505965805073,-1.4905039327451073
-1.7027968242708753,0.0746826183544889,-0.017027968242708753,-1.3575931126125929,-1.5450201162926471
-1.7027968242708753,0.07839293023149975,-0.017027968242708753,-1.4958372730982223,-1.6037945008853103
-1.7027968242708753,0.08210324210851058,-0.017027968242708753,-1.6407830780373953,-1.6671692450047826
-1.7027968242708753,0.08581355398552143,-0.017027968242708753,-1.7924305274301124,-1.7355110155875875
-1.7027968242708753,0.08952386586253226,-0.017027968242708753,-1.9507796212763726,-1.8092118006367595
-1.7027968242708753,0.09323417773954311,-0.017027968242708753,-2.1158303595761767,-1.8886894978110345
-1.7027968242708753,0.09694448961655394,-0.017027968242708753,-2.2875827423295245,-1.9743882049765973
-1.7027968242708753,0.10065480149356479,-0.017027968242708753,-2.4660367695364163,-2.066778125231246
-1.7027968242708753,0.10436511337057562,-0.017027968242708753,-2.651192441196851,-2.166354984398029
-1.7027968242708753,0.10807542524758647,-0.017027968242708753,-2.84304975731083,-2.2736388438355015
-1.7027968242708753,0.1117857371245973,-0.017027968242708753,-3.0416087178783524,-2.389172176254879
-1.7027968242708753,0.11549604900160815,-0.017027968242708753,-3.246869322899419,-2.5135170579945103
-1.7027968242708753,0.11920636087861898,-0.017027968242708753,-3.4588315723740286,-2.647251319158154
-1.7027968242708753,0.12291667275562983,-0.017027968242708753,-3.6774954663021826,-2.7909634848736142
-1.7027968242708753,0.12662698463264066,-0.017027968242708753,-3.9028610046838796,-2.9452463388302896
-1.7027968242708753,0.1303372965096515,-0.017027968242708753,-4.134928187519121,-3.110688946840757
-1.7027968242708753,0.13404760838666235,-0.017027968242708753,-4.373697014807906,-3.2878669965096754
-1.7027968242708753,0.13775792026367317,-0.017027968242708753,-4.619167486550233,-3.4773313425619863
-1.7027968242708753,0.14146823214068402,-0.017027968242708753,-4.871339602746105,-3.6795946994428204
-1.7027968242708753,0.14517854401769487,-0.017027968242708753,-5.130213363395521,-3.895116496624155
-1.7027968242708753,0.1488888558947057,-0.017027968242708753,-5.39578876849848,-4.12428600998806
-1.7027968242708753,0.15259916777171653,-0.017027968242708753,-5.668065818054982,-4.367404005536714
-1.7027968242708753,0.15630947964872738,-0.017027968242708753,-5.9470445120650295,-4.6246632779984935
-1.7027968242708753,0.16001979152573823,-0.017027968242708753,-6.232724850528621,-4.896128631933021
-1.7027968242708753,0.16373010340274907,-0.017027968242708753,-6.525106833445755,-5.181717027956585
-1.7027968242708753,0.1674404152797599,-0.017027968242708753,-6.824190460816431,-5.481178788477928
-1.7027968242708753,0.17115072715677074,-0.017027968242708753,-7.129975732640653,-5.7940809081546
-1.7027968242708753,0.17486103903378158,-0.017027968242708753,-7.442462648918419,-6.1197936228324
-1.7027968242708753,0.17857135091079243,-0.017027968242708753,-7.761651209649727,-6.457481433912964
-1.7027968242708753,0.18228166278780325,-0.017027968242708753,-8.087541414834579,-6.806099740926978
-1.7027968242708753,0.1859919746648141,-0.017027968242708753,-8.420133264472975,-7.1643980864832315
-1.7027968242708753,0.18970228654182494,-0.017027968242708753,-8.759426758564915,-7.530930756685116
-1.7027968242708753,0.1934125984188358,-0.017027968242708753,-9.1054218971104,-7.90407511135421
-1.7027968242708753,0.1971229102958466,-0.017027968242708753,-9.458118680109425,-8.28205756202558
-1.7027968242708753,0.20083322217285746,-0.017027968242708753,-9.817517107561995,-8.662986607114462
-1.7027968242708753,0.2045435340498683,-0.017027968242708753,-10.183617179468111,-9.044891820940924
-1.7027968242708753,0.20825384592687915,-0.017027968242708753,-10.55641889582777,-9.425767231388145
-1.7027968242708753,0.21196415780388997,-0.017027968242708753,-10.93592225664097,-9.803617163829559
-1.7027968242708753,0.21567446968090082,-0.017027968242708753,-11.322127261907717,-10.176502420912536
-1.7027968242708753,0.21938478155791166,-0.017027968242708753,-11.715033911628007,-10.54258463590505
-1.7027968242708753,0.2230950934349225,-0.017027968242708753,-12.11464220580184,-10.900166786599769
-1.7027968242708753,0.22680540531193333,-0.017027968242708753,-12.520952144429213,-11.247728169273259
-1.7027968242708753,0.23051571718894417,-0.017027968242708753,-12.933963727510134,-11.58395257026859
-1.7027968242708753,0.23422602906595502,-0.017027968242708753,-13.3536769550446,-11.907748885672696
-1.7027968242708753,0.23793634094296587,-0.017027968242708753,-13.780091827032608,-12.218263971895032
-1.7027968242708753,0.2416466528199767,-0.017027968242708753,-14.213208343474157,-12.51488801004211
-1.7027968242708753,0.24535696469698753,-0.017027968242708753,-14.653026504369253,-12.797253093602416
-1.7027968242708753,0.24906727657399838,-0.017027968242708753,-15.099546309717892,-13.065226075401068
-1.7027968242708753,0.2527775884510092,-0.017027968242708753,-15.552767759520078,-13.318896924964998
-1.7027968242708753,0.25648790032802005,-0.017027968242708753,-16.012690853775798,-13.558563954426806
-1.7027968242708753,0.2601982122050309,-0.017027968242708753,-16.479315592485076,-13.784717283912464
-1.7027968242708753,0.26390852408204174,-0.017027968242708753,-16.952641975647882,-13.998021857000868
-1.7027968242708753,0.26761883595905256,-0.017027968242708753,-17.43267000326424,-14.199301207355958
-1.7027968242708753,0.27132914783606343,-0.017027968242708753,-17.919399675334144,-14.389523042848117
-1.7027968242708753,0.27503945971307425,-0.017027968242708753,-18.412830991857586,-14.569787574702874
-1.7027968242708753,0.27874977159008507,-0.017027968242708753,-18.91296395283457,-14.74131939386545
-1.7027968242708753,0.28246008346709595,-0.017027968242708753,-19.419798558265107,-14.905463597848444
-1.7027968242708753,0.28617039534410676,-0.017027968242708753,-19.93333480814918,-15.063686807390742
-1.7027968242708753,0.28988070722111764,-0.017027968242708753,-20.453572702486806,-15.217583687578808
-1.7027968242708753,0.29359101909812846,-0.017027968242708753,-20.980512241277964,-15.368889602694505
-1.7027968242708753,0.2973013309751393,-0.017027968242708753,-21.514153424522668,-15.519500083209891
-1.7027968242708753,0.30101164285215015,-0.017027968242708753,-22.054496252220925,-15.67149785602728
-1.7027968242708753,0.30472195472916097,-0.017027968242708753,-22.601540724372715,-15.827188264919437
-0.3149199728018411,0.011607316445304631,-0.003149199728018411,-0.03242000902153813,-0.9956349198724967
-0.3149199728018411,0.015317628322315471,-0.003149199728018411,-0.05645891616199826,-1.0122668296357902
-0.3149199728018411,0.01902794019932631,-0.003149199728018411,-0.08712304340548134,-1.030046959700356
-0.3149199728018411,0.02273825207633715,-0.003149199728018411,-0.12441239075198737,-1.049065347309631
-0.3149199728018411,0.02644856395334799,-0.003149199728018411,-0.1683269582015164,-1.0694195307386725
-0.3149199728018411,0.03015887583035883,-0.003149199728018411,-0.2188667457540684,-1.0912151821738099
-0.3149199728018411,0.03386918770736967,-0.003149199728018411,-0.2760317534096434,-1.1145667885450314
-0.3149199728018411,0.03757949958438051,-0.003149199728018411,-0.3398219811682413,-1.1395983822600004
-0.3149199728018411,0.04128981146139135,-0.003149199728018411,-0.4102374290298622,-1.1664443233961523
-0.3149199728018411,0.04500012333840219,-0.003149199728018411,-0.4872780969945061,-1.195250134357225
-0.3149199728018411,0.04871043521541303,-0.003149199728018411,-0.5709439850621729,-1.2261733872552458
-0.3149199728018411,0.05242074709242387,-0.003149199728018411,-0.6612350932328628,-1.259384643294144
-0.3149199728018411,0.05613105896943471,-0.003149199728018411,-0.7581514215065756,-1.2950684421541263
-0.3149199728018411,0.05984137084644555,-0.003149199728018411,-0.8616929698833112,-1.333424337746297
-0.3149199728018411,0.06355168272345639,-0.003149199728018411,-0.9718597383630699,-1.3746679746539132
-0.3149199728018411,0.06726199460046722,-0.003149199728018411,-1.0886517269458513,-1.419032197020774
-0.3149199728018411,0.07097230647747807,-0.003149199728018411,-1.212068935631656,-1.4667681784985267
-0.3149199728018411,0.0746826183544889,-0.003149199728018411,-1.3421113644204836,-1.5181465580246503
-0.3149199728018411,0.07839293023149975,-0.003149199728018411,-1.4787790133123342,-1.5734585615658725
-0.3149199728018411,0.08210324210851058,-0.003149199728018411,-1.6220718823072076,-1.6330170844172498
-0.3149199728018411,0.08581355398552143,-0.003149199728018411,-1.7719899714051044,-1.697157702086551
-0.3149199728018411,0.08952386586253226,-0.003149199728018411,-1.9285332806060236,-1.7662395701156273
-0.3149199728018411,0.09323417773954311,-0.003149199728018411,-2.0917018099099662,-1.8406461643146206
-0.3149199728018411,0.09694448961655394,-0.003149199728018411,-2.2614955593169315,-1.920785802764756
-0.3149199728018411,0.10065480149356479,-0.003149199728018411,-2.4379145288269197,-2.0070918795906874
-0.3149199728018411,0.10436511337057562,-0.003149199728018411,-2.620958718439931,-2.100022728006318
-0.3149199728018411,0.10807542524758647,-0.003149199728018411,-2.8106281281559657,-2.2000610167075005
-0.3149199728018411,0.1117857371245973,-0.003149199728018411,-3.0069227579750226,-2.3077125696884853
-0.3149199728018411,0.11549604900160815,-0.003149199728018411,-3.209842607897103,-2.4235044855721415
-0.3149199728018411,0.11920636087861898,-0.003149199728018411,-3.4193876779222063,-2.5479824194039615
-0.3149199728018411,0.12291667275562983,-0.003149199728018411,-3.6355579680503327,-2.6817068787253335
-0.3149199728018411,0.12662698463264066,-0.003149199728018411,-3.8583534782814817,-2.8252483781444324
-0.3149199728018411,0.1303372965096515,-0.003149199728018411,-4.087774208615653,-2.979181294510755
-0.3149199728018411,0.13404760838666235,-0.003149199728018411,-4.3238201590528496,-3.14407627054826
-0.3149199728018411,0.13775792026367317,-0.003149199728018411,-4.566491329593066,-3.320491031186543
-0.3149199728018411,0.14146823214068402,-0.003149199728018411,-4.815787720236308,-3.5089595069203074
-0.3149199728018411,0.14517854401769487,-0.003149199728018411,-5.071709330982571,-3.7099792054964875
-0.3149199728018411,0.1488888558947057,-0.003149199728018411,-5.334256161831859,-3.923996840030534
-0.3149199728018411,0.15259916777171653,-0.003149199728018411,-5.603428212784168,-4.151392310565469
-0.3149199728018411,0.15630947964872738,-0.003149199728018411,-5.879225483839501,-4.392461248103041
-0.3149199728018411,0.16001979152573823,-0.003149199728018411,-6.161647974997858,-4.647396464233171
-0.3149199728018411,0.16373010340274907,-0.003149199728018411,-6.450695686259237,-4.916268801833736
-0.3149199728018411,0.1674404152797599,-0.003149199728018411,-6.746368617623636,-5.199008045524716
-0.3149199728018411,0.17115072715677074,-0.003149199728018411,-7.048666769091062,-5.495384713182151
-0.3149199728018411,0.17486103903378158,-0.003149199728018411,-7.357590140661511,-5.804993696238987
-0.3149199728018411,0.17857135091079243,-0.003149199728018411,-7.673138732334981,-6.127240827552297
-0.3149199728018411,0.18228166278780325,-0.003149199728018411,-7.995312544111474,-6.461333510035658
-0.3149199728018411,0.1859919746648141,-0.003149199728018411,-8.32411157599099,-6.806276516121022
-0.3149199728018411,0.18970228654182494,-0.003149199728018411,-8.659535827973531,-7.160873950134029
-0.3149199728018411,0.1934125984188358,-0.003149199728018411,-9.001585300059094,-7.523738142971297
-0.3149199728018411,0.1971229102958466,-0.003149199728018411,-9.350259992247677,-7.893305922251312
-0.3149199728018411,0.20083322217285746,-0.003149199728018411,-9.705559904539285,-8.267862286288592
-0.3149199728018411,0.2045435340498683,-0.003149199728018411,-10.067485036933919,-8.645571036241206
-0.3149199728018411,0.20825384592687915,-0.003149199728018411,-10.436035389431574,-9.024511429783676
-0.3149199728018411,0.21196415780388997,-0.003149199728018411,-10.811210962032249,-9.402719462089905
-0.3149199728018411,0.21567446968090082,-0.003149199728018411,-11.19301175473595,-9.778232007642089
-0.3149199728018411,0.21938478155791166,-0.003149199728018411,-11.581437767542676,-10.149131814731724
-0.3149199728018411,0.2230950934349225,-0.003149199728018411,-11.976489000452421,-10.513591264682972
-0.3149199728018411,0.22680540531193333,-0.003149199728018411,-12.378165453465188,-10.869912901376182
-0.3149199728018411,0.23051571718894417,-0.003149199728018411,-12.78646712658098,-11.216564993397412
-0.3149199728018411,0.23422602906595502,-0.003149199728018411,-13.201394019799796,-11.552210780910757
-0.3149199728018411,0.23793634094296587,-0.003149199728018411,-13.622946133121635,-11.875730537204708
-0.3149199728018411,0.2416466528199767,-0.003149199728018411,-14.051123466546494,-12.186236088602715
-0.3149199728018411,0.24535696469698753,-0.003149199728018411,-14.48592602007438,-12.483077934692753
-0.3149199728018411,0.24906727657399838,-0.003149199728018411,-14.927353793705288,-12.765845550183641
-0.3149199728018411,0.2527775884510092,-0.003149199728018411,-15.37540678743922,-13.03436179947153
-0.3149199728018411,0.25648790032802005,-0.003149199728018411,-15.830085001276169,-13.28867263939496
-0.3149199728018411,0.2601982122050309,-0.003149199728018411,-16.291388435216152,-13.529033423196712
-0.3149199728018411,0.26390852408204174,-0.003149199728018411,-16.759317089259145,-13.755893159728007
-0.3149199728018411,0.26761883595905256,-0.003149199728018411,-17.233870963405163,-13.969878044938655
-0.3149199728018411,0.27132914783606343,-0.003149199728018411,-17.715050057654214,-14.171775490521899
-0.3149199728018411,0.27503945971307425,-0.003149199728018411,-18.202854372006282,-14.362519750923491
-0.3149199728018411,0.27874977159008507,-0.003149199728018411,-18.69728390646137,-14.543180116740523
-0.3149199728018411,0.28246008346709595,-0.003149199728018411,-19.198338661019488,-14.714952518367653
-0.3149199728018411,0.28617039534410676,-0.003149199728018411,-19.706018635680618,-14.879155282892462
-0.3149199728018411,0.28988070722111764,-0.003149199728018411,-20.220323830444784,-15.03722971951212
-0.3149199728018411,0.29359101909812846,-0.003149199728018411,-20.741254245311964,-15.190746179525496
-0.3149199728018411,0.2973013309751393,-0.003149199728018411,-21.268809880282166,-15.34141624717386
-0.3149199728018411,0.30101164285215015,-0.003149199728018411,-21.8029907353554,-15.49111176320985
-0.3149199728018411,0.30472195472916097,-0.003149199728018411,-22.34379681053165,-15.64189145359848
1.0729568786671932,0.011607316445304631,0.010729568786671933,-0.03204603229400026,-0.9949928260338718
1.0729568786671932,0.015317628322315471,0.010729568786671933,-0.05580764179953363,-1.011071406654695
1.0729568786671932,0.01902794019932631,0.010729568786671933,-0.08611804705756924,-1.0282327312897754
1.0729568786671932,0.02273825207633715,0.010729568786671933,-0.12297724806810711,-1.0465599756821922
1.0729568786671932,0.02644856395334799,0.010729568786671933,-0.16638524483114728,-1.066143136620878
1.0729568786671932,0.03015887583035883,0.010729568786671933,-0.21634203734668966,-1.0870796019298097
1.0729568786671932,0.03386918770736967,0.010729568786671933,-0.27284762561473436,-1.1094747638886222
1.0729568786671932,0.03757949958438051,0.010729568786671933,-0.3359020096352813,-1.133442678056881
1.0729568786671932,0.04128981146139135,0.010729568786671933,-0.4055051894083304,-1.159106769197002
1.0729568786671932,0.04500012333840219,0.010729568786671933,-0.48165716493388183,-1.186600585591223
1.0729568786671932,0.04871043521541303,0.010729568786671933,-0.5643579362119355,-1.2160686024968879
1.0729568786671932,0.05242074709242387,0.010729568786671933,-0.6536075032424915,-1.2476670747459826
1.0729568786671932,0.05613105896943471,0.010729568786671933,-0.7494058660255496,-1.281564937528192
1.0729568786671932,0.05984137084644555,0.010729568786671933,-0.85175302456111,-1.3179447531529003
1.0729568786671932,0.06355168272345639,0.010729568786671933,-0.9606489788491728,-1.3570037000079074
1.0729568786671932,0.06726199460046722,0.010729568786671933,-1.0760937288897374,-1.3989545979566755
1.0729568786671932,0.07097230647747807,0.010729568786671933,-1.1980872746828048,-1.4440269619678907
1.0729568786671932,0.0746826183544889,0.010729568786671933,-1.3266296162283742,-1.492468072769149
1.0729568786671932,0.07839293023149975,0.010729568786671933,-1.4617207535264458,-1.544544049670773
1.0729568786671932,0.08210324210851058,0.010729568786671933,-1.6033606865770196,-1.6005409063199836
1.0729568786671932,0.08581355398552143,0.010729568786671933,-1.7515494153800961,-1.660765564920883
1.0729568786671932,0.08952386586253226,0.010729568786671933,-1.9062869399356743,-1.7255467982937827
1.0729568786671932,0.09323417773954311,0.010729568786671933,-2.0675732602437553,-1.7952360619592582
1.0729568786671932,0.09694448961655394,0.010729568786671933,-2.235408376304338,-1.870208170146721
1.0729568786671932,0.10065480149356479,0.010729568786671933,-2.409792288117423,-1.9508617602061031
1.0729568786671932,0.10436511337057562,0.010729568786671933,-2.590724995683011,-2.037619479356591
1.0729568786671932,0.10807542524758647,0.010729568786671933,-2.778206499001101,-2.1309278161260123
1.0729568786671932,0.1117857371245973,0.010729568786671933,-2.9722367980716924,-2.2312564864114703
1.0729568786671932,0.11549604900160815,0.010729568786671933,-3.172815892894787,-2.339097271162061
1.0729568786671932,0.11920636087861898,0.010729568786671933,-3.379943783470383,-2.454962189770083
1.0729568786671932,0.12291667275562983,0.010729568786671933,-3.5936204697984824,-2.579380881115779
1.0729568786671932,0.12662698463264066,0.010729568786671933,-3.8138459518790833,-2.7128970538860386
1.0729568786671932,0.1303372965096515,0.010729568786671933,-4.040620229712186,-2.8560638606592703
1.0729568786671932,0.13404760838666235,0.010729568786671933,-4.273943303297792,-3.0094380480687652
1.0729568786671932,0.13775792026367317,0.010729568786671933,-4.513815172635899,-3.1735727402654352
1.0729568786671932,0.14146823214068402,0.010729568786671933,-4.760235837726509,-3.3490087274024885
1.0729568786671932,0.14517854401769487,0.010729568786671933,-5.013205298569622,-3.5362641577458134
1.0729568786671932,0.1488888558947057,0.010729568786671933,-5.2727235551652365,-3.735822574177089
1.0729568786671932,0.15259916777171653,0.010729568786671933,-5.538790607513352,-3.948119296052369
1.0729568786671932,0.15630947964872738,0.010729568786671933,-5.811406455613972,-4.173526227806322
1.0729568786671932,0.16001979152573823,0.010729568786671933,-6.090571099467094,-4.412335277474934
1.0729568786671932,0.16373010340274907,0.010729568786671933,-6.376284539072718,-4.664740690847322
1.0729568786671932,0.1674404152797599,0.010729568786671933,-6.668546774430841,-4.930820747212291
1.0729568786671932,0.17115072715677074,0.010729568786671933,-6.96735780554147,-5.210519414468023
1.0729568786671932,0.17486103903378158,0.010729568786671933,-7.272717632404602,-5.503628714883606
1.0729568786671932,0.17857135091079243,0.010729568786671933,-7.5846262550202335,-5.8097726943696255
1.0729568786671932,0.18228166278780325,0.010729568786671933,-7.903083673388368,-6.128394000607093
1.0729568786671932,0.1859919746648141,0.010729568786671933,-8.228089887509006,-6.458744139359876
1.0729568786671932,0.18970228654182494,0.010729568786671933,-8.559644897382146,-6.799878474008265
1.0729568786671932,0.1934125984188358,0.010729568786671933,-8.897748703007787,-7.150656943574861
1.0729568786671932,0.1971229102958466,0.010729568786671933,-9.242401304385929,-7.509751287982747
1.0729568786671932,0.20083322217285746,0.010729568786671933,-9.593602701516575,-7.875659284100083
1.0729568786671932,0.2045435340498683,0.010729568786671933,-9.951352894399724,-8.246726122569667
1.0729568786671932,0.20825384592687915,0.010729568786671933,-10.315651883035375,-8.62117261727774
1.0729568786671932,0.21196415780388997,0.010729568786671933,-10.686499667423528,-8.997129472975914
1.0729568786671932,0.21567446968090082,0.010729568786671933,-11.063896247564182,-9.372676387651627
1.0729568786671932,0.21938478155791166,0.010729568786671933,-11.447841623457341,-9.745884383862263
1.0729568786671932,0.2230950934349225,0.010729568786671933,-11.838335795103001,-10.114859492817681
1.0729568786671932,0.22680540531193333,0.010729568786671933,-12.23537876250116,-10.477785790866559
1.0729568786671932,0.23051571718894417,0.010729568786671933,-12.638970525651825,-10.832965827565593
1.0729568786671932,0.23422602906595502,0.010729568786671933,-13.049111084554992,-11.178856684867787
1.0729568786671932,0.23793634094296587,0.010729568786671933,-13.465800439210662,-11.514100245529265
1.0729568786671932,0.2416466528199767,0.010729568786671933,-13.88903858961883,-11.837546687004929
1.0729568786671932,0.24535696469698753,0.010729568786671933,-14.318825535779505,-12.148270706745002
1.0729568786671932,0.24906727657399838,0.010729568786671933,-14.75516127769268,-12.445580475851036
1.0729568786671932,0.2527775884510092,0.010729568786671933,-15.19804581535836,-12.729019765700517
1.0729568786671932,0.25648790032802005,0.010729568786671933,-15.647479148776537,-12.998364062355162
1.0729568786671932,0.2601982122050309,0.010729568786671933,-16.103461277947225,-13.253611756030507
1.0729568786671932,0.26390852408204174,0.010729568786671933,-16.565992202870405,-13.494971661489243
1.0729568786671932,0.26761883595905256,0.010729568786671933,-17.035071923546088,-13.722848196203351
1.0729568786671932,0.27132914783606343,0.010729568786671933,-17.510700439974283,-13.937825532048716
1.0729568786671932,0.27503945971307425,0.010729568786671933,-17.99287775215497,-14.140651964252562
1.0729568786671932,0.27874977159008507,0.010729568786671933,-18.48160386008816,-14.332225631447692
1.0729568786671932,0.28246008346709595,0.010729568786671933,-18.97687876377386,-14.513582595311988
1.0729568786671932,0.28617039534410676,0.010729568786671933,-19.478702463212056,-14.68588816688583
1.0729568786671932,0.28988070722111764,0.010729568786671933,-19.98707495840276,-14.85043226481443
1.0729568786671932,0.29359101909812846,0.010729568786671933,-20.50199624934596,-15.008629519587444
1.0729568786671932,0.2973013309751393,0.010729568786671933,-21.023466336041665,-15.16202480394778
1.0729568786671932,0.30101164285215015,0.010729568786671933,-21.551485218489876,-15.312304874978533
1.0729568786671932,0.30472195472916097,0.010729568786671933,-22.086052896690582,-15.461316854762083
2.4608337301362275,0.011607316445304631,0.024608337301362276,-0.031672055566462375,-0.9941848500500599
2.4608337301362275,0.015317628322315471,0.024608337301362276,-0.05515636743706901,-1.0097247535771876
2.4608337301362275,0.01902794019932631,0.024608337301362276,-0.08511305070965718,-1.0262857221025317
2.4608337301362275,0.02273825207633715,0.024608337301362276,-0.12154210538422688,-1.0439446236619112
2.4608337301362275,0.02644856395334799,0.024608337301362276,-0.16444353146077814,-1.06278453245544
2.4608337301362275,0.03015887583035883,0.024608337301362276,-0.21381732893931096,-1.0828952423558573
2.4608337301362275,0.03386918770736967,0.024608337301362276,-0.26966349781982535,-1.104373819692483
2.4608337301362275,0.03757949958438051,0.024608337301362276,-0.33198203810232124,-1.1273251972522815
2.4608337301362275,0.04128981146139135,0.024608337301362276,-0.40077294978679867,-1.1518628112489049
2.4608337301362275,0.04500012333840219,0.024608337301362276,-0.47603623287325764,-1.1781092827252975
2.4608337301362275,0.04871043521541303,0.024608337301362276,-0.5577718873616981,-1.2061971444525472
2.4608337301362275,0.05242074709242387,0.024608337301362276,-0.6459799132521202,-1.2362696138389695
2.4608337301362275,0.05613105896943471,0.024608337301362276,-0.7406603105445239,-1.2684814116361989
2.4608337301362275,0.05984137084644555,0.024608337301362276,-0.8418130792389089,-1.3029996252846225
2.4608337301362275,0.06355168272345639,0.024608337301362276,-0.9494382193352757,-1.340004614533246
2.4608337301362275,0.06726199460046722,0.024608337301362276,-1.0635357308336237,-1.3796909554474839
2.4608337301362275,0.07097230647747807,0.024608337301362276,-1.1841056137339536,-1.422268417021837
2.4608337301362275,0.0746826183544889,0.024608337301362276,-1.3111478680362647,-1.467962962276224
2.4608337301362275,0.07839293023149975,0.024608337301362276,-1.4446624937405577,-1.5170177628594574
2.4608337301362275,0.08210324210851058,0.024608337301362276,-1.5846494908468318,-1.5696942127294102
2.4608337301362275,0.08581355398552143,0.024608337301362276,-1.731108859355088,-1.6262729223397394
2.4608337301362275,0.08952386586253226,0.024608337301362276,-1.8840405992653255,-1.6870546698481839
2.4608337301362275,0.09323417773954311,0.024608337301362276,-2.0434447105775444,-1.7523612800838642
2.4608337301362275,0.09694448961655394,0.024608337301362276,-2.209321193291745,-1.8225363952910927
2.4608337301362275,0.10065480149356479,0.024608337301362276,-2.381670047407927,-1.8979460939433315
2.4608337301362275,0.10436511337057562,0.024608337301362276,-2.5604912729260905,-1.978979305160435
2.4608337301362275,0.10807542524758647,0.024608337301362276,-2.7457848698462364,-2.0660479564800283
2.4608337301362275,0.1117857371245973,0.024608337301362276,-2.9375508381683626,-2.1595867820116372
2.4608337301362275,0.11549604900160815,0.024608337301362276,-3.135789177892471,-2.2600527065179534
2.4608337301362275,0.11920636087861898,0.024608337301362276,-3.340499889018561,-2.367923709026611
2.4608337301362275,0.12291667275562983,0.024608337301362276,-3.5516829715466325,-2.4836970576505912
2.4608337301362275,0.12662698463264066,0.024608337301362276,-3.769338425476685,-2.6078867960684593
2.4608337301362275,0.1303372965096515,0.024608337301362276,-3.9934662508087193,-2.741020352525636
2.4608337301362275,0.13404760838666235,0.024608337301362276,-4.224066447542736,-2.883634135502776
2.4608337301362275,0.13775792026367317,0.024608337301362276,-4.461139015678732,-3.0362679779296697
2.4608337301362275,0.14146823214068402,0.024608337301362276,-4.704683955216712,-3.19945829592567
2.4608337301362275,0.14517854401769487,0.024608337301362276,-4.954701266156673,-3.373729840775963
2.4608337301362275,0.1488888558947057,0.024608337301362276,-5.211190948498615,-3.5595859467301887
2.4608337301362275,0.15259916777171653,0.024608337301362276,-5.474153002242538,-3.757497214886702
2.4608337301362275,0.15630947964872738,0.024608337301362276,-5.7435874273884435,-3.967888627454434
2.4608337301362275,0.16001979152573823,0.024608337301362276,-6.019494223936331,-4.191125159179277
2.4608337301362275,0.16373010340274907,0.024608337301362276,-6.3018733918861995,-4.427496044902286
2.4608337301362275,0.1674404152797599,0.024608337301362276,-6.590724931238047,-4.677197973842574
2.4608337301362275,0.17115072715677074,0.024608337301362276,-6.8860488419918795,-4.940317609925744
2.4608337301362275,0.17486103903378158,0.024608337301362276,-7.187845124147693,-5.216813978222615
2.4608337301362275,0.17857135091079243,0.024608337301362276,-7.496113777705488,-5.506501401968989
2.4608337301362275,0.18228166278780325,0.024608337301362276,-7.810854802665263,-5.8090338108282475
2.4608337301362275,0.1859919746648141,0.024608337301362276,-8.132068199027021,-6.123891353850304
2.4608337301362275,0.18970228654182494,0.024608337301362276,-8.45975396679076,-6.450370322332791
2.4608337301362275,0.1934125984188358,0.024608337301362276,-8.793912105956482,-6.787577400040254
2.4608337301362275,0.1971229102958466,0.024608337301362276,-9.134542616524183,-7.134429194101285
2.4608337301362275,0.20083322217285746,0.024608337301362276,-9.481645498493865,-7.489657847102265
2.4608337301362275,0.2045435340498683,0.024608337301362276,-9.835220751865531,-7.851823284967468
2.4608337301362275,0.20825384592687915,0.024608337301362276,-10.195268376639179,-8.219332322348741
2.4608337301362275,0.21196415780388997,0.024608337301362276,-10.561788372814807,-8.590464445978386
2.4608337301362275,0.21567446968090082,0.024608337301362276,-10.934780740392418,-8.96340365752733
2.4608337301362275,0.21938478155791166,0.024608337301362276,-11.314245479372008,-9.336275321551463
2.4608337301362275,0.2230950934349225,0.024608337301362276,-11.700182589753581,-9.707186576885421
2.4608337301362275,0.22680540531193333,0.024608337301362276,-12.092592071537133,-10.07426857597375
2.4608337301362275,0.23051571718894417,0.024608337301362276,-12.491473924722671,-10.43571865262624
2.4608337301362275,0.23422602906595502,0.024608337301362276,-12.89682814931019,-10.789840506793043
2.4608337301362275,0.23793634094296587,0.024608337301362276,-13.30865474529969,-11.13508063916716
2.4608337301362275,0.2416466528199767,0.024608337301362276,-13.726953712691168,-11.470059553578198
2.4608337301362275,0.24535696469698753,0.024608337301362276,-14.15172505148463,-11.793596639392673
2.4608337301362275,0.24906727657399838,0.024608337301362276,-14.582968761680075,-12.104728106200444
2.4608337301362275,0.2527775884510092,0.024608337301362276,-15.020684843277504,-12.40271782114539
2.4608337301362275,0.25648790032802005,0.024608337301362276,-15.464873296276906,-12.687061350122574
2.4608337301362275,0.2601982122050309,0.024608337301362276,-15.9155341206783,-12.9574838909848
2.4608337301362275,0.26390852408204174,0.024608337301362276,-16.372667316481667,-13.213933085450348
2.4608337301362275,0.26761883595905256,0.024608337301362276,-16.836272883687013,-13.456567895794992
2.4608337301362275,0.27132914783606343,0.024608337301362276,-17.306350822294352,-13.685744834586277
2.4608337301362275,0.27503945971307425,0.024608337301362276,-17.782901132303667,-13.902002852783877
2.4608337301362275,0.27874977159008507,0.024608337301362276,-18.26592381371496,-14.106048142352453
2.4608337301362275,0.28246008346709595,0.024608337301362276,-18.75541886652824,-14.298740016226002
2.4608337301362275,0.28617039534410676,0.024608337301362276,-19.251386290743497,-14.48107891333635
2.4608337301362275,0.28988070722111764,0.024608337301362276,-19.753826086360743,-14.654197459707868
2.4608337301362275,0.29359101909812846,0.024608337301362276,-20.26273825337996,-14.81935541504077
2.4608337301362275,0.2973013309751393,0.024608337301362276,-20.778122791801163,-14.977939260218022
2.4608337301362275,0.30101164285215015,0.024608337301362276,-21.299979701624355,-15.131467142682308
2.4608337301362275,0.30472195472916097,0.024608337301362276,-21.828308982849517,-15.281599896775095
3.848710581605262,0.011607316445304631,0.038487105816052615,-0.0312980788389245,-0.9932297229218094
3.848710581605262,0.015317628322315471,0.038487105816052615,-0.0545050930746044,-1.008246504908251
3.848710581605262,0.01902794019932631,0.038487105816052615,-0.08410805436174511,-1.024226340202886
3.848710581605262,0.02273825207633715,0.038487105816052615,-0.12010696270034664,-1.0412403034975704
3.848710581605262,0.02644856395334799,0.038487105816052615,-0.16250181809040903,-1.059365119994641
3.848710581605262,0.03015887583035883,0.038487105816052615,-0.21129262053193223,-1.078683628244438
3.848710581605262,0.03386918770736967,0.038487105816052615,-0.26647937002491634,-1.0992852784589435
3.848710581605262,0.03757949958438051,0.038487105816052615,-0.3280620665693612,-1.1212666681753687
3.848710581605262,0.04128981146139135,0.038487105816052615,-0.39604071016526693,-1.1447321170174507
3.848710581605262,0.04500012333840219,0.038487105816052615,-0.47041530081263344,-1.169794282103322
3.848710581605262,0.04871043521541303,0.038487105816052615,-0.5511858385114609,-1.196574815358436
3.848710581605262,0.05242074709242387,0.038487105816052615,-0.6383523232617491,-1.2252050635882417
3.848710581605262,0.05613105896943471,0.038487105816052615,-0.731914755063498,-1.2558268116223599
3.848710581605262,0.05984137084644555,0.038487105816052615,-0.8318731339167079,-1.2885930681286122
3.848710581605262,0.06355168272345639,0.038487105816052615,-0.9382274598213786,-1.3236688927757263
3.848710581605262,0.06726199460046722,0.038487105816052615,-1.0509777327775098,-1.3612322622557862
3.848710581605262,0.07097230647747807,0.038487105816052615,-1.1701239527851024,-1.4014749712133532
3.848710581605262,0.0746826183544889,0.038487105816052615,-1.2956661198441555,-1.444603562312579
3.848710581605262,0.07839293023149975,0.038487105816052615,-1.4276042339546695,-1.4908402774447311
3.848710581605262,0.08210324210851058,0.038487105816052615,-1.565938295116644,-1.540424019368106
3.848710581605262,0.08581355398552143,0.038487105816052615,-1.71066830333008,-1.593611309805794
3.848710581605262,0.08952386586253226,0.038487105816052615,-1.8617942585949765,-1.6506772261253806
3.848710581605262,0.09323417773954311,0.038487105816052615,-2.019316160911334,-1.7119162941083306
3.848710581605262,0.09694448961655394,0.038487105816052615,-2.183234010279152,-1.777643308906617
3.848710581605262,0.10065480149356479,0.038487105816052615,-2.353547806698431,-1.8481940500100245
3.848710581605262,0.10436511337057562,0.038487105816052615,-2.5302575501691704,-1.923925848855292
3.848710581605262,0.10807542524758647,0.038487105816052615,-2.7133632406913715,-2.0052179595709667
3.848710581605262,0.1117857371245973,0.038487105816052615,-2.9028648782650324,-2.092471674285077
3.848710581605262,0.11549604900160815,0.038487105816052615,-3.0987624628901553,-2.186110114503701
3.848710581605262,0.11920636087861898,0.038487105816052615,-3.301055994566738,-2.2865776194593623
3.848710581605262,0.12291667275562983,0.038487105816052615,-3.5097454732947826,-2.3943386413064665
3.848710581605262,0.12662698463264066,0.038487105816052615,-3.724830899074287,-2.509876046032712
3.848710581605262,0.1303372965096515,0.038487105816052615,-3.9463122719052524,-2.6336887085740046
3.848710581605262,0.13404760838666235,0.038487105816052615,-4.1741895917876795,-2.7662882817076
3.848710581605262,0.13775792026367317,0.038487105816052615,-4.408462858721566,-2.9081950119625657
3.848710581605262,0.14146823214068402,0.038487105816052615,-4.649132072706914,-3.059932473435673
3.848710581605262,0.14517854401769487,0.038487105816052615,-4.896197233743723,-3.2220210937578444
3.848710581605262,0.1488888558947057,0.038487105816052615,-5.1496583418319934,-3.394970357547715
3.848710581605262,0.15259916777171653,0.038487105816052615,-5.409515396971723,-3.579269593792442
3.848710581605262,0.15630947964872738,0.038487105816052615,-5.675768399162915,-3.775377287125954
3.848710581605262,0.16001979152573823,0.038487105816052615,-5.948417348405568,-3.983708901291224
3.848710581605262,0.16373010340274907,0.038487105816052615,-6.227462244699681,-4.20462326819373
3.848710581605262,0.1674404152797599,0.038487105816052615,-6.512903088045253,-4.438407679161138
3.848710581605262,0.17115072715677074,0.038487105816052615,-6.804739878442288,-4.685261916374626
3.848710581605262,0.17486103903378158,0.038487105816052615,-7.102972615890785,-4.945281580186897
3.848710581605262,0.17857135091079243,0.038487105816052615,-7.407601300390741,-5.2184411980607495
3.848710581605262,0.18228166278780325,0.038487105816052615,-7.7186259319421575,-5.504577736123348
3.848710581605262,0.1859919746648141,0.038487105816052615,-8.036046510545036,-5.803375264605485
3.848710581605262,0.18970228654182494,0.038487105816052615,-8.359863036199375,-6.114351640366655
3.848710581605262,0.1934125984188358,0.038487105816052615,-8.690075508905176,-6.4368481474226655
3.848710581605262,0.1971229102958466,0.038487105816052615,-9.026683928662434,-6.770023062799142
3.848710581605262,0.20083322217285746,0.038487105816052615,-9.369688295471155,-7.112850073824049
3.848710581605262,0.2045435340498683,0.038487105816052615,-9.719088609331338,-7.464122351260315
3.848710581605262,0.20825384592687915,0.038487105816052615,-10.074884870242983,-7.822462873948652
3.848710581605262,0.21196415780388997,0.038487105816052615,-10.437077078206086,-8.186341307517319
3.848710581605262,0.21567446968090082,0.038487105816052615,-10.805665233220651,-8.554097375966911
3.848710581605262,0.21938478155791166,0.038487105816052615,-11.180649335286677,-8.923970255908847
3.848710581605262,0.2230950934349225,0.038487105816052615,-11.562029384404163,-9.294133104391246
3.848710581605262,0.22680540531193333,0.038487105816052615,-11.949805380573107,-9.662731444536583
3.848710581605262,0.23051571718894417,0.038487105816052615,-12.343977323793517,-10.027923821646533
3.848710581605262,0.23422602906595502,0.038487105816052615,-12.744545214065386,-10.38792294366419
3.848710581605262,0.23793634094296587,0.038487105816052615,-13.151509051388716,-10.741035460095226
3.848710581605262,0.2416466528199767,0.038487105816052615,-13.564868835763505,-11.085698622781308
3.848710581605262,0.24535696469698753,0.038487105816052615,-13.984624567189757,-11.420512302341956
3.848710581605262,0.24906727657399838,0.038487105816052615,-14.41077624566747,-11.744265180799555
3.848710581605262,0.2527775884510092,0.038487105816052615,-14.843323871196645,-12.055954366129914
3.848710581605262,0.25648790032802005,0.038487105816052615,-15.282267443777275,-12.35479813365058
3.848710581605262,0.2601982122050309,0.038487105816052615,-15.727606963409375,-12.640241947604235
3.848710581605262,0.26390852408204174,0.038487105816052615,-16.179342430092927,-12.911958315427098
3.848710581605262,0.26761883595905256,0.038487105816052615,-16.63747384382794,-13.169841348968312
3.848710581605262,0.27132914783606343,0.038487105816052615,-17.10200120461442,-13.413997136064877
3.848710581605262,0.27503945971307425,0.038487105816052615,-17.57292451245236,-13.644731159816775
3.848710581605262,0.27874977159008507,0.038487105816052615,-18.050243767341755,-13.862534049930298
3.848710581605262,0.28246008346709595,0.038487105816052615,-18.53395896928262,-14.068066926737052
3.848710581605262,0.28617039534410676,0.038487105816052615,-19.024070118274935,-14.262147524540074
3.848710581605262,0.28988070722111764,0.038487105816052615,-19.520577214318724,-14.445738178688549
3.848710581605262,0.29359101909812846,0.038487105816052615,-20.02348025741396,-14.619936650922865
3.848710581605262,0.2973013309751393,0.038487105816052615,-20.53277924756066,-14.785970667794553
3.848710581605262,0.30101164285215015,0.038487105816052615,-21.04847418475883,-14.945196971108286
3.848710581605262,0.30472195472916097,0.038487105816052615,-21.570565069008452,-15.099105636622175
5.236587433074296,0.011607316445304631,0.052365874330742954,-0.030924102111386624,-0.9921452330114859
5.236587433074296,0.015317628322315471,0.052365874330742954,-0.053853818712139775,-1.0066551379736528
5.236587433074296,0.01902794019932631,0.052365874330742954,-0.08310305801383304,-1.0220736075405865
5.236587433074296,0.02273825207633715,0.052365874330742954,-0.1186718200164664,-1.0384663992937897
5.236587433074296,0.02644856395334799,0.052365874330742954,-0.16056010472003993,-1.0559044194197713
5.236587433074296,0.03015887583035883,0.052365874330742954,-0.20876791212455353,-1.0744641401267825
5.236587433074296,0.03386918770736967,0.052365874330742954,-0.26329524223000733,-1.0942280490794065
5.236587433074296,0.03757949958438051,0.052365874330742954,-0.3241420950364012,-1.1152851326332196
5.236587433074296,0.04128981146139135,0.052365874330742954,-0.3913084705437352,-1.137731394573636
5.236587433074296,0.04500012333840219,0.052365874330742954,-0.46479436875200925,-1.1616704119285104
5.236587433074296,0.04871043521541303,0.052365874330742954,-0.5445997896612235,-1.1872139292188733
5.236587433074296,0.05242074709242387,0.052365874330742954,-0.6307247332713778,-1.2144824922187363
5.236587433074296,0.05613105896943471,0.052365874330742954,-0.7231691995824723,-1.2436061218927041
5.236587433074296,0.05984137084644555,0.052365874330742954,-0.8219331885945068,-1.274725028644799
5.236587433074296,0.06355168272345639,0.052365874330742954,-0.9270167003074815,-1.3079903663145087
5.236587433074296,0.06726199460046722,0.052365874330742954,-1.0384197347213961,-1.3435650244633894
5.236587433074296,0.07097230647747807,0.052365874330742954,-1.1561422918362512,-1.381624456368383
5.236587433074296,0.0746826183544889,0.052365874330742954,-1.280184371652046,-1.4223575387322023
5.236587433074296,0.07839293023149975,0.052365874330742954,-1.4105459741687814,-1.465967457385967
5.236587433074296,0.08210324210851058,0.052365874330742954,-1.5472270993864563,-1.5126726111380293
5.236587433074296,0.08581355398552143,0.052365874330742954,-1.690227747305072,-1.5627075233536956
5.236587433074296,0.08952386586253226,0.052365874330742954,-1.8395479179246275,-1.6163237477652048
5.236587433074296,0.09323417773954311,0.052365874330742954,-1.995187611245123,-1.6737907513392676
5.236587433074296,0.09694448961655394,0.052365874330742954,-2.157146827266559,-1.735396752698314
5.236587433074296,0.10065480149356479,0.052365874330742954,-2.3254255659889345,-1.8014494895309112
5.236587433074296,0.10436511337057562,0.052365874330742954,-2.5000238274122504,-1.872276882575005
5.236587433074296,0.10807542524758647,0.052365874330742954,-2.680941611536507,-1.9482275570668777
5.236587433074296,0.1117857371245973,0.052365874330742954,-2.8681789183617026,-2.0296711749974143
5.236587433074296,0.11549604900160815,0.052365874330742954,-3.0617357478878393,-2.1169985231215813
5.236587433074296,0.11920636087861898,0.052365874330742954,-3.2616121001149154,-2.210621292498873
5.236587433074296,0.12291667275562983,0.052365874330742954,-3.4678079750429323,-2.31097147555032
5.236587433074296,0.12662698463264066,0.052365874330742954,-3.680323372671889,-2.418500296452766
5.236587433074296,0.1303372965096515,0.052365874330742954,-3.8991582930017854,-2.5336765805368655
5.236587433074296,0.13404760838666235,0.052365874330742954,-4.124312736032623,-2.6569844587624365
5.236587433074296,0.13775792026367317,0.052365874330742954,-4.355786701764399,-2.7889202950660037
5.236587433074296,0.14146823214068402,0.052365874330742954,-4.593580190197117,-2.92998871840156
5.236587433074296,0.14517854401769487,0.052365874330742954,-4.837693201330774,-3.080697638883243
5.236587433074296,0.1488888558947057,0.052365874330742954,-5.088125735165372,-3.2415521301284462
5.236587433074296,0.15259916777171653,0.052365874330742954,-5.344877791700908,-3.4130470695072614
5.236587433074296,0.15630947964872738,0.052365874330742954,-5.607949370937386,-3.595658446579194
5.236587433074296,0.16001979152573823,0.052365874330742954,-5.877340472874804,-3.789833279731653
5.236587433074296,0.16373010340274907,0.052365874330742954,-6.1530510975131625,-3.9959781240986634
5.236587433074296,0.1674404152797599,0.052365874330742954,-6.435081244852459,-4.214446212143606
5.236587433074296,0.17115072715677074,0.052365874330742954,-6.723430914892697,-4.445523343151043
5.236587433074296,0.17486103903378158,0.052365874330742954,-7.0181001076338765,-4.689412729580035
5.236587433074296,0.17857135091079243,0.052365874330742954,-7.319088823075995,-4.946219115549568
5.236587433074296,0.18228166278780325,0.052365874330742954,-7.626397061219053,-5.215932602359329
5.236587433074296,0.1859919746648141,0.052365874330742954,-7.940024822063051,-5.498412742051226
5.236587433074296,0.18970228654182494,0.052365874330742954,-8.259972105607991,-5.793373583862985
5.236587433074296,0.1934125984188358,0.052365874330742954,-8.58623891185387,-6.100370468368544
5.236587433074296,0.1971229102958466,0.052365874330742954,-8.918825240800688,-6.418789445988281
5.236587433074296,0.20083322217285746,0.052365874330742954,-9.257731092448447,-6.747840234724444
5.236587433074296,0.2045435340498683,0.052365874330742954,-9.602956466797146,-7.086553610908943
5.236587433074296,0.20825384592687915,0.052365874330742954,-9.954501363846786,-7.433784033317034
5.236587433074296,0.21196415780388997,0.052365874330742954,-10.312365783597365,-7.78821812712413
5.236587433074296,0.21567446968090082,0.052365874330742954,-10.676549726048885,-8.148389399497878
5.236587433074296,0.21938478155791166,0.052365874330742954,-11.047053191201345,-8.512699232583198
5.236587433074296,0.2230950934349225,0.052365874330742954,-11.423876179054744,-8.879443822509822
5.236587433074296,0.22680540531193333,0.052365874330742954,-11.807018689609082,-9.246846335161704
5.236587433074296,0.23051571718894417,0.052365874330742954,-12.196480722864363,-9.613093168535464
5.236587433074296,0.23422602906595502,0.052365874330742954,-12.592262278820584,-9.976372888226074
5.236587433074296,0.23793634094296587,0.052365874330742954,-12.994363357477745,-10.33491617474559
5.236587433074296,0.2416466528199767,0.052365874330742954,-13.402783958835842,-10.687035018084487
5.236587433074296,0.24535696469698753,0.052365874330742954,-13.817524082894884,-11.031159431548662
5.236587433074296,0.24906727657399838,0.052365874330742954,-14.238583729654865,-11.365870132274376
5.236587433074296,0.2527775884510092,0.052365874330742954,-14.665962899115788,-11.689925932129348
5.236587433074296,0.25648790032802005,0.052365874330742954,-15.099661591277645,-12.002284968276914
5.236587433074296,0.2601982122050309,0.052365874330742954,-15.539679806140452,-12.302119337008934
5.236587433074296,0.26390852408204174,0.052365874330742954,-15.986017543704188,-12.588823134444532
5.236587433074296,0.26761883595905256,0.052365874330742954,-16.438674803968865,-12.862014313820273
5.236587433074296,0.27132914783606343,0.052365874330742954,-16.897651586934494,-13.121531110362378
5.236587433074296,0.27503945971307425,0.052365874330742954,-17.362947892601053,-13.367424041671532
5.236587433074296,0.27874977159008507,0.052365874330742954,-17.83456372096855,-13.599944657066438
5.236587433074296,0.28246008346709595,0.052365874330742954,-18.312499072037,-13.819532287576742
5.236587433074296,0.28617039534410676,0.052365874330742954,-18.796753945806376,-14.026800052180507
5.236587433074296,0.28988070722111764,0.052365874330742954,-19.2873283422767,-14.222521324005312
5.236587433074296,0.29359101909812846,0.052365874330742954,-19.78422226144796,-14.407617773588576
5.236587433074296,0.2973013309751393,0.052365874330742954,-20.28743570332016,-14.583150005712646
5.236587433074296,0.30101164285215015,0.052365874330742954,-20.79696866789331,-14.750311710327804
5.236587433074296,0.30472195472916097,0.052365874330742954,-21.312821155167388,-14.910428171620797
6.62446428454333,0.011607316445304631,0.0662446428454333,-0.030550125383848745,-0.9909481630118457
6.62446428454333,0.015317628322315471,0.0662446428454333,-0.053202544349675154,-1.0049679294517673
6.62446428454333,0.01902794019932631,0.0662446428454333,-0.08209806166592094,-1.019845140326233
6.62446428454333,0.02273825207633715,0.0662446428454333,-0.11723667733258615,-1.035640675823859
6.62446428454333,0.02644856395334799,0.0662446428454333,-0.1586183913496708,-1.0524201115047997
6.62446428454333,0.03015887583035883,0.0662446428454333,-0.2062432037171748,-1.0702540950275377
6.62446428454333,0.03386918770736967,0.0662446428454333,-0.26011111443509827,-1.0892187517575653
6.62446428454333,0.03757949958438051,0.0662446428454333,-0.3202221235034411,-1.1093961209344751
6.62446428454333,0.04128981146139135,0.0662446428454333,-0.38657623092220333,-1.1308746240307803
6.62446428454333,0.04500012333840219,0.0662446428454333,-0.459173436691385,-1.1537495668493198
6.62446428454333,0.04871043521541303,0.0662446428454333,-0.5380137408109861,-1.1781236767646073
6.62446428454333,0.05242074709242387,0.0662446428454333,-0.6230971432810065,-1.2041076763036753
6.62446428454333,0.05613105896943471,0.0662446428454333,-0.7144236441014464,-1.2318208939671305
6.62446428454333,0.05984137084644555,0.0662446428454333,-0.8119932432723056,-1.2613919127921158
6.62446428454333,0.06355168272345639,0.0662446428454333,-0.9158059407935843,-1.2929592566327828
6.62446428454333,0.06726199460046722,0.0662446428454333,-1.0258617366652822,-1.3266721134538857
6.62446428454333,0.07097230647747807,0.0662446428454333,-1.1421606308873997,-1.3626910940680106
6.62446428454333,0.0746826183544889,0.0662446428454333,-1.2647026234599366,-1.4011890236610962
6.62446428454333,0.07839293023149975,0.0662446428454333,-1.393487714382893,-1.4423517621029842
6.62446428454333,0.08210324210851058,0.0662446428454333,-1.5285159036562685,-1.4863790473834588
6.62446428454333,0.08581355398552143,0.0662446428454333,-1.6697871912800637,-1.533485354497933
6.62446428454333,0.08952386586253226,0.0662446428454333,-1.8173015772542782,-1.5839007596739179
6.62446428454333,0.09323417773954311,0.0662446428454333,-1.971059061578912,-1.637871796918089
6.62446428454333,0.09694448961655394,0.0662446428454333,-2.1310596442539653,-1.6956622904107008
6.62446428454333,0.10065480149356479,0.0662446428454333,-2.297303325279438,-1.7575541422137562
6.62446428454333,0.10436511337057562,0.0662446428454333,-2.4697901046553303,-1.823848050029944
6.62446428454333,0.10807542524758647,0.0662446428454333,-2.648519982381642,-1.8948641242956743
6.62446428454333,0.1117857371245973,0.0662446428454333,-2.8334929584583723,-1.9709423676727504
6.62446428454333,0.11549604900160815,0.0662446428454333,-3.024709032885523,-2.052442973001733
6.62446428454333,0.11920636087861898,0.0662446428454333,-3.2221682056630927,-2.1397463880126915
6.62446428454333,0.12291667275562983,0.0662446428454333,-3.425870476791082,-2.23325308662307
6.62446428454333,0.12662698463264066,0.0662446428454333,-3.6358158462694905,-2.3333829776234123
6.62446428454333,0.1303372965096515,0.0662446428454333,-3.8520043140983184,-2.4405743721871174
6.62446428454333,0.13404760838666235,0.0662446428454333,-4.074435880277567,-2.5552824222853063
6.62446428454333,0.13775792026367317,0.0662446428454333,-4.3031105448072315,-2.677976933235555
6.62446428454333,0.14146823214068402,0.0662446428454333,-4.538028307687319,-2.8091394459360477
6.62446428454333,0.14517854401769487,0.0662446428454333,-4.779189168917824,-2.949259478718183
6.62446428454333,0.1488888558947057,0.0662446428454333,-5.0265931284987495,-3.098829816310768
6.62446428454333,0.15259916777171653,0.0662446428454333,-5.280240186430093,-3.258340735520312
6.62446428454333,0.15630947964872738,0.0662446428454333,-5.540130342711858,-3.4282730655171383
6.62446428454333,0.16001979152573823,0.0662446428454333,-5.80626359734404,-3.6090899969142702
6.62446428454333,0.16373010340274907,0.0662446428454333,-6.078639950326644,-3.801227580115115
6.62446428454333,0.1674404152797599,0.0662446428454333,-6.357259401659664,-4.005083891675555
6.62446428454333,0.17115072715677074,0.0662446428454333,-6.642121951343106,-4.221006899469836
6.62446428454333,0.17486103903378158,0.0662446428454333,-6.933227599376968,-4.449281124583985
6.62446428454333,0.17857135091079243,0.0662446428454333,-7.230576345761247,-4.690113280554778
6.62446428454333,0.18228166278780325,0.0662446428454333,-7.534168190495946,-4.94361716801189
6.62446428454333,0.1859919746648141,0.0662446428454333,-7.844003133581065,-5.209798212386056
6.62446428454333,0.18970228654182494,0.0662446428454333,-8.160081175016606,-5.488538149316809
6.62446428454333,0.1934125984188358,0.0662446428454333,-8.482402314802563,-5.779580479358367
6.62446428454333,0.1971229102958466,0.0662446428454333,-8.81096655293894,-6.082517420484422
6.62446428454333,0.20083322217285746,0.0662446428454333,-9.145773889425735,-6.396779171234188
6.62446428454333,0.2045435340498683,0.0662446428454333,-9.486824324262953,-6.721626344929906
6.62446428454333,0.20825384592687915,0.0662446428454333,-9.834117857450588,-7.056146431663079
6.62446428454333,0.21196415780388997,0.0662446428454333,-10.187654488988642,-7.399255076653763
6.62446428454333,0.21567446968090082,0.0662446428454333,-10.547434218877116,-7.749702821963485
6.62446428454333,0.21938478155791166,0.0662446428454333,-10.913457047116012,-8.10608774056701
6.62446428454333,0.2230950934349225,0.0662446428454333,-11.285722973705324,-8.466874103163173
6.62446428454333,0.22680540531193333,0.0662446428454333,-11.664231998645054,-8.830416874367106
6.62446428454333,0.23051571718894417,0.0662446428454333,-12.048984121935208,-9.194991461383974
6.62446428454333,0.23422602906595502,0.0662446428454333,-12.439979343575779,-9.558827768184644
6.62446428454333,0.23793634094296587,0.0662446428454333,-12.83721766356677,-9.920147279242137
6.62446428454333,0.2416466528199767,0.0662446428454333,-13.24069908190818,-10.277201646118598
6.62446428454333,0.24535696469698753,0.0662446428454333,-13.650423598600009,-10.628311108561665
6.62446428454333,0.24906727657399838,0.0662446428454333,-14.066391213642259,-10.97190106900282
6.62446428454333,0.2527775884510092,0.0662446428454333,-14.48860192703493,-11.306535260438118
6.62446428454333,0.25648790032802005,0.0662446428454333,-14.917055738778012,-11.630944191709801
6.62446428454333,0.2601982122050309,0.0662446428454333,-15.351752648871525,-11.944047895946632
6.62446428454333,0.26390852408204174,0.0662446428454333,-15.792692657315447,-12.244972411707522
6.62446428454333,0.26761883595905256,0.0662446428454333,-16.23987576410979,-12.533059851662903
6.62446428454333,0.27132914783606343,0.0662446428454333,-16.69330196925456,-12.807872320964577
6.62446428454333,0.27503945971307425,0.0662446428454333,-17.152971272749745,-13.069190303635562
6.62446428454333,0.27874977159008507,0.0662446428454333,-17.618883674595345,-13.3170064171868
6.62446428454333,0.28246008346709595,0.0662446428454333,-18.091039174791373,-13.551515631718376
6.62446428454333,0.28617039534410676,0.0662446428454333,-18.569437773337814,-13.773103159822163
6.62446428454333,0.28988070722111764,0.0662446428454333,-19.05407947023468,-13.98233125699324
6.62446428454333,0.29359101909812846,0.0662446428454333,-19.54496426548196,-14.179926145012221
6.62446428454333,0.2973013309751393,0.0662446428454333,-20.042092159079658,-14.366766202554762
6.62446428454333,0.30101164285215015,0.0662446428454333,-20.545463151027786,-14.543872478612972
6.62446428454333,0.30472195472916097,0.0662446428454333,-21.05507724132632,-14.712402494236906
8.012341136012365,0.011607316445304631,0.08012341136012364,-0.03017614865631087,-0.9896542484794333
8.012341136012365,0.015317628322315471,0.08012341136012364,-0.05255126998721053,-1.0032009339866685
8.012341136012365,0.01902794019932631,0.08012341136012364,-0.08109306531800888,-1.0175571514101738
8.012341136012365,0.02273825207633715,0.08012341136012364,-0.1158015346487059,-1.0327793085790562
8.012341136012365,0.02644856395334799,0.08012341136012364,-0.15667667797930165,-1.0489280994557677
8.012341136012365,0.03015887583035883,0.08012341136012364,-0.2037184953097961,-1.0660688444257338
8.012341136012365,0.03386918770736967,0.08012341136012364,-0.25692698664018926,-1.0842718566339626
8.012341136012365,0.03757949958438051,0.08012341136012364,-0.31630215197048106,-1.1036128359323807
8.012341136012365,0.04128981146139135,0.08012341136012364,-0.3818439913006716,-1.1241732919837184
8.012341136012365,0.04500012333840219,0.08012341136012364,-0.4535525046307608,-1.1460409980165749
8.012341136012365,0.04871043521541303,0.08012341136012364,-0.5314276919607487,-1.169310476632461
8.012341136012365,0.05242074709242387,0.08012341136012364,-0.6154695532906354,-1.1940835189185628
8.012341136012365,0.05613105896943471,0.08012341136012364,-0.7056780886204206,-1.2204697379068326
8.012341136012365,0.05984137084644555,0.08012341136012364,-0.8020532979501046,-1.2485871571249585
8.012341136012365,0.06355168272345639,0.08012341136012364,-0.9045951812796873,-1.2785628345903084
8.012341136012365,0.06726199460046722,0.08012341136012364,-1.0133037386091683,-1.3105335220819758
8.012341136012365,0.07097230647747807,0.08012341136012364,-1.1281789699385485,-1.3446463588641304
8.012341136012365,0.0746826183544889,0.08012341136012364,-1.249220875267827,-1.3810595981970368
8.012341136012365,0.07839293023149975,0.08012341136012364,-1.3764294545970046,-1.4199433639268522
8.012341136012365,0.08210324210851058,0.08012341136012364,-1.5098047079260808,-1.4614804331544042
8.012341136012365,0.08581355398552143,0.08012341136012364,-1.6493466352550559,-1.505867039403416
8.012341136012365,0.08952386586253226,0.08012341136012364,-1.7950552365839292,-1.5533136887936299
8.012341136012365,0.09323417773954311,0.08012341136012364,-1.9469305119127014,-1.6040459794215685
8.012341136012365,0.09694448961655394,0.08012341136012364,-2.1049724612413723,-1.6583054114065425
8.012341136012365,0.10065480149356479,0.08012341136012364,-2.269181084569942,-1.7163501718141565
8.012341136012365,0.10436511337057562,0.08012341136012364,-2.43955638189841,-1.7784558748656512
8.012341136012365,0.10807542524758647,0.08012341136012364,-2.616098353226777,-1.84491623342422
8.012341136012365,0.1117857371245973,0.08012341136012364,-2.7988069985550426,-1.9160436326702635
8.012341136012365,0.11549604900160815,0.08012341136012364,-2.9876823178832073,-1.9921695711016882
8.012341136012365,0.11920636087861898,0.08012341136012364,-3.18272431121127,-2.0736449275087288
8.012341136012365,0.12291667275562983,0.08012341136012364,-3.383932978539232,-2.1608400053932546
8.012341136012365,0.12662698463264066,0.08012341136012364,-3.5913083198670925,-2.2541442984928914
8.012341136012365,0.1303372965096515,0.08012341136012364,-3.8048503351948515,-2.353965912754655
8.012341136012365,0.13404760838666235,0.08012341136012364,-4.02455902452251,-2.460730571487519
8.012341136012365,0.13775792026367317,0.08012341136012364,-4.250434387850065,-2.5748801218182336
8.012341136012365,0.14146823214068402,0.08012341136012364,-4.482476425177521,-2.6968704524220732
8.012341136012365,0.14517854401769487,0.08012341136012364,-4.7206851365048745,-2.8271687253995927
8.012341136012365,0.1488888558947057,0.08012341136012364,-4.965060521832128,-2.9662498199084286
8.012341136012365,0.15259916777171653,0.08012341136012364,-5.2156025811592786,-3.1145918827316015
8.012341136012365,0.15630947964872738,0.08012341136012364,-5.472311314486329,-3.2726708825913255
8.012341136012365,0.16001979152573823,0.08012341136012364,-5.735186721813278,-3.440954072143881
8.012341136012365,0.16373010340274907,0.08012341136012364,-6.004228803140125,-3.6198922758605585
8.012341136012365,0.1674404152797599,0.08012341136012364,-6.27943755846687,-3.8099109451912248
8.012341136012365,0.17115072715677074,0.08012341136012364,-6.560812987793515,-4.011399956331522
8.012341136012365,0.17486103903378158,0.08012341136012364,-6.84835509112006,-4.224702172240337
8.012341136012365,0.17857135091079243,0.08012341136012364,-7.142063868446501,-4.450100850572193
8.012341136012365,0.18228166278780325,0.08012341136012364,-7.441939319772842,-4.687806053497267
8.012341136012365,0.1859919746648141,0.08012341136012364,-7.7479814450990805,-4.93794030350552
8.012341136012365,0.18970228654182494,0.08012341136012364,-8.06019024442522,-5.20052382925916
8.012341136012365,0.1934125984188358,0.08012341136012364,-8.378565717751258,-5.475459853479078
8.012341136012365,0.1971229102958466,0.08012341136012364,-8.703107865077191,-5.762520484567606
8.012341136012365,0.20083322217285746,0.08012341136012364,-9.033816686403025,-6.06133387658396
8.012341136012365,0.2045435340498683,0.08012341136012364,-9.37069218172876,-6.371373407376451
8.012341136012365,0.20825384592687915,0.08012341136012364,-9.713734351054391,-6.69194967942108
8.012341136012365,0.21196415780388997,0.08012341136012364,-10.06294319437992,-7.022206158740966
8.012341136012365,0.21567446968090082,0.08012341136012364,-10.41831871170535,-7.361119221518308
8.012341136012365,0.21938478155791166,0.08012341136012364,-10.779860903030679,-7.707503265821579
8.012341136012365,0.2230950934349225,0.08012341136012364,-11.147569768355904,-8.060021362513748
8.012341136012365,0.22680540531193333,0.08012341136012364,-11.521445307681027,-8.417201667371547
8.012341136012365,0.23051571718894417,0.08012341136012364,-11.901487521006052,-8.777459506998623
8.012341136012365,0.23422602906595502,0.08012341136012364,-12.287696408330977,-9.139124704748177
8.012341136012365,0.23793634094296587,0.08012341136012364,-12.680071969655797,-9.500473358256682
8.012341136012365,0.2416466528199767,0.08012341136012364,-13.078614204980516,-9.859762951484868
8.012341136012365,0.24535696469698753,0.08012341136012364,-13.483323114305135,-10.215269416847718
8.012341136012365,0.24906727657399838,0.08012341136012364,-13.894198697629653,-10.565324588870904
8.012341136012365,0.2527775884510092,0.08012341136012364,-14.311240954954071,-10.908352432902593
8.012341136012365,0.25648790032802005,0.08012341136012364,-14.734449886278382,-11.242902501120437
8.012341136012365,0.2601982122050309,0.08012341136012364,-15.163825491602601,-11.567679259062237
8.012341136012365,0.26390852408204174,0.08012341136012364,-15.59936777092671,-11.881566220505173
8.012341136012365,0.26761883595905256,0.08012341136012364,-16.041076724250715,-12.183644196526716
8.012341136012365,0.27132914783606343,0.08012341136012364,-16.488952351574632,-12.473203368927287
8.012341136012365,0.27503945971307425,0.08012341136012364,-16.942994652898438,-12.749749300468494
8.012341136012365,0.27874977159008507,0.08012341136012364,-17.40320362822214,-13.013003360159221
8.012341136012365,0.28246008346709595,0.08012341136012364,-17.869579277545753,-13.262898344855287
8.012341136012365,0.28617039534410676,0.08012341136012364,-18.342121600869252,-13.499570303072096
8.012341136012365,0.28988070722111764,0.08012341136012364,-18.82083059819266,-13.7233477085962
8.012341136012365,0.29359101909812846,0.08012341136012364,-19.30570626951596,-13.934739195622258
8.012341136012365,0.2973013309751393,0.08012341136012364,-19.796748614839156,-14.134421066774411
8.012341136012365,0.30101164285215015,0.08012341136012364,-20.29395763416226,-14.323225738309914
8.012341136012365,0.30472195472916097,0.08012341136012364,-20.797333327485255,-14.502132212799431
9.4002179874814,0.011607316445304631,0.09400217987481399,-0.02980217192877299,-0.9882781557952174
9.4002179874814,0.015317628322315471,0.09400217987481399,-0.05189999562474591,-1.0013689821332394
9.4002179874814,0.01902794019932631,0.09400217987481399,-0.0800880689700968,-1.0152244713333873
9.4002179874814,0.02273825207633715,0.09400217987481399,-0.11436639196482568,-1.0298969311854762
9.4002179874814,0.02644856395334799,0.09400217987481399,-0.15473496460893255,-1.045442586081979
9.4002179874814,0.03015887583035883,0.09400217987481399,-0.20119378690241738,-1.061921884685753
9.4002179874814,0.03386918770736967,0.09400217987481399,-0.25374285884528025,-1.0793998310883035
9.4002179874814,0.03757949958438051,0.09400217987481399,-0.31238218043752103,-1.097946340907785
9.4002179874814,0.04128981146139135,0.09400217987481399,-0.37711175167913985,-1.1176366237758155
9.4002179874814,0.04500012333840219,0.09400217987481399,-0.4479315725701366,-1.1385515936366049
9.4002179874814,0.04871043521541303,0.09400217987481399,-0.5248416431105114,-1.160778308223409
9.4002179874814,0.05242074709242387,0.09400217987481399,-0.6078419633002641,-1.184410438977204
9.4002179874814,0.05613105896943471,0.09400217987481399,-0.6969325331393948,-1.2095487725210754
9.4002179874814,0.05984137084644555,0.09400217987481399,-0.7921133526279035,-1.2363017445879683
9.4002179874814,0.06355168272345639,0.09400217987481399,-0.8933844217657902,-1.2647860070055938
9.4002179874814,0.06726199460046722,0.09400217987481399,-1.0007457405530547,-1.2951270279527658
9.4002179874814,0.07097230647747807,0.09400217987481399,-1.1141973089896973,-1.327459725196436
9.4002179874814,0.0746826183544889,0.09400217987481399,-1.2337391270757179,-1.3619291313751716
9.4002179874814,0.07839293023149975,0.09400217987481399,-1.3593711948111165,-1.3986910895857596
9.4002179874814,0.08210324210851058,0.09400217987481399,-1.491093512195893,-1.4379129765244176
9.4002179874814,0.08581355398552143,0.09400217987481399,-1.6289060792300478,-1.479774449198238
9.4002179874814,0.08952386586253226,0.09400217987481399,-1.7728088959135802,-1.5244682097166757
9.4002179874814,0.09323417773954311,0.09400217987481399,-1.9228019622464907,-1.5722007808543812
9.4002179874814,0.09694448961655394,0.09400217987481399,-2.078885278228779,-1.6231932828984754
9.4002179874814,0.10065480149356479,0.09400217987481399,-2.2410588438604457,-1.6776821997055786
9.4002179874814,0.10436511337057562,0.09400217987481399,-2.40932265914149,-1.7359201188447968
9.4002179874814,0.10807542524758647,0.09400217987481399,-2.5836767240719127,-1.7981764271407394
9.4002179874814,0.1117857371245973,0.09400217987481399,-2.7641210386517128,-1.8647379388067153
9.4002179874814,0.11549604900160815,0.09400217987481399,-2.9506556028808912,-1.9359094286303549
9.4002179874814,0.11920636087861898,0.09400217987481399,-3.1432804167594477,-2.0120140373127993
9.4002179874814,0.12291667275562983,0.09400217987481399,-3.341995480287382,-2.0933935100573975
9.4002179874814,0.12662698463264066,0.09400217987481399,-3.5468007934646946,-2.1804082228737562
9.4002179874814,0.1303372965096515,0.09400217987481399,-3.7576963562913845,-2.2734369438665527
9.4002179874814,0.13404760838666235,0.09400217987481399,-3.9746821687674534,-2.3728762691303484
9.4002179874814,0.13775792026367317,0.09400217987481399,-4.197758230892899,-2.4791396649583333
9.4002179874814,0.14146823214068402,0.09400217987481399,-4.426924542667724,-2.5926560401741465
9.4002179874814,0.14517854401769487,0.09400217987481399,-4.662181104091926,-2.7138677649069414
9.4002179874814,0.1488888558947057,0.09400217987481399,-4.9035279151655065,-2.8432280455861405
9.4002179874814,0.15259916777171653,0.09400217987481399,-5.1509649758884635,-2.9811975610321397
9.4002179874814,0.15630947964872738,0.09400217987481399,-5.4044922862608,-3.1282402621473895
9.4002179874814,0.16001979152573823,0.09400217987481399,-5.664109846282515,-3.284818238950128
9.4002179874814,0.16373010340274907,0.09400217987481399,-5.929817655953607,-3.4513855648230973
9.4002179874814,0.1674404152797599,0.09400217987481399,-6.201615715274076,-3.6283810403335903
9.4002179874814,0.17115072715677074,0.09400217987481399,-6.479504024243924,-3.816219779412276
9.4002179874814,0.17486103903378158,0.09400217987481399,-6.763482582863151,-4.0152836106924905
9.4002179874814,0.17857135091079243,0.09400217987481399,-7.053551391131755,-4.225910307947371
9.4002179874814,0.18228166278780325,0.09400217987481399,-7.349710449049737,-4.4483817170615385
9.4002179874814,0.1859919746648141,0.09400217987481399,-7.651959756617096,-4.682910913517778
9.4002179874814,0.18970228654182494,0.09400217987481399,-7.960299313833835,-4.929628603760822
9.4002179874814,0.1934125984188358,0.09400217987481399,-8.274729120699952,-5.188569074554284
9.4002179874814,0.1971229102958466,0.09400217987481399,-8.595249177215445,-5.459656093466406
9.4002179874814,0.20083322217285746,0.09400217987481399,-8.921859483380315,-5.7426892658201485
9.4002179874814,0.2045435340498683,0.09400217987481399,-9.254560039194567,-6.037331451551172
9.4002179874814,0.20825384592687915,0.09400217987481399,-9.593350844658195,-6.343097929990291
9.4002179874814,0.21196415780388997,0.09400217987481399,-9.9382318997712,-6.659348060364891
9.4002179874814,0.21567446968090082,0.09400217987481399,-10.289203204533584,-6.9852802085040935
9.4002179874814,0.21938478155791166,0.09400217987481399,-10.646264758945346,-7.31993068377224
9.4002179874814,0.2230950934349225,0.09400217987481399,-11.009416563006486,-7.662177344525716
9.4002179874814,0.22680540531193333,0.09400217987481399,-11.378658616717003,-8.01074837922596
9.4002179874814,0.23051571718894417,0.09400217987481399,-11.753990920076898,-8.364236553576315
9.4002179874814,0.23422602906595502,0.09400217987481399,-12.135413473086173,-8.72111893917011
9.4002179874814,0.23793634094296587,0.09400217987481399,-12.522926275744826,-9.07978182212605
9.4002179874814,0.2416466528199767,0.09400217987481399,-12.916529328052853,-9.438550155126345
9.4002179874814,0.24535696469698753,0.09400217987481399,-13.316222630010262,-9.795720593456434
9.4002179874814,0.24906727657399838,0.09400217987481399,-13.722006181617049,-10.149596878238887
9.4002179874814,0.2527775884510092,0.09400217987481399,-14.133879982873214,-10.498526129697852
9.4002179874814,0.25648790032802005,0.09400217987481399,-14.551844033778751,-10.84093451534446
9.4002179874814,0.2601982122050309,0.09400217987481399,-14.975898334333676,-11.175360777326855
9.4002179874814,0.26390852408204174,0.09400217987481399,-15.406042884537971,-11.500486241525156
9.4002179874814,0.26761883595905256,0.09400217987481399,-15.842277684391643,-11.81516017614018
9.4002179874814,0.27132914783606343,0.09400217987481399,-16.2846027338947,-12.118419695213007
9.4002179874814,0.27503945971307425,0.09400217987481399,-16.73301803304713,-12.40950377992441
9.4002179874814,0.27874977159008507,0.09400217987481399,-17.187523581848936,-12.687861381308027
9.4002179874814,0.28246008346709595,0.09400217987481399,-17.64811938030013,-12.953153937463597
9.4002179874814,0.28617039534410676,0.09400217987481399,-18.114805428400693,-13.20525295791722
9.4002179874814,0.28988070722111764,0.09400217987481399,-18.587581726150642,-13.444233578098972
9.4002179874814,0.29359101909812846,0.09400217987481399,-19.06644827354996,-13.670365159167565
9.4002179874814,0.2973013309751393,0.09400217987481399,-19.551405070598655,-13.884100103882565
9.4002179874814,0.30101164285215015,0.09400217987481399,-20.04245211729674,-14.086062087543718
9.4002179874814,0.30472195472916097,0.09400217987481399,-20.53958941364419,-14.277034879644852
10.788094838950434,0.011607316445304631,0.10788094838950434,-0.029428195201235116,-0.9868334771837439
10.788094838950434,0.015317628322315471,0.10788094838950434,-0.0512487212622813,-0.9994856947922814
10.788094838950434,0.01902794019932631,0.10788094838950434,-0.07908307262218474,-1.0128605847758463
10.788094838950434,0.02273825207633715,0.10788094838950434,-0.11293124928094543,-1.0270066965363909
10.788094838950434,0.02644856395334799,0.10788094838950434,-0.15279325123856344,-1.041976162340804
10.788094838950434,0.03015887583035883,0.10788094838950434,-0.19866907849503868,-1.0578249757833427
10.788094838950434,0.03386918770736967,0.10788094838950434,-0.25055873105037124,-1.0746132914381308
10.788094838950434,0.03757949958438051,0.10788094838950434,-0.308462208904561,-1.092405747037834
10.788094838950434,0.04128981146139135,0.10788094838950434,-0.3723795120576081,-1.1112718095270835
10.788094838950434,0.04500012333840219,0.10788094838950434,-0.4423106405095124,-1.131286146331997
10.788094838950434,0.04871043521541303,0.10788094838950434,-0.518255594260274,-1.1525290231543464
10.788094838950434,0.05242074709242387,0.10788094838950434,-0.6002143733098929,-1.1750867295341272
10.788094838950434,0.05613105896943471,0.10788094838950434,-0.688186977658369,-1.1990520333188153
10.788094838950434,0.05984137084644555,0.10788094838950434,-0.7821734073057024,-1.2245246650222166
10.788094838950434,0.06355168272345639,0.10788094838950434,-0.8821736622518931,-1.2516118328386594
10.788094838950434,0.06726199460046722,0.10788094838950434,-0.9881877424969409,-1.2804287687856788
10.788094838950434,0.07097230647747807,0.10788094838950434,-1.100215648040846,-1.311099306064635
10.788094838950434,0.0746826183544889,0.10788094838950434,-1.2182573788836084,-1.3437564872348715
10.788094838950434,0.07839293023149975,0.10788094838950434,-1.3423129350252283,-1.3785432021715662
10.788094838950434,0.08210324210851058,0.10788094838950434,-1.4723823164657053,-1.4156128539958321
10.788094838950434,0.08581355398552143,0.10788094838950434,-1.6084655232050398,-1.4551300501989997
10.788094838950434,0.08952386586253226,0.10788094838950434,-1.7505625552432311,-1.4972713150001282
10.788094838950434,0.09323417773954311,0.10788094838950434,-1.89867341258028,-1.5422258175405008
10.788094838950434,0.09694448961655394,0.10788094838950434,-2.052798095216186,-1.5901961087922083
10.788094838950434,0.10065480149356479,0.10788094838950434,-2.212936603150949,-1.64139885799753
10.788094838950434,0.10436511337057562,0.10788094838950434,-2.3790889363845698,-1.696065577016463
10.788094838950434,0.10807542524758647,0.10788094838950434,-2.5512550949170483,-1.754443318095614
10.788094838950434,0.1117857371245973,0.10788094838950434,-2.729435078748383,-1.8167953272362873
10.788094838950434,0.11549604900160815,0.10788094838950434,-2.9136288878785757,-1.8834016314905835
10.788094838950434,0.11920636087861898,0.10788094838950434,-3.103836522307625,-1.9545595341153081
10.788094838950434,0.12291667275562983,0.10788094838950434,-3.3000579820355322,-2.030583986539662
10.788094838950434,0.12662698463264066,0.10788094838950434,-3.502293267062296,-2.111807800547307
10.788094838950434,0.1303372965096515,0.10788094838950434,-3.7105423773879176,-2.1985816579562045
10.788094838950434,0.13404760838666235,0.10788094838950434,-3.924805313012397,-2.2912738684561145
10.788094838950434,0.13775792026367317,0.10788094838950434,-4.145082073935732,-2.3902698192397316
10.788094838950434,0.14146823214068402,0.10788094838950434,-4.371372660157926,-2.495971052809055
10.788094838950434,0.14517854401769487,0.10788094838950434,-4.603677071678976,-2.608793902105514
10.788094838950434,0.1488888558947057,0.10788094838950434,-4.841995308498885,-2.729167605255485
10.788094838950434,0.15259916777171653,0.10788094838950434,-5.086327370617648,-2.8575318162189465
10.788094838950434,0.15630947964872738,0.10788094838950434,-5.336673258035272,-2.9943334230985426
10.788094838950434,0.16001979152573823,0.10788094838950434,-5.593032970751752,-3.1400225835931477
10.788094838950434,0.16373010340274907,0.10788094838950434,-5.855406508767089,-3.295047888020264
10.788094838950434,0.1674404152797599,0.10788094838950434,-6.123793872081281,-3.4598505656200107
10.788094838950434,0.17115072715677074,0.10788094838950434,-6.398195060694333,-3.634857660784406
10.788094838950434,0.17486103903378158,0.10788094838950434,-6.678610074606243,-3.820474123847883
10.788094838950434,0.17857135091079243,0.10788094838950434,-6.965038913817009,-4.017073787595674
10.788094838950434,0.18228166278780325,0.10788094838950434,-7.257481578326631,-4.224989237100868
10.788094838950434,0.1859919746648141,0.10788094838950434,-7.555938068135111,-4.444500628062389
10.788094838950434,0.18970228654182494,0.10788094838950434,-7.860408383242451,-4.675823568209536
10.788094838950434,0.1934125984188358,0.10788094838950434,-8.170892523648646,-4.91909624756018
10.788094838950434,0.1971229102958466,0.10788094838950434,-8.487390489353697,-5.174366085317771
10.788094838950434,0.20083322217285746,0.10788094838950434,-8.809902280357607,-5.441576251525142
10.788094838950434,0.2045435340498683,0.10788094838950434,-9.138427896660374,-5.720552516114324
10.788094838950434,0.20825384592687915,0.10788094838950434,-9.472967338261999,-6.010990970619865
10.788094838950434,0.21196415780388997,0.10788094838950434,-9.813520605162479,-6.3124472504889155
10.788094838950434,0.21567446968090082,0.10788094838950434,-10.160087697361817,-6.624327948777983
10.788094838950434,0.21938478155791166,0.10788094838950434,-10.512668614860015,-6.945884944018681
10.788094838950434,0.2230950934349225,0.10788094838950434,-10.871263357657067,-7.27621335489574
10.788094838950434,0.22680540531193333,0.10788094838950434,-11.235871925752976,-7.614253772039653
10.788094838950434,0.23051571718894417,0.10788094838950434,-11.606494319147744,-7.958799295573938
10.788094838950434,0.23422602906595502,0.10788094838950434,-11.98313053784137,-8.308507723781876
10.788094838950434,0.23793634094296587,0.10788094838950434,-12.365780581833853,-8.6619189976004
10.788094838950434,0.2416466528199767,0.10788094838950434,-12.75444445112519,-9.01747771947293
10.788094838950434,0.24535696469698753,0.10788094838950434,-13.149122145715388,-9.373560253018136
10.788094838950434,0.24906727657399838,0.10788094838950434,-13.549813665604443,-9.72850559821062
10.788094838950434,0.2527775884510092,0.10788094838950434,-13.956519010792357,-10.080648955589176
10.788094838950434,0.25648790032802005,0.10788094838950434,-14.36923818127912,-10.428356673020664
10.788094838950434,0.2601982122050309,0.10788094838950434,-14.787971177064753,-10.77006113637206
10.788094838950434,0.26390852408204174,0.10788094838950434,-15.212717998149232,-11.104294139497565
10.788094838950434,0.26761883595905256,0.10788094838950434,-15.643478644532568,-11.42971735623641
10.788094838950434,0.27132914783606343,0.10788094838950434,-16.08025311621477,-11.745148731732945
10.788094838950434,0.27503945971307425,0.10788094838950434,-16.523041413195827,-12.049583894123499
10.788094838950434,0.27874977159008507,0.10788094838950434,-16.971843535475735,-12.342212032614839
10.788094838950434,0.28246008346709595,0.10788094838950434,-17.426659483054507,-12.622426060850813
10.788094838950434,0.28617039534410676,0.10788094838950434,-17.88748925593213,-12.889827251247409
10.788094838950434,0.28988070722111764,0.10788094838950434,-18.35433285410862,-13.144224856681134
10.788094838950434,0.29359101909812846,0.10788094838950434,-18.82719027758396,-13.385631508116425
10.788094838950434,0.2973013309751393,0.10788094838950434,-19.306061526358157,-13.614255377608188
10.788094838950434,0.30101164285215015,0.10788094838950434,-19.790946600431216,-13.830490222703206
10.788094838950434,0.30472195472916097,0.10788094838950434,-20.281845499803126,-14.034904486507092
12.175971690419468,0.011607316445304631,0.12175971690419468,-0.029054218473697234,-0.9853327403423475
12.175971690419468,0.015317628322315471,0.12175971690419468,-0.05059744689981667,-0.9975635113361925
12.175971690419468,0.01902794019932631,0.12175971690419468,-0.07807807627427264,-1.0104776792996613
12.175971690419468,0.02273825207633715,0.12175971690419468,-0.11149610659706517,-1.0241203482948937
12.175971690419468,0.02644856395334799,0.12175971690419468,-0.1508515378681943,-1.0385399037431764
12.175971690419468,0.03015887583035883,0.12175971690419468,-0.19614437008765995,-1.053788264737475
12.175971690419468,0.03386918770736967,0.12175971690419468,-0.2473746032554622,-1.0699211554780548
12.175971690419468,0.03757949958438051,0.12175971690419468,-0.30454223737160097,-1.0869983970582884
12.175971690419468,0.04128981146139135,0.12175971690419468,-0.3676472724360763,-1.1050842208487226
12.175971690419468,0.04500012333840219,0.12175971690419468,-0.43668970844888816,-1.1242476047329935
12.175971690419468,0.04871043521541303,0.12175971690419468,-0.5116695454100366,-1.144562633435354
12.175971690419468,0.05242074709242387,0.12175971690419468,-0.5925867833195216,-1.1661088841403524
12.175971690419468,0.05613105896943471,0.12175971690419468,-0.6794414221773432,-1.1889718385346604
12.175971690419468,0.05984137084644555,0.12175971690419468,-0.7722334619835012,-1.213243322290837
12.175971690419468,0.06355168272345639,0.12175971690419468,-0.8709629027379959,-1.2390219728543643
12.175971690419468,0.06726199460046722,0.12175971690419468,-0.975629744440827,-1.2664137361768897
12.175971690419468,0.07097230647747807,0.12175971690419468,-1.0862339870919948,-1.2955323927482847
12.175971690419468,0.0746826183544889,0.12175971690419468,-1.202775630691499,-1.3265001129019796
12.175971690419468,0.07839293023149975,0.12175971690419468,-1.32525467523934,-1.3594480408856033
12.175971690419468,0.08210324210851058,0.12175971690419468,-1.4536711207355173,-1.3945169065811909
12.175971690419468,0.08581355398552143,0.12175971690419468,-1.5880249671800315,-1.4318576630039823
12.175971690419468,0.08952386586253226,0.12175971690419468,-1.7283162145728819,-1.4716321467794256
12.175971690419468,0.09323417773954311,0.12175971690419468,-1.8745448629140689,-1.514013757665479
12.175971690419468,0.09694448961655394,0.12175971690419468,-2.0267109122035927,-1.5591881518189568
12.175971690419468,0.10065480149356479,0.12175971690419468,-2.1848143624414527,-1.6073539418648721
12.175971690419468,0.10436511337057562,0.12175971690419468,-2.3488552136276493,-1.6587233948783724
12.175971690419468,0.10807542524758647,0.12175971690419468,-2.518833465762183,-1.713523117089086
12.175971690419468,0.1117857371245973,0.12175971690419468,-2.6947491188450527,-1.7719947114269115
12.175971690419468,0.11549604900160815,0.12175971690419468,-2.876602172876259,-1.8343953909053767
12.175971690419468,0.11920636087861898,0.12175971690419468,-3.0643926278558022,-1.9009985272466285
12.175971690419468,0.12291667275562983,0.12175971690419468,-3.258120483783682,-1.9720941100600369
12.175971690419468,0.12662698463264066,0.12175971690419468,-3.4577857406598977,-2.0479890872741797
12.175971690419468,0.1303372965096515,0.12175971690419468,-3.66338839848445,-2.1290075523860046
12.175971690419468,0.13404760838666235,0.12175971690419468,-3.87492845725734,-2.2154907384522295
12.175971690419468,0.13775792026367317,0.12175971690419468,-4.0924059169785645,-2.307796772659675
12.175971690419468,0.14146823214068402,0.12175971690419468,-4.315820777648128,-2.4063001388714134
12.175971690419468,0.14517854401769487,0.12175971690419468,-4.545173039266026,-2.511390788909511
12.175971690419468,0.1488888558947057,0.12175971690419468,-4.7804627018322625,-2.623472836731028
12.175971690419468,0.15259916777171653,0.12175971690419468,-5.021689765346833,-2.742962763399615
12.175971690419468,0.15630947964872738,0.12175971690419468,-5.268854229809742,-2.8702870552759134
12.175971690419468,0.16001979152573823,0.12175971690419468,-5.521956095220988,-3.005879193697433
12.175971690419468,0.16373010340274907,0.12175971690419468,-5.78099536158057,-3.1501759122845887
12.175971690419468,0.1674404152797599,0.12175971690419468,-6.045972028888486,-3.303612638739511
12.175971690419468,0.17115072715677074,0.12175971690419468,-6.316886097144741,-3.4666180425959148
12.175971690419468,0.17486103903378158,0.12175971690419468,-6.593737566349334,-3.639607619975736
12.175971690419468,0.17857135091079243,0.12175971690419468,-6.876526436502261,-3.822976262263748
12.175971690419468,0.18228166278780325,0.12175971690419468,-7.165252707603526,-4.017089779034092
12.175971690419468,0.1859919746648141,0.12175971690419468,-7.459916379653126,-4.2222753778196385
12.175971690419468,0.18970228654182494,0.12175971690419468,-7.760517452651064,-4.438811145498859
12.175971690419468,0.1934125984188358,0.12175971690419468,-8.06705592659734,-4.666914628919455
12.175971690419468,0.1971229102958466,0.12175971690419468,-8.379531801491948,-4.9067306760259655
12.175971690419468,0.20083322217285746,0.12175971690419468,-8.697945077334895,-5.1583187724884745
12.175971690419468,0.2045435340498683,0.12175971690419468,-9.02229575412618,-5.421640190757179
12.175971690419468,0.20825384592687915,0.12175971690419468,-9.3525838318658,-5.696545355255143
12.175971690419468,0.21196415780388997,0.12175971690419468,-9.688809310553756,-5.982761914046987
12.175971690419468,0.21567446968090082,0.12175971690419468,-10.03097219019005,-6.279884086972771
12.175971690419468,0.21938478155791166,0.12175971690419468,-10.37907247077468,-6.587363924412596
12.175971690419468,0.2230950934349225,0.12175971690419468,-10.733110152307647,-6.904505149754465
12.175971690419468,0.22680540531193333,0.12175971690419468,-11.093085234788948,-7.2304602619372975
12.175971690419468,0.23051571718894417,0.12175971690419468,-11.458997718218589,-7.564231532393114
12.175971690419468,0.23422602906595502,0.12175971690419468,-11.830847602596565,-7.904676435654229
12.175971690419468,0.23793634094296587,0.12175971690419468,-12.208634887922878,-8.250517900923912
12.175971690419468,0.2416466528199767,0.12175971690419468,-12.592359574197527,-8.600359564540488
12.175971690419468,0.24535696469698753,0.12175971690419468,-12.982021661420513,-8.952705948685951
12.175971690419468,0.24906727657399838,0.12175971690419468,-13.377621149591835,-9.305987205296615
12.175971690419468,0.2527775884510092,0.12175971690419468,-13.779158038711497,-9.658587767987482
12.175971690419468,0.25648790032802005,0.12175971690419468,-14.186632328779488,-10.008877975833768
12.175971690419468,0.2601982122050309,0.12175971690419468,-14.600044019795826,-10.35524749988118
12.175971690419468,0.26390852408204174,0.12175971690419468,-15.019393111760492,-10.696139243169636
12.175971690419468,0.26761883595905256,0.12175971690419468,-15.444679604673492,-11.03008231878001
12.175971690419468,0.27132914783606343,0.12175971690419468,-15.87590349853484,-11.35572274943299
12.175971690419468,0.27503945971307425,0.12175971690419468,-16.313064793344516,-11.671850676347574
12.175971690419468,0.27874977159008507,0.12175971690419468,-16.756163489102526,-11.97742310228807
12.175971690419468,0.28246008346709595,0.12175971690419468,-17.205199585808884,-12.271581501515763
12.175971690419468,0.28617039534410676,0.12175971690419468,-17.66017308346357,-12.55366397817344
12.175971690419468,0.28988070722111764,0.12175971690419468,-18.121083982066597,-12.823212012202724
12.175971690419468,0.29359101909812846,0.12175971690419468,-18.587932281617956,-13.0799721677662
12.175971690419468,0.2973013309751393,0.12175971690419468,-19.06071798211765,-13.323893428555902
12.175971690419468,0.30101164285215015,0.12175971690419468,-19.53944108356569,-13.555121050886415
12.175971690419468,0.30472195472916097,0.12175971690419468,-20.024101585962057,-13.77398798208291
13.5638485418885,0.011607316445304631,0.135638485418885,-0.02868024174615936,-0.9837874302660712
13.5638485418885,0.015317628322315471,0.135638485418885,-0.04994617253735205,-0.9956137287652704
13.5638485418885,0.01902794019932631,0.135638485418885,-0.07707307992636057,-1.0080867035325976
13.5638485418885,0.02273825207633715,0.135638485418885,-0.11006096391318494,-1.0212482997801753
13.5638485418885,0.02644856395334799,0.135638485418885,-0.14890982449782517,-1.0351434715761711
13.5638485418885,0.03015887583035883,0.135638485418885,-0.19361966168028125,-1.0498204107366114
13.5638485418885,0.03386918770736967,0.135638485418885,-0.2441904754605532,-1.0653307929852502
13.5638485418885,0.03757949958438051,0.135638485418885,-0.30062226583864093,-1.0817300425053022
13.5638485418885,0.04128981146139135,0.135638485418885,-0.3629150328145445,-1.099077616032989
13.5638485418885,0.04500012333840219,0.135638485418885,-0.43106877638826396,-1.1174373076575455
13.5638485418885,0.04871043521541303,0.135638485418885,-0.5050834965597992,-1.1368775754915172
13.5638485418885,0.05242074709242387,0.135638485418885,-0.5849591933291504,-1.1574718913551414
13.5638485418885,0.05613105896943471,0.135638485418885,-0.6706958666963174,-1.1792991145736282
13.5638485418885,0.05984137084644555,0.135638485418885,-0.7622935166613002,-1.2024438909103288
13.5638485418885,0.06355168272345639,0.135638485418885,-0.8597521432240989,-1.226997077544488
13.5638485418885,0.06726199460046722,0.135638485418885,-0.9630717463847132,-1.2530561948409717
13.5638485418885,0.07097230647747807,0.135638485418885,-1.0722523261431436,-1.2807259054405047
13.5638485418885,0.0746826183544889,0.135638485418885,-1.1872938824993897,-1.3101185209106054
13.5638485418885,0.07839293023149975,0.135638485418885,-1.3081964154534518,-1.3413545358254915
13.5638485418885,0.08210324210851058,0.135638485418885,-1.4349599250053295,-1.374563188671384
13.5638485418885,0.08581355398552143,0.135638485418885,-1.5675844111550234,-1.4098830483833469
13.5638485418885,0.08952386586253226,0.135638485418885,-1.7060698739025328,-1.4474626245896034
13.5638485418885,0.09323417773954311,0.135638485418885,-1.8504163132478582,-1.4874609987452958
13.5638485418885,0.09694448961655394,0.135638485418885,-2.0006237291909996,-1.5300484722528238
13.5638485418885,0.10065480149356479,0.135638485418885,-2.1566921217319566,-1.5754072263607681
13.5638485418885,0.10436511337057562,0.135638485418885,-2.318621490870729,-1.6237319870754048
13.5638485418885,0.10807542524758647,0.135638485418885,-2.4864118366073185,-1.675230686473487
13.5638485418885,0.1117857371245973,0.135638485418885,-2.6600631589417225,-1.7301251096363095
13.5638485418885,0.11549604900160815,0.135638485418885,-2.839575457873943,-1.788651513896116
13.5638485418885,0.11920636087861898,0.135638485418885,-3.0249487334039795,-1.8510612041615726
13.5638485418885,0.12291667275562983,0.135638485418885,-3.216182985531832,-1.9176210447367597
13.5638485418885,0.12662698463264066,0.135638485418885,-3.4132782142574998,-1.9886138842420396
13.5638485418885,0.1303372965096515,0.135638485418885,-3.6162344195809832,-2.0643388659699298
13.5638485418885,0.13404760838666235,0.135638485418885,-3.8250516015022837,-2.1451115912639125
13.5638485418885,0.13775792026367317,0.135638485418885,-4.039729760021398,-2.23126409831548
13.5638485418885,0.14146823214068402,0.135638485418885,-4.2602688951383305,-2.323144613185808
13.5638485418885,0.14517854401769487,0.135638485418885,-4.486669006853077,-2.421117023964943
13.5638485418885,0.1488888558947057,0.135638485418885,-4.718930095165641,-2.5255600229261264
13.5638485418885,0.15259916777171653,0.135638485418885,-4.957052160076018,-2.636865855522685
13.5638485418885,0.15630947964872738,0.135638485418885,-5.201035201584213,-2.755438609395736
13.5638485418885,0.16001979152573823,0.135638485418885,-5.450879219690225,-2.8816919715925455
13.5638485418885,0.16373010340274907,0.135638485418885,-5.706584214394051,-3.016046378427297
13.5638485418885,0.1674404152797599,0.135638485418885,-5.968150185695692,-3.1589254804592173
13.5638485418885,0.17115072715677074,0.135638485418885,-6.23557713359515,-3.3107518456615352
13.5638485418885,0.17486103903378158,0.135638485418885,-6.508865058092425,-3.471941827885211
13.5638485418885,0.17857135091079243,0.135638485418885,-6.788013959187515,-3.642899536186843
13.5638485418885,0.18228166278780325,0.135638485418885,-7.07302383688042,-3.8240098545921657
13.5638485418885,0.1859919746648141,0.135638485418885,-7.363894691171141,-4.01563048256065
13.5638485418885,0.18970228654182494,0.135638485418885,-7.66062652205968,-4.218082994935084
13.5638485418885,0.1934125984188358,0.135638485418885,-7.963219329546034,-4.431642957501353
13.5638485418885,0.1971229102958466,0.135638485418885,-8.2716731136302,-4.656529181164139
13.5638485418885,0.20083322217285746,0.135638485418885,-8.585987874312185,-4.892892254404465
13.5638485418885,0.2045435340498683,0.135638485418885,-8.906163611591987,-5.140802559659651
13.5638485418885,0.20825384592687915,0.135638485418885,-9.232200325469604,-5.400238053129141
13.5638485418885,0.21196415780388997,0.135638485418885,-9.564098015945035,-5.6710721666128965
13.5638485418885,0.21567446968090082,0.135638485418885,-9.901856683018284,-5.9530622702385205
13.5638485418885,0.21938478155791166,0.135638485418885,-10.24547632668935,-6.245839210653795
13.5638485418885,0.2230950934349225,0.135638485418885,-10.594956946958229,-6.548898503215522
13.5638485418885,0.22680540531193333,0.135638485418885,-10.950298543824921,-6.861593800343632
13.5638485418885,0.23051571718894417,0.135638485418885,-11.311501117289435,-7.183133272218223
13.5638485418885,0.23422602906595502,0.135638485418885,-11.678564667351763,-7.512579511187418
13.5638485418885,0.23793634094296587,0.135638485418885,-12.051489194011907,-7.848853499781702
13.5638485418885,0.2416466528199767,0.135638485418885,-12.430274697269864,-8.190743059061889
13.5638485418885,0.24535696469698753,0.135638485418885,-12.814921177125639,-8.536916018480076
13.5638485418885,0.24906727657399838,0.135638485418885,-13.205428633579231,-8.88593812550736
13.5638485418885,0.2527775884510092,0.135638485418885,-13.60179706663064,-9.236295454487033
13.5638485418885,0.25648790032802005,0.135638485418885,-14.004026476279858,-9.586420797478077
13.5638485418885,0.2601982122050309,0.135638485418885,-14.412116862526902,-9.934723248580719
13.5638485418885,0.26390852408204174,0.135638485418885,-14.826068225371753,-10.279619953775716
13.5638485418885,0.26761883595905256,0.135638485418885,-15.245880564814419,-10.619568816923424
13.5638485418885,0.27132914783606343,0.135638485418885,-15.67155388085491,-10.95310085166761
13.5638485418885,0.27503945971307425,0.135638485418885,-16.103088173493212,-11.278850863604443
13.5638485418885,0.27874977159008507,0.135638485418885,-16.540483442729325,-11.595585242186134
13.5638485418885,0.28246008346709595,0.135638485418885,-16.98373968856326,-11.902225831191423
13.5638485418885,0.28617039534410676,0.135638485418885,-17.432856910995007,-12.197869113375209
13.5638485418885,0.28988070722111764,0.135638485418885,-17.88783511002458,-12.481800264045916
13.5638485418885,0.29359101909812846,0.135638485418885,-18.348674285651956,-12.753501970189316
13.5638485418885,0.2973013309751393,0.135638485418885,-18.81537443787715,-13.01265824641969
13.5638485418885,0.30101164285215015,0.135638485418885,-19.28793556670017,-13.259153780253996
13.5638485418885,0.30472195472916097,0.135638485418885,-19.766357672120993,-13.493069587546902
14.951725393357535,0.011607316445304631,0.14951725393357534,-0.028306265018621483,-0.9822080209704365
14.951725393357535,0.015317628322315471,0.14951725393357534,-0.049294898174887435,-0.9936465494394313
14.951725393357535,0.01902794019932631,0.14951725393357534,-0.0760680835784485,-1.0056974322310381
14.951725393357535,0.02273825207633715,0.14951725393357534,-0.1086258212293047,-1.0183997176323576
14.951725393357535,0.02644856395334799,0.14951725393357534,-0.14696811112745606,-1.0317952163656443
14.951725393357535,0.03015887583035883,0.14951725393357534,-0.19109495327290252,-1.0459287094949148
14.951725393357535,0.03386918770736967,0.14951725393357534,-0.2410063476656442,-1.0608481719372675
14.951725393357535,0.03757949958438051,0.14951725393357534,-0.2967022943056809,-1.076605012605838
14.951725393357535,0.04128981146139135,0.14951725393357534,-0.35818279319301277,-1.0932543322406594
14.951725393357535,0.04500012333840219,0.14951725393357534,-0.42544784432763977,-1.110855200004139
14.951725393357535,0.04871043521541303,0.14951725393357534,-0.49849744770956195,-1.1294709499265738
14.951725393357535,0.05242074709242387,0.14951725393357534,-0.5773316033387792,-1.1491694982805747
14.951725393357535,0.05613105896943471,0.14951725393357534,-0.6619503112152916,-1.1700236829374706
14.951725393357535,0.05984137084644555,0.14951725393357534,-0.7523535713390991,-1.192111625708392
14.951725393357535,0.06355168272345639,0.14951725393357534,-0.8485413837102018,-1.21551711859213
14.951725393357535,0.06726199460046722,0.14951725393357534,-0.9505137483285994,-1.2403300347339012
14.951725393357535,0.07097230647747807,0.14951725393357534,-1.0582706651942924,-1.2666467647353814
14.951725393357535,0.0746826183544889,0.14951725393357534,-1.1718121343072803,-1.294570678737153
14.951725393357535,0.07839293023149975,0.14951725393357534,-1.2911381556675636,-1.3242126144087143
14.951725393357535,0.08210324210851058,0.14951725393357534,-1.4162487292751418,-1.3556913906150583
14.951725393357535,0.08581355398552143,0.14951725393357534,-1.5471438551300154,-1.3891343460675722
14.951725393357535,0.08952386586253226,0.14951725393357534,-1.6838235332321838,-1.4246779016930589
14.951725393357535,0.09323417773954311,0.14951725393357534,-1.8262877635816475,-1.462468144748462
14.951725393357535,0.09694448961655394,0.14951725393357534,-1.9745365461784063,-1.5026614318483134
14.951725393357535,0.10065480149356479,0.14951725393357534,-2.1285698810224605,-1.54542500703206
14.951725393357535,0.10436511337057562,0.14951725393357534,-2.288387768113809,-1.5909376297526245
14.951725393357535,0.10807542524758647,0.14951725393357534,-2.453990207452454,-1.6393902061862464
14.951725393357535,0.1117857371245973,0.14951725393357534,-2.6253771990383927,-1.6909864155158343
14.951725393357535,0.11549604900160815,0.14951725393357534,-2.8025487428716276,-1.7459433207935469
14.951725393357535,0.11920636087861898,0.14951725393357534,-2.9855048389521572,-1.8044919516107099
14.951725393357535,0.12291667275562983,0.14951725393357534,-3.174245487279982,-1.866877843063845
14.951725393357535,0.12662698463264066,0.14951725393357534,-3.368770687855102,-1.933361512376362
14.951725393357535,0.1303372965096515,0.14951725393357534,-3.5690804406775167,-2.004218850996038
14.951725393357535,0.13404760838666235,0.14951725393357534,-3.7751747457472273,-2.0797414060263595
14.951725393357535,0.13775792026367317,0.14951725393357534,-3.987053603064232,-2.1602365204687404
14.951725393357535,0.14146823214068402,0.14951725393357534,-4.2047170126285325,-2.246027296975341
14.951725393357535,0.14517854401769487,0.14951725393357534,-4.4281649744401275,-2.3374523446893076
14.951725393357535,0.1488888558947057,0.14951725393357534,-4.657397488499019,-2.4348652633669094
14.951725393357535,0.15259916777171653,0.14951725393357534,-4.892414554805204,-2.5386338134658786
14.951725393357535,0.15630947964872738,0.14951725393357534,-5.133216173358686,-2.649138715435314
14.951725393357535,0.16001979152573823,0.14951725393357534,-5.379802344159462,-2.7667720163122205
14.951725393357535,0.16373010340274907,0.14951725393357534,-5.632173067207534,-2.8919349572579875
14.951725393357535,0.1674404152797599,0.14951725393357534,-5.890328342502897,-3.0250352722893026
14.951725393357535,0.17115072715677074,0.14951725393357534,-6.15426817004556,-3.1664838467114245
14.951725393357535,0.17486103903378158,0.14951725393357534,-6.423992549835518,-3.316690664300563
14.951725393357535,0.17857135091079243,0.14951725393357534,-6.699501481872769,-3.476059975873415
14.951725393357535,0.18228166278780325,0.14951725393357534,-6.980794966157315,-3.644984629400817
14.951725393357535,0.1859919746648141,0.14951725393357534,-7.267873002689156,-3.823839514231002
14.951725393357535,0.18970228654182494,0.14951725393357534,-7.560735591468295,-4.0129740902966775
14.951725393357535,0.1934125984188358,0.14951725393357534,-7.859382732494728,-4.212703998389008
14.951725393357535,0.1971229102958466,0.14951725393357534,-8.163814425768454,-4.42330178058778
14.951725393357535,0.20083322217285746,0.14951725393357534,-8.474030671289476,-4.6449867814173675
14.951725393357535,0.2045435340498683,0.14951725393357534,-8.790031469057794,-4.877914350549041
14.951725393357535,0.20825384592687915,0.14951725393357534,-9.111816819073407,-5.122164526619406
14.951725393357535,0.21196415780388997,0.14951725393357534,-9.439386721336314,-5.377730447925741
14.951725393357535,0.21567446968090082,0.14951725393357534,-9.772741175846518,-5.644506807321267
14.951725393357535,0.21938478155791166,0.14951725393357534,-10.111880182604017,-5.922278742278094
14.951725393357535,0.2230950934349225,0.14951725393357534,-10.456803741608809,-6.210711622150281
14.951725393357535,0.22680540531193333,0.14951725393357534,-10.807511852860896,-6.509342257082901
14.951725393357535,0.23051571718894417,0.14951725393357534,-11.164004516360281,-6.817572099431532
14.951725393357535,0.23422602906595502,0.14951725393357534,-11.526281732106959,-7.134663030738523
14.951725393357535,0.23793634094296587,0.14951725393357534,-11.894343500100934,-7.459736316791137
14.951725393357535,0.2416466528199767,0.14951725393357534,-12.2681898203422,-7.791775262337261
14.951725393357535,0.24535696469698753,0.14951725393357534,-12.647820692830766,-8.129631999916828
14.951725393357535,0.24906727657399838,0.14951725393357534,-13.033236117566625,-8.472038701610703
14.951725393357535,0.2527775884510092,0.14951725393357534,-13.424436094549783,-8.817623310636334
14.951725393357535,0.25648790032802005,0.14951725393357534,-13.821420623780229,-9.164929659650179
14.951725393357535,0.2601982122050309,0.14951725393357534,-14.224189705257977,-9.512441588417952
14.951725393357535,0.26390852408204174,0.14951725393357534,-14.632743338983014,-9.85861041476473
14.951725393357535,0.26761883595905256,0.14951725393357534,-15.047081524955345,-10.20188487291517
14.951725393357535,0.27132914783606343,0.14951725393357534,-15.46720426317498,-10.540742437322535
14.951725393357535,0.27503945971307425,0.14951725393357534,-15.893111553641905,-10.87372082079266
14.951725393357535,0.27874977159008507,0.14951725393357534,-16.32480339635612,-11.199448390719729
14.951725393357535,0.28246008346709595,0.14951725393357534,-16.762279791317642,-11.516672295871127
14.951725393357535,0.28617039534410676,0.14951725393357534,-17.205540738526448,-11.824283237590553
14.951725393357535,0.28988070722111764,0.14951725393357534,-17.65458623798256,-12.121336042365932
14.951725393357535,0.29359101909812846,0.14951725393357534,-18.109416289685957,-12.407065477326654
14.951725393357535,0.2973013309751393,0.14951725393357534,-18.570030893636652,-12.680897070225566
14.951725393357535,0.30101164285215015,0.14951725393357534,-19.036430049834646,-12.942453022370177
14.951725393357535,0.30472195472916097,0.14951725393357534,-19.508613758279928,-13.191553610014983
16.33960224482657,0.011607316445304631,0.16339602244826568,-0.027932288291083605,-0.9806040149858797
16.33960224482657,0.015317628322315471,0.16339602244826568,-0.04864362381242281,-0.9916711351738865
16.33960224482657,0.01902794019932631,0.16339602244826568,-0.07506308723053644,-1.0033185359759114
16.33960224482657,0.02273825207633715,0.16339602244826568,-0.10719067854542447,-1.0155826080330383
16.33960224482657,0.02644856395334799,0.16339602244826568,-0.14502639775708695,-1.0285022814474956
16.33960224482657,0.03015887583035883,0.16339602244826568,-0.18857024486552382,-1.0421192148761147
16.33960224482657,0.03386918770736967,0.16339602244826568,-0.23782221987073518,-1.0564779987377988
16.33960224482657,0.03757949958438051,0.16339602244826568,-0.29278232277272087,-1.0716263734720082
16.33960224482657,0.04128981146139135,0.16339602244826568,-0.35345055357148103,-1.0876154638160855
16.33960224482657,0.04500012333840219,0.16339602244826568,-0.4198269122670156,-1.1045000300933907
16.33960224482657,0.04871043521541303,0.16339602244826568,-0.4919113988593246,-1.1223387375192853
16.33960224482657,0.05242074709242387,0.16339602244826568,-0.569704013348408,-1.1411944445352096
16.33960224482657,0.05613105896943471,0.16339602244826568,-0.6532047557342658,-1.1611345111690996
16.33960224482657,0.05984137084644555,0.16339602244826568,-0.742413626016898,-1.1822311283892235
16.33960224482657,0.06355168272345639,0.16339602244826568,-0.8373306241963047,-1.2045616693631276
16.33960224482657,0.06726199460046722,0.16339602244826568,-0.9379557502724856,-1.2282090634485066
16.33960224482657,0.07097230647747807,0.16339602244826568,-1.0442890042454411,-1.253262193621214
16.33960224482657,0.0746826183544889,0.16339602244826568,-1.156330386115171,-1.2798163178799062
16.33960224482657,0.07839293023149975,0.16339602244826568,-1.2740798958816753,-1.3079735149472405
16.33960224482657,0.08210324210851058,0.16339602244826568,-1.397537533544954,-1.337843154303905
16.33960224482657,0.08581355398552143,0.16339602244826568,-1.5267032991050073,-1.3695423902312367
16.33960224482657,0.08952386586253226,0.16339602244826568,-1.6615771925618348,-1.403196679086855
16.33960224482657,0.09323417773954311,0.16339602244826568,-1.8021592139154368,-1.4389403184794318
16.33960224482657,0.09694448961655394,0.16339602244826568,-1.9484493631658133,-1.4769170063249852
16.33960224482657,0.10065480149356479,0.16339602244826568,-2.100447640312964,-1.517280416937886
16.33960224482657,0.10436511337057562,0.16339602244826568,-2.258154045356889,-1.5601947903121562
16.33960224482657,0.10807542524758647,0.16339602244826568,-2.421568578297589,-1.6058355295583606
16.33960224482657,0.1117857371245973,0.16339602244826568,-2.590691239135063,-1.6543898000516868
16.33960224482657,0.11549604900160815,0.16339602244826568,-2.7655220278693116,-1.70605712218997
16.33960224482657,0.11920636087861898,0.16339602244826568,-2.9460609445003345,-1.7610499477279213
16.33960224482657,0.12291667275562983,0.16339602244826568,-3.1323079890281322,-1.8195942074170506
16.33960224482657,0.12662698463264066,0.16339602244826568,-3.324263161452704,-1.8819298151133803
16.33960224482657,0.1303372965096515,0.16339602244826568,-3.5219264617740498,-1.9483111105938073
16.33960224482657,0.13404760838666235,0.16339602244826568,-3.725297889992171,-2.019007220029815
16.33960224482657,0.13775792026367317,0.16339602244826568,-3.934377446107065,-2.0943023093969813
16.33960224482657,0.14146823214068402,0.16339602244826568,-4.149165130118735,-2.1744957020558724
16.33960224482657,0.14517854401769487,0.16339602244826568,-4.369660942027179,-2.2599018273497102
16.33960224482657,0.1488888558947057,0.16339602244826568,-4.595864881832397,-2.3508499623757158
16.33960224482657,0.15259916777171653,0.16339602244826568,-4.827776949534389,-2.447683724182489
16.33960224482657,0.15630947964872738,0.16339602244826568,-5.065397145133157,-2.55076026464751
16.33960224482657,0.16001979152573823,0.16339602244826568,-5.308725468628698,-2.660449115369752
16.33960224482657,0.16373010340274907,0.16339602244826568,-5.557761920021015,-2.7771306253057233
16.33960224482657,0.1674404152797599,0.16339602244826568,-5.812506499310103,-2.901193929887652
16.33960224482657,0.17115072715677074,0.16339602244826568,-6.072959206495969,-3.033034387375454
16.33960224482657,0.17486103903378158,0.16339602244826568,-6.339120041578609,-3.173050416685856
16.33960224482657,0.17857135091079243,0.16339602244826568,-6.610989004558022,-3.3216396714840726
16.33960224482657,0.18228166278780325,0.16339602244826568,-6.88856609543421,-3.4791944885849264
16.33960224482657,0.1859919746648141,0.16339602244826568,-7.1718513142071725,-3.646096555449978
16.33960224482657,0.18970228654182494,0.16339602244826568,-7.46084466087691,-3.8227107526189044
16.33960224482657,0.1934125984188358,0.16339602244826568,-7.7555461354434225,-4.009378143152659
16.33960224482657,0.1971229102958466,0.16339602244826568,-8.055955737906705,-4.2064081034629215
16.33960224482657,0.20083322217285746,0.16339602244826568,-8.362073468266766,-4.414069619050493
16.33960224482657,0.2045435340498683,0.16339602244826568,-8.673899326523602,-4.632581805293455
16.33960224482657,0.20825384592687915,0.16339602244826568,-8.991433312677211,-4.862103757833479
16.33960224482657,0.21196415780388997,0.16339602244826568,-9.314675426727593,-5.102723889171736
16.33960224482657,0.21567446968090082,0.16339602244826568,-9.643625668674751,-5.354448967038077
16.33960224482657,0.21938478155791166,0.16339602244826568,-9.978284038518684,-5.617193134346659
16.33960224482657,0.2230950934349225,0.16339602244826568,-10.31865053625939,-5.890767257495105
16.33960224482657,0.22680540531193333,0.16339602244826568,-10.66472516189687,-6.174869015632439
16.33960224482657,0.23051571718894417,0.16339602244826568,-11.016507915431125,-6.469074203302121
16.33960224482657,0.23422602906595502,0.16339602244826568,-11.373998796862157,-6.772829766359024
16.33960224482657,0.23793634094296587,0.16339602244826568,-11.737197806189961,-7.085449119108089
16.33960224482657,0.2416466528199767,0.16339602244826568,-12.106104943414538,-7.406110291587824
16.33960224482657,0.24535696469698753,0.16339602244826568,-12.480720208535892,-7.733857422464643
16.33960224482657,0.24906727657399838,0.16339602244826568,-12.861043601554021,-8.067606039038257
16.33960224482657,0.2527775884510092,0.16339602244826568,-13.247075122468924,-8.406152447794872
16.33960224482657,0.25648790032802005,0.16339602244826568,-13.638814771280598,-8.748187396935782
16.33960224482657,0.2601982122050309,0.16339602244826568,-14.036262547989054,-9.092313971332642
16.33960224482657,0.26390852408204174,0.16339602244826568,-14.439418452594275,-9.437069450865813
16.33960224482657,0.26761883595905256,0.16339602244826568,-14.848282485096272,-9.780950620945548
16.33960224482657,0.27132914783606343,0.16339602244826568,-15.26285464549505,-10.122441789483275
16.33960224482657,0.27503945971307425,0.16339602244826568,-15.683134933790598,-10.46004456045954
16.33960224482657,0.27874977159008507,0.16339602244826568,-16.109123349982916,-10.792308263074911
16.33960224482657,0.28246008346709595,0.16339602244826568,-16.54081989407202,-11.117859856427014
16.33960224482657,0.28617039534410676,0.16339602244826568,-16.97822456605789,-11.435432135471167
16.33960224482657,0.28988070722111764,0.16339602244826568,-17.421337365940538,-11.743889158730948
16.33960224482657,0.29359101909812846,0.16339602244826568,-17.870158293719957,-12.042247996141185
16.33960224482657,0.2973013309751393,0.16339602244826568,-18.32468734939615,-12.329696141645623
16.33960224482657,0.30101164285215015,0.16339602244826568,-18.784924532969125,-12.605604227673055
16.33960224482657,0.30472195472916097,0.16339602244826568,-19.250869844438864,-12.86953399132168
17.727479096295603,0.011607316445304631,0.17727479096295604,-0.027558311563545726,-0.9789839887031584
17.727479096295603,0.015317628322315471,0.17727479096295604,-0.04799234944995819,-0.9896956657500255
17.727479096295603,0.01902794019932631,0.17727479096295604,-0.07405809088262436,-1.0009576535723657
17.727479096295603,0.02273825207633715,0.17727479096295604,-0.10575553586154421,-1.0128039036261254
17.727479096295603,0.02644856395334799,0.17727479096295604,-0.14308468438671781,-1.0252707049278968
17.727479096295603,0.03015887583035883,0.17727479096295604,-0.1860455364581451,-1.0383968562713566
17.727479096295603,0.03386918770736967,0.17727479096295604,-0.23463809207582612,-1.0522238512222164
17.727479096295603,0.03757949958438051,0.17727479096295604,-0.2888623512397608,-1.0667960767456415
17.727479096295603,0.04128981146139135,0.17727479096295604,-0.34871831394994923,-1.0821610263514647
17.727479096295603,0.04500012333840219,0.17727479096295604,-0.4142059802063913,-1.0983695286685875
17.727479096295603,0.04871043521541303,0.17727479096295604,-0.48532535000908716,-1.1154759923794124
17.727479096295603,0.05242074709242387,0.17727479096295604,-0.5620764233580366,-1.1335386684548907
17.727479096295603,0.05613105896943471,0.17727479096295604,-0.6444592002532399,-1.1526199306289895
17.727479096295603,0.05984137084644555,0.17727479096295604,-0.7324736806946969,-1.172786575034234
17.727479096295603,0.06355168272345639,0.17727479096295604,-0.8261198646824075,-1.194110139883581
17.727479096295603,0.06726199460046722,0.17727479096295604,-0.9253977522163717,-1.2166672460241719
17.727479096295603,0.07097230647747807,0.17727479096295604,-1.0303073432965897,-1.2405399590992268
17.727479096295603,0.0746826183544889,0.17727479096295604,-1.1408486379230613,-1.2658161739296836
17.727479096295603,0.07839293023149975,0.17727479096295604,-1.2570216360957869,-1.2925900215594663
17.727479096295603,0.08210324210851058,0.17727479096295604,-1.378826337814766,-1.3209622991885097
17.727479096295603,0.08581355398552143,0.17727479096295604,-1.506262743079999,-1.3510409229362361
17.727479096295603,0.08952386586253226,0.17727479096295604,-1.6393308518914855,-1.3829414030228975
17.727479096295603,0.09323417773954311,0.17727479096295604,-1.7780306642492258,-1.4167873405144373
17.727479096295603,0.09694448961655394,0.17727479096295604,-1.9223621801532198,-1.4527109442325608
17.727479096295603,0.10065480149356479,0.17727479096295604,-2.0723253996034674,-1.4908535657693474
17.727479096295603,0.10436511337057562,0.17727479096295604,-2.2279203225999686,-1.5313662497456644
17.727479096295603,0.10807542524758647,0.17727479096295604,-2.389146949142724,-1.5744102954946806
17.727479096295603,0.1117857371245973,0.17727479096295604,-2.5560052792317327,-1.6201578252130413
17.727479096295603,0.11549604900160815,0.17727479096295604,-2.7284953128669955,-1.6687923522795458
17.727479096295603,0.11920636087861898,0.17727479096295604,-2.9066170500485113,-1.7205093418689685
17.727479096295603,0.12291667275562983,0.17727479096295604,-3.090370490776282,-1.7755167541621484
17.727479096295603,0.12662698463264066,0.17727479096295604,-3.279755635050305,-1.8340355583476917
17.727479096295603,0.1303372965096515,0.17727479096295604,-3.4747724828705824,-1.896300203203241
17.727479096295603,0.13404760838666235,0.17727479096295604,-3.675421034237114,-1.9625590273158076
17.727479096295603,0.13775792026367317,0.17727479096295604,-3.881701289149898,-2.033074588938718
17.727479096295603,0.14146823214068402,0.17727479096295604,-4.093613247608936,-2.1081238920830745
17.727479096295603,0.14517854401769487,0.17727479096295604,-4.311156909614229,-2.1879984817136866
17.727479096295603,0.1488888558947057,0.17727479096295604,-4.5343322751657755,-2.273004376888973
17.727479096295603,0.15259916777171653,0.17727479096295604,-4.763139344263574,-2.363461806401142
17.727479096295603,0.15630947964872738,0.17727479096295604,-4.997578116907627,-2.459704707014775
17.727479096295603,0.16001979152573823,0.17727479096295604,-5.237648593097934,-2.562079939884057
17.727479096295603,0.16373010340274907,0.17727479096295604,-5.483350772834496,-2.670946176309714
17.727479096295603,0.1674404152797599,0.17727479096295604,-5.734684656117309,-2.7866723998893685
17.727479096295603,0.17115072715677074,0.17727479096295604,-5.991650242946377,-2.9096359685917386
17.727479096295603,0.17486103903378158,0.17727479096295604,-6.2542475333217,-3.0402201776904585
17.727479096295603,0.17857135091079243,0.17727479096295604,-6.522476527243275,-3.178811263245512
17.727479096295603,0.18228166278780325,0.17727479096295604,-6.796337224711104,-3.3257947864201456
17.727479096295603,0.1859919746648141,0.17727479096295604,-7.075829625725186,-3.481551341948582
17.727479096295603,0.18970228654182494,0.17727479096295604,-7.360953730285524,-3.6464515401800184
17.727479096295603,0.1934125984188358,0.17727479096295604,-7.651709538392115,-3.8208502220324765
17.727479096295603,0.1971229102958466,0.17727479096295604,-7.948097050044957,-4.005079880646813
17.727479096295603,0.20083322217285746,0.17727479096295604,-8.250116265244055,-4.199443283282973
17.727479096295603,0.2045435340498683,0.17727479096295604,-8.557767183989407,-4.404205312734197
17.727479096295603,0.20825384592687915,0.17727479096295604,-8.871049806281013,-4.619584079799903
17.727479096295603,0.21196415780388997,0.17727479096295604,-9.18996413211887,-4.845741397470126
17.727479096295603,0.21567446968090082,0.17727479096295604,-9.514510161502983,-5.082772753390495
17.727479096295603,0.21938478155791166,0.17727479096295604,-9.844687894433351,-5.3306969693541895
17.727479096295603,0.2230950934349225,0.17727479096295604,-10.18049733090997,-5.589445793802636
17.727479096295603,0.22680540531193333,0.17727479096295604,-10.521938470932842,-5.858853733583246
17.727479096295603,0.23051571718894417,0.17727479096295604,-10.86901131450197,-6.138648491515685
17.727479096295603,0.23422602906595502,0.17727479096295604,-11.221715861617351,-6.428442432595281
17.727479096295603,0.23793634094296587,0.17727479096295604,-11.580052112278988,-6.727725548774615
17.727479096295603,0.2416466528199767,0.17727479096295604,-11.944020066486875,-7.035860424123779
17.727479096295603,0.24535696469698753,0.17727479096295604,-12.313619724241017,-7.352079712055167
17.727479096295603,0.24906727657399838,0.17727479096295604,-12.688851085541414,-7.675486617403346
17.727479096295603,0.2527775884510092,0.17727479096295604,-13.069714150388066,-8.005058822374226
17.727479096295603,0.25648790032802005,0.17727479096295604,-13.456208918780966,-8.33965620233759
17.727479096295603,0.2601982122050309,0.17727479096295604,-13.848335390720127,-8.678032543599912
17.727479096295603,0.26390852408204174,0.17727479096295604,-14.246093566205534,-9.018851303074863
17.727479096295603,0.26761883595905256,0.17727479096295604,-14.649483445237195,-9.360705246356506
17.727479096295603,0.27132914783606343,0.17727479096295604,-15.05850502781512,-9.702139578369758
17.727479096295603,0.27503945971307425,0.17727479096295604,-15.47315831393929,-10.041677956444635
17.727479096295603,0.27874977159008507,0.17727479096295604,-15.893443303609711,-10.377850569574884
17.727479096295603,0.28246008346709595,0.17727479096295604,-16.319359996826396,-10.709223301175932
17.727479096295603,0.28617039534410676,0.17727479096295604,-16.750908393589324,-11.034426885635115
17.727479096295603,0.28988070722111764,0.17727479096295604,-17.188088493898515,-11.352184936579764
17.727479096295603,0.29359101909812846,0.17727479096295604,-17.630900297753954,-11.661339775202165
17.727479096295603,0.2973013309751393,0.17727479096295604,-18.079343805155645,-11.96087511957136
17.727479096295603,0.30101164285215015,0.17727479096295604,-18.5334190161036,-12.249934901003485
17.727479096295603,0.30472195472916097,0.17727479096295604,-18.993125930597795,-12.527837733775785
19.115355947764638,0.011607316445304631,0.19115355947764637,-0.02718433483600785,-0.9773556418709739
19.115355947764638,0.015317628322315471,0.19115355947764637,-0.04734107508749357,-0.9877274001588523
19.115355947764638,0.01902794019932631,0.19115355947764637,-0.07305309453471227,-0.9986214655303485
19.115355947764638,0.02273825207633715,0.19115355947764637,-0.10432039317766396,-1.0100695496255372
19.115355947764638,0.02644856395334799,0.19115355947764637,-0.14114297101634868,-1.0221055186839778
19.115355947764638,0.03015887583035883,0.19115355947764637,-0.1835208280507664,-1.0347655506096514
19.115355947764638,0.03386918770736967,0.19115355947764637,-0.2314539642809171,-1.0480883036179063
19.115355947764638,0.03757949958438051,0.19115355947764637,-0.28494237970680075,-1.0621150972422573
19.115355947764638,0.04128981146139135,0.19115355947764637,-0.3439860743284175,-1.0768901065098273
19.115355947764638,0.04500012333840219,0.19115355947764637,-0.4085850481457671,-1.092460570121407
19.115355947764638,0.04871043521541303,0.19115355947764637,-0.47873930115884983,-1.108877013493796
19.115355947764638,0.05242074709242387,0.19115355947764637,-0.5544488333676655,-1.1261934875367103
19.115355947764638,0.05613105896943471,0.19115355947764637,-0.6357136447722141,-1.1444678240417243
19.115355947764638,0.05984137084644555,0.19115355947764637,-0.7225337353724958,-1.163761908553866
19.115355947764638,0.06355168272345639,0.19115355947764637,-0.8149091051685105,-1.1841419715745003
19.115355947764638,0.06726199460046722,0.19115355947764637,-0.9128397541602579,-1.2056788989031384
19.115355947764638,0.07097230647747807,0.19115355947764637,-1.0163256823477387,-1.2284485618614869
19.115355947764638,0.0746826183544889,0.19115355947764637,-1.1253668897309521,-1.252532168050013
19.115355947764638,0.07839293023149975,0.19115355947764637,-1.2399633763098987,-1.2780166331596443
19.115355947764638,0.08210324210851058,0.19115355947764637,-1.3601151420845783,-1.3049949741914668
19.115355947764638,0.08581355398552143,0.19115355947764637,-1.485822187054991,-1.3335667242175693
19.115355947764638,0.08952386586253226,0.19115355947764637,-1.6170845112211365,-1.3638383685365505
19.115355947764638,0.09323417773954311,0.19115355947764637,-1.7539021145830151,-1.3959238017270579
19.115355947764638,0.09694448961655394,0.19115355947764637,-1.8962749971406268,-1.4299448046695713
19.115355947764638,0.10065480149356479,0.19115355947764637,-2.0442031588939713,-1.4660315400764197
19.115355947764638,0.10436511337057562,0.19115355947764637,-2.1976865998430486,-1.5043230644271999
19.115355947764638,0.10807542524758647,0.19115355947764637,-2.3567253199878597,-1.5449678534342075
19.115355947764638,0.1117857371245973,0.19115355947764637,-2.521319319328403,-1.5881243372409886
19.115355947764638,0.11549604900160815,0.19115355947764637,-2.6914685978646795,-1.6339614404668907
19.115355947764638,0.11920636087861898,0.19115355947764637,-2.867173155596689,-1.6826591209295416
19.115355947764638,0.12291667275562983,0.19115355947764637,-3.0484329925244316,-1.734408899383979
19.115355947764638,0.12662698463264066,0.19115355947764637,-3.235248108647907,-1.7894143708889994
19.115355947764638,0.1303372965096515,0.19115355947764637,-3.4276185039671154,-1.8478916864272001
19.115355947764638,0.13404760838666235,0.19115355947764637,-3.6255441784820577,-1.9100699911462198
19.115355947764638,0.13775792026367317,0.19115355947764637,-3.829025132192731,-1.9761918030394217
19.115355947764638,0.14146823214068402,0.19115355947764637,-4.038061365099139,-2.046513313035734
19.115355947764638,0.14517854401769487,0.19115355947764637,-4.252652877201279,-2.1213045843204066
19.115355947764638,0.1488888558947057,0.19115355947764637,-4.472799668499153,-2.200849625272564
19.115355947764638,0.15259916777171653,0.19115355947764637,-4.698501738992759,-2.285446306710324
19.115355947764638,0.15630947964872738,0.19115355947764637,-4.929759088682099,-2.375406090228101
19.115355947764638,0.16001979152573823,0.19115355947764637,-5.166571717567172,-2.4710535303699626
19.115355947764638,0.16373010340274907,0.19115355947764637,-5.408939625647978,-2.572725509315202
19.115355947764638,0.1674404152797599,0.19115355947764637,-5.656862812924515,-2.680770158804971
19.115355947764638,0.17115072715677074,0.19115355947764637,-5.910341279396786,-2.7955454204060355
19.115355947764638,0.17486103903378158,0.19115355947764637,-6.169375025064792,-2.9174171921355176
19.115355947764638,0.17857135091079243,0.19115355947764637,-6.433964049928528,-3.04675700726495
19.115355947764638,0.18228166278780325,0.19115355947764637,-6.704108353987999,-3.1839391901526963
19.115355947764638,0.1859919746648141,0.19115355947764637,-6.979807937243202,-3.3293374346569555
19.115355947764638,0.18970228654182494,0.19115355947764637,-7.261062799694139,-3.483320753558448
19.115355947764638,0.1934125984188358,0.19115355947764637,-7.54787294134081,-3.6462487530340613
19.115355947764638,0.1971229102958466,0.19115355947764637,-7.84023836218321,-3.8184661951776886
19.115355947764638,0.20083322217285746,0.19115355947764637,-8.138159062221344,-4.000296824497547
19.115355947764638,0.2045435340498683,0.19115355947764637,-8.441635041455214,-4.192036451859712
19.115355947764638,0.20825384592687915,0.19115355947764637,-8.750666299884816,-4.393945312076095
19.115355947764638,0.21196415780388997,0.19115355947764637,-9.06525283751015,-4.606239739724786
19.115355947764638,0.21567446968090082,0.19115355947764637,-9.385394654331218,-4.829083242130661
19.115355947764638,0.21938478155791166,0.19115355947764637,-9.711091750348018,-5.062577088736061
19.115355947764638,0.2230950934349225,0.19115355947764637,-10.042344125560552,-5.306750581977581
19.115355947764638,0.22680540531193333,0.19115355947764637,-10.379151779968815,-5.561551225360175
19.115355947764638,0.23051571718894417,0.19115355947764637,-10.721514713572816,-5.826835058136662
19.115355947764638,0.23422602906595502,0.19115355947764637,-11.06943292637255,-6.102357480526402
19.115355947764638,0.23793634094296587,0.19115355947764637,-11.422906418368015,-6.387764945517183
19.115355947764638,0.2416466528199767,0.19115355947764637,-11.781935189559212,-6.68258793882144
19.115355947764638,0.24535696469698753,0.19115355947764637,-12.146519239946144,-6.986235702435467
19.115355947764638,0.24906727657399838,0.19115355947764637,-12.51665856952881,-7.297993173697067
19.115355947764638,0.2527775884510092,0.19115355947764637,-12.892353178307209,-7.617020604631836
19.115355947764638,0.25648790032802005,0.19115355947764637,-13.273603066281336,-7.94235628984994
19.115355947764638,0.2601982122050309,0.19115355947764637,-13.660408233451204,-8.272922760494637
19.115355947764638,0.26390852408204174,0.19115355947764637,-14.052768679816795,-8.607536693988937
19.115355947764638,0.26761883595905256,0.19115355947764637,-14.450684405378121,-8.944922644904455
19.115355947764638,0.27132914783606343,0.19115355947764637,-14.854155410135188,-9.283730525530071
19.115355947764638,0.27503945971307425,0.19115355947764637,-15.263181694087983,-9.622556564587807
19.115355947764638,0.27874977159008507,0.19115355947764637,-15.677763257236508,-9.959967262566542
19.115355947764638,0.28246008346709595,0.19115355947764637,-16.097900099580773,-10.294525659688702
19.115355947764638,0.28617039534410676,0.19115355947764637,-16.523592221120765,-10.624819057202268
19.115355947764638,0.28988070722111764,0.19115355947764637,-16.954839621856497,-10.949487204046848
19.115355947764638,0.29359101909812846,0.19115355947764637,-17.391642301787954,-11.267249895758653
19.115355947764638,0.2973013309751393,0.19115355947764637,-17.834000260915147,-11.576932942123591
19.115355947764638,0.30101164285215015,0.19115355947764637,-18.281913499238076,-11.87749154846853
19.115355947764638,0.30472195472916097,0.19115355947764637,-18.73538201675673,-12.168030318058285
20.503232799233672,0.011607316445304631,0.20503232799233673,-0.026810358108469972,-0.9757258497727075
20.503232799233672,0.015317628322315471,0.20503232799233673,-0.04668980072502895,-0.9857727391527589
20.503232799233672,0.01902794019932631,0.20503232799233673,-0.0720480981868002,-0.9963157672904264
20.503232799233672,0.02273825207633715,0.20503232799233673,-0.10288525049378373,-1.007384587906608
20.503232799233672,0.02644856395334799,0.20503232799233673,-0.13920125764597957,-1.0190108433834038
20.503232799233672,0.03015887583035883,0.20503232799233673,-0.18099611964338766,-1.0312283082151672
20.503232799233672,0.03386918770736967,0.20503232799233673,-0.2282698364860081,-1.044073042969441
20.503232799233672,0.03757949958438051,0.20503232799233673,-0.2810224081738408,-1.0575835594661207
20.503232799233672,0.04128981146139135,0.20503232799233673,-0.3392538347068857,-1.071800997913153
20.503232799233672,0.04500012333840219,0.20503232799233673,-0.40296411608514293,-1.0867693167645087
20.503232799233672,0.04871043521541303,0.20503232799233673,-0.4721532523086125,-1.102535496089113
20.503232799233672,0.05242074709242387,0.20503232799233673,-0.5468212433772943,-1.119149755257021
20.503232799233672,0.05613105896943471,0.20503232799233673,-0.6269680892911883,-1.1366657857593254
20.503232799233672,0.05984137084644555,0.20503232799233673,-0.7125937900502947,-1.1551409999788196
20.503232799233672,0.06355168272345639,0.20503232799233673,-0.8036983456546134,-1.1746367967170879
20.503232799233672,0.06726199460046722,0.20503232799233673,-0.9002817561041441,-1.195218844256932
20.503232799233672,0.07097230647747807,0.20503232799233673,-1.0023440213988875,-1.216957381693685
20.503232799233672,0.0746826183544889,0.20503232799233673,-1.1098851415388427,-1.2399275392003437
20.503232799233672,0.07839293023149975,0.20503232799233673,-1.2229051165240106,-1.2642096777947782
20.503232799233672,0.08210324210851058,0.20503232799233673,-1.3414039463543905,-1.2898897490466812
20.503232799233672,0.08581355398552143,0.20503232799233673,-1.465381631029983,-1.3170596749903423
20.503232799233672,0.08952386586253226,0.20503232799233673,-1.5948381705507875,-1.3458177482893965
20.503232799233672,0.09323417773954311,0.20503232799233673,-1.7297735649168045,-1.3762690524218253
20.503232799233672,0.09694448961655394,0.20503232799233673,-1.8701878141280335,-1.4085259013079514
20.503232799233672,0.10065480149356479,0.20503232799233673,-2.016080918184475,-1.4427082973790606
20.503232799233672,0.10436511337057562,0.20503232799233673,-2.1674528770861285,-1.47894440656663
20.503232799233672,0.10807542524758647,0.20503232799233673,-2.324303690832995,-1.5173710480676759
20.503232799233672,0.1117857371245973,0.20503232799233673,-2.4866333594250727,-1.5581341959944406
20.503232799233672,0.11549604900160815,0.20503232799233673,-2.6544418828623635,-1.6013894891293177
20.503232799233672,0.11920636087861898,0.20503232799233673,-2.8277292611448663,-1.6473027439602945
20.503232799233672,0.12291667275562983,0.20503232799233673,-3.0064954942725817,-1.696050464949134
20.503232799233672,0.12662698463264066,0.20503232799233673,-3.190740582245509,-1.7478203445641074
20.503232799233672,0.1303372965096515,0.20503232799233673,-3.3804645250636485,-1.802811743972549
20.503232799233672,0.13404760838666235,0.20503232799233673,-3.5756673227270013,-1.861236143417281
20.503232799233672,0.13775792026367317,0.20503232799233673,-3.776348975235565,-1.9233175491795849
20.503232799233672,0.14146823214068402,0.20503232799233673,-3.9825094825893417,-1.989292841648517
20.503232799233672,0.14517854401769487,0.20503232799233673,-4.19414884478833,-2.0594120463658867
20.503232799233672,0.1488888558947057,0.20503232799233673,-4.411267061832532,-2.1339385070018104
20.503232799233672,0.15259916777171653,0.20503232799233673,-4.633864133721945,-2.213148936051515
20.503232799233672,0.15630947964872738,0.20503232799233673,-4.86194006045657,-2.297333315660417
20.503232799233672,0.16001979152573823,0.20503232799233673,-5.095494842036409,-2.3867946174299686
20.503232799233672,0.16373010340274907,0.20503232799233673,-5.3345284784614595,-2.4818483064058245
20.503232799233672,0.1674404152797599,0.20503232799233673,-5.57904096973172,-2.5828215908037992
20.503232799233672,0.17115072715677074,0.20503232799233673,-5.829032315847195,-2.690052375526877
20.503232799233672,0.17486103903378158,0.20503232799233673,-6.084502516807883,-2.803887874344269
20.503232799233672,0.17857135091079243,0.20503232799233673,-6.345451572613783,-2.924682832965848
20.503232799233672,0.18228166278780325,0.20503232799233673,-6.611879483264894,-3.052797313423827
20.503232799233672,0.1859919746648141,0.20503232799233673,-6.883786248761218,-3.188593989495309
20.503232799233672,0.18970228654182494,0.20503232799233673,-7.161171869102755,-3.3324349037432413
20.503232799233672,0.1934125984188358,0.20503232799233673,-7.444036344289504,-3.484677639550942
20.503232799233672,0.1971229102958466,0.20503232799233673,-7.732379674321463,-3.6456708667538416
20.503232799233672,0.20083322217285746,0.20503232799233673,-8.026201859198636,-3.815749227642292
20.503232799233672,0.2045435340498683,0.20503232799233673,-8.325502898921021,-3.995227541749905
20.503232799233672,0.20825384592687915,0.20503232799233673,-8.63028279348862,-4.18439432347231
20.503232799233672,0.21196415780388997,0.20503232799233673,-8.940541542901428,-4.383504626660006
20.503232799233672,0.21567446968090082,0.20503232799233673,-9.256279147159452,-4.592772255285931
20.503232799233672,0.21938478155791166,0.20503232799233673,-9.577495606262687,-4.812361409352718
20.503232799233672,0.2230950934349225,0.20503232799233673,-9.904190920211132,-5.042377870410261
20.503232799233672,0.22680540531193333,0.20503232799233673,-10.23636508900479,-5.282859871141147
20.503232799233672,0.23051571718894417,0.20503232799233673,-10.574018112643662,-5.533768837783608
20.503232799233672,0.23422602906595502,0.20503232799233673,-10.917149991127745,-5.794980241541882
20.503232799233672,0.23793634094296587,0.20503232799233673,-11.265760724457042,-6.066274843807959
20.503232799233672,0.2416466528199767,0.20503232799233673,-11.619850312631549,-6.34733066749077
20.503232799233672,0.24535696469698753,0.20503232799233673,-11.97941875565127,-6.637716069725016
20.503232799233672,0.24906727657399838,0.20503232799233673,-12.344466053516204,-6.936884325601762
20.503232799233672,0.2527775884510092,0.20503232799233673,-12.71499220622635,-7.244170153483058
20.503232799233672,0.25648790032802005,0.20503232799233673,-13.090997213781705,-7.5587886145823
20.503232799233672,0.2601982122050309,0.20503232799233673,-13.472481076182278,-7.879836797362337
20.503232799233672,0.26390852408204174,0.20503232799233673,-13.859443793428058,-8.206298646002551
20.503232799233672,0.26761883595905256,0.20503232799233673,-14.251885365519048,-8.537053208129302
20.503232799233672,0.27132914783606343,0.20503232799233673,-14.64980579245526,-8.870886458895253
20.503232799233672,0.27503945971307425,0.20503232799233673,-15.053205074236677,-9.206506708269583
20.503232799233672,0.27874977159008507,0.20503232799233673,-15.462083210863304,-9.542563421992014
20.503232799233672,0.28246008346709595,0.20503232799233673,-15.876440202335152,-9.877669094315928
20.503232799233672,0.28617039534410676,0.20503232799233673,-16.296276048652203,-10.210423616743693
20.503232799233672,0.28988070722111764,0.20503232799233673,-16.721590749814478,-10.5394404087808
20.503232799233672,0.29359101909812846,0.20503232799233673,-17.152384305821954,-10.863373432869622
20.503232799233672,0.2973013309751393,0.20503232799233673,-17.588656716674645,-11.18094412353495
20.503232799233672,0.30101164285215015,0.20503232799233673,-18.030407982372555,-11.49096723409927
20.503232799233672,0.30472195472916097,0.20503232799233673,-18.477638102915666,-11.792374650820356
21.891109650702706,0.011607316445304631,0.21891109650702706,-0.026436381380932097,-0.9741007168290023
21.891109650702706,0.015317628322315471,0.21891109650702706,-0.046038526362564336,-0.9838372879244752
21.891109650702706,0.01902794019932631,0.21891109650702706,-0.07104310183888814,-0.9940455411209066
21.891109650702706,0.02273825207633715,0.21891109650702706,-0.10145010780990349,-1.0047532381534183
21.891109650702706,0.02644856395334799,0.21891109650702706,-0.13725954427561046,-1.0159899787836588
21.891109650702706,0.03015887583035883,0.21891109650702706,-0.17847141123600896,-1.027787332007314
21.891109650702706,0.03386918770736967,0.21891109650702706,-0.2250857086910991,-1.0401789768105179
21.891109650702706,0.03757949958438051,0.21891109650702706,-0.27710243664088074,-1.0532008531201154
21.891109650702706,0.04128981146139135,0.21891109650702706,-0.33452159508535395,-1.0668913236216833
21.891109650702706,0.04500012333840219,0.21891109650702706,-0.39734318402451874,-1.0812913471459789
21.891109650702706,0.04871043521541303,0.21891109650702706,-0.46556720345837516,-1.0964446643480215
21.891109650702706,0.05242074709242387,0.21891109650702706,-0.539193653386923,-1.1123979964224393
21.891109650702706,0.05613105896943471,0.21891109650702706,-0.6182225338101626,-1.1292012576121615
21.891109650702706,0.05984137084644555,0.21891109650702706,-0.7026538447280936,-1.1469077822734506
21.891109650702706,0.06355168272345639,0.21891109650702706,-0.7924875861407163,-1.1655745672566424
21.891109650702706,0.06726199460046722,0.21891109650702706,-0.8877237580480303,-1.1852625303460171
21.891109650702706,0.07097230647747807,0.21891109650702706,-0.9883623604500361,-1.2060367854711318
21.891109650702706,0.0746826183544889,0.21891109650702706,-1.0944033933467334,-1.2279669353522737
21.891109650702706,0.07839293023149975,0.21891109650702706,-1.2058468567381224,-1.2511273821700142
21.891109650702706,0.08210324210851058,0.21891109650702706,-1.3226927506242028,-1.275597656748686
21.891109650702706,0.08581355398552143,0.21891109650702706,-1.444941075004975,-1.3014627666100664
21.891109650702706,0.08952386586253226,0.21891109650702706,-1.5725918298804384,-1.3288135630803533
21.891109650702706,0.09323417773954311,0.21891109650702706,-1.7056450152505938,-1.3577471274129702
21.891109650702706,0.09694448961655394,0.21891109650702706,-1.8441006311154404,-1.3883671756136953
21.891109650702706,0.10065480149356479,0.21891109650702706,-1.9879586774749787,-1.4207844813130586
21.891109650702706,0.10436511337057562,0.21891109650702706,-2.1372191543292085,-1.4551173156132244
21.891109650702706,0.10807542524758647,0.21891109650702706,-2.2918820616781304,-1.4914919023306195
21.891109650702706,0.1117857371245973,0.21891109650702706,-2.451947399521743,-1.530042886447979
21.891109650702706,0.11549604900160815,0.21891109650702706,-2.617415167860048,-1.5709138128655646
21.891109650702706,0.11920636087861898,0.21891109650702706,-2.788285366693044,-1.6142576116856486
21.891109650702706,0.12291667275562983,0.21891109650702706,-2.964557996020732,-1.6602370852603436
21.891109650702706,0.12662698463264066,0.21891109650702706,-3.146233055843111,-1.7090253910628737
21.891109650702706,0.1303372965096515,0.21891109650702706,-3.333310546160182,-1.760806513090282
21.891109650702706,0.13404760838666235,0.21891109650702706,-3.525790466971945,-1.8157757129533905
21.891109650702706,0.13775792026367317,0.21891109650702706,-3.723672818278398,-1.8741399500434675
21.891109650702706,0.14146823214068402,0.21891109650702706,-3.926957600079544,-1.9361182581715517
21.891109650702706,0.14517854401769487,0.21891109650702706,-4.135644812375381,-2.001942063847494
21.891109650702706,0.1488888558947057,0.21891109650702706,-4.34973445516591,-2.0718554288993585
21.891109650702706,0.15259916777171653,0.21891109650702706,-4.5692265284511295,-2.1461151974361363
21.891109650702706,0.15630947964872738,0.21891109650702706,-4.7941210322310415,-2.2249910242449014
21.891109650702706,0.16001979152573823,0.21891109650702706,-5.024417966505646,-2.308765258619414
21.891109650702706,0.16373010340274907,0.21891109650702706,-5.260117331274941,-2.397732654390629
21.891109650702706,0.1674404152797599,0.21891109650702706,-5.501219126538926,-2.4921998736418436
21.891109650702706,0.17115072715677074,0.21891109650702706,-5.747723352297604,-2.5924847483410316
21.891109650702706,0.17486103903378158,0.21891109650702706,-5.999630008550975,-2.6989152610388607
21.891109650702706,0.17857135091079243,0.21891109650702706,-6.256939095299036,-2.8118282030268458
21.891109650702706,0.18228166278780325,0.21891109650702706,-6.519650612541788,-2.931567466128834
21.891109650702706,0.1859919746648141,0.21891109650702706,-6.787764560279233,-3.058481922854996
21.891109650702706,0.18970228654182494,0.21891109650702706,-7.06128093851137,-3.192922849267743
21.891109650702706,0.1934125984188358,0.21891109650702706,-7.340199747238198,-3.335240845923873
21.891109650702706,0.1971229102958466,0.21891109650702706,-7.624520986459715,-3.485782215035127
21.891109650702706,0.20083322217285746,0.21891109650702706,-7.914244656175926,-3.6448847569327385
21.891109650702706,0.2045435340498683,0.21891109650702706,-8.209370756386829,-3.8128729564538464
21.891109650702706,0.20825384592687915,0.21891109650702706,-8.509899287092423,-3.990052540420392
21.891109650702706,0.21196415780388997,0.21891109650702706,-8.815830248292707,-4.176704401372172
21.891109650702706,0.21567446968090082,0.21891109650702706,-9.127163639987685,-4.373077900524005
21.891109650702706,0.21938478155791166,0.21891109650702706,-9.443899462177354,-4.579383584850003
21.891109650702706,0.2230950934349225,0.21891109650702706,-9.766037714861714,-4.79578537945067
21.891109650702706,0.22680540531193333,0.21891109650702706,-10.093578398040764,-5.022392346966517
21.891109650702706,0.23051571718894417,0.21891109650702706,-10.426521511714508,-5.259250140579725
21.891109650702706,0.23422602906595502,0.21891109650702706,-10.764867055882943,-5.506332315620551
21.891109650702706,0.23793634094296587,0.21891109650702706,-11.108615030546071,-5.76353170612024
21.891109650702706,0.2416466528199767,0.21891109650702706,-11.457765435703886,-6.0306521155186115
21.891109650702706,0.24535696469698753,0.21891109650702706,-11.812318271356396,-6.307400613269504
21.891109650702706,0.24906727657399838,0.21891109650702706,-12.172273537503598,-6.59338076876994
21.891109650702706,0.2527775884510092,0.21891109650702706,-12.537631234145493,-6.888087187637783
21.891109650702706,0.25648790032802005,0.21891109650702706,-12.908391361282074,-7.190901738939896
21.891109650702706,0.2601982122050309,0.21891109650702706,-13.284553918913355,-7.501091870991168
21.891109650702706,0.26390852408204174,0.21891109650702706,-13.66611890703932,-7.817811402920414
21.891109650702706,0.26761883595905256,0.21891109650702706,-14.053086325659974,-8.140104144546418
21.891109650702706,0.27132914783606343,0.21891109650702706,-14.445456174775329,-8.466910634177934
21.891109650702706,0.27503945971307425,0.21891109650702706,-14.84322845438537,-8.797078190256977
21.891109650702706,0.27874977159008507,0.21891109650702706,-15.2464031644901,-9.129374348282704
21.891109650702706,0.28246008346709595,0.21891109650702706,-15.65498030508953,-9.46250360248012
21.891109650702706,0.28617039534410676,0.21891109650702706,-16.068959876183644,-9.795127199427077
21.891109650702706,0.28988070722111764,0.21891109650702706,-16.488341877772456,-10.125885549571322
21.891109650702706,0.29359101909812846,0.21891109650702706,-16.913126309855954,-10.45342264700355
21.891109650702706,0.2973013309751393,0.21891109650702706,-17.343313172434144,-10.776411734973571
21.891109650702706,0.30101164285215015,0.21891109650702706,-17.77890246550703,-11.093581341696243
21.891109650702706,0.30472195472916097,0.21891109650702706,-18.2198941890746,-11.403740753165707
23.27898650217174,0.011607316445304631,0.2327898650217174,-0.02606240465339422,-0.9724856305803531
23.27898650217174,0.015317628322315471,0.2327898650217174,-0.045387252000099715,-0.9819259179547641
23.27898650217174,0.01902794019932631,0.2327898650217174,-0.07003810549097605,-0.9918150258462171
23.27898650217174,0.02273825207633715,0.2327898650217174,-0.10001496512602326,-1.0021789753738122
23.27898650217174,0.02644856395334799,0.2327898650217174,-0.13531783090524133,-1.01304548881108
23.27898650217174,0.03015887583035883,0.2327898650217174,-0.17594670282863026,-1.0244441097714994
23.27898650217174,0.03386918770736967,0.2327898650217174,-0.22190158089619008,-1.0364063320810128
23.27898650217174,0.03757949958438051,0.2327898650217174,-0.2731824651079207,-1.0489657379251258
23.27898650217174,0.04128981146139135,0.2327898650217174,-0.3297893554638222,-1.0621581458854736
23.27898650217174,0.04500012333840219,0.2327898650217174,-0.39172225196389454,-1.0760217695068048
23.27898650217174,0.04871043521541303,0.2327898650217174,-0.45898115460813776,-1.0905973870587076
23.27898650217174,0.05242074709242387,0.2327898650217174,-0.5315660633965519,-1.1059285231767957
23.27898650217174,0.05613105896943471,0.2327898650217174,-0.6094769783291368,-1.1220616430835562
23.27898650217174,0.05984137084644555,0.2327898650217174,-0.6927138994058926,-1.139046360098832
23.27898650217174,0.06355168272345639,0.2327898650217174,-0.7812768266268192,-1.1569356571517697
23.27898650217174,0.06726199460046722,0.2327898650217174,-0.8751657599919165,-1.1757861229982414
23.27898650217174,0.07097230647747807,0.2327898650217174,-0.9743806995011849,-1.1956582038275485
23.27898650217174,0.0746826183544889,0.2327898650217174,-1.078921645154624,-1.216616470906989
23.27898650217174,0.07839293023149975,0.2327898650217174,-1.1887885969522343,-1.2387299048589018
23.27898650217174,0.08210324210851058,0.2327898650217174,-1.303981554894015,-1.2620721970883997
23.27898650217174,0.08581355398552143,0.2327898650217174,-1.424500518979967,-1.28672206877628
23.27898650217174,0.08952386586253226,0.2327898650217174,-1.5503454892100894,-1.3127636077153797
23.27898650217174,0.09323417773954311,0.2327898650217174,-1.681516465584383,-1.3402866230934607
23.27898650217174,0.09694448961655394,0.2327898650217174,-1.8180134481028474,-1.3693870181049395
23.27898650217174,0.10065480149356479,0.2327898650217174,-1.9598364367654826,-1.400167179998793
23.27898650217174,0.10436511337057562,0.2327898650217174,-2.1069854315722885,-1.4327363868321856
23.27898650217174,0.10807542524758647,0.2327898650217174,-2.259460432523266,-1.4672112297885258
23.27898650217174,0.1117857371245973,0.2327898650217174,-2.417261439618413,-1.5037160494230664
23.27898650217174,0.11549604900160815,0.2327898650217174,-2.580388452857732,-1.5423833836074103
23.27898650217174,0.11920636087861898,0.2327898650217174,-2.7488414722412213,-1.5833544242418318
23.27898650217174,0.12291667275562983,0.2327898650217174,-2.922620497768882,-1.6267794789780452
23.27898650217174,0.12662698463264066,0.2327898650217174,-3.101725529440713,-1.6728184332292546
23.27898650217174,0.1303372965096515,0.2327898650217174,-3.286156567256715,-1.7216412066241307
23.27898650217174,0.13404760838666235,0.2327898650217174,-3.4759136112168885,-1.7734281967718375
23.27898650217174,0.13775792026367317,0.2327898650217174,-3.6709966613212313,-1.8283707017318318
23.27898650217174,0.14146823214068402,0.2327898650217174,-3.8714057175697465,-1.8866713109128765
23.27898650217174,0.14517854401769487,0.2327898650217174,-4.0771407799624315,-1.9485442522506933
23.27898650217174,0.1488888558947057,0.2327898650217174,-4.2882018484992885,-2.0142156814279257
23.27898650217174,0.15259916777171653,0.2327898650217174,-4.5045889231803145,-2.0839238966043387
23.27898650217174,0.15630947964872738,0.2327898650217174,-4.726302004005514,-2.1579194596287805
23.27898650217174,0.16001979152573823,0.2327898650217174,-4.953341090974883,-2.2364652020271607
23.27898650217174,0.16373010340274907,0.2327898650217174,-5.185706184088422,-2.319836091236134
23.27898650217174,0.1674404152797599,0.2327898650217174,-5.423397283346132,-2.408318929630678
23.27898650217174,0.17115072715677074,0.2327898650217174,-5.666414388748014,-2.5022118559456694
23.27898650217174,0.17486103903378158,0.2327898650217174,-5.914757500294067,-2.601823615811899
23.27898650217174,0.17857135091079243,0.2327898650217174,-6.16842661798429,-2.7074725654362237
23.27898650217174,0.18228166278780325,0.2327898650217174,-6.427421741818684,-2.8194853701071008
23.27898650217174,0.1859919746648141,0.2327898650217174,-6.691742871797248,-2.938195357384373
23.27898650217174,0.18970228654182494,0.2327898650217174,-6.961390007919984,-3.0639404837559243
23.27898650217174,0.1934125984188358,0.2327898650217174,-7.236363150186892,-3.197060873466766
23.27898650217174,0.1971229102958466,0.2327898650217174,-7.516662298597968,-3.337895889434551
23.27898650217174,0.20083322217285746,0.2327898650217174,-7.802287453153216,-3.486780698973099
23.27898650217174,0.2045435340498683,0.2327898650217174,-8.093238613852636,-3.644042301787197
23.27898650217174,0.20825384592687915,0.2327898650217174,-8.389515780696227,-3.809994994723439
23.27898650217174,0.21196415780388997,0.2327898650217174,-8.691118953683986,-3.984935257406207
23.27898650217174,0.21567446968090082,0.2327898650217174,-8.998048132815919,-4.169136055479244
23.27898650217174,0.21938478155791166,0.2327898650217174,-9.310303318092021,-4.362840573997418
23.27898650217174,0.2230950934349225,0.2327898650217174,-9.627884509512295,-4.566255412793844
23.27898650217174,0.22680540531193333,0.2327898650217174,-9.950791707076737,-4.779543298520457
23.27898650217174,0.23051571718894417,0.2327898650217174,-10.279024910785354,-5.0028153945421945
23.27898650217174,0.23422602906595502,0.2327898650217174,-10.61258412063814,-5.236123319816227
23.27898650217174,0.23793634094296587,0.2327898650217174,-10.951469336635098,-5.479451020966184
23.27898650217174,0.2416466528199767,0.2327898650217174,-11.295680558776224,-5.732706677366048
23.27898650217174,0.24535696469698753,0.2327898650217174,-11.645217787061522,-5.9957148562476785
23.27898650217174,0.24906727657399838,0.2327898650217174,-12.000081021490994,-6.2682091722958635
23.27898650217174,0.2527775884510092,0.2327898650217174,-12.360270262064637,-6.549825742045391
23.27898650217174,0.25648790032802005,0.2327898650217174,-12.725785508782444,-6.840097755208038
23.27898650217174,0.2601982122050309,0.2327898650217174,-13.09662676164443,-7.1384515097487125
23.27898650217174,0.26390852408204174,0.2327898650217174,-13.47279402065058,-7.44420427138413
23.27898650217174,0.26761883595905256,0.2327898650217174,-13.8542872858009,-7.756564316966999
23.27898650217174,0.27132914783606343,0.2327898650217174,-14.2411065570954,-8.074633500488188
23.27898650217174,0.27503945971307425,0.2327898650217174,-14.633251834534065,-8.397412635969207
23.27898650217174,0.27874977159008507,0.2327898650217174,-15.030723118116898,-8.723809920034387
23.27898650217174,0.28246008346709595,0.2327898650217174,-15.43352040784391,-9.052652516897957
23.27898650217174,0.28617039534410676,0.2327898650217174,-15.841643703715084,-9.382701300948177
23.27898650217174,0.28988070722111764,0.2327898650217174,-16.255093005730437,-9.712668601510302
23.27898650217174,0.29359101909812846,0.2327898650217174,-16.673868313889955,-10.04123862898662
23.27898650217174,0.2973013309751393,0.2327898650217174,-17.097969628193642,-10.36709009338377
23.27898650217174,0.30101164285215015,0.2327898650217174,-17.52739694864151,-10.688920370159043
23.27898650217174,0.30472195472916097,0.2327898650217174,-17.962150275233537,-11.005470440718005
24.666863353640775,0.011607316445304631,0.24666863353640775,-0.02568842792585634,-0.9708853151946881
24.666863353640775,0.015317628322315471,0.24666863353640775,-0.044735977637635094,-0.9800428272704749
24.666863353640775,0.01902794019932631,0.24666863353640775,-0.06903310914306397,-0.9896277837711906
24.666863353640775,0.02273825207633715,0.24666863353640775,-0.098579822442143,-0.9996646032985899
24.666863353640775,0.02644856395334799,0.24666863353640775,-0.1333761175348722,-1.0101792811188308
24.666863353640775,0.03015887583035883,0.24666863353640775,-0.17342199442125153,-1.0211994994152387
24.666863353640775,0.03386918770736967,0.24666863353640775,-0.21871745310128102,-1.032754745454704
24.666863353640775,0.03757949958438051,0.24666863353640775,-0.2692624935749606,-1.0448764382031106
24.666863353640775,0.04128981146139135,0.24666863353640775,-0.3250571158422904,-1.057598063951092
24.666863353640775,0.04500012333840219,0.24666863353640775,-0.3861013199032703,-1.0709553215362155
24.666863353640775,0.04871043521541303,0.24666863353640775,-0.4523951057579004,-1.0849862777707822
24.666863353640775,0.05242074709242387,0.24666863353640775,-0.5239384734061806,-1.0997315337048783
24.666863353640775,0.05613105896943471,0.24666863353640775,-0.6007314228481109,-1.115234402371224
24.666863353640775,0.05984137084644555,0.24666863353640775,-0.6827739540836913,-1.131541098670564
24.666863353640775,0.06355168272345639,0.24666863353640775,-0.770066067112922,-1.148700942062196
24.666863353640775,0.06726199460046722,0.24666863353640775,-0.8626077619358026,-1.16676657272244
24.666863353640775,0.07097230647747807,0.24666863353640775,-0.9603990385523336,-1.1857941818218518
24.666863353640775,0.0746826183544889,0.24666863353640775,-1.0634398969625145,-1.2058437565478148
24.666863353640775,0.07839293023149975,0.24666863353640775,-1.171730337166346,-1.2269793404597902
24.666863353640775,0.08210324210851058,0.24666863353640775,-1.285270359163827,-1.2492693097065226
24.666863353640775,0.08581355398552143,0.24666863353640775,-1.4040599629549588,-1.2727866655543623
24.666863353640775,0.08952386586253226,0.24666863353640775,-1.5280991485397402,-1.2976093435688099
24.666863353640775,0.09323417773954311,0.24666863353640775,-1.657387915918172,-1.323820539652249
24.666863353640775,0.09694448961655394,0.24666863353640775,-1.7919262650902539,-1.35150905296405
24.666863353640775,0.10065480149356479,0.24666863353640775,-1.931714196055986,-1.3807696455275456
24.666863353640775,0.10436511337057562,0.24666863353640775,-2.076751708815368,-1.4117034180546435
24.666863353640775,0.10807542524758647,0.24666863353640775,-2.227038803368401,-1.4444182011842979
24.666863353640775,0.1117857371245973,0.24666863353640775,-2.382575479715083,-1.479028960926045
24.666863353640775,0.11549604900160815,0.24666863353640775,-2.543361737855416,-1.515658216614446
24.666863353640775,0.11920636087861898,0.24666863353640775,-2.7093975777893986,-1.5544364691022041
24.666863353640775,0.12291667275562983,0.24666863353640775,-2.8806829995170316,-1.5955026362377978
24.666863353640775,0.12662698463264066,0.24666863353640775,-3.0572180030383147,-1.6390044918738278
24.666863353640775,0.1303372965096515,0.24666863353640775,-3.2390025883532476,-1.6850991037221892
24.666863353640775,0.13404760838666235,0.24666863353640775,-3.4260367554618316,-1.7339532642978583
24.666863353640775,0.13775792026367317,0.24666863353640775,-3.618320504364064,-1.7857439079617285
24.666863353640775,0.14146823214068402,0.24666863353640775,-3.8158538350599485,-1.840658505672529
24.666863353640775,0.14517854401769487,0.24666863353640775,-4.018636747549482,-1.8988954274787093
24.666863353640775,0.1488888558947057,0.24666863353640775,-4.226669241832666,-1.9606642610159946
24.666863353640775,0.15259916777171653,0.24666863353640775,-4.439951317909499,-2.026186072323624
24.666863353640775,0.15630947964872738,0.24666863353640775,-4.658482975779984,-2.0956935931548766
24.666863353640775,0.16001979152573823,0.24666863353640775,-4.882264215444119,-2.169431316648248
24.666863353640775,0.16373010340274907,0.24666863353640775,-5.111295036901904,-2.2476554807664515
24.666863353640775,0.1674404152797599,0.24666863353640775,-5.345575440153337,-2.330633916336521
24.666863353640775,0.17115072715677074,0.24666863353640775,-5.585105425198422,-2.418645733887352
24.666863353640775,0.17486103903378158,0.24666863353640775,-5.829884992037158,-2.511980820850019
24.666863353640775,0.17857135091079243,0.24666863353640775,-6.079914140669542,-2.6109391181529613
24.666863353640775,0.18228166278780325,0.24666863353640775,-6.335192871095577,-2.71582964292397
24.666863353640775,0.1859919746648141,0.24666863353640775,-6.595721183315263,-2.8269692220452782
24.666863353640775,0.18970228654182494,0.24666863353640775,-6.861499077328599,-2.9446808998669267
24.666863353640775,0.1934125984188358,0.24666863353640775,-7.132526553135586,-3.0692919826639984
24.666863353640775,0.1971229102958466,0.24666863353640775,-7.40880361073622,-3.201131682649112
24.666863353640775,0.20083322217285746,0.24666863353640775,-7.690330250130505,-3.3405283257704457
24.666863353640775,0.2045435340498683,0.24666863353640775,-7.977106471318442,-3.487806090402232
24.666863353640775,0.20825384592687915,0.24666863353640775,-8.269132274300029,-3.6432812486446076
24.666863353640775,0.21196415780388997,0.24666863353640775,-8.566407659075264,-3.8072578885690223
24.666863353640775,0.21567446968090082,0.24666863353640775,-8.86893262564415,-3.980023104637058
24.666863353640775,0.21938478155791166,0.24666863353640775,-9.176707174006689,-4.161841654923688
24.666863353640775,0.2230950934349225,0.24666863353640775,-9.489731304162875,-4.352950097888233
24.666863353640775,0.22680540531193333,0.24666863353640775,-9.80800501611271,-4.553550438401127
24.666863353640775,0.23051571718894417,0.24666863353640775,-10.131528309856197,-4.763803332623908
24.666863353640775,0.23422602906595502,0.24666863353640775,-10.460301185393336,-4.983820924139543
24.666863353640775,0.23793634094296587,0.24666863353640775,-10.794323642724123,-5.213659409319243
24.666863353640775,0.2416466528199767,0.24666863353640775,-11.13359568184856,-5.4533114580408295
24.666863353640775,0.24535696469698753,0.24666863353640775,-11.478117302766648,-5.702698646127393
24.666863353640775,0.24906727657399838,0.24666863353640775,-11.827888505478386,-5.961664087626923
24.666863353640775,0.2527775884510092,0.24666863353640775,-12.182909289983776,-6.229965487397026
24.666863353640775,0.25648790032802005,0.24666863353640775,-12.543179656282812,-6.507268866120711
24.666863353640775,0.2601982122050309,0.24666863353640775,-12.908699604375505,-6.79314323912328
24.666863353640775,0.26390852408204174,0.24666863353640775,-13.27946913426184,-7.0870565548890525
24.666863353640775,0.26761883595905256,0.24666863353640775,-13.655488245941825,-7.388373216076133
24.666863353640775,0.27132914783606343,0.24666863353640775,-14.036756939415469,-7.696353511575504
24.666863353640775,0.27503945971307425,0.24666863353640775,-14.423275214682755,-8.010155278776008
24.666863353640775,0.27874977159008507,0.24666863353640775,-14.815043071743691,-8.328838086549123
24.666863353640775,0.28246008346709595,0.24666863353640775,-15.212060510598285,-8.651370177799102
24.666863353640775,0.28617039534410676,0.24666863353640775,-15.614327531246522,-8.976638333066566
24.666863353640775,0.28988070722111764,0.24666863353640775,-16.021844133688415,-9.303460712887524
24.666863353640775,0.29359101909812846,0.24666863353640775,-16.43461031792395,-9.630602608433914
24.666863353640775,0.2973013309751393,0.24666863353640775,-16.85262608395314,-9.95679488287064
24.666863353640775,0.30101164285215015,0.24666863353640775,-17.275891431775985,-10.280754729029823
24.666863353640775,0.30472195472916097,0.24666863353640775,-17.704406361392472,-10.60120821497464
26.05474020510981,0.011607316445304631,0.2605474020510981,-0.025314451198318464,-0.9693038838169037
26.05474020510981,0.015317628322315471,0.2605474020510981,-0.04408470327517047,-0.9781915985303962
26.05474020510981,0.01902794019932631,0.2605474020510981,-0.0680281127951519,-0.9874867643421514
26.05474020510981,0.02273825207633715,0.2605474020510981,-0.09714467975826276,-0.9972123233533496
26.05474020510981,0.02644856395334799,0.2605474020510981,-0.13143440416450308,-1.0073926809854061
26.05474020510981,0.03015887583035883,0.2605474020510981,-0.1708972860138728,-1.0180538072718006
26.05474020510981,0.03386918770736967,0.2605474020510981,-0.215533325306372,-1.0292233453690152
26.05474020510981,0.03757949958438051,0.2605474020510981,-0.2653425220420006,-1.040930727774743
26.05474020510981,0.04128981146139135,0.2605474020510981,-0.32032487622075867,-1.053207300765913
26.05474020510981,0.04500012333840219,0.2605474020510981,-0.3804803878426461,-1.0660864575926072
26.05474020510981,0.04871043521541303,0.2605474020510981,-0.44580905690766304,-1.07960378098627
26.05474020510981,0.05242074709242387,0.2605474020510981,-0.5163108834158093,-1.093797195560911
26.05474020510981,0.05613105896943471,0.2605474020510981,-0.5919858673670851,-1.108707130703499
26.05474020510981,0.05984137084644555,0.2605474020510981,-0.6728340087614902,-1.124376694563487
26.05474020510981,0.06355168272345639,0.2605474020510981,-0.758855307599025,-1.140851859760247
26.05474020510981,0.06726199460046722,0.2605474020510981,-0.8500497638796888,-1.158181661429524
26.05474020510981,0.07097230647747807,0.2605474020510981,-0.9464173776034823,-1.1764184082243805
26.05474020510981,0.0746826183544889,0.2605474020510981,-1.0479581487704053,-1.1956179068704391
26.05474020510981,0.07839293023149975,0.2605474020510981,-1.1546720773804577,-1.215839700846879
26.05474020510981,0.08210324210851058,0.2605474020510981,-1.2665591634336393,-1.2371473237215542
26.05474020510981,0.08581355398552143,0.2605474020510981,-1.3836194069299508,-1.259608567606611
26.05474020510981,0.08952386586253226,0.2605474020510981,-1.5058528078693911,-1.2832957671172305
26.05474020510981,0.09323417773954311,0.2605474020510981,-1.6332593662519612,-1.308286099105635
26.05474020510981,0.09694448961655394,0.2605474020510981,-1.7658390820776608,-1.33466189830084
26.05474020510981,0.10065480149356479,0.2605474020510981,-1.9035919553464897,-1.3625109888056692
26.05474020510981,0.10436511337057562,0.2605474020510981,-2.046517986058448,-1.3919270311802574
26.05474020510981,0.10807542524758647,0.2605474020510981,-2.194617174213536,-1.4230098845682622
26.05474020510981,0.1117857371245973,0.2605474020510981,-2.347889519811753,-1.455865982990205
26.05474020510981,0.11549604900160815,0.2605474020510981,-2.5063350228531,-1.4906087245289958
26.05474020510981,0.11920636087861898,0.2605474020510981,-2.669953683337576,-1.527358871655915
26.05474020510981,0.12291667275562983,0.2605474020510981,-2.8387455012651817,-1.5662449603806032
26.05474020510981,0.12662698463264066,0.2605474020510981,-3.0127104766359163,-1.6074037152449323
26.05474020510981,0.1303372965096515,0.2605474020510981,-3.1918486094497807,-1.6509804664059433
26.05474020510981,0.13404760838666235,0.2605474020510981,-3.376159899706775,-1.6971295641558362
26.05474020510981,0.13775792026367317,0.2605474020510981,-3.5656443474068973,-1.7460147851951926
26.05474020510981,0.14146823214068402,0.2605474020510981,-3.760301952550151,-1.7978097237982893
26.05474020510981,0.14517854401769487,0.2605474020510981,-3.9601327151365324,-1.852698159676594
26.05474020510981,0.1488888558947057,0.2605474020510981,-4.165136635166045,-1.9108743928509542
26.05474020510981,0.15259916777171653,0.2605474020510981,-4.375313712638684,-1.9725435341803093
26.05474020510981,0.15630947964872738,0.2605474020510981,-4.5906639475544555,-2.0379217383649735
26.05474020510981,0.16001979152573823,0.2605474020510981,-4.811187339913356,-2.1072363642530116
26.05474020510981,0.16373010340274907,0.2605474020510981,-5.036883889715385,-2.180726045142675
26.05474020510981,0.1674404152797599,0.2605474020510981,-5.267753596960542,-2.2586406495174978
26.05474020510981,0.17115072715677074,0.2605474020510981,-5.503796461648831,-2.3412411103106985
26.05474020510981,0.17486103903378158,0.2605474020510981,-5.74501248378025,-2.428799098423322
26.05474020510981,0.17857135091079243,0.2605474020510981,-5.991401663354797,-2.5215965138860392
26.05474020510981,0.18228166278780325,0.2605474020510981,-6.2429640003724725,-2.6199247658457625
26.05474020510981,0.1859919746648141,0.2605474020510981,-6.499699494833278,-2.7240838105856775
26.05474020510981,0.18970228654182494,0.2605474020510981,-6.761608146737214,-2.834380915183878
26.05474020510981,0.1934125984188358,0.2605474020510981,-7.02868995608428,-2.95112911333734
26.05474020510981,0.1971229102958466,0.2605474020510981,-7.300944922874472,-3.0746453195028107
26.05474020510981,0.20083322217285746,0.2605474020510981,-7.578373047107795,-3.2052480680320974
26.05474020510981,0.2045435340498683,0.2605474020510981,-7.860974328784249,-3.3432548456196436
26.05474020510981,0.20825384592687915,0.2605474020510981,-8.148748767903832,-3.4889789883569304
26.05474020510981,0.21196415780388997,0.2605474020510981,-8.441696364466543,-3.642726119224401
26.05474020510981,0.21567446968090082,0.2605474020510981,-8.739817118472384,-3.804790108159851
26.05474020510981,0.21938478155791166,0.2605474020510981,-9.043111029921356,-3.9754485451158854
26.05474020510981,0.2230950934349225,0.2605474020510981,-9.351578098813457,-4.154957726917688
26.05474020510981,0.22680540531193333,0.2605474020510981,-9.665218325148684,-4.3435471713742295
26.05474020510981,0.23051571718894417,0.2605474020510981,-9.984031708927043,-4.541413687046484
26.05474020510981,0.23422602906595502,0.2605474020510981,-10.308018250148534,-4.7487150443427915
26.05474020510981,0.23793634094296587,0.2605474020510981,-10.637177948813152,-4.965563313140249
26.05474020510981,0.2416466528199767,0.2605474020510981,-10.971510804920896,-5.192017953800549
26.05474020510981,0.24535696469698753,0.2605474020510981,-11.311016818471774,-5.428078772069342
26.05474020510981,0.24906727657399838,0.2605474020510981,-11.655695989465782,-5.673678873643155
26.05474020510981,0.2527775884510092,0.2605474020510981,-12.00554831790292,-5.928677780770636
26.05474020510981,0.25648790032802005,0.2605474020510981,-12.360573803783181,-6.192854900576089
26.05474020510981,0.2601982122050309,0.2605474020510981,-12.72077244710658,-6.465903562066501
26.05474020510981,0.26390852408204174,0.2605474020510981,-13.0861442478731,-6.747425864883651
26.05474020510981,0.26761883595905256,0.2605474020510981,-13.45668920608275,-7.036928606203741
26.05474020510981,0.27132914783606343,0.2605474020510981,-13.832407321735538,-7.33382057061292
26.05474020510981,0.27503945971307425,0.2605474020510981,-14.21329859483145,-7.637411478497851
26.05474020510981,0.27874977159008507,0.2605474020510981,-14.599363025370488,-7.946912888069722
26.05474020510981,0.28246008346709595,0.2605474020510981,-14.990600613352663,-8.261441330726969
26.05474020510981,0.28617039534410676,0.2605474020510981,-15.387011358777961,-8.580023925120068
26.05474020510981,0.28988070722111764,0.2605474020510981,-15.788595261646394,-8.901606658584884
26.05474020510981,0.29359101909812846,0.2605474020510981,-16.19535232195795,-9.225065443413298
26.05474020510981,0.2973013309751393,0.2605474020510981,-16.60728253971264,-9.549219949732576
26.05474020510981,0.30101164285215015,0.2605474020510981,-17.02438591491046,-9.872850089521402
26.05474020510981,0.30472195472916097,0.2605474020510981,-17.446662447551407,-10.194714883950123
27.442617056578843,0.011607316445304631,0.27442617056578844,-0.02494047447078059,-0.9677448892293596
27.442617056578843,0.015317628322315471,0.27442617056578844,-0.04343342891270585,-0.9763752545088975
27.442617056578843,0.01902794019932631,0.27442617056578844,-0.06702311644723984,-0.9853943642347383
27.442617056578843,0.02273825207633715,0.27442617056578844,-0.09570953707438253,-0.994823799033087
27.442617056578843,0.02644856395334799,0.27442617056578844,-0.12949269079413395,-1.00468649954535
27.442617056578843,0.03015887583035883,0.27442617056578844,-0.1683725776064941,-1.015006859626562
27.442617056578843,0.03386918770736967,0.27442617056578844,-0.212349197511463,-1.0258108261386978
27.442617056578843,0.03757949958438051,0.27442617056578844,-0.26142255050904056,-1.0371260057842475
27.442617056578843,0.04128981146139135,0.27442617056578844,-0.3155926365992269,-1.0489817794483471
27.442617056578843,0.04500012333840219,0.27442617056578844,-0.3748594557820219,-1.061409424540039
27.442617056578843,0.04871043521541303,0.27442617056578844,-0.4392230080574257,-1.0744422458444123
27.442617056578843,0.05242074709242387,0.27442617056578844,-0.5086832934254382,-1.088115715417422
27.442617056578843,0.05613105896943471,0.27442617056578844,-0.5832403118860593,-1.1024676220726608
27.442617056578843,0.05984137084644555,0.27442617056578844,-0.6628940634392892,-1.1175382310241129
27.442617056578843,0.06355168272345639,0.27442617056578844,-0.7476445480851279,-1.1333704542596315
27.442617056578843,0.06726199460046722,0.27442617056578844,-0.837491765823575,-1.1500100322253695
27.442617056578843,0.07097230647747807,0.27442617056578844,-0.9324357166546312,-1.1675057274003486
27.442617056578843,0.0746826183544889,0.27442617056578844,-1.0324764005782958,-1.185909530331175
27.442617056578843,0.07839293023149975,0.27442617056578844,-1.1376138175945694,-1.2052768786772963
27.442617056578843,0.08210324210851058,0.27442617056578844,-1.2478479677034515,-1.225666889785383
27.442617056578843,0.08581355398552143,0.27442617056578844,-1.3631788509049427,-1.2471426072640615
27.442617056578843,0.08952386586253226,0.27442617056578844,-1.483606467199042,-1.2697712619647796
27.442617056578843,0.09323417773954311,0.27442617056578844,-1.6091308165857505,-1.293624547687072
27.442617056578843,0.09694448961655394,0.27442617056578844,-1.7397518990650678,-1.3187789118128217
27.442617056578843,0.10065480149356479,0.27442617056578844,-1.8754697146369934,-1.3453158609295497
27.442617056578843,0.10436511337057562,0.27442617056578844,-2.016284263301528,-1.3733222813219963
27.442617056578843,0.10807542524758647,0.27442617056578844,-2.1621955450586716,-1.402890773987898
27.442617056578843,0.1117857371245973,0.27442617056578844,-2.3132035599084233,-1.434120003561394
27.442617056578843,0.11549604900160815,0.27442617056578844,-2.4693083078507843,-1.4671150601981369
27.442617056578843,0.11920636087861898,0.27442617056578844,-2.630509788885753,-1.5019878330816656
27.442617056578843,0.12291667275562983,0.27442617056578844,-2.7968080030133318,-1.5388573937417833
27.442617056578843,0.12662698463264066,0.27442617056578844,-2.9682029502335183,-1.5778503868231009
27.442617056578843,0.1303372965096515,0.27442617056578844,-3.1446946305463137,-1.6191014252949354
27.442617056578843,0.13404760838666235,0.27442617056578844,-3.326283043951719,-1.6627534863422393
27.442617056578843,0.13775792026367317,0.27442617056578844,-3.512968190449731,-1.7089583033104563
27.442617056578843,0.14146823214068402,0.27442617056578844,-3.704750070040353,-1.7578767480846866
27.442617056578843,0.14517854401769487,0.27442617056578844,-3.901628682723583,-1.8096791971564592
27.442617056578843,0.1488888558947057,0.27442617056578844,-4.103604028499423,-1.864545873361485
27.442617056578843,0.15259916777171653,0.27442617056578844,-4.31067610736787,-1.9226671538539049
27.442617056578843,0.15630947964872738,0.27442617056578844,-4.522844919328927,-1.9842438333148227
27.442617056578843,0.16001979152573823,0.27442617056578844,-4.740110464382592,-2.049487329678216
27.442617056578843,0.16373010340274907,0.27442617056578844,-4.962472742528867,-2.1186198178046034
27.442617056578843,0.1674404152797599,0.27442617056578844,-5.189931753767748,-2.191874274559472
27.442617056578843,0.17115072715677074,0.27442617056578844,-5.42248749809924,-2.269494416686161
27.442617056578843,0.17486103903378158,0.27442617056578844,-5.660139975523341,-2.3517345107404366
27.442617056578843,0.17857135091079243,0.27442617056578844,-5.90288918604005,-2.438859032229591
27.442617056578843,0.18228166278780325,0.27442617056578844,-6.150735129649367,-2.531142149040801
27.442617056578843,0.1859919746648141,0.27442617056578844,-6.403677806351293,-2.6288670023387812
27.442617056578843,0.18970228654182494,0.27442617056578844,-6.66171721614583,-2.7323247564668325
27.442617056578843,0.1934125984188358,0.27442617056578844,-6.924853359032974,-2.841813388123474
27.442617056578843,0.1971229102958466,0.27442617056578844,-7.193086235012725,-2.9576361843530683
27.442617056578843,0.20083322217285746,0.27442617056578844,-7.466415844085086,-3.0800999188448834
27.442617056578843,0.2045435340498683,0.27442617056578844,-7.7448421862500565,-3.209512676855274
27.442617056578843,0.20825384592687915,0.27442617056578844,-8.028365261507636,-3.3461813009363954
27.442617056578843,0.21196415780388997,0.27442617056578844,-8.316985069857822,-3.4904084327546427
27.442617056578843,0.21567446968090082,0.27442617056578844,-8.610701611300618,-3.642489130790931
27.442617056578843,0.21938478155791166,0.27442617056578844,-8.909514885836025,-3.802707049788763
27.442617056578843,0.2230950934349225,0.27442617056578844,-9.213424893464037,-3.971330175585492
27.442617056578843,0.22680540531193333,0.27442617056578844,-9.522431634184658,-4.1486061185158
27.442617056578843,0.23051571718894417,0.27442617056578844,-9.83653510799789,-4.334756979959165
27.442617056578843,0.23422602906595502,0.27442617056578844,-10.15573531490373,-4.529973819806981
27.442617056578843,0.23793634094296587,0.27442617056578844,-10.480032254902179,-4.734410767595084
27.442617056578843,0.2416466528199767,0.27442617056578844,-10.809425927993235,-4.94817883668202
27.442617056578843,0.24535696469698753,0.27442617056578844,-11.1439163341769,-5.17133951902076
27.442617056578843,0.24906727657399838,0.27442617056578844,-11.483503473453176,-5.403898257611877
27.442617056578843,0.2527775884510092,0.27442617056578844,-11.828187345822062,-5.645797914465052
27.442617056578843,0.25648790032802005,0.27442617056578844,-12.17796795128355,-5.896912373629334
27.442617056578843,0.2601982122050309,0.27442617056578844,-12.532845289837656,-6.1570404413192765
27.442617056578843,0.26390852408204174,0.27442617056578844,-12.892819361484362,-6.425900227982041
27.442617056578843,0.26761883595905256,0.27442617056578844,-13.257890166223676,-6.7031242197171785
27.442617056578843,0.27132914783606343,0.27442617056578844,-13.628057704055609,-6.9882552678205805
27.442617056578843,0.27503945971307425,0.27442617056578844,-14.003321974980143,-7.280743743922214
27.442617056578843,0.27874977159008507,0.27442617056578844,-14.383682978997284,-7.579946122130586
27.442617056578843,0.28246008346709595,0.27442617056578844,-14.769140716107042,-7.88512525598934
27.442617056578843,0.28617039534410676,0.27442617056578844,-15.159695186309401,-8.19545261343538
27.442617056578843,0.28988070722111764,0.27442617056578844,-15.555346389604376,-8.510012713440878
27.442617056578843,0.29359101909812846,0.27442617056578844,-15.95609432599195,-8.827809969756737
27.442617056578843,0.2973013309751393,0.27442617056578844,-16.361938995472137,-9.147778086976366
27.442617056578843,0.30101164285215015,0.27442617056578844,-16.77288039804494,-9.46879207035279
27.442617056578843,0.30472195472916097,0.27442617056578844,-17.188918533710343,-9.789682804183197
28.830493908047877,0.011607316445304631,0.2883049390804788,-0.024566497743242707,-0.9662113724245529
28.830493908047877,0.015317628322315471,0.2883049390804788,-0.04278215455024123,-0.9745963106769393
28.830493908047877,0.01902794019932631,0.2883049390804788,-0.06601812009932775,-0.9833524836824865
28.830493908047877,0.02273825207633715,0.2883049390804788,-0.09427439439050227,-0.9925002156246423
28.830493908047877,0.02644856395334799,0.2883049390804788,-0.1275509774237648,-1.0020610964453858
28.830493908047877,0.03015887583035883,0.2883049390804788,-0.16584786919911537,-1.0120580677253423
28.830493908047877,0.03386918770736967,0.2883049390804788,-0.20916506971655396,-1.0225155145969942
28.830493908047877,0.03757949958438051,0.2883049390804788,-0.25750257897608053,-1.033459364097991
28.830493908047877,0.04128981146139135,0.2883049390804788,-0.3108603969776951,-1.0449171903926286
28.830493908047877,0.04500012333840219,0.2883049390804788,-0.36923852372139765,-1.0569183273105236
28.830493908047877,0.04871043521541303,0.2883049390804788,-0.43263695920718825,-1.0694939886718644
28.830493908047877,0.05242074709242387,0.2883049390804788,-0.5010557034350669,-1.0826773968876848
28.830493908047877,0.05613105896943471,0.2883049390804788,-0.5744947564050334,-1.0965039203411022
28.830493908047877,0.05984137084644555,0.2883049390804788,-0.652954118117088,-1.1110112200706106
28.830493908047877,0.06355168272345639,0.2883049390804788,-0.7364337885712307,-1.1262394062883554
28.830493908047877,0.06726199460046722,0.2883049390804788,-0.8249337677674611,-1.1422312052741521
28.830493908047877,0.07097230647747807,0.2883049390804788,-0.9184540557057798,-1.1590321371882966
28.830493908047877,0.0746826183544889,0.2883049390804788,-1.0169946523861864,-1.1766907053419713
28.830493908047877,0.07839293023149975,0.2883049390804788,-1.120555557808681,-1.1952585974511796
28.830493908047877,0.08210324210851058,0.2883049390804788,-1.2291367719732635,-1.2147908993771162
28.830493908047877,0.08581355398552143,0.2883049390804788,-1.3427382948799345,-1.2353463218201797
28.830493908047877,0.08952386586253226,0.2883049390804788,-1.461360126528693,-1.256987440383825
28.830493908047877,0.09323417773954311,0.2883049390804788,-1.5850022669195396,-1.2797809493552466
28.830493908047877,0.09694448961655394,0.2883049390804788,-1.7136647160524743,-1.3037979294589284
28.830493908047877,0.10065480149356479,0.2883049390804788,-1.8473474739274969,-1.3291141297219387
28.830493908047877,0.10436511337057562,0.2883049390804788,-1.9860505405446076,-1.355810263442868
28.830493908047877,0.10807542524758647,0.2883049390804788,-2.1297739159038067,-1.3839723180730794
28.830493908047877,0.1117857371245973,0.2883049390804788,-2.278517600005093,-1.4136918785947876
28.830493908047877,0.11549604900160815,0.2883049390804788,-2.432281592848468,-1.4450664637080721
28.830493908047877,0.11920636087861898,0.2883049390804788,-2.5910658944339304,-1.4781998738117057
28.830493908047877,0.12291667275562983,0.2883049390804788,-2.7548705047614814,-1.5132025493723766
28.830493908047877,0.12662698463264066,0.2883049390804788,-2.92369542383112,-1.550191937815442
28.830493908047877,0.1303372965096515,0.2883049390804788,-3.0975406516428468,-1.5892928665285302
28.830493908047877,0.13404760838666235,0.2883049390804788,-3.276406188196662,-1.630637918938124
28.830493908047877,0.13775792026367317,0.2883049390804788,-3.4602920334925638,-1.6743678098888575
28.830493908047877,0.14146823214068402,0.2883049390804788,-3.649198187530555,-1.7206317557166337
28.830493908047877,0.14517854401769487,0.2883049390804788,-3.8431246503106333,-1.7695878334508812
28.830493908047877,0.1488888558947057,0.2883049390804788,-4.042071421832801,-1.8214033225005966
28.830493908047877,0.15259916777171653,0.2883049390804788,-4.246038502097054,-1.876255020967462
28.830493908047877,0.15630947964872738,0.2883049390804788,-4.455025891103397,-1.9343295273838446
28.830493908047877,0.16001979152573823,0.2883049390804788,-4.669033588851829,-1.9958234771942474
28.830493908047877,0.16373010340274907,0.2883049390804788,-4.888061595342348,-2.0609437216910305
28.830493908047877,0.1674404152797599,0.2883049390804788,-5.1121099105749535,-2.1299074353905345
28.830493908047877,0.17115072715677074,0.2883049390804788,-5.341178534549648,-2.202942136013169
28.830493908047877,0.17486103903378158,0.2883049390804788,-5.575267467266432,-2.280285599340216
28.830493908047877,0.17857135091079243,0.2883049390804788,-5.814376708725303,-2.362185649300873
28.830493908047877,0.18228166278780325,0.2883049390804788,-6.058506258926261,-2.448899801749699
28.830493908047877,0.1859919746648141,0.2883049390804788,-6.307656117869308,-2.5406947385954544
28.830493908047877,0.18970228654182494,0.2883049390804788,-6.561826285554443,-2.6378455873222215
28.830493908047877,0.1934125984188358,0.2883049390804788,-6.821016761981667,-2.7406349796045784
28.830493908047877,0.1971229102958466,0.2883049390804788,-7.085227547150977,-2.8493518617784845
28.830493908047877,0.20083322217285746,0.2883049390804788,-7.354458641062375,-2.9642900295227324
28.830493908047877,0.2045435340498683,0.2883049390804788,-7.628710043715863,-3.0857463593787715
28.830493908047877,0.20825384592687915,0.2883049390804788,-7.907981755111438,-3.214018710843957
28.830493908047877,0.21196415780388997,0.2883049390804788,-8.192273775249099,-3.349403474872154
28.830493908047877,0.21567446968090082,0.2883049390804788,-8.481586104128851,-3.492192747856185
28.830493908047877,0.21938478155791166,0.2883049390804788,-8.77591874175069,-3.64267111468414
28.830493908047877,0.2230950934349225,0.2883049390804788,-9.075271688114617,-3.8011120303645085
28.830493908047877,0.22680540531193333,0.2883049390804788,-9.37964494322063,-3.9677737970759144
28.830493908047877,0.23051571718894417,0.2883049390804788,-9.689038507068734,-4.142895142342452
28.830493908047877,0.23422602906595502,0.2883049390804788,-10.003452379658926,-4.326690414342542
28.830493908047877,0.23793634094296587,0.2883049390804788,-10.322886560991206,-4.51934442205336
28.830493908047877,0.2416466528199767,0.2883049390804788,-10.64734105106557,-4.7210069608966485
28.830493908047877,0.24535696469698753,0.2883049390804788,-10.976815849882026,-4.931787078637565
28.830493908047877,0.24906727657399838,0.2883049390804788,-11.31131095744057,-5.151747151338073
28.830493908047877,0.2527775884510092,0.2883049390804788,-11.650826373741202,-5.380896855037992
28.830493908047877,0.25648790032802005,0.2883049390804788,-11.995362098783918,-5.619187135420297
28.830493908047877,0.2601982122050309,0.2883049390804788,-12.34491813256873,-5.866504294948837
28.830493908047877,0.26390852408204174,0.2883049390804788,-12.699494475095621,-6.122664334810697
28.830493908047877,0.26761883595905256,0.2883049390804788,-13.059091126364601,-6.3874077074000155
28.830493908047877,0.27132914783606343,0.2883049390804788,-13.423708086375676,-6.660394653882502
28.830493908047877,0.27503945971307425,0.2883049390804788,-13.793345355128835,-6.941201320174258
28.830493908047877,0.27874977159008507,0.2883049390804788,-14.168002932624079,-7.229316862631679
28.830493908047877,0.28246008346709595,0.2883049390804788,-14.547680818861418,-7.524141770462913
28.830493908047877,0.28617039534410676,0.2883049390804788,-14.932379013840837,-7.824987643173797
28.830493908047877,0.28988070722111764,0.2883049390804788,-15.322097517562353,-8.131078665294542
28.830493908047877,0.29359101909812846,0.2883049390804788,-15.716836330025949,-8.441555013541661
28.830493908047877,0.2973013309751393,0.2883049390804788,-16.116595451231635,-8.755478409416519
28.830493908047877,0.30101164285215015,0.2883049390804788,-16.521374881179415,-9.071839989156471
28.830493908047877,0.30472195472916097,0.2883049390804788,-16.931174619869275,-9.389570600005053
30.21837075951691,0.011607316445304631,0.3021837075951691,-0.02419252101570483,-0.9647059088043886
30.21837075951691,0.015317628322315471,0.3021837075951691,-0.04213088018777661,-0.9728568246888076
30.21837075951691,0.01902794019932631,0.3021837075951691,-0.06501312375141567,-0.9813625789615896
30.21837075951691,0.02273825207633715,0.3021837075951691,-0.09283925170662204,-0.9902423353129355
30.21837075951691,0.02644856395334799,0.3021837075951691,-0.1256092640533957,-0.9995164370964527
30.21837075951691,0.03015887583035883,0.3021837075951691,-0.16332316079173667,-1.009206486583662
30.21837075951691,0.03386918770736967,0.3021837075951691,-0.20598094192164496,-1.0193354297458699
30.21837075951691,0.03757949958438051,0.3021837075951691,-0.2535826074431205,-1.029927646935394
30.21837075951691,0.04128981146139135,0.3021837075951691,-0.30612815735616333,-1.0410090498578781
30.21837075951691,0.04500012333840219,0.3021837075951691,-0.36361759166077345,-1.0526071852470524
30.21837075951691,0.04871043521541303,0.3021837075951691,-0.4260509103569509,-1.064751345672442
30.21837075951691,0.05242074709242387,0.3021837075951691,-0.49342811344469567,-1.0774726879289616
30.21837075951691,0.05613105896943471,0.3021837075951691,-0.5657492009240077,-1.0908043594742178
30.21837075951691,0.05984137084644555,0.3021837075951691,-0.6430141727948869,-1.1047816333946927
30.21837075951691,0.06355168272345639,0.3021837075951691,-0.7252230290573336,-1.11944205239449
30.21837075951691,0.06726199460046722,0.3021837075951691,-0.8123757697113473,-1.134825582309655
30.21837075951691,0.07097230647747807,0.3021837075951691,-0.9044723947569286,-1.1509747756558997
30.21837075951691,0.0746826183544889,0.3021837075951691,-1.0015129041940771,-1.1679349457169446
30.21837075951691,0.07839293023149975,0.3021837075951691,-1.1034972980227928,-1.1857543516730527
30.21837075951691,0.08210324210851058,0.3021837075951691,-1.2104255762430758,-1.2044843952532593
30.21837075951691,0.08581355398552143,0.3021837075951691,-1.3222977388549264,-1.2241798293680444
30.21837075951691,0.08952386586253226,0.3021837075951691,-1.439113785858344,-1.2448989791399594
30.21837075951691,0.09323417773954311,0.3021837075951691,-1.560873717253329,-1.266703975695096
30.21837075951691,0.09694448961655394,0.3021837075951691,-1.6875775330398812,-1.2896610030053068
30.21837075951691,0.10065480149356479,0.3021837075951691,-1.8192252332180008,-1.313840557976691
30.21837075951691,0.10436511337057562,0.3021837075951691,-1.9558168177876876,-1.3393177238595508
30.21837075951691,0.10807542524758647,0.3021837075951691,-2.097352286748942,-1.3661724569050455
30.21837075951691,0.1117857371245973,0.3021837075951691,-2.243831640101763,-1.3944898860085746
30.21837075951691,0.11549604900160815,0.3021837075951691,-2.3952548778461518,-1.4243606248544052
30.21837075951691,0.11920636087861898,0.3021837075951691,-2.5516219999821077,-1.4558810958037074
30.21837075951691,0.12291667275562983,0.3021837075951691,-2.7129330065096315,-1.4891538644425109
30.21837075951691,0.12662698463264066,0.3021837075951691,-2.879187897428722,-1.524287983319685
30.21837075951691,0.1303372965096515,0.3021837075951691,-3.05038667273938,-1.5613993429500437
30.21837075951691,0.13404760838666235,0.3021837075951691,-3.2265293324416056,-1.6006110276259613
30.21837075951691,0.13775792026367317,0.3021837075951691,-3.407615876535397,-1.6420536729639026
30.21837075951691,0.14146823214068402,0.3021837075951691,-3.593646305020757,-1.6858658214016096
30.21837075951691,0.14517854401769487,0.3021837075951691,-3.784620617897684,-1.7321942710491514
30.21837075951691,0.1488888558947057,0.3021837075951691,-3.980538815166179,-1.781194412375271
30.21837075951691,0.15259916777171653,0.3021837075951691,-4.18140089682624,-1.8330305461731329
30.21837075951691,0.15630947964872738,0.3021837075951691,-4.3872068628778695,-1.8878761750927087
30.21837075951691,0.16001979152573823,0.3021837075951691,-4.597956713321066,-1.9459142597491028
30.21837075951691,0.16373010340274907,0.3021837075951691,-4.81365044815583,-2.0073374290194255
30.21837075951691,0.1674404152797599,0.3021837075951691,-5.0342880673821595,-2.072348132633094
30.21837075951691,0.17115072715677074,0.3021837075951691,-5.259869571000057,-2.141158722555
30.21837075951691,0.17486103903378158,0.3021837075951691,-5.490394959009524,-2.2139914479796228
30.21837075951691,0.17857135091079243,0.3021837075951691,-5.725864231410556,-2.2910783470281775
30.21837075951691,0.18228166278780325,0.3021837075951691,-5.966277388203156,-2.3726610165115742
30.21837075951691,0.1859919746648141,0.3021837075951691,-6.211634429387323,-2.458990239444911
30.21837075951691,0.18970228654182494,0.3021837075951691,-6.4619353549630585,-2.550325448442189
30.21837075951691,0.1934125984188358,0.3021837075951691,-6.717180164930362,-2.6469340017669514
30.21837075951691,0.1971229102958466,0.3021837075951691,-6.9773688592892285,-2.7490902477631676
30.21837075951691,0.20083322217285746,0.3021837075951691,-7.242501438039665,-2.8570743527540605
30.21837075951691,0.2045435340498683,0.3021837075951691,-7.51257790118167,-2.971170867399189
30.21837075951691,0.20825384592687915,0.3021837075951691,-7.787598248715241,-3.0916670070752303
30.21837075951691,0.21196415780388997,0.3021837075951691,-8.067562480640378,-3.2188506232310066
30.21837075951691,0.21567446968090082,0.3021837075951691,-8.352470596957085,-3.3530078449953753
30.21837075951691,0.21938478155791166,0.3021837075951691,-8.642322597665359,-3.4944203737087007
30.21837075951691,0.2230950934349225,0.3021837075951691,-8.937118482765198,-3.643362417603495
30.21837075951691,0.22680540531193333,0.3021837075951691,-9.236858252256605,-3.800097259642059
30.21837075951691,0.23051571718894417,0.3021837075951691,-9.54154190613958,-3.964873458551203
30.21837075951691,0.23422602906595502,0.3021837075951691,-9.851169444414122,-4.1379206913464275
30.21837075951691,0.23793634094296587,0.3021837075951691,-10.165740867080233,-4.319445255027192
30.21837075951691,0.2416466528199767,0.3021837075951691,-10.485256174137907,-4.509625255515468
30.21837075951691,0.24535696469698753,0.3021837075951691,-10.809715365587152,-4.708605523125902
30.21837075951691,0.24906727657399838,0.3021837075951691,-11.139118441427964,-4.916492305701926
30.21837075951691,0.2527775884510092,0.3021837075951691,-11.473465401660345,-5.133347802841156
30.21837075951691,0.25648790032802005,0.3021837075951691,-11.812756246284287,-5.3591846172213735
30.21837075951691,0.2601982122050309,0.3021837075951691,-12.156990975299806,-5.593960211860251
30.21837075951691,0.26390852408204174,0.3021837075951691,-12.506169588706882,-5.837571475231918
30.21837075951691,0.26761883595905256,0.3021837075951691,-12.860292086505527,-6.089849509663022
30.21837075951691,0.27132914783606343,0.3021837075951691,-13.219358468695747,-6.350554772550218
30.21837075951691,0.27503945971307425,0.3021837075951691,-13.583368735277528,-6.619372714883392
30.21837075951691,0.27874977159008507,0.3021837075951691,-13.952322886250874,-6.895910077386427
30.21837075951691,0.28246008346709595,0.3021837075951691,-14.326220921615796,-7.179692021036905
30.21837075951691,0.28617039534410676,0.3021837075951691,-14.705062841372277,-7.470160285002915
30.21837075951691,0.28988070722111764,0.3021837075951691,-15.088848645520333,-7.766672579604471
30.21837075951691,0.29359101909812846,0.3021837075951691,-15.477578334059949,-8.068503432359266
30.21837075951691,0.2973013309751393,0.3021837075951691,-15.871251906991134,-8.374846708212365
30.21837075951691,0.30101164285215015,0.3021837075951691,-16.26986936431389,-8.684820016680751
30.21837075951691,0.30472195472916097,0.3021837075951691,-16.67343070602821,-8.997471194601006
31.606247610985946,0.011607316445304631,0.31606247610985944,-0.023818544288166956,-0.9632306518159997
31.606247610985946,0.015317628322315471,0.31606247610985944,-0.041479605825311995,-0.9711584426726576
31.606247610985946,0.01902794019932631,0.31606247610985944,-0.0640081274035036,-0.979425711028679
31.606247610985946,0.02273825207633715,0.31606247610985944,-0.09140410902274179,-0.9880505477776551
31.606247610985946,0.02644856395334799,0.31606247610985944,-0.12366755068302658,-0.9970521447487535
31.606247610985946,0.03015887583035883,0.31606247610985944,-0.16079845238435794,-1.0064508679555644
31.606247610985946,0.03386918770736967,0.31606247610985944,-0.20279681412673595,-1.0162683359163247
31.606247610985946,0.03757949958438051,0.31606247610985944,-0.24966263591016047,-1.0265275033858852
31.606247610985946,0.04128981146139135,0.31606247610985944,-0.3013959177346316,-1.0372527508583174
31.606247610985946,0.04500012333840219,0.31606247610985944,-0.35799665960014926,-1.0484699802171282
31.606247610985946,0.04871043521541303,0.31606247610985944,-0.4194648615067136,-1.0602067169284197
31.606247610985946,0.05242074709242387,0.31606247610985944,-0.48580052345432445,-1.0724922191894661
31.606247610985946,0.05613105896943471,0.31606247610985944,-0.5570036454429819,-1.0853575944619234
31.606247610985946,0.05984137084644555,0.31606247610985944,-0.6330742274726859,-1.0988359238336645
31.606247610985946,0.06355168272345639,0.31606247610985944,-0.7140122695434366,-1.1129623946664053
31.606247610985946,0.06726199460046722,0.31606247610985944,-0.7998177716552335,-1.1277744419963152
31.606247610985946,0.07097230647747807,0.31606247610985944,-0.8904907338080774,-1.143311899161616
31.606247610985946,0.0746826183544889,0.31606247610985944,-0.9860311560019677,-1.1596171581331913
31.606247610985946,0.07839293023149975,0.31606247610985944,-1.0864390382369047,-1.176735340020608
31.606247610985946,0.08210324210851058,0.31606247610985944,-1.191714380512888,-1.1947144762152515
31.606247610985946,0.08581355398552143,0.31606247610985944,-1.3018571828299184,-1.213605700612702
31.606247610985946,0.08952386586253226,0.31606247610985944,-1.416867445187995,-1.2334634533265247
31.606247610985946,0.09323417773954311,0.31606247610985944,-1.5367451675871182,-1.2543456962626798
31.606247610985946,0.09694448961655394,0.31606247610985944,-1.661490350027288,-1.2763141408655003
31.606247610985946,0.10065480149356479,0.31606247610985944,-1.7911029925085045,-1.2994344882698186
31.606247610985946,0.10436511337057562,0.31606247610985944,-1.9255830950307675,-1.3237766819957266
31.606247610985946,0.10807542524758647,0.31606247610985944,-2.0649306575940773,-1.3494151731990693
31.606247610985946,0.1117857371245973,0.31606247610985944,-2.209145680198433,-1.3764291983378545
31.606247610985946,0.11549604900160815,0.31606247610985944,-2.358228162843836,-1.4049030689274589
31.606247610985946,0.11920636087861898,0.31606247610985944,-2.5121781055302854,-1.4349264728303806
31.606247610985946,0.12291667275562983,0.31606247610985944,-2.6709955082577816,-1.4665947862539284
31.606247610985946,0.12662698463264066,0.31606247610985944,-2.834680371026324,-1.5000093953047524
31.606247610985946,0.1303372965096515,0.31606247610985944,-3.003232693835913,-1.535278025566079
31.606247610985946,0.13404760838666235,0.31606247610985944,-3.176652476686549,-1.5725150777143098
31.606247610985946,0.13775792026367317,0.31606247610985944,-3.3549397195782302,-1.611841966669246
31.606247610985946,0.14146823214068402,0.31606247610985944,-3.5380944225109596,-1.653387461168157
31.606247610985946,0.14517854401769487,0.31606247610985944,-3.726116585484735,-1.6972880199616966
31.606247610985946,0.1488888558947057,0.31606247610985944,-3.919006208499557,-1.7436881200411896
31.606247610985946,0.15259916777171653,0.31606247610985944,-4.116763291555425,-1.7927405714168452
31.606247610985946,0.15630947964872738,0.31606247610985944,-4.319387834652341,-1.8446068119695131
31.606247610985946,0.16001979152573823,0.31606247610985944,-4.526879837790303,-1.8994571747927034
31.606247610985946,0.16373010340274907,0.31606247610985944,-4.739239300969311,-1.9574711192266232
31.606247610985946,0.1674404152797599,0.31606247610985944,-4.956466224189365,-2.0188374154668383
31.606247610985946,0.17115072715677074,0.31606247610985944,-5.178560607450467,-2.0837542712156405
31.606247610985946,0.17486103903378158,0.31606247610985944,-5.405522450752616,-2.152429387350722
31.606247610985946,0.17857135091079243,0.31606247610985944,-5.6373517540958105,-2.225079928036596
31.606247610985946,0.18228166278780325,0.31606247610985944,-5.874048517480051,-2.3019323891322236
31.606247610985946,0.1859919746648141,0.31606247610985944,-6.1156127409053385,-2.3832223471973806
31.606247610985946,0.18970228654182494,0.31606247610985944,-6.362044424371674,-2.4691940699254333
31.606247610985946,0.1934125984188358,0.31606247610985944,-6.613343567879055,-2.5600999675006624
31.606247610985946,0.1971229102958466,0.31606247610985944,-6.869510171427481,-2.6561998632752144
31.606247610985946,0.20083322217285746,0.31606247610985944,-7.130544235016956,-2.75776006138045
31.606247610985946,0.2045435340498683,0.31606247610985944,-7.396445758647477,-2.8650521885360987
31.606247610985946,0.20825384592687915,0.31606247610985944,-7.667214742319045,-2.9783517875158383
31.606247610985946,0.21196415780388997,0.31606247610985944,-7.942851186031657,-3.097936640590614
31.606247610985946,0.21567446968090082,0.31606247610985944,-8.223355089785318,-3.224084802923045
31.606247610985946,0.21938478155791166,0.31606247610985944,-8.508726453580026,-3.357072328439831
31.606247610985946,0.2230950934349225,0.31606247610985944,-8.79896527741578,-3.497170674259143
31.606247610985946,0.22680540531193333,0.31606247610985944,-9.094071561292578,-3.6446437743626077
31.606247610985946,0.23051571718894417,0.31606247610985944,-9.394045305210426,-3.799744778903493
31.606247610985946,0.23422602906595502,0.31606247610985944,-9.69888650916932,-3.962712462311409
31.606247610985946,0.23793634094296587,0.31606247610985944,-10.00859517316926,-4.133767311110285
31.606247610985946,0.2416466528199767,0.31606247610985944,-10.323171297210244,-4.313107310972754
31.606247610985946,0.24535696469698753,0.31606247610985944,-10.642614881292278,-4.500903461799721
31.606247610985946,0.24906727657399838,0.31606247610985944,-10.966925925415358,-4.697295059309562
31.606247610985946,0.2527775884510092,0.31606247610985944,-11.296104429579488,-4.902384791504349
31.606247610985946,0.25648790032802005,0.31606247610985944,-11.630150393784657,-5.1162337082316185
31.606247610985946,0.2601982122050309,0.31606247610985944,-11.96906381803088,-5.33885613172488
31.606247610985946,0.26390852408204174,0.31606247610985944,-12.312844702318143,-5.570214585442529
31.606247610985946,0.26761883595905256,0.31606247610985944,-12.661493046646454,-5.810214827838449
31.606247610985946,0.27132914783606343,0.31606247610985944,-13.015008851015816,-6.05870108715953
31.606247610985946,0.27503945971307425,0.31606247610985944,-13.373392115426222,-6.315451603394749
31.606247610985946,0.27874977159008507,0.31606247610985944,-13.736642839877671,-6.580174594596208
31.606247610985946,0.28246008346709595,0.31606247610985944,-14.104761024370175,-6.852504777408896
31.606247610985946,0.28617039534410676,0.31606247610985944,-14.477746668903716,-7.13200058600788
31.606247610985946,0.28988070722111764,0.31606247610985944,-14.855599773478312,-7.418142249514252
31.606247610985946,0.29359101909812846,0.31606247610985944,-15.23832033809395,-7.7103309044091795
31.606247610985946,0.2973013309751393,0.31606247610985944,-15.625908362750634,-8.007888933646578
31.606247610985946,0.30101164285215015,0.31606247610985944,-16.01836384744837,-8.310061735228516
31.606247610985946,0.30472195472916097,0.31606247610985944,-16.415686792187145,-8.616021126167425
32.994124462454984,0.011607316445304631,0.3299412446245498,-0.023444567560629077,-0.9617873739131557
32.994124462454984,0.015317628322315471,0.3299412446245498,-0.040828331462847374,-0.9695024422954162
32.994124462454984,0.01902794019932631,0.3299412446245498,-0.06300313105559154,-0.9775425903724484
32.994124462454984,0.02273825207633715,0.3299412446245498,-0.08996896633886155,-0.9859249164397283
32.994124462454984,0.02644856395334799,0.3299412446245498,-0.12172583731265747,-0.9946675476564937
32.994124462454984,0.03015887583035883,0.3299412446245498,-0.15827374397697924,-1.0037897078441178
32.994124462454984,0.03386918770736967,0.3299412446245498,-0.19961268633182694,-1.013311789944229
32.994124462454984,0.03757949958438051,0.3299412446245498,-0.24574266437720044,-1.0232554334485164
32.994124462454984,0.04128981146139135,0.3299412446245498,-0.29666367811309985,-1.0336436071291288
32.994124462454984,0.04500012333840219,0.3299412446245498,-0.35237572753952506,-1.0445006974157391
32.994124462454984,0.04871043521541303,0.3299412446245498,-0.41287881265647625,-1.0558526027822142
32.994124462454984,0.05242074709242387,0.3299412446245498,-0.47817293346395323,-1.0677268345224435
32.994124462454984,0.05613105896943471,0.3299412446245498,-0.5482580899619561,-1.0801526243105628
32.994124462454984,0.05984137084644555,0.3299412446245498,-0.6231342821504848,-1.0931610389555528
32.994124462454984,0.06355168272345639,0.3299412446245498,-0.7028015100295395,-1.106785102773236
32.994124462454984,0.06726199460046722,0.3299412446245498,-0.7872597735991197,-1.1210599280092994
32.994124462454984,0.07097230647747807,0.3299412446245498,-0.8765090728592262,-1.1360228537551529
32.994124462454984,0.0746826183544889,0.3299412446245498,-0.9705494078098583,-1.1517135938023104
32.994124462454984,0.07839293023149975,0.3299412446245498,-1.0693807784510165,-1.1681743938804967
32.994124462454984,0.08210324210851058,0.3299412446245498,-1.1730031847827003,-1.185450198718116
32.994124462454984,0.08581355398552143,0.3299412446245498,-1.2814166268049103,-1.2035888293498997
32.994124462454984,0.08952386586253226,0.3299412446245498,-1.394621104517646,-1.2226411710738172
32.994124462454984,0.09323417773954311,0.3299412446245498,-1.5126166179209075,-1.2426613724259057
32.994124462454984,0.09694448961655394,0.3299412446245498,-1.635403167014695,-1.2637070554952174
32.994124462454984,0.10065480149356479,0.3299412446245498,-1.7629807517990082,-1.2858395378394238
32.994124462454984,0.10436511337057562,0.3299412446245498,-1.8953493722738473,-1.3091240661814396
32.994124462454984,0.10807542524758647,0.3299412446245498,-2.0325090284392124,-1.3336300619661308
32.994124462454984,0.1117857371245973,0.3299412446245498,-2.1744597202951033,-1.3594313787294157
32.994124462454984,0.11549604900160815,0.3299412446245498,-2.32120144784152,-1.3866065710763333
32.994124462454984,0.11920636087861898,0.3299412446245498,-2.4727342110784627,-1.4152391748749298
32.994124462454984,0.12291667275562983,0.3299412446245498,-2.6290580100059313,-1.445417998044304
32.994124462454984,0.12662698463264066,0.3299412446245498,-2.790172844623926,-1.4772374210422012
32.994124462454984,0.1303372965096515,0.3299412446245498,-2.956078714932446,-1.5107977058340976
32.994124462454984,0.13404760838666235,0.3299412446245498,-3.1267756209314927,-1.5462053117454975
32.994124462454984,0.13775792026367317,0.3299412446245498,-3.302263562621064,-1.5835732161554175
32.994124462454984,0.14146823214068402,0.3299412446245498,-3.482542540001162,-1.6230212374746849
32.994124462454984,0.14517854401769487,0.3299412446245498,-3.667612553071786,-1.6646763572611483
32.994124462454984,0.1488888558947057,0.3299412446245498,-3.8574736018329356,-1.7086730376482375
32.994124462454984,0.15259916777171653,0.3299412446245498,-4.052125686284611,-1.7551535294976883
32.994124462454984,0.15630947964872738,0.3299412446245498,-4.251568806426812,-1.804268165826687
32.994124462454984,0.16001979152573823,0.3299412446245498,-4.45580296225954,-1.8561756341006785
32.994124462454984,0.16373010340274907,0.3299412446245498,-4.664828153782794,-1.91104321992484
32.994124462454984,0.1674404152797599,0.3299412446245498,-4.878644380996571,-1.9690470135114904
32.994124462454984,0.17115072715677074,0.3299412446245498,-5.097251643900876,-2.0303720690539677
32.994124462454984,0.17486103903378158,0.3299412446245498,-5.320649942495708,-2.095212505810823
32.994124462454984,0.17857135091079243,0.3299412446245498,-5.548839276781064,-2.1637715383156024
32.994124462454984,0.18228166278780325,0.3299412446245498,-5.781819646756946,-2.236261421702318
32.994124462454984,0.1859919746648141,0.3299412446245498,-6.019591052423354,-2.3129032967096714
32.994124462454984,0.18970228654182494,0.3299412446245498,-6.262153493780289,-2.3939269175431335
32.994124462454984,0.1934125984188358,0.3299412446245498,-6.50950697082775,-2.479570244489478
32.994124462454984,0.1971229102958466,0.3299412446245498,-6.761651483565734,-2.5700788820618325
32.994124462454984,0.20083322217285746,0.3299412446245498,-7.018587031994246,-2.665705342585659
32.994124462454984,0.2045435340498683,0.3299412446245498,-7.280313616113284,-2.766708114610044
32.994124462454984,0.20825384592687915,0.3299412446245498,-7.546831235922848,-2.873350515446292
32.994124462454984,0.21196415780388997,0.3299412446245498,-7.818139891422936,-2.9858993076069877
32.994124462454984,0.21567446968090082,0.3299412446245498,-8.094239582613552,-3.104623060054272
32.994124462454984,0.21938478155791166,0.3299412446245498,-8.375130309494693,-3.229790237073396
32.994124462454984,0.2230950934349225,0.3299412446245498,-8.66081207206636,-3.361667000360572
32.994124462454984,0.22680540531193333,0.3299412446245498,-8.951284870328552,-3.5005147136242654
32.994124462454984,0.23051571718894417,0.3299412446245498,-9.24654870428127,-3.646587143684067
32.994124462454984,0.23422602906595502,0.3299412446245498,-9.546603573924516,-3.800127357703545
32.994124462454984,0.23793634094296587,0.3299412446245498,-9.851449479258287,-3.961364322751624
32.994124462454984,0.2416466528199767,0.3299412446245498,-10.161086420282583,-4.130509221227465
32.994124462454984,0.24535696469698753,0.3299412446245498,-10.475514396997406,-4.307751503621264
32.994124462454984,0.24906727657399838,0.3299412446245498,-10.794733409402754,-4.49325470837774
32.994124462454984,0.2527775884510092,0.3299412446245498,-11.11874345749863,-4.6871520870017624
32.994124462454984,0.25648790032802005,0.3299412446245498,-11.447544541285026,-4.889542080711054
32.994124462454984,0.2601982122050309,0.3299412446245498,-11.781136660761957,-5.100483702644963
32.994124462454984,0.26390852408204174,0.3299412446245498,-12.119519815929404,-5.319991886710977
32.994124462454984,0.26761883595905256,0.3299412446245498,-12.46269400678738,-5.548032870558935
32.994124462454984,0.27132914783606343,0.3299412446245498,-12.810659233335887,-5.784519686067895
32.994124462454984,0.27503945971307425,0.3299412446245498,-13.163415495574915,-6.0293078364808945
32.994124462454984,0.27874977159008507,0.3299412446245498,-13.520962793504468,-6.282191245504659
32.994124462454984,0.28246008346709595,0.3299412446245498,-13.883301127124552,-6.542898571041155
32.994124462454984,0.28617039534410676,0.3299412446245498,-14.250430496435156,-6.811089985511856
32.994124462454984,0.28988070722111764,0.3299412446245498,-14.622350901436294,-7.086354536612928
32.994124462454984,0.29359101909812846,0.3299412446245498,-14.99906234212795,-7.368208217061062
32.994124462454984,0.2973013309751393,0.3299412446245498,-15.380564818510132,-7.6560928890738715
32.994124462454984,0.30101164285215015,0.3299412446245498,-15.766858330582847,-7.949376227693282
32.994124462454984,0.30472195472916097,0.3299412446245498,-16.15794287834608,-8.24735286425007
34.382001313924015,0.011607316445304631,0.34382001313924015,-0.023070590833091202,-0.9603775047972127
34.382001313924015,0.015317628322315471,0.34382001313924015,-0.04017705710038275,-0.9678897726305689
34.382001313924015,0.01902794019932631,0.34382001313924015,-0.06199813470767946,-0.9757136181888195
34.382001313924015,0.02273825207633715,0.34382001313924015,-0.08853382365498132,-0.9838652205554066
34.382001313924015,0.02644856395334799,0.34382001313924015,-0.11978412394228835,-0.9923617216244542
34.382001313924015,0.03015887583035883,0.34382001313924015,-0.15574903556960054,-1.0012212889462777
34.382001313924015,0.03386918770736967,0.34382001313924015,-0.1964285585369179,-1.0104631828607258
34.382001313924015,0.03757949958438051,0.34382001313924015,-0.2418226928442404,-1.0201078282044707
34.382001313924015,0.04128981146139135,0.34382001313924015,-0.29193143849156805,-1.030176890894173
34.382001313924015,0.04500012333840219,0.34382001313924015,-0.34675479547890087,-1.0406933597032784
34.382001313924015,0.04871043521541303,0.34382001313924015,-0.4062927638062389,-1.051681633566167
34.382001313924015,0.05242074709242387,0.34382001313924015,-0.470545343473582,-1.0631676147589046
34.382001313924015,0.05613105896943471,0.34382001313924015,-0.5395125344809303,-1.0751788083209712
34.382001313924015,0.05984137084644555,0.34382001313924015,-0.6131943368282837,-1.087744428096399
34.382001313924015,0.06355168272345639,0.34382001313924015,-0.6915907505156423,-1.1008955097857829
34.382001313924015,0.06726199460046722,0.34382001313924015,-0.774701775543006,-1.1146650314115525
34.382001313924015,0.07097230647747807,0.34382001313924015,-0.862527411910375,-1.1290880416076625
34.382001313924015,0.0746826183544889,0.34382001313924015,-0.955067659617749,-1.1442017961505306
34.382001313924015,0.07839293023149975,0.34382001313924015,-1.0523225186651284,-1.1600459031495296
34.382001313924015,0.08210324210851058,0.34382001313924015,-1.1542919890525125,-1.176662477312295
34.382001313924015,0.08581355398552143,0.34382001313924015,-1.2609760707799023,-1.1940963036905194
34.382001313924015,0.08952386586253226,0.34382001313924015,-1.372374763847297,-1.2123950112952664
34.382001313924015,0.09323417773954311,0.34382001313924015,-1.4884880682546968,-1.2316092569447492
34.382001313924015,0.09694448961655394,0.34382001313924015,-1.6093159840021019,-1.2517929196709003
34.382001313924015,0.10065480149356479,0.34382001313924015,-1.734858511089512,-1.2730033059610766
34.382001313924015,0.10436511337057562,0.34382001313924015,-1.8651156495169272,-1.2953013660460444
34.382001313924015,0.10807542524758647,0.34382001313924015,-2.000087399284348,-1.3187519213618932
34.382001313924015,0.1117857371245973,0.34382001313924015,-2.1397737603917735,-1.3434239032084818
34.382001313924015,0.11549604900160815,0.34382001313924015,-2.2841747328392046,-1.3693906024973388
34.382001313924015,0.11920636087861898,0.34382001313924015,-2.4332903166266404,-1.3967299303230547
34.382001313924015,0.12291667275562983,0.34382001313924015,-2.5871205117540814,-1.4255246889001771
34.382001313924015,0.12662698463264066,0.34382001313924015,-2.7456653182215276,-1.455862852177472
34.382001313924015,0.1303372965096515,0.34382001313924015,-2.908924736028979,-1.4878378551676636
34.382001313924015,0.13404760838666235,0.34382001313924015,-3.0768987651764363,-1.5215488907081691
34.382001313924015,0.13775792026367317,0.34382001313924015,-3.249587405663897,-1.5571012119905014
34.382001313924015,0.14146823214068402,0.34382001313924015,-3.4269906574913644,-1.594606438757018
34.382001313924015,0.14517854401769487,0.34382001313924015,-3.6091085206588365,-1.6341828645570953
34.382001313924015,0.1488888558947057,0.34382001313924015,-3.795940995166314,-1.6759557618743388
34.382001313924015,0.15259916777171653,0.34382001313924015,-3.9874880810137956,-1.7200576812766704
34.382001313924015,0.15630947964872738,0.34382001313924015,-4.183749778201284,-1.7666287399964964
34.382001313924015,0.16001979152573823,0.34382001313924015,-4.384726086728777,-1.8158168945153825
34.382001313924015,0.16373010340274907,0.34382001313924015,-4.590417006596275,-1.867778190804124
34.382001313924015,0.1674404152797599,0.34382001313924015,-4.800822537803777,-1.9226769848557055
34.382001313924015,0.17115072715677074,0.34382001313924015,-5.0159426803512845,-1.9806861250485857
34.382001313924015,0.17486103903378158,0.34382001313924015,-5.235777434238799,-2.0419870866992196
34.382001313924015,0.17857135091079243,0.34382001313924015,-5.460326799466317,-2.1067700479187024
34.382001313924015,0.18228166278780325,0.34382001313924015,-5.689590776033841,-2.1752338945986236
34.382001313924015,0.1859919746648141,0.34382001313924015,-5.923569363941369,-2.2475861410427416
34.382001313924015,0.18970228654182494,0.34382001313924015,-6.162262563188904,-2.3240427514706314
34.382001313924015,0.1934125984188358,0.34382001313924015,-6.405670373776444,-2.404827846392474
34.382001313924015,0.1971229102958466,0.34382001313924015,-6.653792795703986,-2.490173276748786
34.382001313924015,0.20083322217285746,0.34382001313924015,-6.9066298289715355,-2.580318047792872
34.382001313924015,0.2045435340498683,0.34382001313924015,-7.164181473579091,-2.675507574047313
34.382001313924015,0.20825384592687915,0.34382001313924015,-7.426447729526652,-2.775992746379306
34.382001313924015,0.21196415780388997,0.34382001313924015,-7.693428596814215,-2.882028792410322
34.382001313924015,0.21567446968090082,0.34382001313924015,-7.965124075441786,-2.9938739122071745
34.382001313924015,0.21938478155791166,0.34382001313924015,-8.241534165409362,-3.1117876725952405
34.382001313924015,0.2230950934349225,0.34382001313924015,-8.522658866716942,-3.236029145584971
34.382001313924015,0.22680540531193333,0.34382001313924015,-8.808498179364525,-3.366854779387109
34.382001313924015,0.23051571718894417,0.34382001313924015,-9.099052103352117,-3.504515994361267
34.382001313924015,0.23422602906595502,0.34382001313924015,-9.394320638679714,-3.649256501008395
34.382001313924015,0.23793634094296587,0.34382001313924015,-9.694303785347316,-3.8013093427435876
34.382001313924015,0.2416466528199767,0.34382001313924015,-9.99900154335492,-3.9608936725742
34.382001313924015,0.24535696469698753,0.34382001313924015,-10.308413912702532,-4.128211279798326
34.382001313924015,0.24906727657399838,0.34382001313924015,-10.622540893390148,-4.303442890202311
34.382001313924015,0.2527775884510092,0.34382001313924015,-10.941382485417773,-4.486744270689066
34.382001313924015,0.25648790032802005,0.34382001313924015,-11.264938688785396,-4.678242176490352
34.382001313924015,0.2601982122050309,0.34382001313924015,-11.593209503493032,-4.8780301857786545
34.382001313924015,0.26390852408204174,0.34382001313924015,-11.926194929540667,-5.086164472311879
34.382001313924015,0.26761883595905256,0.34382001313924015,-12.263894966928305,-5.302659571526487
34.382001313924015,0.27132914783606343,0.34382001313924015,-12.606309615655958,-5.52748419920705
34.382001313924015,0.27503945971307425,0.34382001313924015,-12.95343887572361,-5.760557184684176
34.382001313924015,0.27874977159008507,0.34382001313924015,-13.305282747131264,-6.001743582881087
34.382001313924015,0.28246008346709595,0.34382001313924015,-13.661841229878931,-6.250851032139622
34.382001313924015,0.28617039534410676,0.34382001313924015,-14.023114323966595,-6.507626428527196
34.382001313924015,0.28988070722111764,0.34382001313924015,-14.389102029394273,-6.771752993294246
34.382001313924015,0.29359101909812846,0.34382001313924015,-14.759804346161948,-7.0428478193004835
34.382001313924015,0.2973013309751393,0.34382001313924015,-15.13522127426963,-7.3204599952477345
34.382001313924015,0.30101164285215015,0.34382001313924015,-15.515352813717325,-7.604069423563061
34.382001313924015,0.30472195472916097,0.34382001313924015,-15.900198964505014,-7.893086468021929
35.76987816539305,0.011607316445304631,0.35769878165393054,-0.02269661410555332,-0.9590021669433391
35.76987816539305,0.015317628322315471,0.35769878165393054,-0.03952578273791813,-0.9663210909019657
35.76987816539305,0.01902794019932631,0.35769878165393054,-0.06099313835976738,-0.9739389240255876
35.76987816539305,0.02273825207633715,0.35769878165393054,-0.08709868097110106,-0.9818709933816905
35.76987816539305,0.02644856395334799,0.35769878165393054,-0.11784241057191921,-0.9901335282427577
35.76987816539305,0.03015887583035883,0.35769878165393054,-0.15322432716222179,-0.9987437184254353
35.76987816539305,0.03386918770736967,0.35769878165393054,-0.19324443074200887,-1.0077197765810757
35.76987816539305,0.03757949958438051,0.35769878165393054,-0.23790272131128035,-1.0170810047004135
35.76987816539305,0.04128981146139135,0.35769878165393054,-0.28719919887003625,-1.026847865109719
35.76987816539305,0.04500012333840219,0.35769878165393054,-0.3411338634182766,-1.0370420562506815
35.76987816539305,0.04871043521541303,0.35769878165393054,-0.39970671495600146,-1.04768659355098
35.76987816539305,0.05242074709242387,0.35769878165393054,-0.46291775348321074,-1.0588058957072755
35.76987816539305,0.05613105896943471,0.35769878165393054,-0.5307669789999044,-1.07042587671664
35.76987816539305,0.05984137084644555,0.35769878165393054,-0.6032543915060826,-1.0825740440059515
35.76987816539305,0.06355168272345639,0.35769878165393054,-0.6803799910017452,-1.0952796030215173
35.76987816539305,0.06726199460046722,0.35769878165393054,-0.762143777486892,-1.1085735686521923
35.76987816539305,0.07097230647747807,0.35769878165393054,-0.8485457509615236,-1.1224888838685434
35.76987816539305,0.0746826183544889,0.35769878165393054,-0.9395859114256395,-1.137060545967182
35.76987816539305,0.07839293023149975,0.35769878165393054,-1.03526425887924,-1.15232574081283
35.76987816539305,0.08210324210851058,0.35769878165393054,-1.1355807933223245,-1.1683239854697907
35.76987816539305,0.08581355398552143,0.35769878165393054,-1.240535514754894,-1.1850972796088226
35.76987816539305,0.08952386586253226,0.35769878165393054,-1.3501284231769477,-1.2026902660630254
35.76987816539305,0.09323417773954311,0.35769878165393054,-1.464359518588486,-1.2211504008867613
35.76987816539305,0.09694448961655394,0.35769878165393054,-1.5832288009895084,-1.2405281332424405
35.76987816539305,0.10065480149356479,0.35769878165393054,-1.7067362703800155,-1.2608770953999864
35.76987816539305,0.10436511337057562,0.35769878165393054,-1.834881926760007,-1.2822543030806046
35.76987816539305,0.10807542524758647,0.35769878165393054,-1.967665770129483,-1.3047203663076319
35.76987816539305,0.1117857371245973,0.35769878165393054,-2.1050878004884432,-1.3283397108403072
35.76987816539305,0.11549604900160815,0.35769878165393054,-2.247148017836888,-1.3531808101579474
35.76987816539305,0.11920636087861898,0.35769878165393054,-2.3938464221748172,-1.3793164278288486
35.76987816539305,0.12291667275562983,0.35769878165393054,-2.545183013502231,-1.406823869936607
35.76987816539305,0.12662698463264066,0.35769878165393054,-2.701157791819129,-1.435785247041958
35.76987816539305,0.1303372965096515,0.35769878165393054,-2.8617707571255115,-1.4662877449261904
35.76987816539305,0.13404760838666235,0.35769878165393054,-3.027021909421379,-1.4984239030877808
35.76987816539305,0.13775792026367317,0.35769878165393054,-3.19691124870673,-1.5322918996415886
35.76987816539305,0.14146823214068402,0.35769878165393054,-3.3714387749815664,-1.5679958408942691
35.76987816539305,0.14517854401769487,0.35769878165393054,-3.5506044882458867,-1.6056460534348704
35.76987816539305,0.1488888558947057,0.35769878165393054,-3.7344083884996917,-1.6453593760798926
35.76987816539305,0.15259916777171653,0.35769878165393054,-3.92285047574298,-1.6872594484422003
35.76987816539305,0.15630947964872738,0.35769878165393054,-4.115930749975754,-1.7314769922479423
35.76987816539305,0.16001979152573823,0.35769878165393054,-4.313649211198013,-1.7781500808008404
35.76987816539305,0.16373010340274907,0.35769878165393054,-4.516005859409756,-1.8274243911864847
35.76987816539305,0.1674404152797599,0.35769878165393054,-4.723000694610981,-1.8794534329192367
35.76987816539305,0.17115072715677074,0.35769878165393054,-4.934633716801693,-1.9343987457631528
35.76987816539305,0.17486103903378158,0.35769878165393054,-5.15090492598189,-1.9924300584108994
35.76987816539305,0.17857135091079243,0.35769878165393054,-5.37181432215157,-2.0537253985905792
35.76987816539305,0.18228166278780325,0.35769878165393054,-5.597361905310735,-2.1184711440043533
35.76987816539305,0.1859919746648141,0.35769878165393054,-5.827547675459384,-2.186862002306392
35.76987816539305,0.18970228654182494,0.35769878165393054,-6.062371632597518,-2.2591009071293953
35.76987816539305,0.1934125984188358,0.35769878165393054,-6.301833776725137,-2.3353988160072765
35.76987816539305,0.1971229102958466,0.35769878165393054,-6.545934107842238,-2.4159743949630954
35.76987816539305,0.20083322217285746,0.35769878165393054,-6.794672625948825,-2.5010535735945996
35.76987816539305,0.2045435340498683,0.35769878165393054,-7.048049331044897,-2.5908689537628597
35.76987816539305,0.20825384592687915,0.35769878165393054,-7.306064223130454,-2.6856590545517096
35.76987816539305,0.21196415780388997,0.35769878165393054,-7.568717302205493,-2.785667376104254
35.76987816539305,0.21567446968090082,0.35769878165393054,-7.836008568270018,-2.891141265352309
35.76987816539305,0.21938478155791166,0.35769878165393054,-8.107938021324028,-3.0023305676313723
35.76987816539305,0.2230950934349225,0.35769878165393054,-8.384505661367522,-3.119486049811229
35.76987816539305,0.22680540531193333,0.35769878165393054,-8.665711488400499,-3.242857582952784
35.76987816539305,0.23051571718894417,0.35769878165393054,-8.951555502422961,-3.372692075688279
35.76987816539305,0.23422602906595502,0.35769878165393054,-9.242037703434908,-3.509231153546057
35.76987816539305,0.23793634094296587,0.35769878165393054,-9.537158091436341,-3.652708584292615
35.76987816539305,0.2416466528199767,0.35769878165393054,-9.836916666427255,-3.80334745497958
35.76987816539305,0.24535696469698753,0.35769878165393054,-10.141313428407656,-3.9613571126345666
35.76987816539305,0.24906727657399838,0.35769878165393054,-10.450348377377543,-4.126929887226638
35.76987816539305,0.2527775884510092,0.35769878165393054,-10.764021513336914,-4.300237622405238
35.76987816539305,0.25648790032802005,0.35769878165393054,-11.082332836285763,-4.481428046233523
35.76987816539305,0.2601982122050309,0.35769878165393054,-11.405282346224107,-4.670621020352785
35.76987816539305,0.26390852408204174,0.35769878165393054,-11.732870043151927,-4.867904711362307
35.76987816539305,0.26761883595905256,0.35769878165393054,-12.06509592706923,-5.07333173236009
35.76987816539305,0.27132914783606343,0.35769878165393054,-12.401959997976025,-5.286915305353821
35.76987816539305,0.27503945971307425,0.35769878165393054,-12.7434622558723,-5.508625496575912
35.76987816539305,0.27874977159008507,0.35769878165393054,-13.089602700758059,-5.7383855768175245
35.76987816539305,0.28246008346709595,0.35769878165393054,-13.440381332633308,-5.976068558212049
35.76987816539305,0.28617039534410676,0.35769878165393054,-13.795798151498033,-6.221493958231395
35.76987816539305,0.28988070722111764,0.35769878165393054,-14.15585315735225,-6.474424842066764
35.76987816539305,0.29359101909812846,0.35769878165393054,-14.520546350195946,-6.734565197289001
35.76987816539305,0.2973013309751393,0.35769878165393054,-14.889877730029127,-7.00155770098813
35.76987816539305,0.30101164285215015,0.35769878165393054,-15.263847296851798,-7.274981950527717
35.76987816539305,0.30472195472916097,0.35769878165393054,-15.642455050663948,-7.554353245172765
37.15775501686208,0.011607316445304631,0.3715775501686208,-0.022322637378015445,-0.9576622084586486
37.15775501686208,0.015317628322315471,0.3715775501686208,-0.03887450837545351,-0.9647967962107904
37.15775501686208,0.01902794019932631,0.3715775501686208,-0.0599881420118553,-0.9722184000682672
37.15775501686208,0.02273825207633715,0.3715775501686208,-0.08566353828722083,-0.9799415566530318
37.15775501686208,0.02644856395334799,0.3715775501686208,-0.11590069720155009,-0.9879816491213362
37.15775501686208,0.03015887583035883,0.3715775501686208,-0.15069961875484308,-0.9963549613976386
37.15775501686208,0.03386918770736967,0.3715775501686208,-0.19006030294709986,-1.0050787360551117
37.15775501686208,0.03757949958438051,0.3715775501686208,-0.23398274977832031,-1.0141712360843584
37.15775501686208,0.04128981146139135,0.3715775501686208,-0.2824669592485045,-1.0236518108054522
37.15775501686208,0.04500012333840219,0.3715775501686208,-0.3355129313576524,-1.0335409661922332
37.15775501686208,0.04871043521541303,0.3715775501686208,-0.3931206661057641,-1.0438604398916582
37.15775501686208,0.05242074709242387,0.3715775501686208,-0.4552901634928395,-1.0546332812346888
37.15775501686208,0.05613105896943471,0.3715775501686208,-0.5220214235188787,-1.065883936548874
37.15775501686208,0.05984137084644555,0.3715775501686208,-0.5933144461838815,-1.077638340095603
37.15775501686208,0.06355168272345639,0.3715775501686208,-0.6691692314878481,-1.0899240109673753
37.15775501686208,0.06726199460046722,0.3715775501686208,-0.7495857794307783,-1.102770156291335
37.15775501686208,0.07097230647747807,0.3715775501686208,-0.8345640900126724,-1.1162077810948672
37.15775501686208,0.0746826183544889,0.3715775501686208,-0.9241041632335302,-1.1302698051962552
37.15775501686208,0.07839293023149975,0.3715775501686208,-1.0182059990933516,-1.144991187488193
37.15775501686208,0.08210324210851058,0.3715775501686208,-1.1168695975921368,-1.1604090579829447
37.15775501686208,0.08581355398552143,0.3715775501686208,-1.220094958729886,-1.1765628579848788
37.15775501686208,0.08952386586253226,0.3715775501686208,-1.3278820825065987,-1.193494488747747
37.15775501686208,0.09323417773954311,0.3715775501686208,-1.4402309689222752,-1.211248468958972
37.15775501686208,0.09694448961655394,0.3715775501686208,-1.5571416179769153,-1.2298721013707716
37.15775501686208,0.10065480149356479,0.3715775501686208,-1.6786140296705192,-1.2494156488655115
37.15775501686208,0.10436511337057562,0.3715775501686208,-1.804648204003087,-1.2699325201996166
37.15775501686208,0.10807542524758647,0.3715775501686208,-1.9352441409746184,-1.2914794656136181
37.15775501686208,0.1117857371245973,0.3715775501686208,-2.070401840585113,-1.3141167824237838
37.15775501686208,0.11549604900160815,0.3715775501686208,-2.210121302834572,-1.3379085306202558
37.15775501686208,0.11920636087861898,0.3715775501686208,-2.354402527722995,-1.3629227583849035
37.15775501686208,0.12291667275562983,0.3715775501686208,-2.503245515250381,-1.3892317373056349
37.15775501686208,0.12662698463264066,0.3715775501686208,-2.656650265416731,-1.4169122068993025
37.15775501686208,0.1303372965096515,0.3715775501686208,-2.814616778222045,-1.446045627858123
37.15775501686208,0.13404760838666235,0.3715775501686208,-2.9771450536663226,-1.4767184432007037
37.15775501686208,0.13775792026367317,0.3715775501686208,-3.144235091749563,-1.509022346233202
37.15775501686208,0.14146823214068402,0.3715775501686208,-3.315886892471769,-1.5430545539041014
37.15775501686208,0.14517854401769487,0.3715775501686208,-3.4921004558329374,-1.578918083762232
37.15775501686208,0.1488888558947057,0.3715775501686208,-3.67287578183307,-1.6167220322967668
37.15775501686208,0.15259916777171653,0.3715775501686208,-3.8582128704721654,-1.6565818519446593
37.15775501686208,0.15630947964872738,0.3715775501686208,-4.048111721750225,-1.6986196234909863
37.15775501686208,0.16001979152573823,0.3715775501686208,-4.24257233566725,-1.7429643199558957
37.15775501686208,0.16373010340274907,0.3715775501686208,-4.441594712223237,-1.7897520573560048
37.15775501686208,0.1674404152797599,0.3715775501686208,-4.645178851418187,-1.839126326945781
37.15775501686208,0.17115072715677074,0.3715775501686208,-4.853324753252102,-1.8912382026860528
37.15775501686208,0.17486103903378158,0.3715775501686208,-5.066032417724982,-1.9462465167558598
37.15775501686208,0.17857135091079243,0.3715775501686208,-5.283301844836823,-2.0043179949260232
37.15775501686208,0.18228166278780325,0.3715775501686208,-5.5051330345876295,-2.065627342560016
37.15775501686208,0.1859919746648141,0.3715775501686208,-5.731525986977399,-2.1303572709157588
37.15775501686208,0.18970228654182494,0.3715775501686208,-5.9624807020061334,-2.198698452313914
37.15775501686208,0.1934125984188358,0.3715775501686208,-6.197997179673831,-2.2708493916448624
37.15775501686208,0.1971229102958466,0.3715775501686208,-6.438075419980491,-2.3470162006465287
37.15775501686208,0.20083322217285746,0.3715775501686208,-6.682715422926115,-2.4274122604474875
37.15775501686208,0.2045435340498683,0.3715775501686208,-6.931917188510704,-2.5122577570925237
37.15775501686208,0.20825384592687915,0.3715775501686208,-7.185680716734257,-2.60177907421977
37.15775501686208,0.21196415780388997,0.3715775501686208,-7.444006007596772,-2.6962080268175623
37.15775501686208,0.21567446968090082,0.3715775501686208,-7.706893061098252,-2.7957809201403374
37.15775501686208,0.21938478155791166,0.3715775501686208,-7.974341877238696,-2.9007374184974157
37.15775501686208,0.2230950934349225,0.3715775501686208,-8.246352456018103,-3.0113192098363255
37.15775501686208,0.22680540531193333,0.3715775501686208,-8.522924797436472,-3.127768453909391
37.15775501686208,0.23051571718894417,0.3715775501686208,-8.804058901493807,-3.25032600441038
37.15775501686208,0.23422602906595502,0.3715775501686208,-9.089754768190106,-3.3792293988457436
37.15775501686208,0.23793634094296587,0.3715775501686208,-9.380012397525368,-3.5147106140782003
37.15775501686208,0.2416466528199767,0.3715775501686208,-9.674831789499592,-3.6569935904175357
37.15775501686208,0.24535696469698753,0.3715775501686208,-9.974212944112782,-3.8062915327480598
37.15775501686208,0.24906727657399838,0.3715775501686208,-10.278155861364937,-3.962804003319212
37.15775501686208,0.2527775884510092,0.3715775501686208,-10.586660541256055,-4.126713827260776
37.15775501686208,0.25648790032802005,0.3715775501686208,-10.899726983786133,-4.298183838320212
37.15775501686208,0.2601982122050309,0.3715775501686208,-11.217355188955182,-4.477353498401914
37.15775501686208,0.26390852408204174,0.3715775501686208,-11.539545156763188,-4.664335429823092
37.15775501686208,0.26761883595905256,0.3715775501686208,-11.866296887210156,-4.859211903394911
37.15775501686208,0.27132914783606343,0.3715775501686208,-12.197610380296096,-5.062031328145032
37.15775501686208,0.27503945971307425,0.3715775501686208,-12.533485636020995,-5.272804789486065
37.15775501686208,0.27874977159008507,0.3715775501686208,-12.873922654384854,-5.491502681851823
37.15775501686208,0.28246008346709595,0.3715775501686208,-13.218921435387685,-5.718051479469616
37.15775501686208,0.28617039534410676,0.3715775501686208,-13.568481979029473,-5.952330685518342
37.15775501686208,0.28988070722111764,0.3715775501686208,-13.92260428531023,-6.1941699962809285
37.15775501686208,0.29359101909812846,0.3715775501686208,-14.281288354229947,-6.443346714193554
37.15775501686208,0.2973013309751393,0.3715775501686208,-14.644534185788627,-6.699583443321663
37.15775501686208,0.30101164285215015,0.3715775501686208,-15.012341779986276,-6.962546104239941
37.15775501686208,0.30472195472916097,0.3715775501686208,-15.384711136822883,-7.231842313911351
38.54563186833112,0.011607316445304631,0.3854563186833112,-0.021948660650477566,-0.9563582333501475
38.54563186833112,0.015317628322315471,0.3854563186833112,-0.03822323401298889,-0.9633170603774306
38.54563186833112,0.01902794019932631,0.3854563186833112,-0.05898314566394322,-0.970551732255553
38.54563186833112,0.02273825207633715,0.3854563186833112,-0.08422839560334057,-0.9780760516172426
38.54563186833112,0.02644856395334799,0.3854563186833112,-0.11395898383118096,-0.9859046164339049
38.54563186833112,0.03015887583035883,0.3854563186833112,-0.14817491034746436,-0.9940528705049476
38.54563186833112,0.03386918770736967,0.3854563186833112,-0.18687617515219082,-1.0025371573172652
38.54563186833112,0.03757949958438051,0.3854563186833112,-0.23006277824536026,-1.0113747774973416
38.54563186833112,0.04128981146139135,0.3854563186833112,-0.2777347196269727,-1.020584050090923
38.54563186833112,0.04500012333840219,0.3854563186833112,-0.32989199929702817,-1.0301843779180722
38.54563186833112,0.04871043521541303,0.3854563186833112,-0.38653461725552674,-1.0401963172642263
38.54563186833112,0.05242074709242387,0.3854563186833112,-0.44766257350246824,-1.0506416521809592
38.54563186833112,0.05613105896943471,0.3854563186833112,-0.5132758680378527,-1.0615434736827596
38.54563186833112,0.05984137084644555,0.3854563186833112,-0.5833745008616803,-1.0729262641385882
38.54563186833112,0.06355168272345639,0.3854563186833112,-0.657958471973951,-1.0848159871686804
38.54563186833112,0.06726199460046722,0.3854563186833112,-0.7370277813746644,-1.097240183367901
38.54563186833112,0.07097230647747807,0.3854563186833112,-0.8205824290638211,-1.1102280721864637
38.54563186833112,0.0746826183544889,0.3854563186833112,-0.9086224150414206,-1.1238106603065847
38.54563186833112,0.07839293023149975,0.3854563186833112,-1.0011477393074633,-1.1380208568591992
38.54563186833112,0.08210324210851058,0.3854563186833112,-1.098158401861949,-1.1528935958274147
38.54563186833112,0.08581355398552143,0.3854563186833112,-1.1996544027048779,-1.1684659659824597
38.54563186833112,0.08952386586253226,0.3854563186833112,-1.3056357418362494,-1.1847773486923714
38.54563186833112,0.09323417773954311,0.3854563186833112,-1.416102419256064,-1.2018695639327195
38.54563186833112,0.09694448961655394,0.3854563186833112,-1.5310544349643218,-1.2197870248110445
38.54563186833112,0.10065480149356479,0.3854563186833112,-1.6504917889610227,-1.2385769008911
38.54563186833112,0.10436511337057562,0.3854563186833112,-1.7744144812461664,-1.2582892905677672
38.54563186833112,0.10807542524758647,0.3854563186833112,-1.9028225118197535,-1.2789774026970324
38.54563186833112,0.1117857371245973,0.3854563186833112,-2.0357158806817828,-1.3006977476254118
38.54563186833112,0.11549604900160815,0.3854563186833112,-2.173094587832256,-1.3235103376876585
38.54563186833112,0.11920636087861898,0.3854563186833112,-2.314958633271172,-1.3474788971475955
38.54563186833112,0.12291667275562983,0.3854563186833112,-2.461308016998531,-1.3726710814416911
38.54563186833112,0.12662698463264066,0.3854563186833112,-2.612142739014333,-1.3991587054454055
38.54563186833112,0.1303372965096515,0.3854563186833112,-2.7674627993185776,-1.4270179803145036
38.54563186833112,0.13404760838666235,0.3854563186833112,-2.927268197911266,-1.4563297582538484
38.54563186833112,0.13775792026367317,0.3854563186833112,-3.0915589347923964,-1.4871797843301842
38.54563186833112,0.14146823214068402,0.3854563186833112,-3.260335009961971,-1.519658954168864
38.54563186833112,0.14517854401769487,0.3854563186833112,-3.4335964234199876,-1.5538635760522843
38.54563186833112,0.1488888558947057,0.3854563186833112,-3.6113431751664478,-1.5898956355654694
38.54563186833112,0.15259916777171653,0.3854563186833112,-3.7935752652013504,-1.6278630605069058
38.54563186833112,0.15630947964872738,0.3854563186833112,-3.9802926935246967,-1.6678799832953963
38.54563186833112,0.16001979152573823,0.3854563186833112,-4.171495460136486,-1.710066997552706
38.54563186833112,0.16373010340274907,0.3854563186833112,-4.367183565036719,-1.7545514049231197
38.54563186833112,0.1674404152797599,0.3854563186833112,-4.567357008225392,-1.8014674475027328
38.54563186833112,0.17115072715677074,0.3854563186833112,-4.772015789702511,-1.8509565204922644
38.54563186833112,0.17486103903378158,0.3854563186833112,-4.981159909468072,-1.903167358859116
38.54563186833112,0.17857135091079243,0.3854563186833112,-5.194789367522077,-1.958256190901281
38.54563186833112,0.18228166278780325,0.3854563186833112,-5.412904163864524,-2.0163868506556524
38.54563186833112,0.1859919746648141,0.3854563186833112,-5.635504298495413,-2.0777308400984844
38.54563186833112,0.18970228654182494,0.3854563186833112,-5.862589771414748,-2.142467331064416
38.54563186833112,0.1934125984188358,0.3854563186833112,-6.094160582622525,-2.2107830957866854
38.54563186833112,0.1971229102958466,0.3854563186833112,-6.330216732118743,-2.282872353967321
38.54563186833112,0.20083322217285746,0.3854563186833112,-6.5707582199034045,-2.358936523361949
38.54563186833112,0.2045435340498683,0.3854563186833112,-6.815785045976511,-2.4391838600596785
38.54563186833112,0.20825384592687915,0.3854563186833112,-7.065297210338059,-2.52382897401272
38.54563186833112,0.21196415780388997,0.3854563186833112,-7.319294712988049,-2.6130922049916876
38.54563186833112,0.21567446968090082,0.3854563186833112,-7.577777553926484,-2.707198844087697
38.54563186833112,0.21938478155791166,0.3854563186833112,-7.840745733153362,-2.8063781862346184
38.54563186833112,0.2230950934349225,0.3854563186833112,-8.108199250668683,-2.9108624000712915
38.54563186833112,0.22680540531193333,0.3854563186833112,-8.380138106472444,-3.0208852028890427
38.54563186833112,0.23051571718894417,0.3854563186833112,-8.656562300564651,-3.136680330492978
38.54563186833112,0.23422602906595502,0.3854563186833112,-8.937471832945302,-3.25847979460772
38.54563186833112,0.23793634094296587,0.3854563186833112,-9.222866703614395,-3.3865119240165327
38.54563186833112,0.2416466528199767,0.3854563186833112,-9.512746912571929,-3.520999189936415
38.54563186833112,0.24535696469698753,0.3854563186833112,-9.807112459817908,-3.662155821152319
38.54563186833112,0.24906727657399838,0.3854563186833112,-10.10596334535233,-3.810185220052599
38.54563186833112,0.2527775884510092,0.3854563186833112,-10.409299569175197,-3.96527719674719
38.54563186833112,0.25648790032802005,0.3854563186833112,-10.7171211312865,-4.127605044659198
38.54563186833112,0.2601982122050309,0.3854563186833112,-11.029428031686257,-4.297322487035542
38.54563186833112,0.26390852408204174,0.3854563186833112,-11.346220270374447,-4.474560529339694
38.54563186833112,0.26761883595905256,0.3854563186833112,-11.66749784735108,-4.659424257048125
38.54563186833112,0.27132914783606343,0.3854563186833112,-11.993260762616163,-4.851989621550752
38.54563186833112,0.27503945971307425,0.3854563186833112,-12.323509016169686,-5.052300258285827
38.54563186833112,0.27874977159008507,0.3854563186833112,-12.65824260801165,-5.260364380668445
38.54563186833112,0.28246008346709595,0.3854563186833112,-12.997461538142062,-5.476151790735713
38.54563186833112,0.28617039534410676,0.3854563186833112,-13.34116580656091,-5.699591042928836
38.54563186833112,0.28988070722111764,0.3854563186833112,-13.689355413268208,-5.930566791584612
38.54563186833112,0.29359101909812846,0.3854563186833112,-14.042030358263943,-6.168917346394956
38.54563186833112,0.2973013309751393,0.3854563186833112,-14.399190641548124,-6.414432454543567
38.54563186833112,0.30101164285215015,0.3854563186833112,-14.760836263120751,-6.666851324954816
38.54563186833112,0.30472195472916097,0.3854563186833112,-15.126967222981815,-6.925860910750487
39.93350871980015,0.011607316445304631,0.39933508719800154,-0.021574683922939687,-0.9550906293036161
39.93350871980015,0.015317628322315471,0.39933508719800154,-0.03757195965052427,-0.961881856046868
39.93350871980015,0.01902794019932631,0.39933508719800154,-0.057978149316031145,-0.9689384284228404
39.93350871980015,0.02273825207633715,0.39933508719800154,-0.08279325291946033,-0.9762734668805373
39.93350871980015,0.02644856395334799,0.39933508719800154,-0.11201727046081184,-0.98390084007413
39.93350871980015,0.03015887583035883,0.39933508719800154,-0.14565020194008566,-0.991835211932313
39.93350871980015,0.03386918770736967,0.39933508719800154,-0.1836920473572818,-1.0000920918468235
39.93350871980015,0.03757949958438051,0.39933508719800154,-0.22614280671240022,-1.0086878881851788
39.93350871980015,0.04128981146139135,0.39933508719800154,-0.273002480005441,-1.0176399653442938
39.93350871980015,0.04500012333840219,0.39933508719800154,-0.324271067236404,-1.0269667045734816
39.93350871980015,0.04871043521541303,0.39933508719800154,-0.37994856840528934,-1.0366875688074964
39.93350871980015,0.05242074709242387,0.39933508719800154,-0.440034983512097,-1.0468231717622691
39.93350871980015,0.05613105896943471,0.39933508719800154,-0.504530312556827,-1.057395351558081
39.93350871980015,0.05984137084644555,0.39933508719800154,-0.5734345555394792,-1.068427249146561
39.93350871980015,0.06355168272345639,0.39933508719800154,-0.6467477124600539,-1.0799433918292327
39.93350871980015,0.06726199460046722,0.39933508719800154,-0.7244697833185506,-1.09196978216579
39.93350871980015,0.07097230647747807,0.39933508719800154,-0.8066007681149698,-1.1045339925797344
39.93350871980015,0.0746826183544889,0.39933508719800154,-0.8931406668493113,-1.1176652659770983
39.93350871980015,0.07839293023149975,0.39933508719800154,-0.9840894795215751,-1.13139462269993
39.93350871980015,0.08210324210851058,0.39933508719800154,-1.0794472061317613,-1.1457549741401847
39.93350871980015,0.08581355398552143,0.39933508719800154,-1.1792138466798698,-1.1607812433400886
39.93350871980015,0.08952386586253226,0.39933508719800154,-1.2833894011659004,-1.1765104929020502
39.93350871980015,0.09323417773954311,0.39933508719800154,-1.3919738695898534,-1.192982060523398
39.93350871980015,0.09694448961655394,0.39933508719800154,-1.5049672519517288,-1.2102377024577087
39.93350871980015,0.10065480149356479,0.39933508719800154,-1.6223695482515263,-1.2283217451842612
39.93350871980015,0.10436511337057562,0.39933508719800154,-1.7441807584892464,-1.2472812455386788
39.93350871980015,0.10807542524758647,0.39933508719800154,-1.8704008826648888,-1.2671661595195292
39.93350871980015,0.1117857371245973,0.39933508719800154,-2.001029920778453,-1.2880295199360585
39.93350871980015,0.11549604900160815,0.39933508719800154,-2.13606787282994,-1.3099276229988828
39.93350871980015,0.11920636087861898,0.39933508719800154,-2.275514738819349,-1.332920223876409
39.93350871980015,0.12291667275562983,0.39933508719800154,-2.419370518746681,-1.357070741142469
39.93350871980015,0.12662698463264066,0.39933508719800154,-2.567635212611935,-1.3824464699218826
39.93350871980015,0.1303372965096515,0.39933508719800154,-2.7203088204151107,-1.4091188033977464
39.93350871980015,0.13404760838666235,0.39933508719800154,-2.8773913421562094,-1.4371634621734315
39.93350871980015,0.13775792026367317,0.39933508719800154,-3.0388827778352296,-1.4666607307797932
39.93350871980015,0.14146823214068402,0.39933508719800154,-3.204783127452173,-1.4976957003801017
39.93350871980015,0.14517854401769487,0.39933508719800154,-3.3750923910070383,-1.5303585164471798
39.93350871980015,0.1488888558947057,0.39933508719800154,-3.5498105684998262,-1.5647446298650403
39.93350871980015,0.15259916777171653,0.39933508719800154,-3.7289376599305353,-1.6009550495361844
39.93350871980015,0.15630947964872738,0.39933508719800154,-3.912473665299168,-1.6390965941514541
39.93350871980015,0.16001979152573823,0.39933508719800154,-4.100418584605723,-1.6792821402977363
39.93350871980015,0.16373010340274907,0.39933508719800154,-4.2927724178502,-1.7216308635362525
39.93350871980015,0.1674404152797599,0.39933508719800154,-4.489535165032598,-1.766268468477851
39.93350871980015,0.17115072715677074,0.39933508719800154,-4.69070682615292,-1.8133274032101574
39.93350871980015,0.17486103903378158,0.39933508719800154,-4.896287401211165,-1.862947052694801
39.93350871980015,0.17857135091079243,0.39933508719800154,-5.10627689020733,-1.915273904953446
39.93350871980015,0.18228166278780325,0.39933508719800154,-5.320675293141418,-1.9704616830049453
39.93350871980015,0.1859919746648141,0.39933508719800154,-5.539482610013429,-2.028671434611058
39.93350871980015,0.18970228654182494,0.39933508719800154,-5.762698840823362,-2.090071570949244
39.93350871980015,0.1934125984188358,0.39933508719800154,-5.9903239855712185,-2.1548378443772056
39.93350871980015,0.1971229102958466,0.39933508719800154,-6.222358044256995,-2.2231532545105654
39.93350871980015,0.20083322217285746,0.39933508719800154,-6.458801016880694,-2.295207870936306
39.93350871980015,0.2045435340498683,0.39933508719800154,-6.699652903442318,-2.371198560071245
39.93350871980015,0.20825384592687915,0.39933508719800154,-6.944913703941863,-2.451328602997813
39.93350871980015,0.21196415780388997,0.39933508719800154,-7.194583418379328,-2.535807190627727
39.93350871980015,0.21567446968090082,0.39933508719800154,-7.448662046754718,-2.624848782326489
39.93350871980015,0.21938478155791166,0.39933508719800154,-7.70714958906803,-2.7186723142531535
39.93350871980015,0.2230950934349225,0.39933508719800154,-7.970046045319264,-2.8175002442126393
39.93350871980015,0.22680540531193333,0.39933508719800154,-8.237351415508419,-2.9215574208639046
39.93350871980015,0.23051571718894417,0.39933508719800154,-8.509065699635498,-3.0310697667583155
39.93350871980015,0.23422602906595502,0.39933508719800154,-8.785188897700499,-3.146262766968272
39.93350871980015,0.23793634094296587,0.39933508719800154,-9.065721009703422,-3.267359758059707
39.93350871980015,0.2416466528199767,0.39933508719800154,-9.350662035644266,-3.394580015888682
39.93350871980015,0.24535696469698753,0.39933508719800154,-9.640011975523034,-3.5281366451472245
39.93350871980015,0.24906727657399838,0.39933508719800154,-9.933770829339725,-3.6682342786820112
39.93350871980015,0.2527775884510092,0.39933508719800154,-10.231938597094338,-3.815066600233706
39.93350871980015,0.25648790032802005,0.39933508719800154,-10.53451527878687,-3.968813710196968
39.93350871980015,0.2601982122050309,0.39933508719800154,-10.841500874417331,-4.129639360007197
39.93350871980015,0.26390852408204174,0.39933508719800154,-11.152895383985708,-4.297688086473565
39.93350871980015,0.26761883595905256,0.39933508719800154,-11.468698807492007,-4.473082282391279
39.93350871980015,0.27132914783606343,0.39933508719800154,-11.788911144936234,-4.655919243634754
39.93350871980015,0.27503945971307425,0.39933508719800154,-12.11353239631838,-4.846268235214682
39.93350871980015,0.27874977159008507,0.39933508719800154,-12.442562561638445,-5.044167619087128
39.93350871980015,0.28246008346709595,0.39933508719800154,-12.776001640896439,-5.2496220845615955
39.93350871980015,0.28617039534410676,0.39933508719800154,-13.11384963409235,-5.462600017893288
39.93350871980015,0.28988070722111764,0.39933508719800154,-13.45610654122619,-5.6830310412543135
39.93350871980015,0.29359101909812846,0.39933508719800154,-13.802772362297944,-5.9108037432880725
39.93350871980015,0.2973013309751393,0.39933508719800154,-14.153847097307622,-6.145763614760403
39.93350871980015,0.30101164285215015,0.39933508719800154,-14.509330746255229,-6.3877111947065455
39.93350871980015,0.30472195472916097,0.39933508719800154,-14.86922330914075,-6.6364004265269525
