V,s,V_norm,ICa_true,ICa_nn
-69.70876254625355,0.011607316445304631,-0.6970876254625356,-0.051118845398432,0.30254725816034345
-69.70876254625355,0.015317628322315471,-0.6970876254625356,-0.08902263428522926,0.20317107396100287
-69.70876254625355,0.01902794019932631,-0.6970876254625356,-0.13737286080108507,0.10239510568407173
-69.70876254625355,0.02273825207633715,-0.6970876254625356,-0.19616952494599948,-0.000106399090489262
-69.70876254625355,0.02644856395334799,-0.6970876254625356,-0.2654126267199725,-0.10470620182586465
-69.70876254625355,0.03015887583035883,-0.6970876254625356,-0.34510216612300415,-0.2118279238246732
-69.70876254625355,0.03386918770736967,-0.6970876254625356,-0.4352381431550944,-0.3219499465358995
-69.70876254625355,0.03757949958438051,-0.6970876254625356,-0.5358205578162432,-0.43560925234633086
-69.70876254625355,0.04128981146139135,-0.6970876254625356,-0.6468494101064506,-0.5534050526171512
-69.70876254625355,0.04500012333840219,-0.6970876254625356,-0.7683247000257165,-0.6760019948997327
-69.70876254625355,0.04871043521541303,-0.6970876254625356,-0.900246427574041,-0.8041326749297317
-69.70876254625355,0.05242074709242387,-0.6970876254625356,-1.042614592751424,-0.9385991009974655
-69.70876254625355,0.05613105896943471,-0.6970876254625356,-1.195429195557866,-1.080272669735118
-69.70876254625355,0.05984137084644555,-0.6970876254625356,-1.3586902359933661,-1.230092116346901
-69.70876254625355,0.06355168272345639,-0.6970876254625356,-1.532397714057925,-1.3890588048357353
-69.70876254625355,0.06726199460046722,-0.6970876254625356,-1.7165516297515422,-1.558228634816687
-69.70876254625355,0.07097230647747807,-0.6970876254625356,-1.9111519830742183,-1.738699776097568
-69.70876254625355,0.0746826183544889,-0.6970876254625356,-2.116198774025953,-1.9315954213823368
-69.70876254625355,0.07839293023149975,-0.6970876254625356,-2.3316920026067463,-2.138040798554183
-69.70876254625355,0.08210324210851058,-0.6970876254625356,-2.557631668816598,-2.3591338398091795
-69.70876254625355,0.08581355398552143,-0.6970876254625356,-2.7940177726555087,-2.5959092008733435
-69.70876254625355,0.08952386586253226,-0.6970876254625356,-3.0408503141234773,-2.8492957921813806
-69.70876254625355,0.09323417773954311,-0.6970876254625356,-3.2981292932205046,-3.120068645965243
-69.70876254625355,0.09694448961655394,-0.6970876254625356,-3.5658547099465907,-3.4087967954447267
-69.70876254625355,0.10065480149356479,-0.6970876254625356,-3.8440265643017355,-3.715789843303317
-69.70876254625355,0.10436511337057562,-0.6970876254625356,-4.132644856285939,-4.041046953695475
-69.70876254625355,0.10807542524758647,-0.6970876254625356,-4.431709585899202,-4.3842129644824235
-69.70876254625355,0.1117857371245973,-0.6970876254625356,-4.741220753141521,-4.744546981671384
-69.70876254625355,0.11549604900160815,-0.6970876254625356,-5.0611783580129,-5.120908956873496
-69.70876254625355,0.11920636087861898,-0.6970876254625356,-5.391582400513338,-5.511769151659052
-69.70876254625355,0.12291667275562983,-0.6970876254625356,-5.732432880642834,-5.9152439336749465
-69.70876254625355,0.12662698463264066,-0.6970876254625356,-6.083729798401389,-6.329159049906328
-69.70876254625355,0.1303372965096515,-0.6970876254625356,-6.445473153789003,-6.751138595730499
-69.70876254625355,0.13404760838666235,-0.6970876254625356,-6.817662946805675,-7.178714747517337
-69.70876254625355,0.13775792026367317,-0.6970876254625356,-7.200299177451404,-7.609450482778873
-69.70876254625355,0.14146823214068402,-0.6970876254625356,-7.593381845726195,-8.041065519128523
-69.70876254625355,0.14517854401769487,-0.6970876254625356,-7.996910951630042,-8.471554978274327
-69.70876254625355,0.1488888558947057,-0.6970876254625356,-8.410886495162949,-8.899290995407663
-69.70876254625355,0.15259916777171653,-0.6970876254625356,-8.835308476324911,-9.323099520913484
-69.70876254625355,0.15630947964872738,-0.6970876254625356,-9.270176895115936,-9.742307508725979
-69.70876254625355,0.16001979152573823,-0.6970876254625356,-9.71549175153602,-10.156759005684878
-69.70876254625355,0.16373010340274907,-0.6970876254625356,-10.17125304558516,-10.566801788066451
-69.70876254625355,0.1674404152797599,-0.6970876254625356,-10.637460777263357,-10.973248692208937
-69.70876254625355,0.17115072715677074,-0.6970876254625356,-11.114114946570615,-11.37731941008567
-69.70876254625355,0.17486103903378158,-0.6970876254625356,-11.601215553506934,-11.78056923253983
-69.70876254625355,0.17857135091079243,-0.6970876254625356,-12.098762598072309,-12.184811155604775
-69.70876254625355,0.18228166278780325,-0.6970876254625356,-12.606756080266742,-12.592037146982054
-69.70876254625355,0.1859919746648141,-0.6970876254625356,-13.125196000090233,-13.004343447026272
-69.70876254625355,0.18970228654182494,-0.6970876254625356,-13.654082357542785,-13.423863756496575
-69.70876254625355,0.1934125984188358,-0.6970876254625356,-14.193415152624397,-13.852713170250306
-69.70876254625355,0.1971229102958466,-0.6970876254625356,-14.74319438533506,-14.292944793964287
-69.70876254625355,0.20083322217285746,-0.6970876254625356,-15.303420055674787,-14.746520095626096
-69.70876254625355,0.2045435340498683,-0.6970876254625356,-15.874092163643573,-15.215293107992485
-69.70876254625355,0.20825384592687915,-0.6970876254625356,-16.45521070924142,-15.701007504361776
-69.70876254625355,0.21196415780388997,-0.6970876254625356,-17.046775692468316,-16.205304224596663
-69.70876254625355,0.21567446968090082,-0.6970876254625356,-17.64878711332428,-16.729735691134394
-69.70876254625355,0.21938478155791166,-0.6970876254625356,-18.2612449718093,-17.27578077676129
-69.70876254625355,0.2230950934349225,-0.6970876254625356,-18.884149267923377,-17.844852744688566
-69.70876254625355,0.22680540531193333,-0.6970876254625356,-19.517500001666512,-18.438290707686157
-69.70876254625355,0.23051571718894417,-0.6970876254625356,-20.161297173038708,-19.057324239999144
-69.70876254625355,0.23422602906595502,-0.6970876254625356,-20.815540782039964,-19.703001256326203
-69.70876254625355,0.23793634094296587,-0.6970876254625356,-21.480230828670276,-20.37607184189698
-69.70876254625355,0.2416466528199767,-0.6970876254625356,-22.155367312929645,-21.076825978988566
-69.70876254625355,0.24535696469698753,-0.6970876254625356,-22.840950234818074,-21.804891324036163
-69.70876254625355,0.24906727657399838,-0.6970876254625356,-23.536979594335566,-22.559007919888025
-69.70876254625355,0.2527775884510092,-0.6970876254625356,-24.243455391482115,-23.33680853629363
-69.70876254625355,0.25648790032802005,-0.6970876254625356,-24.960377626257714,-24.134643597038057
-69.70876254625355,0.2601982122050309,-0.6970876254625356,-25.687746298662386,-24.94749483435745
-69.70876254625355,0.26390852408204174,-0.6970876254625356,-26.425561408696105,-25.769018330353177
-69.70876254625355,0.26761883595905256,-0.6970876254625356,-27.173822956358876,-26.591743292207624
-69.70876254625355,0.27132914783606343,-0.6970876254625356,-27.932530941650725,-27.407428561439495
-69.70876254625355,0.27503945971307425,-0.6970876254625356,-28.701685364571624,-28.20754905775118
-69.70876254625355,0.27874977159008507,-0.6970876254625356,-29.481286225121572,-28.98385672685945
-69.70876254625355,0.28246008346709595,-0.6970876254625356,-30.271333523300598,-29.728943313963654
-69.70876254625355,0.28617039534410676,-0.6970876254625356,-31.071827259108666,-30.43673097640709
-69.70876254625355,0.28988070722111764,-0.6970876254625356,-31.882767432545805,-31.102831851592086
-69.70876254625355,0.29359101909812846,-0.6970876254625356,-32.70415404361199,-31.72474435887549
-69.70876254625355,0.2973013309751393,-0.6970876254625356,-33.53598709230724,-32.30188416976399
-69.70876254625355,0.30101164285215015,-0.6970876254625356,-34.37826657863155,-32.83547340903181
-69.70876254625355,0.30472195472916097,-0.6970876254625356,-35.23099250258492,-33.32832751008933
-68.32088569478452,0.011607316445304631,-0.6832088569478452,-0.050744868670894124,0.269812662969489
-68.32088569478452,0.015317628322315471,-0.6832088569478452,-0.08837135992276464,0.17156693959403047
-68.32088569478452,0.01902794019932631,-0.6832088569478452,-0.136367864453173,0.07200626003151456
-68.32088569478452,0.02273825207633715,-0.6832088569478452,-0.19473438226211925,-0.029190553764443017
-68.32088569478452,0.02644856395334799,-0.6832088569478452,-0.26347091334960343,-0.13239126863912887
-68.32088569478452,0.03015887583035883,-0.6832088569478452,-0.3425774577156254,-0.23801409007583274
-68.32088569478452,0.03386918770736967,-0.6832088569478452,-0.4320540153601854,-0.3465315792471424
-68.32088569478452,0.03757949958438051,-0.6832088569478452,-0.5319005862832831,-0.4584745339310041
-68.32088569478452,0.04128981146139135,-0.6832088569478452,-0.6421171704849188,-0.5744356868080773
-68.32088569478452,0.04500012333840219,-0.6832088569478452,-0.7627037679650923,-0.6950730209282874
-68.32088569478452,0.04871043521541303,-0.6832088569478452,-0.8936603787238037,-0.8211124368097042
-68.32088569478452,0.05242074709242387,-0.6832088569478452,-1.034987002761053,-0.9533494283867379
-68.32088569478452,0.05613105896943471,-0.6832088569478452,-1.1866836400768401,-1.0926493367189396
-68.32088569478452,0.05984137084644555,-0.6832088569478452,-1.348750290671165,-1.2399456537597153
-68.32088569478452,0.06355168272345639,-0.6832088569478452,-1.521186954544028,-1.3962357491133464
-68.32088569478452,0.06726199460046722,-0.6832088569478452,-1.7039936316954283,-1.5625732999885837
-68.32088569478452,0.07097230647747807,-0.6832088569478452,-1.897170322125367,-1.7400566329049463
-68.32088569478452,0.0746826183544889,-0.6832088569478452,-2.1007170258338435,-1.9298121555336412
-68.32088569478452,0.07839293023149975,-0.6832088569478452,-2.314633742820858,-2.1329720952252256
-68.32088569478452,0.08210324210851058,-0.6832088569478452,-2.53892047308641,-2.350645899972287
-68.32088569478452,0.08581355398552143,-0.6832088569478452,-2.7735772166305006,-2.583884933781282
-68.32088569478452,0.08952386586253226,-0.6832088569478452,-3.018603973453128,-2.833640545818551
-68.32088569478452,0.09323417773954311,-0.6832088569478452,-3.274000743554294,-3.1007162349669075
-68.32088569478452,0.09694448961655394,-0.6832088569478452,-3.5397675269339977,-3.3857154698637304
-68.32088569478452,0.10065480149356479,-0.6832088569478452,-3.8159043235922394,-3.6889877235798973
-68.32088569478452,0.10436511337057562,-0.6832088569478452,-4.102411133529019,-4.010576355717081
-68.32088569478452,0.10807542524758647,-0.6832088569478452,-4.399287956744336,-4.350172977852188
-68.32088569478452,0.1117857371245973,-0.6832088569478452,-4.706534793238191,-4.707083671019253
-68.32088569478452,0.11549604900160815,-0.6832088569478452,-5.024151643010585,-5.080212654136329
-68.32088569478452,0.11920636087861898,-0.6832088569478452,-5.352138506061515,-5.4680685102741435
-68.32088569478452,0.12291667275562983,-0.6832088569478452,-5.690495382390985,-5.868796719079268
-68.32088569478452,0.12662698463264066,-0.6832088569478452,-6.039222271998991,-6.28024001680747
-68.32088569478452,0.1303372965096515,-0.6832088569478452,-6.398319174885535,-6.7000252003402325
-68.32088569478452,0.13404760838666235,-0.6832088569478452,-6.767786091050619,-7.125671795604892
-68.32088569478452,0.13775792026367317,-0.6832088569478452,-7.147623020494238,-7.554715053811895
-68.32088569478452,0.14146823214068402,-0.6832088569478452,-7.537829963216397,-7.984833580807575
-68.32088569478452,0.14517854401769487,-0.6832088569478452,-7.938406919217092,-8.413970993593185
-68.32088569478452,0.1488888558947057,-0.6832088569478452,-8.349353888496328,-8.840441543563081
-68.32088569478452,0.15259916777171653,-0.6832088569478452,-8.770670871054097,-9.263011555907466
-68.32088569478452,0.15630947964872738,-0.6832088569478452,-9.202357866890408,-9.680951437611661
-68.32088569478452,0.16001979152573823,-0.6832088569478452,-9.644414876005257,-10.094056355459987
-68.32088569478452,0.16373010340274907,-0.6832088569478452,-10.096841898398642,-10.502636902939049
-68.32088569478452,0.1674404152797599,-0.6832088569478452,-10.559638934070563,-10.907483690557026
-68.32088569478452,0.17115072715677074,-0.6832088569478452,-11.032805983021024,-11.309811532798228
-68.32088569478452,0.17486103903378158,-0.6832088569478452,-11.516343045250025,-11.711189708203053
-68.32088569478452,0.17857135091079243,-0.6832088569478452,-12.010250120757561,-12.113464757081047
-68.32088569478452,0.18228166278780325,-0.6832088569478452,-12.514527209543637,-12.518681680565594
-68.32088569478452,0.1859919746648141,-0.6832088569478452,-13.029174311608248,-12.92900846892471
-68.32088569478452,0.18970228654182494,-0.6832088569478452,-13.5541914269514,-13.346667833521936
-68.32088569478452,0.1934125984188358,-0.6832088569478452,-14.089578555573091,-13.7738789876826
-68.32088569478452,0.1971229102958466,-0.6832088569478452,-14.635335697473314,-14.21281137127498
-68.32088569478452,0.20083322217285746,-0.6832088569478452,-15.191462852652077,-14.665551316838174
-68.32088569478452,0.2045435340498683,-0.6832088569478452,-15.75796002110938,-15.134081729379925
-68.32088569478452,0.20825384592687915,-0.6832088569478452,-16.334827202845222,-15.620273789745019
-68.32088569478452,0.21196415780388997,-0.6832088569478452,-16.922064397859597,-16.12588839600695
-68.32088569478452,0.21567446968090082,-0.6832088569478452,-17.519671606152514,-16.65258348277043
-68.32088569478452,0.21938478155791166,-0.6832088569478452,-18.12764882772397,-17.201921550266825
-68.32088569478452,0.2230950934349225,-0.6832088569478452,-18.74599606257396,-17.775369869201995
-68.32088569478452,0.22680540531193333,-0.6832088569478452,-19.374713310702486,-18.37428423831072
-68.32088569478452,0.23051571718894417,-0.6832088569478452,-20.013800572109552,-18.9998663633956
-68.32088569478452,0.23422602906595502,-0.6832088569478452,-20.66325784679516,-19.653085545359588
-68.32088569478452,0.23793634094296587,-0.6832088569478452,-21.323085134759303,-20.334558111844444
-68.32088569478452,0.2416466528199767,-0.6832088569478452,-21.99328243600198,-21.044383487555365
-68.32088569478452,0.24535696469698753,-0.6832088569478452,-22.673849750523203,-21.781944170387895
-68.32088569478452,0.24906727657399838,-0.6832088569478452,-23.36478707832296,-22.545687631283286
-68.32088569478452,0.2527775884510092,-0.6832088569478452,-24.066094419401256,-23.33291970005427
-68.32088569478452,0.25648790032802005,-0.6832088569478452,-24.777771773758083,-24.139648588481897
-68.32088569478452,0.2601982122050309,-0.6832088569478452,-25.499819141393463,-24.960522765807283
-68.32088569478452,0.26390852408204174,-0.6832088569478452,-26.232236522307364,-25.788901014895934
-68.32088569478452,0.26761883595905256,-0.6832088569478452,-26.975023916499804,-26.617077364735096
-68.32088569478452,0.27132914783606343,-0.6832088569478452,-27.728181323970798,-27.43665852923362
-68.32088569478452,0.27503945971307425,-0.6832088569478452,-28.491708744720317,-28.239062015027194
-68.32088569478452,0.27874977159008507,-0.6832088569478452,-29.26560617874837,-29.016076949254682
-68.32088569478452,0.28246008346709595,-0.6832088569478452,-30.049873626054975,-29.760414805975422
-68.32088569478452,0.28617039534410676,-0.6832088569478452,-30.844511086640104,-30.46617841313614
-68.32088569478452,0.28988070722111764,-0.6832088569478452,-31.649518560503786,-31.12919456291918
-68.32088569478452,0.29359101909812846,-0.6832088569478452,-32.46489604764599,-31.747182841815167
-68.32088569478452,0.2973013309751393,-0.6832088569478452,-33.29064354806674,-32.319762829415964
-68.32088569478452,0.30101164285215015,-0.6832088569478452,-34.12676106176603,-32.848325965135146
-68.32088569478452,0.30472195472916097,-0.6832088569478452,-34.97324858874385,-33.335812511624475
-66.93300884331549,0.011607316445304631,-0.6693300884331549,-0.05037089194335625,0.23308245174573194
-66.93300884331549,0.015317628322315471,-0.6693300884331549,-0.08772008556030002,0.13601265129602336
-66.93300884331549,0.01902794019932631,-0.6693300884331549,-0.13536286810526094,0.0377042329556021
-66.93300884331549,0.02273825207633715,-0.6693300884331549,-0.19329923957823902,-0.062160539247788194
-66.93300884331549,0.02644856395334799,-0.6693300884331549,-0.2615291999792343,-0.1639455669686738
-66.93300884331549,0.03015887583035883,-0.6693300884331549,-0.3400527493082467,-0.2680647518371506
-66.93300884331549,0.03386918770736967,-0.6693300884331549,-0.4288698875652764,-0.3749859107838356
-66.93300884331549,0.03757949958438051,-0.6693300884331549,-0.5279806147503231,-0.4852346738476738
-66.93300884331549,0.04128981146139135,-0.6693300884331549,-0.637384930863387,-0.5993982237789286
-66.93300884331549,0.04500012333840219,-0.6693300884331549,-0.7570828359044681,-0.7181286840824761
-66.93300884331549,0.04871043521541303,-0.6693300884331549,-0.8870743298735664,-0.842145897870866
-66.93300884331549,0.05242074709242387,-0.6693300884331549,-1.0273594127706818,-0.9722392635598993
-66.93300884331549,0.05613105896943471,-0.6693300884331549,-1.1779380845958143,-1.109268205706404
-66.93300884331549,0.05984137084644555,-0.6693300884331549,-1.338810345348964,-1.2541607626305558
-66.93300884331549,0.06355168272345639,-0.6693300884331549,-1.509976195030131,-1.4079096720448163
-66.93300884331549,0.06726199460046722,-0.6693300884331549,-1.6914356336393146,-1.5715652406507807
-66.93300884331549,0.07097230647747807,-0.6693300884331549,-1.8831886611765158,-1.7462242074013208
-66.93300884331549,0.0746826183544889,-0.6693300884331549,-2.085235277641734,-1.9330137726549834
-66.93300884331549,0.07839293023149975,-0.6693300884331549,-2.29757548303497,-2.1330699930955888
-66.93300884331549,0.08210324210851058,-0.6693300884331549,-2.5202092773562224,-2.347509867441987
-66.93300884331549,0.08581355398552143,-0.6693300884331549,-2.7531366606054926,-2.57739669685102
-66.93300884331549,0.08952386586253226,-0.6693300884331549,-2.9963576327827792,-2.823698731713435
-66.93300884331549,0.09323417773954311,-0.6693300884331549,-3.2498721938880832,-3.087241739211901
-66.93300884331549,0.09694448961655394,-0.6693300884331549,-3.5136803439214046,-3.368656948508006
-66.93300884331549,0.10065480149356479,-0.6693300884331549,-3.7877820828827433,-3.668326822338215
-66.93300884331549,0.10436511337057562,-0.6693300884331549,-4.072177410772099,-3.986332185030797
-66.93300884331549,0.10807542524758647,-0.6693300884331549,-4.366866327589472,-4.322405268323016
-66.93300884331549,0.1117857371245973,-0.6693300884331549,-4.671848833334861,-4.675894021688097
-66.93300884331549,0.11549604900160815,-0.6693300884331549,-4.987124928008269,-5.045743340425577
-66.93300884331549,0.11920636087861898,-0.6693300884331549,-5.312694611609693,-5.430498465842361
-66.93300884331549,0.12291667275562983,-0.6693300884331549,-5.648557884139135,-5.828334548851337
-66.93300884331549,0.12662698463264066,-0.6693300884331549,-5.9947147455965935,-6.237114219423612
-66.93300884331549,0.1303372965096515,-0.6693300884331549,-6.351165195982069,-6.654472137757796
-66.93300884331549,0.13404760838666235,-0.6693300884331549,-6.717909235295562,-7.07792228888893
-66.93300884331549,0.13775792026367317,-0.6693300884331549,-7.094946863537071,-7.504980744526059
-66.93300884331549,0.14146823214068402,-0.6693300884331549,-7.4822780807066,-7.933294323499095
-66.93300884331549,0.14517854401769487,-0.6693300884331549,-7.879902886804143,-8.360764507557558
-66.93300884331549,0.1488888558947057,-0.6693300884331549,-8.287821281829705,-8.785656355544152
-66.93300884331549,0.15259916777171653,-0.6693300884331549,-8.706033265783283,-9.206683946541974
-66.93300884331549,0.15630947964872738,-0.6693300884331549,-9.134538838664879,-9.623066722720997
-66.93300884331549,0.16001979152573823,-0.6693300884331549,-9.573338000474493,-10.03455445449973
-66.93300884331549,0.16373010340274907,-0.6693300884331549,-10.022430751212124,-10.441421826523282
-66.93300884331549,0.1674404152797599,-0.6693300884331549,-10.481817090877769,-10.844436350476526
-66.93300884331549,0.17115072715677074,-0.6693300884331549,-10.951497019471434,-11.244805148883888
-66.93300884331549,0.17486103903378158,-0.6693300884331549,-11.431470536993118,-11.644107041817302
-66.93300884331549,0.17857135091079243,-0.6693300884331549,-11.921737643442816,-12.044216411909813
-66.93300884331549,0.18228166278780325,-0.6693300884331549,-12.42229833882053,-12.447224744449546
-66.93300884331549,0.1859919746648141,-0.6693300884331549,-12.933152623126263,-12.855364796712797
-66.93300884331549,0.18970228654182494,-0.6693300884331549,-13.454300496360016,-13.270941271288898
-66.93300884331549,0.1934125984188358,-0.6693300884331549,-13.985741958521785,-13.69627080643129
-66.93300884331549,0.1971229102958466,-0.6693300884331549,-14.527477009611566,-14.133633118829012
-66.93300884331549,0.20083322217285746,-0.6693300884331549,-15.079505649629366,-14.58523422524034
-66.93300884331549,0.2045435340498683,-0.6693300884331549,-15.641827878575187,-15.053181753393002
-66.93300884331549,0.20825384592687915,-0.6693300884331549,-16.214443696449024,-15.53947132416039
-66.93300884331549,0.21196415780388997,-0.6693300884331549,-16.797353103250874,-16.045981748375567
-66.93300884331549,0.21567446968090082,-0.6693300884331549,-17.39055609898075,-16.574475282946864
-66.93300884331549,0.21938478155791166,-0.6693300884331549,-17.994052683638635,-17.12659747307027
-66.93300884331549,0.2230950934349225,-0.6693300884331549,-18.60784285722454,-17.70386934250399
-66.93300884331549,0.22680540531193333,-0.6693300884331549,-19.23192661973846,-18.307663217128557
-66.93300884331549,0.23051571718894417,-0.6693300884331549,-19.8663039711804,-18.939152786189148
-66.93300884331549,0.23422602906595502,-0.6693300884331549,-20.510974911550356,-19.59922877073589
-66.93300884331549,0.23793634094296587,-0.6693300884331549,-21.165939440848334,-20.288374476432644
-66.93300884331549,0.2416466528199767,-0.6693300884331549,-21.83119755907432,-21.00650111605936
-66.93300884331549,0.24535696469698753,-0.6693300884331549,-22.50674926622833,-21.752751231712296
-66.93300884331549,0.24906727657399838,-0.6693300884331549,-23.192594562310354,-22.52528919484189
-66.93300884331549,0.2527775884510092,-0.6693300884331549,-23.8887334473204,-23.321108910111946
-66.93300884331549,0.25648790032802005,-0.6693300884331549,-24.595165921258452,-24.135897662569086
-66.93300884331549,0.2601982122050309,-0.6693300884331549,-25.31189198412454,-24.963997980673298
-66.93300884331549,0.26390852408204174,-0.6693300884331549,-26.038911635918627,-25.79850321572919
-66.93300884331549,0.26761883595905256,-0.6693300884331549,-26.77622487664073,-26.631505849310535
-66.93300884331549,0.27132914783606343,-0.6693300884331549,-27.523831706290867,-27.454492109807177
-66.93300884331549,0.27503945971307425,-0.6693300884331549,-28.28173212486901,-28.258847677695357
-66.93300884331549,0.27874977159008507,-0.6693300884331549,-29.049926132375166,-29.036414845152713
-66.93300884331549,0.28246008346709595,-0.6693300884331549,-29.828413728809355,-29.780028930836743
-66.93300884331549,0.28617039534410676,-0.6693300884331549,-30.617194914171545,-30.483965156755232
-66.93300884331549,0.28988070722111764,-0.6693300884331549,-31.416269688461767,-31.144245533153075
-66.93300884331549,0.29359101909812846,-0.6693300884331549,-32.225638051679994,-31.75878280956941
-66.93300884331549,0.2973013309751393,-0.6693300884331549,-33.045300003826235,-32.32736721001152
-66.93300884331549,0.30101164285215015,-0.6693300884331549,-33.87525554490051,-32.851524306575904
-66.93300884331549,0.30472195472916097,-0.6693300884331549,-34.71550467490279,-33.334284926778096
-65.54513199184645,0.011607316445304631,-0.6554513199184645,-0.04999691521581837,0.19254625238717704
-65.54513199184645,0.015317628322315471,-0.6554513199184645,-0.08706881119783541,0.09671324042840812
-65.54513199184645,0.01902794019932631,-0.6554513199184645,-0.13435787175734887,-0.0002905760809897018
-65.54513199184645,0.02273825207633715,-0.6554513199184645,-0.19186409689435877,-0.09878054617620347
-65.54513199184645,0.02644856395334799,-0.6554513199184645,-0.25958748660886516,-0.19911774551525596
-65.54513199184645,0.03015887583035883,-0.6554513199184645,-0.337528040900868,-0.301712780972907
-65.54513199184645,0.03386918770736967,-0.6554513199184645,-0.4256857597703674,-0.40702968656952354
-65.54513199184645,0.03757949958438051,-0.6554513199184645,-0.524060643217363,-0.5155898161926684
-65.54513199184645,0.04128981146139135,-0.6554513199184645,-0.6326526912418553,-0.6279755973616945
-65.54513199184645,0.04500012333840219,-0.6554513199184645,-0.7514619038438439,-0.7448339586568977
-65.54513199184645,0.04871043521541303,-0.6554513199184645,-0.880488281023329,-0.8668791802560065
-65.54513199184645,0.05242074709242387,-0.6554513199184645,-1.0197318227803105,-0.9948948417475822
-65.54513199184645,0.05613105896943471,-0.6554513199184645,-1.1691925291147884,-1.1297344545398484
-65.54513199184645,0.05984137084644555,-0.6554513199184645,-1.3288704000267628,-1.27232026999876
-65.54513199184645,0.06355168272345639,-0.6554513199184645,-1.4987654355162339,-1.4236396537713345
-65.54513199184645,0.06726199460046722,-0.6554513199184645,-1.6788776355832007,-1.5847383200714056
-65.54513199184645,0.07097230647747807,-0.6554513199184645,-1.8692070002276646,-1.7567096403295972
-65.54513199184645,0.0746826183544889,-0.6554513199184645,-2.069753529449625,-1.9406791977248075
-65.54513199184645,0.07839293023149975,-0.6554513199184645,-2.2805172232490816,-2.137783778438971
-65.54513199184645,0.08210324210851058,-0.6554513199184645,-2.5014980816260346,-2.3491441039354424
-65.54513199184645,0.08581355398552143,-0.6554513199184645,-2.7326961045804845,-2.5758308522727624
-65.54513199184645,0.08952386586253226,-0.6554513199184645,-2.97411129211243,-2.818823926179599
-65.54513199184645,0.09323417773954311,-0.6554513199184645,-3.2257436442218728,-3.078965528848511
-65.54513199184645,0.09694448961655394,-0.6554513199184645,-3.4875931609088116,-3.3569084129870124
-65.54513199184645,0.10065480149356479,-0.6554513199184645,-3.759659842173247,-3.6530616484981637
-65.54513199184645,0.10436511337057562,-0.6554513199184645,-4.041943688015179,-3.9675373346679423
-65.54513199184645,0.10807542524758647,-0.6554513199184645,-4.3344446984346074,-4.300102730614633
-65.54513199184645,0.1117857371245973,-0.6554513199184645,-4.6371628734315316,-4.650143101572831
-65.54513199184645,0.11549604900160815,-0.6554513199184645,-4.950098213005953,-5.016640947110338
-65.54513199184645,0.11920636087861898,-0.6554513199184645,-5.27325071715787,-5.398176960066655
-65.54513199184645,0.12291667275562983,-0.6554513199184645,-5.606620385887285,-5.7929568926360835
-65.54513199184645,0.12662698463264066,-0.6554513199184645,-5.950207219194195,-6.198866439828297
-65.54513199184645,0.1303372965096515,-0.6554513199184645,-6.304011217078602,-6.61355343836853
-65.54513199184645,0.13404760838666235,-0.6554513199184645,-6.668032379540506,-7.034533472586968
-65.54513199184645,0.13775792026367317,-0.6554513199184645,-7.042270706579904,-7.459311891487617
-65.54513199184645,0.14146823214068402,-0.6554513199184645,-7.426726198196802,-7.885512845187523
-65.54513199184645,0.14517854401769487,-0.6554513199184645,-7.821398854391194,-8.311004733804037
-65.54513199184645,0.1488888558947057,-0.6554513199184645,-8.226288675163085,-8.734011698736122
-65.54513199184645,0.15259916777171653,-0.6554513199184645,-8.641395660512467,-9.153202446303975
-65.54513199184645,0.15630947964872738,-0.6554513199184645,-9.06671981043935,-9.567750452685829
-65.54513199184645,0.16001979152573823,-0.6554513199184645,-9.50226112494373,-9.97736292767156
-65.54513199184645,0.16373010340274907,-0.6554513199184645,-9.948019604025605,-10.382279221316328
-65.54513199184645,0.1674404152797599,-0.6554513199184645,-10.403995247684975,-10.783242133527093
-65.54513199184645,0.17115072715677074,-0.6554513199184645,-10.870188055921842,-11.181447508585018
-65.54513199184645,0.17486103903378158,-0.6554513199184645,-11.346598028736208,-11.578478462111619
-65.54513199184645,0.17857135091079243,-0.6554513199184645,-11.83322516612807,-11.976230687685636
-65.54513199184645,0.18228166278780325,-0.6554513199184645,-12.330069468097426,-12.376834739499103
-65.54513199184645,0.1859919746648141,-0.6554513199184645,-12.837130934644279,-12.782580245508276
-65.54513199184645,0.18970228654182494,-0.6554513199184645,-13.35440956576863,-13.195845907115087
-65.54513199184645,0.1934125984188358,-0.6554513199184645,-13.88190536147048,-13.619038051818938
-65.54513199184645,0.1971229102958466,-0.6554513199184645,-14.41961832174982,-14.05453950257528
-65.54513199184645,0.20083322217285746,-0.6554513199184645,-14.967548446606658,-14.504669606926422
-65.54513199184645,0.2045435340498683,-0.6554513199184645,-15.525695736040994,-14.971655362543592
-65.54513199184645,0.20825384592687915,-0.6554513199184645,-16.09406019005283,-15.457612583015168
-65.54513199184645,0.21196415780388997,-0.6554513199184645,-16.672641808642155,-15.964534871669477
-65.54513199184645,0.21567446968090082,-0.6554513199184645,-17.26144059180898,-16.49428675995814
-65.54513199184645,0.21938478155791166,-0.6554513199184645,-17.860456539553304,-17.0485957570096
-65.54513199184645,0.2230950934349225,-0.6554513199184645,-18.46968965187512,-17.629036415733196
-65.54513199184645,0.22680540531193333,-0.6554513199184645,-19.089139928774433,-18.236998179330023
-65.54513199184645,0.23051571718894417,-0.6554513199184645,-19.718807370251245,-18.87362823477538
-65.54513199184645,0.23422602906595502,-0.6554513199184645,-20.358691976305554,-19.539741511096764
-65.54513199184645,0.23793634094296587,-0.6554513199184645,-21.00879374693736,-20.235693001355422
-65.54513199184645,0.2416466528199767,-0.6554513199184645,-21.669112682146658,-20.961213281182985
-65.54513199184645,0.24535696469698753,-0.6554513199184645,-22.339648781933455,-21.715216516905535
-65.54513199184645,0.24906727657399838,-0.6554513199184645,-23.02040204629775,-22.49560068213127
-65.54513199184645,0.2527775884510092,-0.6554513199184645,-23.711372475239543,-23.299070341116938
-65.54513199184645,0.25648790032802005,-0.6554513199184645,-24.412560068758822,-24.12102033699454
-65.54513199184645,0.2601982122050309,-0.6554513199184645,-25.123964826855616,-24.955520571029794
-65.54513199184645,0.26390852408204174,-0.6554513199184645,-25.845586749529886,-25.795434783089036
-65.54513199184645,0.26761883595905256,-0.6554513199184645,-26.577425836781657,-26.632688800161255
-65.54513199184645,0.27132914783606343,-0.6554513199184645,-27.319482088610936,-27.45867827137544
-65.54513199184645,0.27503945971307425,-0.6554513199184645,-28.071755505017705,-28.264778041430752
-65.54513199184645,0.27874977159008507,-0.6554513199184645,-28.83424608600196,-29.042892669855988
-65.54513199184645,0.28246008346709595,-0.6554513199184645,-29.606953831563732,-29.78597716560016
-65.54513199184645,0.28617039534410676,-0.6554513199184645,-30.389878741702983,-30.488462230940698
-65.54513199184645,0.28988070722111764,-0.6554513199184645,-31.183020816419745,-31.14653759300583
-65.54513199184645,0.29359101909812846,-0.6554513199184645,-31.98638005571399,-31.758274369426395
-65.54513199184645,0.2973013309751393,-0.6554513199184645,-32.79995645958574,-32.32359503606611
-65.54513199184645,0.30101164285215015,-0.6554513199184645,-33.62375002803499,-32.84412073586784
-65.54513199184645,0.30472195472916097,-0.6554513199184645,-34.45776076106172,-33.3229368205464
-64.15725514037742,0.011607316445304631,-0.6415725514037741,-0.049622938488280484,0.14845186598783666
-64.15725514037742,0.015317628322315471,-0.6415725514037741,-0.08641753683537078,0.053930164247161905
-64.15725514037742,0.01902794019932631,-0.6415725514037741,-0.13335287540943677,-0.04170317548279456
-64.15725514037742,0.02273825207633715,-0.6415725514037741,-0.1904289542104785,-0.13876206803374824
-64.15725514037742,0.02644856395334799,-0.6415725514037741,-0.257645773238496,-0.23760568495358303
-64.15725514037742,0.03015887583035883,-0.6415725514037741,-0.33500333249348924,-0.3386422156606095
-64.15725514037742,0.03386918770736967,-0.6415725514037741,-0.42250163197545826,-0.4423327270702826
-64.15725514037742,0.03757949958438051,-0.6415725514037741,-0.5201406716844029,-0.5491950304608624
-64.15725514037742,0.04128981146139135,-0.6415725514037741,-0.6279204516203234,-0.6598074240239011
-64.15725514037742,0.04500012333840219,-0.6415725514037741,-0.7458409717832196,-0.7748121289523526
-64.15725514037742,0.04871043521541303,-0.6415725514037741,-0.8739022321730915,-0.8949181749020072
-64.15725514037742,0.05242074709242387,-0.6415725514037741,-1.0121042327899392,-1.0209034166183013
-64.15725514037742,0.05613105896943471,-0.6415725514037741,-1.1604469736337626,-1.153615277859128
-64.15725514037742,0.05984137084644555,-0.6415725514037741,-1.3189304547045617,-1.2939697235323475
-64.15725514037742,0.06355168272345639,-0.6415725514037741,-1.4875546760023366,-1.4429478607764494
-64.15725514037742,0.06726199460046722,-0.6415725514037741,-1.6663196375270868,-1.60158947265767
-64.15725514037742,0.07097230647747807,-0.6415725514037741,-1.8552253392788132,-1.7709827070432338
-64.15725514037742,0.0746826183544889,-0.6415725514037741,-2.054271781257515,-1.9522490966166046
-64.15725514037742,0.07839293023149975,-0.6415725514037741,-2.263458963463193,-2.14652309897658
-64.15725514037742,0.08210324210851058,-0.6415725514037741,-2.4827868858958464,-2.3549254496060232
-64.15725514037742,0.08581355398552143,-0.6415725514037741,-2.712255548555476,-2.5785298509306376
-64.15725514037742,0.08952386586253226,-0.6415725514037741,-2.9518649514420807,-2.8183229135630707
-64.15725514037742,0.09323417773954311,-0.6415725514037741,-3.2016150945556614,-3.075157849602724
-64.15725514037742,0.09694448961655394,-0.6415725514037741,-3.461505977896218,-3.3497032025184508
-64.15725514037742,0.10065480149356479,-0.6415725514037741,-3.7315376014637502,-3.6423888611978006
-64.15725514037742,0.10436511337057562,-0.6415725514037741,-4.011709965258258,-3.9533526776756123
-64.15725514037742,0.10807542524758647,-0.6415725514037741,-4.302023069279742,-4.2823920615176565
-64.15725514037742,0.1117857371245973,-0.6415725514037741,-4.602476913528201,-4.628925773059813
-64.15725514037742,0.11549604900160815,-0.6415725514037741,-4.913071498003636,-4.991971554936552
-64.15725514037742,0.11920636087861898,-0.6415725514037741,-5.233806822706047,-5.370144995097846
-64.15725514037742,0.12291667275562983,-0.6415725514037741,-5.564682887635434,-5.761683928392605
-64.15725514037742,0.12662698463264066,-0.6415725514037741,-5.905699692791796,-6.164500705065596
-64.15725514037742,0.1303372965096515,-0.6415725514037741,-6.256857238175134,-6.576261912093619
-64.15725514037742,0.13404760838666235,-0.6415725514037741,-6.618155523785449,-6.994491959224036
-64.15725514037742,0.13775792026367317,-0.6415725514037741,-6.989594549622737,-7.416693835088804
-64.15725514037742,0.14146823214068402,-0.6415725514037741,-7.371174315687003,-7.840477868730192
-64.15725514037742,0.14517854401769487,-0.6415725514037741,-7.762894821978244,-8.263687998312589
-64.15725514037742,0.1488888558947057,-0.6415725514037741,-8.16475606849646,-8.684515145493576
-64.15725514037742,0.15259916777171653,-0.6415725514037741,-8.576758055241651,-9.10158882084901
-64.15725514037742,0.15630947964872738,-0.6415725514037741,-8.998900782213822,-9.514040745136342
-64.15725514037742,0.16001979152573823,-0.6415725514037741,-9.431184249412965,-9.921537550158465
-64.15725514037742,0.16373010340274907,-0.6415725514037741,-9.873608456839087,-10.324282932515631
-64.15725514037742,0.1674404152797599,-0.6415725514037741,-10.32617340449218,-10.722992454590207
-64.15725514037742,0.17115072715677074,-0.6415725514037741,-10.78887909237225,-11.118846177691067
-64.15725514037742,0.17486103903378158,-0.6415725514037741,-11.261725520479299,-11.513425349416957
-64.15725514037742,0.17857135091079243,-0.6415725514037741,-11.74471268881332,-11.908639524924059
-64.15725514037742,0.18228166278780325,-0.6415725514037741,-12.23784059737432,-12.3066499855584
-64.15725514037742,0.1859919746648141,-0.6415725514037741,-12.741109246162292,-12.709794385842612
-64.15725514037742,0.18970228654182494,-0.6415725514037741,-13.254518635177243,-13.120516450512705
-64.15725514037742,0.1934125984188358,-0.6415725514037741,-13.77806876441917,-13.54130343166542
-64.15725514037742,0.1971229102958466,-0.6415725514037741,-14.31175963388807,-13.974633011329939
-64.15725514037742,0.20083322217285746,-0.6415725514037741,-14.855591243583945,-14.422930403144685
-64.15725514037742,0.2045435340498683,-0.6415725514037741,-15.4095635935068,-14.88853550994718
-64.15725514037742,0.20825384592687915,-0.6415725514037741,-15.97367668365663,-15.373679037980425
-64.15725514037742,0.21196415780388997,-0.6415725514037741,-16.547930514033432,-15.880465359364843
-64.15725514037742,0.21567446968090082,-0.6415725514037741,-17.132325084637213,-16.410858599933142
-64.15725514037742,0.21938478155791166,-0.6415725514037741,-17.72686039546797,-16.96666694208644
-64.15725514037742,0.2230950934349225,-0.6415725514037741,-18.3315364465257,-17.549518632775666
-64.15725514037742,0.22680540531193333,-0.6415725514037741,-18.946353237810403,-18.160821997590816
-64.15725514037742,0.23051571718894417,-0.6415725514037741,-19.57131076932209,-18.801701377138375
-64.15725514037742,0.23422602906595502,-0.6415725514037741,-20.20640904106075,-19.472901950518313
-64.15725514037742,0.23793634094296587,-0.6415725514037741,-20.851648053026384,-20.174659549311748
-64.15725514037742,0.2416466528199767,-0.6415725514037741,-21.50702780521899,-20.906537276655506
-64.15725514037742,0.24535696469698753,-0.6415725514037741,-22.172548297638578,-21.667239044194943
-64.15725514037742,0.24906727657399838,-0.6415725514037741,-22.84820953028514,-22.45442023509498
-64.15725514037742,0.2527775884510092,-0.6415725514037741,-23.53401150315868,-23.264525748368307
-64.15725514037742,0.25648790032802005,-0.6415725514037741,-24.229954216259188,-24.092692812573254
-64.15725514037742,0.2601982122050309,-0.6415725514037741,-24.936037669586685,-24.932756820148988
-64.15725514037742,0.26390852408204174,-0.6415725514037741,-25.652261863141145,-25.777390281494185
-64.15725514037742,0.26761883595905256,-0.6415725514037741,-26.37862679692258,-26.618387118812812
-64.15725514037742,0.27132914783606343,-0.6415725514037741,-27.115132470931,-27.447079369620205
-64.15725514037742,0.27503945971307425,-0.6415725514037741,-27.861778885166395,-28.25484662919019
-64.15725514037742,0.27874977159008507,-0.6415725514037741,-28.618566039628753,-29.03365765383063
-64.15725514037742,0.28246008346709595,-0.6415725514037741,-29.385493934318106,-29.776574962802798
-64.15725514037742,0.28617039534410676,-0.6415725514037741,-30.162562569234417,-30.478159889146028
-64.15725514037742,0.28988070722111764,-0.6415725514037741,-30.949771944377723,-31.134735321567632
-64.15725514037742,0.29359101909812846,-0.6415725514037741,-31.747122059747987,-31.744490304742435
-64.15725514037742,0.2973013309751393,-0.6415725514037741,-32.55461291534523,-32.307437165360554
-64.15725514037742,0.30101164285215015,-0.6415725514037741,-33.37224451116946,-32.8252516558673
-64.15725514037742,0.30472195472916097,-0.6415725514037741,-34.20001684722065,-33.30103661260907
-62.769378288908385,0.011607316445304631,-0.6276937828890838,-0.049248961760742616,0.10110467406862256
-62.769378288908385,0.015317628322315471,-0.6276937828890838,-0.08576626247290617,0.00798023783500934
-62.769378288908385,0.01902794019932631,-0.6276937828890838,-0.13234787906152473,-0.08620549065740324
-62.769378288908385,0.02273825207633715,-0.6276937828890838,-0.1889938115265983,-0.181765815093355
-62.769378288908385,0.02644856395334799,-0.6276937828890838,-0.25570405986812694,-0.2790587791585555
-62.769378288908385,0.03015887583035883,-0.6276937828890838,-0.33247862408611056,-0.37849087099704004
-62.769378288908385,0.03386918770736967,-0.6276937828890838,-0.41931750418054936,-0.4805208304520425
-62.769378288908385,0.03757949958438051,-0.6276937828890838,-0.5162207001514431,-0.5856634705708963
-62.769378288908385,0.04128981146139135,-0.6276937828890838,-0.6231882119987917,-0.6944933854000039
-62.769378288908385,0.04500012333840219,-0.6276937828890838,-0.7402200397225955,-0.8076483665616809
-62.769378288908385,0.04871043521541303,-0.6276937828890838,-0.8673161833228543,-0.9258322903382812
-62.769378288908385,0.05242074709242387,-0.6276937828890838,-1.0044766427995682,-1.049817164358502
-62.769378288908385,0.05613105896943471,-0.6276937828890838,-1.151701418152737,-1.1804439388250483
-62.769378288908385,0.05984137084644555,-0.6276937828890838,-1.3089905093823608,-1.3186215934724856
-62.769378288908385,0.06355168272345639,-0.6276937828890838,-1.4763439164884398,-1.465323912447844
-62.769378288908385,0.06726199460046722,-0.6276937828890838,-1.653761639470973,-1.6215832628403142
-62.769378288908385,0.07097230647747807,-0.6276937828890838,-1.8412436783299624,-1.7884806109792724
-62.769378288908385,0.0746826183544889,-0.6276937828890838,-2.038790033065406,-1.9671309618349708
-62.769378288908385,0.07839293023149975,-0.6276937828890838,-2.2464007036773053,-2.1586634152019215
-62.769378288908385,0.08210324210851058,-0.6276937828890838,-2.464075690165659,-2.3641951283398903
-62.769378288908385,0.08581355398552143,-0.6276937828890838,-2.6918149925304684,-2.584798693438156
-62.769378288908385,0.08952386586253226,-0.6276937828890838,-2.9296186107717324,-2.8214628151906016
-62.769378288908385,0.09323417773954311,-0.6276937828890838,-3.1774865448894514,-3.0750467377734205
-62.769378288908385,0.09694448961655394,-0.6276937828890838,-3.4354187948836254,-3.346229633096671
-62.769378288908385,0.10065480149356479,-0.6276937828890838,-3.7034153607542546,-3.6354571038822385
-62.769378288908385,0.10436511337057562,-0.6276937828890838,-3.9814762425013384,-3.942888011056106
-62.769378288908385,0.10807542524758647,-0.6276937828890838,-4.2696014401248785,-4.268345883875579
-62.769378288908385,0.1117857371245973,-0.6276937828890838,-4.567790953624872,-4.611280033920305
-62.769378288908385,0.11549604900160815,-0.6276937828890838,-4.876044783001321,-4.970741948114479
-62.769378288908385,0.11920636087861898,-0.6276937828890838,-5.194362928254225,-5.34538235160584
-62.769378288908385,0.12291667275562983,-0.6276937828890838,-5.522745389383585,-5.733473328113961
-62.769378288908385,0.12662698463264066,-0.6276937828890838,-5.861192166389399,-6.132957999323374
-62.769378288908385,0.1303372965096515,-0.6276937828890838,-6.209703259271668,-6.541527607298979
-62.769378288908385,0.13404760838666235,-0.6276937828890838,-6.568278668030393,-6.9567227260931075
-62.769378288908385,0.13775792026367317,-0.6276937828890838,-6.9369183926655715,-7.376052231819919
-62.769378288908385,0.14146823214068402,-0.6276937828890838,-7.315622433177206,-7.7971211441536825
-62.769378288908385,0.14517854401769487,-0.6276937828890838,-7.704390789565296,-8.217757020546303
-62.769378288908385,0.1488888558947057,-0.6276937828890838,-8.10322346182984,-8.636124548937062
-62.769378288908385,0.15259916777171653,-0.6276937828890838,-8.512120449970839,-9.050819372228293
-62.769378288908385,0.15630947964872738,-0.6276937828890838,-8.931081753988293,-9.46093471888333
-62.769378288908385,0.16001979152573823,-0.6276937828890838,-9.360107373882204,-9.866097617208982
-62.769378288908385,0.16373010340274907,-0.6276937828890838,-9.79919730965257,-10.26647475608659
-62.769378288908385,0.1674404152797599,-0.6276937828890838,-10.248351561299385,-10.662750898426621
-62.769378288908385,0.17115072715677074,-0.6276937828890838,-10.707570128822661,-11.056084798450446
-62.769378288908385,0.17486103903378158,-0.6276937828890838,-11.176853012222393,-11.448048677581195
-62.769378288908385,0.17857135091079243,-0.6276937828890838,-11.656200211498577,-11.840557532129269
-62.769378288908385,0.18228166278780325,-0.6276937828890838,-12.145611726651216,-12.235794072341127
-62.769378288908385,0.1859919746648141,-0.6276937828890838,-12.64508755768031,-12.636134179383024
-62.769378288908385,0.18970228654182494,-0.6276937828890838,-13.154627704585861,-13.044076655977184
-62.769378288908385,0.1934125984188358,-0.6276937828890838,-13.674232167367867,-13.46217991960276
-62.769378288908385,0.1971229102958466,-0.6276937828890838,-14.203900946026325,-13.893007244183652
-62.769378288908385,0.20083322217285746,-0.6276937828890838,-14.743634040561238,-14.33908121475431
-62.769378288908385,0.2045435340498683,-0.6276937828890838,-15.293431450972609,-14.802847172071422
-62.769378288908385,0.20825384592687915,-0.6276937828890838,-15.853293177260436,-15.286644504974312
-62.769378288908385,0.21196415780388997,-0.6276937828890838,-16.423219219424713,-15.792683608825005
-62.769378288908385,0.21567446968090082,-0.6276937828890838,-17.003209577465448,-16.323025116905562
-62.769378288908385,0.21938478155791166,-0.6276937828890838,-17.59326425138264,-16.87955665711138
-62.769378288908385,0.2230950934349225,-0.6276937828890838,-18.193383241176285,-17.46396104109783
-62.769378288908385,0.22680540531193333,-0.6276937828890838,-18.80356654684638,-18.077668766911927
-62.769378288908385,0.23051571718894417,-0.6276937828890838,-19.423814168392937,-18.72178748525056
-62.769378288908385,0.23422602906595502,-0.6276937828890838,-20.05412610581595,-19.3970022490118
-62.769378288908385,0.23793634094296587,-0.6276937828890838,-20.694502359115415,-20.103443559692614
-62.769378288908385,0.2416466528199767,-0.6276937828890838,-21.34494292829133,-20.840525881870647
-62.769378288908385,0.24535696469698753,-0.6276937828890838,-22.005447813343707,-21.606767381713453
-62.769378288908385,0.24906727657399838,-0.6276937828890838,-22.67601701427254,-22.399611320356605
-62.769378288908385,0.2527775884510092,-0.6276937828890838,-23.35665053107783,-23.215278936252048
-62.769378288908385,0.25648790032802005,-0.6276937828890838,-24.04734836375956,-24.048689967214266
-62.769378288908385,0.2601982122050309,-0.6276937828890838,-24.748110512317766,-24.893486986654096
-62.769378288908385,0.26390852408204174,-0.6276937828890838,-25.45893697675241,-25.742190957586097
-62.769378288908385,0.26761883595905256,-0.6276937828890838,-26.17982775706351,-26.586497407657554
-62.769378288908385,0.27132914783606343,-0.6276937828890838,-26.910782853251078,-27.417698045608695
-62.769378288908385,0.27503945971307425,-0.6276937828890838,-27.65180226531509,-28.227187133523017
-62.769378288908385,0.27874977159008507,-0.6276937828890838,-28.402885993255556,-29.006992635281243
-62.769378288908385,0.28246008346709595,-0.6276937828890838,-29.16403403707249,-29.75026509167717
-62.769378288908385,0.28617039534410676,-0.6276937828890838,-29.935246396765862,-30.45166472512156
-62.769378288908385,0.28988070722111764,-0.6276937828890838,-30.716523072335708,-31.107607173158385
-62.769378288908385,0.29359101909812846,-0.6276937828890838,-31.50786406378199,-31.71635450097235
-62.769378288908385,0.2973013309751393,-0.6276937828890838,-32.30926937110473,-32.27796351081312
-62.769378288908385,0.30101164285215015,-0.6276937828890838,-33.12073899430394,-32.794122015896555
-62.769378288908385,0.30472195472916097,-0.6276937828890838,-33.94227293337959,-33.267912866346855
-61.38150143743935,0.011607316445304631,-0.6138150143743935,-0.04887498503320473,0.05086481194255743
-61.38150143743935,0.015317628322315471,-0.6138150143743935,-0.08511498811044153,-0.04076762237217846
-61.38150143743935,0.01902794019932631,-0.6138150143743935,-0.13134288271361264,-0.13342000454152192
-61.38150143743935,0.02273825207633715,-0.6138150143743935,-0.18755866884271802,-0.22740569253905907
-61.38150143743935,0.02644856395334799,-0.6138150143743935,-0.2537623464977578,-0.3230822047340798
-61.38150143743935,0.03015887583035883,-0.6138150143743935,-0.32995391567873184,-0.4208548550236202
-61.38150143743935,0.03386918770736967,-0.6138150143743935,-0.41613337638564024,-0.521180492567308
-61.38150143743935,0.03757949958438051,-0.6138150143743935,-0.5123007286184829,-0.6245712598354167
-61.38150143743935,0.04128981146139135,-0.6138150143743935,-0.6184559723772599,-0.7315982440993558
-61.38150143743935,0.04500012333840219,-0.6138150143743935,-0.7345991076619712,-0.8428948490710191
-61.38150143743935,0.04871043521541303,-0.6138150143743935,-0.8607301344726168,-0.9591596539970935
-61.38150143743935,0.05242074709242387,-0.6138150143743935,-0.9968490528091968,-1.0811584565045163
-61.38150143743935,0.05613105896943471,-0.6138150143743935,-1.142955862671711,-1.209725113168762
-61.38150143743935,0.05984137084644555,-0.6138150143743935,-1.2990505640601595,-1.3457606999694027
-61.38150143743935,0.06355168272345639,-0.6138150143743935,-1.4651331569745425,-1.4902304176644448
-61.38150143743935,0.06726199460046722,-0.6138150143743935,-1.6412036414148592,-1.6441575721224577
-61.38150143743935,0.07097230647747807,-0.6138150143743935,-1.8272620173811107,-1.8086138786638362
-61.38150143743935,0.0746826183544889,-0.6138150143743935,-2.0233082848732966,-1.984705289802159
-61.38150143743935,0.07839293023149975,-0.6138150143743935,-2.2293424438914164,-2.173552550936914
-61.38150143743935,0.08210324210851058,-0.6138150143743935,-2.445364494435471,-2.3762657781113523
-61.38150143743935,0.08581355398552143,-0.6138150143743935,-2.67137443650546,-2.5939125600286177
-61.38150143743935,0.08952386586253226,-0.6138150143743935,-2.9073722701013827,-2.8274794479597176
-61.38150143743935,0.09323417773954311,-0.6138150143743935,-3.15335799522324,-3.0778272407371086
-61.38150143743935,0.09694448961655394,-0.6138150143743935,-3.4093316118710315,-3.345641210168753
-61.38150143743935,0.10065480149356479,-0.6138150143743935,-3.6752931200447576,-3.6313783279711194
-61.38150143743935,0.10436511337057562,-0.6138150143743935,-3.951242519744418,-3.9352145882712266
-61.38150143743935,0.10807542524758647,-0.6138150143743935,-4.237179810970013,-4.256996554882296
-61.38150143743935,0.1117857371245973,-0.6138150143743935,-4.533104993721541,-4.596202128121509
-61.38150143743935,0.11549604900160815,-0.6138150143743935,-4.839018067999005,-4.9519160064785055
-61.38150143743935,0.11920636087861898,-0.6138150143743935,-5.154919033802402,-5.3228251884617706
-61.38150143743935,0.12291667275562983,-0.6138150143743935,-5.480807891131734,-5.707238937668462
-61.38150143743935,0.12662698463264066,-0.6138150143743935,-5.816684639987,-6.103135846732789
-61.38150143743935,0.1303372965096515,-0.6138150143743935,-6.1625492803682,-6.508238077926582
-61.38150143743935,0.13404760838666235,-0.6138150143743935,-6.518401812275336,-6.920109819300579
-61.38150143743935,0.13775792026367317,-0.6138150143743935,-6.884242235708403,-7.336273934775652
-61.38150143743935,0.14146823214068402,-0.6138150143743935,-7.2600705506674075,-7.754338249453254
-61.38150143743935,0.14517854401769487,-0.6138150143743935,-7.645886757152345,-8.172121399785624
-61.38150143743935,0.1488888558947057,-0.6138150143743935,-8.041690855163218,-8.587768016722446
-61.38150143743935,0.15259916777171653,-0.6138150143743935,-8.447482844700023,-8.99984425069714
-61.38150143743935,0.15630947964872738,-0.6138150143743935,-8.863262725762764,-9.407407051117072
-61.38150143743935,0.16001979152573823,-0.6138150143743935,-9.289030498351439,-9.810043714662717
-61.38150143743935,0.16373010340274907,-0.6138150143743935,-9.72478616246605,-10.207881451107173
-61.38150143743935,0.1674404152797599,-0.6138150143743935,-10.17052971810659,-10.601569559740017
-61.38150143743935,0.17115072715677074,-0.6138150143743935,-10.626261165273068,-10.99223889536619
-61.38150143743935,0.17486103903378158,-0.6138150143743935,-11.091980503965482,-11.3814444692024
-61.38150143743935,0.17857135091079243,-0.6138150143743935,-11.567687734183828,-11.77109731323434
-61.38150143743935,0.18228166278780325,-0.6138150143743935,-12.053382855928108,-12.16339131478079
-61.38150143743935,0.1859919746648141,-0.6138150143743935,-12.549065869198323,-12.560729845635457
-61.38150143743935,0.18970228654182494,-0.6138150143743935,-13.054736773994474,-12.965655908110193
-61.38150143743935,0.1934125984188358,-0.6138150143743935,-13.57039557031656,-13.380788386113553
-61.38150143743935,0.1971229102958466,-0.6138150143743935,-14.096042258164575,-13.808765932650607
-61.38150143743935,0.20083322217285746,-0.6138150143743935,-14.631676837538526,-14.252199075368825
-61.38150143743935,0.2045435340498683,-0.6138150143743935,-15.177299308438414,-14.71363024312878
-61.38150143743935,0.20825384592687915,-0.6138150143743935,-15.732909670864236,-15.195500533511543
-61.38150143743935,0.21196415780388997,-0.6138150143743935,-16.29850792481599,-15.700121071748514
-61.38150143743935,0.21567446968090082,-0.6138150143743935,-16.87409407029368,-16.229645706219284
-61.38150143743935,0.21938478155791166,-0.6138150143743935,-17.459668107297304,-16.786040569735
-61.38150143743935,0.2230950934349225,-0.6138150143743935,-18.055230035826863,-17.371044851737064
-61.38150143743935,0.22680540531193333,-0.6138150143743935,-18.660779855882353,-17.986116267081766
-61.38150143743935,0.23051571718894417,-0.6138150143743935,-19.27631756746378,-18.632354624356605
-61.38150143743935,0.23422602906595502,-0.6138150143743935,-19.90184317057114,-19.31039816443769
-61.38150143743935,0.23793634094296587,-0.6138150143743935,-20.537356665204438,-20.020290543735747
-61.38150143743935,0.2416466528199767,-0.6138150143743935,-21.182858051363667,-20.761321872590976
-61.38150143743935,0.24535696469698753,-0.6138150143743935,-21.83834732904883,-21.531855010304874
-61.38150143743935,0.24906727657399838,-0.6138150143743935,-22.50382449825993,-22.329157505254727
-61.38150143743935,0.2527775884510092,-0.6138150143743935,-23.179289558996967,-23.14926830988869
-61.38150143743935,0.25648790032802005,-0.6138150143743935,-23.864742511259927,-23.98693397038869
-61.38150143743935,0.2601982122050309,-0.6138150143743935,-24.56018335504884,-24.835648353295916
-61.38150143743935,0.26390852408204174,-0.6138150143743935,-25.265612090363668,-25.687820851126837
-61.38150143743935,0.26761883595905256,-0.6138150143743935,-25.98102871720443,-26.535080180851843
-61.38150143743935,0.27132914783606343,-0.6138150143743935,-26.706433235571144,-27.368697086947833
-61.38150143743935,0.27503945971307425,-0.6138150143743935,-27.44182564546378,-28.180085021538105
-61.38150143743935,0.27874977159008507,-0.6138150143743935,-28.187205946882347,-28.961319998817544
-61.38150143743935,0.28246008346709595,-0.6138150143743935,-28.942574139826863,-29.705614885917065
-61.38150143743935,0.28617039534410676,-0.6138150143743935,-29.707930224297296,-30.40769144269008
-61.38150143743935,0.28988070722111764,-0.6138150143743935,-30.483274200293682,-31.064013065386213
-61.38150143743935,0.29359101909812846,-0.6138150143743935,-31.268606067815988,-31.67286659766272
-61.38150143743935,0.2973013309751393,-0.6138150143743935,-32.06392582686423,-32.2343058536617
-61.38150143743935,0.30101164285215015,-0.6138150143743935,-32.869233477438414,-32.749987178162456
-61.38150143743935,0.30472195472916097,-0.6138150143743935,-33.68452901953852,-33.222935875455995
-59.993624585970316,0.011607316445304631,-0.5999362458597032,-0.04850100830566686,-0.0018579646750085388
-59.993624585970316,0.015317628322315471,-0.5999362458597032,-0.08446371374797691,-0.0918978757874882
-59.993624585970316,0.01902794019932631,-0.5999362458597032,-0.13033788636570057,-0.1829255239171479
-59.993624585970316,0.02273825207633715,-0.5999362458597032,-0.1861235261588378,-0.27525480243534606
-59.993624585970316,0.02644856395334799,-0.5999362458597032,-0.25182063312738867,-0.3692431074595879
-59.993624585970316,0.03015887583035883,-0.5999362458597032,-0.3274292072713531,-0.4652948918609505
-59.993624585970316,0.03386918770736967,-0.5999362458597032,-0.41294924859073123,-0.5638653235367679
-59.993624585970316,0.03757949958438051,-0.5999362458597032,-0.5083807570855229,-0.6654639635221438
-59.993624585970316,0.04128981146139135,-0.5999362458597032,-0.6137237327557281,-0.7706583418444799
-59.993624585970316,0.04500012333840219,-0.5999362458597032,-0.728978175601347,-0.880077261794411
-59.993624585970316,0.04871043521541303,-0.5999362458597032,-0.8541440856223795,-0.9944136053982664
-59.993624585970316,0.05242074709242387,-0.5999362458597032,-0.9892214628188255,-1.1144263437149933
-59.993624585970316,0.05613105896943471,-0.5999362458597032,-1.1342103071906853,-1.2409413754245726
-59.993624585970316,0.05984137084644555,-0.5999362458597032,-1.2891106187379584,-1.37485072778001
-59.993624585970316,0.06355168272345639,-0.5999362458597032,-1.4539223974606452,-1.5171095593531616
-59.993624585970316,0.06726199460046722,-0.5999362458597032,-1.6286456433587453,-1.6687303112845973
-59.993624585970316,0.07097230647747807,-0.5999362458597032,-1.8132803564322595,-1.8307732743479166
-59.993624585970316,0.0746826183544889,-0.5999362458597032,-2.007826536681187,-2.004332789704182
-59.993624585970316,0.07839293023149975,-0.5999362458597032,-2.2122841841055285,-2.190518304349543
-59.993624585970316,0.08210324210851058,-0.5999362458597032,-2.426653298705283,-2.3904295864383025
-59.993624585970316,0.08581355398552143,-0.5999362458597032,-2.650933880480452,-2.6051256038404027
-59.993624585970316,0.08952386586253226,-0.5999362458597032,-2.885125929431034,-2.8355869152879745
-59.993624585970316,0.09323417773954311,-0.5999362458597032,-3.129229445557029,-3.0826719455350027
-59.993624585970316,0.09694448961655394,-0.5999362458597032,-3.3832444288584385,-3.3470682270848684
-59.993624585970316,0.10065480149356479,-0.5999362458597032,-3.6471708793352615,-3.629240576417759
-59.993624585970316,0.10436511337057562,-0.5999362458597032,-3.921008796987498,-3.92937917610024
-59.993624585970316,0.10807542524758647,-0.5999362458597032,-4.204758181815148,-4.24735154723472
-59.993624585970316,0.1117857371245973,-0.5999362458597032,-4.4984190338182115,-4.582663255908085
-59.993624585970316,0.11549604900160815,-0.5999362458597032,-4.801991352996689,-4.934432695770177
-59.993624585970316,0.11920636087861898,-0.5999362458597032,-5.115475139350579,-5.301385207505238
-59.993624585970316,0.12291667275562983,-0.5999362458597032,-5.438870392879884,-5.681870954092691
-59.993624585970316,0.12662698463264066,-0.5999362458597032,-5.772177113584602,-6.073909288702106
-59.993624585970316,0.1303372965096515,-0.5999362458597032,-6.1153953014647335,-6.475259908529448
-59.993624585970316,0.13404760838666235,-0.5999362458597032,-6.468524956520279,-6.883518149247542
-59.993624585970316,0.13775792026367317,-0.5999362458597032,-6.831566078751237,-7.296228775298347
-59.993624585970316,0.14146823214068402,-0.5999362458597032,-7.20451866815761,-7.711010086144059
-59.993624585970316,0.14517854401769487,-0.5999362458597032,-7.5873827247393955,-8.125678582661854
-59.993624585970316,0.1488888558947057,-0.5999362458597032,-7.980158248496596,-8.538364154717465
-59.993624585970316,0.15259916777171653,-0.5999362458597032,-8.382845239429209,-8.947606836662864
-59.993624585970316,0.15630947964872738,-0.5999362458597032,-8.795443697537236,-9.352428425006416
-59.993624585970316,0.16001979152573823,-0.5999362458597032,-9.217953622820676,-9.75237522746341
-59.993624585970316,0.16373010340274907,-0.5999362458597032,-9.650375015279531,-10.14753137084507
-59.993624585970316,0.1674404152797599,-0.5999362458597032,-10.092707874913796,-10.538504920167544
-59.993624585970316,0.17115072715677074,-0.5999362458597032,-10.544952201723477,-10.926391176397557
-59.993624585970316,0.17486103903378158,-0.5999362458597032,-11.007107995708575,-11.312718746597188
-59.993624585970316,0.17857135091079243,-0.5999362458597032,-11.479175256869082,-11.699384333468236
-59.993624585970316,0.18228166278780325,-0.5999362458597032,-11.961153985205003,-12.088581831502571
-59.993624585970316,0.1859919746648141,-0.5999362458597032,-12.453044180716338,-12.48273047731644
-59.993624585970316,0.18970228654182494,-0.5999362458597032,-12.954845843403088,-12.884405719795465
-59.993624585970316,0.1934125984188358,-0.5999362458597032,-13.466558973265254,-13.29627534270529
-59.993624585970316,0.1971229102958466,-0.5999362458597032,-13.988183570302827,-13.721042307009208
-59.993624585970316,0.20083322217285746,-0.5999362458597032,-14.519719634515816,-14.161394823750028
-59.993624585970316,0.2045435340498683,-0.5999362458597032,-15.061167165904221,-14.619963297752918
-59.993624585970316,0.20825384592687915,-0.5999362458597032,-15.61252616446804,-15.099282933375742
-59.993624585970316,0.21196415780388997,-0.5999362458597032,-16.173796630207267,-15.60175989226886
-59.993624585970316,0.21567446968090082,-0.5999362458597032,-16.744978563121915,-16.12963789322206
-59.993624585970316,0.21938478155791166,-0.5999362458597032,-17.326071963211973,-16.68496106753507
-59.993624585970316,0.2230950934349225,-0.5999362458597032,-17.917076830477445,-17.26952786089638
-59.993624585970316,0.22680540531193333,-0.5999362458597032,-18.517993164918327,-17.884830076898012
-59.993624585970316,0.23051571718894417,-0.5999362458597032,-19.128820966534626,-18.5319712107626
-59.993624585970316,0.23422602906595502,-0.5999362458597032,-19.74956023532634,-19.211559561050766
-59.993624585970316,0.23793634094296587,-0.5999362458597032,-20.380210971293465,-19.923574775322933
-59.993624585970316,0.2416466528199767,-0.5999362458597032,-21.020773174436002,-20.66721183854392
-59.993624585970316,0.24535696469698753,-0.5999362458597032,-21.671246844753956,-21.440713945503553
-59.993624585970316,0.24906727657399838,-0.5999362458597032,-22.331631982247327,-22.241214354469797
-59.993624585970316,0.2527775884510092,-0.5999362458597032,-23.001928586916108,-23.064615411372102
-59.993624585970316,0.25648790032802005,-0.5999362458597032,-23.682136658760296,-23.905537856758926
-59.993624585970316,0.2601982122050309,-0.5999362458597032,-24.372256197779915,-24.75737242585513
-59.993624585970316,0.26390852408204174,-0.5999362458597032,-25.072287203974927,-25.61245654784573
-59.993624585970316,0.26761883595905256,-0.5999362458597032,-25.782229677345356,-26.462381555612573
-59.993624585970316,0.27132914783606343,-0.5999362458597032,-26.502083617891213,-27.29841295320417
-59.993624585970316,0.27503945971307425,-0.5999362458597032,-27.231849025612476,-28.11198328554424
-59.993624585970316,0.27874977159008507,-0.5999362458597032,-27.971525900509143,-28.895200456187112
-59.993624585970316,0.28246008346709595,-0.5999362458597032,-28.72111424258124,-29.641309145416784
-59.993624585970316,0.28617039534410676,-0.5999362458597032,-29.480614051828738,-30.345051109312756
-59.993624585970316,0.28988070722111764,-0.5999362458597032,-30.250025328251663,-31.00288921774495
-59.993624585970316,0.29359101909812846,-0.5999362458597032,-31.029348071849984,-31.613084538350357
-59.993624585970316,0.2973013309751393,-0.5999362458597032,-31.818582282623726,-32.17563905209517
-59.993624585970316,0.30101164285215015,-0.5999362458597032,-32.61772796057289,-32.6921335189517
-59.993624585970316,0.30472195472916097,-0.5999362458597032,-33.426785105697455,-33.16549817373683
-58.60574773450128,0.011607316445304631,-0.5860574773450128,-0.04812703157812898,-0.05661163527895763
-58.60574773450128,0.015317628322315471,-0.5860574773450128,-0.0838124393855123,-0.14495593223285397
-58.60574773450128,0.01902794019932631,-0.5860574773450128,-0.12933289001778847,-0.23426491368109126
-58.60574773450128,0.02273825207633715,-0.5860574773450128,-0.18468838347495756,-0.3248532820249279
-58.60574773450128,0.02644856395334799,-0.5860574773450128,-0.24987891975701954,-0.41707849357060134
-58.60574773450128,0.03015887583035883,-0.5860574773450128,-0.3249044988639744,-0.5113442206705638
-58.60574773450128,0.03386918770736967,-0.5860574773450128,-0.4097651207958222,-0.6081039159727837
-58.60574773450128,0.03757949958438051,-0.5860574773450128,-0.5044607855525628,-0.7078643959744806
-58.60574773450128,0.04128981146139135,-0.5860574773450128,-0.6089914931341964,-0.8111893243838022
-58.60574773450128,0.04500012333840219,-0.5860574773450128,-0.7233572435407228,-0.9187024298661237
-58.60574773450128,0.04871043521541303,-0.5860574773450128,-0.8475580367721421,-1.0310902365447623
-58.60574773450128,0.05242074709242387,-0.5860574773450128,-0.9815938728284543,-1.1491040185585568
-58.60574773450128,0.05613105896943471,-0.5860574773450128,-1.1254647517096594,-1.2735606123311713
-58.60574773450128,0.05984137084644555,-0.5860574773450128,-1.2791706734157573,-1.405341633676664
-58.60574773450128,0.06355168272345639,-0.5860574773450128,-1.4427116379467482,-1.545390555289874
-58.60574773450128,0.06726199460046722,-0.5860574773450128,-1.6160876453026316,-1.6947070104247768
-58.60574773450128,0.07097230647747807,-0.5860574773450128,-1.7992986954834085,-1.854337611562947
-58.60574773450128,0.0746826183544889,-0.5860574773450128,-1.9923447884890777,-2.0253625245411806
-58.60574773450128,0.07839293023149975,-0.5860574773450128,-2.19522592431964,-2.2088770405509175
-58.60574773450128,0.08210324210851058,-0.5860574773450128,-2.4079421029750954,-2.4059674678953478
-58.60574773450128,0.08581355398552143,-0.5860574773450128,-2.630493324455444,-2.6176808539540533
-58.60574773450128,0.08952386586253226,-0.5860574773450128,-2.8628795887606846,-2.8449883779747998
-58.60574773450128,0.09323417773954311,-0.5860574773450128,-3.1051008958908186,-3.088742754503862
-58.60574773450128,0.09694448961655394,-0.5860574773450128,-3.3571572458458454,-3.3496306686573796
-58.60574773450128,0.10065480149356479,-0.5860574773450128,-3.619048638625765,-3.628122115101795
-58.60574773450128,0.10436511337057562,-0.5860574773450128,-3.890775074230578,-3.9244194805996466
-58.60574773450128,0.10807542524758647,-0.5860574773450128,-4.172336552660283,-4.238410193704557
-58.60574773450128,0.1117857371245973,-0.5860574773450128,-4.463733073914881,-4.569627610287176
-58.60574773450128,0.11549604900160815,-0.5860574773450128,-4.764964637994373,-4.917225313173131
-58.60574773450128,0.11920636087861898,-0.5860574773450128,-5.076031244898757,-5.279969967429562
-58.60574773450128,0.12291667275562983,-0.5860574773450128,-5.396932894628034,-5.65625711222474
-58.60574773450128,0.12662698463264066,-0.5860574773450128,-5.727669587182204,-6.044152700723919
-58.60574773450128,0.1303372965096515,-0.5860574773450128,-6.068241322561266,-6.441460884410704
-58.60574773450128,0.13404760838666235,-0.5860574773450128,-6.418648100765223,-6.845815719573666
-58.60574773450128,0.13775792026367317,-0.5860574773450128,-6.77888992179407,-7.254791557493938
-58.60574773450128,0.14146823214068402,-0.5860574773450128,-7.148966785647812,-7.666024366922035
-58.60574773450128,0.14517854401769487,-0.5860574773450128,-7.528878692326447,-8.077334610440756
-58.60574773450128,0.1488888558947057,-0.5860574773450128,-7.9186256418299745,-8.486841894270455
-58.60574773450128,0.15259916777171653,-0.5860574773450128,-8.318207634158393,-8.893062532839217
-58.60574773450128,0.15630947964872738,-0.5860574773450128,-8.727624669311707,-9.294983241955272
-58.60574773450128,0.16001979152573823,-0.5860574773450128,-9.146876747289914,-9.692106998571688
-58.60574773450128,0.16373010340274907,-0.5860574773450128,-9.575963868093012,-10.084470163166632
-58.60574773450128,0.1674404152797599,-0.5860574773450128,-10.014886031721002,-10.472632747236743
-58.60574773450128,0.17115072715677074,-0.5860574773450128,-10.463643238173887,-10.857645841828566
-58.60574773450128,0.17486103903378158,-0.5860574773450128,-10.922235487451665,-11.241001507662848
-58.60574773450128,0.17857135091079243,-0.5860574773450128,-11.390662779554336,-11.624570856635815
-58.60574773450128,0.18228166278780325,-0.5860574773450128,-11.868925114481899,-12.010535767713774
-58.60574773450128,0.1859919746648141,-0.5860574773450128,-12.357022492234353,-12.401318896263014
-58.60574773450128,0.18970228654182494,-0.5860574773450128,-12.854954912811705,-12.7995155860766
-58.60574773450128,0.1934125984188358,-0.5860574773450128,-13.362722376213949,-13.20783017094826
-58.60574773450128,0.1971229102958466,-0.5860574773450128,-13.88032488244108,-13.629018084232035
-58.60574773450128,0.20083322217285746,-0.5860574773450128,-14.407762431493106,-14.065834233745447
-58.60574773450128,0.2045435340498683,-0.5860574773450128,-14.945035023370028,-14.52098723561403
-58.60574773450128,0.20825384592687915,-0.5860574773450128,-15.492142658071844,-14.997098282342426
-58.60574773450128,0.21196415780388997,-0.5860574773450128,-16.049085335598548,-15.496662583003237
-58.60574773450128,0.21567446968090082,-0.5860574773450128,-16.615863055950147,-16.02201041461749
-58.60574773450128,0.21938478155791166,-0.5860574773450128,-17.192475819126642,-16.57526388209446
-58.60574773450128,0.2230950934349225,-0.5860574773450128,-17.778923625128026,-17.158284617864936
-58.60574773450128,0.22680540531193333,-0.5860574773450128,-18.3752064739543,-17.772607110924856
-58.60574773450128,0.23051571718894417,-0.5860574773450128,-18.98132436560547,-18.419352527721625
-58.60574773450128,0.23422602906595502,-0.5860574773450128,-19.597277300081537,-19.099119269150755
-58.60574773450128,0.23793634094296587,-0.5860574773450128,-20.223065277382496,-19.811849598231717
-58.60574773450128,0.2416466528199767,-0.5860574773450128,-20.85868829750834,-20.5566767909104
-58.60574773450128,0.24535696469698753,-0.5860574773450128,-21.504146360459085,-21.331764288836737
-58.60574773450128,0.24906727657399838,-0.5860574773450128,-22.15943946623472,-22.134156438320623
-58.60574773450128,0.2527775884510092,-0.5860574773450128,-22.824567614835253,-22.959667880373487
-58.60574773450128,0.25648790032802005,-0.5860574773450128,-23.499530806260665,-23.802843051725738
-58.60574773450128,0.2601982122050309,-0.5860574773450128,-24.18432904051099,-24.65701589199675
-58.60574773450128,0.26390852408204174,-0.5860574773450128,-24.87896231758619,-25.514490813002013
-58.60574773450128,0.26761883595905256,-0.5860574773450128,-25.583430637486284,-26.366849248026604
-58.60574773450128,0.27132914783606343,-0.5860574773450128,-26.297734000211285,-27.20536428152043
-58.60574773450128,0.27503945971307425,-0.5860574773450128,-27.02187240576117,-28.02148401874144
-58.60574773450128,0.27874977159008507,-0.5860574773450128,-27.75584585413594,-28.807328568251847
-58.60574773450128,0.28246008346709595,-0.5860574773450128,-28.49965434533562,-29.556140671958453
-58.60574773450128,0.28617039534410676,-0.5860574773450128,-29.253297879360176,-30.262637835852573
-58.60574773450128,0.28988070722111764,-0.5860574773450128,-30.016776456209644,-30.923232057497287
-58.60574773450128,0.29359101909812846,-0.5860574773450128,-30.790090075883985,-31.53610665456305
-58.60574773450128,0.2973013309751393,-0.5860574773450128,-31.57323873838323,-32.101162076821616
-58.60574773450128,0.30101164285215015,-0.5860574773450128,-32.36622244370737,-32.61985899215193
-58.60574773450128,0.30472195472916097,-0.5860574773450128,-33.169041191856394,-33.094995010289544
-57.21787088303225,0.011607316445304631,-0.5721787088303225,-0.04775305485059111,-0.11291123853014717
-57.21787088303225,0.015317628322315471,-0.5721787088303225,-0.08316116502304768,-0.1994575386025561
-57.21787088303225,0.01902794019932631,-0.5721787088303225,-0.1283278936698764,-0.2869544882843238
-57.21787088303225,0.02273825207633715,-0.5721787088303225,-0.1832532407910773,-0.37571764806083685
-57.21787088303225,0.02644856395334799,-0.5721787088303225,-0.24793720638665043,-0.46610448216258504
-57.21787088303225,0.03015887583035883,-0.5721787088303225,-0.3223797904565957,-0.5585177193817863
-57.21787088303225,0.03386918770736967,-0.5721787088303225,-0.4065809930009132,-0.6534088123641695
-57.21787088303225,0.03757949958438051,-0.5721787088303225,-0.5005408140196028,-0.7512814140835129
-57.21787088303225,0.04128981146139135,-0.5721787088303225,-0.6042592535126646,-0.8526947545820569
-57.21787088303225,0.04500012333840219,-0.5721787088303225,-0.7177363114800986,-0.9582667565728089
-57.21787088303225,0.04871043521541303,-0.5721787088303225,-0.8409719879219048,-1.0686766741644815
-57.21787088303225,0.05242074709242387,-0.5721787088303225,-0.9739662828380832,-1.184666974253771
-57.21787088303225,0.05613105896943471,-0.5721787088303225,-1.1167191962286336,-1.3070441053259936
-57.21787088303225,0.05984137084644555,-0.5721787088303225,-1.2692307280935562,-1.4366777151603545
-57.21787088303225,0.06355168272345639,-0.5721787088303225,-1.4315008784328511,-1.574497790937305
-57.21787088303225,0.06726199460046722,-0.5721787088303225,-1.6035296472465177,-1.7214891090658293
-57.21787088303225,0.07097230647747807,-0.5721787088303225,-1.7853170345345573,-1.8786823080899433
-57.21787088303225,0.0746826183544889,-0.5721787088303225,-1.9768630402969685,-2.047140851444575
-57.21787088303225,0.07839293023149975,-0.5721787088303225,-2.178167664533752,-2.227943148139623
-57.21787088303225,0.08210324210851058,-0.5721787088303225,-2.3892309072449076,-2.422159174538198
-57.21787088303225,0.08581355398552143,-0.5721787088303225,-2.6100527684304358,-2.6308211192497097
-57.21787088303225,0.08952386586253226,-0.5721787088303225,-2.840633248090336,-2.8548878867578944
-57.21787088303225,0.09323417773954311,-0.5721787088303225,-3.0809723462246077,-3.0952037700703174
-57.21787088303225,0.09694448961655394,-0.5721787088303225,-3.3310700628332524,-3.352452251538537
-57.21787088303225,0.10065480149356479,-0.5721787088303225,-3.590926397916269,-3.627106702880786
-57.21787088303225,0.10436511337057562,-0.5721787088303225,-3.8605413514736573,-3.9193806826631663
-57.21787088303225,0.10807542524758647,-0.5721787088303225,-4.139914923505419,-4.229181477707513
-57.21787088303225,0.1117857371245973,-0.5721787088303225,-4.429047114011551,-4.556071359632819
-57.21787088303225,0.11549604900160815,-0.5721787088303225,-4.727937922992057,-4.899241543342087
-57.21787088303225,0.11920636087861898,-0.5721787088303225,-5.0365873504469345,-5.25750383972441
-57.21787088303225,0.12291667275562983,-0.5721787088303225,-5.354995396376184,-5.629304317392454
-57.21787088303225,0.12662698463264066,-0.5721787088303225,-5.683162060779806,-6.0127618388658135
-57.21787088303225,0.1303372965096515,-0.5721787088303225,-6.0210873436578,-6.40573216326642
-57.21787088303225,0.13404760838666235,-0.5721787088303225,-6.368771245010167,-6.805895626800854
-57.21787088303225,0.13775792026367317,-0.5721787088303225,-6.726213764836904,-7.210863599034005
-57.21787088303225,0.14146823214068402,-0.5721787088303225,-7.093414903138015,-7.61829643970617
-57.21787088303225,0.14517854401769487,-0.5721787088303225,-7.470374659913497,-8.026024013942084
-57.21787088303225,0.1488888558947057,-0.5721787088303225,-7.857093035163353,-8.432159304354442
-57.21787088303225,0.15259916777171653,-0.5721787088303225,-8.253570028887578,-8.83519640737994
-57.21787088303225,0.15630947964872738,-0.5721787088303225,-8.659805641086178,-9.234086080821431
-57.21787088303225,0.16001979152573823,-0.5721787088303225,-9.07579987175915,-9.628284660086635
-57.21787088303225,0.16373010340274907,-0.5721787088303225,-9.501552720906494,-10.017775095735386
-57.21787088303225,0.1674404152797599,-0.5721787088303225,-9.937064188528208,-10.403061595120374
-57.21787088303225,0.17115072715677074,-0.5721787088303225,-10.382334274624295,-10.785141492788547
-57.21787088303225,0.17486103903378158,-0.5721787088303225,-10.837362979194758,-11.165459316064359
-57.21787088303225,0.17857135091079243,-0.5721787088303225,-11.302150302239589,-11.545848523876492
-57.21787088303225,0.18228166278780325,-0.5721787088303225,-11.776696243758794,-11.928466194594037
-57.21787088303225,0.1859919746648141,-0.5721787088303225,-12.261000803752369,-12.315725223773201
-57.21787088303225,0.18970228654182494,-0.5721787088303225,-12.75506398222032,-12.710227587844074
-57.21787088303225,0.1934125984188358,-0.5721787088303225,-13.258885779162643,-13.114701127956025
-57.21787088303225,0.1971229102958466,-0.5721787088303225,-13.772466194579332,-13.531941243050612
-57.21787088303225,0.20083322217285746,-0.5721787088303225,-14.295805228470396,-13.964757917656291
-57.21787088303225,0.2045435340498683,-0.5721787088303225,-14.828902880835836,-14.415927651473167
-57.21787088303225,0.20825384592687915,-0.5721787088303225,-15.371759151675647,-14.888149065744642
-57.21787088303225,0.21196415780388997,-0.5721787088303225,-15.924374040989825,-15.384000181323337
-57.21787088303225,0.21567446968090082,-0.5721787088303225,-16.486747548778382,-15.90589455766885
-57.21787088303225,0.21938478155791166,-0.5721787088303225,-17.058879675041307,-16.456032666209328
-57.21787088303225,0.2230950934349225,-0.5721787088303225,-17.640770419778605,-17.036344150689658
-57.21787088303225,0.22680540531193333,-0.5721787088303225,-18.232419782990274,-17.648416225884013
-57.21787088303225,0.23051571718894417,-0.5721787088303225,-18.833827764676318,-18.293403737703798
-57.21787088303225,0.23422602906595502,-0.5721787088303225,-19.444994364836734,-18.971917803497554
-57.21787088303225,0.23793634094296587,-0.5721787088303225,-20.065919583471523,-19.683892926649534
-57.21787088303225,0.2416466528199767,-0.5721787088303225,-20.69660342058068,-20.428437322370065
-57.21787088303225,0.24535696469698753,-0.5721787088303225,-21.33704587616421,-21.203677781744204
-57.21787088303225,0.24906727657399838,-0.5721787088303225,-21.987246950222115,-22.006617956691905
-57.21787088303225,0.2527775884510092,-0.5721787088303225,-22.647206642754394,-22.833035873700204
-57.21787088303225,0.25648790032802005,-0.5721787088303225,-23.316924953761035,-23.67745047877684
-57.21787088303225,0.2601982122050309,-0.5721787088303225,-23.996401883242065,-24.5331855829169
-57.21787088303225,0.26390852408204174,-0.5721787088303225,-24.685637431197453,-25.392550927144917
-57.21787088303225,0.26761883595905256,-0.5721787088303225,-25.38463159762721,-26.247144190814474
-57.21787088303225,0.27132914783606343,-0.5721787088303225,-26.093384382531355,-27.088257066632927
-57.21787088303225,0.27503945971307425,-0.5721787088303225,-26.81189578590986,-27.907347748699692
-57.21787088303225,0.27874977159008507,-0.5721787088303225,-27.540165807762737,-28.696527041252672
-57.21787088303225,0.28246008346709595,-0.5721787088303225,-28.278194448089998,-29.44900045050096
-57.21787088303225,0.28617039534410676,-0.5721787088303225,-29.025981706891617,-30.15941577873565
-57.21787088303225,0.28988070722111764,-0.5721787088303225,-29.783527584167622,-30.824082911888823
-57.21787088303225,0.29359101909812846,-0.5721787088303225,-30.550832079917985,-31.441054795523172
-57.21787088303225,0.2973013309751393,-0.5721787088303225,-31.327895194142727,-32.01008017401421
-57.21787088303225,0.30101164285215015,-0.5721787088303225,-32.11471692684185,-32.5324547605277
-57.21787088303225,0.30472195472916097,-0.5721787088303225,-32.911297278015326,-33.010805729638946
-55.82999403156321,0.011607316445304631,-0.5582999403156321,-0.047379078123053225,-0.1702497488561745
-55.82999403156321,0.015317628322315471,-0.5582999403156321,-0.08250989066058306,-0.25489954363579237
-55.82999403156321,0.01902794019932631,-0.5582999403156321,-0.12732289732196433,-0.34049461476541865
-55.82999403156321,0.02273825207633715,-0.5582999403156321,-0.18181809810719707,-0.4273511965874972
-55.82999403156321,0.02644856395334799,-0.5582999403156321,-0.24599549301628132,-0.5158264694414552
-55.82999403156321,0.03015887583035883,-0.5582999403156321,-0.319855082049217,-0.606321811175957
-55.82999403156321,0.03386918770736967,-0.5582999403156321,-0.4033968652060042,-0.6992861423785586
-55.82999403156321,0.03757949958438051,-0.5582999403156321,-0.4966208424866428,-0.795219285558816
-55.82999403156321,0.04128981146139135,-0.5582999403156321,-0.5995270138911329,-0.8946752240788927
-55.82999403156321,0.04500012333840219,-0.5582999403156321,-0.7121153794194744,-0.9982651037315664
-55.82999403156321,0.04871043521541303,-0.5582999403156321,-0.8343859390716675,-1.106659767603909
-55.82999403156321,0.05242074709242387,-0.5582999403156321,-0.9663386928477119,-1.220591552756935
-55.82999403156321,0.05613105896943471,-0.5582999403156321,-1.1079736407476077,-1.340855005608276
-55.82999403156321,0.05984137084644555,-0.5582999403156321,-1.259290782771355,-1.468306093324376
-55.82999403156321,0.06355168272345639,-0.5582999403156321,-1.420290118918954,-1.603859404539726
-55.82999403156321,0.06726199460046722,-0.5582999403156321,-1.590971649190404,-1.7484827505751301
-55.82999403156321,0.07097230647747807,-0.5582999403156321,-1.771335373585706,-1.9031885078803592
-55.82999403156321,0.0746826183544889,-0.5582999403156321,-1.961381292104859,-2.069020997992033
-55.82999403156321,0.07839293023149975,-0.5582999403156321,-2.161109404747864,-2.2470392022355785
-55.82999403156321,0.08210324210851058,-0.5582999403156321,-2.37051971151472,-2.4382941790990786
-55.82999403156321,0.08581355398552143,-0.5582999403156321,-2.5896122124054277,-2.643800720929417
-55.82999403156321,0.08952386586253226,-0.5582999403156321,-2.8183869074199865,-2.8645030826111713
-55.82999403156321,0.09323417773954311,-0.5582999403156321,-3.056843796558397,-3.1012350632334664
-55.82999403156321,0.09694448961655394,-0.5582999403156321,-3.3049828798206593,-3.354675335367963
-55.82999403156321,0.10065480149356479,-0.5582999403156321,-3.5628041572067723,-3.6252996859925
-55.82999403156321,0.10436511337057562,-0.5582999403156321,-3.8303076287167372,-3.9133327150121486
-55.82999403156321,0.10807542524758647,-0.5582999403156321,-4.107493294350554,-4.218702444994645
-55.82999403156321,0.1117857371245973,-0.5582999403156321,-4.394361154108221,-4.541002095279804
-55.82999403156321,0.11549604900160815,-0.5582999403156321,-4.690911207989741,-4.879463791598142
-55.82999403156321,0.11920636087861898,-0.5582999403156321,-4.997143455995112,-5.232949028814938
-55.82999403156321,0.12291667275562983,-0.5582999403156321,-5.313057898124335,-5.599960112675921
-55.82999403156321,0.12662698463264066,-0.5582999403156321,-5.638654534377408,-5.978675484279645
-55.82999403156321,0.1303372965096515,-0.5582999403156321,-5.973933364754333,-6.367009811396239
-55.82999403156321,0.13404760838666235,-0.5582999403156321,-6.31889438925511,-6.76269720360054
-55.82999403156321,0.13775792026367317,-0.5582999403156321,-6.673537607879737,-7.163393215051992
-55.82999403156321,0.14146823214068402,-0.5582999403156321,-7.037863020628217,-7.566788880433271
-55.82999403156321,0.14517854401769487,-0.5582999403156321,-7.411870627500548,-7.970728332361084
-55.82999403156321,0.1488888558947057,-0.5582999403156321,-7.7955604284967315,-8.373320913072982
-55.82999403156321,0.15259916777171653,-0.5582999403156321,-8.188932423616764,-8.77303926073352
-55.82999403156321,0.15630947964872738,-0.5582999403156321,-8.59198661286065,-9.168796520919102
-55.82999403156321,0.16001979152573823,-0.5582999403156321,-9.004722996228388,-9.559998289454226
-55.82999403156321,0.16373010340274907,-0.5582999403156321,-9.427141573719977,-9.946567683612063
-55.82999403156321,0.1674404152797599,-0.5582999403156321,-9.859242345335414,-10.328944595529773
-55.82999403156321,0.17115072715677074,-0.5582999403156321,-10.301025311074705,-10.70806232239522
-55.82999403156321,0.17486103903378158,-0.5582999403156321,-10.75249047093785,-11.085306165652161
-55.82999403156321,0.17857135091079243,-0.5582999403156321,-11.213637824924843,-11.46245919183349
-55.82999403156321,0.18228166278780325,-0.5582999403156321,-11.684467373035687,-11.841640241289394
-55.82999403156321,0.1859919746648141,-0.5582999403156321,-12.164979115270384,-12.225238639065571
-55.82999403156321,0.18970228654182494,-0.5582999403156321,-12.655173051628935,-12.615849115507235
-55.82999403156321,0.1934125984188358,-0.5582999403156321,-13.155049182111336,-13.01620937369037
-55.82999403156321,0.1971229102958466,-0.5582999403156321,-13.664607506717585,-13.429141685821309
-55.82999403156321,0.20083322217285746,-0.5582999403156321,-14.183848025447688,-13.857498937287898
-55.82999403156321,0.2045435340498683,-0.5582999403156321,-14.712770738301643,-14.304114682329812
-55.82999403156321,0.20825384592687915,-0.5582999403156321,-15.25137564527945,-14.771756004071003
-55.82999403156321,0.21196415780388997,-0.5582999403156321,-15.799662746381104,-15.26307724036236
-55.82999403156321,0.21567446968090082,-0.5582999403156321,-16.357632041606614,-15.7805719133694
-55.82999403156321,0.21938478155791166,-0.5582999403156321,-16.925283530955976,-16.326519497849446
-55.82999403156321,0.2230950934349225,-0.5582999403156321,-17.502617214429186,-16.902923072398945
-55.82999403156321,0.22680540531193333,-0.5582999403156321,-18.089633092026247,-17.511433618670956
-55.82999403156321,0.23051571718894417,-0.5582999403156321,-18.686331163747163,-18.153257081894665
-55.82999403156321,0.23422602906595502,-0.5582999403156321,-19.29271142959193,-18.82904168870082
-55.82999403156321,0.23793634094296587,-0.5582999403156321,-19.90877388956055,-19.538745848175672
-55.82999403156321,0.2416466528199767,-0.5582999403156321,-20.534518543653014,-20.281491501587055
-55.82999403156321,0.24535696469698753,-0.5582999403156321,-21.169945391869337,-21.055413925813923
-55.82999403156321,0.24906727657399838,-0.5582999403156321,-21.81505443420951,-21.85752601793351
-55.82999403156321,0.2527775884510092,-0.5582999403156321,-22.469845670673536,-22.683621524044682
-55.82999403156321,0.25648790032802005,-0.5582999403156321,-23.134319101261404,-23.528245395468602
-55.82999403156321,0.2601982122050309,-0.5582999403156321,-23.80847472597314,-24.384758131411992
-55.82999403156321,0.26390852408204174,-0.5582999403156321,-24.492312544808712,-25.245512900216504
-55.82999403156321,0.26761883595905256,-0.5582999403156321,-25.185832557768137,-26.102149331247283
-55.82999403156321,0.27132914783606343,-0.5582999403156321,-25.889034764851424,-26.945988332907703
-55.82999403156321,0.27503945971307425,-0.5582999403156321,-26.601919166058554,-27.76849247746273
-55.82999403156321,0.27874977159008507,-0.5582999403156321,-27.324485761389532,-28.561741759315993
-55.82999403156321,0.28246008346709595,-0.5582999403156321,-28.056734550844375,-29.318869354899597
-55.82999403156321,0.28617039534410676,-0.5582999403156321,-28.798665534423055,-30.03440819223931
-55.82999403156321,0.28988070722111764,-0.5582999403156321,-29.550278712125603,-30.70451502468589
-55.82999403156321,0.29359101909812846,-0.5582999403156321,-30.311574083951985,-31.327059839494346
-55.82999403156321,0.2973013309751393,-0.5582999403156321,-31.082551649902225,-31.90158929810653
-55.82999403156321,0.30101164285215015,-0.5582999403156321,-31.863211409976326,-32.429188867036146
-55.82999403156321,0.30472195472916097,-0.5582999403156321,-32.653553364174265,-32.912276891066725
-54.44211718009418,0.011607316445304631,-0.5444211718009417,-0.04700510139551535,-0.2281099569934204
-54.44211718009418,0.015317628322315471,-0.5444211718009417,-0.08185861629811844,-0.3107714912145383
-54.44211718009418,0.01902794019932631,-0.5444211718009417,-0.12631790097405227,-0.3943809836013923
-54.44211718009418,0.02273825207633715,-0.5444211718009417,-0.18038295542331684,-0.47925492639122513
-54.44211718009418,0.02644856395334799,-0.5444211718009417,-0.24405377964591218,-0.565749690633468
-54.44211718009418,0.03015887583035883,-0.5444211718009417,-0.3173303736418383,-0.6542646620393722
-54.44211718009418,0.03386918770736967,-0.5444211718009417,-0.4002127374110952,-0.7452454650226663
-54.44211718009418,0.03757949958438051,-0.5444211718009417,-0.49270087095368276,-0.8391871968362699
-54.44211718009418,0.04128981146139135,-0.5444211718009417,-0.5947947742696011,-0.936637560579566
-54.44211718009418,0.04500012333840219,-0.5444211718009417,-0.7064944473588503,-1.0381997447122515
-54.44211718009418,0.04871043521541303,-0.5444211718009417,-0.8277998902214301,-1.1445348467256737
-54.44211718009418,0.05242074709242387,-0.5444211718009417,-0.9587111028573407,-1.2563635793666403
-54.44211718009418,0.05613105896943471,-0.5444211718009417,-1.0992280852665821,-1.3744669296115797
-54.44211718009418,0.05984137084644555,-0.5444211718009417,-1.2493508374491542,-1.4996853649930806
-54.44211718009418,0.06355168272345639,-0.5444211718009417,-1.409079359405057,-1.6329161022438878
-54.44211718009418,0.06726199460046722,-0.5444211718009417,-1.5784136511342903,-1.7751078754497955
-54.44211718009418,0.07097230647747807,-0.5444211718009417,-1.7573537126368548,-1.927252574263263
-54.44211718009418,0.0746826183544889,-0.5444211718009417,-1.9458995439127498,-2.0903730806406555
-54.44211718009418,0.07839293023149975,-0.5444211718009417,-2.1440511449619755,-2.265506633146275
-54.44211718009418,0.08210324210851058,-0.5444211718009417,-2.351808515784532,-2.4536831139067665
-54.44211718009418,0.08581355398552143,-0.5444211718009417,-2.5691716563804197,-2.6558978112270992
-54.44211718009418,0.08952386586253226,-0.5444211718009417,-2.7961405667496377,-2.8730784881173994
-54.44211718009418,0.09323417773954311,-0.5444211718009417,-3.0327152468921863,-3.1060470071964446
-54.44211718009418,0.09694448961655394,-0.5444211718009417,-3.278895696808066,-3.355476338310912
-54.44211718009418,0.10065480149356479,-0.5444211718009417,-3.5346819164972763,-3.621844498973495
-54.44211718009418,0.10436511337057562,-0.5444211718009417,-3.800073905959817,-3.905387810626465
-54.44211718009418,0.10807542524758647,-0.5444211718009417,-4.07507166519569,-4.206056716946994
-54.44211718009418,0.1117857371245973,-0.5444211718009417,-4.3596751942048915,-4.5234781811945375
-54.44211718009418,0.11549604900160815,-0.5444211718009417,-4.653884492987426,-4.856929197508692
-54.44211718009418,0.11920636087861898,-0.5444211718009417,-4.957699561543289,-5.205326038200323
-54.44211718009418,0.12291667275562983,-0.5444211718009417,-5.271120399872484,-5.5672333557168425
-54.44211718009418,0.12662698463264066,-0.5444211718009417,-5.5941470079750095,-5.940896069502265
-54.44211718009418,0.1303372965096515,-0.5444211718009417,-5.926779385850866,-6.324295112459457
-54.44211718009418,0.13404760838666235,-0.5444211718009417,-6.269017533500054,-6.715225751728535
-54.44211718009418,0.13775792026367317,-0.5444211718009417,-6.62086145092257,-7.111394640344461
-54.44211718009418,0.14146823214068402,-0.5444211718009417,-6.98231113811842,-7.510529406358347
-54.44211718009418,0.14517854401769487,-0.5444211718009417,-7.353366595087599,-7.9104928673215
-54.44211718009418,0.1488888558947057,-0.5444211718009417,-7.73402782183011,-8.30939320790376
-54.44211718009418,0.15259916777171653,-0.5444211718009417,-8.124294818345948,-8.705681837715538
-54.44211718009418,0.15630947964872738,-0.5444211718009417,-8.524167584635121,-9.098232092577607
-54.44211718009418,0.16001979152573823,-0.5444211718009417,-8.933646120697624,-9.486394183734287
-54.44211718009418,0.16373010340274907,-0.5444211718009417,-9.352730426533459,-9.870024425889923
-54.44211718009418,0.1674404152797599,-0.5444211718009417,-9.78142050214262,-10.249489341794476
-54.44211718009418,0.17115072715677074,-0.5444211718009417,-10.219716347525114,-10.625647370670869
-54.44211718009418,0.17486103903378158,-0.5444211718009417,-10.667617962680941,-10.999812359488107
-54.44211718009418,0.17857135091079243,-0.5444211718009417,-11.125125347610096,-11.37370371074736
-54.44211718009418,0.18228166278780325,-0.5444211718009417,-11.592238502312583,-11.749388061094916
-54.44211718009418,0.1859919746648141,-0.5444211718009417,-12.0689574267884,-12.129216829665067
-54.44211718009418,0.18970228654182494,-0.5444211718009417,-12.55528212103755,-12.515763100281385
-54.44211718009418,0.1934125984188358,-0.5444211718009417,-13.05121258506003,-12.911760273968698
-54.44211718009418,0.1971229102958466,-0.5444211718009417,-13.556748818855837,-13.320043891180072
-54.44211718009418,0.20083322217285746,-0.5444211718009417,-14.071890822424978,-13.743497063030214
-54.44211718009418,0.2045435340498683,-0.5444211718009417,-14.59663859576745,-14.184999098364784
-54.44211718009418,0.20825384592687915,-0.5444211718009417,-15.130992138883254,-14.647376157187006
-54.44211718009418,0.21196415780388997,-0.5444211718009417,-15.674951451772383,-15.133352068515137
-54.44211718009418,0.21567446968090082,-0.5444211718009417,-16.22851653443485,-15.645496795997044
-54.44211718009418,0.21938478155791166,-0.5444211718009417,-16.791687386870645,-16.186169428166256
-54.44211718009418,0.2230950934349225,-0.5444211718009417,-17.364464009079768,-16.757452090998687
-54.44211718009418,0.22680540531193333,-0.5444211718009417,-17.94684640106222,-17.361071002208167
-54.44211718009418,0.23051571718894417,-0.5444211718009417,-18.53883456281801,-17.9983012888118
-54.44211718009418,0.23422602906595502,-0.5444211718009417,-19.140428494347127,-18.669853534845615
-54.44211718009418,0.23793634094296587,-0.5444211718009417,-19.751628195649577,-19.375742687377883
-54.44211718009418,0.2416466528199767,-0.5444211718009417,-20.372433666725353,-20.115144168234075
-54.44211718009418,0.24535696469698753,-0.5444211718009417,-21.002844907574463,-20.88624772647733
-54.44211718009418,0.24906727657399838,-0.5444211718009417,-21.642861918196903,-21.68612608301592
-54.44211718009418,0.2527775884510092,-0.5444211718009417,-22.29248469859268,-22.510641433067896
-54.44211718009418,0.25648790032802005,-0.5444211718009417,-22.951713248761777,-23.354416433348064
-54.44211718009418,0.2601982122050309,-0.5444211718009417,-23.620547568704218,-24.21089523982581
-54.44211718009418,0.26390852408204174,-0.5444211718009417,-24.298987658419975,-25.072512841150406
-54.44211718009418,0.26761883595905256,-0.5444211718009417,-24.98703351790906,-25.93097715305649
-54.44211718009418,0.27132914783606343,-0.5444211718009417,-25.684685147171496,-26.777650002153344
-54.44211718009418,0.27503945971307425,-0.5444211718009417,-26.39194254620725,-27.603994188457754
-54.44211718009418,0.27874977159008507,-0.5444211718009417,-27.10880571501633,-28.402039280337107
-54.44211718009418,0.28246008346709595,-0.5444211718009417,-27.835274653598756,-29.164813003632247
-54.44211718009418,0.28617039534410676,-0.5444211718009417,-28.571349361954496,-29.886690010066765
-54.44211718009418,0.28988070722111764,-0.5444211718009417,-29.317029840083585,-30.5636242076921
-54.44211718009418,0.29359101909812846,-0.5444211718009417,-30.072316087985985,-31.193250726277434
-54.44211718009418,0.2973013309751393,-0.5444211718009417,-30.837208105661723,-31.774863795091868
-54.44211718009418,0.30101164285215015,-0.5444211718009417,-31.611705893110802,-32.30929279057489
-54.44211718009418,0.30472195472916097,-0.5444211718009417,-32.395809450333196,-32.79870786401349
-53.05424032862514,0.011607316445304631,-0.5305424032862515,-0.046631124667977475,-0.2859767208442783
-53.05424032862514,0.015317628322315471,-0.5305424032862515,-0.08120734193565382,-0.36656742706353374
-53.05424032862514,0.01902794019932631,-0.5305424032862515,-0.1253129046261402,-0.4481159563600494
-53.05424032862514,0.02273825207633715,-0.5305424032862515,-0.17894781273943658,-0.5309384239955888
-53.05424032862514,0.02644856395334799,-0.5305424032862515,-0.24211206627554308,-0.6153896502148113
-53.05424032862514,0.03015887583035883,-0.5305424032862515,-0.3148056652344596,-0.7018661757713396
-53.05424032862514,0.03386918770736967,-0.5305424032862515,-0.3970286096161862,-0.7908093597063397
-53.05424032862514,0.03757949958438051,-0.5305424032862515,-0.4887808994207227,-0.8827084832059207
-53.05424032862514,0.04128981146139135,-0.5305424032862515,-0.5900625346480693,-0.9781037516782414
-53.05424032862514,0.04500012333840219,-0.5305424032862515,-0.7008735152982261,-1.0775890479723396
-53.05424032862514,0.04871043521541303,-0.5305424032862515,-0.8212138413711928,-1.1818142421427593
-53.05424032862514,0.05242074709242387,-0.5305424032862515,-0.9510835128669695,-1.291486806979675
-53.05424032862514,0.05613105896943471,-0.5305424032862515,-1.0904825297855563,-1.4073724240137402
-53.05424032862514,0.05984137084644555,-0.5305424032862515,-1.239410892126953,-1.5302941933451226
-53.05424032862514,0.06355168272345639,-0.5305424032862515,-1.39786859989116,-1.6611299856033641
-53.05424032862514,0.06726199460046722,-0.5305424032862515,-1.5658556530781764,-1.8008074011498545
-53.05424032862514,0.07097230647747807,-0.5305424032862515,-1.7433720516880036,-1.9502957389289381
-53.05424032862514,0.0746826183544889,-0.5305424032862515,-1.9304177957206403,-2.1105943376307454
-53.05424032862514,0.07839293023149975,-0.5305424032862515,-2.1269928851760875,-2.2827166518545923
-53.05424032862514,0.08210324210851058,-0.5305424032862515,-2.3330973200543443,-2.4676694868829996
-53.05424032862514,0.08581355398552143,-0.5305424032862515,-2.5487311003554116,-2.6664269620025074
-53.05424032862514,0.08952386586253226,-0.5305424032862515,-2.7738942260792885,-2.879899029558679
-53.05424032862514,0.09323417773954311,-0.5305424032862515,-3.008586697225976,-3.108894767345025
-53.05424032862514,0.09694448961655394,-0.5305424032862515,-3.2528085137954728,-3.354081197913695
-53.05424032862514,0.10065480149356479,-0.5305424032862515,-3.50655967578778,-3.6159390639570175
-53.05424032862514,0.10436511337057562,-0.5305424032862515,-3.769840183202897,-3.8947177699688567
-53.05424032862514,0.10807542524758647,-0.5305424032862515,-4.042650036040825,-4.1903925162936435
-53.05424032862514,0.1117857371245973,-0.5305424032862515,-4.324989234301562,-4.502627391200831
-53.05424032862514,0.11549604900160815,-0.5305424032862515,-4.61685777798511,-4.830748702861563
-53.05424032862514,0.11920636087861898,-0.5305424032862515,-4.918255667091467,-5.173732960848163
-53.05424032862514,0.12291667275562983,-0.5305424032862515,-5.229182901620635,-5.530213504031722
-53.05424032862514,0.12662698463264066,-0.5305424032862515,-5.549639481572612,-5.898508722131844
-53.05424032862514,0.1303372965096515,-0.5305424032862515,-5.879625406947399,-6.276673135088454
-53.05424032862514,0.13404760838666235,-0.5305424032862515,-6.219140677744997,-6.6625704127494565
-53.05424032862514,0.13775792026367317,-0.5305424032862515,-6.568185293965404,-7.053965006931735
-53.05424032862514,0.14146823214068402,-0.5305424032862515,-6.926759255608622,-7.448626798408345
-53.05424032862514,0.14517854401769487,-0.5305424032862515,-7.294862562674649,-7.844441430000052
-53.05424032862514,0.1488888558947057,-0.5305424032862515,-7.6724952151634875,-8.239518135048371
-53.05424032862514,0.15259916777171653,-0.5305424032862515,-8.059657213075134,-8.632287056896008
-53.05424032862514,0.15630947964872738,-0.5305424032862515,-8.456348556409592,-9.021579265017238
-53.05424032862514,0.16001979152573823,-0.5305424032862515,-8.862569245166862,-9.406684682908683
-53.05424032862514,0.16373010340274907,-0.5305424032862515,-9.27831927934694,-9.78738558564579
-53.05424032862514,0.1674404152797599,-0.5305424032862515,-9.703598658949824,-10.163965785104008
-53.05424032862514,0.17115072715677074,-0.5305424032862515,-10.138407383975522,-10.537197728269593
-53.05424032862514,0.17486103903378158,-0.5305424032862515,-10.582745454424034,-10.90831123639177
-53.05424032862514,0.17857135091079243,-0.5305424032862515,-11.03661287029535,-11.278948405832061
-53.05424032862514,0.18228166278780325,-0.5305424032862515,-11.500009631589478,-11.65110930916652
-53.05424032862514,0.1859919746648141,-0.5305424032862515,-11.972935738306415,-12.027092709705189
-53.05424032862514,0.18970228654182494,-0.5305424032862515,-12.455391190446164,-12.409435213742524
-53.05424032862514,0.1934125984188358,-0.5305424032862515,-12.947375988008725,-12.800851312197937
-53.05424032862514,0.1971229102958466,-0.5305424032862515,-13.44889013099409,-13.204175752860268
-53.05424032862514,0.20083322217285746,-0.5305424032862515,-13.959933619402268,-13.622308731799558
-53.05424032862514,0.2045435340498683,-0.5305424032862515,-14.480506453233257,-14.058163541383722
-53.05424032862514,0.20825384592687915,-0.5305424032862515,-15.010608632487058,-14.514615564976618
-53.05424032862514,0.21196415780388997,-0.5305424032862515,-15.550240157163662,-14.99445084405463
-53.05424032862514,0.21567446968090082,-0.5305424032862515,-16.09940102726308,-15.50031184253397
-53.05424032862514,0.21938478155791166,-0.5305424032862515,-16.65809124278531,-16.0346375047655
-53.05424032862514,0.2230950934349225,-0.5305424032862515,-17.22631080373035,-16.5995943148809
-53.05424032862514,0.22680540531193333,-0.5305424032862515,-17.804059710098194,-17.19699496557806
-53.05424032862514,0.23051571718894417,-0.5305424032862515,-18.391337961888855,-17.828201677719925
-53.05424032862514,0.23422602906595502,-0.5305424032862515,-18.988145559102325,-18.4940124992427
-53.05424032862514,0.23793634094296587,-0.5305424032862515,-19.594482501738604,-19.194531388030473
-53.05424032862514,0.2416466528199767,-0.5305424032862515,-20.21034878979769,-19.92902677494034
-53.05424032862514,0.24535696469698753,-0.5305424032862515,-20.83574442327959,-20.695788547027632
-53.05424032862514,0.24906727657399838,-0.5305424032862515,-21.4706694021843,-21.49199943353122
-53.05424032862514,0.2527775884510092,-0.5305424032862515,-22.115123726511822,-22.313642434402745
-53.05424032862514,0.25648790032802005,-0.5305424032862515,-22.769107396262147,-23.155469432155996
-53.05424032862514,0.2601982122050309,-0.5305424032862515,-23.43262041143529,-24.011055455768876
-53.05424032862514,0.26390852408204174,-0.5305424032862515,-24.105662772031234,-24.872956622512724
-53.05424032862514,0.26761883595905256,-0.5305424032862515,-24.788234478049986,-25.732977227567247
-53.05424032862514,0.27132914783606343,-0.5305424032862515,-25.480335529491565,-26.58253435123833
-53.05424032862514,0.27503945971307425,-0.5305424032862515,-26.181965926355943,-27.413090233101236
-53.05424032862514,0.27874977159008507,-0.5305424032862515,-26.893125668643126,-28.216608169464777
-53.05424032862514,0.28246008346709595,-0.5305424032862515,-27.613814756353133,-28.98598105866428
-53.05424032862514,0.28617039534410676,-0.5305424032862515,-28.344033189485938,-29.71538514125207
-53.05424032862514,0.28988070722111764,-0.5305424032862515,-29.083780968041562,-30.400524191316123
-53.05424032862514,0.29359101909812846,-0.5305424032862515,-29.833058092019986,-31.03874795297969
-53.05424032862514,0.2973013309751393,-0.5305424032862515,-30.591864561421225,-31.629048164921777
-53.05424032862514,0.30101164285215015,-0.5305424032862515,-31.36020037624528,-32.171951616576415
-53.05424032862514,0.30472195472916097,-0.5305424032862515,-32.138065536492135,-32.66933955185226
-51.66636347715611,0.011607316445304631,-0.5166636347715611,-0.04625714794043959,-0.34334892941711903
-51.66636347715611,0.015317628322315471,-0.5166636347715611,-0.0805560675731892,-0.4217972983814642
-51.66636347715611,0.01902794019932631,-0.5166636347715611,-0.1243079082782281,-0.5012194099590648
-51.66636347715611,0.02273825207633715,-0.5166636347715611,-0.17751267005555632,-0.5819301727513677
-51.66636347715611,0.02644856395334799,-0.5166636347715611,-0.2401703529051739,-0.6642819271493812
-51.66636347715611,0.03015887583035883,-0.5166636347715611,-0.3122809568270808,-0.74866733757497
-51.66636347715611,0.03386918770736967,-0.5166636347715611,-0.3938444818212771,-0.8355223609732221
-51.66636347715611,0.03757949958438051,-0.5166636347715611,-0.48486092788776264,-0.9253292176463983
-51.66636347715611,0.04128981146139135,-0.5166636347715611,-0.5853302950265376,-1.0186192604122581
-51.66636347715611,0.04500012333840219,-0.5166636347715611,-0.6952525832376018,-1.1159756009212645
-51.66636347715611,0.04871043521541303,-0.5166636347715611,-0.8146277925209553,-1.2180353070861862
-51.66636347715611,0.05242074709242387,-0.5166636347715611,-0.9434559228765982,-1.3254909326465407
-51.66636347715611,0.05613105896943471,-0.5166636347715611,-1.0817369743045302,-1.4390910792512175
-51.66636347715611,0.05984137084644555,-0.5166636347715611,-1.2294709468047518,-1.5596396244922461
-51.66636347715611,0.06355168272345639,-0.5166636347715611,-1.3866578403772627,-1.6879931790145717
-51.66636347715611,0.06726199460046722,-0.5166636347715611,-1.5532976550220623,-1.825056267288626
-51.66636347715611,0.07097230647747807,-0.5166636347715611,-1.7293903907391521,-1.9717736678425775
-51.66636347715611,0.0746826183544889,-0.5166636347715611,-1.9149360475285306,-2.129119311195198
-51.66636347715611,0.07839293023149975,-0.5166636347715611,-2.1099346253901987,-2.298081132858603
-51.66636347715611,0.08210324210851058,-0.5166636347715611,-2.314386124324156,-2.4796413340099726
-51.66636347715611,0.08581355398552143,-0.5166636347715611,-2.528290544330403,-2.6747516363196135
-51.66636347715611,0.08952386586253226,-0.5166636347715611,-2.7516478854089392,-2.88430335356429
-51.66636347715611,0.09323417773954311,-0.5166636347715611,-2.9844581475597645,-3.1090924618564673
-51.66636347715611,0.09694448961655394,-0.5166636347715611,-3.2267213307828793,-3.3497803447604912
-51.66636347715611,0.10065480149356479,-0.5166636347715611,-3.478437435078283,-3.6068515150675875
-51.66636347715611,0.10436511337057562,-0.5166636347715611,-3.7396064604459767,-3.8805703422604507
-51.66636347715611,0.10807542524758647,-0.5166636347715611,-4.01022840688596,-4.170939581366827
-51.66636347715611,0.1117857371245973,-0.5166636347715611,-4.290303274398231,-4.477664205495896
-51.66636347715611,0.11549604900160815,-0.5166636347715611,-4.579831062982793,-4.800124557768994
-51.66636347715611,0.11920636087861898,-0.5166636347715611,-4.878811772639644,-5.137363006503091
-51.66636347715611,0.12291667275562983,-0.5166636347715611,-5.187245403368784,-5.488087966667599
-51.66636347715611,0.12662698463264066,-0.5166636347715611,-5.505131955170213,-5.850698243258048
-51.66636347715611,0.1303372965096515,-0.5166636347715611,-5.832471428043931,-6.223329147608326
-51.66636347715611,0.13404760838666235,-0.5166636347715611,-6.16926382198994,-6.603919843072221
-51.66636347715611,0.13775792026367317,-0.5166636347715611,-6.515509137008236,-6.990299124658959
-51.66636347715611,0.14146823214068402,-0.5166636347715611,-6.871207373098823,-7.380284659590782
-51.66636347715611,0.14517854401769487,-0.5166636347715611,-7.236358530261699,-7.7717889812427785
-51.66636347715611,0.1488888558947057,-0.5166636347715611,-7.610962608496865,-8.162924560253177
-51.66636347715611,0.15259916777171653,-0.5166636347715611,-7.995019607804318,-8.552100268315808
-51.66636347715611,0.15630947964872738,-0.5166636347715611,-8.388529528184062,-8.93810251499244
-51.66636347715611,0.16001979152573823,-0.5166636347715611,-8.791492369636096,-9.320156100436781
-51.66636347715611,0.16373010340274907,-0.5166636347715611,-9.20390813216042,-9.697962067926937
-51.66636347715611,0.1674404152797599,-0.5166636347715611,-9.625776815757028,-10.071712176124354
-51.66636347715611,0.17115072715677074,-0.5166636347715611,-10.05709842042593,-10.442081683541153
-51.66636347715611,0.17486103903378158,-0.5166636347715611,-10.497872946167123,-10.81020368494871
-51.66636347715611,0.17857135091079243,-0.5166636347715611,-10.948100392980603,-11.177629132966873
-51.66636347715611,0.18228166278780325,-0.5166636347715611,-11.407780760866371,-11.54627692131311
-51.66636347715611,0.1859919746648141,-0.5166636347715611,-11.876914049824428,-11.91837810352736
-51.66636347715611,0.18970228654182494,-0.5166636347715611,-12.355500259854779,-12.296417632216908
-51.66636347715611,0.1934125984188358,-0.5166636347715611,-12.843539390957417,-12.683076099246389
-51.66636347715611,0.1971229102958466,-0.5166636347715611,-13.34103144313234,-13.081172983298126
-51.66636347715611,0.20083322217285746,-0.5166636347715611,-13.847976416379556,-13.493611971356374
-51.66636347715611,0.2045435340498683,-0.5166636347715611,-14.364374310699063,-13.923328070942352
-51.66636347715611,0.20825384592687915,-0.5166636347715611,-14.890225126090858,-14.373235486069325
-51.66636347715611,0.21196415780388997,-0.5166636347715611,-15.42552886255494,-14.846174582867523
-51.66636347715611,0.21567446968090082,-0.5166636347715611,-15.970285520091313,-15.344855708056013
-51.66636347715611,0.21938478155791166,-0.5166636347715611,-16.524495098699976,-15.87179715365864
-51.66636347715611,0.2230950934349225,-0.5166636347715611,-17.088157598380928,-16.429254240907127
-51.66636347715611,0.22680540531193333,-0.5166636347715611,-17.661273019134164,-17.019136452379115
-51.66636347715611,0.23051571718894417,-0.5166636347715611,-18.2438413609597,-17.64290998439014
-51.66636347715611,0.23422602906595502,-0.5166636347715611,-18.83586262385752,-18.301484303029167
-51.66636347715611,0.23793634094296587,-0.5166636347715611,-19.43733680782763,-18.995083567728734
-51.66636347715611,0.2416466528199767,-0.5166636347715611,-20.048263912870024,-19.723107349914002
-51.66636347715611,0.24535696469698753,-0.5166636347715611,-20.66864393898471,-20.48398988864775
-51.66636347715611,0.24906727657399838,-0.5166636347715611,-21.29847688617169,-21.275072726750636
-51.66636347715611,0.2527775884510092,-0.5166636347715611,-21.93776275443096,-22.092510925819745
-51.66636347715611,0.25648790032802005,-0.5166636347715611,-22.586501543762513,-22.9312365768943
-51.66636347715611,0.2601982122050309,-0.5166636347715611,-23.244693254166364,-23.785003135881595
-51.66636347715611,0.26390852408204174,-0.5166636347715611,-23.912337885642494,-24.646528649072195
-51.66636347715611,0.26761883595905256,-0.5166636347715611,-24.58943543819091,-25.507744688531332
-51.66636347715611,0.27132914783606343,-0.5166636347715611,-25.27598591181163,-26.360142000744915
-51.66636347715611,0.27503945971307425,-0.5166636347715611,-25.971989306504632,-27.195186552662847
-51.66636347715611,0.27874977159008507,-0.5166636347715611,-26.677445622269918,-28.004765114464327
-51.66636347715611,0.28246008346709595,-0.5166636347715611,-27.392354859107506,-28.781611880951523
-51.66636347715611,0.28617039534410676,-0.5166636347715611,-28.116717017017372,-29.51966934877725
-51.66636347715611,0.28988070722111764,-0.5166636347715611,-28.85053209599954,-30.214347487599973
-51.66636347715611,0.29359101909812846,-0.5166636347715611,-29.593800096053982,-30.862662285926127
-51.66636347715611,0.2973013309751393,-0.5166636347715611,-30.346521017180716,-31.46325359413469
-51.66636347715611,0.30101164285215015,-0.5166636347715611,-31.108694859379753,-32.016298455104014
-51.66636347715611,0.30472195472916097,-0.5166636347715611,-31.880321622651064,-32.52334682578174
-50.27848662568707,0.011607316445304631,-0.5027848662568707,-0.04588317121290172,-0.3997505643882864
-50.27848662568707,0.015317628322315471,-0.5027848662568707,-0.07990479321072458,-0.47599738165099925
-50.27848662568707,0.01902794019932631,-0.5027848662568707,-0.12330291193031603,-0.5532385641803526
-50.27848662568707,0.02273825207633715,-0.5027848662568707,-0.1760775273716761,-0.631786823640982
-50.27848662568707,0.02644856395334799,-0.5027848662568707,-0.2382286395348048,-0.7119909421931103
-50.27848662568707,0.03015887583035883,-0.5027848662568707,-0.3097562484197021,-0.7942385401200509
-50.27848662568707,0.03386918770736967,-0.5027848662568707,-0.3906603540263681,-0.8789589139707363
-50.27848662568707,0.03757949958438051,-0.5027848662568707,-0.4809409563548026,-0.9666258739807949
-50.27848662568707,0.04128981146139135,-0.5027848662568707,-0.5805980554050058,-1.0577604811252455
-50.27848662568707,0.04500012333840219,-0.5027848662568707,-0.6896316511769776,-1.152933549209254
-50.27848662568707,0.04871043521541303,-0.5027848662568707,-0.8080417436707179,-1.2527677352965716
-50.27848662568707,0.05242074709242387,-0.5027848662568707,-0.9358283328862269,-1.3579389922318867
-50.27848662568707,0.05613105896943471,-0.5027848662568707,-1.0729914188235046,-1.469177100368145
-50.27848662568707,0.05984137084644555,-0.5027848662568707,-1.2195310014825507,-1.5872649331601991
-50.27848662568707,0.06355168272345639,-0.5027848662568707,-1.3754470808633656,-1.713036045754257
-50.27848662568707,0.06726199460046722,-0.5027848662568707,-1.5407396569659486,-1.8473701117861854
-50.27848662568707,0.07097230647747807,-0.5027848662568707,-1.715408729790301,-1.991185678588944
-50.27848662568707,0.0746826183544889,-0.5027848662568707,-1.8994542993364214,-2.1454296753694324
-50.27848662568707,0.07839293023149975,-0.5027848662568707,-2.092876365604311,-2.3110631067206775
-50.27848662568707,0.08210324210851058,-0.5027848662568707,-2.2956749285939684,-2.489042412778727
-50.27848662568707,0.08581355398552143,-0.5027848662568707,-2.507849988305395,-2.6802960980220574
-50.27848662568707,0.08952386586253226,-0.5027848662568707,-2.72940154473859,-2.885696444831912
-50.27848662568707,0.09323417773954311,-0.5027848662568707,-2.960329597893554,-3.106026454897937
-50.27848662568707,0.09694448961655394,-0.5027848662568707,-3.200634147770286,-3.341942613351299
-50.27848662568707,0.10065480149356479,-0.5027848662568707,-3.450315194368787,-3.593934644823311
-50.27848662568707,0.10436511337057562,-0.5027848662568707,-3.7093727376890566,-3.862284102954617
-50.27848662568707,0.10807542524758647,-0.5027848662568707,-3.9778067777310953,-4.147024351183068
-50.27848662568707,0.1117857371245973,-0.5027848662568707,-4.255617314494901,-4.447905165162629
-50.27848662568707,0.11549604900160815,-0.5027848662568707,-4.542804347980477,-4.764365696686079
-50.27848662568707,0.11920636087861898,-0.5027848662568707,-4.83936787818782,-5.095519746729312
-50.27848662568707,0.12291667275562983,-0.5027848662568707,-5.145307905116934,-5.440157066203911
-50.27848662568707,0.12662698463264066,-0.5027848662568707,-5.460624428767815,-5.796763639172982
-50.27848662568707,0.1303372965096515,-0.5027848662568707,-5.785317449140464,-6.163562580644261
-50.27848662568707,0.13404760838666235,-0.5027848662568707,-6.119386966234884,-6.53857547993059
-50.27848662568707,0.13775792026367317,-0.5027848662568707,-6.462832980051069,-6.919701936581749
-50.27848662568707,0.14146823214068402,-0.5027848662568707,-6.815655490589026,-7.304812961337582
-50.27848662568707,0.14517854401769487,-0.5027848662568707,-7.17785449784875,-7.691852187878287
-50.27848662568707,0.1488888558947057,-0.5027848662568707,-7.549430001830244,-8.078937773608903
-50.27848662568707,0.15259916777171653,-0.5027848662568707,-7.930382002533503,-8.464457666890322
-50.27848662568707,0.15630947964872738,-0.5027848662568707,-8.320710499958533,-8.847151632390982
-50.27848662568707,0.16001979152573823,-0.5027848662568707,-8.720415494105334,-9.226174929364486
-50.27848662568707,0.16373010340274907,-0.5027848662568707,-9.129496984973901,-9.601140559606579
-50.27848662568707,0.1674404152797599,-0.5027848662568707,-9.547954972564234,-9.97213919559275
-50.27848662568707,0.17115072715677074,-0.5027848662568707,-9.97578945687634,-10.339737921954905
-50.27848662568707,0.17486103903378158,-0.5027848662568707,-10.413000437910215,-10.704960506904417
-50.27848662568707,0.17857135091079243,-0.5027848662568707,-10.859587915665855,-11.069252913121117
-50.27848662568707,0.18228166278780325,-0.5027848662568707,-11.315551890143265,-11.43443813265944
-50.27848662568707,0.1859919746648141,-0.5027848662568707,-11.780892361342444,-11.80266426201045
-50.27848662568707,0.18970228654182494,-0.5027848662568707,-12.255609329263393,-12.176349158819075
-50.27848662568707,0.1934125984188358,-0.5027848662568707,-12.739702793906112,-12.558124198955253
-50.27848662568707,0.1971229102958466,-0.5027848662568707,-13.233172755270592,-12.950778726241511
-50.27848662568707,0.20083322217285746,-0.5027848662568707,-13.736019213356846,-13.357205866890084
-50.27848662568707,0.2045435340498683,-0.5027848662568707,-14.24824216816487,-13.780349533874544
-50.27848662568707,0.20825384592687915,-0.5027848662568707,-14.769841619694661,-14.223151701807508
-50.27848662568707,0.21196415780388997,-0.5027848662568707,-15.300817567946218,-14.688498393114836
-50.27848662568707,0.21567446968090082,-0.5027848662568707,-15.841170012919546,-15.179162276334427
-50.27848662568707,0.21938478155791166,-0.5027848662568707,-16.390898954614645,-15.697739346522487
-50.27848662568707,0.2230950934349225,-0.5027848662568707,-16.95000439303151,-16.246576883393185
-50.27848662568707,0.22680540531193333,-0.5027848662568707,-17.51848632817014,-16.827689872094467
-50.27848662568707,0.23051571718894417,-0.5027848662568707,-18.096344760030544,-17.44266350417319
-50.27848662568707,0.23422602906595502,-0.5027848662568707,-18.683579688612717,-18.092540497506675
-50.27848662568707,0.23793634094296587,-0.5027848662568707,-19.280191113916658,-18.777694052951944
-50.27848662568707,0.2416466528199767,-0.5027848662568707,-19.886179035942362,-19.497690506227116
-50.27848662568707,0.24535696469698753,-0.5027848662568707,-20.501543454689838,-20.251150135646505
-50.27848662568707,0.24906727657399838,-0.5027848662568707,-21.126284370159087,-21.035619776820077
-50.27848662568707,0.2527775884510092,-0.5027848662568707,-21.760401782350105,-21.847475990238493
-50.27848662568707,0.25648790032802005,-0.5027848662568707,-22.403895691262882,-22.68188111691905
-50.27848662568707,0.2601982122050309,-0.5027848662568707,-23.05676609689744,-23.532814917828226
-50.27848662568707,0.26390852408204174,-0.5027848662568707,-23.719012999253753,-24.393200079320856
-50.27848662568707,0.26761883595905256,-0.5027848662568707,-24.390636398331836,-25.25513000406731
-50.27848662568707,0.27132914783606343,-0.5027848662568707,-25.0716362941317,-26.110192834650952
-50.27848662568707,0.27503945971307425,-0.5027848662568707,-25.762012686653325,-26.949869167581753
-50.27848662568707,0.27874977159008507,-0.5027848662568707,-26.461765575896713,-27.765966292309344
-50.27848662568707,0.28246008346709595,-0.5027848662568707,-27.170894961861887,-28.55104304990536
-50.27848662568707,0.28617039534410676,-0.5027848662568707,-27.88940084454881,-29.29877925117173
-50.27848662568707,0.28988070722111764,-0.5027848662568707,-28.617283223957518,-30.004252328461583
-50.27848662568707,0.29359101909812846,-0.5027848662568707,-29.354542100087983,-30.664099260151154
-50.27848662568707,0.2973013309751393,-0.5027848662568707,-30.10117747294022,-31.276559824613592
-50.27848662568707,0.30101164285215015,-0.5027848662568707,-30.857189342514232,-31.84141365494061
-50.27848662568707,0.30472195472916097,-0.5027848662568707,-31.62257770881,-32.35983519241753
-48.89060977421804,0.011607316445304631,-0.4889060977421804,-0.045509194485363835,-0.4547403445910856
-48.89060977421804,0.015317628322315471,-0.4889060977421804,-0.07925351884825996,-0.5287392817244827
-48.89060977421804,0.01902794019932631,-0.4889060977421804,-0.12229791558240395,-0.6037563909230785
-48.89060977421804,0.02273825207633715,-0.4889060977421804,-0.17464238468779586,-0.680101078234455
-48.89060977421804,0.02644856395334799,-0.4889060977421804,-0.2362869261644357,-0.7581173852606353
-48.89060977421804,0.03015887583035883,-0.4889060977421804,-0.3072315400123234,-0.8381866323446232
-48.89060977421804,0.03386918770736967,-0.4889060977421804,-0.3874762262314591,-0.92073012709466
-48.89060977421804,0.03757949958438051,-0.4889060977421804,-0.4770209848218426,-1.0062118701255507
-48.89060977421804,0.04128981146139135,-0.4889060977421804,-0.5758658157834741,-1.0951411632836683
-48.89060977421804,0.04500012333840219,-0.4889060977421804,-0.6840107191163534,-1.1880749929791445
-48.89060977421804,0.04871043521541303,-0.4889060977421804,-0.8014556948204806,-1.2856200220124245
-48.89060977421804,0.05242074709242387,-0.4889060977421804,-0.9282007428958557,-1.3884339772101564
-48.89060977421804,0.05613105896943471,-0.4889060977421804,-1.0642458633424787,-1.4972261675887095
-48.89060977421804,0.05984137084644555,-0.4889060977421804,-1.2095910561603496,-1.6127568098278289
-48.89060977421804,0.06355168272345639,-0.4889060977421804,-1.3642363213494686,-1.735834777032668
-48.89060977421804,0.06726199460046722,-0.4889060977421804,-1.528181658909835,-1.8673133273392235
-48.89060977421804,0.07097230647747807,-0.4889060977421804,-1.7014270688414497,-2.008083317456747
-48.89060977421804,0.0746826183544889,-0.4889060977421804,-1.883972551144312,-2.159063372183007
-48.89060977421804,0.07839293023149975,-0.4889060977421804,-2.0758181058184224,-2.3211864769688653
-48.89060977421804,0.08210324210851058,-0.4889060977421804,-2.2769637328637806,-2.4953825027307968
-48.89060977421804,0.08581355398552143,-0.4889060977421804,-2.487409432280387,-2.6825562790039807
-48.89060977421804,0.08952386586253226,-0.4889060977421804,-2.707155204068241,-2.8835610230234128
-48.89060977421804,0.09323417773954311,-0.4889060977421804,-2.936201048227343,-3.0991672264894374
-48.89060977421804,0.09694448961655394,-0.4889060977421804,-3.174546964757693,-3.330027510451531
-48.89060977421804,0.10065480149356479,-0.4889060977421804,-3.4221929536592905,-3.5766384814800025
-48.89060977421804,0.10436511337057562,-0.4889060977421804,-3.6791390149321366,-3.8393012393072885
-48.89060977421804,0.10807542524758647,-0.4889060977421804,-3.9453851485762303,-4.118082851542934
-48.89060977421804,0.1117857371245973,-0.4889060977421804,-4.220931354591571,-4.412781748679841
-48.89060977421804,0.11549604900160815,-0.4889060977421804,-4.505777632978162,-4.722900496919661
-48.89060977421804,0.11920636087861898,-0.4889060977421804,-4.799923983735998,-5.047629651933627
-48.89060977421804,0.12291667275562983,-0.4889060977421804,-5.103370406865084,-5.385846257637172
-48.89060977421804,0.12662698463264066,-0.4889060977421804,-5.416116902365417,-5.736129932711403
-48.89060977421804,0.1303372965096515,-0.4889060977421804,-5.738163470236998,-6.096798347815335
-48.89060977421804,0.13404760838666235,-0.4889060977421804,-6.069510110479827,-6.465962292783181
-48.89060977421804,0.13775792026367317,-0.4889060977421804,-6.410156823093903,-6.841598624809317
-48.89060977421804,0.14146823214068402,-0.4889060977421804,-6.760103608079228,-7.22163742838649
-48.89060977421804,0.14517854401769487,-0.4889060977421804,-7.119350465435801,-7.6040580117609675
-48.89060977421804,0.1488888558947057,-0.4889060977421804,-7.487897395163622,-7.98698720962988
-48.89060977421804,0.15259916777171653,-0.4889060977421804,-7.865744397262689,-8.368793074871618
-48.89060977421804,0.15630947964872738,-0.4889060977421804,-8.252891471733006,-8.748167504663812
-48.89060977421804,0.16001979152573823,-0.4889060977421804,-8.649338618574571,-9.124192580595047
-48.89060977421804,0.16373010340274907,-0.4889060977421804,-9.055085837787383,-9.496387189129692
-48.89060977421804,0.1674404152797599,-0.4889060977421804,-9.47013312937144,-9.864732521054659
-48.89060977421804,0.17115072715677074,-0.4889060977421804,-9.89448049332675,-10.229677003496514
-48.89060977421804,0.17486103903378158,-0.4889060977421804,-10.328127929653306,-10.59212282531297
-48.89060977421804,0.17857135091079243,-0.4889060977421804,-10.77107543835111,-10.953397304260234
-48.89060977421804,0.18228166278780325,-0.4889060977421804,-11.22332301942016,-11.31521285444051
-48.89060977421804,0.1859919746648141,-0.4889060977421804,-11.684870672860459,-11.679619288134328
-48.89060977421804,0.18970228654182494,-0.4889060977421804,-12.15571839867201,-12.048951739211676
-48.89060977421804,0.1934125984188358,-0.4889060977421804,-12.635866196854806,-12.42577676877361
-48.89060977421804,0.1971229102958466,-0.4889060977421804,-13.125314067408846,-12.812838347467798
-48.89060977421804,0.20083322217285746,-0.4889060977421804,-13.624062010334136,-13.213004516956982
-48.89060977421804,0.2045435340498683,-0.4889060977421804,-14.132110025630677,-13.62921469248478
-48.89060977421804,0.20825384592687915,-0.4889060977421804,-14.649458113298465,-14.064426820476031
-48.89060977421804,0.21196415780388997,-0.4889060977421804,-15.176106273337497,-14.521562963947778
-48.89060977421804,0.21567446968090082,-0.4889060977421804,-15.712054505747782,-15.003451357138468
-48.89060977421804,0.21938478155791166,-0.4889060977421804,-16.257302810529314,-15.51276256013673
-48.89060977421804,0.2230950934349225,-0.4889060977421804,-16.81185118768209,-16.051937094660683
-48.89060977421804,0.22680540531193333,-0.4889060977421804,-17.375699637206115,-16.623101943180824
-48.89060977421804,0.23051571718894417,-0.4889060977421804,-17.948848159101388,-17.227973697682273
-48.89060977421804,0.23422602906595502,-0.4889060977421804,-18.53129675336791,-17.867747163748138
-48.89060977421804,0.23793634094296587,-0.4889060977421804,-19.123045420005685,-18.542970100668185
-48.89060977421804,0.2416466528199767,-0.4889060977421804,-19.724094159014697,-19.25340770423671
-48.89060977421804,0.24535696469698753,-0.4889060977421804,-20.334442970394967,-19.99790444647313
-48.89060977421804,0.24906727657399838,-0.4889060977421804,-20.95409185414648,-20.774255690415657
-48.89060977421804,0.2527775884510092,-0.4889060977421804,-21.583040810269246,-21.579106360486122
-48.89060977421804,0.25648790032802005,-0.4889060977421804,-22.22128983876325,-22.40789763792877
-48.89060977421804,0.2601982122050309,-0.4889060977421804,-22.868838939628514,-23.2548835914248
-48.89060977421804,0.26390852408204174,-0.4889060977421804,-23.525688112865016,-24.113236331008004
-48.89060977421804,0.26761883595905256,-0.4889060977421804,-24.191837358472764,-24.975249850879997
-48.89060977421804,0.27132914783606343,-0.4889060977421804,-24.867286676451773,-25.832639672361132
-48.89060977421804,0.27503945971307425,-0.4889060977421804,-25.55203606680202,-26.676919813901748
-48.89060977421804,0.27874977159008507,-0.4889060977421804,-26.246085529523512,-27.499823959301807
-48.89060977421804,0.28246008346709595,-0.4889060977421804,-26.949435064616264,-28.29372783210512
-48.89060977421804,0.28617039534410676,-0.4889060977421804,-27.66208467208025,-29.052027649224357
-48.89060977421804,0.28988070722111764,-0.4889060977421804,-28.3840343519155,-29.76943598669611
-48.89060977421804,0.29359101909812846,-0.4889060977421804,-29.115284104121983,-30.442169856847116
-48.89060977421804,0.2973013309751393,-0.4889060977421804,-29.855833928699717,-31.06802280352992
-48.89060977421804,0.30101164285215015,-0.4889060977421804,-30.605683825648708,-31.646329285180833
-48.89060977421804,0.30472195472916097,-0.4889060977421804,-31.364833794968934,-32.17784216903031
-47.502732922749004,0.011607316445304631,-0.47502732922749,-0.04513521775782596,-0.5079195827371423
-47.502732922749004,0.015317628322315471,-0.47502732922749,-0.07860224448579534,-0.579637188211021
-47.502732922749004,0.01902794019932631,-0.47502732922749,-0.12129291923449188,-0.6523983426999465
-47.502732922749004,0.02273825207633715,-0.47502732922749,-0.1732072420039156,-0.726507966767338
-47.502732922749004,0.02644856395334799,-0.47502732922749,-0.23434521279406656,-0.8023041246009273
-47.502732922749004,0.03015887583035883,-0.47502732922749,-0.30470683160494466,-0.8801605442530462
-47.502732922749004,0.03386918770736967,-0.47502732922749,-0.3842920984365501,-0.9604891988413442
-47.502732922749004,0.03757949958438051,-0.47502732922749,-0.47310101328888254,-1.0437428841497676
-47.502732922749004,0.04128981146139135,-0.47502732922749,-0.5711335761619423,-1.1304177033285523
-47.502732922749004,0.04500012333840219,-0.47502732922749,-0.6783897870557292,-1.221055339119041
-47.502732922749004,0.04871043521541303,-0.47502732922749,-0.7948696459702432,-1.3162449577163011
-47.502732922749004,0.05242074709242387,-0.47502732922749,-0.9205731529054845,-1.4166245458089701
-47.502732922749004,0.05613105896943471,-0.47502732922749,-1.0555003078614529,-1.5228814337785375
-47.502732922749004,0.05984137084644555,-0.47502732922749,-1.1996511108381485,-1.6357517045595564
-47.502732922749004,0.06355168272345639,-0.47502732922749,-1.3530255618355713,-1.7560181314619028
-47.502732922749004,0.06726199460046722,-0.47502732922749,-1.515623660853721,-1.8845062331290166
-47.502732922749004,0.07097230647747807,-0.47502732922749,-1.6874454078925984,-2.0220779856191795
-47.502732922749004,0.0746826183544889,-0.47502732922749,-1.8684908029522027,-2.1696226987730354
-47.502732922749004,0.07839293023149975,-0.47502732922749,-2.0587598460325345,-2.3280445579077496
-47.502732922749004,0.08210324210851058,-0.47502732922749,-2.258252537133593,-2.4982463667731203
-47.502732922749004,0.08581355398552143,-0.47502732922749,-2.466968876255379,-2.681109120450391
-47.502732922749004,0.08952386586253226,-0.47502732922749,-2.684908863397892,-2.877467205509859
-47.502732922749004,0.09323417773954311,-0.47502732922749,-2.9120724985611326,-3.0880792860647546
-47.502732922749004,0.09694448961655394,-0.47502732922749,-3.1484597817450997,-3.3135953000669387
-47.502732922749004,0.10065480149356479,-0.47502732922749,-3.3940707129497945,-3.5545204616419204
-47.502732922749004,0.10436511337057562,-0.47502732922749,-3.6489052921752165,-3.8111777272271965
-47.502732922749004,0.10807542524758647,-0.47502732922749,-3.912963519421366,-4.083670797768256
-47.502732922749004,0.1117857371245973,-0.47502732922749,-4.186245394688242,-4.371850331181433
-47.502732922749004,0.11549604900160815,-0.47502732922749,-4.468750917975846,-4.675286536608668
-47.502732922749004,0.11920636087861898,-0.47502732922749,-4.760480089284176,-4.993251602496179
-47.502732922749004,0.12291667275562983,-0.47502732922749,-5.061432908613234,-5.324715357763434
-47.502732922749004,0.12662698463264066,-0.47502732922749,-5.371609375963018,-5.668357082918182
-47.502732922749004,0.1303372965096515,-0.47502732922749,-5.6910094913335305,-6.022595429188708
-47.502732922749004,0.13404760838666235,-0.47502732922749,-6.019633254724771,-6.38563699919093
-47.502732922749004,0.13775792026367317,-0.47502732922749,-6.357480666136736,-6.755542416495132
-47.502732922749004,0.14146823214068402,-0.47502732922749,-6.704551725569431,-7.130306876981603
-47.502732922749004,0.14517854401769487,-0.47502732922749,-7.060846433022851,-7.507950504456484
-47.502732922749004,0.1488888558947057,-0.47502732922749,-7.4263647884970005,-7.886612605615028
-47.502732922749004,0.15259916777171653,-0.47502732922749,-7.801106791991874,-8.26464335766491
-47.502732922749004,0.15630947964872738,-0.47502732922749,-8.185072443507478,-8.640686676453761
-47.502732922749004,0.16001979152573823,-0.47502732922749,-8.578261743043807,-9.013748972486573
-47.502732922749004,0.16373010340274907,-0.47502732922749,-8.980674690600866,-9.383250039197875
-47.502732922749004,0.1674404152797599,-0.47502732922749,-9.392311286178646,-9.749054168594274
-47.502732922749004,0.17115072715677074,-0.47502732922749,-9.813171529777158,-10.111481455920835
-47.502732922749004,0.17486103903378158,-0.47502732922749,-10.243255421396398,-10.471300869351863
-47.502732922749004,0.17857135091079243,-0.47502732922749,-10.682562961036364,-10.829707833810813
-47.502732922749004,0.18228166278780325,-0.47502732922749,-11.131094148697056,-11.18828972271163
-47.502732922749004,0.1859919746648141,-0.47502732922749,-11.588848984378474,-11.548982778322221
-47.502732922749004,0.18970228654182494,-0.47502732922749,-12.055827468080624,-11.914023674903676
-47.502732922749004,0.1934125984188358,-0.47502732922749,-12.532029599803499,-12.285898323342272
-47.502732922749004,0.1971229102958466,-0.47502732922749,-13.017455379547098,-12.6672897239871
-47.502732922749004,0.20083322217285746,-0.47502732922749,-13.512104807311426,-13.061025821433645
-47.502732922749004,0.2045435340498683,-0.47502732922749,-14.015977883096484,-13.470027486451317
-47.502732922749004,0.20825384592687915,-0.47502732922749,-14.529074606902268,-13.897255998635218
-47.502732922749004,0.21196415780388997,-0.47502732922749,-15.051394978728775,-14.345658754357187
-47.502732922749004,0.21567446968090082,-0.47502732922749,-15.582938998576015,-14.818111389546628
-47.502732922749004,0.21938478155791166,-0.47502732922749,-16.12370666644398,-15.317354099469027
-47.502732922749004,0.2230950934349225,-0.47502732922749,-16.673697982332673,-15.845919693057331
-47.502732922749004,0.22680540531193333,-0.47502732922749,-17.232912946242088,-16.406050912466284
-47.502732922749004,0.23051571718894417,-0.47502732922749,-17.801351558172236,-16.999604907802038
-47.502732922749004,0.23422602906595502,-0.47502732922749,-18.37901381812311,-17.62794366511107
-47.502732922749004,0.23793634094296587,-0.47502732922749,-18.96589972609471,-18.29181085671341
-47.502732922749004,0.2416466528199767,-0.47502732922749,-19.562009282087036,-18.99119820373259
-47.502732922749004,0.24535696469698753,-0.47502732922749,-20.167342486100093,-19.725208070284104
-47.502732922749004,0.24906727657399838,-0.47502732922749,-20.781899338133876,-20.491923444102717
-47.502732922749004,0.2527775884510092,-0.47502732922749,-21.405679838188387,-21.28830110123316
-47.502732922749004,0.25648790032802005,-0.47502732922749,-22.03868398626362,-22.110107545792914
-47.502732922749004,0.2601982122050309,-0.47502732922749,-22.68091178235959,-22.95191883704222
-47.502732922749004,0.26390852408204174,-0.47502732922749,-23.332363226476275,-23.807203195886245
-47.502732922749004,0.26761883595905256,-0.47502732922749,-23.99303831861369,-24.668498340207634
-47.502732922749004,0.27132914783606343,-0.47502732922749,-24.662937058771842,-25.52768394421517
-47.502732922749004,0.27503945971307425,-0.47502732922749,-25.342059446950714,-26.37633505566866
-47.502732922749004,0.27874977159008507,-0.47502732922749,-26.030405483150307,-27.206127734367044
-47.502732922749004,0.28246008346709595,-0.47502732922749,-26.72797516737064,-28.00925725105614
-47.502732922749004,0.28617039534410676,-0.47502732922749,-27.43476849961169,-28.778825027259757
-47.502732922749004,0.28988070722111764,-0.47502732922749,-28.15078547987348,-29.509154517574885
-47.502732922749004,0.29359101909812846,-0.47502732922749,-28.87602610815598,-30.1960075563104
-47.502732922749004,0.2973013309751393,-0.47502732922749,-29.610490384459215,-30.836688431361793
-47.502732922749004,0.30101164285215015,-0.47502732922749,-30.354178308783187,-31.43003927659771
-47.502732922749004,0.30472195472916097,-0.47502732922749,-31.10708988112787,-31.976343793234136
-46.11485607127997,0.011607316445304631,-0.46114856071279975,-0.044761241030288085,-0.5589380490242837
-46.11485607127997,0.015317628322315471,-0.46114856071279975,-0.07795097012333072,-0.6283532316057627
-46.11485607127997,0.01902794019932631,-0.46114856071279975,-0.12028792288657982,-0.6988372832889631
-46.11485607127997,0.02273825207633715,-0.46114856071279975,-0.17177209932003537,-0.7706894370007351
-46.11485607127997,0.02644856395334799,-0.46114856071279975,-0.23240349942369745,-0.8442405381715083
-46.11485607127997,0.03015887583035883,-0.46114856071279975,-0.302182123197566,-0.9198554446290075
-46.11485607127997,0.03386918770736967,-0.46114856071279975,-0.38110797064164104,-0.9979354840508741
-46.11485607127997,0.03757949958438051,-0.46114856071279975,-0.4691810417559225,-1.0789209083905549
-46.11485607127997,0.04128981146139135,-0.46114856071279975,-0.5664013365404105,-1.1632932618646015
-46.11485607127997,0.04500012333840219,-0.46114856071279975,-0.672768854995105,-1.2515775512170881
-46.11485607127997,0.04871043521541303,-0.46114856071279975,-0.788283597120006,-1.344344073593704
-46.11485607127997,0.05242074709242387,-0.46114856071279975,-0.9129455629151133,-1.4422097182584208
-46.11485607127997,0.05613105896943471,-0.46114856071279975,-1.0467547523804273,-1.5458385138006276
-46.11485607127997,0.05984137084644555,-0.46114856071279975,-1.1897111655159474,-1.655941143334159
-46.11485607127997,0.06355168272345639,-0.46114856071279975,-1.3418148023216743,-1.773273098414406
-46.11485607127997,0.06726199460046722,-0.46114856071279975,-1.5030656627976073,-1.898631091327034
-46.11485607127997,0.07097230647747807,-0.46114856071279975,-1.6734637469437472,-2.0328473001975365
-46.11485607127997,0.0746826183544889,-0.46114856071279975,-1.8530090547600933,-2.176780989459944
-46.11485607127997,0.07839293023149975,-0.46114856071279975,-2.041701586246646,-2.3313070396320557
-46.11485607127997,0.08210324210851058,-0.46114856071279975,-2.239541341403405,-2.4973009477859662
-46.11485607127997,0.08581355398552143,-0.46114856071279975,-2.446528320230371,-2.6756199386314794
-46.11485607127997,0.08952386586253226,-0.46114856071279975,-2.662662522727543,-2.8670799720789164
-46.11485607127997,0.09323417773954311,-0.46114856071279975,-2.8879439488949217,-3.072428662089692
-46.11485607127997,0.09694448961655394,-0.46114856071279975,-3.1223725987325066,-3.2923144451203656
-46.11485607127997,0.10065480149356479,-0.46114856071279975,-3.3659484722402984,-3.5272527575603316
-46.11485607127997,0.10436511337057562,-0.46114856071279975,-3.618671569418296,-3.7775904893084578
-46.11485607127997,0.10807542524758647,-0.46114856071279975,-3.8805418902665014,-4.043470544477634
-46.11485607127997,0.1117857371245973,-0.46114856071279975,-4.151559434784912,-4.324798905718525
-46.11485607127997,0.11549604900160815,-0.46114856071279975,-4.4317242029735295,-4.621217086599218
-46.11485607127997,0.11920636087861898,-0.46114856071279975,-4.721036194832354,-4.9320831677123005
-46.11485607127997,0.12291667275562983,-0.46114856071279975,-5.019495410361384,-5.256464640014143
-46.11485607127997,0.12662698463264066,-0.46114856071279975,-5.327101849560621,-5.593145929361535
-46.11485607127997,0.1303372965096515,-0.46114856071279975,-5.643855512430064,-5.940652693848355
-46.11485607127997,0.13404760838666235,-0.46114856071279975,-5.969756398969714,-6.297293779274708
-46.11485607127997,0.13775792026367317,-0.46114856071279975,-6.3048045091795695,-6.661220179016778
-46.11485607127997,0.14146823214068402,-0.46114856071279975,-6.648999843059633,-7.0304986473554445
-46.11485607127997,0.14517854401769487,-0.46114856071279975,-7.002342400609902,-7.4031959973750405
-46.11485607127997,0.1488888558947057,-0.46114856071279975,-7.364832181830378,-7.7774688338079025
-46.11485607127997,0.15259916777171653,-0.46114856071279975,-7.7364691867210595,-8.151652750955595
-46.11485607127997,0.15630947964872738,-0.46114856071279975,-8.117253415281949,-8.524345001315702
-46.11485607127997,0.16001979152573823,-0.46114856071279975,-8.507184867513045,-8.894475323865358
-46.11485607127997,0.16373010340274907,-0.46114856071279975,-8.906263543414347,-9.261360895844401
-46.11485607127997,0.1674404152797599,-0.46114856071279975,-9.314489442985852,-9.624743020737416
-46.11485607127997,0.17115072715677074,-0.46114856071279975,-9.731862566227568,-9.984804919766056
-46.11485607127997,0.17486103903378158,-0.46114856071279975,-10.15838291313949,-10.34217159455918
-46.11485607127997,0.17857135091079243,-0.46114856071279975,-10.594050483721617,-10.697893973018399
-46.11485607127997,0.18228166278780325,-0.46114856071279975,-11.038865277973951,-11.053420324584216
-46.11485607127997,0.1859919746648141,-0.46114856071279975,-11.49282729589649,-11.410558213310557
-46.11485607127997,0.18970228654182494,-0.46114856071279975,-11.955936537489238,-11.771430101960107
-46.11485607127997,0.1934125984188358,-0.46114856071279975,-12.428193002752193,-12.138425230825025
-46.11485607127997,0.1971229102958466,-0.46114856071279975,-12.909596691685351,-12.514149692473465
-46.11485607127997,0.20083322217285746,-0.46114856071279975,-13.400147604288717,-12.901375822508491
-46.11485607127997,0.2045435340498683,-0.46114856071279975,-13.899845740562291,-13.302991218197727
-46.11485607127997,0.20825384592687915,-0.46114856071279975,-14.408691100506072,-13.721946944135192
-46.11485607127997,0.21196415780388997,-0.46114856071279975,-14.926683684120054,-14.161203823542325
-46.11485607127997,0.21567446968090082,-0.46114856071279975,-15.453823491404249,-14.623675165464844
-46.11485607127997,0.21938478155791166,-0.46114856071279975,-15.990110522358648,-15.112163859554835
-46.11485607127997,0.2230950934349225,-0.46114856071279975,-16.535544776983254,-15.629291513158229
-46.11485607127997,0.22680540531193333,-0.46114856071279975,-17.09012625527806,-16.177417273127446
-46.11485607127997,0.23051571718894417,-0.46114856071279975,-17.65385495724308,-16.758544275059066
-46.11485607127997,0.23422602906595502,-0.46114856071279975,-18.226730882878307,-17.374212452059602
-46.11485607127997,0.23793634094296587,-0.46114856071279975,-18.80875403218374,-18.025377903600294
-46.11485607127997,0.2416466528199767,-0.46114856071279975,-19.399924405159375,-18.712281350676218
-46.11485607127997,0.24535696469698753,-0.46114856071279975,-20.00024200180522,-19.434311469731597
-46.11485607127997,0.24906727657399838,-0.46114856071279975,-20.60970682212127,-20.18987297594188
-46.11485607127997,0.2527775884510092,-0.46114856071279975,-21.228318866107532,-20.97627374913572
-46.11485607127997,0.25648790032802005,-0.46114856071279975,-21.85607813376399,-21.78964917573719
-46.11485607127997,0.2601982122050309,-0.46114856071279975,-22.492984625090667,-22.62494395261482
-46.11485607127997,0.26390852408204174,-0.46114856071279975,-23.139038340087538,-23.47597045896503
-46.11485607127997,0.26761883595905256,-0.46114856071279975,-23.794239278754613,-24.33555735596702
-46.11485607127997,0.27132914783606343,-0.46114856071279975,-24.45858744109191,-25.195792101663493
-46.11485607127997,0.27503945971307425,-0.46114856071279975,-25.132082827099406,-26.0483476810725
-46.11485607127997,0.27874977159008507,-0.46114856071279975,-25.814725436777103,-26.88486955156113
-46.11485607127997,0.28246008346709595,-0.46114856071279975,-26.50651527012502,-27.69738696782158
-46.11485607127997,0.28617039534410676,-0.46114856071279975,-27.20745232714313,-28.47870670523166
-46.11485607127997,0.28988070722111764,-0.46114856071279975,-27.917536607831458,-29.22274866296131
-46.11485607127997,0.29359101909812846,-0.46114856071279975,-28.63676811218998,-29.924791745037005
-46.11485607127997,0.2973013309751393,-0.46114856071279975,-29.365146840218713,-30.58161257524874
-46.11485607127997,0.30101164285215015,-0.46114856071279975,-30.102672791917662,-31.19151552159834
-46.11485607127997,0.30472195472916097,-0.46114856071279975,-30.849345967286805,-31.754266640747737
-44.726979219810936,0.011607316445304631,-0.44726979219810936,-0.04438726430275021,-0.6074977995341486
-44.726979219810936,0.015317628322315471,-0.44726979219810936,-0.0772996957608661,-0.674600929859122
-44.726979219810936,0.01902794019932631,-0.44726979219810936,-0.11928292653866773,-0.7427966357438089
-44.726979219810936,0.02273825207633715,-0.44726979219810936,-0.17033695663615514,-0.8123772852832563
-44.726979219810936,0.02644856395334799,-0.44726979219810936,-0.23046178605332834,-0.8836653066679157
-44.726979219810936,0.03015887583035883,-0.44726979219810936,-0.29965741479018726,-0.9570154711969412
-44.726979219810936,0.03386918770736967,-0.44726979219810936,-0.377923842846732,-1.0328172315244544
-44.726979219810936,0.03757949958438051,-0.44726979219810936,-0.4652610702229625,-1.111497058882124
-44.726979219810936,0.04128981146139135,-0.44726979219810936,-0.5616690969188788,-1.193520702123239
-44.726979219810936,0.04500012333840219,-0.44726979219810936,-0.6671479229344808,-1.2793952659523038
-44.726979219810936,0.04871043521541303,-0.44726979219810936,-0.7816975482697686,-1.3696709752153247
-44.726979219810936,0.05242074709242387,-0.44726979219810936,-0.9053179729247421,-1.4649424564265425
-44.726979219810936,0.05613105896943471,-0.44726979219810936,-1.0380091968994014,-1.5658493269778893
-44.726979219810936,0.05984137084644555,-0.44726979219810936,-1.1797712201937465,-1.6730758374981134
-44.726979219810936,0.06355168272345639,-0.44726979219810936,-1.3306040428077772,-1.78734926526091
-44.726979219810936,0.06726199460046722,-0.44726979219810936,-1.4905076647414934,-1.9094367092649254
-44.726979219810936,0.07097230647747807,-0.44726979219810936,-1.659482085994896,-2.0401398951071545
-44.726979219810936,0.0746826183544889,-0.44726979219810936,-1.837527306567984,-2.1802875665155463
-44.726979219810936,0.07839293023149975,-0.44726979219810936,-2.0246433264607577,-2.3307250291681765
-44.726979219810936,0.08210324210851058,-0.44726979219810936,-2.2208301456732173,-2.4923004323985527
-44.726979219810936,0.08581355398552143,-0.44726979219810936,-2.4260877642053633,-2.6658474389367983
-44.726979219810936,0.08952386586253226,-0.44726979219810936,-2.640416182057194,-2.8521640566779993
-44.726979219810936,0.09323417773954311,-0.44726979219810936,-2.8638153992287108,-3.051987603999758
-44.726979219810936,0.09694448961655394,-0.44726979219810936,-3.0962854157199136,-3.26596606275277
-44.726979219810936,0.10065480149356479,-0.44726979219810936,-3.337826231530802,-3.4946264452713134
-44.726979219810936,0.10436511337057562,-0.44726979219810936,-3.588437846661376,-3.7383412565630385
-44.726979219810936,0.10807542524758647,-0.44726979219810936,-3.8481202611116365,-3.9972946465728203
-44.726979219810936,0.1117857371245973,-0.44726979219810936,-4.116873474881582,-4.27145037556551
-44.726979219810936,0.11549604900160815,-0.44726979219810936,-4.3946974879712135,-4.560524191263366
-44.726979219810936,0.11920636087861898,-0.44726979219810936,-4.68159230038053,-4.863963552928535
-44.726979219810936,0.12291667275562983,-0.44726979219810936,-4.977557912109534,-5.180937738470691
-44.726979219810936,0.12662698463264066,-0.44726979219810936,-5.282594323158222,-5.51034114551095
-44.726979219810936,0.1303372965096515,-0.44726979219810936,-5.596701533526597,-5.850811984109237
-44.726979219810936,0.13404760838666235,-0.44726979219810936,-5.919879543214658,-6.200767547537126
-44.726979219810936,0.13775792026367317,-0.44726979219810936,-6.252128352222403,-6.558455898713352
-44.726979219810936,0.14146823214068402,-0.44726979219810936,-6.5934479605498355,-6.922022261154792
-44.726979219810936,0.14517854401769487,-0.44726979219810936,-6.943838368196952,-7.289586856285571
-44.726979219810936,0.1488888558947057,-0.44726979219810936,-7.303299575163757,-7.659329617423292
-44.726979219810936,0.15259916777171653,-0.44726979219810936,-7.6718315814502445,-8.029576353562897
-44.726979219810936,0.15630947964872738,-0.44726979219810936,-8.04943438705642,-8.398880687302807
-44.726979219810936,0.16001979152573823,-0.44726979219810936,-8.436107991982281,-8.766096501967095
-44.726979219810936,0.16373010340274907,-0.44726979219810936,-8.831852396227829,-9.130436636695956
-44.726979219810936,0.1674404152797599,-0.44726979219810936,-9.236667599793059,-9.491514995413613
-44.726979219810936,0.17115072715677074,-0.44726979219810936,-9.650553602677977,-9.849370852514483
-44.726979219810936,0.17486103903378158,-0.44726979219810936,-10.073510404882581,-10.204475698915626
-44.726979219810936,0.17857135091079243,-0.44726979219810936,-10.505538006406871,-10.55772426791797
-44.726979219810936,0.18228166278780325,-0.44726979219810936,-10.946636407250844,-10.910412273510302
-44.726979219810936,0.1859919746648141,-0.44726979219810936,-11.396805607414505,-11.2642038309667
-44.726979219810936,0.18970228654182494,-0.44726979219810936,-11.856045606897855,-11.621091534194498
-44.726979219810936,0.1934125984188358,-0.44726979219810936,-12.324356405700888,-11.983351814853364
-44.726979219810936,0.1971229102958466,-0.44726979219810936,-12.801738003823603,-12.353497611484428
-44.726979219810936,0.20083322217285746,-0.44726979219810936,-13.288190401266007,-12.734229642604854
-44.726979219810936,0.2045435340498683,-0.44726979219810936,-13.783713598028099,-13.128386800954372
-44.726979219810936,0.20825384592687915,-0.44726979219810936,-14.288307594109876,-13.538895438003967
-44.726979219810936,0.21196415780388997,-0.44726979219810936,-14.801972389511333,-13.968716635291635
-44.726979219810936,0.21567446968090082,-0.44726979219810936,-15.324707984232482,-14.420789991079793
-44.726979219810936,0.21938478155791166,-0.44726979219810936,-15.856514378273316,-14.897972009671708
-44.726979219810936,0.2230950934349225,-0.44726979219810936,-16.397391571633833,-15.40296689690567
-44.726979219810936,0.22680540531193333,-0.44726979219810936,-16.947339564314035,-15.938247492748646
-44.726979219810936,0.23051571718894417,-0.44726979219810936,-17.50635835631393,-16.50596430124353
-44.726979219810936,0.23422602906595502,-0.44726979219810936,-18.074447947633505,-17.107841243017674
-44.726979219810936,0.23793634094296587,-0.44726979219810936,-18.651608338272766,-17.745058024013748
-44.726979219810936,0.2416466528199767,-0.44726979219810936,-19.23783952823171,-18.418121054662272
-44.726979219810936,0.24535696469698753,-0.44726979219810936,-19.833141517510345,-19.12672776910555
-44.726979219810936,0.24906727657399838,-0.44726979219810936,-20.437514306108664,-19.869632920759003
-44.726979219810936,0.2527775884510092,-0.44726979219810936,-21.050957894026674,-20.644529620975526
-44.726979219810936,0.25648790032802005,-0.44726979219810936,-21.67347228126436,-21.447961817512343
-44.726979219810936,0.2601982122050309,-0.44726979219810936,-22.305057467821744,-22.275287476439765
-44.726979219810936,0.26390852408204174,-0.44726979219810936,-22.9457134536988,-23.12071161764053
-44.726979219810936,0.26761883595905256,-0.44726979219810936,-23.59544023889554,-23.977404391436238
-44.726979219810936,0.27132914783606343,-0.44726979219810936,-24.254237823411984,-24.837711063065605
-44.726979219810936,0.27503945971307425,-0.44726979219810936,-24.9221062072481,-25.693448727668525
-44.726979219810936,0.27874977159008507,-0.44726979219810936,-25.5990453904039,-26.536270790701536
-44.726979219810936,0.28246008346709595,-0.44726979219810936,-26.2850553728794,-27.35806773835894
-44.726979219810936,0.28617039534410676,-0.44726979219810936,-26.980136154674568,-28.1513647212605
-44.726979219810936,0.28988070722111764,-0.44726979219810936,-27.68428773578944,-28.909675327950858
-44.726979219810936,0.29359101909812846,-0.44726979219810936,-28.39751011622398,-29.627777196907147
-44.726979219810936,0.2973013309751393,-0.44726979219810936,-29.119803295978215,-30.301887328889514
-44.726979219810936,0.30101164285215015,-0.44726979219810936,-29.85116727505214,-30.929730110032033
-44.726979219810936,0.30472195472916097,-0.44726979219810936,-30.59160205344574,-31.510505654476695
-43.339102368341905,0.011607316445304631,-0.43339102368341903,-0.044013287575212334,-0.6533550681165288
-43.339102368341905,0.015317628322315471,-0.43339102368341903,-0.07664842139840149,-0.7181468386877636
-43.339102368341905,0.01902794019932631,-0.43339102368341903,-0.11827793019075566,-0.7840518676196329
-43.339102368341905,0.02273825207633715,-0.43339102368341903,-0.16890181395227488,-0.8513545485543128
-43.339102368341905,0.02644856395334799,-0.43339102368341903,-0.2285200726829592,-0.9203677786285871
-43.339102368341905,0.03015887583035883,-0.43339102368341903,-0.2971327063828086,-0.9914351286933698
-43.339102368341905,0.03386918770736967,-0.43339102368341903,-0.374739715051823,-1.0649330675354527
-43.339102368341905,0.03757949958438051,-0.43339102368341903,-0.46134109869000245,-1.1412731884477703
-43.339102368341905,0.04128981146139135,-0.43339102368341903,-0.556936857297347,-1.2209043675056037
-43.339102368341905,0.04500012333840219,-0.43339102368341903,-0.6615269908738566,-1.304314759773332
-43.339102368341905,0.04871043521541303,-0.43339102368341903,-0.7751114994195312,-1.3920335119964502
-43.339102368341905,0.05242074709242387,-0.43339102368341903,-0.8976903829343709,-1.4846320379215916
-43.339102368341905,0.05613105896943471,-0.43339102368341903,-1.0292636414183756,-1.582724665356757
-43.339102368341905,0.05984137084644555,-0.43339102368341903,-1.1698312748715454,-1.6869684230725825
-43.339102368341905,0.06355168272345639,-0.43339102368341903,-1.3193932832938802,-1.798061692048285
-43.339102368341905,0.06726199460046722,-0.43339102368341903,-1.4779496666853797,-1.9167414018296896
-43.339102368341905,0.07097230647747807,-0.43339102368341903,-1.6455004250460448,-2.0437784127260272
-43.339102368341905,0.0746826183544889,-0.43339102368341903,-1.8220455583758746,-2.179970693795587
-43.339102368341905,0.07839293023149975,-0.43339102368341903,-2.00758506667487,-2.326133892651229
-43.339102368341905,0.08210324210851058,-0.43339102368341903,-2.2021189499430296,-2.4830889058197387
-43.339102368341905,0.08581355398552143,-0.43339102368341903,-2.4056472081803553,-2.6516461094989925
-43.339102368341905,0.08952386586253226,-0.43339102368341903,-2.618169841386845,-2.8325860132520813
-43.339102368341905,0.09323417773954311,-0.43339102368341903,-2.8396868495625003,-3.0266362667168822
-43.339102368341905,0.09694448961655394,-0.43339102368341903,-3.0701982327073205,-3.234445192924829
-43.339102368341905,0.10065480149356479,-0.43339102368341903,-3.3097039908213057,-3.4565523471411304
-43.339102368341905,0.10436511337057562,-0.43339102368341903,-3.558204123904456,-3.6933570037055397
-43.339102368341905,0.10807542524758647,-0.43339102368341903,-3.815698631956772,-3.9450859377282974
-43.339102368341905,0.1117857371245973,-0.43339102368341903,-4.082187514978251,-4.211762358305081
-43.339102368341905,0.11549604900160815,-0.43339102368341903,-4.3576707729688975,-4.493178309649459
-43.339102368341905,0.11920636087861898,-0.43339102368341903,-4.642148405928708,-4.788873211952785
-43.339102368341905,0.12291667275562983,-0.43339102368341903,-4.935620413857684,-5.098121378532252
-43.339102368341905,0.12662698463264066,-0.43339102368341903,-5.238086796755825,-5.419931234367176
-43.339102368341905,0.1303372965096515,-0.43339102368341903,-5.54954755462313,-5.75305850714462
-43.339102368341905,0.13404760838666235,-0.43339102368341903,-5.870002687459602,-6.096034839585951
-43.339102368341905,0.13775792026367317,-0.43339102368341903,-6.199452195265236,-6.44721211446623
-43.339102368341905,0.14146823214068402,-0.43339102368341903,-6.5378960780400375,-6.804821393687128
-43.339102368341905,0.14517854401769487,-0.43339102368341903,-6.885334335784004,-7.167043916028808
-43.339102368341905,0.1488888558947057,-0.43339102368341903,-7.241766968497135,-7.5320902814377515
-43.339102368341905,0.15259916777171653,-0.43339102368341903,-7.607193976179429,-7.898282981960323
-43.339102368341905,0.15630947964872738,-0.43339102368341903,-7.981615358830892,-8.264136987171714
-43.339102368341905,0.16001979152573823,-0.43339102368341903,-8.365031116451519,-8.628433239562604
-43.339102368341905,0.16373010340274907,-0.43339102368341903,-8.75744124904131,-8.990280643214167
-43.339102368341905,0.1674404152797599,-0.43339102368341903,-9.158845756600263,-9.349163316479785
-43.339102368341905,0.17115072715677074,-0.43339102368341903,-9.569244639128385,-9.704971331624693
-43.339102368341905,0.17486103903378158,-0.43339102368341903,-9.988637896625674,-10.058014656084813
-43.339102368341905,0.17857135091079243,-0.43339102368341903,-10.417025529092124,-10.409021331730003
-43.339102368341905,0.18228166278780325,-0.43339102368341903,-10.85440753652774,-10.75912192409261
-43.339102368341905,0.1859919746648141,-0.43339102368341903,-11.30078391893252,-11.109822860173827
-43.339102368341905,0.18970228654182494,-0.43339102368341903,-11.756154676306469,-11.462971442680677
-43.339102368341905,0.1934125984188358,-0.43339102368341903,-12.220519808649582,-11.820715131725157
-43.339102368341905,0.1971229102958466,-0.43339102368341903,-12.693879315961857,-12.18545721050207
-43.339102368341905,0.20083322217285746,-0.43339102368341903,-13.176233198243297,-12.559810300811781
-43.339102368341905,0.2045435340498683,-0.43339102368341903,-13.667581455493906,-12.946548462985557
-43.339102368341905,0.20825384592687915,-0.43339102368341903,-14.16792408771368,-13.348557880432148
-43.339102368341905,0.21196415780388997,-0.43339102368341903,-14.677261094902612,-13.76878544770326
-43.339102368341905,0.21567446968090082,-0.43339102368341903,-15.195592477060716,-14.210183990445227
-43.339102368341905,0.21938478155791166,-0.43339102368341903,-15.722918234187985,-14.675652374028141
-43.339102368341905,0.2230950934349225,-0.43339102368341903,-16.259238366284414,-15.167968435802049
-43.339102368341905,0.22680540531193333,-0.43339102368341903,-16.80455287335001,-15.689712551090231
-43.339102368341905,0.23051571718894417,-0.43339102368341903,-17.358861755384773,-16.243179791871547
-43.339102368341905,0.23422602906595502,-0.43339102368341903,-17.9221650123887,-16.830279173591776
-43.339102368341905,0.23793634094296587,-0.43339102368341903,-18.494462644361793,-17.45241955740669
-43.339102368341905,0.2416466528199767,-0.43339102368341903,-19.07575465130405,-18.110383540479127
-43.339102368341905,0.24535696469698753,-0.43339102368341903,-19.66604103321547,-18.804193242359393
-43.339102368341905,0.24906727657399838,-0.43339102368341903,-20.26532179009606,-19.53297527232879
-43.339102368341905,0.2527775884510092,-0.43339102368341903,-20.873596921945815,-20.294836100401895
-43.339102368341905,0.25648790032802005,-0.43339102368341903,-21.49086642876473,-21.0867629824727
-43.339102368341905,0.2601982122050309,-0.43339102368341903,-22.117130310552817,-21.904568570775453
-43.339102368341905,0.26390852408204174,-0.43339102368341903,-22.75238856731006,-22.742898167417444
-43.339102368341905,0.26761883595905256,-0.43339102368341903,-23.396641199036466,-23.59531605255659
-43.339102368341905,0.27132914783606343,-0.43339102368341903,-24.049888205732053,-24.4544806935382
-43.339102368341905,0.27503945971307425,-0.43339102368341903,-24.712129587396795,-25.31240811031229
-43.339102368341905,0.27874977159008507,-0.43339102368341903,-25.383365344030697,-26.160809678239254
-43.339102368341905,0.28246008346709595,-0.43339102368341903,-26.063595475633775,-26.991477781528722
-43.339102368341905,0.28617039534410676,-0.43339102368341903,-26.75281998220601,-27.7966831085783
-43.339102368341905,0.28988070722111764,-0.43339102368341903,-27.45103886374742,-28.56954366800784
-43.339102368341905,0.29359101909812846,-0.43339102368341903,-28.15825212025798,-29.304329039474517
-43.339102368341905,0.2973013309751393,-0.43339102368341903,-28.874459751737714,-29.996673263774547
-43.339102368341905,0.30101164285215015,-0.43339102368341903,-29.59966175818662,-30.64368371363569
-43.339102368341905,0.30472195472916097,-0.43339102368341903,-30.333858139604676,-31.243947986987017
-41.95122551687287,0.011607316445304631,-0.4195122551687287,-0.04363931084767445,-0.6963204250622077
-41.95122551687287,0.015317628322315471,-0.4195122551687287,-0.07599714703593685,-0.7588106053796313
-41.95122551687287,0.01902794019932631,-0.4195122551687287,-0.11727293384284357,-0.8224305028916286
-41.95122551687287,0.02273825207633715,-0.4195122551687287,-0.16746667126839462,-0.8874555304336074
-41.95122551687287,0.02644856395334799,-0.4195122551687287,-0.22657835931259004,-0.9541880591025818
-41.95122551687287,0.03015887583035883,-0.4195122551687287,-0.2946079979754298,-1.0229594801506625
-41.95122551687287,0.03386918770736967,-0.4195122551687287,-0.37155558725691396,-1.0941323206883906
-41.95122551687287,0.03757949958438051,-0.4195122551687287,-0.45742112715704236,-1.1681023663259626
-41.95122551687287,0.04128981146139135,-0.4195122551687287,-0.5522046176758152,-1.2453007267539906
-41.95122551687287,0.04500012333840219,-0.4195122551687287,-0.6559060588132323,-1.326195759407307
-41.95122551687287,0.04871043521541303,-0.4195122551687287,-0.7685254505692938,-1.411294741396806
-41.95122551687287,0.05242074709242387,-0.4195122551687287,-0.8900627929439995,-1.5011451506250522
-41.95122551687287,0.05613105896943471,-0.4195122551687287,-1.0205180859373497,-1.5963353834858731
-41.95122551687287,0.05984137084644555,-0.4195122551687287,-1.159891329549344,-1.697494699285591
-41.95122551687287,0.06355168272345639,-0.4195122551687287,-1.308182523779983,-1.805292141655758
-41.95122551687287,0.06726199460046722,-0.4195122551687287,-1.4653916686292656,-1.920434146792604
-41.95122551687287,0.07097230647747807,-0.4195122551687287,-1.6315187640971933,-2.0436605105868297
-41.95122551687287,0.0746826183544889,-0.4195122551687287,-1.8065638101837649,-2.175738356326466
-41.95122551687287,0.07839293023149975,-0.4195122551687287,-1.9905268068889812,-2.3174537281670187
-41.95122551687287,0.08210324210851058,-0.4195122551687287,-2.1834077542128414,-2.4696004414040686
-41.95122551687287,0.08581355398552143,-0.4195122551687287,-2.3852066521553468,-2.632965859062196
-41.95122551687287,0.08952386586253226,-0.4195122551687287,-2.5959235007164954,-2.8083133471603174
-41.95122551687287,0.09323417773954311,-0.4195122551687287,-2.815558299896289,-2.996361300368034
-41.95122551687287,0.09694448961655394,-0.4195122551687287,-3.044111049694727,-3.1977588364232883
-41.95122551687287,0.10065480149356479,-0.4195122551687287,-3.2815817501118087,-3.413058538472094
-41.95122551687287,0.10436511337057562,-0.4195122551687287,-3.5279704011475355,-3.6426869788452
-41.95122551687287,0.10807542524758647,-0.4195122551687287,-3.7832770028019067,-3.8869141737659705
-41.95122551687287,0.1117857371245973,-0.4195122551687287,-4.047501555074922,-4.145823568949751
-41.95122551687287,0.11549604900160815,-0.4195122551687287,-4.3206440579665815,-4.419284596090349
-41.95122551687287,0.11920636087861898,-0.4195122551687287,-4.602704511476885,-4.706930207244267
-41.95122551687287,0.12291667275562983,-0.4195122551687287,-4.893682915605833,-5.008142012206003
-41.95122551687287,0.12662698463264066,-0.4195122551687287,-5.193579270353426,-5.322045633566302
-41.95122551687287,0.1303372965096515,-0.4195122551687287,-5.502393575719663,-5.647518587070355
-41.95122551687287,0.13404760838666235,-0.4195122551687287,-5.820125831704544,-5.983212352827236
-41.95122551687287,0.13775792026367317,-0.4195122551687287,-6.146776038308069,-6.327589335548531
-41.95122551687287,0.14146823214068402,-0.4195122551687287,-6.482344195530239,-6.678974189256782
-41.95122551687287,0.14517854401769487,-0.4195122551687287,-6.826830303371053,-7.035617634699304
-41.95122551687287,0.1488888558947057,-0.4195122551687287,-7.180234361830513,-7.395769603283707
-41.95122551687287,0.15259916777171653,-0.4195122551687287,-7.542556370908613,-7.757757493758749
-41.95122551687287,0.15630947964872738,-0.4195122551687287,-7.913796330605361,-8.120064698929738
-41.95122551687287,0.16001979152573823,-0.4195122551687287,-8.293954240920753,-8.481404460337997
-41.95122551687287,0.16373010340274907,-0.4195122551687287,-8.68303010185479,-8.840784561867697
-41.95122551687287,0.1674404152797599,-0.4195122551687287,-9.081023913407467,-9.197559306220496
-41.95122551687287,0.17115072715677074,-0.4195122551687287,-9.487935675578793,-9.551466478889655
-41.95122551687287,0.17486103903378158,-0.4195122551687287,-9.903765388368763,-9.902648394282448
-41.95122551687287,0.17857135091079243,-0.4195122551687287,-10.328513051777376,-10.251657435284802
-41.95122551687287,0.18228166278780325,-0.4195122551687287,-10.762178665804633,-10.599447572287241
-41.95122551687287,0.1859919746648141,-0.4195122551687287,-11.204762230450534,-10.947354071886938
-41.95122551687287,0.18970228654182494,-0.4195122551687287,-11.656263745715082,-11.297063939327105
-41.95122551687287,0.1934125984188358,-0.4195122551687287,-12.116683211598275,-11.65057960429976
-41.95122551687287,0.1971229102958466,-0.4195122551687287,-12.586020628100107,-12.010178023444112
-41.95122551687287,0.20083322217285746,-0.4195122551687287,-13.064275995220585,-12.378366823953163
-41.95122551687287,0.2045435340498683,-0.4195122551687287,-13.55144931295971,-12.757838443513942
-41.95122551687287,0.20825384592687915,-0.4195122551687287,-14.04754058131748,-13.151422513832093
-41.95122551687287,0.21196415780388997,-0.4195122551687287,-14.552549800293889,-13.562036052024942
-41.95122551687287,0.21567446968090082,-0.4195122551687287,-15.066476969888948,-13.992630412465848
-41.95122551687287,0.21938478155791166,-0.4195122551687287,-15.58932209010265,-14.446133445765328
-41.95122551687287,0.2230950934349225,-0.4195122551687287,-16.121085160934992,-14.925384944193775
-41.95122551687287,0.22680540531193333,-0.4195122551687287,-16.66176618238598,-15.43306326703563
-41.95122551687287,0.23051571718894417,-0.4195122551687287,-17.211365154455613,-15.971601100747502
-41.95122551687287,0.23422602906595502,-0.4195122551687287,-17.769882077143894,-16.543088714579085
-41.95122551687287,0.23793634094296587,-0.4195122551687287,-18.33731695045082,-17.149163951909813
-41.95122551687287,0.2416466528199767,-0.4195122551687287,-18.913669774376384,-17.79088969755446
-41.95122551687287,0.24535696469698753,-0.4195122551687287,-19.498940548920594,-18.46862180676488
-41.95122551687287,0.24906727657399838,-0.4195122551687287,-20.093129274083452,-19.181873508149337
-41.95122551687287,0.2527775884510092,-0.4195122551687287,-20.696235949864956,-19.92918595256232
-41.95122551687287,0.25648790032802005,-0.4195122551687287,-21.308260576265095,-20.70801844350145
-41.95122551687287,0.2601982122050309,-0.4195122551687287,-21.92920315328389,-21.51467517942975
-41.95122551687287,0.26390852408204174,-0.4195122551687287,-22.55906368092132,-22.344286989118544
-41.95122551687287,0.26761883595905256,-0.4195122551687287,-23.19784215917739,-23.19086536528186
-41.95122551687287,0.27132914783606343,-0.4195122551687287,-23.84553858805212,-24.047441177945814
-41.95122551687287,0.27503945971307425,-0.4195122551687287,-24.502152967545484,-24.906291580180884
-41.95122551687287,0.27874977159008507,-0.4195122551687287,-25.16768529765749,-25.75924671594656
-41.95122551687287,0.28246008346709595,-0.4195122551687287,-25.84213557838815,-26.598054996630033
-41.95122551687287,0.28617039534410676,-0.4195122551687287,-26.525503809737444,-27.414774811231062
-41.95122551687287,0.28988070722111764,-0.4195122551687287,-27.217789991705395,-28.20215441746135
-41.95122551687287,0.29359101909812846,-0.4195122551687287,-27.918994124291977,-28.95396225339251
-41.95122551687287,0.2973013309751393,-0.4195122551687287,-28.62911620749721,-29.665237119362942
-41.95122551687287,0.30101164285215015,-0.4195122551687287,-29.348156241321092,-30.33243991035294
-41.95122551687287,0.30472195472916097,-0.4195122551687287,-30.076114225763607,-30.953502911275827
-40.563348665403836,0.011607316445304631,-0.40563348665403837,-0.04326533412013658,-0.7362574687930756
-40.563348665403836,0.015317628322315471,-0.40563348665403837,-0.07534587267347224,-0.7964636735395931
-40.563348665403836,0.01902794019932631,-0.40563348665403837,-0.11626793749493151,-0.8578108846012897
-40.563348665403836,0.02273825207633715,-0.40563348665403837,-0.16603152858451442,-0.9205646582246754
-40.563348665403836,0.02644856395334799,-0.40563348665403837,-0.224636645942221,-0.9850159885746432
-40.563348665403836,0.03015887583035883,-0.40563348665403837,-0.29208328956805113,-1.051483265930817
-40.563348665403836,0.03386918770736967,-0.40563348665403837,-0.368371459462005,-1.1203142894169371
-40.563348665403836,0.03757949958438051,-0.40563348665403837,-0.45350115562408244,-1.1918882922500442
-40.563348665403836,0.04128981146139135,-0.40563348665403837,-0.5474723780542835,-1.2666179221626805
-40.563348665403836,0.04500012333840219,-0.40563348665403837,-0.6502851267526082,-1.3449511009678687
-40.563348665403836,0.04871043521541303,-0.40563348665403837,-0.7619394017190565,-1.4273726648575087
-40.563348665403836,0.05242074709242387,-0.40563348665403837,-0.8824352029536284,-1.514405660730623
-40.563348665403836,0.05613105896943471,-0.40563348665403837,-1.011772530456324,-1.606612143645437
-40.563348665403836,0.05984137084644555,-0.40563348665403837,-1.1499513842271432,-1.7045932867489588
-40.563348665403836,0.06355168272345639,-0.40563348665403837,-1.296971764266086,-1.8089885786637074
-40.563348665403836,0.06726199460046722,-0.40563348665403837,-1.4528336705731522,-1.9204738459683242
-40.563348665403836,0.07097230647747807,-0.40563348665403837,-1.6175371031483423,-2.03975780276886
-40.563348665403836,0.0746826183544889,-0.40563348665403837,-1.7910820619916559,-2.167576799380341
-40.563348665403836,0.07839293023149975,-0.40563348665403837,-1.9734685471030933,-2.304687423323565
-40.563348665403836,0.08210324210851058,-0.40563348665403837,-2.164696558482654,-2.4518566054071806
-40.563348665403836,0.08581355398552143,-0.40563348665403837,-2.364766096130339,-2.6098489105495757
-40.563348665403836,0.08952386586253226,-0.40563348665403837,-2.573677160046147,-2.779410757562979
-40.563348665403836,0.09323417773954311,-0.40563348665403837,-2.791429750230079,-2.961251425412736
-40.563348665403836,0.09694448961655394,-0.40563348665403837,-3.0180238666821344,-3.1560208758249964
-40.563348665403836,0.10065480149356479,-0.40563348665403837,-3.253459509402313,-3.364284661096936
-40.563348665403836,0.10436511337057562,-0.40563348665403837,-3.497736678390616,-3.5864964934542733
-40.563348665403836,0.10807542524758647,-0.40563348665403837,-3.7508553736470427,-3.82296942109119
-40.563348665403836,0.1117857371245973,-0.40563348665403837,-4.012815595171592,-4.073846966261914
-40.563348665403836,0.11549604900160815,-0.40563348665403837,-4.283617342964266,-4.339075997174424
-40.563348665403836,0.11920636087861898,-0.40563348665403837,-4.563260617025063,-4.618383476352577
-40.563348665403836,0.12291667275562983,-0.40563348665403837,-4.8517454173539845,-4.9112594880857126
-40.563348665403836,0.12662698463264066,-0.40563348665403837,-5.149071743951029,-5.2169490240756815
-40.563348665403836,0.1303372965096515,-0.40563348665403837,-5.455239596816196,-5.534454831680986
-40.563348665403836,0.13404760838666235,-0.40563348665403837,-5.770248975949489,-5.86255315593851
-40.563348665403836,0.13775792026367317,-0.40563348665403837,-6.094099881350903,-6.19982342480349
-40.563348665403836,0.14146823214068402,-0.40563348665403837,-6.426792313020442,-6.544691877732387
-40.563348665403836,0.14517854401769487,-0.40563348665403837,-6.768326270958105,-6.895487918085789
-40.563348665403836,0.1488888558947057,-0.40563348665403837,-7.118701755163892,-7.25051072617289
-40.563348665403836,0.15259916777171653,-0.40563348665403837,-7.4779187656378,-7.608102576350933
-40.563348665403836,0.15630947964872738,-0.40563348665403837,-7.8459773023798345,-7.966724528439721
-40.563348665403836,0.16001979152573823,-0.40563348665403837,-8.222877365389992,-8.325029840552567
-40.563348665403836,0.16373010340274907,-0.40563348665403837,-8.608618954668273,-8.681930636596858
-40.563348665403836,0.1674404152797599,-0.40563348665403837,-9.003202070214675,-9.036654030752
-40.563348665403836,0.17115072715677074,-0.40563348665403837,-9.406626712029203,-9.388784955592651
-40.563348665403836,0.17486103903378158,-0.40563348665403837,-9.818892880111857,-9.73829419468655
-40.563348665403836,0.17857135091079243,-0.40563348665403837,-10.240000574462632,-10.08555139630688
-40.563348665403836,0.18228166278780325,-0.40563348665403837,-10.66994979508153,-10.431323968800239
-40.563348665403836,0.1859919746648141,-0.40563348665403837,-11.108740541968551,-10.776763600826978
-40.563348665403836,0.18970228654182494,-0.40563348665403837,-11.5563728151237,-11.123382641942847
-40.563348665403836,0.1934125984188358,-0.40563348665403837,-12.012846614546971,-11.47302271252436
-40.563348665403836,0.1971229102958466,-0.40563348665403837,-12.478161940238362,-11.827817728107362
-40.563348665403836,0.20083322217285746,-0.40563348665403837,-12.952318792197877,-12.190153094539513
-40.563348665403836,0.2045435340498683,-0.40563348665403837,-13.43531717042552,-12.562622242141105
-40.563348665403836,0.20825384592687915,-0.40563348665403837,-13.927157074921285,-12.947981001467621
-40.563348665403836,0.21196415780388997,-0.40563348665403837,-14.42783850568517,-13.349099649823755
-40.563348665403836,0.21567446968090082,-0.40563348665403837,-14.937361462717183,-13.768911830363205
-40.563348665403836,0.21938478155791166,-0.40563348665403837,-15.455725946017319,-14.210359005700472
-40.563348665403836,0.2230950934349225,-0.40563348665403837,-15.982931955585578,-14.676328691450966
-40.563348665403836,0.22680540531193333,-0.40563348665403837,-16.518979491421955,-15.169584463031642
-40.563348665403836,0.23051571718894417,-0.40563348665403837,-17.063868553526465,-15.69268569875881
-40.563348665403836,0.23422602906595502,-0.40563348665403837,-17.617599141899095,-16.247895297046476
-40.563348665403836,0.23793634094296587,-0.40563348665403837,-18.18017125653985,-16.837074298236285
-40.563348665403836,0.2416466528199767,-0.40563348665403837,-18.751584897448723,-17.461563586638963
-40.563348665403836,0.24535696469698753,-0.40563348665403837,-19.331840064625723,-18.12205477409657
-40.563348665403836,0.24906727657399838,-0.40563348665403837,-19.92093675807085,-18.818455041875247
-40.563348665403836,0.2527775884510092,-0.40563348665403837,-20.5188749777841,-19.549754073036908
-40.563348665403836,0.25648790032802005,-0.40563348665403837,-21.125654723765468,-20.31390493967215
-40.563348665403836,0.2601982122050309,-0.40563348665403837,-21.74127599601497,-21.107734306270366
-40.563348665403836,0.26390852408204174,-0.40563348665403837,-22.365738794532582,-21.92689964406739
-40.563348665403836,0.26761883595905256,-0.40563348665403837,-22.99904311931832,-22.76591120006369
-40.563348665403836,0.27132914783606343,-0.40563348665403837,-23.641188970372195,-23.618233199438336
-40.563348665403836,0.27503945971307425,-0.40563348665403837,-24.29217634769418,-24.476471661114935
-40.563348665403836,0.27874977159008507,-0.40563348665403837,-24.952005251284287,-25.332645681591096
-40.563348665403836,0.28246008346709595,-0.40563348665403837,-25.620675681142533,-26.178526646629905
-40.563348665403836,0.28617039534410676,-0.40563348665403837,-26.29818763726889,-27.00601808717054
-40.563348665403836,0.28988070722111764,-0.40563348665403837,-26.98454111966338,-27.807540665252468
-40.563348665403836,0.29359101909812846,-0.40563348665403837,-27.67973612832598,-28.57638434195544
-40.563348665403836,0.2973013309751393,-0.40563348665403837,-28.38377266325671,-29.306994018007565
-40.563348665403836,0.30101164285215015,-0.40563348665403837,-29.096650724455575,-29.995164950119516
-40.563348665403836,0.30472195472916097,-0.40563348665403837,-29.818370311922546,-30.638137646506948
-39.1754718139348,0.011607316445304631,-0.391754718139348,-0.042891357392598695,-0.7730803403528181
-39.1754718139348,0.015317628322315471,-0.391754718139348,-0.07469459831100761,-0.8310268994542023
-39.1754718139348,0.01902794019932631,-0.391754718139348,-0.11526294114701943,-0.8901199176269152
-39.1754718139348,0.02273825207633715,-0.391754718139348,-0.16459638590063413,-0.9506143676412631
-39.1754718139348,0.02644856395334799,-0.391754718139348,-0.22269493257185183,-1.0127891759383294
-39.1754718139348,0.03015887583035883,-0.391754718139348,-0.2895585811606724,-1.076949081730672
-39.1754718139348,0.03386918770736967,-0.391754718139348,-0.36518733166709594,-1.1434265521008538
-39.1754718139348,0.03757949958438051,-0.391754718139348,-0.4495811840911223,-1.2125837159210064
-39.1754718139348,0.04128981146139135,-0.391754718139348,-0.5427401384327516,-1.284814265785947
-39.1754718139348,0.04500012333840219,-0.391754718139348,-0.6446641946919839,-1.360545260525491
-39.1754718139348,0.04871043521541303,-0.391754718139348,-0.755353352868819,-1.4402387409114725
-39.1754718139348,0.05242074709242387,-0.391754718139348,-0.874807612963257,-1.5243930476729854
-39.1754718139348,0.05613105896943471,-0.391754718139348,-1.003026974975298,-1.6135437038341767
-39.1754718139348,0.05984137084644555,-0.391754718139348,-1.1400114389049418,-1.708263692942884
-39.1754718139348,0.06355168272345639,-0.391754718139348,-1.2857610047521888,-1.8091629316575384
-39.1754718139348,0.06726199460046722,-0.391754718139348,-1.440275672517038,-1.9168867007278543
-39.1754718139348,0.07097230647747807,-0.391754718139348,-1.6035554421994909,-2.032112764813056
-39.1754718139348,0.0746826183544889,-0.391754718139348,-1.7756003137995462,-2.155546882094881
-39.1754718139348,0.07839293023149975,-0.391754718139348,-1.956410287317205,-2.287916383854184
-39.1754718139348,0.08210324210851058,-0.391754718139348,-2.145985362752466,-2.4299614981967643
-39.1754718139348,0.08581355398552143,-0.391754718139348,-2.3443255401053307,-2.5824241086152613
-39.1754718139348,0.08952386586253226,-0.391754718139348,-2.5514308193757973,-2.7460336861388246
-39.1754718139348,0.09323417773954311,-0.391754718139348,-2.7673012005638675,-2.921490223403125
-39.1754718139348,0.09694448961655394,-0.391754718139348,-2.9919366836695405,-3.1094441398606545
-39.1754718139348,0.10065480149356479,-0.391754718139348,-3.2253372686928166,-3.3104733275208424
-39.1754718139348,0.10436511337057562,-0.391754718139348,-3.4675029556336954,-3.525057769878753
-39.1754718139348,0.10807542524758647,-0.391754718139348,-3.7184337444921773,-3.753552489792976
-39.1754718139348,0.1117857371245973,-0.391754718139348,-3.9781296352682616,-3.9961599514432606
-39.1754718139348,0.11549604900160815,-0.391754718139348,-4.246590627961949,-4.252903430423406
-39.1754718139348,0.11920636087861898,-0.391754718139348,-4.5238167225732395,-4.523603233066408
-39.1754718139348,0.12291667275562983,-0.391754718139348,-4.809807919102133,-4.807857935991235
-39.1754718139348,0.12662698463264066,-0.391754718139348,-5.10456421754863,-5.1050329650067665
-39.1754718139348,0.1303372965096515,-0.391754718139348,-5.408085617912729,-5.4142587737782915
-39.1754718139348,0.13404760838666235,-0.391754718139348,-5.7203721201944315,-5.734440564197327
-39.1754718139348,0.13775792026367317,-0.391754718139348,-6.041423724393735,-6.064280886683733
-39.1754718139348,0.14146823214068402,-0.391754718139348,-6.371240430510644,-6.402315585572271
-39.1754718139348,0.14517854401769487,-0.391754718139348,-6.709822238545154,-6.746962478203434
-39.1754718139348,0.1488888558947057,-0.391754718139348,-7.057169148497269,-7.096580991217083
-39.1754718139348,0.15259916777171653,-0.391754718139348,-7.413281160366984,-7.449539874321624
-39.1754718139348,0.15630947964872738,-0.391754718139348,-7.778158274154304,-7.804289231717194
-39.1754718139348,0.16001979152573823,-0.391754718139348,-8.151800489859228,-8.159432594643965
-39.1754718139348,0.16373010340274907,-0.391754718139348,-8.534207807481753,-8.513794693699946
-39.1754718139348,0.1674404152797599,-0.391754718139348,-8.92538022702188,-8.86648099216989
-39.1754718139348,0.17115072715677074,-0.391754718139348,-9.32531774847961,-9.216925849104939
-39.1754718139348,0.17486103903378158,-0.391754718139348,-9.734020371854948,-9.564927265510573
-39.1754718139348,0.17857135091079243,-0.391754718139348,-10.151488097147883,-9.910667362837057
-39.1754718139348,0.18228166278780325,-0.391754718139348,-10.577720924358424,-10.254718879749793
-39.1754718139348,0.1859919746648141,-0.391754718139348,-11.012718853486565,-10.59803890753668
-39.1754718139348,0.18970228654182494,-0.391754718139348,-11.456481884532312,-10.941951721551465
-39.1754718139348,0.1934125984188358,-0.391754718139348,-11.909010017495662,-11.28812286741115
-39.1754718139348,0.1971229102958466,-0.391754718139348,-12.370303252376612,-11.638526639877023
-39.1754718139348,0.20083322217285746,-0.391754718139348,-12.840361589175165,-11.99540880164373
-39.1754718139348,0.2045435340498683,-0.391754718139348,-13.319185027891324,-12.361245902282969
-39.1754718139348,0.20825384592687915,-0.391754718139348,-13.806773568525086,-12.738701953368484
-39.1754718139348,0.21196415780388997,-0.391754718139348,-14.303127211076447,-13.130582567021774
-39.1754718139348,0.21567446968090082,-0.391754718139348,-14.808245955545415,-13.539786032143668
-39.1754718139348,0.21938478155791166,-0.391754718139348,-15.322129801931984,-13.969250233406514
-39.1754718139348,0.2230950934349225,-0.391754718139348,-15.844778750236156,-14.421893852998272
-39.1754718139348,0.22680540531193333,-0.391754718139348,-16.37619280045793,-14.900549975093151
-39.1754718139348,0.23051571718894417,-0.391754718139348,-16.916371952597306,-15.407890089749161
-39.1754718139348,0.23422602906595502,-0.391754718139348,-17.46531620665429,-15.946336638440673
-39.1754718139348,0.23793634094296587,-0.391754718139348,-18.023025562628874,-16.51796275600256
-39.1754718139348,0.2416466528199767,-0.391754718139348,-18.589500020521058,-17.124378865096226
-39.1754718139348,0.24535696469698753,-0.391754718139348,-19.16473958033085,-17.766607396529906
-39.1754718139348,0.24906727657399838,-0.391754718139348,-19.74874424205824,-18.44494923442084
-39.1754718139348,0.2527775884510092,-0.391754718139348,-20.34151400570324,-19.15884851179895
-39.1754718139348,0.25648790032802005,-0.391754718139348,-20.943048871265834,-19.906765916988583
-39.1754718139348,0.2601982122050309,-0.391754718139348,-21.553348838746043,-20.686074252302184
-39.1754718139348,0.26390852408204174,-0.391754718139348,-22.17241390814384,-21.492992843496808
-39.1754718139348,0.26761883595905256,-0.391754718139348,-22.80024407945924,-22.322578509603446
-39.1754718139348,0.27132914783606343,-0.391754718139348,-23.43683935269226,-23.16878909977973
-39.1754718139348,0.27503945971307425,-0.391754718139348,-24.08219972784287,-24.024630322820876
-39.1754718139348,0.27874977159008507,-0.391754718139348,-24.736325204911083,-24.88238769526548
-39.1754718139348,0.28246008346709595,-0.391754718139348,-25.399215783896906,-25.73393391755028
-39.1754718139348,0.28617039534410676,-0.391754718139348,-26.070871464800323,-26.571089916137176
-39.1754718139348,0.28988070722111764,-0.391754718139348,-26.751292247621354,-27.38600787220686
-39.1754718139348,0.29359101909812846,-0.391754718139348,-27.440478132359978,-28.171539367446123
-39.1754718139348,0.2973013309751393,-0.391754718139348,-28.138429119016205,-28.921552870137837
-39.1754718139348,0.30101164285215015,-0.391754718139348,-28.845145207590047,-29.631172101268184
-39.1754718139348,0.30472195472916097,-0.391754718139348,-29.560626398081478,-30.296918663690498
-37.78759496246577,0.011607316445304631,-0.3778759496246577,-0.04251738066506082,-0.8067503426965805
-37.78759496246577,0.015317628322315471,-0.3778759496246577,-0.07404332394854299,-0.8624673283726816
-37.78759496246577,0.01902794019932631,-0.3778759496246577,-0.11425794479910735,-0.9193300063912728
-37.78759496246577,0.02273825207633715,-0.3778759496246577,-0.1631612432167539,-0.9775821975957344
-37.78759496246577,0.02644856395334799,-0.3778759496246577,-0.2207532192014827,-1.037490237167626
-37.78759496246577,0.03015887583035883,-0.3778759496246577,-0.2870338727532937,-1.0993447390565612
-37.78759496246577,0.03386918770736967,-0.3778759496246577,-0.36200320387218693,-1.1634624184086846
-37.78759496246577,0.03757949958438051,-0.3778759496246577,-0.44566121255816227,-1.2301879395386912
-37.78759496246577,0.04128981146139135,-0.3778759496246577,-0.5380078988112199,-1.2998957449588922
-37.78759496246577,0.04500012333840219,-0.3778759496246577,-0.6390432626313597,-1.3729918062770086
-37.78759496246577,0.04871043521541303,-0.3778759496246577,-0.7487673040185817,-1.4499152200909995
-37.78759496246577,0.05242074709242387,-0.3778759496246577,-0.8671800229728859,-1.531139551109276
-37.78759496246577,0.05613105896943471,-0.3778759496246577,-0.9942814194942723,-1.617173800515845
-37.78759496246577,0.05984137084644555,-0.3778759496246577,-1.1300714935827407,-1.7085628502266834
-37.78759496246577,0.06355168272345639,-0.3778759496246577,-1.2745502452382917,-1.8058872036504798
-37.78759496246577,0.06726199460046722,-0.3778759496246577,-1.4277176744609243,-1.9097618118952253
-37.78759496246577,0.07097230647747807,-0.3778759496246577,-1.5895737812506396,-2.020833742779444
-37.78759496246577,0.0746826183544889,-0.3778759496246577,-1.760118565607437,-2.1397784211593516
-37.78759496246577,0.07839293023149975,-0.3778759496246577,-1.9393520275313165,-2.267294146753734
-37.78759496246577,0.08210324210851058,-0.3778759496246577,-2.127274167022278,-2.404094584941797
-37.78759496246577,0.08581355398552143,-0.3778759496246577,-2.3238849840803226,-2.550898933453115
-37.78759496246577,0.08952386586253226,-0.3778759496246577,-2.5291844787054485,-2.7084195013396215
-37.78759496246577,0.09323417773954311,-0.3778759496246577,-2.743172650897657,-2.877346504997453
-37.78759496246577,0.09694448961655394,-0.3778759496246577,-2.9658495006569474,-3.058329998424549
-37.78759496246577,0.10065480149356479,-0.3778759496246577,-3.19721502798332,-3.2519590194748096
-37.78759496246577,0.10436511337057562,-0.3778759496246577,-3.4372692328767753,-3.4587382558344952
-37.78759496246577,0.10807542524758647,-0.3778759496246577,-3.686012115337313,-3.679062813699301
-37.78759496246577,0.1117857371245973,-0.3778759496246577,-3.9434436753649313,-3.9131920004053775
-37.78759496246577,0.11549604900160815,-0.3778759496246577,-4.209563912959633,-4.161223390347819
-37.78759496246577,0.11920636087861898,-0.3778759496246577,-4.484372828121417,-4.423068799227664
-37.78759496246577,0.12291667275562983,-0.3778759496246577,-4.767870420850284,-4.6984340995930305
-37.78759496246577,0.12662698463264066,-0.3778759496246577,-5.060056691146231,-4.986805014666426
-37.78759496246577,0.1303372965096515,-0.3778759496246577,-5.360931639009261,-5.287441066936807
-37.78759496246577,0.13404760838666235,-0.3778759496246577,-5.670495264439375,-5.599379677776541
-37.78759496246577,0.13775792026367317,-0.3778759496246577,-5.988747567436569,-5.9214519776582
-37.78759496246577,0.14146823214068402,-0.3778759496246577,-6.315688548000846,-6.252311188567337
-37.78759496246577,0.14517854401769487,-0.3778759496246577,-6.651318206132205,-6.590473518675388
-37.78759496246577,0.1488888558947057,-0.3778759496246577,-6.995636541830647,-6.934370448263382
-37.78759496246577,0.15259916777171653,-0.3778759496246577,-7.348643555096169,-7.282410209122049
-37.78759496246577,0.15630947964872738,-0.3778759496246577,-7.710339245928776,-7.633045313388711
-37.78759496246577,0.16001979152573823,-0.3778759496246577,-8.080723614328464,-7.984842314334995
-37.78759496246577,0.16373010340274907,-0.3778759496246577,-8.459796660295236,-8.336549690239279
-37.78759496246577,0.1674404152797599,-0.3778759496246577,-8.847558383829085,-8.687159884698236
-37.78759496246577,0.17115072715677074,-0.3778759496246577,-9.24400878493002,-9.035962093469719
-37.78759496246577,0.17486103903378158,-0.3778759496246577,-9.649147863598039,-9.38258327231841
-37.78759496246577,0.17857135091079243,-0.3778759496246577,-10.062975619833137,-9.727015915727634
-37.78759496246577,0.18228166278780325,-0.3778759496246577,-10.485492053635317,-10.069632264498319
-37.78759496246577,0.1859919746648141,-0.3778759496246577,-10.91669716500458,-10.411185591852613
-37.78759496246577,0.18970228654182494,-0.3778759496246577,-11.356590953940929,-10.75279997747688
-37.78759496246577,0.1934125984188358,-0.3778759496246577,-11.805173420444357,-11.095950440492782
-37.78759496246577,0.1971229102958466,-0.3778759496246577,-12.262444564514864,-11.44243545033854
-37.78759496246577,0.20083322217285746,-0.3778759496246577,-12.728404386152455,-11.794343697090335
-37.78759496246577,0.2045435340498683,-0.3778759496246577,-13.203052885357131,-12.154016637441961
-37.78759496246577,0.20825384592687915,-0.3778759496246577,-13.68639006212889,-12.524007810997649
-37.78759496246577,0.21196415780388997,-0.3778759496246577,-14.178415916467726,-12.907039316189374
-37.78759496246577,0.21567446968090082,-0.3778759496246577,-14.679130448373648,-13.305955210825124
-37.78759496246577,0.21938478155791166,-0.3778759496246577,-15.188533657846653,-13.723671013079654
-37.78759496246577,0.2230950934349225,-0.3778759496246577,-15.706625544886737,-14.163117969963508
-37.78759496246577,0.22680540531193333,-0.3778759496246577,-16.233406109493902,-14.62718037450033
-37.78759496246577,0.23051571718894417,-0.3778759496246577,-16.768875351668154,-15.118623998366612
-37.78759496246577,0.23422602906595502,-0.3778759496246577,-17.313033271409488,-15.64001372700002
-37.78759496246577,0.23793634094296587,-0.3778759496246577,-17.8658798687179,-16.193618824807338
-37.78759496246577,0.2416466528199767,-0.3778759496246577,-18.427415143593393,-16.78130502818304
-37.78759496246577,0.24535696469698753,-0.3778759496246577,-18.997639096035975,-17.40441398576682
-37.78759496246577,0.24906727657399838,-0.3778759496246577,-19.576551726045636,-18.063632545618255
-37.78759496246577,0.2527775884510092,-0.3778759496246577,-20.164153033622384,-18.75885706784762
-37.78759496246577,0.25648790032802005,-0.3778759496246577,-20.760443018766203,-19.489061217999804
-37.78759496246577,0.2601982122050309,-0.3778759496246577,-21.365421681477116,-20.252179246188824
-37.78759496246577,0.26390852408204174,-0.3778759496246577,-21.9790890217551,-21.04501996814654
-37.78759496246577,0.26761883595905256,-0.3778759496246577,-22.60144503960017,-21.863228645695727
-37.78759496246577,0.27132914783606343,-0.3778759496246577,-23.23248973501233,-22.701313671997397
-37.78759496246577,0.27503945971307425,-0.3778759496246577,-23.872223107991566,-23.552751479784057
-37.78759496246577,0.27874977159008507,-0.3778759496246577,-24.520645158537878,-24.410175995104183
-37.78759496246577,0.28246008346709595,-0.3778759496246577,-25.177755886651287,-25.26564872397013
-37.78759496246577,0.28617039534410676,-0.3778759496246577,-25.843555292331764,-26.11099371358543
-37.78759496246577,0.28988070722111764,-0.3778759496246577,-26.518043375579335,-26.938170570938127
-37.78759496246577,0.29359101909812846,-0.3778759496246577,-27.201220136393978,-27.739651115167014
-37.78759496246577,0.2973013309751393,-0.3778759496246577,-27.893085574775704,-28.508763175860572
-37.78759496246577,0.30101164285215015,-0.3778759496246577,-28.593639690724522,-29.239969286817328
-37.78759496246577,0.30472195472916097,-0.3778759496246577,-29.302882484240413,-29.929057674892555
-36.39971811099673,0.011607316445304631,-0.3639971811099673,-0.042143403937522944,-0.8372719185227693
-36.39971811099673,0.015317628322315471,-0.3639971811099673,-0.07339204958607838,-0.8907943515587142
-36.39971811099673,0.01902794019932631,-0.3639971811099673,-0.11325294845119528,-0.9454553776879528
-36.39971811099673,0.02273825207633715,-0.3639971811099673,-0.16172610053287367,-1.0014872574084652
-36.39971811099673,0.02644856395334799,-0.3639971811099673,-0.21881150583111358,-1.0591433776716581
-36.39971811099673,0.03015887583035883,-0.3639971811099673,-0.28450916434591494,-1.1186999257852879
-36.39971811099673,0.03386918770736967,-0.3639971811099673,-0.3588190760772779,-1.18045762363254
-36.39971811099673,0.03757949958438051,-0.3639971811099673,-0.44174124102520224,-1.2447434942801188
-36.39971811099673,0.04128981146139135,-0.3639971811099673,-0.5332756591896881,-1.3119126225024837
-36.39971811099673,0.04500012333840219,-0.3639971811099673,-0.6334223305707355,-1.3823498578322493
-36.39971811099673,0.04871043521541303,-0.3639971811099673,-0.7421812551683443,-1.4564713931630857
-36.39971811099673,0.05242074709242387,-0.3639971811099673,-0.8595524329825147,-1.5347261334401745
-36.39971811099673,0.05613105896943471,-0.3639971811099673,-0.9855358640132464,-1.6175967474443036
-36.39971811099673,0.05984137084644555,-0.3639971811099673,-1.1201315482605396,-1.70560027116258
-36.39971811099673,0.06355168272345639,-0.3639971811099673,-1.2633394857243947,-1.7992881040832351
-36.39971811099673,0.06726199460046722,-0.3639971811099673,-1.4151596764048104,-1.8992452107143434
-36.39971811099673,0.07097230647747807,-0.3639971811099673,-1.5755921203017884,-2.0060883100459375
-36.39971811099673,0.0746826183544889,-0.3639971811099673,-1.7446368174153275,-2.1204628076562457
-36.39971811099673,0.07839293023149975,-0.3639971811099673,-1.9222937677454284,-2.2430382017716664
-36.39971811099673,0.08210324210851058,-0.3639971811099673,-2.1085629712920904,-2.374501680038617
-36.39971811099673,0.08581355398552143,-0.3639971811099673,-2.3034444280553146,-2.5155496235341204
-36.39971811099673,0.08952386586253226,-0.3639971811099673,-2.5069381380350997,-2.6668767553908
-36.39971811099673,0.09323417773954311,-0.3639971811099673,-2.719044101231446,-2.8291627211698103
-36.39971811099673,0.09694448961655394,-0.3639971811099673,-2.9397623176443544,-3.003055975170943
-36.39971811099673,0.10065480149356479,-0.3639971811099673,-3.169092787273824,-3.189154979226495
-36.39971811099673,0.10436511337057562,-0.3639971811099673,-3.4070355101198553,-3.3879869043486988
-36.39971811099673,0.10807542524758647,-0.3639971811099673,-3.653590486182448,-3.5999842632196435
-36.39971811099673,0.1117857371245973,-0.3639971811099673,-3.9087577154616016,-3.825460188981064
-36.39971811099673,0.11549604900160815,-0.3639971811099673,-4.172537197957317,-4.064583400276972
-36.39971811099673,0.11920636087861898,-0.3639971811099673,-4.444928933669595,-4.317354230096384
-36.39971811099673,0.12291667275562983,-0.3639971811099673,-4.7259329225984334,-4.583583410523123
-36.39971811099673,0.12662698463264066,-0.3639971811099673,-5.015549164743834,-4.862875549668617
-36.39971811099673,0.1303372965096515,-0.3639971811099673,-5.313777660105795,-5.154619356186442
-36.39971811099673,0.13404760838666235,-0.3639971811099673,-5.620618408684319,-5.457986606289093
-36.39971811099673,0.13775792026367317,-0.3639971811099673,-5.936071410479402,-5.771941564209076
-36.39971811099673,0.14146823214068402,-0.3639971811099673,-6.260136665491049,-6.095262038639691
-36.39971811099673,0.14517854401769487,-0.3639971811099673,-6.592814173719256,-6.426572498326999
-36.39971811099673,0.1488888558947057,-0.3639971811099673,-6.934103935164026,-6.764388734604076
-36.39971811099673,0.15259916777171653,-0.3639971811099673,-7.284005949825355,-7.107172542985332
-36.39971811099673,0.15630947964872738,-0.3639971811099673,-7.642520217703248,-7.453393925952382
-36.39971811099673,0.16001979152573823,-0.3639971811099673,-8.009646738797702,-7.80159753108656
-36.39971811099673,0.16373010340274907,-0.3639971811099673,-8.385385513108718,-8.150469553633618
-36.39971811099673,0.1674404152797599,-0.3639971811099673,-8.769736540636291,-8.4989012303251
-36.39971811099673,0.17115072715677074,-0.3639971811099673,-9.16269982138043,-8.846045352265774
-36.39971811099673,0.17486103903378158,-0.3639971811099673,-9.564275355341131,-9.191362883978602
-36.39971811099673,0.17857135091079243,-0.3639971811099673,-9.97446314251839,-9.534657691541607
-36.39971811099673,0.18228166278780325,-0.3639971811099673,-10.393263182912213,-9.876098417485586
-36.39971811099673,0.1859919746648141,-0.3639971811099673,-10.820675476522595,-10.216227547474862
-36.39971811099673,0.18970228654182494,-0.3639971811099673,-11.256700023349543,-10.555958565504817
-36.39971811099673,0.1934125984188358,-0.3639971811099673,-11.701336823393051,-10.896562699797897
-36.39971811099673,0.1971229102958466,-0.3639971811099673,-12.154585876653117,-11.239647076928055
-36.39971811099673,0.20083322217285746,-0.3639971811099673,-12.616447183129747,-11.587126128422147
-36.39971811099673,0.2045435340498683,-0.3639971811099673,-13.086920742822938,-11.941187869432792
-36.39971811099673,0.20825384592687915,-0.3639971811099673,-13.566006555732693,-12.304256252573131
-36.39971811099673,0.21196415780388997,-0.3639971811099673,-14.053704621859005,-12.678950259912176
-36.39971811099673,0.21567446968090082,-0.3639971811099673,-14.550014941201882,-13.068039798959667
-36.39971811099673,0.21938478155791166,-0.3639971811099673,-15.05493751376132,-13.47439787311976
-36.39971811099673,0.2230950934349225,-0.3639971811099673,-15.568472339537319,-13.900947953974296
-36.39971811099673,0.22680540531193333,-0.3639971811099673,-16.090619418529876,-14.350605037287641
-36.39971811099673,0.23051571718894417,-0.3639971811099673,-16.621378750738998,-14.826208563966246
-36.39971811099673,0.23422602906595502,-0.3639971811099673,-17.160750336164682,-15.330445288602274
-36.39971811099673,0.23793634094296587,-0.3639971811099673,-17.708734174806928,-15.865760356801689
-36.39971811099673,0.2416466528199767,-0.3639971811099673,-18.265330266665732,-16.434255405236545
-36.39971811099673,0.24535696469698753,-0.3639971811099673,-18.8305386117411,-17.03757353978058
-36.39971811099673,0.24906727657399838,-0.3639971811099673,-19.404359210033032,-17.676772690635175
-36.39971811099673,0.2527775884510092,-0.3639971811099673,-19.986792061541525,-18.352191162799965
-36.39971811099673,0.25648790032802005,-0.3639971811099673,-20.577837166266573,-19.063312168497838
-36.39971811099673,0.2601982122050309,-0.3639971811099673,-21.177494524208193,-19.808637539537763
-36.39971811099673,0.26390852408204174,-0.3639971811099673,-21.785764135366364,-20.585584214132638
-36.39971811099673,0.26761883595905256,-0.3639971811099673,-22.402645999741093,-21.39041973278352
-36.39971811099673,0.27132914783606343,-0.3639971811099673,-23.0281401173324,-22.218253897085276
-36.39971811099673,0.27503945971307425,-0.3639971811099673,-23.66224648814026,-23.063101950893135
-36.39971811099673,0.27874977159008507,-0.3639971811099673,-24.304965112164673,-23.918029441388306
-36.39971811099673,0.28246008346709595,-0.3639971811099673,-24.956295989405664,-24.775380298991514
-36.39971811099673,0.28617039534410676,-0.3639971811099673,-25.616239119863202,-25.627078605497466
-36.39971811099673,0.28988070722111764,-0.3639971811099673,-26.284794503537317,-26.4649829508039
-36.39971811099673,0.29359101909812846,-0.3639971811099673,-26.96196214042798,-27.28126276331856
-36.39971811099673,0.2973013309751393,-0.3639971811099673,-27.647742030535206,-28.068760965844895
-36.39971811099673,0.30101164285215015,-0.3639971811099673,-28.342134173859,-28.821308241635087
-36.39971811099673,0.30472195472916097,-0.3639971811099673,-29.04513857039935,-29.533961072335693
-35.0118412595277,0.011607316445304631,-0.350118412595277,-0.04176942720998507,-0.8646882025480931
-35.0118412595277,0.015317628322315471,-0.350118412595277,-0.07274077522361376,-0.9160554321662504
-35.0118412595277,0.01902794019932631,-0.350118412595277,-0.11224795210328321,-0.9685479524415612
-35.0118412595277,0.02273825207633715,-0.350118412595277,-0.16029095784899344,-1.0223862100585128
-35.0118412595277,0.02644856395334799,-0.350118412595277,-0.21686979246074448,-1.0778104461892388
-35.0118412595277,0.03015887583035883,-0.350118412595277,-0.28198445593853627,-1.135082283672209
-35.0118412595277,0.03386918770736967,-0.350118412595277,-0.3556349482823689,-1.1944863769280625
-35.0118412595277,0.03757949958438051,-0.350118412595277,-0.4378212694922422,-1.2563321009538697
-35.0118412595277,0.04128981146139135,-0.350118412595277,-0.5285434195681564,-1.3209552465596026
-35.0118412595277,0.04500012333840219,-0.350118412595277,-0.6278013985101113,-1.3887196777343238
-35.0118412595277,0.04871043521541303,-0.350118412595277,-0.735595206318107,-1.4600188933760858
-35.0118412595277,0.05242074709242387,-0.350118412595277,-0.8519248429921434,-1.535277419345765
-35.0118412595277,0.05613105896943471,-0.350118412595277,-0.9767903085322207,-1.6149519377506438
-35.0118412595277,0.05984137084644555,-0.350118412595277,-1.1101916029383387,-1.699532038506586
-35.0118412595277,0.06355168272345639,-0.350118412595277,-1.2521287262104974,-1.7895404537739408
-35.0118412595277,0.06726199460046722,-0.350118412595277,-1.4026016783486968,-1.8855326093492932
-35.0118412595277,0.07097230647747807,-0.350118412595277,-1.5616104593529372,-1.9880952995299639
-35.0118412595277,0.0746826183544889,-0.350118412595277,-1.7291550692232183,-2.097844264986735
-35.0118412595277,0.07839293023149975,-0.350118412595277,-1.9052355079595402,-2.2154204292240953
-35.0118412595277,0.08210324210851058,-0.350118412595277,-2.0898517755619026,-2.34148453169764
-35.0118412595277,0.08581355398552143,-0.350118412595277,-2.2830038720303065,-2.4767098891383643
-35.0118412595277,0.08952386586253226,-0.350118412595277,-2.4846917973647504,-2.621773026828607
-35.0118412595277,0.09323417773954311,-0.350118412595277,-2.6949155515652357,-2.777341955299695
-35.0118412595277,0.09694448961655394,-0.350118412595277,-2.9136751346317613,-2.944061932753363
-35.0118412595277,0.10065480149356479,-0.350118412595277,-3.140970546564328,-3.1225386571201312
-35.0118412595277,0.10436511337057562,-0.350118412595277,-3.376801787362935,-3.3133189807242642
-35.0118412595277,0.10807542524758647,-0.350118412595277,-3.6211688570275835,-3.516869439107311
-35.0118412595277,0.1117857371245973,-0.350118412595277,-3.8740717555582718,-3.733553133116528
-35.0118412595277,0.11549604900160815,-0.350118412595277,-4.135510482955002,-3.963605792368237
-35.0118412595277,0.11920636087861898,-0.350118412595277,-4.405485039217772,-4.207112161887604
-35.0118412595277,0.12291667275562983,-0.350118412595277,-4.683995424346584,-4.463984164491411
-35.0118412595277,0.12662698463264066,-0.350118412595277,-4.971041638341435,-4.733942560665065
-35.0118412595277,0.1303372965096515,-0.350118412595277,-5.266623681202328,-5.016504007694397
-35.0118412595277,0.13404760838666235,-0.350118412595277,-5.570741552929262,-5.310975459151071
-35.0118412595277,0.13775792026367317,-0.350118412595277,-5.883395253522235,-5.616457697266709
-35.0118412595277,0.14146823214068402,-0.350118412595277,-6.204584782981251,-5.93185942187305
-35.0118412595277,0.14517854401769487,-0.350118412595277,-6.534310141306307,-6.255922724089966
-35.0118412595277,0.1488888558947057,-0.350118412595277,-6.872571328497404,-6.587259979586347
-35.0118412595277,0.15259916777171653,-0.350118412595277,-7.21936834455454,-6.924401272624738
-35.0118412595277,0.15630947964872738,-0.350118412595277,-7.574701189477719,-7.265850510331119
-35.0118412595277,0.16001979152573823,-0.350118412595277,-7.938569863266938,-7.610147529897714
-35.0118412595277,0.16373010340274907,-0.350118412595277,-8.310974365922199,-7.955932863102673
-35.0118412595277,0.1674404152797599,-0.350118412595277,-8.691914697443497,-8.302011501965438
-35.0118412595277,0.17115072715677074,-0.350118412595277,-9.081390857830838,-8.647412060375842
-35.0118412595277,0.17486103903378158,-0.350118412595277,-9.479402847084222,-8.991438144578492
-35.0118412595277,0.17857135091079243,-0.350118412595277,-9.885950665203644,-9.333709467168793
-35.0118412595277,0.18228166278780325,-0.350118412595277,-10.301034312189108,-9.674191155225435
-35.0118412595277,0.1859919746648141,-0.350118412595277,-10.724653788040612,-10.013210679554824
-35.0118412595277,0.18970228654182494,-0.350118412595277,-11.156809092758158,-10.351462736175131
-35.0118412595277,0.1934125984188358,-0.350118412595277,-11.597500226341745,-10.690003134416779
-35.0118412595277,0.1971229102958466,-0.350118412595277,-12.046727188791369,-11.03023321839516
-35.0118412595277,0.20083322217285746,-0.350118412595277,-12.504489980107037,-11.373876543866192
-35.0118412595277,0.2045435340498683,-0.350118412595277,-12.970788600288746,-11.72294946397088
-35.0118412595277,0.20825384592687915,-0.350118412595277,-13.445623049336497,-12.079726987849886
-35.0118412595277,0.21196415780388997,-0.350118412595277,-13.928993327250284,-12.446704825043836
-35.0118412595277,0.21567446968090082,-0.350118412595277,-14.420899434030115,-12.826557980634659
-35.0118412595277,0.21938478155791166,-0.350118412595277,-14.921341369675988,-13.222095682855127
-35.0118412595277,0.2230950934349225,-0.350118412595277,-15.430319134187899,-13.63621186132857
-35.0118412595277,0.22680540531193333,-0.350118412595277,-15.94783272756585,-14.071829899252169
-35.0118412595277,0.23051571718894417,-0.350118412595277,-16.473882149809846,-14.531840004443563
-35.0118412595277,0.23422602906595502,-0.350118412595277,-17.00846740091988,-15.019027335669389
-35.0118412595277,0.23793634094296587,-0.350118412595277,-17.551588480895955,-15.535989048883009
-35.0118412595277,0.2416466528199767,-0.350118412595277,-18.10324538973807,-16.085038778857637
-35.0118412595277,0.24535696469698753,-0.350118412595277,-18.663438127446227,-16.66809785036822
-35.0118412595277,0.24906727657399838,-0.350118412595277,-19.232166694020425,-17.28657383328956
-35.0118412595277,0.2527775884510092,-0.350118412595277,-19.809431089460666,-17.941229012915006
-35.0118412595277,0.25648790032802005,-0.350118412595277,-20.395231313766942,-18.632043968969427
-35.0118412595277,0.2601982122050309,-0.350118412595277,-20.98956736693927,-19.358084637931164
-35.0118412595277,0.26390852408204174,-0.350118412595277,-21.592439248977623,-20.117384656275632
-35.0118412595277,0.26761883595905256,-0.350118412595277,-22.20384695988202,-20.90685786304288
-35.0118412595277,0.27132914783606343,-0.350118412595277,-22.82379049965247,-21.72225773508709
-35.0118412595277,0.27503945971307425,-0.350118412595277,-23.45226986828895,-22.55820025239165
-35.0118412595277,0.27874977159008507,-0.350118412595277,-24.08928506579147,-23.408263370926015
-35.0118412595277,0.28246008346709595,-0.350118412595277,-24.73483609216004,-24.265169513388628
-35.0118412595277,0.28617039534410676,-0.350118412595277,-25.388922947394644,-25.12104769198033
-35.0118412595277,0.28988070722111764,-0.350118412595277,-26.051545631495294,-25.967760466799817
-35.0118412595277,0.29359101909812846,-0.350118412595277,-26.722704144461975,-26.797270167947893
-35.0118412595277,0.2973013309751393,-0.350118412595277,-27.402398486294704,-27.602011208296297
-35.0118412595277,0.30101164285215015,-0.350118412595277,-28.090628656993477,-28.375232930400024
-35.0118412595277,0.30472195472916097,-0.350118412595277,-28.78739465655828,-29.11128108870028
-33.62396440805866,0.011607316445304631,-0.3362396440805866,-0.041395450482447194,-0.8890763254800413
-33.62396440805866,0.015317628322315471,-0.3362396440805866,-0.07208950086114914,-0.9383315569740383
-33.62396440805866,0.01902794019932631,-0.3362396440805866,-0.11124295575537113,-0.9886929075463193
-33.62396440805866,0.02273825207633715,-0.3362396440805866,-0.15885581516511318,-1.0403689012859774
-33.62396440805866,0.02644856395334799,-0.3362396440805866,-0.21492807909037534,-1.093586583432482
-33.62396440805866,0.03015887583035883,-0.3362396440805866,-0.27945974753115754,-1.1485930242743825
-33.62396440805866,0.03386918770736967,-0.3362396440805866,-0.3524508204874599,-1.2056568881142518
-33.62396440805866,0.03757949958438051,-0.3362396440805866,-0.43390129795928223,-1.2650700476023689
-33.62396440805866,0.04128981146139135,-0.3362396440805866,-0.5238111799466246,-1.3271492158119989
-33.62396440805866,0.04500012333840219,-0.3362396440805866,-0.6221804664494871,-1.3922375586500282
-33.62396440805866,0.04871043521541303,-0.3362396440805866,-0.7290091574678697,-1.46070623830584
-33.62396440805866,0.05242074709242387,-0.3362396440805866,-0.8442972530017723,-1.5329558241984298
-33.62396440805866,0.05613105896943471,-0.3362396440805866,-0.9680447530511949,-1.6094174911025236
-33.62396440805866,0.05984137084644555,-0.3362396440805866,-1.1002516576161376,-1.6905539047395175
-33.62396440805866,0.06355168272345639,-0.3362396440805866,-1.2409179666966004,-1.7768596732007689
-33.62396440805866,0.06726199460046722,-0.3362396440805866,-1.3900436802925829,-1.8688612184828886
-33.62396440805866,0.07097230647747807,-0.3362396440805866,-1.547628798404086,-1.967115896883695
-33.62396440805866,0.0746826183544889,-0.3362396440805866,-1.7136733210311088,-2.072210171271516
-33.62396440805866,0.07839293023149975,-0.3362396440805866,-1.888177248173652,-2.184756614202768
-33.62396440805866,0.08210324210851058,-0.3362396440805866,-2.071140579831715,-2.305389501255
-33.62396440805866,0.08581355398552143,-0.3362396440805866,-2.2625633160052985,-2.4347587424739414
-33.62396440805866,0.08952386586253226,-0.3362396440805866,-2.4624454566944016,-2.5735219012842823
-33.62396440805866,0.09323417773954311,-0.3362396440805866,-2.6707870018990247,-2.7223340704309953
-33.62396440805866,0.09694448961655394,-0.3362396440805866,-2.8875879516191683,-2.881835420228289
-33.62396440805866,0.10065480149356479,-0.3362396440805866,-3.1128483058548313,-3.052636312758147
-33.62396440805866,0.10436511337057562,-0.3362396440805866,-3.3465680646060147,-3.235299993483723
-33.62396440805866,0.10807542524758647,-0.3362396440805866,-3.588747227872719,-3.4303230342465287
-33.62396440805866,0.1117857371245973,-0.3362396440805866,-3.839385795654942,-3.638113910786176
-33.62396440805866,0.11549604900160815,-0.3362396440805866,-4.098483767952686,-3.8589703504743715
-33.62396440805866,0.11920636087861898,-0.3362396440805866,-4.3660411447659495,-4.093056371183897
-33.62396440805866,0.12291667275562983,-0.3362396440805866,-4.642057926094734,-4.3403802300999565
-33.62396440805866,0.12662698463264066,-0.3362396440805866,-4.926534111939038,-4.600774781518405
-33.62396440805866,0.1303372965096515,-0.3362396440805866,-5.219469702298861,-4.873881965324669
-33.62396440805866,0.13404760838666235,-0.3362396440805866,-5.520864697174206,-5.159143266387954
-33.62396440805866,0.13775792026367317,-0.3362396440805866,-5.830719096565069,-5.455797952292915
-33.62396440805866,0.14146823214068402,-0.3362396440805866,-6.149032900471454,-5.762890673253505
-33.62396440805866,0.14517854401769487,-0.3362396440805866,-6.475806108893357,-6.079289572315977
-33.62396440805866,0.1488888558947057,-0.3362396440805866,-6.811038721830783,-6.4037154125153135
-33.62396440805866,0.15259916777171653,-0.3362396440805866,-7.154730739283726,-6.734781421508137
-33.62396440805866,0.15630947964872738,-0.3362396440805866,-7.50688216125219,-7.071042659663222
-33.62396440805866,0.16001979152573823,-0.3362396440805866,-7.867492987736175,-7.411052839034326
-33.62396440805866,0.16373010340274907,-0.3362396440805866,-8.23656321873568,-7.753425775322106
-33.62396440805866,0.1674404152797599,-0.3362396440805866,-8.614092854250703,-8.096898152060586
-33.62396440805866,0.17115072715677074,-0.3362396440805866,-9.000081894281248,-8.440390094998307
-33.62396440805866,0.17486103903378158,-0.3362396440805866,-9.394530338827314,-8.783060226599028
-33.62396440805866,0.17857135091079243,-0.3362396440805866,-9.797438187888899,-9.124352371795545
-33.62396440805866,0.18228166278780325,-0.3362396440805866,-10.208805441466003,-9.464031840926669
-33.62396440805866,0.1859919746648141,-0.3362396440805866,-10.628632099558628,-9.80221011174682
-33.62396440805866,0.18970228654182494,-0.3362396440805866,-11.056918162166774,-10.13935764228176
-33.62396440805866,0.1934125984188358,-0.3362396440805866,-11.49366362929044,-10.476305351316242
-33.62396440805866,0.1971229102958466,-0.3362396440805866,-11.938868500929622,-10.814235912032945
-33.62396440805866,0.20083322217285746,-0.3362396440805866,-12.392532777084327,-11.154666363724859
-33.62396440805866,0.2045435340498683,-0.3362396440805866,-12.854656457754553,-11.499423643756097
-33.62396440805866,0.20825384592687915,-0.3362396440805866,-13.3252395429403,-11.850614498731803
-33.62396440805866,0.21196415780388997,-0.3362396440805866,-13.804282032641563,-12.210590895990808
-33.62396440805866,0.21567446968090082,-0.3362396440805866,-14.291783926858349,-12.581911582529417
-33.62396440805866,0.21938478155791166,-0.3362396440805866,-14.787745225590657,-12.967299889647418
-33.62396440805866,0.2230950934349225,-0.3362396440805866,-15.29216592883848,-13.369597315996723
-33.62396440805866,0.22680540531193333,-0.3362396440805866,-15.805046036601823,-13.791711892073232
-33.62396440805866,0.23051571718894417,-0.3362396440805866,-16.32638554888069,-14.236559885160723
-33.62396440805866,0.23422602906595502,-0.3362396440805866,-16.856184465675078,-14.706999097050884
-33.62396440805866,0.23793634094296587,-0.3362396440805866,-17.394442786984985,-15.205751898323092
-33.62396440805866,0.2416466528199767,-0.3362396440805866,-17.941160512810406,-15.735316308960924
-33.62396440805866,0.24535696469698753,-0.3362396440805866,-18.496337643151353,-16.297863970754342
-33.62396440805866,0.24906727657399838,-0.3362396440805866,-19.05997417800782,-16.895124871710706
-33.62396440805866,0.2527775884510092,-0.3362396440805866,-19.63207011737981,-17.528260282848656
-33.62396440805866,0.25648790032802005,-0.3362396440805866,-20.21262546126731,-18.197727620736682
-33.62396440805866,0.2601982122050309,-0.3362396440805866,-20.801640209670346,-18.903143827352046
-33.62396440805866,0.26390852408204174,-0.3362396440805866,-21.399114362588886,-19.64315716793908
-33.62396440805866,0.26761883595905256,-0.3362396440805866,-22.005047920022946,-20.415340657759188
-33.62396440805866,0.27132914783606343,-0.3362396440805866,-22.61944088197254,-21.216122943350413
-33.62396440805866,0.27503945971307425,-0.3362396440805866,-23.242293248437644,-22.040773471476747
-33.62396440805866,0.27874977159008507,-0.3362396440805866,-23.873605019418267,-22.883457227024024
-33.62396440805866,0.28246008346709595,-0.3362396440805866,-24.51337619491442,-23.737369517182415
-33.62396440805866,0.28617039534410676,-0.3362396440805866,-25.16160677492608,-24.59495315367142
-33.62396440805866,0.28988070722111764,-0.3362396440805866,-25.818296759453276,-25.448189778460737
-33.62396440805866,0.29359101909812846,-0.3362396440805866,-26.483446148495975,-26.288945783195096
-33.62396440805866,0.2973013309751393,-0.3362396440805866,-27.157054942054202,-27.1093437045418
-33.62396440805866,0.30101164285215015,-0.3362396440805866,-27.839123140127956,-27.90212451527912
-33.62396440805866,0.30472195472916097,-0.3362396440805866,-28.529650742717216,-28.660966432378537
-32.23608755658963,0.011607316445304631,-0.3223608755658963,-0.04102147375490931,-0.9105426131022236
-32.23608755658963,0.015317628322315471,-0.3223608755658963,-0.07143822649868452,-0.957732545691627
-32.23608755658963,0.01902794019932631,-0.3223608755658963,-0.11023795940745906,-1.0060040522165767
-32.23608755658963,0.02273825207633715,-0.3223608755658963,-0.15742067248123295,-1.0555537561650201
-32.23608755658963,0.02644856395334799,-0.3223608755658963,-0.21298636572000623,-1.106595588747454
-32.23608755658963,0.03015887583035883,-0.3223608755658963,-0.27693503912377887,-1.1593622126181389
-32.23608755658963,0.03386918770736967,-0.3223608755658963,-0.3492666926925509,-1.2141065127346593
-32.23608755658963,0.03757949958438051,-0.3223608755658963,-0.4299813264263222,-1.2711031382791358
-32.23608755658963,0.04128981146139135,-0.3223608755658963,-0.5190789403250928,-1.3306500727642296
-32.23608755658963,0.04500012333840219,-0.3223608755658963,-0.6165595343888629,-1.3930702010236153
-32.23608755658963,0.04871043521541303,-0.3223608755658963,-0.7224231086176323,-1.4587128314959221
-32.23608755658963,0.05242074709242387,-0.3223608755658963,-0.836669663011401,-1.5279551198173955
-32.23608755658963,0.05613105896943471,-0.3223608755658963,-0.9592991975701691,-1.6012033250438291
-32.23608755658963,0.05984137084644555,-0.3223608755658963,-1.0903117122939365,-1.6788938127021948
-32.23608755658963,0.06355168272345639,-0.3223608755658963,-1.2297072071827033,-1.7614936993304253
-32.23608755658963,0.06726199460046722,-0.3223608755658963,-1.3774856822364692,-1.8495010114036523
-32.23608755658963,0.07097230647747807,-0.3223608755658963,-1.5336471374552347,-1.9434442080631165
-32.23608755658963,0.0746826183544889,-0.3223608755658963,-1.6981915728389996,-2.043880892763436
-32.23608755658963,0.07839293023149975,-0.3223608755658963,-1.871118988387764,-2.1513955152829034
-32.23608755658963,0.08210324210851058,-0.3223608755658963,-2.052429384101527,-2.2665958446364955
-32.23608755658963,0.08581355398552143,-0.3223608755658963,-2.2421227599802904,-2.390107978269154
-32.23608755658963,0.08952386586253226,-0.3223608755658963,-2.4401991160240524,-2.522569647415848
-32.23608755658963,0.09323417773954311,-0.3223608755658963,-2.646658452232814,-2.664621587630654
-32.23608755658963,0.09694448961655394,-0.3223608755658963,-2.8615007686065748,-2.816896773073518
-32.23608755658963,0.10065480149356479,-0.3223608755658963,-3.084726065145335,-2.9800073697253593
-32.23608755658963,0.10436511337057562,-0.3223608755658963,-3.3163343418490947,-3.1545293529163096
-32.23608755658963,0.10807542524758647,-0.3223608755658963,-3.556325598717854,-3.3409848642468027
-32.23608755658963,0.1117857371245973,-0.3223608755658963,-3.804699835751612,-3.539822555912374
-32.23608755658963,0.11549604900160815,-0.3223608755658963,-4.06145705295037,-3.7513963865817574
-32.23608755658963,0.11920636087861898,-0.3223608755658963,-4.326597250314127,-3.9759435865549557
-32.23608755658963,0.12291667275562983,-0.3223608755658963,-4.600120427842884,-4.213562787494716
-32.23608755658963,0.12662698463264066,-0.3223608755658963,-4.882026585536639,-4.464193590978963
-32.23608755658963,0.1303372965096515,-0.3223608755658963,-5.1723157233953945,-4.727599098338209
-32.23608755658963,0.13404760838666235,-0.3223608755658963,-5.4709878414191495,-5.003353101484125
-32.23608755658963,0.13775792026367317,-0.3223608755658963,-5.778042939607902,-5.290833696165768
-32.23608755658963,0.14146823214068402,-0.3223608755658963,-6.093481017961656,-5.589224982894624
-32.23608755658963,0.14517854401769487,-0.3223608755658963,-6.417302076480408,-5.897528234999876
-32.23608755658963,0.1488888558947057,-0.3223608755658963,-6.749506115164161,-6.2145834265561435
-32.23608755658963,0.15259916777171653,-0.3223608755658963,-7.0900931340129105,-6.539101342553465
-32.23608755658963,0.15630947964872738,-0.3223608755658963,-7.439063133026662,-6.869705690068183
-32.23608755658963,0.16001979152573823,-0.3223608755658963,-7.796416112205413,-7.204983774113081
-32.23608755658963,0.16373010340274907,-0.3223608755658963,-8.162152071549162,-7.543543499077085
-32.23608755658963,0.1674404152797599,-0.3223608755658963,-8.536271011057908,-7.884073815770453
-32.23608755658963,0.17115072715677074,-0.3223608755658963,-8.918772930731658,-8.225405350177908
-32.23608755658963,0.17486103903378158,-0.3223608755658963,-9.309657830570405,-8.56656788416027
-32.23608755658963,0.17857135091079243,-0.3223608755658963,-9.708925710574151,-8.906841623781014
-32.23608755658963,0.18228166278780325,-0.3223608755658963,-10.116576570742897,-9.245799749012964
-32.23608755658963,0.1859919746648141,-0.3223608755658963,-10.532610411076643,-9.583340505756613
-32.23608755658963,0.18970228654182494,-0.3223608755658963,-10.957027231575388,-9.919707965242726
-32.23608755658963,0.1934125984188358,-0.3223608755658963,-11.389827032239134,-10.255501417564684
-32.23608755658963,0.1971229102958466,-0.3223608755658963,-11.831009813067874,-10.591674079439553
-32.23608755658963,0.20083322217285746,-0.3223608755658963,-12.280575574061617,-10.92952230478392
-32.23608755658963,0.2045435340498683,-0.3223608755658963,-12.73852431522036,-11.270666750899974
-32.23608755658963,0.20825384592687915,-0.3223608755658963,-13.204856036544104,-11.617026970379177
-32.23608755658963,0.21196415780388997,-0.3223608755658963,-13.679570738032842,-11.970790696705288
-32.23608755658963,0.21567446968090082,-0.3223608755658963,-14.162668419686582,-12.334378717451818
-32.23608755658963,0.21938478155791166,-0.3223608755658963,-14.654149081505324,-12.710405740068577
-32.23608755658963,0.2230950934349225,-0.3223608755658963,-15.154012723489062,-13.101637110222834
-32.23608755658963,0.22680540531193333,-0.3223608755658963,-15.662259345637796,-13.510940697197269
-32.23608755658963,0.23051571718894417,-0.3223608755658963,-16.178888947951535,-13.9412327671489
-32.23608755658963,0.23422602906595502,-0.3223608755658963,-16.703901530430276,-14.395416274888936
-32.23608755658963,0.23793634094296587,-0.3223608755658963,-17.237297093074012,-14.876309775251887
-32.23608755658963,0.2416466528199767,-0.3223608755658963,-17.779075635882744,-15.386565154796306
-32.23608755658963,0.24535696469698753,-0.3223608755658963,-18.32923715885648,-15.928572698940046
-32.23608755658963,0.24906727657399838,-0.3223608755658963,-18.887781661995216,-16.504352740829
-32.23608755658963,0.2527775884510092,-0.3223608755658963,-19.454709145298953,-17.115434395555823
-32.23608755658963,0.25648790032802005,-0.3223608755658963,-20.03001960876768,-17.762723758669487
-32.23608755658963,0.2601982122050309,-0.3223608755658963,-20.61371305240142,-18.446366471991695
-32.23608755658963,0.26390852408204174,-0.3223608755658963,-21.205789476200145,-19.165612639588666
-32.23608755658963,0.26761883595905256,-0.3223608755658963,-21.806248880163874,-19.918695424227998
-32.23608755658963,0.27132914783606343,-0.3223608755658963,-22.41509126429261,-20.702737730910073
-32.23608755658963,0.27503945971307425,-0.3223608755658963,-23.03231662858634,-21.513703398908284
-32.23608755658963,0.27874977159008507,-0.3223608755658963,-23.657924973045063,-22.346409334875254
-32.23608755658963,0.28246008346709595,-0.3223608755658963,-24.2919162976688,-23.194612158855293
-32.23608755658963,0.28617039534410676,-0.3223608755658963,-24.934290602457523,-24.051176740411563
-32.23608755658963,0.28988070722111764,-0.3223608755658963,-25.585047887411257,-24.908324761160834
-32.23608755658963,0.29359101909812846,-0.3223608755658963,-26.244188152529976,-25.757950389421268
-32.23608755658963,0.2973013309751393,-0.3223608755658963,-26.9117113978137,-26.591979374524726
-32.23608755658963,0.30101164285215015,-0.3223608755658963,-27.587617623262435,-27.402739819058176
-32.23608755658963,0.30472195472916097,-0.3223608755658963,-28.27190682887615,-28.18330966519712
-30.848210705120593,0.011607316445304631,-0.30848210705120593,-0.040647497027371436,-0.9292177972225355
-30.848210705120593,0.015317628322315471,-0.30848210705120593,-0.0707869521362199,-0.974392330853763
-30.848210705120593,0.01902794019932631,-0.30848210705120593,-0.109232963059547,-1.0206191321551294
-30.848210705120593,0.02273825207633715,-0.30848210705120593,-0.15598552979735272,-1.068083060663219
-30.848210705120593,0.02644856395334799,-0.30848210705120593,-0.21104465234963712,-1.116985130299195
-30.848210705120593,0.03015887583035883,-0.30848210705120593,-0.27441033071640014,-1.1675438557167839
-30.848210705120593,0.03386918770736967,-0.30848210705120593,-0.3460825648976419,-1.2199966674735023
-30.848210705120593,0.03757949958438051,-0.30848210705120593,-0.42606135489336217,-1.274601383211504
-30.848210705120593,0.04128981146139135,-0.30848210705120593,-0.5143467007035611,-1.3316377162472408
-30.848210705120593,0.04500012333840219,-0.30848210705120593,-0.6109386023282387,-1.3914087957657504
-30.848210705120593,0.04871043521541303,-0.30848210705120593,-0.715837059767395,-1.4542426639674684
-30.848210705120593,0.05242074709242387,-0.30848210705120593,-0.8290420730210298,-1.5204937047973806
-30.848210705120593,0.05613105896943471,-0.30848210705120593,-0.9505536420891433,-1.5905439460926614
-30.848210705120593,0.05984137084644555,-0.30848210705120593,-1.0803717669717354,-1.664804161959041
-30.848210705120593,0.06355168272345639,-0.30848210705120593,-1.2184964476688063,-1.7437146848651262
-30.848210705120593,0.06726199460046722,-0.30848210705120593,-1.3649276841803553,-1.8277458174114525
-30.848210705120593,0.07097230647747807,-0.30848210705120593,-1.5196654765063835,-1.917397712298011
-30.848210705120593,0.0746826183544889,-0.30848210705120593,-1.6827098246468901,-2.013199566309267
-30.848210705120593,0.07839293023149975,-0.30848210705120593,-1.8540607286018755,-2.1157079512254873
-30.848210705120593,0.08210324210851058,-0.30848210705120593,-2.0337181883713393,-2.225504083086321
-30.848210705120593,0.08581355398552143,-0.30848210705120593,-2.2216822039552824,-2.3431898135167035
-30.848210705120593,0.08952386586253226,-0.30848210705120593,-2.4179527753537036,-2.4693821160477336
-30.848210705120593,0.09323417773954311,-0.30848210705120593,-2.6225299025666033,-2.6047058406199035
-30.848210705120593,0.09694448961655394,-0.30848210705120593,-2.8354135855939817,-2.7497845257584412
-30.848210705120593,0.10065480149356479,-0.30848210705120593,-3.056603824435839,-2.9052290960643106
-30.848210705120593,0.10436511337057562,-0.30848210705120593,-3.2861006190921747,-3.071624338911711
-30.848210705120593,0.10807542524758647,-0.30848210705120593,-3.5239039695629897,-3.2495131546285743
-30.848210705120593,0.1117857371245973,-0.30848210705120593,-3.770013875848282,-3.439378713827879
-30.848210705120593,0.11549604900160815,-0.30848210705120593,-4.024430337948054,-3.6416248362805526
-30.848210705120593,0.11920636087861898,-0.30848210705120593,-4.287153355862304,-3.8565551258779696
-30.848210705120593,0.12291667275562983,-0.30848210705120593,-4.558182929591034,-4.084351647849065
-30.848210705120593,0.12662698463264066,-0.30848210705120593,-4.837519059134241,-4.3250542017299205
-30.848210705120593,0.1303372965096515,-0.30848210705120593,-5.125161744491927,-4.57854150205406
-30.848210705120593,0.13404760838666235,-0.30848210705120593,-5.421110985664093,-4.844515795114934
-30.848210705120593,0.13775792026367317,-0.30848210705120593,-5.7253667826507355,-5.122492574637925
-30.848210705120593,0.14146823214068402,-0.30848210705120593,-6.037929135451859,-5.411797069793702
-30.848210705120593,0.14517854401769487,-0.30848210705120593,-6.358798044067459,-5.71156902827751
-30.848210705120593,0.1488888558947057,-0.30848210705120593,-6.687973508497539,-6.02077698084154
-30.848210705120593,0.15259916777171653,-0.30848210705120593,-7.0254555287420954,-6.3382426492136075
-30.848210705120593,0.15630947964872738,-0.30848210705120593,-7.371244104801133,-6.662675472976942
-30.848210705120593,0.16001979152573823,-0.30848210705120593,-7.72533923667465,-6.992716440144687
-30.848210705120593,0.16373010340274907,-0.30848210705120593,-8.087740924362643,-7.326989595628783
-30.848210705120593,0.1674404152797599,-0.30848210705120593,-8.458449167865114,-7.664158872874445
-30.848210705120593,0.17115072715677074,-0.30848210705120593,-8.837463967182066,-8.002987347760374
-30.848210705120593,0.17486103903378158,-0.30848210705120593,-9.224785322313497,-8.342395732277009
-30.848210705120593,0.17857135091079243,-0.30848210705120593,-9.620413233259406,-8.681516953839294
-30.848210705120593,0.18228166278780325,-0.30848210705120593,-10.024347700019792,-9.01974400270214
-30.848210705120593,0.1859919746648141,-0.30848210705120593,-10.436588722594658,-9.356768825268244
-30.848210705120593,0.18970228654182494,-0.30848210705120593,-10.857136300984005,-9.692610806889315
-30.848210705120593,0.1934125984188358,-0.30848210705120593,-11.285990435187829,-10.02763421413669
-30.848210705120593,0.1971229102958466,-0.30848210705120593,-11.723151125206128,-10.362554742093465
-30.848210705120593,0.20083322217285746,-0.30848210705120593,-12.168618371038907,-10.698435942820483
-30.848210705120593,0.2045435340498683,-0.30848210705120593,-12.622392172686167,-11.036676732758258
-30.848210705120593,0.20825384592687915,-0.30848210705120593,-13.084472530147906,-11.378991360968403
-30.848210705120593,0.21196415780388997,-0.30848210705120593,-13.554859443424121,-11.727383171911084
-30.848210705120593,0.21567446968090082,-0.30848210705120593,-14.033552912514816,-12.08411324740823
-30.848210705120593,0.21938478155791166,-0.30848210705120593,-14.52055293741999,-12.451664610854001
-30.848210705120593,0.2230950934349225,-0.30848210705120593,-15.015859518139642,-12.83270217850436
-30.848210705120593,0.22680540531193333,-0.30848210705120593,-15.519472654673772,-13.230028104608857
-30.848210705120593,0.23051571718894417,-0.30848210705120593,-16.031392347022383,-13.646531643824956
-30.848210705120593,0.23422602906595502,-0.30848210705120593,-16.55161859518547,-14.085132198783603
-30.848210705120593,0.23793634094296587,-0.30848210705120593,-17.08015139916304,-14.548713888061906
-30.848210705120593,0.2416466528199767,-0.30848210705120593,-17.616990758955083,-15.040049823286113
-30.848210705120593,0.24535696469698753,-0.30848210705120593,-18.16213667456161,-15.561714400419783
-30.848210705120593,0.24906727657399838,-0.30848210705120593,-18.715589145982612,-16.115982382933566
-30.848210705120593,0.2527775884510092,-0.30848210705120593,-19.277348173218094,-16.70471449000869
-30.848210705120593,0.25648790032802005,-0.30848210705120593,-19.84741375626805,-17.32923070558911
-30.848210705120593,0.2601982122050309,-0.30848210705120593,-20.425785895132496,-17.99017466453148
-30.848210705120593,0.26390852408204174,-0.30848210705120593,-21.012464589811408,-18.68737523598912
-30.848210705120593,0.26761883595905256,-0.30848210705120593,-21.6074498403048,-19.41971464564719
-30.848210705120593,0.27132914783606343,-0.30848210705120593,-22.210741646612682,-20.185015773060975
-30.848210705120593,0.27503945971307425,-0.30848210705120593,-22.822340008735033,-20.979963987974315
-30.848210705120593,0.27874977159008507,-0.30848210705120593,-23.442244926671858,-21.800080189293567
-30.848210705120593,0.28246008346709595,-0.30848210705120593,-24.070456400423176,-22.639760648247496
-30.848210705120593,0.28617039534410676,-0.30848210705120593,-24.70697442998896,-23.492395096436333
-30.848210705120593,0.28988070722111764,-0.30848210705120593,-25.351799015369235,-24.350567046518435
-30.848210705120593,0.29359101909812846,-0.30848210705120593,-26.004930156563976,-25.206330239157516
-30.848210705120593,0.2973013309751393,-0.30848210705120593,-26.6663678535732,-26.051543962629403
-30.848210705120593,0.30101164285215015,-0.30848210705120593,-27.33611210639691,-26.87824007008537
-30.848210705120593,0.30472195472916097,-0.30848210705120593,-28.014162915035087,-27.67898820547338
-29.46033385365156,0.011607316445304631,-0.2946033385365156,-0.040273520299833554,-0.9452523355249021
-29.46033385365156,0.015317628322315471,-0.2946033385365156,-0.07013567777375528,-0.9884643080418165
-29.46033385365156,0.01902794019932631,-0.2946033385365156,-0.1082279667116349,-1.0326951672711067
-29.46033385365156,0.02273825207633715,-0.2946033385365156,-0.15455038711347244,-1.0781182430102803
-29.46033385365156,0.02644856395334799,-0.2946033385365156,-0.20910293897926796,-1.124921925571118
-29.46033385365156,0.03015887583035883,-0.2946033385365156,-0.27188562230902136,-1.173310937319954
-29.46033385365156,0.03386918770736967,-0.2946033385365156,-0.34289843710273277,-1.2235076742470712
-29.46033385365156,0.03757949958438051,-0.2946033385365156,-0.422141383360402,-1.2757536076506932
-29.46033385365156,0.04128981146139135,-0.2946033385365156,-0.5096144610820292,-1.3303107311372457
-29.46033385365156,0.04500012333840219,-0.2946033385365156,-0.6053176702676144,-1.3874630320251082
-29.46033385365156,0.04871043521541303,-0.2946033385365156,-0.7092510109171575,-1.447517958685018
-29.46033385365156,0.05242074709242387,-0.2946033385365156,-0.8214144830306584,-1.5108078461421108
-29.46033385365156,0.05613105896943471,-0.2946033385365156,-0.9418080866081173,-1.5776912511956853
-29.46033385365156,0.05984137084644555,-0.2946033385365156,-1.070431821649534,-1.6485541352073776
-29.46033385365156,0.06355168272345639,-0.2946033385365156,-1.207285688154909,-1.7238108174532663
-29.46033385365156,0.06726199460046722,-0.2946033385365156,-1.3523696861242414,-1.8039046045244387
-29.46033385365156,0.07097230647747807,-0.2946033385365156,-1.505683815557532,-1.889307981857126
-29.46033385365156,0.0746826183544889,-0.2946033385365156,-1.6672280764547804,-1.9805222324851686
-29.46033385365156,0.07839293023149975,-0.2946033385365156,-1.8370024688159872,-2.078076326288511
-29.46033385365156,0.08210324210851058,-0.2946033385365156,-2.015006992641151,-2.182524901570818
-29.46033385365156,0.08581355398552143,-0.2946033385365156,-2.201241647930274,-2.2944451415342852
-29.46033385365156,0.08952386586253226,-0.2946033385365156,-2.395706434683354,-2.414432333638527
-29.46033385365156,0.09323417773954311,-0.2946033385365156,-2.598401352900392,-2.5430938932614913
-29.46033385365156,0.09694448961655394,-0.2946033385365156,-2.809326402581388,-2.681041638730532
-29.46033385365156,0.10065480149356479,-0.2946033385365156,-3.028481583726342,-2.8288821277024665
-29.46033385365156,0.10436511337057562,-0.2946033385365156,-3.255866896335254,-2.9872049107278595
-29.46033385365156,0.10807542524758647,-0.2946033385365156,-3.4914823404081243,-3.1565686325458904
-29.46033385365156,0.1117857371245973,-0.2946033385365156,-3.7353279159449517,-3.3374850206502664
-29.46033385365156,0.11549604900160815,-0.2946033385365156,-3.9874036229457377,-3.5304009478417386
-29.46033385365156,0.11920636087861898,-0.2946033385365156,-4.247709461410481,-3.7356789418208516
-29.46033385365156,0.12291667275562983,-0.2946033385365156,-4.516245431339183,-3.953576736782778
-29.46033385365156,0.12662698463264066,-0.2946033385365156,-4.7930115327318425,-4.184226709567623
-29.46033385365156,0.1303372965096515,-0.2946033385365156,-5.07800776558846,-4.427616298565594
-29.46033385365156,0.13404760838666235,-0.2946033385365156,-5.371234129909036,-4.683570741235855
-29.46033385365156,0.13775792026367317,-0.2946033385365156,-5.672690625693567,-4.951739652001877
-29.46033385365156,0.14146823214068402,-0.2946033385365156,-5.98237725294206,-5.231589057538269
-29.46033385365156,0.14517854401769487,-0.2946033385365156,-6.3002940116545085,-5.522400471889895
-29.46033385365156,0.1488888558947057,-0.2946033385365156,-6.626440901830916,-5.8232783969507755
-29.46033385365156,0.15259916777171653,-0.2946033385365156,-6.9608179234712795,-6.133167256950732
-29.46033385365156,0.15630947964872738,-0.2946033385365156,-7.3034250765756035,-6.450878223924634
-29.46033385365156,0.16001979152573823,-0.2946033385365156,-7.654262361143885,-6.775125698111281
-29.46033385365156,0.16373010340274907,-0.2946033385365156,-8.013329777176125,-7.104572435335593
-29.46033385365156,0.1674404152797599,-0.2946033385365156,-8.380627324672318,-7.437881548732223
-29.46033385365156,0.17115072715677074,-0.2946033385365156,-8.756155003632474,-7.773772952389104
-29.46033385365156,0.17486103903378158,-0.2946033385365156,-9.139912814056588,-8.111081352343412
-29.46033385365156,0.17857135091079243,-0.2946033385365156,-9.531900755944658,-8.448812695605493
-29.46033385365156,0.18228166278780325,-0.2946033385365156,-9.932118829296686,-8.786196092458908
-29.46033385365156,0.1859919746648141,-0.2946033385365156,-10.340567034112672,-9.122728617551584
-29.46033385365156,0.18970228654182494,-0.2946033385365156,-10.757245370392617,-9.458211013697031
-29.46033385365156,0.1934125984188358,-0.2946033385365156,-11.18215383813652,-9.792773078147821
-29.46033385365156,0.1971229102958466,-0.2946033385365156,-11.615292437344378,-10.126888297681798
-29.46033385365156,0.20083322217285746,-0.2946033385365156,-12.056661168016195,-10.461378012561855
-29.46033385365156,0.2045435340498683,-0.2946033385365156,-12.506260030151973,-10.797405946379754
-29.46033385365156,0.20825384592687915,-0.2946033385365156,-12.964089023751708,-11.136464285427042
-29.46033385365156,0.21196415780388997,-0.2946033385365156,-13.430148148815396,-11.480352607832552
-29.46033385365156,0.21567446968090082,-0.2946033385365156,-13.904437405343048,-11.831150860319129
-29.46033385365156,0.21938478155791166,-0.2946033385365156,-14.386956793334656,-12.191187293471375
-29.46033385365156,0.2230950934349225,-0.2946033385365156,-14.877706312790222,-12.563001843613575
-29.46033385365156,0.22680540531193333,-0.2946033385365156,-15.376685963709742,-12.949304945731608
-29.46033385365156,0.23051571718894417,-0.2946033385365156,-15.883895746093225,-13.35293123307093
-29.46033385365156,0.23422602906595502,-0.2946033385365156,-16.399335659940665,-13.77678707968805
-29.46033385365156,0.23793634094296587,-0.2946033385365156,-16.923005705252063,-14.223790527297044
-29.46033385365156,0.2416466528199767,-0.2946033385365156,-17.454905882027415,-14.696801866851022
-29.46033385365156,0.24535696469698753,-0.2946033385365156,-17.99503619026673,-15.198543088237445
-29.46033385365156,0.24906727657399838,-0.2946033385365156,-18.54339662997,-15.731504652893081
-29.46033385365156,0.2527775884510092,-0.2946033385365156,-19.099987201137235,-16.29783868416056
-29.46033385365156,0.25648790032802005,-0.2946033385365156,-19.664807903768416,-16.899238816661246
-29.46033385365156,0.2601982122050309,-0.2946033385365156,-20.23785873786357,-17.53680869337952
-29.46033385365156,0.26390852408204174,-0.2946033385365156,-20.819139703422664,-18.210923489977993
-29.46033385365156,0.26761883595905256,-0.2946033385365156,-21.40865080044572,-18.921091813186564
-29.46033385365156,0.27132914783606343,-0.2946033385365156,-22.006392028932748,-19.66582861954212
-29.46033385365156,0.27503945971307425,-0.2946033385365156,-22.612363388883722,-20.44255295191592
-29.46033385365156,0.27874977159008507,-0.2946033385365156,-23.22656488029865,-21.247526564078157
-29.46033385365156,0.28246008346709595,-0.2946033385365156,-23.848996503177553,-22.075849992372824
-29.46033385365156,0.28617039534410676,-0.2946033385365156,-24.479658257520395,-22.921530451089318
-29.46033385365156,0.28988070722111764,-0.2946033385365156,-25.118550143327212,-23.77763051051287
-29.46033385365156,0.29359101909812846,-0.2946033385365156,-25.765672160597973,-24.63649796552862
-29.46033385365156,0.2973013309751393,-0.2946033385365156,-26.421024309332694,-25.490066623176517
-29.46033385365156,0.30101164285215015,-0.2946033385365156,-27.084606589531383,-26.33020681304751
-29.46033385365156,0.30472195472916097,-0.2946033385365156,-27.75641900119402,-27.149095636485775
-28.072457002182524,0.011607316445304631,-0.28072457002182527,-0.03989954357229568,-0.9588119228167677
-28.072457002182524,0.015317628322315471,-0.28072457002182527,-0.06948440341129065,-1.0001168460209717
-28.072457002182524,0.01902794019932631,-0.28072457002182527,-0.10722297036372283,-1.0424039220457688
-28.072457002182524,0.02273825207633715,-0.28072457002182527,-0.1531152444295922,-1.0858352656511832
-28.072457002182524,0.02644856395334799,-0.28072457002182527,-0.20716122560889885,-1.1305870165353191
-28.072457002182524,0.03015887583035883,-0.28072457002182527,-0.2693609139016427,-1.176850538461065
-28.072457002182524,0.03386918770736967,-0.28072457002182527,-0.33971430930782376,-1.2248336890829155
-28.072457002182524,0.03757949958438051,-0.28072457002182527,-0.418221411827442,-1.2747621531004203
-28.072457002182524,0.04128981146139135,-0.28072457002182527,-0.5048822214604975,-1.3268808272795356
-28.072457002182524,0.04500012333840219,-0.28072457002182527,-0.5996967382069902,-1.3814552407349288
-28.072457002182524,0.04871043521541303,-0.28072457002182527,-0.7026649620669201,-1.4387729874647155
-28.072457002182524,0.05242074709242387,-0.28072457002182527,-0.8137868930402873,-1.499145140273642
-28.072457002182524,0.05613105896943471,-0.28072457002182527,-0.9330625311270916,-1.5629076057087081
-28.072457002182524,0.05984137084644555,-0.28072457002182527,-1.060491876327333,-1.6304223682772152
-28.072457002182524,0.06355168272345639,-0.28072457002182527,-1.196074928641012,-1.7020785588736196
-28.072457002182524,0.06726199460046722,-0.28072457002182527,-1.3398116880681274,-1.7782932669367488
-28.072457002182524,0.07097230647747807,-0.28072457002182527,-1.4917021546086808,-1.8595119984424695
-28.072457002182524,0.0746826183544889,-0.28072457002182527,-1.6517463282626712,-1.946208662643154
-28.072457002182524,0.07839293023149975,-0.28072457002182527,-1.8199442090300988,-2.038884949995527
-28.072457002182524,0.08210324210851058,-0.28072457002182527,-1.9962957969109636,-2.138068942834929
-28.072457002182524,0.08581355398552143,-0.28072457002182527,-2.180801091905266,-2.244312780397194
-28.072457002182524,0.08952386586253226,-0.28072457002182527,-2.373460094013005,-2.358189182695325
-28.072457002182524,0.09323417773954311,-0.28072457002182527,-2.5742728032341815,-2.480286626176783
-28.072457002182524,0.09694448961655394,-0.28072457002182527,-2.783239219568795,-2.611202961469931
-28.072457002182524,0.10065480149356479,-0.28072457002182527,-3.000359343016846,-2.7515372741546598
-28.072457002182524,0.10436511337057562,-0.28072457002182527,-3.225633173578334,-2.901879818389454
-28.072457002182524,0.10807542524758647,-0.28072457002182527,-3.45906071125326,-3.0627999059248756
-28.072457002182524,0.1117857371245973,-0.28072457002182527,-3.7006419560416215,-3.23483171508379
-28.072457002182524,0.11549604900160815,-0.28072457002182527,-3.9503769079434217,-3.4184581005050214
-28.072457002182524,0.11920636087861898,-0.28072457002182527,-4.208265566958659,-3.614092637805549
-28.072457002182524,0.12291667275562983,-0.28072457002182527,-4.474307933087333,-3.8220603275599343
-28.072457002182524,0.12662698463264066,-0.28072457002182527,-4.748504006329444,-4.04257760502482
-28.072457002182524,0.1303372965096515,-0.28072457002182527,-5.030853786684992,-4.275732544324026
-28.072457002182524,0.13404760838666235,-0.28072457002182527,-5.321357274153979,-4.521466389202977
-28.072457002182524,0.13775792026367317,-0.28072457002182527,-5.620014468736401,-4.779557759865298
-28.072457002182524,0.14146823214068402,-0.28072457002182527,-5.926825370432262,-5.049611042905199
-28.072457002182524,0.14517854401769487,-0.28072457002182527,-6.241789979241559,-5.331050531259483
-28.072457002182524,0.1488888558947057,-0.28072457002182527,-6.564908295164295,-5.6231218071300955
-28.072457002182524,0.15259916777171653,-0.28072457002182527,-6.896180318200465,-5.9249016250747415
-28.072457002182524,0.15630947964872738,-0.28072457002182527,-7.235606048350075,-6.235317143290644
-28.072457002182524,0.16001979152573823,-0.28072457002182527,-7.583185485613122,-6.553174780217935
-28.072457002182524,0.16373010340274907,-0.28072457002182527,-7.9389186299896055,-6.877198280189955
-28.072457002182524,0.1674404152797599,-0.28072457002182527,-8.302805481479524,-7.206074822032345
-28.072457002182524,0.17115072715677074,-0.28072457002182527,-8.674846040082883,-7.538507284415516
-28.072457002182524,0.17486103903378158,-0.28072457002182527,-9.055040305799679,-7.873270185018455
-28.072457002182524,0.17857135091079243,-0.28072457002182527,-9.44338827862991,-8.209266421841363
-28.072457002182524,0.18228166278780325,-0.28072457002182527,-9.83988995857358,-8.5455818233541
-28.072457002182524,0.1859919746648141,-0.28072457002182527,-10.244545345630687,-8.8815346802083
-28.072457002182524,0.18970228654182494,-0.28072457002182527,-10.657354439801232,-9.216717861768215
-28.072457002182524,0.1934125984188358,-0.28072457002182527,-11.078317241085214,-9.551031752328825
-28.072457002182524,0.1971229102958466,-0.28072457002182527,-11.50743374948263,-9.884706982842944
-28.072457002182524,0.20083322217285746,-0.28072457002182527,-11.944703964993485,-10.218316681211483
-28.072457002182524,0.2045435340498683,-0.28072457002182527,-12.39012788761778,-10.552778621274129
-28.072457002182524,0.20825384592687915,-0.28072457002182527,-12.843705517355511,-10.88934814254798
-28.072457002182524,0.21196415780388997,-0.28072457002182527,-13.305436854206675,-11.229602994662333
-28.072457002182524,0.21567446968090082,-0.28072457002182527,-13.775321898171281,-11.575421319673168
-28.072457002182524,0.21938478155791166,-0.28072457002182527,-14.253360649249325,-11.928953837688573
-28.072457002182524,0.2230950934349225,-0.28072457002182527,-14.739553107440802,-12.292590983092511
-28.072457002182524,0.22680540531193333,-0.28072457002182527,-15.233899272745715,-12.668925299203185
-28.072457002182524,0.23051571718894417,-0.28072457002182527,-15.73639914516407,-13.060708892898294
-28.072457002182524,0.23422602906595502,-0.28072457002182527,-16.247052724695862,-13.470805233052905
-28.072457002182524,0.23793634094296587,-0.28072457002182527,-16.76586001134109,-13.902134103134719
-28.072457002182524,0.2416466528199767,-0.28072457002182527,-17.292821005099754,-14.35760814689998
-28.072457002182524,0.24535696469698753,-0.28072457002182527,-17.827935705971857,-14.840059241617187
-28.072457002182524,0.24906727657399838,-0.28072457002182527,-18.371204113957397,-15.352152972397356
-28.072457002182524,0.2527775884510092,-0.28072457002182527,-18.922626229056377,-15.896289856051366
-28.072457002182524,0.25648790032802005,-0.28072457002182527,-19.482202051268786,-16.474492778491374
-28.072457002182524,0.2601982122050309,-0.28072457002182527,-20.049931580594645,-17.088281471949493
-28.072457002182524,0.26390852408204174,-0.28072457002182527,-20.625814817033927,-17.738536846768003
-28.072457002182524,0.26761883595905256,-0.28072457002182527,-21.20985176058665,-18.425360614964006
-28.072457002182524,0.27132914783606343,-0.28072457002182527,-21.802042411252817,-19.14793877306265
-28.072457002182524,0.27503945971307425,-0.28072457002182527,-22.402386769032415,-19.904420823051026
-28.072457002182524,0.27874977159008507,-0.28072457002182527,-23.01088483392545,-20.69182952948563
-28.072457002182524,0.28246008346709595,-0.28072457002182527,-23.62753660593193,-21.506017732154845
-28.072457002182524,0.28617039534410676,-0.28072457002182527,-24.252342085051836,-22.341688334407692
-28.072457002182524,0.28988070722111764,-0.28072457002182527,-24.88530127128519,-23.192490263972893
-28.072457002182524,0.29359101909812846,-0.28072457002182527,-25.526414164631973,-24.051196600143165
-28.072457002182524,0.2973013309751393,-0.28072457002182527,-26.175680765092192,-24.909961590557657
-28.072457002182524,0.30101164285215015,-0.28072457002182527,-26.833101072665862,-25.76064228011277
-28.072457002182524,0.30472195472916097,-0.28072457002182527,-27.498675087352954,-26.595160058608045
-26.68458015071349,0.011607316445304631,-0.2668458015071349,-0.0395255668447578,-0.9700732644295176
-26.68458015071349,0.015317628322315471,-0.2668458015071349,-0.06883312904882603,-1.0095290369597896
-26.68458015071349,0.01902794019932631,-0.2668458015071349,-0.10621797401581075,-1.0499275996407507
-26.68458015071349,0.02273825207633715,-0.2668458015071349,-0.15168010174571198,-1.0914202310683363
-26.68458015071349,0.02644856395334799,-0.2668458015071349,-0.20521951223852972,-1.1341712559682309
-26.68458015071349,0.03015887583035883,-0.2668458015071349,-0.26683620549426396,-1.178359174198035
-26.68458015071349,0.03386918770736967,-0.2668458015071349,-0.33653018151291475,-1.224177860563402
-26.68458015071349,0.03757949958438051,-0.2668458015071349,-0.414301440294482,-1.2718378302711573
-26.68458015071349,0.04128981146139135,-0.2668458015071349,-0.5001499818389658,-1.321567561458087
-26.68458015071349,0.04500012333840219,-0.2668458015071349,-0.594075806146366,-1.3736148619368578
-26.68458015071349,0.04871043521541303,-0.2668458015071349,-0.6960789132166828,-1.4282482619195598
-26.68458015071349,0.05242074709242387,-0.2668458015071349,-0.806159303049916,-1.4857584078278396
-26.68458015071349,0.05613105896943471,-0.2668458015071349,-0.9243169756460657,-1.5464594241839613
-26.68458015071349,0.05984137084644555,-0.2668458015071349,-1.0505519310051321,-1.610690200810514
-26.68458015071349,0.06355168272345639,-0.2668458015071349,-1.184864169127115,-1.6788155509804472
-26.68458015071349,0.06726199460046722,-0.2668458015071349,-1.3272536900120138,-1.7512271726355708
-26.68458015071349,0.07097230647747807,-0.2668458015071349,-1.4777204936598296,-1.8283443292965966
-26.68458015071349,0.0746826183544889,-0.2668458015071349,-1.6362645800705617,-1.9106141499224591
-26.68458015071349,0.07839293023149975,-0.2668458015071349,-1.8028859492442106,-1.9985114280428533
-26.68458015071349,0.08210324210851058,-0.2668458015071349,-1.9775846011807758,-2.092537780568196
-26.68458015071349,0.08581355398552143,-0.2668458015071349,-2.160360535880258,-2.193220006738974
-26.68458015071349,0.08952386586253226,-0.2668458015071349,-2.351213753342656,-2.3011074691634583
-26.68458015071349,0.09323417773954311,-0.2668458015071349,-2.5501442535679706,-2.41676830386763
-26.68458015071349,0.09694448961655394,-0.2668458015071349,-2.757152036556202,-2.540784257509742
-26.68458015071349,0.10065480149356479,-0.2668458015071349,-2.9722371023073495,-2.673743950941473
-26.68458015071349,0.10436511337057562,-0.2668458015071349,-3.195399450821414,-2.816234383451051
-26.68458015071349,0.10807542524758647,-0.2668458015071349,-3.426639082098395,-2.9688305262874826
-26.68458015071349,0.1117857371245973,-0.2668458015071349,-3.6659559961382917,-3.1320829127916845
-26.68458015071349,0.11549604900160815,-0.2668458015071349,-3.913350192941106,-3.3065032208445784
-26.68458015071349,0.11920636087861898,-0.2668458015071349,-4.168821672506836,-3.492547965603398
-26.68458015071349,0.12291667275562983,-0.2668458015071349,-4.432370434835483,-3.690600578756902
-26.68458015071349,0.12662698463264066,-0.2668458015071349,-4.703996479927047,-3.9009523434076385
-26.68458015071349,0.1303372965096515,-0.2668458015071349,-4.983699807781526,-4.123782874760666
-26.68458015071349,0.13404760838666235,-0.2668458015071349,-5.271480418398923,-4.359141073141443
-26.68458015071349,0.13775792026367317,-0.2668458015071349,-5.567338311779235,-4.606927707099151
-26.68458015071349,0.14146823214068402,-0.2668458015071349,-5.871273487922465,-4.8668809826394535
-26.68458015071349,0.14517854401769487,-0.2668458015071349,-6.18328594682861,-5.138566586180058
-26.68458015071349,0.1488888558947057,-0.2668458015071349,-6.503375688497673,-5.421373717295493
-26.68458015071349,0.15259916777171653,-0.2668458015071349,-6.83154271292965,-5.714518519223695
-26.68458015071349,0.15630947964872738,-0.2668458015071349,-7.167787020124546,-6.017056046786262
-26.68458015071349,0.16001979152573823,-0.2668458015071349,-7.512108610082358,-6.327901476458397
-26.68458015071349,0.16373010340274907,-0.2668458015071349,-7.864507482803088,-6.645860679018559
-26.68458015071349,0.1674404152797599,-0.2668458015071349,-8.22498363828673,-6.969669585356717
-26.68458015071349,0.17115072715677074,-0.2668458015071349,-8.593537076533291,-7.2980410491934995
-26.68458015071349,0.17486103903378158,-0.2668458015071349,-8.970167797542771,-7.629717232170922
-26.68458015071349,0.17857135091079243,-0.2668458015071349,-9.354875801315165,-7.963524996421271
-26.68458015071349,0.18228166278780325,-0.2668458015071349,-9.747661087850474,-8.298431464564146
-26.68458015071349,0.1859919746648141,-0.2668458015071349,-10.148523657148703,-8.633596846790963
-26.68458015071349,0.18970228654182494,-0.2668458015071349,-10.557463509209848,-8.968421850384349
-26.68458015071349,0.1934125984188358,-0.2668458015071349,-10.974480644033909,-9.30258744780541
-26.68458015071349,0.1971229102958466,-0.2668458015071349,-11.399575061620883,-9.636085417678512
-26.68458015071349,0.20083322217285746,-0.2668458015071349,-11.832746761970776,-9.969238796692087
-26.68458015071349,0.2045435340498683,-0.2668458015071349,-12.273995745083587,-10.302712090236426
-26.68458015071349,0.20825384592687915,-0.2668458015071349,-12.723322010959315,-10.637511695522903
-26.68458015071349,0.21196415780388997,-0.2668458015071349,-13.180725559597954,-10.974977425573156
-26.68458015071349,0.21567446968090082,-0.2668458015071349,-13.646206390999515,-11.316766248264415
-26.68458015071349,0.21938478155791166,-0.2668458015071349,-14.119764505163992,-11.66482936466298
-26.68458015071349,0.2230950934349225,-0.2668458015071349,-14.601399902091384,-12.021383564564287
-26.68458015071349,0.22680540531193333,-0.2668458015071349,-15.09111258178169,-12.388877452846055
-26.68458015071349,0.23051571718894417,-0.2668458015071349,-15.588902544234916,-12.769952687448233
-26.68458015071349,0.23422602906595502,-0.2668458015071349,-16.09476978945106,-13.1673998629551
-26.68458015071349,0.23793634094296587,-0.2668458015071349,-16.60871431743012,-13.584108168840725
-26.68458015071349,0.2416466528199767,-0.2668458015071349,-17.130736128172092,-14.02300750586833
-26.68458015071349,0.24535696469698753,-0.2668458015071349,-17.660835221676983,-14.48700141958294
-26.68458015071349,0.24906727657399838,-0.2668458015071349,-18.199011597944793,-14.978889076825462
-26.68458015071349,0.2527775884510092,-0.2668458015071349,-18.745265256975518,-15.501274653561836
-26.68458015071349,0.25648790032802005,-0.2668458015071349,-19.299596198769155,-16.05646301870891
-26.68458015071349,0.2601982122050309,-0.2668458015071349,-19.86200442332572,-16.646341597129897
-26.68458015071349,0.26390852408204174,-0.2668458015071349,-20.43248993064519,-17.27224987600403
-26.68458015071349,0.26761883595905256,-0.2668458015071349,-21.011052720727573,-17.934840241782414
-26.68458015071349,0.27132914783606343,-0.2668458015071349,-21.597692793572886,-18.633936666702485
-26.68458015071349,0.27503945971307425,-0.2668458015071349,-22.19241014918111,-19.36840101330783
-26.68458015071349,0.27874977159008507,-0.2668458015071349,-22.795204787552244,-20.136019981327458
-26.68458015071349,0.28246008346709595,-0.2668458015071349,-23.406076708686307,-20.933428323030896
-26.68458015071349,0.28617039534410676,-0.2668458015071349,-24.025025912583274,-21.75608503638494
-26.68458015071349,0.28988070722111764,-0.2668458015071349,-24.65205239924317,-22.59831789854801
-26.68458015071349,0.29359101909812846,-0.2668458015071349,-25.287156168665973,-23.45344724106561
-26.68458015071349,0.2973013309751393,-0.2668458015071349,-25.930337220851694,-24.313992173634816
-26.68458015071349,0.30101164285215015,-0.2668458015071349,-26.581595555800337,-25.171952262926204
-26.68458015071349,0.30472195472916097,-0.2668458015071349,-27.24093117351189,-26.019146605160124
-25.296703299244456,0.011607316445304631,-0.25296703299244455,-0.03915159011721992,-0.9792201715022921
-25.296703299244456,0.015317628322315471,-0.25296703299244455,-0.06818185468636141,-1.0168867563650252
-25.296703299244456,0.01902794019932631,-0.25296703299244455,-0.10521297766789868,-1.0554548400001558
-25.296703299244456,0.02273825207633715,-0.25296703299244455,-0.15024495906183172,-1.095065292820312
-25.296703299244456,0.02644856395334799,-0.25296703299244455,-0.2032777988681606,-1.1358711075946166
-25.296703299244456,0.03015887583035883,-0.25296703299244455,-0.2643114970868852,-1.178038460570166
-25.296703299244456,0.03386918770736967,-0.25296703299244455,-0.33334605371800574,-1.221747842970177
-25.296703299244456,0.03757949958438051,-0.25296703299244455,-0.410381468761522,-1.267195259563782
-25.296703299244456,0.04128981146139135,-0.25296703299244455,-0.495417742217434,-1.3145934882282653
-25.296703299244456,0.04500012333840219,-0.25296703299244455,-0.5884548740857418,-1.3641733908725504
-25.296703299244456,0.04871043521541303,-0.25296703299244455,-0.6894928643664454,-1.4161852616062198
-25.296703299244456,0.05242074709242387,-0.25296703299244455,-0.7985317130595448,-1.4709001924526746
-25.296703299244456,0.05613105896943471,-0.25296703299244455,-0.91557142016504,-1.5286114300358937
-25.296703299244456,0.05984137084644555,-0.25296703299244455,-1.040611985682931,-1.589635688333213
-25.296703299244456,0.06355168272345639,-0.25296703299244455,-1.1736534096132178,-1.6543143726044534
-25.296703299244456,0.06726199460046722,-0.25296703299244455,-1.3146956919559,-1.7230146578325822
-25.296703299244456,0.07097230647747807,-0.25296703299244455,-1.4637388327109784,-1.7961303513499995
-25.296703299244456,0.0746826183544889,-0.25296703299244455,-1.6207828318784525,-1.8740824537797547
-25.296703299244456,0.07839293023149975,-0.25296703299244455,-1.7858276894583225,-1.9573193151412935
-25.296703299244456,0.08210324210851058,-0.25296703299244455,-1.958873405450588,-2.0463162643170945
-25.296703299244456,0.08581355398552143,-0.25296703299244455,-2.1399199798552497,-2.1415745707077187
-25.296703299244456,0.08952386586253226,-0.25296703299244455,-2.328967412672307,-2.2436195778697767
-25.296703299244456,0.09323417773954311,-0.25296703299244455,-2.52601570390176,-2.3529978317847773
-25.296703299244456,0.09694448961655394,-0.25296703299244455,-2.7310648535436086,-2.4702730133097788
-25.296703299244456,0.10065480149356479,-0.25296703299244455,-2.9441148615978534,-2.5960204781766567
-25.296703299244456,0.10436511337057562,-0.25296703299244455,-3.1651657280644936,-2.7308202122564325
-25.296703299244456,0.10807542524758647,-0.25296703299244455,-3.3942174529435305,-2.8752480290361957
-25.296703299244456,0.1117857371245973,-0.25296703299244455,-3.631270036234962,-3.029864875297365
-25.296703299244456,0.11549604900160815,-0.25296703299244455,-3.87632347793879,-3.195204175006272
-25.296703299244456,0.11920636087861898,-0.25296703299244455,-4.129377778055013,-3.3717572352789116
-25.296703299244456,0.12291667275562983,-0.25296703299244455,-4.390432936583633,-3.559956865626517
-25.296703299244456,0.12662698463264066,-0.25296703299244455,-4.659488953524648,-3.760159523864311
-25.296703299244456,0.1303372965096515,-0.25296703299244455,-4.936545828878059,-3.972626496690829
-25.296703299244456,0.13404760838666235,-0.25296703299244455,-5.221603562643867,-4.197504842433222
-25.296703299244456,0.13775792026367317,-0.25296703299244455,-5.514662154822068,-4.4348090537001434
-25.296703299244456,0.14146823214068402,-0.25296703299244455,-5.815721605412667,-4.6844046173114755
-25.296703299244456,0.14517854401769487,-0.25296703299244455,-6.124781914415661,-4.945994829527784
-25.296703299244456,0.1488888558947057,-0.25296703299244455,-6.441843081831051,-5.2191123327744595
-25.296703299244456,0.15259916777171653,-0.25296703299244455,-6.766905107658835,-5.503116840780923
-25.296703299244456,0.15630947964872738,-0.25296703299244455,-7.0999679918990175,-5.797200381480927
-25.296703299244456,0.16001979152573823,-0.25296703299244455,-7.441031734551595,-6.10040109129958
-25.296703299244456,0.16373010340274907,-0.25296703299244455,-7.790096335616569,-6.411626138823662
-25.296703299244456,0.1674404152797599,-0.25296703299244455,-8.147161795093936,-6.729683762169511
-25.296703299244456,0.17115072715677074,-0.25296703299244455,-8.512228112983701,-7.053323720180156
-25.296703299244456,0.17486103903378158,-0.25296703299244455,-8.885295289285862,-7.38128475320195
-25.296703299244456,0.17857135091079243,-0.25296703299244455,-9.266363324000418,-7.712347009069536
-25.296703299244456,0.18228166278780325,-0.25296703299244455,-9.65543221712737,-8.04538689937992
-25.296703299244456,0.1859919746648141,-0.25296703299244455,-10.052501968666718,-8.37943158073278
-25.296703299244456,0.18970228654182494,-0.25296703299244455,-10.457572578618462,-8.713710246879689
-25.296703299244456,0.1934125984188358,-0.25296703299244455,-10.870644046982603,-9.047699673777352
-25.296703299244456,0.1971229102958466,-0.25296703299244455,-11.291716373759135,-9.381161943282642
-25.296703299244456,0.20083322217285746,-0.25296703299244455,-11.720789558948066,-9.71417291177546
-25.296703299244456,0.2045435340498683,-0.25296703299244455,-12.157863602549394,-10.047140695745384
-25.296703299244456,0.20825384592687915,-0.25296703299244455,-12.602938504563118,-10.380814121445862
-25.296703299244456,0.21196415780388997,-0.25296703299244455,-13.056014264989233,-10.71628164578924
-25.296703299244456,0.21567446968090082,-0.25296703299244455,-13.517090883827748,-11.054961639845848
-25.296703299244456,0.21938478155791166,-0.25296703299244455,-13.98616836107866,-11.398585103151724
-25.296703299244456,0.2230950934349225,-0.25296703299244455,-14.463246696741965,-11.749171844385012
-25.296703299244456,0.22680540531193333,-0.25296703299244455,-14.948325890817664,-12.109000944317241
-25.296703299244456,0.23051571718894417,-0.25296703299244455,-15.441405943305762,-12.480575950210671
-25.296703299244456,0.23422602906595502,-0.25296703299244455,-15.942486854206257,-12.866584787163342
-25.296703299244456,0.23793634094296587,-0.25296703299244455,-16.451568623519147,-13.269853866229296
-25.296703299244456,0.2416466528199767,-0.25296703299244455,-16.968651251244427,-13.693295378638888
-25.296703299244456,0.24535696469698753,-0.25296703299244455,-17.49373473738211,-14.139846350155663
-25.296703299244456,0.24906727657399838,-0.25296703299244455,-18.026819081932185,-14.612397755643775
-25.296703299244456,0.2527775884510092,-0.25296703299244455,-18.567904284894663,-15.113711937951011
-25.296703299244456,0.25648790032802005,-0.25296703299244455,-19.116990346269525,-15.646326828002701
-25.296703299244456,0.2601982122050309,-0.25296703299244455,-19.674077266056795,-16.21244612886041
-25.296703299244456,0.26390852408204174,-0.25296703299244455,-20.23916504425645,-16.813815814319724
-25.296703299244456,0.26761883595905256,-0.25296703299244455,-20.8122536808685,-17.45158909367061
-25.296703299244456,0.27132914783606343,-0.25296703299244455,-21.39334317589296,-18.12618444261362
-25.296703299244456,0.27503945971307425,-0.25296703299244455,-21.982433529329803,-18.837144315917776
-25.296703299244456,0.27874977159008507,-0.25296703299244455,-22.57952474117904,-19.5830054794991
-25.296703299244456,0.28246008346709595,-0.25296703299244455,-23.184616811440687,-20.361195031979975
-25.296703299244456,0.28617039534410676,-0.25296703299244455,-23.797709740114716,-21.16796838828278
-25.296703299244456,0.28988070722111764,-0.25296703299244455,-24.418803527201153,-21.998405866001598
-25.296703299244456,0.29359101909812846,-0.25296703299244455,-25.047898172699973,-22.846482178125555
-25.296703299244456,0.2973013309751393,-0.25296703299244455,-25.684993676611192,-23.705217559929096
-25.296703299244456,0.30101164285215015,-0.25296703299244455,-26.330090038934816,-24.566910583241715
-25.296703299244456,0.30472195472916097,-0.25296703299244455,-26.983187259670824,-25.423441976791345
-23.90882644777542,0.011607316445304631,-0.23908826447775422,-0.038777613389682046,-0.9864400261597224
-23.90882644777542,0.015317628322315471,-0.23908826447775422,-0.06753058032389679,-1.0223790897684637
-23.90882644777542,0.01902794019932631,-0.23908826447775422,-0.10420798131998661,-1.059177088075387
-23.90882644777542,0.02273825207633715,-0.23908826447775422,-0.1488098163779515,-1.0969649468796163
-23.90882644777542,0.02644856395334799,-0.23908826447775422,-0.2013360854977915,-1.1358848437593094
-23.90882644777542,0.03015887583035883,-0.23908826447775422,-0.26178678867950655,-1.1760912035602349
-23.90882644777542,0.03386918770736967,-0.23908826447775422,-0.33016192592309673,-1.2177517633014538
-23.90882644777542,0.03757949958438051,-0.23908826447775422,-0.40646149722856195,-1.2610487047642618
-23.90882644777542,0.04128981146139135,-0.23908826447775422,-0.49068550259590227,-1.3061798507846083
-23.90882644777542,0.04500012333840219,-0.23908826447775422,-0.5828339420251176,-1.3533599183635276
-23.90882644777542,0.04871043521541303,-0.23908826447775422,-0.6829068155162081,-1.4028218180093264
-23.90882644777542,0.05242074709242387,-0.23908826447775422,-0.7909041230691737,-1.454817984075298
-23.90882644777542,0.05613105896943471,-0.23908826447775422,-0.9068258646840143,-1.509621715091071
-23.90882644777542,0.05984137084644555,-0.23908826447775422,-1.03067204036073,-1.5675284960264442
-23.90882644777542,0.06355168272345639,-0.23908826447775422,-1.1624426500993208,-1.628857265896821
-23.90882644777542,0.06726199460046722,-0.23908826447775422,-1.3021376938997862,-1.6939515839534822
-23.90882644777542,0.07097230647747807,-0.23908826447775422,-1.4497571717621272,-1.763180635768574
-23.90882644777542,0.0746826183544889,-0.23908826447775422,-1.605301083686343,-1.8369400067559374
-23.90882644777542,0.07839293023149975,-0.23908826447775422,-1.7687694296724343,-1.9156521350984175
-23.90882644777542,0.08210324210851058,-0.23908826447775422,-1.9401622097204003,-1.999766338872269
-23.90882644777542,0.08581355398552143,-0.23908826447775422,-2.1194794238302417,-2.089758293785904
-23.90882644777542,0.08952386586253226,-0.23908826447775422,-2.3067210720019578,-2.1861288191072443
-23.90882644777542,0.09323417773954311,-0.23908826447775422,-2.501887154235549,-2.2894018111714605
-23.90882644777542,0.09694448961655394,-0.23908826447775422,-2.7049776705310156,-2.4001211479772344
-23.90882644777542,0.10065480149356479,-0.23908826447775422,-2.9159926208883573,-2.5188463770466347
-23.90882644777542,0.10436511337057562,-0.23908826447775422,-3.1349320053075735,-2.6461469948890146
-23.90882644777542,0.10807542524758647,-0.23908826447775422,-3.361795823788666,-2.7825951337507586
-23.90882644777542,0.1117857371245973,-0.23908826447775422,-3.596584076331632,-2.9287564942118953
-23.90882644777542,0.11549604900160815,-0.23908826447775422,-3.839296762936474,-3.0851794054707797
-23.90882644777542,0.11920636087861898,-0.23908826447775422,-4.089933883603191,-3.252381963834801
-23.90882644777542,0.12291667275562983,-0.23908826447775422,-4.348495438331783,-3.4308372985293882
-23.90882644777542,0.12662698463264066,-0.23908826447775422,-4.61498142712225,-3.6209571456068455
-23.90882644777542,0.1303372965096515,-0.23908826447775422,-4.889391849974592,-3.8230740761116326
-23.90882644777542,0.13404760838666235,-0.23908826447775422,-5.17172670688881,-4.037422920463988
-23.90882644777542,0.13775792026367317,-0.23908826447775422,-5.461985997864901,-4.264122148662426
-23.90882644777542,0.14146823214068402,-0.23908826447775422,-5.760169722902869,-4.503156190256296
-23.90882644777542,0.14517854401769487,-0.23908826447775422,-6.066277882002711,-4.754359886911255
-23.90882644777542,0.1488888558947057,-0.23908826447775422,-6.380310475164429,-5.017406435058764
-23.90882644777542,0.15259916777171653,-0.23908826447775422,-6.702267502388021,-5.291800263436504
-23.90882644777542,0.15630947964872738,-0.23908826447775422,-7.032148963673489,-5.576876266654173
-23.90882644777542,0.16001979152573823,-0.23908826447775422,-7.369954859020832,-5.871806652816438
-23.90882644777542,0.16373010340274907,-0.23908826447775422,-7.715685188430051,-6.175616344257488
-23.90882644777542,0.1674404152797599,-0.23908826447775422,-8.069339951901142,-6.487207397830942
-23.90882644777542,0.17115072715677074,-0.23908826447775422,-8.43091914943411,-6.80539231075734
-23.90882644777542,0.17486103903378158,-0.23908826447775422,-8.800422781028955,-7.12893540032961
-23.90882644777542,0.17857135091079243,-0.23908826447775422,-9.177850846685672,-7.456600762336107
-23.90882644777542,0.18228166278780325,-0.23908826447775422,-9.563203346404265,-7.787204707122734
-23.90882644777542,0.1859919746648141,-0.23908826447775422,-9.956480280184733,-8.119670125282243
-23.90882644777542,0.18970228654182494,-0.23908826447775422,-10.357681648027077,-8.453080011652505
-23.90882644777542,0.1934125984188358,-0.23908826447775422,-10.766807449931298,-8.786727411102719
-23.90882644777542,0.1971229102958466,-0.23908826447775422,-11.183857685897388,-9.120159338836633
-23.90882644777542,0.20083322217285746,-0.23908826447775422,-11.608832355925356,-9.453212729438656
-23.90882644777542,0.2045435340498683,-0.23908826447775422,-12.041731460015201,-9.786041109284941
-23.90882644777542,0.20825384592687915,-0.23908826447775422,-12.482554998166922,-10.119131375166937
-23.90882644777542,0.21196415780388997,-0.23908826447775422,-12.931302970380512,-10.453310705331678
-23.90882644777542,0.21567446968090082,-0.23908826447775422,-13.387975376655982,-10.789744148260429
-23.90882644777542,0.21938478155791166,-0.23908826447775422,-13.852572216993329,-11.12992377408715
-23.90882644777542,0.2230950934349225,-0.23908826447775422,-14.325093491392547,-11.475650407290912
-23.90882644777542,0.22680540531193333,-0.23908826447775422,-14.805539199853637,-11.82900888908883
-23.90882644777542,0.23051571718894417,-0.23908826447775422,-15.293909342376608,-12.192337568957885
-23.90882644777542,0.23422602906595502,-0.23908826447775422,-15.790203918961453,-12.56819233836516
-23.90882644777542,0.23793634094296587,-0.23908826447775422,-16.294422929608174,-12.959305047133475
-23.90882644777542,0.2416466528199767,-0.23908826447775422,-16.806566374316766,-13.368535639849393
-23.90882644777542,0.24535696469698753,-0.23908826447775422,-17.326634253087235,-13.798816875373168
-23.90882644777542,0.24906727657399838,-0.23908826447775422,-17.85462656591958,-14.253090110176144
-23.90882644777542,0.2527775884510092,-0.23908826447775422,-18.390543312813804,-14.73423040703038
-23.90882644777542,0.25648790032802005,-0.23908826447775422,-18.934384493769894,-15.244959257579824
-23.90882644777542,0.2601982122050309,-0.23908826447775422,-19.48615010878787,-15.787743577944331
-23.90882644777542,0.26390852408204174,-0.23908826447775422,-20.045840157867712,-16.364680459538164
-23.90882644777542,0.26761883595905256,-0.23908826447775422,-20.613454641009426,-16.97736854002192
-23.90882644777542,0.27132914783606343,-0.23908826447775422,-21.188993558213028,-17.626768879942066
-23.90882644777542,0.27503945971307425,-0.23908826447775422,-21.772456909478496,-18.31306089270261
-23.90882644777542,0.27874977159008507,-0.23908826447775422,-22.363844694805838,-19.035502046515116
-23.90882644777542,0.28246008346709595,-0.23908826447775422,-22.963156914195064,-19.792303402684063
-23.90882644777542,0.28617039534410676,-0.23908826447775422,-23.570393567646153,-20.58053599504349
-23.90882644777542,0.28988070722111764,-0.23908826447775422,-24.18555465515913,-21.396084780560287
-23.90882644777542,0.29359101909812846,-0.23908826447775422,-24.808640176733974,-22.23366647703277
-23.90882644777542,0.2973013309751393,-0.23908826447775422,-25.43965013237069,-23.086924248663415
-23.90882644777542,0.30101164285215015,-0.23908826447775422,-26.078584522069296,-23.948605551076916
-23.90882644777542,0.30472195472916097,-0.23908826447775422,-26.72544334582976,-24.810819918024578
-22.520949596306387,0.011607316445304631,-0.22520949596306386,-0.03840363666214417,-0.9919206516272565
-22.520949596306387,0.015317628322315471,-0.22520949596306386,-0.06687930596143218,-1.0261951684956294
-22.520949596306387,0.01902794019932631,-0.22520949596306386,-0.10320298497207453,-1.0612853813793945
-22.520949596306387,0.02273825207633715,-0.22520949596306386,-0.14737467369407126,-1.0973127587817348
-22.520949596306387,0.02644856395334799,-0.22520949596306386,-0.19939437212742236,-1.1344092017194214
-22.520949596306387,0.03015887583035883,-0.22520949596306386,-0.2592620802721278,-1.172717975866874
-22.520949596306387,0.03386918770736967,-0.22520949596306386,-0.3269777981281877,-1.2123947116809326
-22.520949596306387,0.03757949958438051,-0.22520949596306386,-0.4025415256956019,-1.2536084720703524
-22.520949596306387,0.04128981146139135,-0.22520949596306386,-0.48595326297437047,-1.2965428853807195
-22.520949596306387,0.04500012333840219,-0.22520949596306386,-0.5772130099644934,-1.3413973391177176
-22.520949596306387,0.04871043521541303,-0.22520949596306386,-0.6763207666659707,-1.388388226809413
-22.520949596306387,0.05242074709242387,-0.22520949596306386,-0.7832765330788024,-1.4377502365754173
-22.520949596306387,0.05613105896943471,-0.22520949596306386,-0.8980803092029884,-1.4897376651744976
-22.520949596306387,0.05984137084644555,-0.22520949596306386,-1.0207320950385288,-1.5446257353776272
-22.520949596306387,0.06355168272345639,-0.22520949596306386,-1.1512318905854235,-1.6027118872867252
-22.520949596306387,0.06726199460046722,-0.22520949596306386,-1.2895796958436725,-1.6643170055207692
-22.520949596306387,0.07097230647747807,-0.22520949596306386,-1.4357755108132761,-1.729786533864301
-22.520949596306387,0.0746826183544889,-0.22520949596306386,-1.5898193354942338,-1.7994914169046137
-22.520949596306387,0.07839293023149975,-0.22520949596306386,-1.7517111698865462,-1.873828794324174
-22.520949596306387,0.08210324210851058,-0.22520949596306386,-1.9214510139902126,-1.9532223579298345
-22.520949596306387,0.08581355398552143,-0.22520949596306386,-2.0990388678052336,-2.0381222644187194
-22.520949596306387,0.08952386586253226,-0.22520949596306386,-2.284474731331609,-2.129004478768076
-22.520949596306387,0.09323417773954311,-0.22520949596306386,-2.4777586045693387,-2.2263694047762206
-22.520949596306387,0.09694448961655394,-0.22520949596306386,-2.6788904875184225,-2.330739641873124
-22.520949596306387,0.10065480149356479,-0.22520949596306386,-2.8878703801788608,-2.442656692577767
-22.520949596306387,0.10436511337057562,-0.22520949596306386,-3.1046982825506535,-2.562676435236326
-22.520949596306387,0.10807542524758647,-0.22520949596306386,-3.329374194633801,-2.691363174948763
-22.520949596306387,0.1117857371245973,-0.22520949596306386,-3.561898116428302,-2.8292820956091607
-22.520949596306387,0.11549604900160815,-0.22520949596306386,-3.8022700479341585,-2.976989962115076
-22.520949596306387,0.11920636087861898,-0.22520949596306386,-4.050489989151369,-3.1350239688428534
-22.520949596306387,0.12291667275562983,-0.22520949596306386,-4.306557940079934,-3.303888703271255
-22.520949596306387,0.12662698463264066,-0.22520949596306386,-4.570473900719852,-3.4840412963884173
-22.520949596306387,0.1303372965096515,-0.22520949596306386,-4.842237871071125,-3.675874966935143
-22.520949596306387,0.13404760838666235,-0.22520949596306386,-5.121849851133754,-3.8797013346191873
-22.520949596306387,0.13775792026367317,-0.22520949596306386,-5.409309840907735,-4.09573207411561
-22.520949596306387,0.14146823214068402,-0.22520949596306386,-5.704617840393071,-4.324060697457911
-22.520949596306387,0.14517854401769487,-0.22520949596306386,-6.007773849589762,-4.564645471327917
-22.520949596306387,0.1488888558947057,-0.22520949596306386,-6.318777868497808,-4.8172946748892524
-22.520949596306387,0.15259916777171653,-0.22520949596306386,-6.637629897117206,-5.0816555541766055
-22.520949596306387,0.15630947964872738,-0.22520949596306386,-6.96432993544796,-5.357208397878764
-22.520949596306387,0.16001979152573823,-0.22520949596306386,-7.298877983490069,-5.643267114228779
-22.520949596306387,0.16373010340274907,-0.22520949596306386,-7.641274041243532,-5.938987503370152
-22.520949596306387,0.1674404152797599,-0.22520949596306386,-7.991518108708347,-6.2433840805643745
-22.520949596306387,0.17115072715677074,-0.22520949596306386,-8.349610185884519,-6.555355818677537
-22.520949596306387,0.17486103903378158,-0.22520949596306386,-8.715550272772047,-6.873720572710905
-22.520949596306387,0.17857135091079243,-0.22520949596306386,-9.089338369370926,-7.197257277812002
-22.520949596306387,0.18228166278780325,-0.22520949596306386,-9.47097447568116,-7.524754347641543
-22.520949596306387,0.1859919746648141,-0.22520949596306386,-9.860458591702749,-7.855062124197409
-22.520949596306387,0.18970228654182494,-0.22520949596306386,-10.257790717435693,-8.187146821257823
-22.520949596306387,0.1934125984188358,-0.22520949596306386,-10.662970852879992,-8.520143220883822
-22.520949596306387,0.1971229102958466,-0.22520949596306386,-11.07599899803564,-8.853403454282194
-22.520949596306387,0.20083322217285746,-0.22520949596306386,-11.496875152902646,-9.186539515334541
-22.520949596306387,0.2045435340498683,-0.22520949596306386,-11.925599317481009,-9.519457670750567
-22.520949596306387,0.20825384592687915,-0.22520949596306386,-12.362171491770725,-9.852383569762914
-22.520949596306387,0.21196415780388997,-0.22520949596306386,-12.806591675771791,-10.185877528058565
-22.520949596306387,0.21567446968090082,-0.22520949596306386,-13.258859869484215,-10.520840075352101
-22.520949596306387,0.21938478155791166,-0.22520949596306386,-13.718976072907996,-10.858508338564777
-22.520949596306387,0.2230950934349225,-0.22520949596306386,-14.186940286043127,-11.200444132471087
-22.520949596306387,0.22680540531193333,-0.22520949596306386,-14.66275250888961,-11.548514725037586
-22.520949596306387,0.23051571718894417,-0.22520949596306386,-15.146412741447454,-11.904867140926125
-22.520949596306387,0.23422602906595502,-0.22520949596306386,-15.63792098371665,-12.271896591339893
-22.520949596306387,0.23793634094296587,-0.22520949596306386,-16.1372772356972,-12.652209214562232
-22.520949596306387,0.2416466528199767,-0.22520949596306386,-16.6444814973891,-13.048578831426873
-22.520949596306387,0.24535696469698753,-0.22520949596306386,-17.15953376879236,-13.463896921017945
-22.520949596306387,0.24906727657399838,-0.22520949596306386,-17.682434049906977,-13.901114565630296
-22.520949596306387,0.2527775884510092,-0.22520949596306386,-18.213182340732946,-14.363174767678322
-22.520949596306387,0.25648790032802005,-0.22520949596306386,-18.751778641270263,-14.85293338141032
-22.520949596306387,0.2601982122050309,-0.22520949596306386,-19.298222951518948,-15.373067018589548
-22.520949596306387,0.26390852408204174,-0.22520949596306386,-19.85251527147897,-15.925966783347175
-22.520949596306387,0.26761883595905256,-0.22520949596306386,-20.41465560115035,-16.513617679098417
-22.520949596306387,0.27132914783606343,-0.22520949596306386,-20.984643940533097,-17.13746511280612
-22.520949596306387,0.27503945971307425,-0.22520949596306386,-21.562480289627192,-17.798272160029633
-22.520949596306387,0.27874977159008507,-0.22520949596306386,-22.148164648432633,-18.495974115930444
-22.520949596306387,0.28246008346709595,-0.22520949596306386,-22.74169701694944,-19.229540152565104
-22.520949596306387,0.28617039534410676,-0.22520949596306386,-23.343077395177595,-19.99685522085324
-22.520949596306387,0.28988070722111764,-0.22520949596306386,-23.95230578311711,-20.794638015627818
-22.520949596306387,0.29359101909812846,-0.22520949596306386,-24.56938218076797,-21.61841199597543
-22.520949596306387,0.2973013309751393,-0.22520949596306386,-25.19430658813019,-22.462545198762236
-22.520949596306387,0.30101164285215015,-0.22520949596306386,-25.82707900520377,-23.320370196754766
-22.520949596306387,0.30472195472916097,-0.22520949596306386,-26.467699431988695,-24.18438788703365
-21.133072744837353,0.011607316445304631,-0.21133072744837353,-0.038029659934606296,-0.9958476083022632
-21.133072744837353,0.015317628322315471,-0.21133072744837353,-0.06622803159896756,-1.0285214406868368
-21.133072744837353,0.01902794019932631,-0.21133072744837353,-0.10219798862416246,-1.061967587478235
-21.133072744837353,0.02273825207633715,-0.21133072744837353,-0.14593953101019103,-1.0962985607958053
-21.133072744837353,0.02644856395334799,-0.21133072744837353,-0.19745265875705326,-1.131636535424719
-21.133072744837353,0.03015887583035883,-0.21133072744837353,-0.2567373718647491,-1.1681142199676628
-21.133072744837353,0.03386918770736967,-0.21133072744837353,-0.3237936703332787,-1.205875794121325
-21.133072744837353,0.03757949958438051,-0.21133072744837353,-0.3986215541626419,-1.2450779126940992
-21.133072744837353,0.04128981146139135,-0.21133072744837353,-0.48122102335283873,-1.2858907755734839
-21.133072744837353,0.04500012333840219,-0.21133072744837353,-0.5715920779038692,-1.3284992609807835
-21.133072744837353,0.04871043521541303,-0.21133072744837353,-0.6697347178157333,-1.3731041169128257
-21.133072744837353,0.05242074709242387,-0.21133072744837353,-0.7756489430884312,-1.4199232025445712
-21.133072744837353,0.05613105896943471,-0.21133072744837353,-0.8893347537219627,-1.4691927674168745
-21.133072744837353,0.05984137084644555,-0.21133072744837353,-1.0107921497163277,-1.521168751306968
-21.133072744837353,0.06355168272345639,-0.21133072744837353,-1.1400211310715265,-1.576128081613434
-21.133072744837353,0.06726199460046722,-0.21133072744837353,-1.2770216977875586,-1.6343699377114707
-21.133072744837353,0.07097230647747807,-0.21133072744837353,-1.421793849864425,-1.6962169428844671
-21.133072744837353,0.0746826183544889,-0.21133072744837353,-1.5743375873021244,-1.7620162339680059
-21.133072744837353,0.07839293023149975,-0.21133072744837353,-1.7346529101006578,-1.8321403466508341
-21.133072744837353,0.08210324210851058,-0.21133072744837353,-1.9027398182600248,-1.9069878404359963
-21.133072744837353,0.08581355398552143,-0.21133072744837353,-2.0785983117802256,-1.986983571664255
-21.133072744837353,0.08952386586253226,-0.21133072744837353,-2.2622283906612597,-2.0725785060058577
-21.133072744837353,0.09323417773954311,-0.21133072744837353,-2.453630054903128,-2.1642489439429218
-21.133072744837353,0.09694448961655394,-0.21133072744837353,-2.6528033045058295,-2.2624950148315026
-21.133072744837353,0.10065480149356479,-0.21133072744837353,-2.8597481394693647,-2.367838278409349
-21.133072744837353,0.10436511337057562,-0.21133072744837353,-3.0744645597937335,-2.4808182588881484
-21.133072744837353,0.10807542524758647,-0.21133072744837353,-3.2969525654789367,-2.6019877284387487
-21.133072744837353,0.1117857371245973,-0.21133072744837353,-3.527212156524972,-2.7319065570260754
-21.133072744837353,0.11549604900160815,-0.21133072744837353,-3.7652433329318424,-2.8711339579501844
-21.133072744837353,0.11920636087861898,-0.21133072744837353,-4.011046094699546,-3.020218987471977
-21.133072744837353,0.12291667275562983,-0.21133072744837353,-4.264620441828083,-3.1796892072919993
-21.133072744837353,0.12662698463264066,-0.21133072744837353,-4.525966374317454,-3.350037495091981
-21.133072744837353,0.1303372965096515,-0.21133072744837353,-4.795083892167658,-3.53170709479941
-21.133072744837353,0.13404760838666235,-0.21133072744837353,-5.071972995378697,-3.7250751369847945
-21.133072744837353,0.13775792026367317,-0.21133072744837353,-5.356633683950568,-3.93043503028416
-21.133072744837353,0.14146823214068402,-0.21133072744837353,-5.649065957883274,-4.147978322189431
-21.133072744837353,0.14517854401769487,-0.21133072744837353,-5.949269817176813,-4.3777768416881555
-21.133072744837353,0.1488888558947057,-0.21133072744837353,-6.257245261831186,-4.619766150295422
-21.133072744837353,0.15259916777171653,-0.21133072744837353,-6.572992291846392,-4.8737315185214545
-21.133072744837353,0.15630947964872738,-0.21133072744837353,-6.896510907222432,-5.139297782524243
-21.133072744837353,0.16001979152573823,-0.21133072744837353,-7.227801107959307,-5.4159244881807895
-21.133072744837353,0.16373010340274907,-0.21133072744837353,-7.566862894057015,-5.7029076657666105
-21.133072744837353,0.1674404152797599,-0.21133072744837353,-7.913696265515553,-5.999389373516381
-21.133072744837353,0.17115072715677074,-0.21133072744837353,-8.268301222334928,-6.3043757917630465
-21.133072744837353,0.17486103903378158,-0.21133072744837353,-8.630677764515138,-6.616764149909794
-21.133072744837353,0.17857135091079243,-0.21133072744837353,-9.000825892056179,-6.935378158300343
-21.133072744837353,0.18228166278780325,-0.21133072744837353,-9.378745604958054,-7.259010951366695
-21.133072744837353,0.1859919746648141,-0.21133072744837353,-9.764436903220764,-7.58647390041156
-21.133072744837353,0.18970228654182494,-0.21133072744837353,-10.157899786844307,-7.9166491049160115
-21.133072744837353,0.1934125984188358,-0.21133072744837353,-10.559134255828686,-8.248542995342365
-21.133072744837353,0.1971229102958466,-0.21133072744837353,-10.968140310173894,-8.581338332813012
-21.133072744837353,0.20083322217285746,-0.21133072744837353,-11.384917949879936,-8.914441994828064
-21.133072744837353,0.2045435340498683,-0.21133072744837353,-11.809467174946816,-9.247526276885537
-21.133072744837353,0.20825384592687915,-0.21133072744837353,-12.241787985374527,-9.580561967283094
-21.133072744837353,0.21196415780388997,-0.21133072744837353,-12.68188038116307,-9.913842089464032
-21.133072744837353,0.21567446968090082,-0.21133072744837353,-13.12974436231245,-10.24799586304114
-21.133072744837353,0.21938478155791166,-0.21133072744837353,-13.585379928822663,-10.58399302363416
-21.133072744837353,0.2230950934349225,-0.21133072744837353,-14.048787080693709,-10.923139091500724
-21.133072744837353,0.22680540531193333,-0.21133072744837353,-14.519965817925586,-11.267062443260322
-21.133072744837353,0.23051571718894417,-0.21133072744837353,-14.998916140518299,-11.617694101806492
-21.133072744837353,0.23422602906595502,-0.21133072744837353,-15.485638048471847,-11.977241025329933
-21.133072744837353,0.23793634094296587,-0.21133072744837353,-15.980131541786228,-12.348153377114478
-21.133072744837353,0.2416466528199767,-0.21133072744837353,-16.48239662046144,-12.73308583810721
-21.133072744837353,0.24535696469698753,-0.21133072744837353,-16.99243328449749,-13.13485253800661
-21.133072744837353,0.24906727657399838,-0.21133072744837353,-17.510241533894373,-13.55637468720816
-21.133072744837353,0.2527775884510092,-0.21133072744837353,-18.03582136865209,-14.000619555933659
-21.133072744837353,0.25648790032802005,-0.21133072744837353,-18.569172788770633,-14.47052913994358
-21.133072744837353,0.2601982122050309,-0.21133072744837353,-19.11029579425002,-14.968936756832548
-21.133072744837353,0.26390852408204174,-0.21133072744837353,-19.659190385090234,-15.49847002923227
-21.133072744837353,0.26761883595905256,-0.21133072744837353,-20.21585656129128,-16.061439340487205
-21.133072744837353,0.27132914783606343,-0.21133072744837353,-20.78029432285317,-16.65971200796671
-21.133072744837353,0.27503945971307425,-0.21133072744837353,-21.352503669775885,-17.294574205102975
-21.133072744837353,0.27874977159008507,-0.21133072744837353,-21.93248460205943,-17.966585115175484
-21.133072744837353,0.28246008346709595,-0.21133072744837353,-22.520237119703822,-18.675430844702525
-21.133072744837353,0.28617039534410676,-0.21133072744837353,-23.115761222709033,-19.419789009530625
-21.133072744837353,0.28988070722111764,-0.21133072744837353,-23.719056911075093,-20.197218143622067
-21.133072744837353,0.29359101909812846,-0.21133072744837353,-24.33012418480197,-21.00408843158025
-21.133072744837353,0.2973013309751393,-0.21133072744837353,-24.94896304388969,-21.835570818222507
-21.133072744837353,0.30101164285215015,-0.21133072744837353,-25.57557348833825,-22.685699405119458
-21.133072744837353,0.30472195472916097,-0.21133072744837353,-26.20995551814763,-23.547516626311534
-19.74519589336832,0.011607316445304631,-0.1974519589336832,-0.03765568320706841,-0.9984019224081937
-19.74519589336832,0.015317628322315471,-0.1974519589336832,-0.06557675723650293,-1.029539387196861
-19.74519589336832,0.01902794019932631,-0.1974519589336832,-0.10119299227625037,-1.0614061031712634
-19.74519589336832,0.02273825207633715,-0.1974519589336832,-0.14450438832631074,-1.0941061320376386
-19.74519589336832,0.02644856395334799,-0.1974519589336832,-0.1955109453866841,-1.1277524758472923
-19.74519589336832,0.03015887583035883,-0.1974519589336832,-0.25421266345737037,-1.1624678895830236
-19.74519589336832,0.03386918770736967,-0.1974519589336832,-0.32060954253836965,-1.1983857576584986
-19.74519589336832,0.03757949958438051,-0.1974519589336832,-0.3947015826296818,-1.2356510357827455
-19.74519589336832,0.04128981146139135,-0.1974519589336832,-0.4764887837313069,-1.2744212585586459
-19.74519589336832,0.04500012333840219,-0.1974519589336832,-0.5659711458432449,-1.314867611718495
-19.74519589336832,0.04871043521541303,-0.1974519589336832,-0.663148668965496,-1.357176065960263
-19.74519589336832,0.05242074709242387,-0.1974519589336832,-0.7680213530980599,-1.4015485668305345
-19.74519589336832,0.05613105896943471,-0.1974519589336832,-0.8805891982409367,-1.448204271882739
-19.74519589336832,0.05984137084644555,-0.1974519589336832,-1.0008522043941264,-1.497380822284871
-19.74519589336832,0.06355168272345639,-0.1974519589336832,-1.1288103715576292,-1.549335631008284
-19.74519589336832,0.06726199460046722,-0.1974519589336832,-1.2644636997314447,-1.604347163535568
-19.74519589336832,0.07097230647747807,-0.1974519589336832,-1.4078121889155732,-1.662716179514896
-19.74519589336832,0.0746826183544889,-0.1974519589336832,-1.5588558391100147,-1.7247668948003172
-19.74519589336832,0.07839293023149975,-0.1974519589336832,-1.7175946503147694,-1.7908480127148634
-19.74519589336832,0.08210324210851058,-0.1974519589336832,-1.8840286225298366,-1.8613335610663988
-19.74519589336832,0.08581355398552143,-0.1974519589336832,-2.058157755755217,-1.9366234574228463
-19.74519589336832,0.08952386586253226,-0.1974519589336832,-2.2399820499909104,-2.0171437095280718
-19.74519589336832,0.09323417773954311,-0.1974519589336832,-2.4295015052369164,-2.1033461408058596
-19.74519589336832,0.09694448961655394,-0.1974519589336832,-2.626716121493236,-2.195707513204849
-19.74519589336832,0.10065480149356479,-0.1974519589336832,-2.8316258987598677,-2.2947279020659046
-19.74519589336832,0.10436511337057562,-0.1974519589336832,-3.044230837036813,-2.4009281615625726
-19.74519589336832,0.10807542524758647,-0.1974519589336832,-3.2645309363240713,-2.5148463064212727
-19.74519589336832,0.1117857371245973,-0.1974519589336832,-3.4925261966216414,-2.6370326285375087
-19.74519589336832,0.11549604900160815,-0.1974519589336832,-3.728216617929526,-2.768043368907832
-19.74519589336832,0.11920636087861898,-0.1974519589336832,-3.9716022002477227,-2.9084327798083365
-19.74519589336832,0.12291667275562983,-0.1974519589336832,-4.222682943576233,-3.0587434437506893
-19.74519589336832,0.12662698463264066,-0.1974519589336832,-4.481458847915055,-3.2194947691325675
-19.74519589336832,0.1303372965096515,-0.1974519589336832,-4.747929913264191,-3.3911696622293324
-19.74519589336832,0.13404760838666235,-0.1974519589336832,-5.02209613962364,-3.5741994849731586
-19.74519589336832,0.13775792026367317,-0.1974519589336832,-5.3039575269934005,-3.7689475497618004
-19.74519589336832,0.14146823214068402,-0.1974519589336832,-5.593514075373475,-3.975691575267243
-19.74519589336832,0.14517854401769487,-0.1974519589336832,-5.890765784763863,-4.1946057254823215
-19.74519589336832,0.1488888558947057,-0.1974519589336832,-6.195712655164563,-4.425743067065677
-19.74519589336832,0.15259916777171653,-0.1974519589336832,-6.508354686575576,-4.669019489961564
-19.74519589336832,0.15630947964872738,-0.1974519589336832,-6.828691878996902,-4.924200319249042
-19.74519589336832,0.16001979152573823,-0.1974519589336832,-7.156724232428542,-5.190890972758574
-19.74519589336832,0.16373010340274907,-0.1974519589336832,-7.492451746870494,-5.468533057044258
-19.74519589336832,0.1674404152797599,-0.1974519589336832,-7.835874422322757,-5.756407213469251
-19.74519589336832,0.17115072715677074,-0.1974519589336832,-8.186992258785336,-6.053643803797036
-19.74519589336832,0.17486103903378158,-0.1974519589336832,-8.545805256258229,-6.359242152334063
-19.74519589336832,0.17857135091079243,-0.1974519589336832,-8.912313414741432,-6.672098550835765
-19.74519589336832,0.18228166278780325,-0.1974519589336832,-9.286516734234947,-6.9910426177969285
-19.74519589336832,0.1859919746648141,-0.1974519589336832,-9.668415214738777,-7.314880942573157
-19.74519589336832,0.18970228654182494,-0.1974519589336832,-10.05800885625292,-7.642446310860411
-19.74519589336832,0.1934125984188358,-0.1974519589336832,-10.455297658777377,-7.972650281323767
-19.74519589336832,0.1971229102958466,-0.1974519589336832,-10.860281622312144,-8.304536535937263
-19.74519589336832,0.20083322217285746,-0.1974519589336832,-11.272960746857224,-8.63733230963939
-19.74519589336832,0.2045435340498683,-0.1974519589336832,-11.69333503241262,-8.970495336584097
-19.74519589336832,0.20825384592687915,-0.1974519589336832,-12.121404478978329,-9.303754111699845
-19.74519589336832,0.21196415780388997,-0.1974519589336832,-12.557169086554346,-9.637139803958558
-19.74519589336832,0.21567446968090082,-0.1974519589336832,-13.00062885514068,-9.971008793095063
-19.74519589336832,0.21938478155791166,-0.1974519589336832,-13.451783784737328,-10.306055444889708
-19.74519589336832,0.2230950934349225,-0.1974519589336832,-13.910633875344287,-10.643315306134408
-19.74519589336832,0.22680540531193333,-0.1974519589336832,-14.377179126961556,-10.984159320835694
-19.74519589336832,0.23051571718894417,-0.1974519589336832,-14.851419539589143,-11.330279901324882
-19.74519589336832,0.23422602906595502,-0.1974519589336832,-15.333355113227041,-11.683669717189808
-19.74519589336832,0.23793634094296587,-0.1974519589336832,-15.822985847875254,-12.046593902766086
-19.74519589336832,0.2416466528199767,-0.1974519589336832,-16.320311743533775,-12.421556062473309
-19.74519589336832,0.24535696469698753,-0.1974519589336832,-16.825332800202613,-12.811258019106658
-19.74519589336832,0.24906727657399838,-0.1974519589336832,-17.33804901788176,-13.218552758995061
-19.74519589336832,0.2527775884510092,-0.1974519589336832,-17.85846039657123,-13.646389541643225
-19.74519589336832,0.25648790032802005,-0.1974519589336832,-18.386566936271,-14.097749728181107
-19.74519589336832,0.2601982122050309,-0.1974519589336832,-18.922368636981094,-14.57557161927921
-19.74519589336832,0.26390852408204174,-0.1974519589336832,-19.46586549870149,-15.082662567749951
-19.74519589336832,0.26761883595905256,-0.1974519589336832,-20.0170575214322,-15.621596946524024
-19.74519589336832,0.27132914783606343,-0.1974519589336832,-20.575944705173235,-16.194599323087203
-19.74519589336832,0.27503945971307425,-0.1974519589336832,-21.142527049924574,-16.803413529979228
-19.74519589336832,0.27874977159008507,-0.1974519589336832,-21.71680455568622,-17.44916031337678
-19.74519589336832,0.28246008346709595,-0.1974519589336832,-22.298777222458195,-18.132188901992073
-19.74519589336832,0.28617039534410676,-0.1974519589336832,-22.88844505024047,-18.85193104736222
-19.74519589336832,0.28988070722111764,-0.1974519589336832,-23.485808039033067,-19.60676952488633
-19.74519589336832,0.29359101909812846,-0.1974519589336832,-24.090866188835967,-20.39393618498874
-19.74519589336832,0.2973013309751393,-0.1974519589336832,-24.703619499649182,-21.20945659734474
-19.74519589336832,0.30101164285215015,-0.1974519589336832,-25.324067971472722,-22.04815819577619
-19.74519589336832,0.30472195472916097,-0.1974519589336832,-25.95221160430656,-22.903755759145568
-18.357319041899284,0.011607316445304631,-0.18357319041899284,-0.03728170647953054,-0.9997582400211185
-18.357319041899284,0.015317628322315471,-0.18357319041899284,-0.0649254828740383,-1.029423676249352
-18.357319041899284,0.01902794019932631,-0.18357319041899284,-0.1001879959283383,-1.0597760094046933
-18.357319041899284,0.02273825207633715,-0.18357319041899284,-0.1430692456424305,-1.0909113547691005
-18.357319041899284,0.02644856395334799,-0.18357319041899284,-0.19356923201631498,-1.122934091291853
-18.357319041899284,0.03015887583035883,-0.18357319041899284,-0.25168795504999164,-1.1559576181127555
-18.357319041899284,0.03386918770736967,-0.18357319041899284,-0.31742541474346064,-1.1901051724972236
-18.357319041899284,0.03757949958438051,-0.18357319041899284,-0.39078161109672177,-1.225510711281621
-18.357319041899284,0.04128981146139135,-0.18357319041899284,-0.47175654410977513,-1.262319857115811
-18.357319041899284,0.04500012333840219,-0.18357319041899284,-0.5603502137826207,-1.3006909096646373
-18.357319041899284,0.04871043521541303,-0.18357319041899284,-0.6565626201152586,-1.340795920412754
-18.357319041899284,0.05242074709242387,-0.18357319041899284,-0.7603937631076886,-1.3828218277182591
-18.357319041899284,0.05613105896943471,-0.18357319041899284,-0.8718436427599109,-1.4269716461719248
-18.357319041899284,0.05984137084644555,-0.18357319041899284,-0.9909122590719254,-1.473465701019781
-18.357319041899284,0.06355168272345639,-0.18357319041899284,-1.1175996120437321,-1.5225428942590424
-18.357319041899284,0.06726199460046722,-0.18357319041899284,-1.2519057016753308,-1.5744619838690728
-18.357319041899284,0.07097230647747807,-0.18357319041899284,-1.393830527966722,-1.6295028513299359
-18.357319041899284,0.0746826183544889,-0.18357319041899284,-1.5433740909179055,-1.6879677249456542
-18.357319041899284,0.07839293023149975,-0.18357319041899284,-1.700536390528881,-1.7501823173724267
-18.357319041899284,0.08210324210851058,-0.18357319041899284,-1.8653174267996488,-1.8164968250230178
-18.357319041899284,0.08581355398552143,-0.18357319041899284,-2.037717199730209,-1.8872867245971596
-18.357319041899284,0.08952386586253226,-0.18357319041899284,-2.217735709320561,-1.9629532878773386
-18.357319041899284,0.09323417773954311,-0.18357319041899284,-2.405372955570706,-2.043923720263888
-18.357319041899284,0.09694448961655394,-0.18357319041899284,-2.6006289384806425,-2.1306508116233838
-18.357319041899284,0.10065480149356479,-0.18357319041899284,-2.8035036580503716,-2.2236119704719437
-18.357319041899284,0.10436511337057562,-0.18357319041899284,-3.013997114279893,-2.3233074952375468
-18.357319041899284,0.10807542524758647,-0.18357319041899284,-3.232109307169207,-2.430257920710071
-18.357319041899284,0.1117857371245973,-0.18357319041899284,-3.4578402367183116,-2.5450002656995627
-18.357319041899284,0.11549604900160815,-0.18357319041899284,-3.69118990292721,-2.6680830019077524
-18.357319041899284,0.11920636087861898,-0.18357319041899284,-3.9321583057959,-2.800059567272725
-18.357319041899284,0.12291667275562983,-0.18357319041899284,-4.180745445324383,-2.941480263428578
-18.357319041899284,0.12662698463264066,-0.18357319041899284,-4.436951321512657,-3.0928824108259523
-18.357319041899284,0.1303372965096515,-0.18357319041899284,-4.700775934360724,-3.254778691148588
-18.357319041899284,0.13404760838666235,-0.18357319041899284,-4.972219283868584,-3.4276436893896136
-18.357319041899284,0.13775792026367317,-0.18357319041899284,-5.251281370036233,-3.611898760844052
-18.357319041899284,0.14146823214068402,-0.18357319041899284,-5.537962192863677,-3.8078954929421327
-18.357319041899284,0.14517854401769487,-0.18357319041899284,-5.832261752350913,-4.015898206782436
-18.357319041899284,0.1488888558947057,-0.18357319041899284,-6.134180048497941,-4.236066142470139
-18.357319041899284,0.15259916777171653,-0.18357319041899284,-6.443717081304761,-4.468436184295649
-18.357319041899284,0.15630947964872738,-0.18357319041899284,-6.760872850771373,-4.712907188300084
-18.357319041899284,0.16001979152573823,-0.18357319041899284,-7.085647356897779,-4.969227151314006
-18.357319041899284,0.16373010340274907,-0.18357319041899284,-7.418040599683976,-5.236984577427404
-18.357319041899284,0.1674404152797599,-0.18357319041899284,-7.758052579129963,-5.5156054231266785
-18.357319041899284,0.17115072715677074,-0.18357319041899284,-8.105683295235744,-5.804356906480928
-18.357319041899284,0.17486103903378158,-0.18357319041899284,-8.46093274800132,-6.102359227594958
-18.357319041899284,0.17857135091079243,-0.18357319041899284,-8.823800937426686,-6.408605860691977
-18.357319041899284,0.18228166278780325,-0.18357319041899284,-9.194287863511843,-6.721992556560283
-18.357319041899284,0.1859919746648141,-0.18357319041899284,-9.572393526256793,-7.041354574787703
-18.357319041899284,0.18970228654182494,-0.18357319041899284,-9.958117925661536,-7.3655110071747245
-18.357319041899284,0.1934125984188358,-0.18357319041899284,-10.351461061726072,-7.693314431491829
-18.357319041899284,0.1971229102958466,-0.18357319041899284,-10.752422934450397,-8.023703627494516
-18.357319041899284,0.20083322217285746,-0.18357319041899284,-11.161003543834514,-8.355756764869604
-18.357319041899284,0.2045435340498683,-0.18357319041899284,-11.577202889878427,-8.688742382791798
-18.357319041899284,0.20825384592687915,-0.18357319041899284,-12.001020972582133,-9.022165637233748
-18.357319041899284,0.21196415780388997,-0.18357319041899284,-12.432457791945625,-9.355807672237113
-18.357319041899284,0.21567446968090082,-0.18357319041899284,-12.871513347968914,-9.689756518494537
-18.357319041899284,0.21938478155791166,-0.18357319041899284,-13.318187640651995,-10.024428556687369
-18.357319041899284,0.2230950934349225,-0.18357319041899284,-13.772480669994868,-10.360580214643814
-18.357319041899284,0.22680540531193333,-0.18357319041899284,-14.23439243599753,-10.699310112831427
-18.357319041899284,0.23051571718894417,-0.18357319041899284,-14.703922938659987,-11.042052266515674
-18.357319041899284,0.23422602906595502,-0.18357319041899284,-15.181072177982239,-11.390561155564804
-18.357319041899284,0.23793634094296587,-0.18357319041899284,-15.66584015396428,-11.746889472939875
-18.357319041899284,0.2416466528199767,-0.18357319041899284,-16.15822686660611,-12.11335917457424
-18.357319041899284,0.24535696469698753,-0.18357319041899284,-16.65823231590774,-12.492526111066905
-18.357319041899284,0.24906727657399838,-0.18357319041899284,-17.165856501869158,-12.887138074020394
-18.357319041899284,0.2527775884510092,-0.18357319041899284,-17.68109942449037,-13.30008559490459
-18.357319041899284,0.25648790032802005,-0.18357319041899284,-18.203961083771368,-13.73434435689135
-18.357319041899284,0.2601982122050309,-0.18357319041899284,-18.73444147971217,-14.192907692333069
-18.357319041899284,0.26390852408204174,-0.18357319041899284,-19.272540612312753,-14.678707422450232
-18.357319041899284,0.26761883595905256,-0.18357319041899284,-19.818258481573128,-15.19452134633181
-18.357319041899284,0.27132914783606343,-0.18357319041899284,-20.371595087493304,-15.742866112504583
-18.357319041899284,0.27503945971307425,-0.18357319041899284,-20.932550430073267,-16.325875126010573
-18.357319041899284,0.27874977159008507,-0.18357319041899284,-21.50112450931302,-16.945162668077117
-18.357319041899284,0.28246008346709595,-0.18357319041899284,-22.077317325212572,-17.601677606333705
-18.357319041899284,0.28617039534410676,-0.18357319041899284,-22.661128877771908,-18.29555293461631
-18.357319041899284,0.28988070722111764,-0.18357319041899284,-23.25255916699105,-19.025960732396843
-18.357319041899284,0.29359101909812846,-0.18357319041899284,-23.851608192869968,-19.79098558510576
-18.357319041899284,0.2973013309751393,-0.18357319041899284,-24.458275955408684,-20.58753241169802
-18.357319041899284,0.30101164285215015,-0.18357319041899284,-25.072562454607198,-21.41128613350856
-18.357319041899284,0.30472195472916097,-0.18357319041899284,-25.694467690465494,-22.256739733713808
-16.96944219043025,0.011607316445304631,-0.1696944219043025,-0.036907729751992656,-1.000083386874831
-16.96944219043025,0.015317628322315471,-0.1696944219043025,-0.06427420851157369,-1.0283407368138544
-16.96944219043025,0.01902794019932631,-0.1696944219043025,-0.09918299958042623,-1.0572436605666837
-16.96944219043025,0.02273825207633715,-0.1696944219043025,-0.14163410295855028,-1.0868808233046634
-16.96944219043025,0.02644856395334799,-0.1696944219043025,-0.19162751864594585,-1.1173485209511727
-16.96944219043025,0.03015887583035883,-0.1696944219043025,-0.24916324664261294,-1.1487513832104934
-16.96944219043025,0.03386918770736967,-0.1696944219043025,-0.31424128694855163,-1.1812031352838135
-16.96944219043025,0.03757949958438051,-0.1696944219043025,-0.38686163956376174,-1.2148274208540553
-16.96944219043025,0.04128981146139135,-0.1696944219043025,-0.4670243044882434,-1.249758688334853
-16.96944219043025,0.04500012333840219,-0.1696944219043025,-0.5547292817219965,-1.2861431415377798
-16.96944219043025,0.04871043521541303,-0.1696944219043025,-0.6499765712650212,-1.3241397547493214
-16.96944219043025,0.05242074709242387,-0.1696944219043025,-0.7527661731173174,-1.3639213506482744
-16.96944219043025,0.05613105896943471,-0.1696944219043025,-0.8630980872788852,-1.405675737441487
-16.96944219043025,0.05984137084644555,-0.1696944219043025,-0.9809723137497243,-1.4496068989453583
-16.96944219043025,0.06355168272345639,-0.1696944219043025,-1.106388852529835,-1.4959362279678308
-16.96944219043025,0.06726199460046722,-0.1696944219043025,-1.239347703619217,-1.5449037891131496
-16.96944219043025,0.07097230647747807,-0.1696944219043025,-1.379848867017871,-1.5967695918875195
-16.96944219043025,0.0746826183544889,-0.1696944219043025,-1.527892342725796,-1.651814848566917
-16.96944219043025,0.07839293023149975,-0.1696944219043025,-1.683478130742993,-1.7103431835360245
-16.96944219043025,0.08210324210851058,-0.1696944219043025,-1.846606231069461,-1.7726817515667452
-16.96944219043025,0.08581355398552143,-0.1696944219043025,-2.017276643705201,-1.839182211651468
-16.96944219043025,0.08952386586253226,-0.1696944219043025,-2.1954893686502124,-1.9102214904672534
-16.96944219043025,0.09323417773954311,-0.1696944219043025,-2.381244405904495,-1.9862022553396956
-16.96944219043025,0.09694448961655394,-0.1696944219043025,-2.5745417554680494,-2.0675530008492364
-16.96944219043025,0.10065480149356479,-0.1696944219043025,-2.7753814173408755,-2.1547276363237735
-16.96944219043025,0.10436511337057562,-0.1696944219043025,-2.983763391522973,-2.248204444001658
-16.96944219043025,0.10807542524758647,-0.1696944219043025,-3.199687678014342,-2.3484842605949225
-16.96944219043025,0.1117857371245973,-0.1696944219043025,-3.423154276814982,-2.4560877197479707
-16.96944219043025,0.11549604900160815,-0.1696944219043025,-3.6541631879248944,-2.5715513814312327
-16.96944219043025,0.11920636087861898,-0.1696944219043025,-3.8927144113440773,-2.69542256921471
-16.96944219043025,0.12291667275562983,-0.1696944219043025,-4.138807947072532,-2.8282527408879945
-16.96944219043025,0.12662698463264066,-0.1696944219043025,-4.392443795110259,-2.970589235932982
-16.96944219043025,0.1303372965096515,-0.1696944219043025,-4.653621955457257,-3.1229652793292795
-16.96944219043025,0.13404760838666235,-0.1696944219043025,-4.922342428113527,-3.285888179726225
-16.96944219043025,0.13775792026367317,-0.1696944219043025,-5.198605213079067,-3.459825745518909
-16.96944219043025,0.14146823214068402,-0.1696944219043025,-5.48241031035388,-3.6451910581768443
-16.96944219043025,0.14517854401769487,-0.1696944219043025,-5.773757719937964,-3.8423258896284818
-16.96944219043025,0.1488888558947057,-0.1696944219043025,-6.07264744183132,-4.051483227697466
-16.96944219043025,0.15259916777171653,-0.1696944219043025,-6.3790794760339455,-4.272809574052279
-16.96944219043025,0.15630947964872738,-0.1696944219043025,-6.693053822545845,-4.506327890648359
-16.96944219043025,0.16001979152573823,-0.1696944219043025,-7.0145704813670156,-4.751922274498121
-16.96944219043025,0.16373010340274907,-0.1696944219043025,-7.343629452497458,-5.0093256117337015
-16.96944219043025,0.1674404152797599,-0.1696944219043025,-7.680230735937169,-5.27811157035716
-16.96944219043025,0.17115072715677074,-0.1696944219043025,-8.024374331686154,-5.557692305001037
-16.96944219043025,0.17486103903378158,-0.1696944219043025,-8.376060239744412,-5.847323137577261
-16.96944219043025,0.17857135091079243,-0.1696944219043025,-8.735288460111938,-6.146115224970428
-16.96944219043025,0.18228166278780325,-0.1696944219043025,-9.102058992788738,-6.453056824394122
-16.96944219043025,0.1859919746648141,-0.1696944219043025,-9.476371837774808,-6.767043234792986
-16.96944219043025,0.18970228654182494,-0.1696944219043025,-9.85822699507015,-7.0869148680214265
-16.96944219043025,0.1934125984188358,-0.1696944219043025,-10.247624464674766,-7.41150224714117
-16.96944219043025,0.1971229102958466,-0.1696944219043025,-10.644564246588649,-7.73967611634258
-16.96944219043025,0.20083322217285746,-0.1696944219043025,-11.049046340811806,-8.07040035633627
-16.96944219043025,0.2045435340498683,-0.1696944219043025,-11.461070747344234,-8.4027850986787
-16.96944219043025,0.20825384592687915,-0.1696944219043025,-11.880637466185936,-8.73613736652209
-16.96944219043025,0.21196415780388997,-0.1696944219043025,-12.307746497336904,-9.070006748184827
-16.96944219043025,0.21567446968090082,-0.1696944219043025,-12.742397840797148,-9.404224007217
-16.96944219043025,0.21938478155791166,-0.1696944219043025,-13.184591496566664,-9.738931088897775
-16.96944219043025,0.2230950934349225,-0.1696944219043025,-13.63432746464545,-10.074601616686586
-16.96944219043025,0.22680540531193333,-0.1696944219043025,-14.091605745033505,-10.412051593614251
-16.96944219043025,0.23051571718894417,-0.1696944219043025,-14.556426337730834,-10.752440550632862
-16.96944219043025,0.23422602906595502,-0.1696944219043025,-15.028789242737435,-11.09726375346934
-16.96944219043025,0.23793634094296587,-0.1696944219043025,-15.508694460053308,-11.448336254890162
-16.96944219043025,0.2416466528199767,-0.1696944219043025,-15.99614198967845,-11.807769551980627
-16.96944219043025,0.24535696469698753,-0.1696944219043025,-16.491131831612865,-12.177941394944193
-16.96944219043025,0.24906727657399838,-0.1696944219043025,-16.993663985856553,-12.561458931879082
-16.96944219043025,0.2527775884510092,-0.1696944219043025,-17.503738452409515,-12.961114913943943
-16.96944219043025,0.25648790032802005,-0.1696944219043025,-18.021355231271738,-13.37983618786956
-16.96944219043025,0.2601982122050309,-0.1696944219043025,-18.546514322443247,-13.820623236169682
-16.96944219043025,0.26390852408204174,-0.1696944219043025,-19.079215725924012,-14.286479166331643
-16.96944219043025,0.26761883595905256,-0.1696944219043025,-19.619459441714053,-14.780326386489977
-16.96944219043025,0.27132914783606343,-0.1696944219043025,-20.167245469813373,-15.30490933812745
-16.96944219043025,0.27503945971307425,-0.1696944219043025,-20.72257381022196,-15.86268220114539
-16.96944219043025,0.27874977159008507,-0.1696944219043025,-21.285444462939815,-16.455681563892274
-16.96944219043025,0.28246008346709595,-0.1696944219043025,-21.855857427966953,-17.08538576686461
-16.96944219043025,0.28617039534410676,-0.1696944219043025,-22.43381270530335,-17.75256503892526
-16.96944219043025,0.28988070722111764,-0.1696944219043025,-23.019310294949026,-18.457129597341705
-16.96944219043025,0.29359101909812846,-0.1696944219043025,-23.612350196903968,-19.197986351269044
-16.96944219043025,0.2973013309751393,-0.1696944219043025,-24.212932411168183,-19.972918269097022
-16.96944219043025,0.30101164285215015,-0.1696944219043025,-24.821056937741677,-20.77850311980162
-16.96944219043025,0.30472195472916097,-0.1696944219043025,-25.43672377662443,-21.610089252175868
-15.581565338961218,0.011607316445304631,-0.15581565338961217,-0.03653375302445478,-0.9995353041338149
-15.581565338961218,0.015317628322315471,-0.15581565338961217,-0.06362293414910908,-1.026447719370923
-15.581565338961218,0.01902794019932631,-0.15581565338961217,-0.09817800323251415,-1.0539656745136297
-15.581565338961218,0.02273825207633715,-0.15581565338961217,-0.14019896027467002,-1.082170868756684
-15.581565338961218,0.02644856395334799,-0.15581565338961217,-0.18968580527557674,-1.1111520410127387
-15.581565338961218,0.03015887583035883,-0.15581565338961217,-0.24663853823523424,-1.1410056220677491
-15.581565338961218,0.03386918770736967,-0.15581565338961217,-0.3110571591536426,-1.171836442537801
-15.581565338961218,0.03757949958438051,-0.15581565338961217,-0.3829416680308017,-1.203758499553679
-15.581565338961218,0.04128981146139135,-0.15581565338961217,-0.46229206486671165,-1.236895784697964
-15.581565338961218,0.04500012333840219,-0.15581565338961217,-0.5491083496613723,-1.2713831751126268
-15.581565338961218,0.04871043521541303,-0.15581565338961217,-0.6433905224147839,-1.3073673888277915
-15.581565338961218,0.05242074709242387,-0.15581565338961217,-0.7451385831269463,-1.3450080041685935
-15.581565338961218,0.05613105896943471,-0.15581565338961217,-0.8543525317978593,-1.3844785414972263
-15.581565338961218,0.05984137084644555,-0.15581565338961217,-0.9710323684275232,-1.4259676034483881
-15.581565338961218,0.06355168272345639,-0.15581565338961217,-1.095178093015938,-1.4696800671096444
-15.581565338961218,0.06726199460046722,-0.15581565338961217,-1.2267897055631032,-1.5158383181597168
-15.581565338961218,0.07097230647747807,-0.15581565338961217,-1.3658672060690198,-1.5646835126680356
-15.581565338961218,0.0746826183544889,-0.15581565338961217,-1.5124105945336868,-1.6164768469254183
-15.581565338961218,0.07839293023149975,-0.15581565338961217,-1.6664198709571048,-1.6715008091579593
-15.581565338961218,0.08210324210851058,-0.15581565338961217,-1.8278950353392733,-1.7300603791118947
-15.581565338961218,0.08581355398552143,-0.15581565338961217,-1.9968360876801932,-1.792484132135857
-15.581565338961218,0.08952386586253226,-0.15581565338961217,-2.173243027979863,-1.8591251934077748
-15.581565338961218,0.09323417773954311,-0.15581565338961217,-2.3571158562382846,-1.9303619752915475
-15.581565338961218,0.09694448961655394,-0.15581565338961217,-2.5484545724554564,-2.006598616489926
-15.581565338961218,0.10065480149356479,-0.15581565338961217,-2.747259176631379,-2.088265025850986
-15.581565338961218,0.10436511337057562,-0.15581565338961217,-2.953529668766053,-2.1758164167516645
-15.581565338961218,0.10807542524758647,-0.15581565338961217,-3.1672660488594775,-2.269732200563589
-15.581565338961218,0.1117857371245973,-0.15581565338961217,-3.388468316911652,-2.370514090805341
-15.581565338961218,0.11549604900160815,-0.15581565338961217,-3.6171364729225783,-2.4786832546599538
-15.581565338961218,0.11920636087861898,-0.15581565338961217,-3.853270516892255,-2.5947763375962802
-15.581565338961218,0.12291667275562983,-0.15581565338961217,-4.096870448820683,-2.719340182517975
-15.581565338961218,0.12662698463264066,-0.15581565338961217,-4.347936268707861,-2.8529250704863554
-15.581565338961218,0.1303372965096515,-0.15581565338961217,-4.60646797655379,-2.9960763295737287
-15.581565338961218,0.13404760838666235,-0.15581565338961217,-4.872465572358471,-3.1493241962526
-15.581565338961218,0.13775792026367317,-0.15581565338961217,-5.145929056121901,-3.313171874550685
-15.581565338961218,0.14146823214068402,-0.15581565338961217,-5.426858427844082,-3.488081826316339
-15.581565338961218,0.14517854401769487,-0.15581565338961217,-5.715253687525014,-3.674460444560159
-15.581565338961218,0.1488888558947057,-0.15581565338961217,-6.011114835164698,-3.8726414120644836
-15.581565338961218,0.15259916777171653,-0.15581565338961217,-6.314441870763131,-4.082868227024817
-15.581565338961218,0.15630947964872738,-0.15581565338961217,-6.625234794320317,-4.305276579469893
-15.581565338961218,0.16001979152573823,-0.15581565338961217,-6.943493605836252,-4.539877473820414
-15.581565338961218,0.16373010340274907,-0.15581565338961217,-7.26921830531094,-4.7865421948858025
-15.581565338961218,0.1674404152797599,-0.15581565338961217,-7.602408892744375,-5.044990381272668
-15.581565338961218,0.17115072715677074,-0.15581565338961217,-7.943065368136563,-5.3147825712921275
-15.581565338961218,0.17486103903378158,-0.15581565338961217,-8.291187731487502,-5.59531859023322
-15.581565338961218,0.17857135091079243,-0.15581565338961217,-8.646775982797193,-5.8858430259689545
-15.581565338961218,0.18228166278780325,-0.15581565338961217,-9.009830122065633,-6.185458773479793
-15.581565338961218,0.1859919746648141,-0.15581565338961217,-9.380350149292823,-6.493149215128786
-15.581565338961218,0.18970228654182494,-0.15581565338961217,-9.758336064478767,-6.8078090605518184
-15.581565338961218,0.1934125984188358,-0.15581565338961217,-10.14378786762346,-7.128283239203943
-15.581565338961218,0.1971229102958466,-0.15581565338961217,-10.5367055587269,-7.4534125823103645
-15.581565338961218,0.20083322217285746,-0.15581565338961217,-10.937089137789096,-7.7820844253654196
-15.581565338961218,0.2045435340498683,-0.15581565338961217,-11.344938604810041,-8.113285785716789
-15.581565338961218,0.20825384592687915,-0.15581565338961217,-11.76025395978974,-8.446156488639865
-15.581565338961218,0.21196415780388997,-0.15581565338961217,-12.183035202728183,-8.780039571029455
-15.581565338961218,0.21567446968090082,-0.15581565338961217,-12.613282333625381,-9.114526491469892
-15.581565338961218,0.21938478155791166,-0.15581565338961217,-13.050995352481332,-9.449495089048286
-15.581565338961218,0.2230950934349225,-0.15581565338961217,-13.49617425929603,-9.785138798684784
-15.581565338961218,0.22680540531193333,-0.15581565338961217,-13.948819054069478,-10.121986264691401
-15.581565338961218,0.23051571718894417,-0.15581565338961217,-14.40892973680168,-10.460911107075368
-15.581565338961218,0.23422602906595502,-0.15581565338961217,-14.876506307492633,-10.803132105563146
-15.581565338961218,0.23793634094296587,-0.15581565338961217,-15.351548766142336,-11.150204413449787
-15.581565338961218,0.2416466528199767,-0.15581565338961217,-15.834057112750786,-11.504002563158062
-15.581565338961218,0.24535696469698753,-0.15581565338961217,-16.32403134731799,-11.866695972097887
-15.581565338961218,0.24906727657399838,-0.15581565338961217,-16.821471469843946,-12.240717420592965
-15.581565338961218,0.2527775884510092,-0.15581565338961217,-17.326377480328656,-12.628724592665227
-15.581565338961218,0.25648790032802005,-0.15581565338961217,-17.838749378772107,-13.033554298880441
-15.581565338961218,0.2601982122050309,-0.15581565338961217,-18.35858716517432,-13.458168501855626
-15.581565338961218,0.26390852408204174,-0.15581565338961217,-18.885890839535275,-13.90559081150521
-15.581565338961218,0.26761883595905256,-0.15581565338961217,-19.420660401854978,-14.378831790321673
-15.581565338961218,0.27132914783606343,-0.15581565338961217,-19.962895852133446,-14.880801302821025
-15.581565338961218,0.27503945971307425,-0.15581565338961217,-20.512597190370656,-15.414206365886564
-15.581565338961218,0.27874977159008507,-0.15581565338961217,-21.06976441656661,-15.98143362856497
-15.581565338961218,0.28246008346709595,-0.15581565338961217,-21.63439753072133,-16.584416853072945
-15.581565338961218,0.28617039534410676,-0.15581565338961217,-22.206496532834787,-17.22449168276235
-15.581565338961218,0.28988070722111764,-0.15581565338961217,-22.786061422907007,-17.90224260167443
-15.581565338961218,0.29359101909812846,-0.15581565338961217,-23.37309220093797,-18.617350222282973
-15.581565338961218,0.2973013309751393,-0.15581565338961217,-23.96758886692768,-19.368450595587262
-15.581565338961218,0.30101164285215015,-0.15581565338961217,-24.569551420876152,-20.153021581198153
-15.581565338961218,0.30472195472916097,-0.15581565338961217,-25.178979862783365,-20.967313646612602
-14.193688487492183,0.011607316445304631,-0.14193688487492184,-0.036159776296916905,-0.9982623227074505
-14.193688487492183,0.015317628322315471,-0.14193688487492184,-0.06297165978664446,-1.0238918044536893
-14.193688487492183,0.01902794019932631,-0.14193688487492184,-0.09717300688460208,-1.050088280854144
-14.193688487492183,0.02273825207633715,-0.14193688487492184,-0.1387638175907898,-1.0769269536093118
-14.193688487492183,0.02644856395334799,-0.14193688487492184,-0.18774409190520763,-1.1044895130992218
-14.193688487492183,0.03015887583035883,-0.14193688487492184,-0.24411382982785554,-1.1328647423194953
-14.193688487492183,0.03386918770736967,-0.14193688487492184,-0.3078730313587336,-1.1621491736295777
-14.193688487492183,0.03757949958438051,-0.14193688487492184,-0.3790216964978417,-1.1924478014682034
-14.193688487492183,0.04128981146139135,-0.14193688487492184,-0.45755982524517985,-1.2238748539392263
-14.193688487492183,0.04500012333840219,-0.14193688487492184,-0.5434874176007481,-1.2565546257557978
-14.193688487492183,0.04871043521541303,-0.14193688487492184,-0.6368044735645465,-1.290622374407091
-14.193688487492183,0.05242074709242387,-0.14193688487492184,-0.737510993136575,-1.3262252805229506
-14.193688487492183,0.05613105896943471,-0.14193688487492184,-0.8456069763168336,-1.363523472190856
-14.193688487492183,0.05984137084644555,-0.14193688487492184,-0.9610924231053222,-1.4026911113465665
-14.193688487492183,0.06355168272345639,-0.14193688487492184,-1.083967333502041,-1.4439175382195177
-14.193688487492183,0.06726199460046722,-0.14193688487492184,-1.2142317075069895,-1.4874084670576222
-14.193688487492183,0.07097230647747807,-0.14193688487492184,-1.3518855451201686,-1.533387222857404
-14.193688487492183,0.0746826183544889,-0.14193688487492184,-1.4969288463415773,-1.5820960044443106
-14.193688487492183,0.07839293023149975,-0.14193688487492184,-1.6493616111712166,-1.633797153831126
-14.193688487492183,0.08210324210851058,-0.14193688487492184,-1.8091838396090856,-1.6887744051677869
-14.193688487492183,0.08581355398552143,-0.14193688487492184,-1.9763955316551851,-1.7473340786227274
-14.193688487492183,0.08952386586253226,-0.14193688487492184,-2.1509966873095143,-1.8098061750535805
-14.193688487492183,0.09323417773954311,-0.14193688487492184,-2.3329873065720736,-1.876545316216986
-14.193688487492183,0.09694448961655394,-0.14193688487492184,-2.5223673894428633,-1.9479314624726545
-14.193688487492183,0.10065480149356479,-0.14193688487492184,-2.719136935921883,-2.024370325491433
-14.193688487492183,0.10436511337057562,-0.14193688487492184,-2.9232959460091323,-2.10629337755947
-14.193688487492183,0.10807542524758647,-0.14193688487492184,-3.1348444197046126,-2.194157342064913
-14.193688487492183,0.1117857371245973,-0.14193688487492184,-3.3537823570083223,-2.288443032325236
-14.193688487492183,0.11549604900160815,-0.14193688487492184,-3.5801097579202623,-2.3896533890977336
-14.193688487492183,0.11920636087861898,-0.14193688487492184,-3.8138266224404322,-2.498310552410951
-14.193688487492183,0.12291667275562983,-0.14193688487492184,-4.0549329505688325,-2.614951792823021
-14.193688487492183,0.12662698463264066,-0.14193688487492184,-4.303428742305463,-2.7401241235479006
-14.193688487492183,0.1303372965096515,-0.14193688487492184,-4.559313997650323,-2.87437742146604
-14.193688487492183,0.13404760838666235,-0.14193688487492184,-4.8225887166034145,-3.0182559058578935
-14.193688487492183,0.13775792026367317,-0.14193688487492184,-5.0932528991647334,-3.172287863257857
-14.193688487492183,0.14146823214068402,-0.14193688487492184,-5.371306545334285,-3.336973569772975
-14.193688487492183,0.14517854401769487,-0.14193688487492184,-5.6567496551120655,-3.512771452819857
-14.193688487492183,0.1488888558947057,-0.14193688487492184,-5.949582228498077,-3.7000826556118867
-14.193688487492183,0.15259916777171653,-0.14193688487492184,-6.249804265492316,-3.8992343207687057
-14.193688487492183,0.15630947964872738,-0.14193688487492184,-6.557415766094788,-4.110462091543933
-14.193688487492183,0.16001979152573823,-0.14193688487492184,-6.872416730305489,-4.3338925330021025
-14.193688487492183,0.16373010340274907,-0.14193688487492184,-7.194807158124421,-4.5695263877052135
-14.193688487492183,0.1674404152797599,-0.14193688487492184,-7.52458704955158,-4.817223781200896
-14.193688487492183,0.17115072715677074,-0.14193688487492184,-7.861756404586973,-5.0766926557001195
-14.193688487492183,0.17486103903378158,-0.14193688487492184,-8.206315223230595,-5.3474818051134285
-14.193688487492183,0.17857135091079243,-0.14193688487492184,-8.558263505482445,-5.628979879243341
-14.193688487492183,0.18228166278780325,-0.14193688487492184,-8.917601251342527,-5.920421591451553
-14.193688487492183,0.1859919746648141,-0.14193688487492184,-9.284328460810839,-6.220902084681983
-14.193688487492183,0.18970228654182494,-0.14193688487492184,-9.658445133887382,-6.529399983937146
-14.193688487492183,0.1934125984188358,-0.14193688487492184,-10.039951270572155,-6.844809109233497
-14.193688487492183,0.1971229102958466,-0.14193688487492184,-10.428846870865154,-7.1659781850975195
-14.193688487492183,0.20083322217285746,-0.14193688487492184,-10.825131934766386,-7.4917572249245925
-14.193688487492183,0.2045435340498683,-0.14193688487492184,-11.228806462275848,-7.821048668165703
-14.193688487492183,0.20825384592687915,-0.14193688487492184,-11.639870453393543,-8.152860883550904
-14.193688487492183,0.21196415780388997,-0.14193688487492184,-12.058323908119462,-8.486361387535556
-14.193688487492183,0.21567446968090082,-0.14193688487492184,-12.484166826453617,-8.820927102786449
-14.193688487492183,0.21938478155791166,-0.14193688487492184,-12.917399208396,-9.156189200686159
-14.193688487492183,0.2230950934349225,-0.14193688487492184,-13.358021053946612,-9.492070501298675
-14.193688487492183,0.22680540531193333,-0.14193688487492184,-13.806032363105452,-9.82881397907645
-14.193688487492183,0.23051571718894417,-0.14193688487492184,-14.261433135872526,-10.1670015578024
-14.193688487492183,0.23422602906595502,-0.14193688487492184,-14.72422337224783,-10.507562983767283
-14.193688487492183,0.23793634094296587,-0.14193688487492184,-15.194403072231363,-10.85177506162156
-14.193688487492183,0.2416466528199767,-0.14193688487492184,-15.671972235823123,-11.201251863579476
-14.193688487492183,0.24535696469698753,-0.14193688487492184,-16.156930863023117,-11.55792664813773
-14.193688487492183,0.24906727657399838,-0.14193688487492184,-16.64927895383134,-11.92402614618621
-14.193688487492183,0.2527775884510092,-0.14193688487492184,-17.149016508247797,-12.30203761259727
-14.193688487492183,0.25648790032802005,-0.14193688487492184,-17.656143526272476,-12.69466864216629
-14.193688487492183,0.2601982122050309,-0.14193688487492184,-18.170660007905397,-13.104799266562997
-14.193688487492183,0.26390852408204174,-0.14193688487492184,-18.692565953146538,-13.5354253507212
-14.193688487492183,0.26761883595905256,-0.14193688487492184,-19.221861361995906,-13.989591869217838
-14.193688487492183,0.27132914783606343,-0.14193688487492184,-19.758546234453515,-14.470314352741026
-14.193688487492183,0.27503945971307425,-0.14193688487492184,-20.30262057051935,-14.980486752022992
-14.193688487492183,0.27874977159008507,-0.14193688487492184,-20.85408437019341,-15.522774286380757
-14.193688487492183,0.28246008346709595,-0.14193688487492184,-21.412937633475707,-16.099490651646526
-14.193688487492183,0.28617039534410676,-0.14193688487492184,-21.97918036036623,-16.712460379873757
-14.193688487492183,0.28988070722111764,-0.14193688487492184,-22.55281255086499,-17.362869260346933
-14.193688487492183,0.29359101909812846,-0.14193688487492184,-23.13383420497197,-18.051108557003452
-14.193688487492183,0.2973013309751393,-0.14193688487492184,-23.72224532268718,-18.776622154346047
-14.193688487492183,0.30101164285215015,-0.14193688487492184,-24.31804590401063,-19.537769379069466
-14.193688487492183,0.30472195472916097,-0.14193688487492184,-24.9212359489423,-20.331719460228534
-12.805811636023149,0.011607316445304631,-0.12805811636023148,-0.03578579956937903,-0.9964027338032695
-12.805811636023149,0.015317628322315471,-0.12805811636023148,-0.062320385424179836,-1.020809814181697
-12.805811636023149,0.01902794019932631,-0.12805811636023148,-0.09616801053669001,-1.0457469796729049
-12.805811636023149,0.02273825207633715,-0.12805811636023148,-0.13732867490690956,-1.0712833847260992
-12.805811636023149,0.02644856395334799,-0.12805811636023148,-0.1858023785348385,-1.0974941595375158
-12.805811636023149,0.03015887583035883,-0.12805811636023148,-0.2415891214204768,-1.1244609684331923
-12.805811636023149,0.03386918770736967,-0.12805811636023148,-0.3046889035638246,-1.152272618022785
-12.805811636023149,0.03757949958438051,-0.12805811636023148,-0.37510172496488164,-1.1810257184125241
-12.805811636023149,0.04128981146139135,-0.12805811636023148,-0.4528275856236481,-1.2108254006326788
-12.805811636023149,0.04500012333840219,-0.12805811636023148,-0.537866485540124,-1.2417860931754614
-12.805811636023149,0.04871043521541303,-0.12805811636023148,-0.6302184247143092,-1.274032360113325
-12.805811636023149,0.05242074709242387,-0.12805811636023148,-0.7298834031462038,-1.307699802630271
-12.805811636023149,0.05613105896943471,-0.12805811636023148,-0.8368614208358077,-1.3429360248916948
-12.805811636023149,0.05984137084644555,-0.12805811636023148,-0.9511524777831211,-1.379901663934791
-12.805811636023149,0.06355168272345639,-0.12805811636023148,-1.072756573988144,-1.4187714815989247
-12.805811636023149,0.06726199460046722,-0.12805811636023148,-1.2016737094508756,-1.459735514338953
-12.805811636023149,0.07097230647747807,-0.12805811636023148,-1.3379038841713173,-1.5030002739629715
-12.805811636023149,0.0746826183544889,-0.12805811636023148,-1.481447098149468,-1.5487899887819392
-12.805811636023149,0.07839293023149975,-0.12805811636023148,-1.6323033513853284,-1.5973478702108697
-12.805811636023149,0.08210324210851058,-0.12805811636023148,-1.7904726438788978,-1.64893738436471
-12.805811636023149,0.08581355398552143,-0.12805811636023148,-1.955954975630177,-1.7038435014839486
-12.805811636023149,0.08952386586253226,-0.12805811636023148,-2.128750346639165,-1.7623738879433883
-12.805811636023149,0.09323417773954311,-0.12805811636023148,-2.308858756905863,-1.8248599959932932
-12.805811636023149,0.09694448961655394,-0.12805811636023148,-2.4962802064302703,-1.8916579951392158
-12.805811636023149,0.10065480149356479,-0.12805811636023148,-2.691014695212387,-1.9631494761295096
-12.805811636023149,0.10436511337057562,-0.12805811636023148,-2.8930622232522123,-2.039741843929436
-12.805811636023149,0.10807542524758647,-0.12805811636023148,-3.102422790549748,-2.1218683000083445
-12.805811636023149,0.1117857371245973,-0.12805811636023148,-3.319096397104992,-2.2099872971516783
-12.805811636023149,0.11549604900160815,-0.12805811636023148,-3.5430830429179467,-2.3045813325207707
-12.805811636023149,0.11920636087861898,-0.12805811636023148,-3.77438272798861,-2.406154927886938
-12.805811636023149,0.12291667275562983,-0.12805811636023148,-4.012995452316983,-2.515231631400824
-12.805811636023149,0.12662698463264066,-0.12805811636023148,-4.258921215903065,-2.632349865033138
-12.805811636023149,0.1303372965096515,-0.12805811636023148,-4.512160018746856,-2.7580574386922523
-12.805811636023149,0.13404760838666235,-0.12805811636023148,-4.772711860848358,-2.8929045594223695
-12.805811636023149,0.13775792026367317,-0.12805811636023148,-5.040576742207567,-3.0374351860824964
-12.805811636023149,0.14146823214068402,-0.12805811636023148,-5.315754662824487,-3.1921766210435027
-12.805811636023149,0.14517854401769487,-0.12805811636023148,-5.598245622699116,-3.3576272953958552
-12.805811636023149,0.1488888558947057,-0.12805811636023148,-5.888049621831455,-3.5342427971912658
-12.805811636023149,0.15259916777171653,-0.12805811636023148,-6.185166660221502,-3.7224203163701084
-12.805811636023149,0.15630947964872738,-0.12805811636023148,-6.48959673786926,-3.9224818359681883
-12.805811636023149,0.16001979152573823,-0.12805811636023148,-6.801339854774726,-4.13465658408302
-12.805811636023149,0.16373010340274907,-0.12805811636023148,-7.120396010937903,-4.359063467126371
-12.805811636023149,0.1674404152797599,-0.12805811636023148,-7.446765206358786,-4.595694418254276
-12.805811636023149,0.17115072715677074,-0.12805811636023148,-7.780447441037381,-4.844399795062848
-12.805811636023149,0.17486103903378158,-0.12805811636023148,-8.121442714973687,-5.104877120949538
-12.805811636023149,0.17857135091079243,-0.12805811636023148,-8.4697510281677,-5.376664553839093
-12.805811636023149,0.18228166278780325,-0.12805811636023148,-8.825372380619422,-5.65914045226081
-12.805811636023149,0.1859919746648141,-0.12805811636023148,-9.188306772328854,-5.951530264356555
-12.805811636023149,0.18970228654182494,-0.12805811636023148,-9.558554203295996,-6.25292167326216
-12.805811636023149,0.1934125984188358,-0.12805811636023148,-9.93611467352085,-6.562288492431353
-12.805811636023149,0.1971229102958466,-0.12805811636023148,-10.320988183003406,-6.878523238748861
-12.805811636023149,0.20083322217285746,-0.12805811636023148,-10.713174731743676,-7.2004776651134685
-12.805811636023149,0.2045435340498683,-0.12805811636023148,-11.112674319741656,-7.527009873480035
-12.805811636023149,0.20825384592687915,-0.12805811636023148,-11.519486946997345,-7.857036032439656
-12.805811636023149,0.21196415780388997,-0.12805811636023148,-11.933612613510741,-8.18958426862618
-12.805811636023149,0.21567446968090082,-0.12805811636023148,-12.35505131928185,-8.523848052604755
-12.805811636023149,0.21938478155791166,-0.12805811636023148,-12.783803064310668,-8.859236394107022
-12.805811636023149,0.2230950934349225,-0.12805811636023148,-13.219867848597193,-9.195418399399887
-12.805811636023149,0.22680540531193333,-0.12805811636023148,-13.663245672141425,-9.532360188763505
-12.805811636023149,0.23051571718894417,-0.12805811636023148,-14.113936534943372,-9.870352756784838
-12.805811636023149,0.23422602906595502,-0.12805811636023148,-14.571940437003027,-10.210029995594855
-12.805811636023149,0.23793634094296587,-0.12805811636023148,-15.03725737832039,-10.552376700594127
-12.805811636023149,0.2416466528199767,-0.12805811636023148,-15.509887358895462,-10.89872685990219
-12.805811636023149,0.24535696469698753,-0.12805811636023148,-15.989830378728245,-11.2507528352702
-12.805811636023149,0.24906727657399838,-0.12805811636023148,-16.477086437818738,-11.610446144315548
-12.805811636023149,0.2527775884510092,-0.12805811636023148,-16.971655536166942,-11.980090451348632
-12.805811636023149,0.25648790032802005,-0.12805811636023148,-17.473537673772846,-12.362227091845183
-12.805811636023149,0.2601982122050309,-0.12805811636023148,-17.982732850636474,-12.759613038769965
-12.805811636023149,0.26390852408204174,-0.12805811636023148,-18.499241066757797,-13.175170727087671
-12.805811636023149,0.26761883595905256,-0.12805811636023148,-19.02306232213683,-13.611928656666588
-12.805811636023149,0.27132914783606343,-0.12805811636023148,-19.554196616773584,-14.072951274473862
-12.805811636023149,0.27503945971307425,-0.12805811636023148,-20.09264395066804,-14.561256387372763
-12.805811636023149,0.27874977159008507,-0.12805811636023148,-20.638404323820204,-15.07971838394606
-12.805811636023149,0.28246008346709595,-0.12805811636023148,-21.191477736230087,-15.630955968873733
-12.805811636023149,0.28617039534410676,-0.12805811636023148,-21.751864187897667,-16.217204066031833
-12.805811636023149,0.28988070722111764,-0.12805811636023148,-22.319563678822966,-16.840171146897905
-12.805811636023149,0.29359101909812846,-0.12805811636023148,-22.89457620900597,-17.500885565662717
-12.805811636023149,0.2973013309751393,-0.12805811636023148,-23.47690177844668,-18.19953751086161
-12.805811636023149,0.30101164285215015,-0.12805811636023148,-24.06654038714511,-18.935326727805936
-12.805811636023149,0.30472195472916097,-0.12805811636023148,-24.663492035101235,-19.706329803280724
-11.417934784554115,0.011607316445304631,-0.11417934784554115,-0.035411822841841155,-0.9940846111631307
-11.417934784554115,0.015317628322315471,-0.11417934784554115,-0.061669111061715215,-1.0173280797380722
-11.417934784554115,0.01902794019932631,-0.11417934784554115,-0.09516301418877793,-1.041066460721214
-11.417934784554115,0.02273825207633715,-0.11417934784554115,-0.1358935322230293,-1.0653632914752311
-11.417934784554115,0.02644856395334799,-0.11417934784554115,-0.1838606651644694,-1.0902876083911046
-11.417934784554115,0.03015887583035883,-0.11417934784554115,-0.2390644130130981,-1.1159144623738069
-11.417934784554115,0.03386918770736967,-0.11417934784554115,-0.30150477576891554,-1.1423254810511763
-11.417934784554115,0.03757949958438051,-0.11417934784554115,-0.3711817534319216,-1.1696094810487923
-11.417934784554115,0.04128981146139135,-0.11417934784554115,-0.44809534600211637,-1.197863133635713
-11.417934784554115,0.04500012333840219,-0.11417934784554115,-0.5322455534794998,-1.2271916869097028
-11.417934784554115,0.04871043521541303,-0.11417934784554115,-0.6236323758640718,-1.257709747425202
-11.417934784554115,0.05242074709242387,-0.11417934784554115,-0.7222558131558325,-1.2895421237337334
-11.417934784554115,0.05613105896943471,-0.11417934784554115,-0.828115865354782,-1.3228247336580434
-11.417934784554115,0.05984137084644555,-0.11417934784554115,-0.94121253246092,-1.3577055761994865
-11.417934784554115,0.06355168272345639,-0.11417934784554115,-1.0615458144742467,-1.3943457677151079
-11.417934784554115,0.06726199460046722,-0.11417934784554115,-1.189115711394762,-1.4329206403131565
-11.417934784554115,0.07097230647747807,-0.11417934784554115,-1.323922223222466,-1.4736208982068177
-11.417934784554115,0.0746826183544889,-0.11417934784554115,-1.4659653499573586,-1.516653824923341
-11.417934784554115,0.07839293023149975,-0.11417934784554115,-1.61524509159944,-1.562244530660558
-11.417934784554115,0.08210324210851058,-0.11417934784554115,-1.77176144814871,-1.6106372245719278
-11.417934784554115,0.08581355398552143,-0.11417934784554115,-1.935514419605169,-1.6620964911877953
-11.417934784554115,0.08952386586253226,-0.11417934784554115,-2.1065040059688163,-1.7169085433803026
-11.417934784554115,0.09323417773954311,-0.11417934784554115,-2.2847302072396523,-1.7753824160896645
-11.417934784554115,0.09694448961655394,-0.11417934784554115,-2.470193023417677,-1.8378510552996064
-11.417934784554115,0.10065480149356479,-0.11417934784554115,-2.6628924545028902,-1.9046722453656049
-11.417934784554115,0.10436511337057562,-0.11417934784554115,-2.8628285004952922,-1.9762293047071315
-11.417934784554115,0.10807542524758647,-0.11417934784554115,-3.0700011613948837,-2.0529314651221844
-11.417934784554115,0.1117857371245973,-0.11417934784554115,-3.2844104372016623,-2.1352138337678594
-11.417934784554115,0.11549604900160815,-0.11417934784554115,-3.5060563279156307,-2.223536819589919
-11.417934784554115,0.11920636087861898,-0.11417934784554115,-3.7349388335367872,-2.318384888386018
-11.417934784554115,0.12291667275562983,-0.11417934784554115,-3.971057954065133,-2.420264493847464
-11.417934784554115,0.12662698463264066,-0.11417934784554115,-4.214413689500667,-2.5297010174203978
-11.417934784554115,0.1303372965096515,-0.11417934784554115,-4.46500603984339,-2.6472345398182497
-11.417934784554115,0.13404760838666235,-0.11417934784554115,-4.722835005093302,-2.7734142643160444
-11.417934784554115,0.13775792026367317,-0.11417934784554115,-4.9879005852504,-2.908791420064679
-11.417934784554115,0.14146823214068402,-0.11417934784554115,-5.26020278031469,-3.053910496719314
-11.417934784554115,0.14517854401769487,-0.11417934784554115,-5.539741590286167,-3.2092987042849668
-11.417934784554115,0.1488888558947057,-0.11417934784554115,-5.826517015164834,-3.375453618964765
-11.417934784554115,0.15259916777171653,-0.11417934784554115,-6.120529054950687,-3.552829071211634
-11.417934784554115,0.15630947964872738,-0.11417934784554115,-6.421777709643731,-3.74181945909372
-11.417934784554115,0.16001979152573823,-0.11417934784554115,-6.730262979243964,-3.9427428290506654
-11.417934784554115,0.16373010340274907,-0.11417934784554115,-7.045984863751385,-4.155823254007591
-11.417934784554115,0.1674404152797599,-0.11417934784554115,-7.368943363165992,-4.381173247444185
-11.417934784554115,0.17115072715677074,-0.11417934784554115,-7.69913847748779,-4.618777167026259
-11.417934784554115,0.17486103903378158,-0.11417934784554115,-8.036570206716778,-4.868476761701533
-11.417934784554115,0.17857135091079243,-0.11417934784554115,-8.381238550852954,-5.129960174400363
-11.417934784554115,0.18228166278780325,-0.11417934784554115,-8.733143509896317,-5.402755797025379
-11.417934784554115,0.1859919746648141,-0.11417934784554115,-9.09228508384687,-5.6862323530032945
-11.417934784554115,0.18970228654182494,-0.11417934784554115,-9.458663272704612,-5.97960642778606
-11.417934784554115,0.1934125984188358,-0.11417934784554115,-9.832278076469542,-6.281958362997601
-11.417934784554115,0.1971229102958466,-0.11417934784554115,-10.21312949514166,-6.592256976708262
-11.417934784554115,0.20083322217285746,-0.11417934784554115,-10.601217528720966,-6.909392994254338
-11.417934784554115,0.2045435340498683,-0.11417934784554115,-10.996542177207463,-7.232220418538229
-11.417934784554115,0.20825384592687915,-0.11417934784554115,-11.399103440601149,-7.559604403657332
-11.417934784554115,0.21196415780388997,-0.11417934784554115,-11.80890131890202,-7.890473600629466
-11.417934784554115,0.21567446968090082,-0.11417934784554115,-12.225935812110084,-8.223874497573256
-11.417934784554115,0.21938478155791166,-0.11417934784554115,-12.650206920225335,-8.559025042111394
-11.417934784554115,0.2230950934349225,-0.11417934784554115,-13.081714643247773,-8.89536484562285
-11.417934784554115,0.22680540531193333,-0.11417934784554115,-13.520458981177399,-9.232599525242007
-11.417934784554115,0.23051571718894417,-0.11417934784554115,-13.966439934014216,-9.57073720054479
-11.417934784554115,0.23422602906595502,-0.11417934784554115,-14.419657501758223,-9.910115757074644
-11.417934784554115,0.23793634094296587,-0.11417934784554115,-14.88011168440942,-10.251420129398769
-11.417934784554115,0.2416466528199767,-0.11417934784554115,-15.347802481967799,-10.595689450755145
-11.417934784554115,0.24535696469698753,-0.11417934784554115,-15.82272989443337,-10.944314385300162
-11.417934784554115,0.24906727657399838,-0.11417934784554115,-16.304893921806134,-11.29902524657593
-11.417934784554115,0.2527775884510092,-0.11417934784554115,-16.794294564086083,-11.661871585186065
-11.417934784554115,0.25648790032802005,-0.11417934784554115,-17.290931821273215,-12.035193802207283
-11.417934784554115,0.2601982122050309,-0.11417934784554115,-17.79480569336755,-12.421587040601908
-11.417934784554115,0.26390852408204174,-0.11417934784554115,-18.30591618036906,-12.823857172977426
-11.417934784554115,0.26761883595905256,-0.11417934784554115,-18.82426328227776,-13.24496820358882
-11.417934784554115,0.27132914783606343,-0.11417934784554115,-19.349846999093657,-13.687979910431945
-11.417934784554115,0.27503945971307425,-0.11417934784554115,-19.882667330816737,-14.155974155865556
-11.417934784554115,0.27874977159008507,-0.11417934784554115,-20.422724277447,-14.65196809053242
-11.417934784554115,0.28246008346709595,-0.11417934784554115,-20.970017838984464,-15.17881257930532
-11.417934784554115,0.28617039534410676,-0.11417934784554115,-21.524548015429108,-15.739074717164911
-11.417934784554115,0.28988070722111764,-0.11417934784554115,-22.086314806780948,-16.334904410094175
-11.417934784554115,0.29359101909812846,-0.11417934784554115,-22.65531821303997,-16.967886787579722
-11.417934784554115,0.2973013309751393,-0.11417934784554115,-23.23155823420618,-17.638884749344015
-11.417934784554115,0.30101164285215015,-0.11417934784554115,-23.815034870279586,-18.34787917419203
-11.417934784554115,0.30472195472916097,-0.11417934784554115,-24.40574812126017,-19.093817989954466
-10.03005793308508,0.011607316445304631,-0.1003005793308508,-0.03503784611430328,-0.99142584048119
-10.03005793308508,0.015317628322315471,-0.1003005793308508,-0.0610178366992506,-1.0135625179866343
-10.03005793308508,0.01902794019932631,-0.1003005793308508,-0.09415801784086586,-1.0361607336470389
-10.03005793308508,0.02273825207633715,-0.1003005793308508,-0.13445838953914907,-1.0592788166132951
-10.03005793308508,0.02644856395334799,-0.1003005793308508,-0.18191895179410028,-1.08298015267067
-10.03005793308508,0.03015887583035883,-0.1003005793308508,-0.2365397046057194,-1.107333659452646
-10.03005793308508,0.03386918770736967,-0.1003005793308508,-0.29832064797400654,-1.132414305361424
-10.03005793308508,0.03757949958438051,-0.1003005793308508,-0.3672617818989616,-1.1583036755305294
-10.03005793308508,0.04128981146139135,-0.1003005793308508,-0.4433631063805846,-1.1850905881999374
-10.03005793308508,0.04500012333840219,-0.1003005793308508,-0.5266246214188756,-1.2128717648353424
-10.03005793308508,0.04871043521541303,-0.1003005793308508,-0.6170463270138346,-1.2417525571851664
-10.03005793308508,0.05242074709242387,-0.1003005793308508,-0.7146282231654614,-1.2718477341999197
-10.03005793308508,0.05613105896943471,-0.1003005793308508,-0.8193703098737561,-1.3032823312995268
-10.03005793308508,0.05984137084644555,-0.1003005793308508,-0.931272587138719,-1.336192563817101
-10.03005793308508,0.06355168272345639,-0.1003005793308508,-1.0503350549603496,-1.3707268055147166
-10.03005793308508,0.06726199460046722,-0.1003005793308508,-1.176557713338648,-1.4070466317863177
-10.03005793308508,0.07097230647747807,-0.1003005793308508,-1.3099405622736149,-1.4453279254540936
-10.03005793308508,0.0746826183544889,-0.1003005793308508,-1.4504836017652494,-1.4857620408259855
-10.03005793308508,0.07839293023149975,-0.1003005793308508,-1.598186831813552,-1.5285570188018998
-10.03005793308508,0.08210324210851058,-0.1003005793308508,-1.7530502524185223,-1.5739388421630753
-10.03005793308508,0.08581355398552143,-0.1003005793308508,-1.915073863580161,-1.6221527156073705
-10.03005793308508,0.08952386586253226,-0.1003005793308508,-2.0842576652984675,-1.673464349444905
-10.03005793308508,0.09323417773954311,-0.1003005793308508,-2.260601657573442,-1.7281612189769051
-10.03005793308508,0.09694448961655394,-0.1003005793308508,-2.4441058404050837,-1.7865537632803052
-10.03005793308508,0.10065480149356479,-0.1003005793308508,-2.634770213793394,-1.8489764772618464
-10.03005793308508,0.10436511337057562,-0.1003005793308508,-2.832594777738372,-1.9157888393111815
-10.03005793308508,0.10807542524758647,-0.1003005793308508,-3.0375795322400188,-1.9873760036224013
-10.03005793308508,0.1117857371245973,-0.1003005793308508,-3.2497244772983325,-2.064149171318083
-10.03005793308508,0.11549604900160815,-0.1003005793308508,-3.4690296129133147,-2.146545538106599
-10.03005793308508,0.11920636087861898,-0.1003005793308508,-3.695494939084965,-2.2350276987597315
-10.03005793308508,0.12291667275562983,-0.1003005793308508,-3.929120455813283,-2.3300823709430167
-10.03005793308508,0.12662698463264066,-0.1003005793308508,-4.169906163098269,-2.4322182839883215
-10.03005793308508,0.1303372965096515,-0.1003005793308508,-4.417852060939922,-2.5419630636844337
-10.03005793308508,0.13404760838666235,-0.1003005793308508,-4.672958149338245,-2.659858934284424
-10.03005793308508,0.13775792026367317,-0.1003005793308508,-4.935224428293234,-2.7864570565631617
-10.03005793308508,0.14146823214068402,-0.1003005793308508,-5.204650897804892,-2.9223103294774555
-10.03005793308508,0.14517854401769487,-0.1003005793308508,-5.481237557873218,-3.0679645070004584
-10.03005793308508,0.1488888558947057,-0.1003005793308508,-5.764984408498212,-3.2239475257013446
-10.03005793308508,0.15259916777171653,-0.1003005793308508,-6.055891449679872,-3.390757007396881
-10.03005793308508,0.15630947964872738,-0.1003005793308508,-6.353958681418202,-3.568845998995968
-10.03005793308508,0.16001979152573823,-0.1003005793308508,-6.659186103713201,-3.758607141410663
-10.03005793308508,0.16373010340274907,-0.1003005793308508,-6.971573716564866,-3.9603556215527327
-10.03005793308508,0.1674404152797599,-0.1003005793308508,-7.291121519973197,-4.174311452587882
-10.03005793308508,0.17115072715677074,-0.1003005793308508,-7.6178295139382,-4.400581839215961
-10.03005793308508,0.17486103903378158,-0.1003005793308508,-7.951697698459871,-4.639144601895687
-10.03005793308508,0.17857135091079243,-0.1003005793308508,-8.292726073538207,-4.8898338349127375
-10.03005793308508,0.18228166278780325,-0.1003005793308508,-8.640914639173213,-5.15232912999096
-10.03005793308508,0.1859919746648141,-0.1003005793308508,-8.996263395364885,-5.426149777541072
-10.03005793308508,0.18970228654182494,-0.1003005793308508,-9.358772342113227,-5.710655329023617
-10.03005793308508,0.1934125984188358,-0.1003005793308508,-9.728441479418237,-6.005053738811206
-10.03005793308508,0.1971229102958466,-0.1003005793308508,-10.105270807279911,-6.308417986651831
-10.03005793308508,0.20083322217285746,-0.1003005793308508,-10.489260325698256,-6.619711614868852
-10.03005793308508,0.2045435340498683,-0.1003005793308508,-10.88041003467327,-6.937823023224437
-10.03005793308508,0.20825384592687915,-0.1003005793308508,-11.278719934204952,-7.261607698433748
-10.03005793308508,0.21196415780388997,-0.1003005793308508,-11.684190024293299,-7.589936884463613
-10.03005793308508,0.21567446968090082,-0.1003005793308508,-12.096820304938317,-7.921750605066883
-10.03005793308508,0.21938478155791166,-0.1003005793308508,-12.516610776140004,-8.256112510665506
-10.03005793308508,0.2230950934349225,-0.1003005793308508,-12.943561437898355,-8.59226380013959
-10.03005793308508,0.22680540531193333,-0.1003005793308508,-13.377672290213374,-8.929673497001613
-10.03005793308508,0.23051571718894417,-0.1003005793308508,-13.818943333085063,-9.268082633951053
-10.03005793308508,0.23422602906595502,-0.1003005793308508,-14.267374566513421,-9.607540377034436
-10.03005793308508,0.23793634094296587,-0.1003005793308508,-14.722965990498446,-9.948430727004311
-10.03005793308508,0.2416466528199767,-0.1003005793308508,-15.185717605040136,-10.29148907997855
-10.03005793308508,0.24535696469698753,-0.1003005793308508,-15.655629410138497,-10.637808519700139
-10.03005793308508,0.24906727657399838,-0.1003005793308508,-16.132701405793526,-10.988836170658782
-10.03005793308508,0.2527775884510092,-0.1003005793308508,-16.616933592005225,-11.346360210603088
-10.03005793308508,0.25648790032802005,-0.1003005793308508,-17.108325968773585,-11.71248819793668
-10.03005793308508,0.2601982122050309,-0.1003005793308508,-17.606878536098623,-12.089617219375635
-10.03005793308508,0.26390852408204174,-0.1003005793308508,-18.11259129398032,-12.480396037199895
-10.03005793308508,0.26761883595905256,-0.1003005793308508,-18.625464242418683,-12.887678965014741
-10.03005793308508,0.27132914783606343,-0.1003005793308508,-19.145497381413726,-13.314470693126127
-10.03005793308508,0.27503945971307425,-0.1003005793308508,-19.67269071096543,-13.763860798950613
-10.03005793308508,0.27874977159008507,-0.1003005793308508,-20.207044231073798,-14.238946306133533
-10.03005793308508,0.28246008346709595,-0.1003005793308508,-20.74855794173884,-14.742740503931106
-10.03005793308508,0.28617039534410676,-0.1003005793308508,-21.297231842960546,-15.278066426842521
-10.03005793308508,0.28988070722111764,-0.1003005793308508,-21.85306593473893,-15.84743405705048
-10.03005793308508,0.29359101909812846,-0.1003005793308508,-22.416060217073966,-16.452901583781767
-10.03005793308508,0.2973013309751393,-0.1003005793308508,-22.986214689965678,-17.095923044289286
-10.03005793308508,0.30101164285215015,-0.1003005793308508,-23.563529353414065,-17.777187420732318
-10.03005793308508,0.30472195472916097,-0.1003005793308508,-24.148004207419106,-18.49645768087821
-8.642181081616046,0.011607316445304631,-0.08642181081616046,-0.0346638693867654,-0.9885343134352746
-8.642181081616046,0.015317628322315471,-0.08642181081616046,-0.06036656233678598,-1.009618872674455
-8.642181081616046,0.01902794019932631,-0.08642181081616046,-0.09315302149295379,-1.0311334224961621
-8.642181081616046,0.02273825207633715,-0.08642181081616046,-0.13302324685526884,-1.0531314707318726
-8.642181081616046,0.02644856395334799,-0.08642181081616046,-0.17997723842373115,-1.075671171899831
-8.642181081616046,0.03015887583035883,-0.08642181081616046,-0.2340149961983407,-1.0988157647216923
-8.642181081616046,0.03386918770736967,-0.08642181081616046,-0.29513652017909753,-1.1226340503924819
-8.642181081616046,0.03757949958438051,-0.08642181081616046,-0.36334181036600155,-1.147200914882732
-8.642181081616046,0.04128981146139135,-0.08642181081616046,-0.43863086675905283,-1.172597898642679
-8.642181081616046,0.04500012333840219,-0.08642181081616046,-0.5210036893582514,-1.1989138171142137
-8.642181081616046,0.04871043521541303,-0.08642181081616046,-0.6104602781635972,-1.2262454354186039
-8.642181081616046,0.05242074709242387,-0.08642181081616046,-0.7070006331750902,-1.2546982004493668
-8.642181081616046,0.05613105896943471,-0.08642181081616046,-0.8106247543927304,-1.2843870333292964
-8.642181081616046,0.05984137084644555,-0.08642181081616046,-0.9213326418165179,-1.3154371847478785
-8.642181081616046,0.06355168272345639,-0.08642181081616046,-1.0391242954464526,-1.3479851550324184
-8.642181081616046,0.06726199460046722,-0.08642181081616046,-1.1639997152825343,-1.3821796798633734
-8.642181081616046,0.07097230647747807,-0.08642181081616046,-1.2959589013247637,-1.4181827812511214
-8.642181081616046,0.0746826183544889,-0.08642181081616046,-1.43500185357314,-1.4561708816621852
-8.642181081616046,0.07839293023149975,-0.08642181081616046,-1.5811285720276638,-1.496335976919025
-8.642181081616046,0.08210324210851058,-0.08642181081616046,-1.7343390566883345,-1.538886860581866
-8.642181081616046,0.08581355398552143,-0.08642181081616046,-1.894633307555153,-1.5840503888222832
-8.642181081616046,0.08952386586253226,-0.08642181081616046,-2.062011324628118,-1.6320727701680315
-8.642181081616046,0.09323417773954311,-0.08642181081616046,-2.236473107907231,-1.6832208587760675
-8.642181081616046,0.09694448961655394,-0.08642181081616046,-2.4180186573924907,-1.7377834229069968
-8.642181081616046,0.10065480149356479,-0.08642181081616046,-2.606647973083898,-1.7960723518617492
-8.642181081616046,0.10436511337057562,-0.08642181081616046,-2.802361054981452,-1.8584237546471565
-8.642181081616046,0.10807542524758647,-0.08642181081616046,-3.0051579030851543,-1.9251988919449499
-8.642181081616046,0.1117857371245973,-0.08642181081616046,-3.2150385173950027,-1.9967848695166461
-8.642181081616046,0.11549604900160815,-0.08642181081616046,-3.432002897910999,-2.0735950060398425
-8.642181081616046,0.11920636087861898,-0.08642181081616046,-3.6560510446331422,-2.1560687717520253
-8.642181081616046,0.12291667275562983,-0.08642181081616046,-3.887182957561433,-2.2446711766162943
-8.642181081616046,0.12662698463264066,-0.08642181081616046,-4.125398636695871,-2.339891468766586
-8.642181081616046,0.1303372965096515,-0.08642181081616046,-4.370698082036456,-2.442240986888703
-8.642181081616046,0.13404760838666235,-0.08642181081616046,-4.623081293583189,-2.5522499956030646
-8.642181081616046,0.13775792026367317,-0.08642181081616046,-4.882548271336067,-2.6704633230942854
-8.642181081616046,0.14146823214068402,-0.08642181081616046,-5.149099015295095,-2.797434618120686
-8.642181081616046,0.14517854401769487,-0.08642181081616046,-5.422733525460268,-2.9337190527825934
-8.642181081616046,0.1488888558947057,-0.08642181081616046,-5.70345180183159,-3.079864322333294
-8.642181081616046,0.15259916777171653,-0.08642181081616046,-5.991253844409058,-3.236399838644636
-8.642181081616046,0.15630947964872738,-0.08642181081616046,-6.286139653192674,-3.4038240845402044
-8.642181081616046,0.16001979152573823,-0.08642181081616046,-6.588109228182438,-3.582590196402676
-8.642181081616046,0.16373010340274907,-0.08642181081616046,-6.897162569378348,-3.7730899751477542
-8.642181081616046,0.1674404152797599,-0.08642181081616046,-7.213299676780403,-3.975636691156713
-8.642181081616046,0.17115072715677074,-0.08642181081616046,-7.536520550388609,-4.190447243454979
-8.642181081616046,0.17486103903378158,-0.08642181081616046,-7.866825190202962,-4.417624448367653
-8.642181081616046,0.17857135091079243,-0.08642181081616046,-8.204213596223461,-4.65714045265315
-8.642181081616046,0.18228166278780325,-0.08642181081616046,-8.548685768450106,-4.908822468326585
-8.642181081616046,0.1859919746648141,-0.08642181081616046,-8.9002417068829,-5.172342182306102
-8.642181081616046,0.18970228654182494,-0.08642181081616046,-9.258881411521843,-5.447210270762167
-8.642181081616046,0.1934125984188358,-0.08642181081616046,-9.624604882366931,-5.732777412577215
-8.642181081616046,0.1971229102958466,-0.08642181081616046,-9.997412119418165,-6.028243021142235
-8.642181081616046,0.20083322217285746,-0.08642181081616046,-10.377303122675547,-6.332672583643961
-8.642181081616046,0.2045435340498683,-0.08642181081616046,-10.764277892139077,-6.645024015729733
-8.642181081616046,0.20825384592687915,-0.08642181081616046,-11.158336427808756,-6.964182834196715
-8.642181081616046,0.21196415780388997,-0.08642181081616046,-11.559478729684578,-7.289005272803088
-8.642181081616046,0.21567446968090082,-0.08642181081616046,-11.967704797766551,-7.618367788391933
-8.642181081616046,0.21938478155791166,-0.08642181081616046,-12.383014632054671,-7.951220808978932
-8.642181081616046,0.2230950934349225,-0.08642181081616046,-12.805408232548936,-8.286644142138023
-8.642181081616046,0.22680540531193333,-0.08642181081616046,-13.234885599249347,-8.623901252793328
-8.642181081616046,0.23051571718894417,-0.08642181081616046,-13.671446732155909,-8.962489665233651
-8.642181081616046,0.23422602906595502,-0.08642181081616046,-14.115091631268617,-9.302185037074715
-8.642181081616046,0.23793634094296587,-0.08642181081616046,-14.565820296587473,-9.643076946814503
-8.642181081616046,0.2416466528199767,-0.08642181081616046,-15.023632728112473,-9.985595054872338
-8.642181081616046,0.24535696469698753,-0.08642181081616046,-15.488528925843625,-10.330524947266522
-8.642181081616046,0.24906727657399838,-0.08642181081616046,-15.960508889780922,-10.679013557813192
-8.642181081616046,0.2527775884510092,-0.08642181081616046,-16.43957261992437,-11.032564510219068
-8.642181081616046,0.25648790032802005,-0.08642181081616046,-16.925720116273954,-11.393023972656016
-8.642181081616046,0.2601982122050309,-0.08642181081616046,-17.4189513788297,-11.76255765207253
-8.642181081616046,0.26390852408204174,-0.08642181081616046,-17.919266407591582,-12.143619381771982
-8.642181081616046,0.26761883595905256,-0.08642181081616046,-18.42666520255961,-12.53891140815161
-8.642181081616046,0.27132914783606343,-0.08642181081616046,-18.941147763733795,-12.951336016200573
-8.642181081616046,0.27503945971307425,-0.08642181081616046,-19.462714091114123,-13.383937619593718
-8.642181081616046,0.27874977159008507,-0.08642181081616046,-19.991364184700593,-13.83983396451749
-8.642181081616046,0.28246008346709595,-0.08642181081616046,-20.527098044493222,-14.322134754536757
-8.642181081616046,0.28617039534410676,-0.08642181081616046,-21.069915670491987,-14.833845909476949
-8.642181081616046,0.28988070722111764,-0.08642181081616046,-21.619817062696907,-15.377757952491374
-8.642181081616046,0.29359101909812846,-0.08642181081616046,-22.176802221107966,-15.956317815318352
-8.642181081616046,0.2973013309751393,-0.08642181081616046,-22.740871145725176,-16.57148479772546
-8.642181081616046,0.30101164285215015,-0.08642181081616046,-23.31202383654854,-17.224573614355606
-8.642181081616046,0.30472195472916097,-0.08642181081616046,-23.89026029357804,-17.916090426120643
-7.254304230147012,0.011607316445304631,-0.07254304230147011,-0.03428989265922752,-0.9855082470929393
-7.254304230147012,0.015317628322315471,-0.07254304230147011,-0.05971528797432136,-1.0055930793725523
-7.254304230147012,0.01902794019932631,-0.07254304230147011,-0.09214802514504171,-1.026078181878641
-7.254304230147012,0.02273825207633715,-0.07254304230147011,-0.13158810417138858,-1.0470126057660014
-7.254304230147012,0.02644856395334799,-0.07254304230147011,-0.178035525053362,-1.0684496695158634
-7.254304230147012,0.03015887583035883,-0.07254304230147011,-0.23149028779096195,-1.0904473612623589
-7.254304230147012,0.03386918770736967,-0.07254304230147011,-0.2919523923841885,-1.113068779007004
-7.254304230147012,0.03757949958438051,-0.07254304230147011,-0.3594218388330415,-1.1363826119068392
-7.254304230147012,0.04128981146139135,-0.07254304230147011,-0.43389862713752103,-1.1604636659531122
-7.254304230147012,0.04500012333840219,-0.07254304230147011,-0.5153827572976271,-1.1853934374505002
-7.254304230147012,0.04871043521541303,-0.07254304230147011,-0.6038742293133598,-1.2112607377458122
-7.254304230147012,0.05242074709242387,-0.07254304230147011,-0.6993730431847188,-1.2381623726190751
-7.254304230147012,0.05613105896943471,-0.07254304230147011,-0.8018791989117046,-1.2662038796125064
-7.254304230147012,0.05984137084644555,-0.07254304230147011,-0.9113926964943166,-1.295500326302613
-7.254304230147012,0.06355168272345639,-0.07254304230147011,-1.0279135359325555,-1.3261771720760844
-7.254304230147012,0.06726199460046722,-0.07254304230147011,-1.1514417172264204,-1.3583711953031337
-7.254304230147012,0.07097230647747807,-0.07254304230147011,-1.2819772403759122,-1.3922314868521655
-7.254304230147012,0.0746826183544889,-0.07254304230147011,-1.4195201053810305,-1.4279205095843919
-7.254304230147012,0.07839293023149975,-0.07254304230147011,-1.5640703122417754,-1.4656152217216398
-7.254304230147012,0.08210324210851058,-0.07254304230147011,-1.7156278609581466,-1.5055082596919984
-7.254304230147012,0.08581355398552143,-0.07254304230147011,-1.8741927515301449,-1.547809173109937
-7.254304230147012,0.08952386586253226,-0.07254304230147011,-2.039764983957769,-1.5927457008046693
-7.254304230147012,0.09323417773954311,-0.07254304230147011,-2.21234455824102,-1.640565072122743
-7.254304230147012,0.09694448961655394,-0.07254304230147011,-2.3919314743798976,-1.6915353119343717
-7.254304230147012,0.10065480149356479,-0.07254304230147011,-2.5785257323744015,-1.7459465206961804
-7.254304230147012,0.10436511337057562,-0.07254304230147011,-2.7721273322245317,-1.804112092394405
-7.254304230147012,0.10807542524758647,-0.07254304230147011,-2.9727362739302894,-1.8663698230583314
-7.254304230147012,0.1117857371245973,-0.07254304230147011,-3.1803525574916724,-1.9330828506728697
-7.254304230147012,0.11549604900160815,-0.07254304230147011,-3.3949761829086826,-2.004640353682176
-7.254304230147012,0.11920636087861898,-0.07254304230147011,-3.616607150181319,-2.081457919916951
-7.254304230147012,0.12291667275562983,-0.07254304230147011,-3.8452454593095826,-2.163977480916654
-7.254304230147012,0.12662698463264066,-0.07254304230147011,-4.080891110293472,-2.2526666887033233
-7.254304230147012,0.1303372965096515,-0.07254304230147011,-4.323544103132988,-2.3480175938616057
-7.254304230147012,0.13404760838666235,-0.07254304230147011,-4.573204437828132,-2.4505444664671945
-7.254304230147012,0.13775792026367317,-0.07254304230147011,-4.8298721143789,-2.560780586677742
-7.254304230147012,0.14146823214068402,-0.07254304230147011,-5.093547132785297,-2.6792738219665244
-7.254304230147012,0.14517854401769487,-0.07254304230147011,-5.364229493047318,-2.8065808060478723
-7.254304230147012,0.1488888558947057,-0.07254304230147011,-5.641919195164968,-2.9432595442440066
-7.254304230147012,0.15259916777171653,-0.07254304230147011,-5.926616239138242,-3.0898602957713743
-7.254304230147012,0.15630947964872738,-0.07254304230147011,-6.218320624967145,-3.2469146300398615
-7.254304230147012,0.16001979152573823,-0.07254304230147011,-6.517032352651674,-3.414922626498015
-7.254304230147012,0.16373010340274907,-0.07254304230147011,-6.822751422191829,-3.5943382901937557
-7.254304230147012,0.1674404152797599,-0.07254304230147011,-7.135477833587609,-3.7855533909527557
-7.254304230147012,0.17115072715677074,-0.07254304230147011,-7.455211586839017,-3.988880103126464
-7.254304230147012,0.17486103903378158,-0.07254304230147011,-7.781952681946053,-4.204533021389517
-7.254304230147012,0.17857135091079243,-0.07254304230147011,-8.115701118908714,-4.432611346740306
-7.254304230147012,0.18228166278780325,-0.07254304230147011,-8.456456897727001,-4.673082259708562
-7.254304230147012,0.1859919746648141,-0.07254304230147011,-8.804220018400914,-4.925766701716793
-7.254304230147012,0.18970228654182494,-0.07254304230147011,-9.158990480930456,-5.190328941072627
-7.254304230147012,0.1934125984188358,-0.07254304230147011,-9.520768285315624,-5.466271373566978
-7.254304230147012,0.1971229102958466,-0.07254304230147011,-9.889553431556417,-5.7529359655535846
-7.254304230147012,0.20083322217285746,-0.07254304230147011,-10.265345919652836,-6.049513562087146
-7.254304230147012,0.2045435340498683,-0.07254304230147011,-10.648145749604884,-6.355061939499073
-7.254304230147012,0.20825384592687915,-0.07254304230147011,-11.037952921412558,-6.668532985555863
-7.254304230147012,0.21196415780388997,-0.07254304230147011,-11.434767435075855,-6.9888087701181405
-7.254304230147012,0.21567446968090082,-0.07254304230147011,-11.838589290594783,-7.314745578909004
-7.254304230147012,0.21938478155791166,-0.07254304230147011,-12.249418487969338,-7.645224296841841
-7.254304230147012,0.2230950934349225,-0.07254304230147011,-12.667255027199516,-7.9792049298785095
-7.254304230147012,0.22680540531193333,-0.07254304230147011,-13.092098908285319,-8.315782626284733
-7.254304230147012,0.23051571718894417,-0.07254304230147011,-13.523950131226753,-8.654242360827112
-7.254304230147012,0.23422602906595502,-0.07254304230147011,-13.962808696023814,-8.994109507943222
-7.254304230147012,0.23793634094296587,-0.07254304230147011,-14.4086746026765,-9.335193841587813
-7.254304230147012,0.2416466528199767,-0.07254304230147011,-14.86154785118481,-9.677625010701666
-7.254304230147012,0.24535696469698753,-0.07254304230147011,-15.321428441548749,-10.02187817011821
-7.254304230147012,0.24906727657399838,-0.07254304230147011,-15.788316373768314,-10.368789101442289
-7.254304230147012,0.2527775884510092,-0.07254304230147011,-16.262211647843507,-10.719558742222109
-7.254304230147012,0.25648790032802005,-0.07254304230147011,-16.743114263774324,-11.075747476040824
-7.254304230147012,0.2601982122050309,-0.07254304230147011,-17.231024221560773,-11.439259769370473
-7.254304230147012,0.26390852408204174,-0.07254304230147011,-17.72594152120284,-11.812319753300777
-7.254304230147012,0.26761883595905256,-0.07254304230147011,-18.227866162700533,-12.197438150829333
-7.254304230147012,0.27132914783606343,-0.07254304230147011,-18.736798146053864,-12.597370581326217
-7.254304230147012,0.27503945971307425,-0.07254304230147011,-19.252737471262815,-13.015066792321052
-7.254304230147012,0.27874977159008507,-0.07254304230147011,-19.77568413832739,-13.45360985069218
-7.254304230147012,0.28246008346709595,-0.07254304230147011,-20.305638147247596,-13.916143860622523
-7.254304230147012,0.28617039534410676,-0.07254304230147011,-20.84259949802342,-14.405788468566696
-7.254304230147012,0.28988070722111764,-0.07254304230147011,-21.386568190654884,-14.925538385802737
-7.254304230147012,0.29359101909812846,-0.07254304230147011,-21.937544225141966,-15.478146542064394
-7.254304230147012,0.2973013309751393,-0.07254304230147011,-22.495527601484675,-16.065990423257517
-7.254304230147012,0.30101164285215015,-0.07254304230147011,-23.060518319683016,-16.690922776878722
-7.254304230147012,0.30472195472916097,-0.07254304230147011,-23.632516379736973,-17.354110279489667
-5.866427378677978,0.011607316445304631,-0.058664273786779776,-0.03391591593168965,-0.9824365937072983
-5.866427378677978,0.015317628322315471,-0.058664273786779776,-0.05906401361185674,-1.0015717179518804
-5.866427378677978,0.01902794019932631,-0.058664273786779776,-0.09114302879712964,-1.0210791972912796
-5.866427378677978,0.02273825207633715,-0.058664273786779776,-0.13015296148750835,-1.041003968672733
-5.866427378677978,0.02644856395334799,-0.058664273786779776,-0.1760938116829929,-1.0613948857672089
-5.866427378677978,0.03015887583035883,-0.058664273786779776,-0.22896557938358325,-1.0823050885299397
-5.866427378677978,0.03386918770736967,-0.058664273786779776,-0.2887682645892795,-1.10379240789183
-5.866427378677978,0.03757949958438051,-0.058664273786779776,-0.3555018673000815,-1.1259198086462696
-5.866427378677978,0.04128981146139135,-0.058664273786779776,-0.4291663875159893,-1.1487558737560102
-5.866427378677978,0.04500012333840219,-0.058664273786779776,-0.5097618252370029,-1.1723753334396498
-5.866427378677978,0.04871043521541303,-0.058664273786779776,-0.5972881804631224,-1.1968596424943563
-5.866427378677978,0.05242074709242387,-0.058664273786779776,-0.6917454531943477,-1.222297609353518
-5.866427378677978,0.05613105896943471,-0.058664273786779776,-0.7931336434306787,-1.2487860803455328
-5.866427378677978,0.05984137084644555,-0.058664273786779776,-0.9014527511721157,-1.2764306824848415
-5.866427378677978,0.06355168272345639,-0.058664273786779776,-1.0167027764186585,-1.3053466278575776
-5.866427378677978,0.06726199460046722,-0.058664273786779776,-1.1388837191703065,-1.3356595822195851
-5.866427378677978,0.07097230647747807,-0.058664273786779776,-1.267995579427061,-1.3675065997552052
-5.866427378677978,0.0746826183544889,-0.058664273786779776,-1.4040383571889212,-1.4010371249901459
-5.866427378677978,0.07839293023149975,-0.058664273786779776,-1.5470120524558872,-1.4364140615370165
-5.866427378677978,0.08210324210851058,-0.058664273786779776,-1.6969166652279588,-1.4738149055916194
-5.866427378677978,0.08581355398552143,-0.058664273786779776,-1.8537521955051368,-1.5134329397877693
-5.866427378677978,0.08952386586253226,-0.058664273786779776,-2.01751864328742,-1.5554784800387074
-5.866427378677978,0.09323417773954311,-0.058664273786779776,-2.188216008574809,-1.6001801642080489
-5.866427378677978,0.09694448961655394,-0.058664273786779776,-2.365844291367304,-1.6477862667080725
-5.866427378677978,0.10065480149356479,-0.058664273786779776,-2.550403491664905,-1.6985660172525705
-5.866427378677978,0.10436511337057562,-0.058664273786779776,-2.7418936094676116,-1.7528108948190084
-5.866427378677978,0.10807542524758647,-0.058664273786779776,-2.9403146447754245,-1.8108358592269989
-5.866427378677978,0.1117857371245973,-0.058664273786779776,-3.145666597588342,-1.8729804724577397
-5.866427378677978,0.11549604900160815,-0.058664273786779776,-3.357949467906367,-1.9396098498007408
-5.866427378677978,0.11920636087861898,-0.058664273786779776,-3.577163255729497,-2.0111153670666155
-5.866427378677978,0.12291667275562983,-0.058664273786779776,-3.8033079610577327,-2.0879150345042055
-5.866427378677978,0.12662698463264066,-0.058664273786779776,-4.036383583891074,-2.1704534309302534
-5.866427378677978,0.1303372965096515,-0.058664273786779776,-4.276390124229521,-2.2592010733791765
-5.866427378677978,0.13404760838666235,-0.058664273786779776,-4.523327582073075,-2.354653079091867
-5.866427378677978,0.13775792026367317,-0.058664273786779776,-4.777195957421733,-2.4573269590897002
-5.866427378677978,0.14146823214068402,-0.058664273786779776,-5.0379952502754985,-2.567759367656831
-5.866427378677978,0.14517854401769487,-0.058664273786779776,-5.30572546063437,-2.686501622145731
-5.866427378677978,0.1488888558947057,-0.058664273786779776,-5.580386588498346,-2.814113805705399
-5.866427378677978,0.15259916777171653,-0.058664273786779776,-5.861978633867428,-2.951157275627893
-5.866427378677978,0.15630947964872738,-0.058664273786779776,-6.150501596741616,-3.0981854265121758
-5.866427378677978,0.16001979152573823,-0.058664273786779776,-6.44595547712091,-3.255732605322902
-5.866427378677978,0.16373010340274907,-0.058664273786779776,-6.748340275005311,-3.4243011497118694
-5.866427378677978,0.1674404152797599,-0.058664273786779776,-7.057655990394815,-3.6043466261156327
-5.866427378677978,0.17115072715677074,-0.058664273786779776,-7.3739026232894265,-3.796261483053769
-5.866427378677978,0.17486103903378158,-0.058664273786779776,-7.6970801736891445,-4.000357507867046
-5.866427378677978,0.17857135091079243,-0.058664273786779776,-8.027188641593968,-4.216847677794676
-5.866427378677978,0.18228166278780325,-0.058664273786779776,-8.364228027003895,-4.4458282190753495
-5.866427378677978,0.1859919746648141,-0.058664273786779776,-8.708198329918929,-4.687261914128476
-5.866427378677978,0.18970228654182494,-0.058664273786779776,-9.059099550339072,-4.940963903007848
-5.866427378677978,0.1934125984188358,-0.058664273786779776,-9.416931688264318,-5.2065913808803765
-5.866427378677978,0.1971229102958466,-0.058664273786779776,-9.781694743694668,-5.483638663836956
-5.866427378677978,0.20083322217285746,-0.058664273786779776,-10.153388716630126,-5.771439046726284
-5.866427378677978,0.2045435340498683,-0.058664273786779776,-10.532013607070692,-6.069174681131778
-5.866427378677978,0.20825384592687915,-0.058664273786779776,-10.917569415016361,-6.3758953448226965
-5.866427378677978,0.21196415780388997,-0.058664273786779776,-11.310056140467134,-6.69054646204249
-5.866427378677978,0.21567446968090082,-0.058664273786779776,-11.709473783423016,-7.012006097770561
-5.866427378677978,0.21938478155791166,-0.058664273786779776,-12.115822343884005,-7.339129944887503
-5.866427378677978,0.2230950934349225,-0.058664273786779776,-12.529101821850098,-7.670802627653256
-5.866427378677978,0.22680540531193333,-0.058664273786779776,-12.949312217321294,-8.005993044576071
-5.866427378677978,0.23051571718894417,-0.058664273786779776,-13.3764535302976,-8.343811050277022
-5.866427378677978,0.23422602906595502,-0.058664273786779776,-13.81052576077901,-8.683562590365778
-5.866427378677978,0.23793634094296587,-0.058664273786779776,-14.251528908765527,-9.02480048284652
-5.866427378677978,0.2416466528199767,-0.058664273786779776,-14.699462974257147,-9.367368370565558
-5.866427378677978,0.24535696469698753,-0.058664273786779776,-15.154327957253875,-9.711435898518658
-5.866427378677978,0.24906727657399838,-0.058664273786779776,-15.61612385775571,-10.057523814074003
-5.866427378677978,0.2527775884510092,-0.058664273786779776,-16.084850675762652,-10.406518348946097
-5.866427378677978,0.25648790032802005,-0.058664273786779776,-16.560508411274693,-10.759674822954231
-5.866427378677978,0.2601982122050309,-0.058664273786779776,-17.04309706429185,-11.118610832791878
-5.866427378677978,0.26390852408204174,-0.058664273786779776,-17.5326166348141,-11.485289604084427
-5.866427378677978,0.26761883595905256,-0.058664273786779776,-18.02906712284146,-11.8619940746052
-5.866427378677978,0.27132914783606343,-0.058664273786779776,-18.532448528373934,-12.251292055196311
-5.866427378677978,0.27503945971307425,-0.058664273786779776,-19.042760851411508,-12.6559924245844
-5.866427378677978,0.27874977159008507,-0.058664273786779776,-19.560004091954184,-13.079091818483448
-5.866427378677978,0.28246008346709595,-0.058664273786779776,-20.084178250001976,-13.523710752918806
-5.866427378677978,0.28617039534410676,-0.058664273786779776,-20.615283325554863,-13.993017672409298
-5.866427378677978,0.28988070722111764,-0.058664273786779776,-21.153319318612866,-14.490139146595359
-5.866427378677978,0.29359101909812846,-0.058664273786779776,-21.698286229175967,-15.018054481455446
-5.866427378677978,0.2973013309751393,-0.058664273786779776,-22.250184057244173,-15.57947350555119
-5.866427378677978,0.30101164285215015,-0.058664273786779776,-22.809012802817495,-16.17669738582235
-5.866427378677978,0.30472195472916097,-0.058664273786779776,-23.37477246589591,-16.811464152873324
-4.478550527208943,0.011607316445304631,-0.04478550527208944,-0.033541939204151765,-0.9793995106700999
-4.478550527208943,0.015317628322315471,-0.04478550527208944,-0.05841273924939211,-0.9976325215136699
-4.478550527208943,0.01902794019932631,-0.04478550527208944,-0.09013803244921754,-1.0162117376252908
-4.478550527208943,0.02273825207633715,-0.04478550527208944,-0.1287178188036281,-1.0351783023893644
-4.478550527208943,0.02644856395334799,-0.04478550527208944,-0.17415209831262377,-1.0545769522780262
-4.478550527208943,0.03015887583035883,-0.04478550527208944,-0.22644087097620452,-1.0744563559756708
-4.478550527208943,0.03386918770736967,-0.04478550527208944,-0.28558413679437045,-1.0948694859996664
-4.478550527208943,0.03757949958438051,-0.04478550527208944,-0.3515818957671214,-1.1158740257410447
-4.478550527208943,0.04128981146139135,-0.04478550527208944,-0.4244341478944575,-1.1375328150288757
-4.478550527208943,0.04500012333840219,-0.04478550527208944,-0.5041408931763787,-1.159914337485807
-4.478550527208943,0.04871043521541303,-0.04478550527208944,-0.590702131612885,-1.1830932530820188
-4.478550527208943,0.05242074709242387,-0.04478550527208944,-0.6841178632039764,-1.2071509793960722
-4.478550527208943,0.05613105896943471,-0.04478550527208944,-0.7843880879496529,-1.2321763251380728
-4.478550527208943,0.05984137084644555,-0.04478550527208944,-0.8915128058499144,-1.2582661794619234
-4.478550527208943,0.06355168272345639,-0.04478550527208944,-1.0054920169047612,-1.2855262604624613
-4.478550527208943,0.06726199460046722,-0.04478550527208944,-1.1263257211141926,-1.3140719259868625
-4.478550527208943,0.07097230647747807,-0.04478550527208944,-1.2540139184782098,-1.3440290494469087
-4.478550527208943,0.0746826183544889,-0.04478550527208944,-1.3885566089968115,-1.3755349626483238
-4.478550527208943,0.07839293023149975,-0.04478550527208944,-1.5299537926699989,-1.4087394666944952
-4.478550527208943,0.08210324210851058,-0.04478550527208944,-1.6782054694977708,-1.4438059106997896
-4.478550527208943,0.08581355398552143,-0.04478550527208944,-1.8333116394801285,-1.4809123362732812
-4.478550527208943,0.08952386586253226,-0.04478550527208944,-1.9952723026170707,-1.5202526834031547
-4.478550527208943,0.09323417773954311,-0.04478550527208944,-2.164087458908598,-1.562038050362304
-4.478550527208943,0.09694448961655394,-0.04478550527208944,-2.339757108354711,-1.6064979964283674
-4.478550527208943,0.10065480149356479,-0.04478550527208944,-2.5222812509554084,-1.6538818714095962
-4.478550527208943,0.10436511337057562,-0.04478550527208944,-2.7116598867106916,-1.704460150021612
-4.478550527208943,0.10807542524758647,-0.04478550527208944,-2.9078930156205596,-1.7585257418901987
-4.478550527208943,0.1117857371245973,-0.04478550527208944,-3.110980637685012,-1.8163952391830467
-4.478550527208943,0.11549604900160815,-0.04478550527208944,-3.3209227529040506,-1.8784100534366708
-4.478550527208943,0.11920636087861898,-0.04478550527208944,-3.5377193612776736,-1.9449373809177697
-4.478550527208943,0.12291667275562983,-0.04478550527208944,-3.7613704628058824,-2.016370921785832
-4.478550527208943,0.12662698463264066,-0.04478550527208944,-3.9918760574886756,-2.093131262462226
-4.478550527208943,0.1303372965096515,-0.04478550527208944,-4.2292361453260545,-2.175665813186469
-4.478550527208943,0.13404760838666235,-0.04478550527208944,-4.473450726318019,-2.2644481742214637
-4.478550527208943,0.13775792026367317,-0.04478550527208944,-4.7245198004645665,-2.3599767853546965
-4.478550527208943,0.14146823214068402,-0.04478550527208944,-4.9824433677657005,-2.4627726954628493
-4.478550527208943,0.14517854401769487,-0.04478550527208944,-5.247221428221419,-2.57337627373711
-4.478550527208943,0.1488888558947057,-0.04478550527208944,-5.518853981831724,-2.6923426741274428
-4.478550527208943,0.15259916777171653,-0.04478550527208944,-5.797341028596612,-2.8202358628088966
-4.478550527208943,0.15630947964872738,-0.04478550527208944,-6.082682568516087,-2.957621028914759
-4.478550527208943,0.16001979152573823,-0.04478550527208944,-6.374878601590146,-3.1050552260250583
-4.478550527208943,0.16373010340274907,-0.04478550527208944,-6.673929127818791,-3.2630761410319327
-4.478550527208943,0.1674404152797599,-0.04478550527208944,-6.979834147202019,-3.4321889631740863
-4.478550527208943,0.17115072715677074,-0.04478550527208944,-7.292593659739834,-3.612851433771781
-4.478550527208943,0.17486103903378158,-0.04478550527208944,-7.612207665432235,-3.8054572994343383
-4.478550527208943,0.17857135091079243,-0.04478550527208944,-7.93867616427922,-4.010318568321239
-4.478550527208943,0.18228166278780325,-0.04478550527208944,-8.27199915628079,-4.227647176137705
-4.478550527208943,0.1859919746648141,-0.04478550527208944,-8.612176641436944,-4.4575368958223365
-4.478550527208943,0.18970228654182494,-0.04478550527208944,-8.959208619747686,-4.699946555199691
-4.478550527208943,0.1934125984188358,-0.04478550527208944,-9.313095091213013,-4.954685835621528
-4.478550527208943,0.1971229102958466,-0.04478550527208944,-9.67383605583292,-5.22140508056793
-4.478550527208943,0.20083322217285746,-0.04478550527208944,-10.041431513607415,-5.499590611008925
-4.478550527208943,0.2045435340498683,-0.04478550527208944,-10.415881464536497,-5.7885669891954405
-4.478550527208943,0.20825384592687915,-0.04478550527208944,-10.797185908620165,-6.08750746642943
-4.478550527208943,0.21196415780388997,-0.04478550527208944,-11.185344845858413,-6.395453479403957
-4.478550527208943,0.21567446968090082,-0.04478550527208944,-11.58035827625125,-6.711343531141131
-4.478550527208943,0.21938478155791166,-0.04478550527208944,-11.98222619979867,-7.034051139272747
-4.478550527208943,0.2230950934349225,-0.04478550527208944,-12.390948616500676,-7.362430815184663
-4.478550527208943,0.22680540531193333,-0.04478550527208944,-12.806525526357266,-7.695370331647549
-4.478550527208943,0.23051571718894417,-0.04478550527208944,-13.228956929368444,-8.031846932620821
-4.478550527208943,0.23422602906595502,-0.04478550527208944,-13.658242825534206,-8.370984719711025
-4.478550527208943,0.23793634094296587,-0.04478550527208944,-14.094383214854552,-8.712110275976947
-4.478550527208943,0.2416466528199767,-0.04478550527208944,-14.537378097329482,-9.05480368475081
-4.478550527208943,0.24535696469698753,-0.04478550527208944,-14.987227472959,-9.39894245218437
-4.478550527208943,0.24906727657399838,-0.04478550527208944,-15.443931341743102,-9.744736390416191
-4.478550527208943,0.2527775884510092,-0.04478550527208944,-15.907489703681792,-10.092752176597276
-4.478550527208943,0.25648790032802005,-0.04478550527208944,-16.37790255877506,-10.443926970346947
-4.478550527208943,0.2601982122050309,-0.04478550527208944,-16.855169907022923,-10.799571051001713
-4.478550527208943,0.26390852408204174,-0.04478550527208944,-17.33929174842536,-11.161359847963098
-4.478550527208943,0.26761883595905256,-0.04478550527208944,-17.830268082982386,-11.531315933969752
-4.478550527208943,0.27132914783606343,-0.04478550527208944,-18.328098910694003,-11.911781517598628
-4.478550527208943,0.27503945971307425,-0.04478550527208944,-18.8327842315602,-12.305381725810376
-4.478550527208943,0.27874977159008507,-0.04478550527208944,-19.34432404558098,-12.714978555901176
-4.478550527208943,0.28246008346709595,-0.04478550527208944,-19.862718352756353,-13.143614867098565
-4.478550527208943,0.28617039534410676,-0.04478550527208944,-20.3879671530863,-13.594447261424785
-4.478550527208943,0.28988070722111764,-0.04478550527208944,-20.920070446570843,-14.070666273481228
-4.478550527208943,0.29359101909812846,-0.04478550527208944,-21.459028233209963,-14.575402067815503
-4.478550527208943,0.2973013309751393,-0.04478550527208944,-22.00484051300367,-15.111613965590974
-4.478550527208943,0.30101164285215015,-0.04478550527208944,-22.557507285951967,-15.681962738286751
-4.478550527208943,0.30472195472916097,-0.04478550527208944,-23.117028552054844,-16.288665866144875
-3.0906736757399096,0.011607316445304631,-0.030906736757399095,-0.03316796247661389,-0.976468865285181
-3.0906736757399096,0.015317628322315471,-0.030906736757399095,-0.057761464886927495,-0.9938449159163083
-3.0906736757399096,0.01902794019932631,-0.030906736757399095,-0.08913303610130548,-1.0115427334741094
-3.0906736757399096,0.02273825207633715,-0.030906736757399095,-0.12728267611974786,-1.0295999671622464
-3.0906736757399096,0.02644856395334799,-0.030906736757399095,-0.17221038494225466,-1.0480575608601486
-3.0906736757399096,0.03015887583035883,-0.030906736757399095,-0.22391616256882582,-1.0669600640378514
-3.0906736757399096,0.03386918770736967,-0.030906736757399095,-0.28240000899946144,-1.0863559726645668
-3.0906736757399096,0.03757949958438051,-0.030906736757399095,-0.34766192423416137,-1.1062981028817775
-3.0906736757399096,0.04128981146139135,-0.030906736757399095,-0.41970190827292575,-1.1268440004024614
-3.0906736757399096,0.04500012333840219,-0.030906736757399095,-0.4985199611157545,-1.1480563887818844
-3.0906736757399096,0.04871043521541303,-0.030906736757399095,-0.5841160827626476,-1.1700036598748031
-3.0906736757399096,0.05242074709242387,-0.030906736757399095,-0.6764902732136052,-1.1927604099380114
-3.0906736757399096,0.05613105896943471,-0.030906736757399095,-0.775642532468627,-1.2164080249442346
-3.0906736757399096,0.05984137084644555,-0.030906736757399095,-0.8815728605277133,-1.241035318725337
-3.0906736757399096,0.06355168272345639,-0.030906736757399095,-0.9942812573908641,-1.2667392275395803
-3.0906736757399096,0.06726199460046722,-0.030906736757399095,-1.113767723058079,-1.293625564531224
-3.0906736757399096,0.07097230647747807,-0.030906736757399095,-1.2400322575293585,-1.3218098372886633
-3.0906736757399096,0.0746826183544889,-0.030906736757399095,-1.3730748608047023,-1.3514181312667466
-3.0906736757399096,0.07839293023149975,-0.030906736757399095,-1.5128955328841107,-1.3825880611694181
-3.0906736757399096,0.08210324210851058,-0.030906736757399095,-1.659494273767583,-1.4154697914275758
-3.0906736757399096,0.08581355398552143,-0.030906736757399095,-1.8128710834551205,-1.45022712557825
-3.0906736757399096,0.08952386586253226,-0.030906736757399095,-1.9730259619467216,-1.48703866256524
-3.0906736757399096,0.09323417773954311,-0.030906736757399095,-2.1399589092423876,-1.5260990156309386
-3.0906736757399096,0.09694448961655394,-0.030906736757399095,-2.3136699253421176,-1.567620086430349
-3.0906736757399096,0.10065480149356479,-0.030906736757399095,-2.4941590102459124,-1.611832383129439
-3.0906736757399096,0.10436511337057562,-0.030906736757399095,-2.681426163953771,-1.6589863663903923
-3.0906736757399096,0.10807542524758647,-0.030906736757399095,-2.875471386465695,-1.709353801123548
-3.0906736757399096,0.1117857371245973,-0.030906736757399095,-3.076294677781682,-1.7632290845145233
-3.0906736757399096,0.11549604900160815,-0.030906736757399095,-3.283896037901735,-1.8209305119339918
-3.0906736757399096,0.11920636087861898,-0.030906736757399095,-3.4982754668258513,-1.8828014317387067
-3.0906736757399096,0.12291667275562983,-0.030906736757399095,-3.7194329645540325,-1.94921122754572
-3.0906736757399096,0.12662698463264066,-0.030906736757399095,-3.9473685310862776,-2.020556052249991
-3.0906736757399096,0.1303372965096515,-0.030906736757399095,-4.182082166422587,-2.097259221912502
-3.0906736757399096,0.13404760838666235,-0.030906736757399095,-4.423573870562962,-2.179771159902522
-3.0906736757399096,0.13775792026367317,-0.030906736757399095,-4.671843643507399,-2.2685687628083677
-3.0906736757399096,0.14146823214068402,-0.030906736757399095,-4.926891485255903,-2.3641540404527523
-3.0906736757399096,0.14517854401769487,-0.030906736757399095,-5.18871739580847,-2.4670518641185586
-3.0906736757399096,0.1488888558947057,-0.030906736757399095,-5.457321375165102,-2.577806641625413
-3.0906736757399096,0.15259916777171653,-0.030906736757399095,-5.732703423325797,-2.6969777276764573
-3.0906736757399096,0.15630947964872738,-0.030906736757399095,-6.014863540290558,-2.8251333761520927
-3.0906736757399096,0.16001979152573823,-0.030906736757399095,-6.303801726059383,-2.9628430517738966
-3.0906736757399096,0.16373010340274907,-0.030906736757399095,-6.599517980632274,-3.110667946523855
-3.0906736757399096,0.1674404152797599,-0.030906736757399095,-6.902012304009225,-3.269149596596164
-3.0906736757399096,0.17115072715677074,-0.030906736757399095,-7.211284696190243,-3.4387965737573456
-3.0906736757399096,0.17486103903378158,-0.030906736757399095,-7.527335157175327,-3.620069335423687
-3.0906736757399096,0.17857135091079243,-0.030906736757399095,-7.850163686964474,-3.813363463504216
-3.0906736757399096,0.18228166278780325,-0.030906736757399095,-8.179770285557684,-4.018991703102711
-3.0906736757399096,0.1859919746648141,-0.030906736757399095,-8.51615495295496,-4.237165424028993
-3.0906736757399096,0.18970228654182494,-0.030906736757399095,-8.8593176891563,-4.467976360213209
-3.0906736757399096,0.1934125984188358,-0.030906736757399095,-9.209258494161705,-4.7113797167806934
-3.0906736757399096,0.1971229102958466,-0.030906736757399095,-9.565977367971174,-4.967179946294568
-3.0906736757399096,0.20083322217285746,-0.030906736757399095,-9.929474310584705,-5.235020652305934
-3.0906736757399096,0.2045435340498683,-0.030906736757399095,-10.299749322002304,-5.514380143589561
-3.0906736757399096,0.20825384592687915,-0.030906736757399095,-10.676802402223966,-5.804574100695098
-3.0906736757399096,0.21196415780388997,-0.030906736757399095,-11.06063355124969,-6.104766599388345
-3.0906736757399096,0.21567446968090082,-0.030906736757399095,-11.451242769079483,-6.413990349740696
-3.0906736757399096,0.21938478155791166,-0.030906736757399095,-11.84863005571334,-6.731176463523963
-3.0906736757399096,0.2230950934349225,-0.030906736757399095,-12.252795411151258,-7.055193391133129
-3.0906736757399096,0.22680540531193333,-0.030906736757399095,-12.66373883539324,-7.38489393392118
-3.0906736757399096,0.23051571718894417,-0.030906736757399095,-13.08146032843929,-7.719168520631128
-3.0906736757399096,0.23422602906595502,-0.030906736757399095,-13.505959890289402,-8.057002328479584
-3.0906736757399096,0.23793634094296587,-0.030906736757399095,-13.937237520943581,-8.397533414350864
-3.0906736757399096,0.2416466528199767,-0.030906736757399095,-14.37529322040182,-8.740108859863083
-3.0906736757399096,0.24535696469698753,-0.030906736757399095,-14.820126988664127,-9.084336049178372
-3.0906736757399096,0.24906727657399838,-0.030906736757399095,-15.271738825730498,-9.430126570384932
-3.0906736757399096,0.2527775884510092,-0.030906736757399095,-15.730128731600935,-9.777730799229044
-3.0906736757399096,0.25648790032802005,-0.030906736757399095,-16.19529670627543,-10.127761897118162
-3.0906736757399096,0.2601982122050309,-0.030906736757399095,-16.667242749754,-10.481208629588886
-3.0906736757399096,0.26390852408204174,-0.030906736757399095,-17.145966862036623,-10.83943698782052
-3.0906736757399096,0.26761883595905256,-0.030906736757399095,-17.63146904312331,-11.204180996134324
-3.0906736757399096,0.27132914783606343,-0.030906736757399095,-18.123749293014072,-11.57752326585281
-3.0906736757399096,0.27503945971307425,-0.030906736757399095,-18.622807611708893,-11.961865798696662
-3.0906736757399096,0.27874977159008507,-0.030906736757399095,-19.128643999207775,-12.359891272922447
-3.0906736757399096,0.28246008346709595,-0.030906736757399095,-19.64125845551073,-12.774514613115194
-3.0906736757399096,0.28617039534410676,-0.030906736757399095,-20.16065098061774,-13.208824123309851
-3.0906736757399096,0.28988070722111764,-0.030906736757399095,-20.686821574528825,-13.666010944944436
-3.0906736757399096,0.29359101909812846,-0.030906736757399095,-21.219770237243964,-14.149285194936853
-3.0906736757399096,0.2973013309751393,-0.030906736757399095,-21.75949696876317,-14.661776970899163
-3.0906736757399096,0.30101164285215015,-0.030906736757399095,-22.306001769086446,-15.206420623087071
-3.0906736757399096,0.30472195472916097,-0.030906736757399095,-22.85928463821378,-15.785821441412702
-1.7027968242708753,0.011607316445304631,-0.017027968242708753,-0.03279398574907601,-0.9737087537899125
-1.7027968242708753,0.015317628322315471,-0.017027968242708753,-0.057110190524462874,-0.990270569080554
-1.7027968242708753,0.01902794019932631,-0.017027968242708753,-0.08812803975339341,-1.0071313601948821
-1.7027968242708753,0.02273825207633715,-0.017027968242708753,-0.1258475334358676,-1.024325560998527
-1.7027968242708753,0.02644856395334799,-0.017027968242708753,-0.17026867157188552,-1.041890625158814
-1.7027968242708753,0.03015887583035883,-0.017027968242708753,-0.2213914541614471,-1.0598673109658376
-1.7027968242708753,0.03386918770736967,-0.017027968242708753,-0.27921588120455243,-1.0782999937836548
-1.7027968242708753,0.03757949958438051,-0.017027968242708753,-0.34374195270120134,-1.097237008741505
-1.7027968242708753,0.04128981146139135,-0.017027968242708753,-0.414969668651394,-1.1167310264714514
-1.7027968242708753,0.04500012333840219,-0.017027968242708753,-0.4928990290551303,-1.1368394648944227
-1.7027968242708753,0.04871043521541303,-0.017027968242708753,-0.5775300339124103,-1.157624940245273
-1.7027968242708753,0.05242074709242387,-0.017027968242708753,-0.668862683223234,-1.1791557607022494
-1.7027968242708753,0.05613105896943471,-0.017027968242708753,-0.7668969769876013,-1.2015064661361254
-1.7027968242708753,0.05984137084644555,-0.017027968242708753,-0.8716329152055122,-1.224758417607367
-1.7027968242708753,0.06355168272345639,-0.017027968242708753,-0.983070497876967,-1.2490004402975678
-1.7027968242708753,0.06726199460046722,-0.017027968242708753,-1.1012097250019652,-1.2743295235445258
-1.7027968242708753,0.07097230647747807,-0.017027968242708753,-1.2260505965805073,-1.300851581529411
-1.7027968242708753,0.0746826183544889,-0.017027968242708753,-1.3575931126125929,-1.3286822779074736
-1.7027968242708753,0.07839293023149975,-0.017027968242708753,-1.4958372730982223,-1.3579479172369817
-1.7027968242708753,0.08210324210851058,-0.017027968242708753,-1.6407830780373953,-1.3887864053932626
-1.7027968242708753,0.08581355398552143,-0.017027968242708753,-1.7924305274301124,-1.421348280192423
-1.7027968242708753,0.08952386586253226,-0.017027968242708753,-1.9507796212763726,-1.4557978121153168
-1.7027968242708753,0.09323417773954311,-0.017027968242708753,-2.1158303595761767,-1.4923141732252274
-1.7027968242708753,0.09694448961655394,-0.017027968242708753,-2.2875827423295245,-1.5310926700038587
-1.7027968242708753,0.10065480149356479,-0.017027968242708753,-2.4660367695364163,-1.5723460327628915
-1.7027968242708753,0.10436511337057562,-0.017027968242708753,-2.651192441196851,-1.6163057503775367
-1.7027968242708753,0.10807542524758647,-0.017027968242708753,-2.84304975731083,-1.663223434171015
-1.7027968242708753,0.1117857371245973,-0.017027968242708753,-3.0416087178783524,-1.713372188676833
-1.7027968242708753,0.11549604900160815,-0.017027968242708753,-3.246869322899419,-1.767047959530431
-1.7027968242708753,0.11920636087861898,-0.017027968242708753,-3.4588315723740286,-1.824570819706123
-1.7027968242708753,0.12291667275562983,-0.017027968242708753,-3.6774954663021826,-1.886286144545962
-1.7027968242708753,0.12662698463264066,-0.017027968242708753,-3.9028610046838796,-1.9525656133902753
-1.7027968242708753,0.1303372965096515,-0.017027968242708753,-4.134928187519121,-2.0238079610526505
-1.7027968242708753,0.13404760838666235,-0.017027968242708753,-4.373697014807906,-2.1004393859388824
-1.7027968242708753,0.13775792026367317,-0.017027968242708753,-4.619167486550233,-2.1829135035209886
-1.7027968242708753,0.14146823214068402,-0.017027968242708753,-4.871339602746105,-2.2717107146281146
-1.7027968242708753,0.14517854401769487,-0.017027968242708753,-5.130213363395521,-2.3673368384376623
-1.7027968242708753,0.1488888558947057,-0.017027968242708753,-5.39578876849848,-2.4703208414279523
-1.7027968242708753,0.15259916777171653,-0.017027968242708753,-5.668065818054982,-2.5812114777477957
-1.7027968242708753,0.15630947964872738,-0.017027968242708753,-5.9470445120650295,-2.7005726460103903
-1.7027968242708753,0.16001979152573823,-0.017027968242708753,-6.232724850528621,-2.828977265746361
-1.7027968242708753,0.16373010340274907,-0.017027968242708753,-6.525106833445755,-2.96699948777174
-1.7027968242708753,0.1674404152797599,-0.017027968242708753,-6.824190460816431,-3.11520508139383
-1.7027968242708753,0.17115072715677074,-0.017027968242708753,-7.129975732640653,-3.274139893048786
-1.7027968242708753,0.17486103903378158,-0.017027968242708753,-7.442462648918419,-3.444316351051965
-1.7027968242708753,0.17857135091079243,-0.017027968242708753,-7.761651209649727,-3.6261981043873783
-1.7027968242708753,0.18228166278780325,-0.017027968242708753,-8.087541414834579,-3.8201830328843203
-1.7027968242708753,0.1859919746648141,-0.017027968242708753,-8.420133264472975,-4.026585051666703
-1.7027968242708753,0.18970228654182494,-0.017027968242708753,-8.759426758564915,-4.2456153496981655
-1.7027968242708753,0.1934125984188358,-0.017027968242708753,-9.1054218971104,-4.477363939629513
-1.7027968242708753,0.1971229102958466,-0.017027968242708753,-9.458118680109425,-4.721782635554986
-1.7027968242708753,0.20083322217285746,-0.017027968242708753,-9.817517107561995,-4.978670790381564
-1.7027968242708753,0.2045435340498683,-0.017027968242708753,-10.183617179468111,-5.24766528207156
-1.7027968242708753,0.20825384592687915,-0.017027968242708753,-10.55641889582777,-5.52823630072196
-1.7027968242708753,0.21196415780388997,-0.017027968242708753,-10.93592225664097,-5.8196904198797705
-1.7027968242708753,0.21567446968090082,-0.017027968242708753,-11.322127261907717,-6.121182207006068
-1.7027968242708753,0.21938478155791166,-0.017027968242708753,-11.715033911628007,-6.43173522653915
-1.7027968242708753,0.2230950934349225,-0.017027968242708753,-12.11464220580184,-6.750272724348156
-1.7027968242708753,0.22680540531193333,-0.017027968242708753,-12.520952144429213,-7.075657591653977
-1.7027968242708753,0.23051571718894417,-0.017027968242708753,-12.933963727510134,-7.406740453972114
-1.7027968242708753,0.23422602906595502,-0.017027968242708753,-13.3536769550446,-7.742414001305594
-1.7027968242708753,0.23793634094296587,-0.017027968242708753,-13.780091827032608,-8.081671063057577
-1.7027968242708753,0.2416466528199767,-0.017027968242708753,-14.213208343474157,-8.423663520190503
-1.7027968242708753,0.24535696469698753,-0.017027968242708753,-14.653026504369253,-8.767758998056921
-1.7027968242708753,0.24906727657399838,-0.017027968242708753,-15.099546309717892,-9.113592417416811
-1.7027968242708753,0.2527775884510092,-0.017027968242708753,-15.552767759520078,-9.461109875025546
-1.7027968242708753,0.25648790032802005,-0.017027968242708753,-16.012690853775798,-9.81060291381296
-1.7027968242708753,0.2601982122050309,-0.017027968242708753,-16.479315592485076,-10.162731931275895
-1.7027968242708753,0.26390852408204174,-0.017027968242708753,-16.952641975647882,-10.518538156172696
-1.7027968242708753,0.26761883595905256,-0.017027968242708753,-17.43267000326424,-10.879444197421208
-1.7027968242708753,0.27132914783606343,-0.017027968242708753,-17.919399675334144,-11.247243557347938
-1.7027968242708753,0.27503945971307425,-0.017027968242708753,-18.412830991857586,-11.624079659067457
-1.7027968242708753,0.27874977159008507,-0.017027968242708753,-18.91296395283457,-12.012414856220625
-1.7027968242708753,0.28246008346709595,-0.017027968242708753,-19.419798558265107,-12.414989598512587
-1.7027968242708753,0.28617039534410676,-0.017027968242708753,-19.93333480814918,-12.83477147372804
-1.7027968242708753,0.28988070722111764,-0.017027968242708753,-20.453572702486806,-13.274893315008912
-1.7027968242708753,0.29359101909812846,-0.017027968242708753,-20.980512241277964,-13.738579049458473
-1.7027968242708753,0.2973013309751393,-0.017027968242708753,-21.514153424522668,-14.229055586694589
-1.7027968242708753,0.30101164285215015,-0.017027968242708753,-22.054496252220925,-14.749448937776448
-1.7027968242708753,0.30472195472916097,-0.017027968242708753,-22.601540724372715,-15.302663066832055
-0.3149199728018411,0.011607316445304631,-0.003149199728018411,-0.03242000902153813,-0.971176018489567
-0.3149199728018411,0.015317628322315471,-0.003149199728018411,-0.05645891616199826,-0.9869639339114133
-0.3149199728018411,0.01902794019932631,-0.003149199728018411,-0.08712304340548134,-1.0030296095691966
-0.3149199728018411,0.02273825207633715,-0.003149199728018411,-0.12441239075198737,-1.019404523135444
-0.3149199728018411,0.02644856395334799,-0.003149199728018411,-0.1683269582015164,-1.0361229191254813
-0.3149199728018411,0.03015887583035883,-0.003149199728018411,-0.2188667457540684,-1.0532220696263943
-0.3149199728018411,0.03386918770736967,-0.003149199728018411,-0.2760317534096434,-1.0707425604339873
-0.3149199728018411,0.03757949958438051,-0.003149199728018411,-0.3398219811682413,-1.0887286050438023
-0.3149199728018411,0.04128981146139135,-0.003149199728018411,-0.4102374290298622,-1.1072283891394497
-0.3149199728018411,0.04500012333840219,-0.003149199728018411,-0.4872780969945061,-1.1262944484227502
-0.3149199728018411,0.04871043521541303,-0.003149199728018411,-0.5709439850621729,-1.1459840828301013
-0.3149199728018411,0.05242074709242387,-0.003149199728018411,-0.6612350932328628,-1.1663598103742432
-0.3149199728018411,0.05613105896943471,-0.003149199728018411,-0.7581514215065756,-1.1874898640306792
-0.3149199728018411,0.05984137084644555,-0.003149199728018411,-0.8616929698833112,-1.2094487352444743
-0.3149199728018411,0.06355168272345639,-0.003149199728018411,-0.9718597383630699,-1.23231776775265
-0.3149199728018411,0.06726199460046722,-0.003149199728018411,-1.0886517269458513,-1.2561858054824437
-0.3149199728018411,0.07097230647747807,-0.003149199728018411,-1.212068935631656,-1.2811498982752765
-0.3149199728018411,0.0746826183544889,-0.003149199728018411,-1.3421113644204836,-1.3073160690723657
-0.3149199728018411,0.07839293023149975,-0.003149199728018411,-1.4787790133123342,-1.334800145946578
-0.3149199728018411,0.08210324210851058,-0.003149199728018411,-1.6220718823072076,-1.363728661933317
-0.3149199728018411,0.08581355398552143,-0.003149199728018411,-1.7719899714051044,-1.3942398249480386
-0.3149199728018411,0.08952386586253226,-0.003149199728018411,-1.9285332806060236,-1.4264845591157567
-0.3149199728018411,0.09323417773954311,-0.003149199728018411,-2.0917018099099662,-1.4606276174994797
-0.3149199728018411,0.09694448961655394,-0.003149199728018411,-2.2614955593169315,-1.4968487644073294
-0.3149199728018411,0.10065480149356479,-0.003149199728018411,-2.4379145288269197,-1.535344023071155
-0.3149199728018411,0.10436511337057562,-0.003149199728018411,-2.620958718439931,-1.5763269813936764
-0.3149199728018411,0.10807542524758647,-0.003149199728018411,-2.8106281281559657,-1.6200301445082417
-0.3149199728018411,0.1117857371245973,-0.003149199728018411,-3.0069227579750226,-1.666706317918342
-0.3149199728018411,0.11549604900160815,-0.003149199728018411,-3.209842607897103,-1.7166299988005473
-0.3149199728018411,0.11920636087861898,-0.003149199728018411,-3.4193876779222063,-1.7700987454713637
-0.3149199728018411,0.12291667275562983,-0.003149199728018411,-3.6355579680503327,-1.8274344858421525
-0.3149199728018411,0.12662698463264066,-0.003149199728018411,-3.8583534782814817,-1.888984714738502
-0.3149199728018411,0.1303372965096515,-0.003149199728018411,-4.087774208615653,-1.9551235171015025
-0.3149199728018411,0.13404760838666235,-0.003149199728018411,-4.3238201590528496,-2.026252339251295
-0.3149199728018411,0.13775792026367317,-0.003149199728018411,-4.566491329593066,-2.1028004136295415
-0.3149199728018411,0.14146823214068402,-0.003149199728018411,-4.815787720236308,-2.1852247239802995
-0.3149199728018411,0.14517854401769487,-0.003149199728018411,-5.071709330982571,-2.2740093782690627
-0.3149199728018411,0.1488888558947057,-0.003149199728018411,-5.334256161831859,-2.3696642366264014
-0.3149199728018411,0.15259916777171653,-0.003149199728018411,-5.603428212784168,-2.4727226225496226
-0.3149199728018411,0.15630947964872738,-0.003149199728018411,-5.879225483839501,-2.583737929407733
-0.3149199728018411,0.16001979152573823,-0.003149199728018411,-6.161647974997858,-2.7032789235791252
-0.3149199728018411,0.16373010340274907,-0.003149199728018411,-6.450695686259237,-2.831923543713221
-0.3149199728018411,0.1674404152797599,-0.003149199728018411,-6.746368617623636,-2.970251006879578
-0.3149199728018411,0.17115072715677074,-0.003149199728018411,-7.048666769091062,-3.1188320617391874
-0.3149199728018411,0.17486103903378158,-0.003149199728018411,-7.357590140661511,-3.2782172818527506
-0.3149199728018411,0.17857135091079243,-0.003149199728018411,-7.673138732334981,-3.4489233743932006
-0.3149199728018411,0.18228166278780325,-0.003149199728018411,-7.995312544111474,-3.6314175957197268
-0.3149199728018411,0.1859919746648141,-0.003149199728018411,-8.32411157599099,-3.8261005185740506
-0.3149199728018411,0.18970228654182494,-0.003149199728018411,-8.659535827973531,-4.033287585958603
-0.3149199728018411,0.1934125984188358,-0.003149199728018411,-9.001585300059094,-4.253190109105053
-0.3149199728018411,0.1971229102958466,-0.003149199728018411,-9.350259992247677,-4.485896609936613
-0.3149199728018411,0.20083322217285746,-0.003149199728018411,-9.705559904539285,-4.73135565293557
-0.3149199728018411,0.2045435340498683,-0.003149199728018411,-10.067485036933919,-4.989361530086697
-0.3149199728018411,0.20825384592687915,-0.003149199728018411,-10.436035389431574,-5.2595443212318775
-0.3149199728018411,0.21196415780388997,-0.003149199728018411,-10.811210962032249,-5.541365912316307
-0.3149199728018411,0.21567446968090082,-0.003149199728018411,-11.19301175473595,-5.834123478333543
-0.3149199728018411,0.21938478155791166,-0.003149199728018411,-11.581437767542676,-6.136961697260358
-0.3149199728018411,0.2230950934349225,-0.003149199728018411,-11.976489000452421,-6.448894543278486
-0.3149199728018411,0.22680540531193333,-0.003149199728018411,-12.378165453465188,-6.768836923272254
-0.3149199728018411,0.23051571718894417,-0.003149199728018411,-12.78646712658098,-7.095645709439443
-0.3149199728018411,0.23422602906595502,-0.003149199728018411,-13.201394019799796,-7.4281689501104875
-0.3149199728018411,0.23793634094296587,-0.003149199728018411,-13.622946133121635,-7.765301298687462
-0.3149199728018411,0.2416466528199767,-0.003149199728018411,-14.051123466546494,-8.106043082951928
-0.3149199728018411,0.24535696469698753,-0.003149199728018411,-14.48592602007438,-8.44956003044035
-0.3149199728018411,0.24906727657399838,-0.003149199728018411,-14.927353793705288,-8.795240529785357
-0.3149199728018411,0.2527775884510092,-0.003149199728018411,-15.37540678743922,-9.142747462009588
-0.3149199728018411,0.25648790032802005,-0.003149199728018411,-15.830085001276169,-9.492062052648624
-0.3149199728018411,0.2601982122050309,-0.003149199728018411,-16.291388435216152,-9.843517805855104
-0.3149199728018411,0.26390852408204174,-0.003149199728018411,-16.759317089259145,-10.197823286291143
-0.3149199728018411,0.26761883595905256,-0.003149199728018411,-17.233870963405163,-10.556073203401244
-0.3149199728018411,0.27132914783606343,-0.003149199728018411,-17.715050057654214,-10.919747823547826
-0.3149199728018411,0.27503945971307425,-0.003149199728018411,-18.202854372006282,-11.290701110912343
-0.3149199728018411,0.27874977159008507,-0.003149199728018411,-18.69728390646137,-11.671138135018543
-0.3149199728018411,0.28246008346709595,-0.003149199728018411,-19.198338661019488,-12.06358217607081
-0.3149199728018411,0.28617039534410676,-0.003149199728018411,-19.706018635680618,-12.470831639382055
-0.3149199728018411,0.28988070722111764,-0.003149199728018411,-20.220323830444784,-12.895906417435139
-0.3149199728018411,0.29359101909812846,-0.003149199728018411,-20.741254245311964,-13.341982797330948
-0.3149199728018411,0.2973013309751393,-0.003149199728018411,-21.268809880282166,-13.812315507575684
-0.3149199728018411,0.30101164285215015,-0.003149199728018411,-21.8029907353554,-14.310145155121221
-0.3149199728018411,0.30472195472916097,-0.003149199728018411,-22.34379681053165,-14.838589263579244
1.0729568786671932,0.011607316445304631,0.010729568786671933,-0.03204603229400026,-0.9689207508554469
1.0729568786671932,0.015317628322315471,0.010729568786671933,-0.05580764179953363,-0.983972772826446
1.0729568786671932,0.01902794019932631,0.010729568786671933,-0.08611804705756924,-0.9992828382356382
1.0729568786671932,0.02273825207633715,0.010729568786671933,-0.12297724806810711,-1.0148797089331794
1.0729568786671932,0.02644856395334799,0.010729568786671933,-0.16638524483114728,-1.0307946810149362
1.0729568786671932,0.03015887583035883,0.010729568786671933,-0.21634203734668966,-1.0470618233444666
1.0729568786671932,0.03386918770736967,0.010729568786671933,-0.27284762561473436,-1.063718239402828
1.0729568786671932,0.03757949958438051,0.010729568786671933,-0.3359020096352813,-1.0808043547485129
1.0729568786671932,0.04128981146139135,0.010729568786671933,-0.4055051894083304,-1.0983642325645757
1.0729568786671932,0.04500012333840219,0.010729568786671933,-0.48165716493388183,-1.1164459199714099
1.0729568786671932,0.04871043521541303,0.010729568786671933,-0.5643579362119355,-1.1351018279894518
1.0729568786671932,0.05242074709242387,0.010729568786671933,-0.6536075032424915,-1.1543891482418038
1.0729568786671932,0.05613105896943471,0.010729568786671933,-0.7494058660255496,-1.174370309686669
1.0729568786671932,0.05984137084644555,0.010729568786671933,-0.85175302456111,-1.1951134788565865
1.0729568786671932,0.06355168272345639,0.010729568786671933,-0.9606489788491728,-1.216693107244093
1.0729568786671932,0.06726199460046722,0.010729568786671933,-1.0760937288897374,-1.239190529600731
1.0729568786671932,0.07097230647747807,0.010729568786671933,-1.1980872746828048,-1.2626946169884317
1.0729568786671932,0.0746826183544889,0.010729568786671933,-1.3266296162283742,-1.2873024884196802
1.0729568786671932,0.07839293023149975,0.010729568786671933,-1.4617207535264458,-1.3131202848163488
1.0729568786671932,0.08210324210851058,0.010729568786671933,-1.6033606865770196,-1.3402640087725377
1.0729568786671932,0.08581355398552143,0.010729568786671933,-1.7515494153800961,-1.3688604331803944
1.0729568786671932,0.08952386586253226,0.010729568786671933,-1.9062869399356743,-1.3990480811168355
1.0729568786671932,0.09323417773954311,0.010729568786671933,-2.0675732602437553,-1.4309782784270428
1.0729568786671932,0.09694448961655394,0.010729568786671933,-2.235408376304338,-1.4648162790990726
1.0729568786671932,0.10065480149356479,0.010729568786671933,-2.409792288117423,-1.5007424617071168
1.0729568786671932,0.10436511337057562,0.010729568786671933,-2.590724995683011,-1.538953592796159
1.0729568786671932,0.10807542524758647,0.010729568786671933,-2.778206499001101,-1.5796641499567166
1.0729568786671932,0.1117857371245973,0.010729568786671933,-2.9722367980716924,-1.6231076933422601
1.0729568786671932,0.11549604900160815,0.010729568786671933,-3.172815892894787,-1.6695382693443621
1.0729568786671932,0.11920636087861898,0.010729568786671933,-3.379943783470383,-1.7192318238727653
1.0729568786671932,0.12291667275562983,0.010729568786671933,-3.5936204697984824,-1.772487594992306
1.0729568786671932,0.12662698463264066,0.010729568786671933,-3.8138459518790833,-1.8296294453454252
1.0729568786671932,0.1303372965096515,0.010729568786671933,-4.040620229712186,-1.8910070836540829
1.0729568786671932,0.13404760838666235,0.010729568786671933,-4.273943303297792,-1.9569971115019715
1.0729568786671932,0.13775792026367317,0.010729568786671933,-4.513815172635899,-2.028003816475202
1.0729568786671932,0.14146823214068402,0.010729568786671933,-4.760235837726509,-2.1044596156361672
1.0729568786671932,0.14517854401769487,0.010729568786671933,-5.013205298569622,-2.1868250344542712
1.0729568786671932,0.1488888558947057,0.010729568786671933,-5.2727235551652365,-2.275588086218492
1.0729568786671932,0.15259916777171653,0.010729568786671933,-5.538790607513352,-2.371262896474512
1.0729568786671932,0.15630947964872738,0.010729568786671933,-5.811406455613972,-2.474387397507811
1.0729568786671932,0.16001979152573823,0.010729568786671933,-6.090571099467094,-2.5855199012850285
1.0729568786671932,0.16373010340274907,0.010729568786671933,-6.376284539072718,-2.7052343482452255
1.0729568786671932,0.1674404152797599,0.010729568786671933,-6.668546774430841,-2.834114027398977
1.0729568786671932,0.17115072715677074,0.010729568786671933,-6.96735780554147,-2.9727435747012176
1.0729568786671932,0.17486103903378158,0.010729568786671933,-7.272717632404602,-3.121699086747064
1.0729568786671932,0.17857135091079243,0.010729568786671933,-7.5846262550202335,-3.2815362411720335
1.0729568786671932,0.18228166278780325,0.010729568786671933,-7.903083673388368,-3.452776399445
1.0729568786671932,0.1859919746648141,0.010729568786671933,-8.228089887509006,-3.635890787025482
1.0729568786671932,0.18970228654182494,0.010729568786671933,-8.559644897382146,-3.831283003255863
1.0729568786671932,0.1934125984188358,0.010729568786671933,-8.897748703007787,-4.0392703087012505
1.0729568786671932,0.1971229102958466,0.010729568786671933,-9.242401304385929,-4.260064365748246
1.0729568786671932,0.20083322217285746,0.010729568786671933,-9.593602701516575,-4.493752357250085
1.0729568786671932,0.2045435340498683,0.010729568786671933,-9.951352894399724,-4.740279657978057
1.0729568786671932,0.20825384592687915,0.010729568786671933,-10.315651883035375,-4.999435456341092
1.0729568786671932,0.21196415780388997,0.010729568786671933,-10.686499667423528,-5.270842883738888
1.0729568786671932,0.21567446968090082,0.010729568786671933,-11.063896247564182,-5.553955266403142
1.0729568786671932,0.21938478155791166,0.010729568786671933,-11.447841623457341,-5.848060031413819
1.0729568786671932,0.2230950934349225,0.010729568786671933,-11.838335795103001,-6.152291545332355
1.0729568786671932,0.22680540531193333,0.010729568786671933,-12.23537876250116,-6.465653728389423
1.0729568786671932,0.23051571718894417,0.010729568786671933,-12.638970525651825,-6.787052682047975
1.0729568786671932,0.23422602906595502,0.010729568786671933,-13.049111084554992,-7.115338834993328
1.0729568786671932,0.23793634094296587,0.010729568786671933,-13.465800439210662,-7.449357322639638
1.0729568786671932,0.2416466528199767,0.010729568786671933,-13.88903858961883,-7.788004559571897
1.0729568786671932,0.24535696469698753,0.010729568786671933,-14.318825535779505,-8.130288341658735
1.0729568786671932,0.24906727657399838,0.010729568786671933,-14.75516127769268,-8.475388412845426
1.0729568786671932,0.2527775884510092,0.010729568786671933,-15.19804581535836,-8.822714310037998
1.0729568786671932,0.25648790032802005,0.010729568786671933,-15.647479148776537,-9.171957474758099
1.0729568786671932,0.2601982122050309,0.010729568786671933,-16.103461277947225,-9.523135061361074
1.0729568786671932,0.26390852408204174,0.010729568786671933,-16.565992202870405,-9.876623504489341
1.0729568786671932,0.26761883595905256,0.010729568786671933,-17.035071923546088,-10.23318062966407
1.0729568786671932,0.27132914783606343,0.010729568786671933,-17.510700439974283,-10.593955787005523
1.0729568786671932,0.27503945971307425,0.010729568786671933,-17.99287775215497,-10.960488055512158
1.0729568786671932,0.27874977159008507,0.010729568786671933,-18.48160386008816,-11.334692927032798
1.0729568786671932,0.28246008346709595,0.010729568786671933,-18.97687876377386,-11.718837994329002
1.0729568786671932,0.28617039534410676,0.010729568786671933,-19.478702463212056,-12.115508035025757
1.0729568786671932,0.28988070722111764,0.010729568786671933,-19.98707495840276,-12.527559537928012
1.0729568786671932,0.29359101909812846,0.010729568786671933,-20.50199624934596,-12.958064226169572
1.0729568786671932,0.2973013309751393,0.010729568786671933,-21.023466336041665,-13.410240584068472
1.0729568786671932,0.30101164285215015,0.010729568786671933,-21.551485218489876,-13.887371903661382
1.0729568786671932,0.30472195472916097,0.010729568786671933,-22.086052896690582,-14.392709064568667
2.4608337301362275,0.011607316445304631,0.024608337301362276,-0.031672055566462375,-0.9669867719066394
2.4608337301362275,0.015317628322315471,0.024608337301362276,-0.05515636743706901,-0.9813386554672556
2.4608337301362275,0.01902794019932631,0.024608337301362276,-0.08511305070965718,-0.9959302847761782
2.4608337301362275,0.02273825207633715,0.024608337301362276,-0.12154210538422688,-1.0107879284334107
2.4608337301362275,0.02644856395334799,0.024608337301362276,-0.16444353146077814,-1.0259401755695876
2.4608337301362275,0.03015887583035883,0.024608337301362276,-0.21381732893931096,-1.0414181539294844
2.4608337301362275,0.03386918770736967,0.024608337301362276,-0.26966349781982535,-1.0572557693431301
2.4608337301362275,0.03757949958438051,0.024608337301362276,-0.33198203810232124,-1.073489968706265
2.4608337301362275,0.04128981146139135,0.024608337301362276,-0.40077294978679867,-1.0901610287807593
2.4608337301362275,0.04500012333840219,0.024608337301362276,-0.47603623287325764,-1.107312873324319
2.4608337301362275,0.04871043521541303,0.024608337301362276,-0.5577718873616981,-1.1249934212651098
2.4608337301362275,0.05242074709242387,0.024608337301362276,-0.6459799132521202,-1.1432549688472733
2.4608337301362275,0.05613105896943471,0.024608337301362276,-0.7406603105445239,-1.162154608885193
2.4608337301362275,0.05984137084644555,0.024608337301362276,-0.8418130792389089,-1.1817546904701848
2.4608337301362275,0.06355168272345639,0.024608337301362276,-0.9494382193352757,-1.2021233226670125
2.4608337301362275,0.06726199460046722,0.024608337301362276,-1.0635357308336237,-1.2233349259080448
2.4608337301362275,0.07097230647747807,0.024608337301362276,-1.1841056137339536,-1.2454708349273638
2.4608337301362275,0.0746826183544889,0.024608337301362276,-1.3111478680362647,-1.268619957157755
2.4608337301362275,0.07839293023149975,0.024608337301362276,-1.4446624937405577,-1.2928794905189935
2.4608337301362275,0.08210324210851058,0.024608337301362276,-1.5846494908468318,-1.3183557044274625
2.4608337301362275,0.08581355398552143,0.024608337301362276,-1.731108859355088,-1.345164787619991
2.4608337301362275,0.08952386586253226,0.024608337301362276,-1.8840405992653255,-1.373433765965184
2.4608337301362275,0.09323417773954311,0.024608337301362276,-2.0434447105775444,-1.4033014927785281
2.4608337301362275,0.09694448961655394,0.024608337301362276,-2.209321193291745,-1.4349197131973295
2.4608337301362275,0.10065480149356479,0.024608337301362276,-2.381670047407927,-1.468454202826801
2.4608337301362275,0.10436511337057562,0.024608337301362276,-2.5604912729260905,-1.5040859790429755
2.4608337301362275,0.10807542524758647,0.024608337301362276,-2.7457848698462364,-1.5420125809156193
2.4608337301362275,0.1117857371245973,0.024608337301362276,-2.9375508381683626,-1.582449410561404
2.4608337301362275,0.11549604900160815,0.024608337301362276,-3.135789177892471,-1.6256311246978639
2.4608337301362275,0.11920636087861898,0.024608337301362276,-3.340499889018561,-1.6718130600679428
2.4608337301362275,0.12291667275562983,0.024608337301362276,-3.5516829715466325,-1.7212726700506078
2.4608337301362275,0.12662698463264066,0.024608337301362276,-3.769338425476685,-1.774310941960156
2.4608337301362275,0.1303372965096515,0.024608337301362276,-3.9934662508087193,-1.8312537550609056
2.4608337301362275,0.13404760838666235,0.024608337301362276,-4.224066447542736,-1.8924531279923578
2.4608337301362275,0.13775792026367317,0.024608337301362276,-4.461139015678732,-1.9582882909610433
2.4608337301362275,0.14146823214068402,0.024608337301362276,-4.704683955216712,-2.0291665026314307
2.4608337301362275,0.14517854401769487,0.024608337301362276,-4.954701266156673,-2.1055235141845996
2.4608337301362275,0.1488888558947057,0.024608337301362276,-5.211190948498615,-2.1878235637451073
2.4608337301362275,0.15259916777171653,0.024608337301362276,-5.474153002242538,-2.2765587638092946
2.4608337301362275,0.15630947964872738,0.024608337301362276,-5.7435874273884435,-2.3722477233245316
2.4608337301362275,0.16001979152573823,0.024608337301362276,-6.019494223936331,-2.4754332260437604
2.4608337301362275,0.16373010340274907,0.024608337301362276,-6.3018733918861995,-2.586678769713071
2.4608337301362275,0.1674404152797599,0.024608337301362276,-6.590724931238047,-2.706563759291302
2.4608337301362275,0.17115072715677074,0.024608337301362276,-6.8860488419918795,-2.8356771453470966
2.4608337301362275,0.17486103903378158,0.024608337301362276,-7.187845124147693,-2.974609310513764
2.4608337301362275,0.17857135091079243,0.024608337301362276,-7.496113777705488,-3.1239420376949107
2.4608337301362275,0.18228166278780325,0.024608337301362276,-7.810854802665263,-3.2842364494518606
2.4608337301362275,0.1859919746648141,0.024608337301362276,-8.132068199027021,-3.4560188945689347
2.4608337301362275,0.18970228654182494,0.024608337301362276,-8.45975396679076,-3.639764880330733
2.4608337301362275,0.1934125984188358,0.024608337301362276,-8.793912105956482,-3.8358813107702154
2.4608337301362275,0.1971229102958466,0.024608337301362276,-9.134542616524183,-4.044687491825211
2.4608337301362275,0.20083322217285746,0.024608337301362276,-9.481645498493865,-4.266395598536509
2.4608337301362275,0.2045435340498683,0.024608337301362276,-9.835220751865531,-4.501091554746151
2.4608337301362275,0.20825384592687915,0.024608337301362276,-10.195268376639179,-4.7487175315339885
2.4608337301362275,0.21196415780388997,0.024608337301362276,-10.561788372814807,-5.009057497523955
2.4608337301362275,0.21567446968090082,0.024608337301362276,-10.934780740392418,-5.281727415410657
2.4608337301362275,0.21938478155791166,0.024608337301362276,-11.314245479372008,-5.566171733719265
2.4608337301362275,0.2230950934349225,0.024608337301362276,-11.700182589753581,-5.861667731671168
2.4608337301362275,0.22680540531193333,0.024608337301362276,-12.092592071537133,-6.167339008257392
2.4608337301362275,0.23051571718894417,0.024608337301362276,-12.491473924722671,-6.482178952536853
2.4608337301362275,0.23422602906595502,0.024608337301362276,-12.89682814931019,-6.8050844050250765
2.4608337301362275,0.23793634094296587,0.024608337301362276,-13.30865474529969,-7.134898964455408
2.4608337301362275,0.2416466528199767,0.024608337301362276,-13.726953712691168,-7.470464584050207
2.4608337301362275,0.24535696469698753,0.024608337301362276,-14.15172505148463,-7.810679331759754
2.4608337301362275,0.24906727657399838,0.024608337301362276,-14.582968761680075,-8.15455856126301
2.4608337301362275,0.2527775884510092,0.024608337301362276,-15.020684843277504,-8.50129634424523
2.4608337301362275,0.25648790032802005,0.024608337301362276,-15.464873296276906,-8.850323908162114
2.4608337301362275,0.2601982122050309,0.024608337301362276,-15.9155341206783,-9.201362021479802
2.4608337301362275,0.26390852408204174,0.024608337301362276,-16.372667316481667,-9.554464735001448
2.4608337301362275,0.26761883595905256,0.024608337301362276,-16.836272883687013,-9.910052544336303
2.4608337301362275,0.27132914783606343,0.024608337301362276,-17.306350822294352,-10.26893377681009
2.4608337301362275,0.27503945971307425,0.024608337301362276,-17.782901132303667,-10.632313709339604
2.4608337301362275,0.27874977159008507,0.024608337301362276,-18.26592381371496,-11.001791487076288
2.4608337301362275,0.28246008346709595,0.024608337301362276,-18.75541886652824,-11.379345259548167
2.4608337301362275,0.28617039534410676,0.024608337301362276,-19.251386290743497,-11.767306043466244
2.4608337301362275,0.28988070722111764,0.024608337301362276,-19.753826086360743,-12.16832066196538
2.4608337301362275,0.29359101909812846,0.024608337301362276,-20.26273825337996,-12.58530373913488
2.4608337301362275,0.2973013309751393,0.024608337301362276,-20.778122791801163,-13.021378218312334
2.4608337301362275,0.30101164285215015,0.024608337301362276,-21.299979701624355,-13.479803320703168
2.4608337301362275,0.30472195472916097,0.024608337301362276,-21.828308982849517,-13.963888387433324
3.848710581605262,0.011607316445304631,0.038487105816052615,-0.0312980788389245,-0.9654120841292428
3.848710581605262,0.015317628322315471,0.038487105816052615,-0.0545050930746044,-0.9790974241812131
3.848710581605262,0.01902794019932631,0.038487105816052615,-0.08410805436174511,-0.9930055504268278
3.848710581605262,0.02273825207633715,0.038487105816052615,-0.12010696270034664,-1.007160443992694
3.848710581605262,0.02644856395334799,0.038487105816052615,-0.16250181809040903,-1.0215882102998801
3.848710581605262,0.03015887583035883,0.038487105816052615,-0.21129262053193223,-1.036317278361837
3.848710581605262,0.03386918770736967,0.038487105816052615,-0.26647937002491634,-1.051378619666675
3.848710581605262,0.03757949958438051,0.038487105816052615,-0.3280620665693612,-1.066805988609154
3.848710581605262,0.04128981146139135,0.038487105816052615,-0.39604071016526693,-1.082636186619852
3.848710581605262,0.04500012333840219,0.038487105816052615,-0.47041530081263344,-1.0989093523317175
3.848710581605262,0.04871043521541303,0.038487105816052615,-0.5511858385114609,-1.115669280327257
3.848710581605262,0.05242074709242387,0.038487105816052615,-0.6383523232617491,-1.1329637712203828
3.848710581605262,0.05613105896943471,0.038487105816052615,-0.731914755063498,-1.1508450160431574
3.848710581605262,0.05984137084644555,0.038487105816052615,-0.8318731339167079,-1.1693700181250355
3.848710581605262,0.06355168272345639,0.038487105816052615,-0.9382274598213786,-1.1886010558647557
3.848710581605262,0.06726199460046722,0.038487105816052615,-1.0509777327775098,-1.2086061899960132
3.848710581605262,0.07097230647747807,0.038487105816052615,-1.1701239527851024,-1.2294598191261468
3.848710581605262,0.0746826183544889,0.038487105816052615,-1.2956661198441555,-1.2512432874697836
3.848710581605262,0.07839293023149975,0.038487105816052615,-1.4276042339546695,-1.2740455487887994
3.848710581605262,0.08210324210851058,0.038487105816052615,-1.565938295116644,-1.2979638905642101
3.848710581605262,0.08581355398552143,0.038487105816052615,-1.71066830333008,-1.323104722336029
3.848710581605262,0.08952386586253226,0.038487105816052615,-1.8617942585949765,-1.349584431918185
3.848710581605262,0.09323417773954311,0.038487105816052615,-2.019316160911334,-1.3775303127831302
3.848710581605262,0.09694448961655394,0.038487105816052615,-2.183234010279152,-1.4070815652588395
3.848710581605262,0.10065480149356479,0.038487105816052615,-2.353547806698431,-1.4383903732227683
3.848710581605262,0.10436511337057562,0.038487105816052615,-2.5302575501691704,-1.4716230566302633
3.848710581605262,0.10807542524758647,0.038487105816052615,-2.7133632406913715,-1.5069612983802525
3.848710581605262,0.1117857371245973,0.038487105816052615,-2.9028648782650324,-1.544603441581197
3.848710581605262,0.11549604900160815,0.038487105816052615,-3.0987624628901553,-1.5847658500976118
3.848710581605262,0.11920636087861898,0.038487105816052615,-3.301055994566738,-1.627684321173052
3.848710581605262,0.12291667275562983,0.038487105816052615,-3.5097454732947826,-1.6736155337597811
3.848710581605262,0.12662698463264066,0.038487105816052615,-3.724830899074287,-1.7228385097401535
3.848710581605262,0.1303372965096515,0.038487105816052615,-3.9463122719052524,-1.7756560572908962
3.848710581605262,0.13404760838666235,0.038487105816052615,-4.1741895917876795,-1.8323961560044797
3.848710581605262,0.13775792026367317,0.038487105816052615,-4.408462858721566,-1.893413231844848
3.848710581605262,0.14146823214068402,0.038487105816052615,-4.649132072706914,-1.9590892564174043
3.848710581605262,0.14517854401769487,0.038487105816052615,-4.896197233743723,-2.029834589291731
3.848710581605262,0.1488888558947057,0.038487105816052615,-5.1496583418319934,-2.10608846427247
3.848710581605262,0.15259916777171653,0.038487105816052615,-5.409515396971723,-2.188319000803216
3.848710581605262,0.15630947964872738,0.038487105816052615,-5.675768399162915,-2.277022600624723
3.848710581605262,0.16001979152573823,0.038487105816052615,-5.948417348405568,-2.372722568291163
3.848710581605262,0.16373010340274907,0.038487105816052615,-6.227462244699681,-2.4759667735848767
3.848710581605262,0.1674404152797599,0.038487105816052615,-6.512903088045253,-2.5873241563119453
3.848710581605262,0.17115072715677074,0.038487105816052615,-6.804739878442288,-2.7073798622341503
3.848710581605262,0.17486103903378158,0.038487105816052615,-7.102972615890785,-2.836728796699691
3.848710581605262,0.17857135091079243,0.038487105816052615,-7.407601300390741,-2.9759673944948464
3.848710581605262,0.18228166278780325,0.038487105816052615,-7.7186259319421575,-3.125683436006721
3.848710581605262,0.1859919746648141,0.038487105816052615,-8.036046510545036,-3.286443796995971
3.848710581605262,0.18970228654182494,0.038487105816052615,-8.359863036199375,-3.458780108217322
3.848710581605262,0.1934125984188358,0.038487105816052615,-8.690075508905176,-3.643172427096209
3.848710581605262,0.1971229102958466,0.038487105816052615,-9.026683928662434,-3.8400311899638684
3.848710581605262,0.20083322217285746,0.038487105816052615,-9.369688295471155,-4.04967791967639
3.848710581605262,0.2045435340498683,0.038487105816052615,-9.719088609331338,-4.272325404090587
3.848710581605262,0.20825384592687915,0.038487105816052615,-10.074884870242983,-4.508058322912538
3.848710581605262,0.21196415780388997,0.038487105816052615,-10.437077078206086,-4.756815562349341
3.848710581605262,0.21567446968090082,0.038487105816052615,-10.805665233220651,-5.018375688296426
3.848710581605262,0.21938478155791166,0.038487105816052615,-11.180649335286677,-5.292347211352211
3.848710581605262,0.2230950934349225,0.038487105816052615,-11.562029384404163,-5.5781653285411705
3.848710581605262,0.22680540531193333,0.038487105816052615,-11.949805380573107,-5.875096726945258
3.848710581605262,0.23051571718894417,0.038487105816052615,-12.343977323793517,-6.182253753251479
3.848710581605262,0.23422602906595502,0.038487105816052615,-12.744545214065386,-6.498618779398228
3.848710581605262,0.23793634094296587,0.038487105816052615,-13.151509051388716,-6.8230789440308
3.848710581605262,0.2416466528199767,0.038487105816052615,-13.564868835763505,-7.154470669863198
3.848710581605262,0.24535696469698753,0.038487105816052615,-13.984624567189757,-7.49163252580266
3.848710581605262,0.24906727657399838,0.038487105816052615,-14.41077624566747,-7.833464218590367
3.848710581605262,0.2527775884510092,0.038487105816052615,-14.843323871196645,-8.178988866271283
3.848710581605262,0.25648790032802005,0.038487105816052615,-15.282267443777275,-8.527415315788886
3.848710581605262,0.2601982122050309,0.038487105816052615,-15.727606963409375,-8.878197177261862
3.848710581605262,0.26390852408204174,0.038487105816052615,-16.179342430092927,-9.23108546926186
3.848710581605262,0.26761883595905256,0.038487105816052615,-16.63747384382794,-9.586172262895708
3.848710581605262,0.27132914783606343,0.038487105816052615,-17.10200120461442,-9.943923393447932
3.848710581605262,0.27503945971307425,0.038487105816052615,-17.57292451245236,-10.305199063932257
3.848710581605262,0.27874977159008507,0.038487105816052615,-18.050243767341755,-10.671261874937095
3.848710581605262,0.28246008346709595,0.038487105816052615,-18.53395896928262,-11.043772373384535
3.848710581605262,0.28617039534410676,0.038487105816052615,-19.024070118274935,-11.424772543740431
3.848710581605262,0.28988070722111764,0.038487105816052615,-19.520577214318724,-11.81665773358211
3.848710581605262,0.29359101909812846,0.038487105816052615,-20.02348025741396,-12.222137318362522
3.848710581605262,0.2973013309751393,0.038487105816052615,-20.53277924756066,-12.644184013623208
3.848710581605262,0.30101164285215015,0.038487105816052615,-21.04847418475883,-13.085971215330362
3.848710581605262,0.30472195472916097,0.038487105816052615,-21.570565069008452,-13.550797195702875
5.236587433074296,0.011607316445304631,0.052365874330742954,-0.030924102111386624,-0.964229291600498
5.236587433074296,0.015317628322315471,0.052365874330742954,-0.053853818712139775,-0.9772796243175028
5.236587433074296,0.01902794019932631,0.052365874330742954,-0.08310305801383304,-0.9905370408819802
5.236587433074296,0.02273825207633715,0.052365874330742954,-0.1186718200164664,-1.0040234249393043
5.236587433074296,0.02644856395334799,0.052365874330742954,-0.16056010472003993,-1.0177626043468422
5.236587433074296,0.03015887583035883,0.052365874330742954,-0.20876791212455353,-1.0317805332266925
5.236587433074296,0.03386918770736967,0.052365874330742954,-0.26329524223000733,-1.046105491931164
5.236587433074296,0.03757949958438051,0.052365874330742954,-0.3241420950364012,-1.060768306736711
5.236587433074296,0.04128981146139135,0.052365874330742954,-0.3913084705437352,-1.075802591255039
5.236587433074296,0.04500012333840219,0.052365874330742954,-0.46479436875200925,-1.0912450117356869
5.236587433074296,0.04871043521541303,0.052365874330742954,-0.5445997896612235,-1.107135578631122
5.236587433074296,0.05242074709242387,0.052365874330742954,-0.6307247332713778,-1.1235179670027566
5.236587433074296,0.05613105896943471,0.052365874330742954,-0.7231691995824723,-1.1404398685623462
5.236587433074296,0.05984137084644555,0.052365874330742954,-0.8219331885945068,-1.1579533783647387
5.236587433074296,0.06355168272345639,0.052365874330742954,-0.9270167003074815,-1.1761154193918175
5.236587433074296,0.06726199460046722,0.052365874330742954,-1.0384197347213961,-1.1949882084868815
5.236587433074296,0.07097230647747807,0.052365874330742954,-1.1561422918362512,-1.2146397673071059
5.236587433074296,0.0746826183544889,0.052365874330742954,-1.280184371652046,-1.2351444821482866
5.236587433074296,0.07839293023149975,0.052365874330742954,-1.4105459741687814,-1.2565837166471745
5.236587433074296,0.08210324210851058,0.052365874330742954,-1.5472270993864563,-1.2790464814657545
5.236587433074296,0.08581355398552143,0.052365874330742954,-1.690227747305072,-1.302630165085131
5.236587433074296,0.08952386586253226,0.052365874330742954,-1.8395479179246275,-1.327441329756594
5.236587433074296,0.09323417773954311,0.052365874330742954,-1.995187611245123,-1.3535965764375337
5.236587433074296,0.09694448961655394,0.052365874330742954,-2.157146827266559,-1.3812234821346552
5.236587433074296,0.10065480149356479,0.052365874330742954,-2.3254255659889345,-1.4104616124313214
5.236587433074296,0.10436511337057562,0.052365874330742954,-2.5000238274122504,-1.4414636110197279
5.236587433074296,0.10807542524758647,0.052365874330742954,-2.680941611536507,-1.474396366709911
5.236587433074296,0.1117857371245973,0.052365874330742954,-2.8681789183617026,-1.509442256543867
5.236587433074296,0.11549604900160815,0.052365874330742954,-3.0617357478878393,-1.5468004611855966
5.236587433074296,0.11920636087861898,0.052365874330742954,-3.2616121001149154,-1.5866883455449514
5.236587433074296,0.12291667275562983,0.052365874330742954,-3.4678079750429323,-1.6293428934624261
5.236587433074296,0.12662698463264066,0.052365874330742954,-3.680323372671889,-1.675022180048761
5.236587433074296,0.1303372965096515,0.052365874330742954,-3.8991582930017854,-1.7240068587346036
5.236587433074296,0.13404760838666235,0.052365874330742954,-4.124312736032623,-1.776601632023783
5.236587433074296,0.13775792026367317,0.052365874330742954,-4.355786701764399,-1.8331366651399525
5.236587433074296,0.14146823214068402,0.052365874330742954,-4.593580190197117,-1.893968890003439
5.236587433074296,0.14517854401769487,0.052365874330742954,-4.837693201330774,-1.9594831331065743
5.236587433074296,0.1488888558947057,0.052365874330742954,-5.088125735165372,-2.0300929847809392
5.236587433074296,0.15259916777171653,0.052365874330742954,-5.344877791700908,-2.106241309106725
5.236587433074296,0.15630947964872738,0.052365874330742954,-5.607949370937386,-2.1884002735375407
5.236587433074296,0.16001979152573823,0.052365874330742954,-5.877340472874804,-2.2770707557258367
5.236587433074296,0.16373010340274907,0.052365874330742954,-6.1530510975131625,-2.372780962951074
5.236587433074296,0.1674404152797599,0.052365874330742954,-6.435081244852459,-2.476084078418239
5.236587433074296,0.17115072715677074,0.052365874330742954,-6.723430914892697,-2.587554730612414
5.236587433074296,0.17486103903378158,0.052365874330742954,-7.0181001076338765,-2.707784069773764
5.236587433074296,0.17857135091079243,0.052365874330742954,-7.319088823075995,-2.8373732332090222
5.236587433074296,0.18228166278780325,0.052365874330742954,-7.626397061219053,-2.976924993344677
5.236587433074296,0.1859919746648141,0.052365874330742954,-7.940024822063051,-3.1270334147844006
5.236587433074296,0.18970228654182494,0.052365874330742954,-8.259972105607991,-3.288271405388582
5.236587433074296,0.1934125984188358,0.052365874330742954,-8.58623891185387,-3.4611761378355794
5.236587433074296,0.1971229102958466,0.052365874330742954,-8.918825240800688,-3.646232447718673
5.236587433074296,0.20083322217285746,0.052365874330742954,-9.257731092448447,-3.8438544853554806
5.236587433074296,0.2045435340498683,0.052365874330742954,-9.602956466797146,-4.054366110775328
5.236587433074296,0.20825384592687915,0.052365874330742954,-9.954501363846786,-4.277980768812477
5.236587433074296,0.21196415780388997,0.052365874330742954,-10.312365783597365,-4.514781850362681
5.236587433074296,0.21567446968090082,0.052365874330742954,-10.676549726048885,-4.76470481422445
5.236587433074296,0.21938478155791166,0.052365874330742954,-11.047053191201345,-5.027522579842703
5.236587433074296,0.2230950934349225,0.052365874330742954,-11.423876179054744,-5.302835865143256
5.236587433074296,0.22680540531193333,0.052365874330742954,-11.807018689609082,-5.590070191842543
5.236587433074296,0.23051571718894417,0.052365874330742954,-12.196480722864363,-5.888481171735357
5.236587433074296,0.23422602906595502,0.052365874330742954,-12.592262278820584,-6.197169390855789
5.236587433074296,0.23793634094296587,0.052365874330742954,-12.994363357477745,-6.515105713593173
5.236587433074296,0.2416466528199767,0.052365874330742954,-13.402783958835842,-6.84116715370537
5.236587433074296,0.24535696469698753,0.052365874330742954,-13.817524082894884,-7.1741826543046034
5.236587433074296,0.24906727657399838,0.052365874330742954,-14.238583729654865,-7.512987265691566
5.236587433074296,0.2527775884510092,0.052365874330742954,-14.665962899115788,-7.85648241108734
5.236587433074296,0.25648790032802005,0.052365874330742954,-15.099661591277645,-8.203699293468038
5.236587433074296,0.2601982122050309,0.052365874330742954,-15.539679806140452,-8.553862113955404
5.236587433074296,0.26390852408204174,0.052365874330742954,-15.986017543704188,-8.906447700498255
5.236587433074296,0.26761883595905256,0.052365874330742954,-16.438674803968865,-9.261238392927078
5.236587433074296,0.27132914783606343,0.052365874330742954,-16.897651586934494,-9.61836555221688
5.236587433074296,0.27503945971307425,0.052365874330742954,-17.362947892601053,-9.978341768164118
5.236587433074296,0.27874977159008507,0.052365874330742954,-17.83456372096855,-10.34208061284814
5.236587433074296,0.28246008346709595,0.052365874330742954,-18.312499072037,-10.710903503605735
5.236587433074296,0.28617039534410676,0.052365874330742954,-18.796753945806376,-11.08653379136259
5.236587433074296,0.28988070722111764,0.052365874330742954,-19.2873283422767,-11.471078503693946
5.236587433074296,0.29359101909812846,0.052365874330742954,-19.78422226144796,-11.866998214956118
5.236587433074296,0.2973013309751393,0.052365874330742954,-20.28743570332016,-12.277065300235959
5.236587433074296,0.30101164285215015,0.052365874330742954,-20.79696866789331,-12.704310407675402
5.236587433074296,0.30472195472916097,0.052365874330742954,-21.312821155167388,-13.151956440445543
6.62446428454333,0.011607316445304631,0.0662446428454333,-0.030550125383848745,-0.96346598691692
6.62446428454333,0.015317628322315471,0.0662446428454333,-0.053202544349675154,-0.9759108983296301
6.62446428454333,0.01902794019932631,0.0662446428454333,-0.08209806166592094,-0.9885483686245582
6.62446428454333,0.02273825207633715,0.0662446428454333,-0.11723667733258615,-1.001398359175666
6.62446428454333,0.02644856395334799,0.0662446428454333,-0.1586183913496708,-1.0144826103939222
6.62446428454333,0.03015887583035883,0.0662446428454333,-0.2062432037171748,-1.0278248079657715
6.62446428454333,0.03386918770736967,0.0662446428454333,-0.26011111443509827,-1.04145076545921
6.62446428454333,0.03757949958438051,0.0662446428454333,-0.3202221235034411,-1.055388624970302
6.62446428454333,0.04128981146139135,0.0662446428454333,-0.38657623092220333,-1.0696690776468305
6.62446428454333,0.04500012333840219,0.0662446428454333,-0.459173436691385,-1.0843256061021043
6.62446428454333,0.04871043521541303,0.0662446428454333,-0.5380137408109861,-1.0993947509210145
6.62446428454333,0.05242074709242387,0.0662446428454333,-0.6230971432810065,-1.114916403661364
6.62446428454333,0.05613105896943471,0.0662446428454333,-0.7144236441014464,-1.1309341289657464
6.62446428454333,0.05984137084644555,0.0662446428454333,-0.8119932432723056,-1.1474955186199418
6.62446428454333,0.06355168272345639,0.0662446428454333,-0.9158059407935843,-1.1646525806220396
6.62446428454333,0.06726199460046722,0.0662446428454333,-1.0258617366652822,-1.1824621665560704
6.62446428454333,0.07097230647747807,0.0662446428454333,-1.1421606308873997,-1.2009864407912074
6.62446428454333,0.0746826183544889,0.0662446428454333,-1.2647026234599366,-1.220293395243603
6.62446428454333,0.07839293023149975,0.0662446428454333,-1.393487714382893,-1.240457413633064
6.62446428454333,0.08210324210851058,0.0662446428454333,-1.5285159036562685,-1.2615598893274074
6.62446428454333,0.08581355398552143,0.0662446428454333,-1.6697871912800637,-1.283689900975622
6.62446428454333,0.08952386586253226,0.0662446428454333,-1.8173015772542782,-1.306944950164576
6.62446428454333,0.09323417773954311,0.0662446428454333,-1.971059061578912,-1.3314317652636722
6.62446428454333,0.09694448961655394,0.0662446428454333,-2.1310596442539653,-1.3572671754113674
6.62446428454333,0.10065480149356479,0.0662446428454333,-2.297303325279438,-1.3845790582006154
6.62446428454333,0.10436511337057562,0.0662446428454333,-2.4697901046553303,-1.4135073639806155
6.62446428454333,0.10807542524758647,0.0662446428454333,-2.648519982381642,-1.4442052187394943
6.62446428454333,0.1117857371245973,0.0662446428454333,-2.8334929584583723,-1.4768401061816387
6.62446428454333,0.11549604900160815,0.0662446428454333,-3.024709032885523,-1.5115951277611481
6.62446428454333,0.11920636087861898,0.0662446428454333,-3.2221682056630927,-1.548670336957148
6.62446428454333,0.12291667275562983,0.0662446428454333,-3.425870476791082,-1.5882841408326227
6.62446428454333,0.12662698463264066,0.0662446428454333,-3.6358158462694905,-1.6306747577397687
6.62446428454333,0.1303372965096515,0.0662446428454333,-3.8520043140983184,-1.6761017147315105
6.62446428454333,0.13404760838666235,0.0662446428454333,-4.074435880277567,-1.7248473616023574
6.62446428454333,0.13775792026367317,0.0662446428454333,-4.3031105448072315,-1.7772183702875104
6.62446428454333,0.14146823214068402,0.0662446428454333,-4.538028307687319,-1.8335471783700834
6.62446428454333,0.14517854401769487,0.0662446428454333,-4.779189168917824,-1.8941933234677437
6.62446428454333,0.1488888558947057,0.0662446428454333,-5.0265931284987495,-1.95954460111715
6.62446428454333,0.15259916777171653,0.0662446428454333,-5.280240186430093,-2.030017962349233
6.62446428454333,0.15630947964872738,0.0662446428454333,-5.540130342711858,-2.106060048484859
6.62446428454333,0.16001979152573823,0.0662446428454333,-5.80626359734404,-2.188147240012724
6.62446428454333,0.16373010340274907,0.0662446428454333,-6.078639950326644,-2.276785074269985
6.62446428454333,0.1674404152797599,0.0662446428454333,-6.357259401659664,-2.372506863967052
6.62446428454333,0.17115072715677074,0.0662446428454333,-6.642121951343106,-2.4758713268592016
6.62446428454333,0.17486103903378158,0.0662446428454333,-6.933227599376968,-2.5874590182325985
6.62446428454333,0.17857135091079243,0.0662446428454333,-7.230576345761247,-2.7078673453313318
6.62446428454333,0.18228166278780325,0.0662446428454333,-7.534168190495946,-2.8377039403383257
6.62446428454333,0.1859919746648141,0.0662446428454333,-7.844003133581065,-2.977578180951501
6.62446428454333,0.18970228654182494,0.0662446428454333,-8.160081175016606,-3.128090680785826
6.62446428454333,0.1934125984188358,0.0662446428454333,-8.482402314802563,-3.2898206322199366
6.62446428454333,0.1971229102958466,0.0662446428454333,-8.81096655293894,-3.463310978392168
6.62446428454333,0.20083322217285746,0.0662446428454333,-9.145773889425735,-3.649051524476425
6.62446428454333,0.2045435340498683,0.0662446428454333,-9.486824324262953,-3.847460274593339
6.62446428454333,0.20825384592687915,0.0662446428454333,-9.834117857450588,-4.058863499302582
6.62446428454333,0.21196415780388997,0.0662446428454333,-10.187654488988642,-4.283475293272178
6.62446428454333,0.21567446968090082,0.0662446428454333,-10.547434218877116,-4.521377659305542
6.62446428454333,0.21938478155791166,0.0662446428454333,-10.913457047116012,-4.772502430022014
6.62446428454333,0.2230950934349225,0.0662446428454333,-11.285722973705324,-5.036616579130497
6.62446428454333,0.22680540531193333,0.0662446428454333,-11.664231998645054,-5.313312639335595
6.62446428454333,0.23051571718894417,0.0662446428454333,-12.048984121935208,-5.602005988322553
6.62446428454333,0.23422602906595502,0.0662446428454333,-12.439979343575779,-5.901940645432289
6.62446428454333,0.23793634094296587,0.0662446428454333,-12.83721766356677,-6.21220490852316
6.62446428454333,0.2416466528199767,0.0662446428454333,-13.24069908190818,-6.53175764337788
6.62446428454333,0.24535696469698753,0.0662446428454333,-13.650423598600009,-6.859465336805781
6.62446428454333,0.24906727657399838,0.0662446428454333,-14.066391213642259,-7.194149193239494
6.62446428454333,0.2527775884510092,0.0662446428454333,-14.48860192703493,-7.534640678661675
6.62446428454333,0.25648790032802005,0.0662446428454333,-14.917055738778012,-7.87984310197231
6.62446428454333,0.2601982122050309,0.0662446428454333,-15.351752648871525,-8.228796183201084
6.62446428454333,0.26390852408204174,0.0662446428454333,-15.792692657315447,-8.580740183680074
6.62446428454333,0.26761883595905256,0.0662446428454333,-16.23987576410979,-8.93517612122307
6.62446428454333,0.27132914783606343,0.0662446428454333,-16.69330196925456,-9.291918868011532
6.62446428454333,0.27503945971307425,0.0662446428454333,-17.152971272749745,-9.651140480357475
6.62446428454333,0.27874977159008507,0.0662446428454333,-17.618883674595345,-10.013401842158771
6.62446428454333,0.28246008346709595,0.0662446428454333,-18.091039174791373,-10.379671494697202
6.62446428454333,0.28617039534410676,0.0662446428454333,-18.569437773337814,-10.751331247440943
6.62446428454333,0.28988070722111764,0.0662446428454333,-19.05407947023468,-11.130168709254775
6.62446428454333,0.29359101909812846,0.0662446428454333,-19.54496426548196,-11.518357174030305
6.62446428454333,0.2973013309751393,0.0662446428454333,-20.042092159079658,-11.918423310919062
6.62446428454333,0.30101164285215015,0.0662446428454333,-20.545463151027786,-12.33320286441689
6.62446428454333,0.30472195472916097,0.0662446428454333,-21.05507724132632,-12.765784122018589
8.012341136012365,0.011607316445304631,0.08012341136012364,-0.03017614865631087,-0.9631451050253039
8.012341136012365,0.015317628322315471,0.08012341136012364,-0.05255126998721053,-0.9750123441742664
8.012341136012365,0.01902794019932631,0.08012341136012364,-0.08109306531800888,-0.9870587167050582
8.012341136012365,0.02273825207633715,0.08012341136012364,-0.1158015346487059,-0.9993024231294507
8.012341136012365,0.02644856395334799,0.08012341136012364,-0.15667667797930165,-1.0117632915605546
8.012341136012365,0.03015887583035883,0.08012341136012364,-0.2037184953097961,-1.0244629294630228
8.012341136012365,0.03386918770736967,0.08012341136012364,-0.25692698664018926,-1.0374248903458136
8.012341136012365,0.03757949958438051,0.08012341136012364,-0.31630215197048106,-1.050674856935272
8.012341136012365,0.04128981146139135,0.08012341136012364,-0.3818439913006716,-1.0642408425202845
8.012341136012365,0.04500012333840219,0.08012341136012364,-0.4535525046307608,-1.0781534123278789
8.012341136012365,0.04871043521541303,0.08012341136012364,-0.5314276919607487,-1.0924459269675637
8.012341136012365,0.05242074709242387,0.08012341136012364,-0.6154695532906354,-1.1071548101752384
8.012341136012365,0.05613105896943471,0.08012341136012364,-0.7056780886204206,-1.1223198432930603
8.012341136012365,0.05984137084644555,0.08012341136012364,-0.8020532979501046,-1.1379844891382929
8.012341136012365,0.06355168272345639,0.08012341136012364,-0.9045951812796873,-1.1541962481410204
8.012341136012365,0.06726199460046722,0.08012341136012364,-1.0133037386091683,-1.171007049864147
8.012341136012365,0.07097230647747807,0.08012341136012364,-1.1281789699385485,-1.1884736832562686
8.012341136012365,0.0746826183544889,0.08012341136012364,-1.249220875267827,-1.2066582692222525
8.012341136012365,0.07839293023149975,0.08012341136012364,-1.3764294545970046,-1.2256287793210046
8.012341136012365,0.08210324210851058,0.08012341136012364,-1.5098047079260808,-1.2454596046039832
8.012341136012365,0.08581355398552143,0.08012341136012364,-1.6493466352550559,-1.2662321787780586
8.012341136012365,0.08952386586253226,0.08012341136012364,-1.7950552365839292,-1.2880356599951295
8.012341136012365,0.09323417773954311,0.08012341136012364,-1.9469305119127014,-1.3109676756146422
8.012341136012365,0.09694448961655394,0.08012341136012364,-2.1049724612413723,-1.3351351342254096
8.012341136012365,0.10065480149356479,0.08012341136012364,-2.269181084569942,-1.360655109012539
8.012341136012365,0.10436511337057562,0.08012341136012364,-2.43955638189841,-1.387655796167123
8.012341136012365,0.10807542524758647,0.08012341136012364,-2.616098353226777,-1.4162775514034118
8.012341136012365,0.1117857371245973,0.08012341136012364,-2.7988069985550426,-1.4466740066984878
8.012341136012365,0.11549604900160815,0.08012341136012364,-2.9876823178832073,-1.4790132680172592
8.012341136012365,0.11920636087861898,0.08012341136012364,-3.18272431121127,-1.5134791929240619
8.012341136012365,0.12291667275562983,0.08012341136012364,-3.383932978539232,-1.550272744487927
8.012341136012365,0.12662698463264066,0.08012341136012364,-3.5913083198670925,-1.5896134146122716
8.012341136012365,0.1303372965096515,0.08012341136012364,-3.8048503351948515,-1.6317407056911772
8.012341136012365,0.13404760838666235,0.08012341136012364,-4.02455902452251,-1.676915654118389
8.012341136012365,0.13775792026367317,0.08012341136012364,-4.250434387850065,-1.7254223724364364
8.012341136012365,0.14146823214068402,0.08012341136012364,-4.482476425177521,-1.777569578580703
8.012341136012365,0.14517854401769487,0.08012341136012364,-4.7206851365048745,-1.8336920705110442
8.012341136012365,0.1488888558947057,0.08012341136012364,-4.965060521832128,-1.894152092308869
8.012341136012365,0.15259916777171653,0.08012341136012364,-5.2156025811592786,-1.959340523366354
8.012341136012365,0.15630947964872738,0.08012341136012364,-5.472311314486329,-2.029677805502237
8.012341136012365,0.16001979152573823,0.08012341136012364,-5.735186721813278,-2.1056145037334355
8.012341136012365,0.16373010340274907,0.08012341136012364,-6.004228803140125,-2.187631375248605
8.012341136012365,0.1674404152797599,0.08012341136012364,-6.27943755846687,-2.276238798407184
8.012341136012365,0.17115072715677074,0.08012341136012364,-6.560812987793515,-2.371975390280955
8.012341136012365,0.17486103903378158,0.08012341136012364,-6.84835509112006,-2.4754056188814344
8.012341136012365,0.17857135091079243,0.08012341136012364,-7.142063868446501,-2.5871161969982266
8.012341136012365,0.18228166278780325,0.08012341136012364,-7.441939319772842,-2.7077110315923747
8.012341136012365,0.1859919746648141,0.08012341136012364,-7.7479814450990805,-2.837804500001898
8.012341136012365,0.18970228654182494,0.08012341136012364,-8.06019024442522,-2.978012836900934
8.012341136012365,0.1934125984188358,0.08012341136012364,-8.378565717751258,-3.128943450025619
8.012341136012365,0.1971229102958466,0.08012341136012364,-8.703107865077191,-3.2911820447973774
8.012341136012365,0.20083322217285746,0.08012341136012364,-9.033816686403025,-3.4652775348597666
8.012341136012365,0.2045435340498683,0.08012341136012364,-9.37069218172876,-3.6517248530231337
8.012341136012365,0.20825384592687915,0.08012341136012364,-9.713734351054391,-3.8509459587297528
8.012341136012365,0.21196415780388997,0.08012341136012364,-10.06294319437992,-4.063269563392905
8.012341136012365,0.21567446968090082,0.08012341136012364,-10.41831871170535,-4.288910357184748
8.012341136012365,0.21938478155791166,0.08012341136012364,-10.779860903030679,-4.527948805256667
8.012341136012365,0.2230950934349225,0.08012341136012364,-11.147569768355904,-4.780312863530516
8.012341136012365,0.22680540531193333,0.08012341136012364,-11.521445307681027,-5.045763209711129
8.012341136012365,0.23051571718894417,0.08012341136012364,-11.901487521006052,-5.323883751362018
8.012341136012365,0.23422602906595502,0.08012341136012364,-12.287696408330977,-5.614079213030542
8.012341136012365,0.23793634094296587,0.08012341136012364,-12.680071969655797,-5.915581474773878
8.012341136012365,0.2416466528199767,0.08012341136012364,-13.078614204980516,-6.2274660036237055
8.012341136012365,0.24535696469698753,0.08012341136012364,-13.483323114305135,-6.548679178641921
8.012341136012365,0.24906727657399838,0.08012341136012364,-13.894198697629653,-6.878076581487217
8.012341136012365,0.2527775884510092,0.08012341136012364,-14.311240954954071,-7.214471465348122
8.012341136012365,0.25648790032802005,0.08012341136012364,-14.734449886278382,-7.556691715630726
8.012341136012365,0.2601982122050309,0.08012341136012364,-15.163825491602601,-7.903642787120631
8.012341136012365,0.26390852408204174,0.08012341136012364,-15.59936777092671,-8.254373458490992
8.012341136012365,0.26761883595905256,0.08012341136012364,-16.041076724250715,-8.6081408805938
8.012341136012365,0.27132914783606343,0.08012341136012364,-16.488952351574632,-8.964471364348775
8.012341136012365,0.27503945971307425,0.08012341136012364,-16.942994652898438,-9.323213657838899
8.012341136012365,0.27874977159008507,0.08012341136012364,-17.40320362822214,-9.684582044877509
8.012341136012365,0.28246008346709595,0.08012341136012364,-17.869579277545753,-10.049187357025806
8.012341136012365,0.28617039534410676,0.08012341136012364,-18.342121600869252,-10.41805479949681
8.012341136012365,0.28988070722111764,0.08012341136012364,-18.82083059819266,-10.792628218196961
8.012341136012365,0.29359101909812846,0.08012341136012364,-19.30570626951596,-11.174760971085252
8.012341136012365,0.2973013309751393,0.08012341136012364,-19.796748614839156,-11.566693841055246
8.012341136012365,0.30101164285215015,0.08012341136012364,-20.29395763416226,-11.971020415469654
8.012341136012365,0.30472195472916097,0.08012341136012364,-20.797333327485255,-12.390640082469398
9.4002179874814,0.011607316445304631,0.09400217987481399,-0.02980217192877299,-0.9632852451815461
9.4002179874814,0.015317628322315471,0.09400217987481399,-0.05189999562474591,-0.9746008396054853
9.4002179874814,0.01902794019932631,0.09400217987481399,-0.0800880689700968,-0.9860831659816407
9.4002179874814,0.02273825207633715,0.09400217987481399,-0.11436639196482568,-0.9977488125197702
9.4002179874814,0.02644856395334799,0.09400217987481399,-0.15473496460893255,-1.0096158562432285
9.4002179874814,0.03015887583035883,0.09400217987481399,-0.20119378690241738,-1.0217040014768886
9.4002179874814,0.03386918770736967,0.09400217987481399,-0.25374285884528025,-1.0340347319659484
9.4002179874814,0.03757949958438051,0.09400217987481399,-0.31238218043752103,-1.0466314780364199
9.4002179874814,0.04128981146139135,0.09400217987481399,-0.37711175167913985,-1.0595198003521
9.4002179874814,0.04500012333840219,0.09400217987481399,-0.4479315725701366,-1.0727275919791843
9.4002179874814,0.04871043521541303,0.09400217987481399,-0.5248416431105114,-1.086285300639541
9.4002179874814,0.05242074709242387,0.09400217987481399,-0.6078419633002641,-1.1002261732167717
9.4002179874814,0.05613105896943471,0.09400217987481399,-0.6969325331393948,-1.1145865247760156
9.4002179874814,0.05984137084644555,0.09400217987481399,-0.7921133526279035,-1.1294060345680066
9.4002179874814,0.06355168272345639,0.09400217987481399,-0.8933844217657902,-1.1447280717100474
9.4002179874814,0.06726199460046722,0.09400217987481399,-1.0007457405530547,-1.1606000534686656
9.4002179874814,0.07097230647747807,0.09400217987481399,-1.1141973089896973,-1.1770738393089637
9.4002179874814,0.0746826183544889,0.09400217987481399,-1.2337391270757179,-1.1942061641197608
9.4002179874814,0.07839293023149975,0.09400217987481399,-1.3593711948111165,-1.2120591142657409
9.4002179874814,0.08210324210851058,0.09400217987481399,-1.491093512195893,-1.2307006503513227
9.4002179874814,0.08581355398552143,0.09400217987481399,-1.6289060792300478,-1.250205180793893
9.4002179874814,0.08952386586253226,0.09400217987481399,-1.7728088959135802,-1.2706541904848505
9.4002179874814,0.09323417773954311,0.09400217987481399,-1.9228019622464907,-1.292136928945676
9.4002179874814,0.09694448961655394,0.09400217987481399,-2.078885278228779,-1.3147511624412482
9.4002179874814,0.10065480149356479,0.09400217987481399,-2.2410588438604457,-1.3386039944637496
9.4002179874814,0.10436511337057562,0.09400217987481399,-2.40932265914149,-1.3638127588101048
9.4002179874814,0.10807542524758647,0.09400217987481399,-2.5836767240719127,-1.3905059890972096
9.4002179874814,0.1117857371245973,0.09400217987481399,-2.7641210386517128,-1.418824467932974
9.4002179874814,0.11549604900160815,0.09400217987481399,-2.9506556028808912,-1.448922358015535
9.4002179874814,0.11920636087861898,0.09400217987481399,-3.1432804167594477,-1.4809684160784515
9.4002179874814,0.12291667275562983,0.09400217987481399,-3.341995480287382,-1.515147288729727
9.4002179874814,0.12662698463264066,0.09400217987481399,-3.5468007934646946,-1.5516608867185537
9.4002179874814,0.1303372965096515,0.09400217987481399,-3.7576963562913845,-1.5907298308539648
9.4002179874814,0.13404760838666235,0.09400217987481399,-3.9746821687674534,-1.6325949585191228
9.4002179874814,0.13775792026367317,0.09400217987481399,-4.197758230892899,-1.6775188742732388
9.4002179874814,0.14146823214068402,0.09400217987481399,-4.426924542667724,-1.7257875211875335
9.4002179874814,0.14517854401769487,0.09400217987481399,-4.662181104091926,-1.77771174108483
9.4002179874814,0.1488888558947057,0.09400217987481399,-4.9035279151655065,-1.833628781498441
9.4002179874814,0.15259916777171653,0.09400217987481399,-5.1509649758884635,-1.8939036947042966
9.4002179874814,0.15630947964872738,0.09400217987481399,-5.4044922862608,-1.9589305594170359
9.4002179874814,0.16001979152573823,0.09400217987481399,-5.664109846282515,-2.029133438563619
9.4002179874814,0.16373010340274907,0.09400217987481399,-5.929817655953607,-2.1049669669801476
9.4002179874814,0.1674404152797599,0.09400217987481399,-6.201615715274076,-2.186916441154085
9.4002179874814,0.17115072715677074,0.09400217987481399,-6.479504024243924,-2.27549725980119
9.4002179874814,0.17486103903378158,0.09400217987481399,-6.763482582863151,-2.3712535401024333
9.4002179874814,0.17857135091079243,0.09400217987481399,-7.053551391131755,-2.4747557113860257
9.4002179874814,0.18228166278780325,0.09400217987481399,-7.349710449049737,-2.586596868211106
9.4002179874814,0.1859919746648141,0.09400217987481399,-7.651959756617096,-2.7073876513693866
9.4002179874814,0.18970228654182494,0.09400217987481399,-7.960299313833835,-2.8377494224574678
9.4002179874814,0.1934125984188358,0.09400217987481399,-8.274729120699952,-2.9783055106349634
9.4002179874814,0.1971229102958466,0.09400217987481399,-8.595249177215445,-3.129670345195718
9.4002179874814,0.20083322217285746,0.09400217987481399,-8.921859483380315,-3.2924363515339934
9.4002179874814,0.2045435340498683,0.09400217987481399,-9.254560039194567,-3.467158587940572
9.4002179874814,0.20825384592687915,0.09400217987481399,-9.593350844658195,-3.6543372424311897
9.4002179874814,0.21196415780388997,0.09400217987481399,-9.9382318997712,-3.854398296128135
9.4002179874814,0.21567446968090082,0.09400217987481399,-10.289203204533584,-4.067672891972309
9.4002179874814,0.21938478155791166,0.09400217987481399,-10.646264758945346,-4.2943762177278115
9.4002179874814,0.2230950934349225,0.09400217987481399,-11.009416563006486,-4.534587004845504
9.4002179874814,0.22680540531193333,0.09400217987481399,-11.378658616717003,-4.788229034219421
9.4002179874814,0.23051571718894417,0.09400217987481399,-11.753990920076898,-5.055056290337839
9.4002179874814,0.23422602906595502,0.09400217987481399,-12.135413473086173,-5.334643572419489
9.4002179874814,0.23793634094296587,0.09400217987481399,-12.522926275744826,-5.6263844064544175
9.4002179874814,0.2416466528199767,0.09400217987481399,-12.916529328052853,-5.929497960690996
9.4002179874814,0.24535696469698753,0.09400217987481399,-13.316222630010262,-6.243046317306515
9.4002179874814,0.24906727657399838,0.09400217987481399,-13.722006181617049,-6.5659628868567275
9.4002179874814,0.2527775884510092,0.09400217987481399,-14.133879982873214,-6.897091994338819
9.4002179874814,0.25648790032802005,0.09400217987481399,-14.551844033778751,-7.235238777701264
9.4002179874814,0.2601982122050309,0.09400217987481399,-14.975898334333676,-7.579227615999001
9.4002179874814,0.26390852408204174,0.09400217987481399,-15.406042884537971,-7.927966460872708
9.4002179874814,0.26761883595905256,0.09400217987481399,-15.842277684391643,-8.280513798947785
9.4002179874814,0.27132914783606343,0.09400217987481399,-16.2846027338947,-8.63614461975374
9.4002179874814,0.27503945971307425,0.09400217987481399,-16.73301803304713,-8.994411756553927
9.4002179874814,0.27874977159008507,0.09400217987481399,-17.187523581848936,-9.355199302339571
9.4002179874814,0.28246008346709595,0.09400217987481399,-17.64811938030013,-9.718765418563638
9.4002179874814,0.28617039534410676,0.09400217987481399,-18.114805428400693,-10.085772641680176
9.4002179874814,0.28988070722111764,0.09400217987481399,-18.587581726150642,-10.457304618431088
9.4002179874814,0.29359101909812846,0.09400217987481399,-19.06644827354996,-10.834868931397654
9.4002179874814,0.2973013309751393,0.09400217987481399,-19.551405070598655,-11.220386201833502
9.4002179874814,0.30101164285215015,0.09400217987481399,-20.04245211729674,-11.616165908445543
9.4002179874814,0.30472195472916097,0.09400217987481399,-20.53958941364419,-12.024869319002017
10.788094838950434,0.011607316445304631,0.10788094838950434,-0.029428195201235116,-0.9639009630714801
10.788094838950434,0.015317628322315471,0.10788094838950434,-0.0512487212622813,-0.9746893347471941
10.788094838950434,0.01902794019932631,0.10788094838950434,-0.07908307262218474,-0.9856329885869748
10.788094838950434,0.02273825207633715,0.10788094838950434,-0.11293124928094543,-0.9967470371240355
10.788094838950434,0.02644856395334799,0.10788094838950434,-0.15279325123856344,-1.0080479545488208
10.788094838950434,0.03015887583035883,0.10788094838950434,-0.19866907849503868,-1.0195537030656814
10.788094838950434,0.03386918770736967,0.10788094838950434,-0.25055873105037124,-1.0312838716753507
10.788094838950434,0.03757949958438051,0.10788094838950434,-0.308462208904561,-1.0432598286753088
10.788094838950434,0.04128981146139135,0.10788094838950434,-0.3723795120576081,-1.0555048893039984
10.788094838950434,0.04500012333840219,0.10788094838950434,-0.4423106405095124,-1.0680445001010899
10.788094838950434,0.04871043521541303,0.10788094838950434,-0.518255594260274,-1.0809064417150367
10.788094838950434,0.05242074709242387,0.10788094838950434,-0.6002143733098929,-1.0941210520624054
10.788094838950434,0.05613105896943471,0.10788094838950434,-0.688186977658369,-1.1077214719297812
10.788094838950434,0.05984137084644555,0.10788094838950434,-0.7821734073057024,-1.1217439153102253
10.788094838950434,0.06355168272345639,0.10788094838950434,-0.8821736622518931,-1.1362279669803579
10.788094838950434,0.06726199460046722,0.10788094838950434,-0.9881877424969409,-1.1512169100513407
10.788094838950434,0.07097230647747807,0.10788094838950434,-1.100215648040846,-1.1667580864653662
10.788094838950434,0.0746826183544889,0.10788094838950434,-1.2182573788836084,-1.182903293655821
10.788094838950434,0.07839293023149975,0.10788094838950434,-1.3423129350252283,-1.1997092208408349
10.788094838950434,0.08210324210851058,0.10788094838950434,-1.4723823164657053,-1.217237928670306
10.788094838950434,0.08581355398552143,0.10788094838950434,-1.6084655232050398,-1.2355573761887717
10.788094838950434,0.08952386586253226,0.10788094838950434,-1.7505625552432311,-1.254741999299318
10.788094838950434,0.09323417773954311,0.10788094838950434,-1.89867341258028,-1.274873345104952
10.788094838950434,0.09694448961655394,0.10788094838950434,-2.052798095216186,-1.2960407666434808
10.788094838950434,0.10065480149356479,0.10788094838950434,-2.212936603150949,-1.318342182598606
10.788094838950434,0.10436511337057562,0.10788094838950434,-2.3790889363845698,-1.341884906532079
10.788094838950434,0.10807542524758647,0.10788094838950434,-2.5512550949170483,-1.3667865500024954
10.788094838950434,0.1117857371245973,0.10788094838950434,-2.729435078748383,-1.3931760035670342
10.788094838950434,0.11549604900160815,0.10788094838950434,-2.9136288878785757,-1.421194499043577
10.788094838950434,0.11920636087861898,0.10788094838950434,-3.103836522307625,-1.4509967554687604
10.788094838950434,0.12291667275562983,0.10788094838950434,-3.3000579820355322,-1.4827522098312658
10.788094838950434,0.12662698463264066,0.10788094838950434,-3.502293267062296,-1.5166463317803327
10.788094838950434,0.1303372965096515,0.10788094838950434,-3.7105423773879176,-1.5528820189751196
10.788094838950434,0.13404760838666235,0.10788094838950434,-3.924805313012397,-1.5916810663965117
10.788094838950434,0.13775792026367317,0.10788094838950434,-4.145082073935732,-1.6332856986078665
10.788094838950434,0.14146823214068402,0.10788094838950434,-4.371372660157926,-1.6779601484207225
10.788094838950434,0.14517854401769487,0.10788094838950434,-4.603677071678976,-1.7259922584646334
10.788094838950434,0.1488888558947057,0.10788094838950434,-4.841995308498885,-1.7776950735321613
10.788094838950434,0.15259916777171653,0.10788094838950434,-5.086327370617648,-1.8334083810164241
10.788094838950434,0.15630947964872738,0.10788094838950434,-5.336673258035272,-1.893500144038108
10.788094838950434,0.16001979152573823,0.10788094838950434,-5.593032970751752,-1.9583677567692401
10.788094838950434,0.16373010340274907,0.10788094838950434,-5.855406508767089,-2.0284390338810576
10.788094838950434,0.1674404152797599,0.10788094838950434,-6.123793872081281,-2.1041728259909434
10.788094838950434,0.17115072715677074,0.10788094838950434,-6.398195060694333,-2.18605913069373
10.788094838950434,0.17486103903378158,0.10788094838950434,-6.678610074606243,-2.274618544791233
10.788094838950434,0.17857135091079243,0.10788094838950434,-6.965038913817009,-2.3704008786808215
10.788094838950434,0.18228166278780325,0.10788094838950434,-7.257481578326631,-2.473982730127383
10.788094838950434,0.1859919746648141,0.10788094838950434,-7.555938068135111,-2.5859637941772062
10.788094838950434,0.18970228654182494,0.10788094838950434,-7.860408383242451,-2.7069616720562326
10.788094838950434,0.1934125984188358,0.10788094838950434,-8.170892523648646,-2.8376049388552165
10.788094838950434,0.1971229102958466,0.10788094838950434,-8.487390489353697,-2.9785242430724246
10.788094838950434,0.20083322217285746,0.10788094838950434,-8.809902280357607,-3.130341247103651
10.788094838950434,0.2045435340498683,0.10788094838950434,-9.138427896660374,-3.293655283679062
10.788094838950434,0.20825384592687915,0.10788094838950434,-9.472967338261999,-3.469027706248702
10.788094838950434,0.21196415780388997,0.10788094838950434,-9.813520605162479,-3.656964057628029
10.788094838950434,0.21567446968090082,0.10788094838950434,-10.160087697361817,-3.8578943745573904
10.788094838950434,0.21938478155791166,0.10788094838950434,-10.512668614860015,-4.0721521854805305
10.788094838950434,0.2230950934349225,0.10788094838950434,-10.871263357657067,-4.299953037400521
10.788094838950434,0.22680540531193333,0.10788094838950434,-11.235871925752976,-4.541373688840994
10.788094838950434,0.23051571718894417,0.10788094838950434,-11.606494319147744,-4.796333402981319
10.788094838950434,0.23422602906595502,0.10788094838950434,-11.98313053784137,-5.064579030509357
10.788094838950434,0.23793634094296587,0.10788094838950434,-12.365780581833853,-5.345675739468542
10.788094838950434,0.2416466528199767,0.10788094838950434,-12.75444445112519,-5.639005279254151
10.788094838950434,0.24535696469698753,0.10788094838950434,-13.149122145715388,-5.94377351175054
10.788094838950434,0.24906727657399838,0.10788094838950434,-13.549813665604443,-6.259028572412542
10.788094838950434,0.2527775884510092,0.10788094838950434,-13.956519010792357,-6.58369043110241
10.788094838950434,0.25648790032802005,0.10788094838950434,-14.36923818127912,-6.91659183415383
10.788094838950434,0.2601982122050309,0.10788094838950434,-14.787971177064753,-7.256529690987805
10.788094838950434,0.26390852408204174,0.10788094838950434,-15.212717998149232,-7.60232502022266
10.788094838950434,0.26761883595905256,0.10788094838950434,-15.643478644532568,-7.952888712091733
10.788094838950434,0.27132914783606343,0.10788094838950434,-16.08025311621477,-8.307289716760732
10.788094838950434,0.27503945971307425,0.10788094838950434,-16.523041413195827,-8.664821928365576
10.788094838950434,0.27874977159008507,0.10788094838950434,-16.971843535475735,-9.025066052916198
10.788094838950434,0.28246008346709595,0.10788094838950434,-17.426659483054507,-9.38794311616262
10.788094838950434,0.28617039534410676,0.10788094838950434,-17.88748925593213,-9.753756916975362
10.788094838950434,0.28988070722111764,0.10788094838950434,-18.35433285410862,-10.12322354766384
10.788094838950434,0.29359101909812846,0.10788094838950434,-18.82719027758396,-10.497486945576792
10.788094838950434,0.2973013309751393,0.10788094838950434,-19.306061526358157,-10.878120173423918
10.788094838950434,0.30101164285215015,0.10788094838950434,-19.790946600431216,-11.267112639028463
10.788094838950434,0.30472195472916097,0.10788094838950434,-20.281845499803126,-11.666843692601049
12.175971690419468,0.011607316445304631,0.12175971690419468,-0.029054218473697234,-0.9650030356760704
12.175971690419468,0.015317628322315471,0.12175971690419468,-0.05059744689981667,-0.9752871158438934
12.175971690419468,0.01902794019932631,0.12175971690419468,-0.07807807627427264,-0.9857159108695788
12.175971690419468,0.02273825207633715,0.12175971690419468,-0.11149610659706517,-0.9963031831730964
12.175971690419468,0.02644856395334799,0.12175971690419468,-0.1508515378681943,-1.0070639403620243
12.175971690419468,0.03015887583035883,0.12175971690419468,-0.19614437008765995,-1.0180145504986928
12.175971690419468,0.03386918770736967,0.12175971690419468,-0.2473746032554622,-1.0291728686876622
12.175971690419468,0.03757949958438051,0.12175971690419468,-0.30454223737160097,-1.0405583761651194
12.175971690419468,0.04128981146139135,0.12175971690419468,-0.3676472724360763,-1.0521923331957392
12.175971690419468,0.04500012333840219,0.12175971690419468,-0.43668970844888816,-1.0640979472185332
12.175971690419468,0.04871043521541303,0.12175971690419468,-0.5116695454100366,-1.076300557831801
12.175971690419468,0.05242074709242387,0.12175971690419468,-0.5925867833195216,-1.0888278403693574
12.175971690419468,0.05613105896943471,0.12175971690419468,-0.6794414221773432,-1.1017100299963634
12.175971690419468,0.05984137084644555,0.12175971690419468,-0.7722334619835012,-1.1149801684435507
12.175971690419468,0.06355168272345639,0.12175971690419468,-0.8709629027379959,-1.1286743757034685
12.175971690419468,0.06726199460046722,0.12175971690419468,-0.975629744440827,-1.1428321492316735
12.175971690419468,0.07097230647747807,0.12175971690419468,-1.0862339870919948,-1.1574966934283424
12.175971690419468,0.0746826183544889,0.12175971690419468,-1.202775630691499,-1.172715282419854
12.175971690419468,0.07839293023149975,0.12175971690419468,-1.32525467523934,-1.1885396594138244
12.175971690419468,0.08210324210851058,0.12175971690419468,-1.4536711207355173,-1.2050264761598477
12.175971690419468,0.08581355398552143,0.12175971690419468,-1.5880249671800315,-1.222237776307212
12.175971690419468,0.08952386586253226,0.12175971690419468,-1.7283162145728819,-1.2402415267023104
12.175971690419468,0.09323417773954311,0.12175971690419468,-1.8745448629140689,-1.2591122009016624
12.175971690419468,0.09694448961655394,0.12175971690419468,-2.0267109122035927,-1.2789314193780204
12.175971690419468,0.10065480149356479,0.12175971690419468,-2.1848143624414527,-1.2997886510486838
12.175971690419468,0.10436511337057562,0.12175971690419468,-2.3488552136276493,-1.3217819808330988
12.175971690419468,0.10807542524758647,0.12175971690419468,-2.518833465762183,-1.3450189479210541
12.175971690419468,0.1117857371245973,0.12175971690419468,-2.6947491188450527,-1.369617459264596
12.175971690419468,0.11549604900160815,0.12175971690419468,-2.876602172876259,-1.3957067824475669
12.175971690419468,0.11920636087861898,0.12175971690419468,-3.0643926278558022,-1.4234286214753347
12.175971690419468,0.12291667275562983,0.12175971690419468,-3.258120483783682,-1.4529382780894107
12.175971690419468,0.12662698463264066,0.12175971690419468,-3.4577857406598977,-1.4844058998534324
12.175971690419468,0.1303372965096515,0.12175971690419468,-3.66338839848445,-1.5180178143680108
12.175971690419468,0.13404760838666235,0.12175971690419468,-3.87492845725734,-1.5539779464165875
12.175971690419468,0.13775792026367317,0.12175971690419468,-4.0924059169785645,-1.5925093114637132
12.175971690419468,0.14146823214068402,0.12175971690419468,-4.315820777648128,-1.6338555745363692
12.175971690419468,0.14517854401769487,0.12175971690419468,-4.545173039266026,-1.6782826579049388
12.175971690419468,0.1488888558947057,0.12175971690419468,-4.7804627018322625,-1.7260803739082924
12.175971690419468,0.15259916777171653,0.12175971690419468,-5.021689765346833,-1.7775640504808177
12.175971690419468,0.15630947964872738,0.12175971690419468,-5.268854229809742,-1.833076106176934
12.175971690419468,0.16001979152573823,0.12175971690419468,-5.521956095220988,-1.8929875184977396
12.175971690419468,0.16373010340274907,0.12175971690419468,-5.78099536158057,-1.95769911389326
12.175971690419468,0.1674404152797599,0.12175971690419468,-6.045972028888486,-2.027642589812741
12.175971690419468,0.17115072715677074,0.12175971690419468,-6.316886097144741,-2.10328115861602
12.175971690419468,0.17486103903378158,0.12175971690419468,-6.593737566349334,-2.1851096802772307
12.175971690419468,0.17857135091079243,0.12175971690419468,-6.876526436502261,-2.2736541261727385
12.175971690419468,0.18228166278780325,0.12175971690419468,-7.165252707603526,-2.369470190872523
12.175971690419468,0.1859919746648141,0.12175971690419468,-7.459916379653126,-2.473140844390663
12.175971690419468,0.18970228654182494,0.12175971690419468,-7.760517452651064,-2.585272596222805
12.175971690419468,0.1934125984188358,0.12175971690419468,-8.06705592659734,-2.7064902280911847
12.175971690419468,0.1971229102958466,0.12175971690419468,-8.379531801491948,-2.8374297491060103
12.175971690419468,0.20083322217285746,0.12175971690419468,-8.697945077334895,-2.9787293406586404
12.175971690419468,0.2045435340498683,0.12175971690419468,-9.02229575412618,-3.1310180954627906
12.175971690419468,0.20825384592687915,0.12175971690419468,-9.3525838318658,-3.2949024231541735
12.175971690419468,0.21196415780388997,0.12175971690419468,-9.688809310553756,-3.4709501012055837
12.175971690419468,0.21567446968090082,0.12175971690419468,-10.03097219019005,-3.659672101035788
12.175971690419468,0.21938478155791166,0.12175971690419468,-10.37907247077468,-3.861502518897449
12.175971690419468,0.2230950934349225,0.12175971690419468,-10.733110152307647,-4.076777188572397
12.175971690419468,0.22680540531193333,0.12175971690419468,-11.093085234788948,-4.3057118402376
12.175971690419468,0.23051571718894417,0.12175971690419468,-11.458997718218589,-4.548380979972394
12.175971690419468,0.23422602906595502,0.12175971690419468,-11.830847602596565,-4.804698969234546
12.175971690419468,0.23793634094296587,0.12175971690419468,-12.208634887922878,-5.074405044130823
12.175971690419468,0.2416466528199767,0.12175971690419468,-12.592359574197527,-5.357054182368546
12.175971690419468,0.24535696469698753,0.12175971690419468,-12.982021661420513,-5.652015749482348
12.175971690419468,0.24906727657399838,0.12175971690419468,-13.377621149591835,-5.958481687837766
12.175971690419468,0.2527775884510092,0.12175971690419468,-13.779158038711497,-6.275485619843541
12.175971690419468,0.25648790032802005,0.12175971690419468,-14.186632328779488,-6.601933615285191
12.175971690419468,0.2601982122050309,0.12175971690419468,-14.600044019795826,-6.936646552183036
12.175971690419468,0.26390852408204174,0.12175971690419468,-15.019393111760492,-7.27841305109933
12.175971690419468,0.26761883595905256,0.12175971690419468,-15.444679604673492,-7.626050989202706
12.175971690419468,0.27132914783606343,0.12175971690419468,-15.87590349853484,-7.978474728063374
12.175971690419468,0.27503945971307425,0.12175971690419468,-16.313064793344516,-8.334764542087829
12.175971690419468,0.27874977159008507,0.12175971690419468,-16.756163489102526,-8.6942344099374
12.175971690419468,0.28246008346709595,0.12175971690419468,-17.205199585808884,-9.056494377412456
12.175971690419468,0.28617039534410676,0.12175971690419468,-17.66017308346357,-9.421504103410898
12.175971690419468,0.28988070722111764,0.12175971690419468,-18.121083982066597,-9.789614885600677
12.175971690419468,0.29359101909812846,0.12175971690419468,-18.587932281617956,-10.161598307182324
12.175971690419468,0.2973013309751393,0.12175971690419468,-19.06071798211765,-10.538660505522305
12.175971690419468,0.30101164285215015,0.12175971690419468,-19.53944108356569,-10.92244179760337
12.175971690419468,0.30472195472916097,0.12175971690419468,-20.024101585962057,-11.315001896312218
13.5638485418885,0.011607316445304631,0.135638485418885,-0.02868024174615936,-0.9665987018000637
13.5638485418885,0.015317628322315471,0.135638485418885,-0.04994617253735205,-0.9764000433927471
13.5638485418885,0.01902794019932631,0.135638485418885,-0.07707307992636057,-0.9863363493230874
13.5638485418885,0.02273825207633715,0.135638485418885,-0.11006096391318494,-0.9964201472259093
13.5638485418885,0.02644856395334799,0.135638485418885,-0.14890982449782517,-1.0066651032654725
13.5638485418885,0.03015887583035883,0.135638485418885,-0.19361966168028125,-1.0170861272706881
13.5638485418885,0.03386918770736967,0.135638485418885,-0.2441904754605532,-1.0276994881782198
13.5638485418885,0.03757949958438051,0.135638485418885,-0.30062226583864093,-1.0385229408623404
13.5638485418885,0.04128981146139135,0.135638485418885,-0.3629150328145445,-1.0495758655450613
13.5638485418885,0.04500012333840219,0.135638485418885,-0.43106877638826396,-1.0608794211059251
13.5638485418885,0.04871043521541303,0.135638485418885,-0.5050834965597992,-1.0724567137489043
13.5638485418885,0.05242074709242387,0.135638485418885,-0.5849591933291504,-1.084332982635135
13.5638485418885,0.05613105896943471,0.135638485418885,-0.6706958666963174,-1.0965358042550806
13.5638485418885,0.05984137084644555,0.135638485418885,-0.7622935166613002,-1.109095317493316
13.5638485418885,0.06355168272345639,0.135638485418885,-0.8597521432240989,-1.1220444715331022
13.5638485418885,0.06726199460046722,0.135638485418885,-0.9630717463847132,-1.1354192989576228
13.5638485418885,0.07097230647747807,0.135638485418885,-1.0722523261431436,-1.149259216628427
13.5638485418885,0.0746826183544889,0.135638485418885,-1.1872938824993897,-1.1636073571600942
13.5638485418885,0.07839293023149975,0.135638485418885,-1.3081964154534518,-1.1785109340604594
13.5638485418885,0.08210324210851058,0.135638485418885,-1.4349599250053295,-1.194021643866722
13.5638485418885,0.08581355398552143,0.135638485418885,-1.5675844111550234,-1.2101961088742677
13.5638485418885,0.08952386586253226,0.135638485418885,-1.7060698739025328,-1.227096364323173
13.5638485418885,0.09323417773954311,0.135638485418885,-1.8504163132478582,-1.2447903941679712
13.5638485418885,0.09694448961655394,0.135638485418885,-2.0006237291909996,-1.2633527198002348
13.5638485418885,0.10065480149356479,0.135638485418885,-2.1566921217319566,-1.2828650463062008
13.5638485418885,0.10436511337057562,0.135638485418885,-2.318621490870729,-1.3034169710050163
13.5638485418885,0.10807542524758647,0.135638485418885,-2.4864118366073185,-1.3251067591035115
13.5638485418885,0.1117857371245973,0.135638485418885,-2.6600631589417225,-1.3480421912898368
13.5638485418885,0.11549604900160815,0.135638485418885,-2.839575457873943,-1.3723414879315374
13.5638485418885,0.11920636087861898,0.135638485418885,-3.0249487334039795,-1.3981343141950324
13.5638485418885,0.12291667275562983,0.135638485418885,-3.216182985531832,-1.425562869799764
13.5638485418885,0.12662698463264066,0.135638485418885,-3.4132782142574998,-1.454783066186291
13.5638485418885,0.1303372965096515,0.135638485418885,-3.6162344195809832,-1.4859657925179297
13.5638485418885,0.13404760838666235,0.135638485418885,-3.8250516015022837,-1.5192982700356819
13.5638485418885,0.13775792026367317,0.135638485418885,-4.039729760021398,-1.554985491709087
13.5638485418885,0.14146823214068402,0.135638485418885,-4.2602688951383305,-1.5932517407071414
13.5638485418885,0.14517854401769487,0.135638485418885,-4.486669006853077,-1.6343421767632211
13.5638485418885,0.1488888558947057,0.135638485418885,-4.718930095165641,-1.678524473808194
13.5638485418885,0.15259916777171653,0.135638485418885,-4.957052160076018,-1.7260904850518255
13.5638485418885,0.15630947964872738,0.135638485418885,-5.201035201584213,-1.7773579027416808
13.5638485418885,0.16001979152573823,0.135638485418885,-5.450879219690225,-1.8326718688474077
13.5638485418885,0.16373010340274907,0.135638485418885,-5.706584214394051,-1.8924064796452509
13.5638485418885,0.1674404152797599,0.135638485418885,-5.968150185695692,-1.9569661113895078
13.5638485418885,0.17115072715677074,0.135638485418885,-6.23557713359515,-2.0267864758161034
13.5638485418885,0.17486103903378158,0.135638485418885,-6.508865058092425,-2.1023352931343773
13.5638485418885,0.17857135091079243,0.135638485418885,-6.788013959187515,-2.1841124466624926
13.5638485418885,0.18228166278780325,0.135638485418885,-7.07302383688042,-2.272649457924783
13.5638485418885,0.1859919746648141,0.135638485418885,-7.363894691171141,-2.3685080949060513
13.5638485418885,0.18970228654182494,0.135638485418885,-7.66062652205968,-2.4722779009370974
13.5638485418885,0.1934125984188358,0.135638485418885,-7.963219329546034,-2.5845724098713463
13.5638485418885,0.1971229102958466,0.135638485418885,-8.2716731136302,-2.7060237983012696
13.5638485418885,0.20083322217285746,0.135638485418885,-8.585987874312185,-2.837275722187261
13.5638485418885,0.2045435340498683,0.135638485418885,-8.906163611591987,-2.9789740992554794
13.5638485418885,0.20825384592687915,0.135638485418885,-9.232200325469604,-3.1317556367864867
13.5638485418885,0.21196415780388997,0.135638485418885,-9.564098015945035,-3.2962339746354976
13.5638485418885,0.21567446968090082,0.135638485418885,-9.901856683018284,-3.47298342322543
13.5638485418885,0.21938478155791166,0.135638485418885,-10.24547632668935,-3.6625204324734515
13.5638485418885,0.2230950934349225,0.135638485418885,-10.594956946958229,-3.8652831340416087
13.5638485418885,0.22680540531193333,0.135638485418885,-10.950298543824921,-4.081609554949642
13.5638485418885,0.23051571718894417,0.135638485418885,-11.311501117289435,-4.311715397130542
13.5638485418885,0.23422602906595502,0.135638485418885,-11.678564667351763,-4.555672596925313
13.5638485418885,0.23793634094296587,0.135638485418885,-12.051489194011907,-4.813390191414447
13.5638485418885,0.2416466528199767,0.135638485418885,-12.430274697269864,-5.084599283979018
13.5638485418885,0.24535696469698753,0.135638485418885,-12.814921177125639,-5.368844069493946
13.5638485418885,0.24906727657399838,0.135638485418885,-13.205428633579231,-5.665480896282096
13.5638485418885,0.2527775884510092,0.135638485418885,-13.60179706663064,-5.973687158688301
13.5638485418885,0.25648790032802005,0.135638485418885,-14.004026476279858,-6.292481398578889
13.5638485418885,0.2601982122050309,0.135638485418885,-14.412116862526902,-6.620755342267071
13.5638485418885,0.26390852408204174,0.135638485418885,-14.826068225371753,-6.957317745058775
13.5638485418885,0.26761883595905256,0.135638485418885,-15.245880564814419,-7.300948933649717
13.5638485418885,0.27132914783606343,0.135638485418885,-15.67155388085491,-7.650463937374077
13.5638485418885,0.27503945971307425,0.135638485418885,-16.103088173493212,-8.004781213337928
13.5638485418885,0.27874977159008507,0.135638485418885,-16.540483442729325,-8.362993325065839
13.5638485418885,0.28246008346709595,0.135638485418885,-16.98373968856326,-8.724435627112683
13.5638485418885,0.28617039534410676,0.135638485418885,-17.432856910995007,-9.088749084468251
13.5638485418885,0.28988070722111764,0.135638485418885,-17.88783511002458,-9.455933796030502
13.5638485418885,0.29359101909812846,0.135638485418885,-18.348674285651956,-9.826390513423526
13.5638485418885,0.2973013309751393,0.135638485418885,-18.81537443787715,-10.200948320380508
13.5638485418885,0.30101164285215015,0.135638485418885,-19.28793556670017,-10.580877513038523
13.5638485418885,0.30472195472916097,0.135638485418885,-19.766357672120993,-10.967887455070372
14.951725393357535,0.011607316445304631,0.14951725393357534,-0.028306265018621483,-0.9686918813520551
14.951725393357535,0.015317628322315471,0.14951725393357534,-0.049294898174887435,-0.9780307679956177
14.951725393357535,0.01902794019932631,0.14951725393357534,-0.0760680835784485,-0.9874956231142251
14.951725393357535,0.02273825207633715,0.14951725393357534,-0.1086258212293047,-0.9970978454308188
14.951725393357535,0.02644856395334799,0.14951725393357534,-0.14696811112745606,-1.0068498745411656
14.951725393357535,0.03015887583035883,0.14951725393357534,-0.19109495327290252,-1.016765286796554
14.951725393357535,0.03386918770736967,0.14951725393357534,-0.2410063476656442,-1.026858900568003
14.951725393357535,0.03757949958438051,0.14951725393357534,-0.2967022943056809,-1.0371468918760618
14.951725393357535,0.04128981146139135,0.14951725393357534,-0.35818279319301277,-1.0476469214757147
14.951725393357535,0.04500012333840219,0.14951725393357534,-0.42544784432763977,-1.058378274602215
14.951725393357535,0.04871043521541303,0.14951725393357534,-0.49849744770956195,-1.0693620147112615
14.951725393357535,0.05242074709242387,0.14951725393357534,-0.5773316033387792,-1.0806211526876917
14.951725393357535,0.05613105896943471,0.14951725393357534,-0.6619503112152916,-1.0921808331502918
14.951725393357535,0.05984137084644555,0.14951725393357534,-0.7523535713390991,-1.104068539648611
14.951725393357535,0.06355168272345639,0.14951725393357534,-0.8485413837102018,-1.1163143207303445
14.951725393357535,0.06726199460046722,0.14951725393357534,-0.9505137483285994,-1.1289510390560507
14.951725393357535,0.07097230647747807,0.14951725393357534,-1.0582706651942924,-1.1420146459518978
14.951725393357535,0.0746826183544889,0.14951725393357534,-1.1718121343072803,-1.1555444840201599
14.951725393357535,0.07839293023149975,0.14951725393357534,-1.2911381556675636,-1.169583620671137
14.951725393357535,0.08210324210851058,0.14951725393357534,-1.4162487292751418,-1.1841792156972275
14.951725393357535,0.08581355398552143,0.14951725393357534,-1.5471438551300154,-1.1993829262780684
14.951725393357535,0.08952386586253226,0.14951725393357534,-1.6838235332321838,-1.2152513530803182
14.951725393357535,0.09323417773954311,0.14951725393357534,-1.8262877635816475,-1.231846531392879
14.951725393357535,0.09694448961655394,0.14951725393357534,-1.9745365461784063,-1.2492364715087465
14.951725393357535,0.10065480149356479,0.14951725393357534,-2.1285698810224605,-1.267495752819742
14.951725393357535,0.10436511337057562,0.14951725393357534,-2.288387768113809,-1.2867061763141896
14.951725393357535,0.10807542524758647,0.14951725393357534,-2.453990207452454,-1.306957480343633
14.951725393357535,0.1117857371245973,0.14951725393357534,-2.6253771990383927,-1.3283481246274205
14.951725393357535,0.11549604900160815,0.14951725393357534,-2.8025487428716276,-1.350986147462785
14.951725393357535,0.11920636087861898,0.14951725393357534,-2.9855048389521572,-1.3749901009638714
14.951725393357535,0.12291667275562983,0.14951725393357534,-3.174245487279982,-1.4004900688144986
14.951725393357535,0.12662698463264066,0.14951725393357534,-3.368770687855102,-1.4276287704243655
14.951725393357535,0.1303372965096515,0.14951725393357534,-3.5690804406775167,-1.4565627544481723
14.951725393357535,0.13404760838666235,0.14951725393357534,-3.7751747457472273,-1.4874636832652142
14.951725393357535,0.13775792026367317,0.14951725393357534,-3.987053603064232,-1.5205197081067086
14.951725393357535,0.14146823214068402,0.14951725393357534,-4.2047170126285325,-1.5559369319174001
14.951725393357535,0.14517854401769487,0.14951725393357534,-4.4281649744401275,-1.5939409535801907
14.951725393357535,0.1488888558947057,0.14951725393357534,-4.657397488499019,-1.6347784826206295
14.951725393357535,0.15259916777171653,0.14951725393357534,-4.892414554805204,-1.6787190077178842
14.951725393357535,0.15630947964872738,0.14951725393357534,-5.133216173358686,-1.726056495028578
14.951725393357535,0.16001979152573823,0.14951725393357534,-5.379802344159462,-1.7771110832059476
14.951725393357535,0.16373010340274907,0.14951725393357534,-5.632173067207534,-1.832230730787888
14.951725393357535,0.1674404152797599,0.14951725393357534,-5.890328342502897,-1.8917927580588136
14.951725393357535,0.17115072715677074,0.14951725393357534,-6.15426817004556,-1.9562052093294584
14.951725393357535,0.17486103903378158,0.14951725393357534,-6.423992549835518,-2.0259079426770725
14.951725393357535,0.17857135091079243,0.14951725393357534,-6.699501481872769,-2.1013733325457435
14.951725393357535,0.18228166278780325,0.14951725393357534,-6.980794966157315,-2.1831064464600836
14.951725393357535,0.1859919746648141,0.14951725393357534,-7.267873002689156,-2.2716445310401694
14.951725393357535,0.18970228654182494,0.14951725393357534,-7.560735591468295,-2.3675556156000868
14.951725393357535,0.1934125984188358,0.14951725393357534,-7.859382732494728,-2.471436015604751
14.951725393357535,0.1971229102958466,0.14951725393357534,-8.163814425768454,-2.5839064957346958
14.951725393357535,0.20083322217285746,0.14951725393357534,-8.474030671289476,-2.705606836883012
14.951725393357535,0.2045435340498683,0.14951725393357534,-8.790031469057794,-2.8371885478789505
14.951725393357535,0.20825384592687915,0.14951725393357534,-9.111816819073407,-2.9793054771386176
14.951725393357535,0.21196415780388997,0.14951725393357534,-9.439386721336314,-3.1326021189641784
14.951725393357535,0.21567446968090082,0.14951725393357534,-9.772741175846518,-3.2976994818083654
14.951725393357535,0.21938478155791166,0.14951725393357534,-10.111880182604017,-3.475178499500303
14.951725393357535,0.2230950934349225,0.14951725393357534,-10.456803741608809,-3.6655611280489024
14.951725393357535,0.22680540531193333,0.14951725393357534,-10.807511852860896,-3.8692894841713246
14.951725393357535,0.23051571718894417,0.14951725393357534,-11.164004516360281,-4.08670364597476
14.951725393357535,0.23422602906595502,0.14951725393357534,-11.526281732106959,-4.318019042405939
14.951725393357535,0.23793634094296587,0.14951725393357534,-11.894343500100934,-4.563304687178984
14.951725393357535,0.2416466528199767,0.14951725393357534,-12.2681898203422,-4.822463834044478
14.951725393357535,0.24535696469698753,0.14951725393357534,-12.647820692830766,-5.095218900689783
14.951725393357535,0.24906727657399838,0.14951725393357534,-13.033236117566625,-5.381102676068872
14.951725393357535,0.2527775884510092,0.14951725393357534,-13.424436094549783,-5.679457834802596
14.951725393357535,0.25648790032802005,0.14951725393357534,-13.821420623780229,-5.989446582485845
14.951725393357535,0.2601982122050309,0.14951725393357534,-14.224189705257977,-6.310071814994292
14.951725393357535,0.26390852408204174,0.14951725393357534,-14.632743338983014,-6.640210490952154
14.951725393357535,0.26761883595905256,0.14951725393357534,-15.047081524955345,-6.978659026766978
14.951725393357535,0.27132914783606343,0.14951725393357534,-15.46720426317498,-7.324189508074689
14.951725393357535,0.27503945971307425,0.14951725393357534,-15.893111553641905,-7.675614486335099
14.951725393357535,0.27874977159008507,0.14951725393357534,-16.32480339635612,-8.031857230474104
14.951725393357535,0.28246008346709595,0.14951725393357534,-16.762279791317642,-8.392023661441442
14.951725393357535,0.28617039534410676,0.14951725393357534,-17.205540738526448,-8.755471910146564
14.951725393357535,0.28988070722111764,0.14951725393357534,-17.65458623798256,-9.121875548411127
14.951725393357535,0.29359101909812846,0.14951725393357534,-18.109416289685957,-9.49127702253189
14.951725393357535,0.2973013309751393,0.14951725393357534,-18.570030893636652,-9.864128579344928
14.951725393357535,0.30101164285215015,0.14951725393357534,-19.036430049834646,-10.241318878013217
14.951725393357535,0.30472195472916097,0.14951725393357534,-19.508613758279928,-10.624184370633179
16.33960224482657,0.011607316445304631,0.16339602244826568,-0.027932288291083605,-0.9712833765030027
16.33960224482657,0.015317628322315471,0.16339602244826568,-0.04864362381242281,-0.980178927275337
16.33960224482657,0.01902794019932631,0.16339602244826568,-0.07506308723053644,-0.9891921467907157
16.33960224482657,0.02273825207633715,0.16339602244826568,-0.10719067854542447,-0.9983334020108918
16.33960224482657,0.02644856395334799,0.16339602244826568,-0.14502639775708695,-1.007614011367962
16.33960224482657,0.03015887583035883,0.16339602244826568,-0.18857024486552382,-1.0170463322008372
16.33960224482657,0.03386918770736967,0.16339602244826568,-0.23782221987073518,-1.0266438567266079
16.33960224482657,0.03757949958438051,0.16339602244826568,-0.29278232277272087,-1.0364213174436294
16.33960224482657,0.04128981146139135,0.16339602244826568,-0.35345055357148103,-1.0463948029595267
16.33960224482657,0.04500012333840219,0.16339602244826568,-0.4198269122670156,-1.0565818853447038
16.33960224482657,0.04871043521541303,0.16339602244826568,-0.4919113988593246,-1.0670017602294832
16.33960224482657,0.05242074709242387,0.16339602244826568,-0.569704013348408,-1.0776754009932663
16.33960224482657,0.05613105896943471,0.16339602244826568,-0.6532047557342658,-1.0886257285364822
16.33960224482657,0.05984137084644555,0.16339602244826568,-0.742413626016898,-1.0998777982829147
16.33960224482657,0.06355168272345639,0.16339602244826568,-0.8373306241963047,-1.1114590062308096
16.33960224482657,0.06726199460046722,0.16339602244826568,-0.9379557502724856,-1.1233993160577196
16.33960224482657,0.07097230647747807,0.16339602244826568,-1.0442890042454411,-1.1357315094862344
16.33960224482657,0.0746826183544889,0.16339602244826568,-1.156330386115171,-1.1484914623360876
16.33960224482657,0.07839293023149975,0.16339602244826568,-1.2740798958816753,-1.161718448922743
16.33960224482657,0.08210324210851058,0.16339602244826568,-1.397537533544954,-1.175455477712113
16.33960224482657,0.08581355398552143,0.16339602244826568,-1.5267032991050073,-1.189749661405207
16.33960224482657,0.08952386586253226,0.16339602244826568,-1.6615771925618348,-1.2046526249017457
16.33960224482657,0.09323417773954311,0.16339602244826568,-1.8021592139154368,-1.220220954875348
16.33960224482657,0.09694448961655394,0.16339602244826568,-1.9484493631658133,-1.2365166949789872
16.33960224482657,0.10065480149356479,0.16339602244826568,-2.100447640312964,-1.253607890980546
16.33960224482657,0.10436511337057562,0.16339602244826568,-2.258154045356889,-1.2715691903937998
16.33960224482657,0.10807542524758647,0.16339602244826568,-2.421568578297589,-1.290482501406748
16.33960224482657,0.1117857371245973,0.16339602244826568,-2.590691239135063,-1.3104377160972138
16.33960224482657,0.11549604900160815,0.16339602244826568,-2.7655220278693116,-1.3315335030415607
16.33960224482657,0.11920636087861898,0.16339602244826568,-2.9460609445003345,-1.3538781744344064
16.33960224482657,0.12291667275562983,0.16339602244826568,-3.1323079890281322,-1.377590632704969
16.33960224482657,0.12662698463264066,0.16339602244826568,-3.324263161452704,-1.4028014012884347
16.33960224482657,0.1303372965096515,0.16339602244826568,-3.5219264617740498,-1.4296537436233487
16.33960224482657,0.13404760838666235,0.16339602244826568,-3.725297889992171,-1.4583048735204143
16.33960224482657,0.13775792026367317,0.16339602244826568,-3.934377446107065,-1.4889272586833355
16.33960224482657,0.14146823214068402,0.16339602244826568,-4.149165130118735,-1.5217100172407605
16.33960224482657,0.14517854401769487,0.16339602244826568,-4.369660942027179,-1.5568604045234924
16.33960224482657,0.1488888558947057,0.16339602244826568,-4.595864881832397,-1.594605383821552
16.33960224482657,0.15259916777171653,0.16339602244826568,-4.827776949534389,-1.6351932702795633
16.33960224482657,0.15630947964872738,0.16339602244826568,-5.065397145133157,-1.6788954312044257
16.33960224482657,0.16001979152573823,0.16339602244826568,-5.308725468628698,-1.726008018606235
16.33960224482657,0.16373010340274907,0.16339602244826568,-5.557761920021015,-1.7768537004902054
16.33960224482657,0.1674404152797599,0.16339602244826568,-5.812506499310103,-1.831783345969277
16.33960224482657,0.17115072715677074,0.16339602244826568,-6.072959206495969,-1.8911776053906522
16.33960224482657,0.17486103903378158,0.16339602244826568,-6.339120041578609,-1.955448310119194
16.33960224482657,0.17857135091079243,0.16339602244826568,-6.610989004558022,-2.025039597238111
16.33960224482657,0.18228166278780325,0.16339602244826568,-6.88856609543421,-2.1004286422074188
16.33960224482657,0.1859919746648141,0.16339602244826568,-7.1718513142071725,-2.18212585769942
16.33960224482657,0.18970228654182494,0.16339602244826568,-7.46084466087691,-2.2706743900065005
16.33960224482657,0.1934125984188358,0.16339602244826568,-7.7555461354434225,-2.3666487166965995
16.33960224482657,0.1971229102958466,0.16339602244826568,-8.055955737906705,-2.4706521223669817
16.33960224482657,0.20083322217285746,0.16339602244826568,-8.362073468266766,-2.5833128060887756
16.33960224482657,0.2045435340498683,0.16339602244826568,-8.673899326523602,-2.705278358185467
16.33960224482657,0.20825384592687915,0.16339602244826568,-8.991433312677211,-2.837208340320303
16.33960224482657,0.21196415780388997,0.16339602244826568,-9.314675426727593,-2.979764717745799
16.33960224482657,0.21567446968090082,0.16339602244826568,-9.643625668674751,-3.1335999334448488
16.33960224482657,0.21938478155791166,0.16339602244826568,-9.978284038518684,-3.2993424890287164
16.33960224482657,0.2230950934349225,0.16339602244826568,-10.31865053625939,-3.477580014954885
16.33960224482657,0.22680540531193333,0.16339602244826568,-10.66472516189687,-3.668839979970323
16.33960224482657,0.23051571718894417,0.16339602244826568,-11.016507915431125,-3.873568410714438
16.33960224482657,0.23422602906595502,0.16339602244826568,-11.373998796862157,-4.092107265777171
16.33960224482657,0.23793634094296587,0.16339602244826568,-11.737197806189961,-4.324671424784552
16.33960224482657,0.2416466528199767,0.16339602244826568,-12.106104943414538,-4.571326592229263
16.33960224482657,0.24535696469698753,0.16339602244826568,-12.480720208535892,-4.831969745355825
16.33960224482657,0.24906727657399838,0.16339602244826568,-12.861043601554021,-5.10631403065621
16.33960224482657,0.2527775884510092,0.16339602244826568,-13.247075122468924,-5.393880180017132
16.33960224482657,0.25648790032802005,0.16339602244826568,-13.638814771280598,-5.693996517517958
16.33960224482657,0.2601982122050309,0.16339602244826568,-14.036262547989054,-6.005809410071941
16.33960224482657,0.26390852408204174,0.16339602244826568,-14.439418452594275,-6.328305547353493
16.33960224482657,0.26761883595905256,0.16339602244826568,-14.848282485096272,-6.660346718481845
16.33960224482657,0.27132914783606343,0.16339602244826568,-15.26285464549505,-7.00071682604976
16.33960224482657,0.27503945971307425,0.16339602244826568,-15.683134933790598,-7.348179827867092
16.33960224482657,0.27874977159008507,0.16339602244826568,-16.109123349982916,-7.701546245685148
16.33960224482657,0.28246008346709595,0.16339602244826568,-16.54081989407202,-8.05974496939993
16.33960224482657,0.28617039534410676,0.16339602244826568,-16.97822456605789,-8.421896448522034
16.33960224482657,0.28988070722111764,0.16339602244826568,-17.421337365940538,-8.787383097644758
16.33960224482657,0.29359101909812846,0.16339602244826568,-17.870158293719957,-9.155912887308846
16.33960224482657,0.2973013309751393,0.16339602244826568,-18.32468734939615,-9.527572613333657
16.33960224482657,0.30101164285215015,0.16339602244826568,-18.784924532969125,-9.902868137513394
16.33960224482657,0.30472195472916097,0.16339602244826568,-19.250869844438864,-10.2827498252956
17.727479096295603,0.011607316445304631,0.17727479096295604,-0.027558311563545726,-0.9743710577893783
17.727479096295603,0.015317628322315471,0.17727479096295604,-0.04799234944995819,-0.9828413271098171
17.727479096295603,0.01902794019932631,0.17727479096295604,-0.07405809088262436,-0.9914216066250905
17.727479096295603,0.02273825207633715,0.17727479096295604,-0.10575553586154421,-1.0001213206489012
17.727479096295603,0.02644856395334799,0.17727479096295604,-0.14308468438671781,-1.008950763128004
17.727479096295603,0.03015887583035883,0.17727479096295604,-0.1860455364581451,-1.0179211773708632
17.727479096295603,0.03386918770736967,0.17727479096295604,-0.23463809207582612,-1.0270448435385386
17.727479096295603,0.03757949958438051,0.17727479096295604,-0.2888623512397608,-1.0363351747138143
17.727479096295603,0.04128981146139135,0.17727479096295604,-0.34871831394994923,-1.0458068224534953
17.727479096295603,0.04500012333840219,0.17727479096295604,-0.4142059802063913,-1.0554757928268206
17.727479096295603,0.04871043521541303,0.17727479096295604,-0.48532535000908716,-1.0653595740514792
17.727479096295603,0.05242074709242387,0.17727479096295604,-0.5620764233580366,-1.075477276958587
17.727479096295603,0.05613105896943471,0.17727479096295604,-0.6444592002532399,-1.085849789649762
17.727479096295603,0.05984137084644555,0.17727479096295604,-0.7324736806946969,-1.0964999478548005
17.727479096295603,0.06355168272345639,0.17727479096295604,-0.8261198646824075,-1.1074527226574968
17.727479096295603,0.06726199460046722,0.17727479096295604,-0.9253977522163717,-1.1187354274316377
17.727479096295603,0.07097230647747807,0.17727479096295604,-1.0303073432965897,-1.1303779460190322
17.727479096295603,0.0746826183544889,0.17727479096295604,-1.1408486379230613,-1.142412984387927
17.727479096295603,0.07839293023149975,0.17727479096295604,-1.2570216360957869,-1.1548763482334152
17.727479096295603,0.08210324210851058,0.17727479096295604,-1.378826337814766,-1.1678072492211378
17.727479096295603,0.08581355398552143,0.17727479096295604,-1.506262743079999,-1.1812486428315587
17.727479096295603,0.08952386586253226,0.17727479096295604,-1.6393308518914855,-1.1952476010328983
17.727479096295603,0.09323417773954311,0.17727479096295604,-1.7780306642492258,-1.209855723294078
17.727479096295603,0.09694448961655394,0.17727479096295604,-1.9223621801532198,-1.2251295897410044
17.727479096295603,0.10065480149356479,0.17727479096295604,-2.0723253996034674,-1.2411312605553908
17.727479096295603,0.10436511337057562,0.17727479096295604,-2.2279203225999686,-1.2579288260068058
17.727479096295603,0.10807542524758647,0.17727479096295604,-2.389146949142724,-1.275597011786041
17.727479096295603,0.1117857371245973,0.17727479096295604,-2.5560052792317327,-1.2942178445561634
17.727479096295603,0.11549604900160815,0.17727479096295604,-2.7284953128669955,-1.3138813828392237
17.727479096295603,0.11920636087861898,0.17727479096295604,-2.9066170500485113,-1.3346865184855243
17.727479096295603,0.12291667275562983,0.17727479096295604,-3.090370490776282,-1.3567418539979972
17.727479096295603,0.12662698463264066,0.17727479096295604,-3.279755635050305,-1.3801666608645613
17.727479096295603,0.1303372965096515,0.17727479096295604,-3.4747724828705824,-1.40509192373524
17.727479096295603,0.13404760838666235,0.17727479096295604,-3.675421034237114,-1.431661474702297
17.727479096295603,0.13775792026367317,0.17727479096295604,-3.881701289149898,-1.4600332210192422
17.727479096295603,0.14146823214068402,0.17727479096295604,-4.093613247608936,-1.4903804682280146
17.727479096295603,0.14517854401769487,0.17727479096295604,-4.311156909614229,-1.5228933387293395
17.727479096295603,0.1488888558947057,0.17727479096295604,-4.5343322751657755,-1.5577802831809624
17.727479096295603,0.15259916777171653,0.17727479096295604,-4.763139344263574,-1.5952696785656988
17.727479096295603,0.15630947964872738,0.17727479096295604,-4.997578116907627,-1.6356115021272828
17.727479096295603,0.16001979152573823,0.17727479096295604,-5.237648593097934,-1.6790790643891809
17.727479096295603,0.16373010340274907,0.17727479096295604,-5.483350772834496,-1.7259707768803896
17.727479096295603,0.1674404152797599,0.17727479096295604,-5.734684656117309,-1.7766119207004607
17.727479096295603,0.17115072715677074,0.17727479096295604,-5.991650242946377,-1.8313563703596287
17.727479096295603,0.17486103903378158,0.17727479096295604,-6.2542475333217,-1.8905882131310188
17.727479096295603,0.17857135091079243,0.17727479096295604,-6.522476527243275,-1.9547231871952482
17.727479096295603,0.18228166278780325,0.17727479096295604,-6.796337224711104,-2.0242098419735672
17.727479096295603,0.1859919746648141,0.17727479096295604,-7.075829625725186,-2.099530301222914
17.727479096295603,0.18970228654182494,0.17727479096295604,-7.360953730285524,-2.181200483941841
17.727479096295603,0.1934125984188358,0.17727479096295604,-7.651709538392115,-2.2697696105219816
17.727479096295603,0.1971229102958466,0.17727479096295604,-7.948097050044957,-2.365818793012517
17.727479096295603,0.20083322217285746,0.17727479096295604,-8.250116265244055,-2.469958480693939
17.727479096295603,0.2045435340498683,0.17727479096295604,-8.557767183989407,-2.5828245081430294
17.727479096295603,0.20825384592687915,0.17727479096295604,-8.871049806281013,-2.7050724764914964
17.727479096295603,0.21196415780388997,0.17727479096295604,-9.18996413211887,-2.8373701947920207
17.727479096295603,0.21567446968090082,0.17727479096295604,-9.514510161502983,-2.980387923812037
17.727479096295603,0.21938478155791166,0.17727479096295604,-9.844687894433351,-3.134786206916572
17.727479096295603,0.2230950934349225,0.17727479096295604,-10.18049733090997,-3.30120115055335
17.727479096295603,0.22680540531193333,0.17727479096295604,-10.521938470932842,-3.4802271388253008
17.727479096295603,0.23051571718894417,0.17727479096295604,-10.86901131450197,-3.6723971400407827
17.727479096295603,0.23422602906595502,0.17727479096295604,-11.221715861617351,-3.8781609920738616
17.727479096295603,0.23793634094296587,0.17727479096295604,-11.580052112278988,-4.097862336273351
17.727479096295603,0.2416466528199767,0.17727479096295604,-11.944020066486875,-4.331715196484088
17.727479096295603,0.24535696469698753,0.17727479096295604,-12.313619724241017,-4.5797815493048475
17.727479096295603,0.24906727657399838,0.17727479096295604,-12.688851085541414,-4.841951569904204
17.727479096295603,0.2527775884510092,0.17727479096295604,-13.069714150388066,-5.117928517619508
17.727479096295603,0.25648790032802005,0.17727479096295604,-13.456208918780966,-5.407220390427743
17.727479096295603,0.2601982122050309,0.17727479096295604,-13.848335390720127,-5.709140467347132
17.727479096295603,0.26390852408204174,0.17727479096295604,-14.246093566205534,-6.022818620436004
17.727479096295603,0.26761883595905256,0.17727479096295604,-14.649483445237195,-6.347224781378371
17.727479096295603,0.27132914783606343,0.17727479096295604,-15.05850502781512,-6.681205193641086
17.727479096295603,0.27503945971307425,0.17727479096295604,-15.47315831393929,-7.02353111549241
17.727479096295603,0.27874977159008507,0.17727479096295604,-15.893443303609711,-7.372958553304149
17.727479096295603,0.28246008346709595,0.17727479096295604,-16.319359996826396,-7.728296527476291
17.727479096295603,0.28617039534410676,0.17727479096295604,-16.750908393589324,-8.088480451792705
17.727479096295603,0.28988070722111764,0.17727479096295604,-17.188088493898515,-8.452646577790905
17.727479096295603,0.29359101909812846,0.17727479096295604,-17.630900297753954,-8.820203215801348
17.727479096295603,0.2973013309751393,0.17727479096295604,-18.079343805155645,-9.190894627274975
17.727479096295603,0.30101164285215015,0.17727479096295604,-18.5334190161036,-9.564854048616596
17.727479096295603,0.30472195472916097,0.17727479096295604,-18.993125930597795,-9.942643147224338
19.115355947764638,0.011607316445304631,0.19115355947764637,-0.02718433483600785,-0.9779500380921444
19.115355947764638,0.015317628322315471,0.19115355947764637,-0.04734107508749357,-0.986012110274217
19.115355947764638,0.01902794019932631,0.19115355947764637,-0.07305309453471227,-0.9941771238572867
19.115355947764638,0.02273825207633715,0.19115355947764637,-0.10432039317766396,-1.0024536422208925
19.115355947764638,0.02644856395334799,0.19115355947764637,-0.14114297101634868,-1.0108510234713979
19.115355947764638,0.03015887583035883,0.19115355947764637,-0.1835208280507664,-1.0193794931387377
19.115355947764638,0.03386918770736967,0.19115355947764637,-0.2314539642809171,-1.0280502239303795
19.115355947764638,0.03757949958438051,0.19115355947764637,-0.28494237970680075,-1.036875423284778
19.115355947764638,0.04128981146139135,0.19115355947764637,-0.3439860743284175,-1.045868429547597
19.115355947764638,0.04500012333840219,0.19115355947764637,-0.4085850481457671,-1.0550438176840737
19.115355947764638,0.04871043521541303,0.19115355947764637,-0.47873930115884983,-1.0644175155401987
19.115355947764638,0.05242074709242387,0.19115355947764637,-0.5544488333676655,-1.0740069317758172
19.115355947764638,0.05613105896943471,0.19115355947764637,-0.6357136447722141,-1.0838310967141824
19.115355947764638,0.05984137084644555,0.19115355947764637,-0.7225337353724958,-1.0939108174866012
19.115355947764638,0.06355168272345639,0.19115355947764637,-0.8149091051685105,-1.1042688489986183
19.115355947764638,0.06726199460046722,0.19115355947764637,-0.9128397541602579,-1.1149300824060724
19.115355947764638,0.07097230647747807,0.19115355947764637,-1.0163256823477387,-1.1259217529670567
19.115355947764638,0.0746826183544889,0.19115355947764637,-1.1253668897309521,-1.137273669329483
19.115355947764638,0.07839293023149975,0.19115355947764637,-1.2399633763098987,-1.1490184665247298
19.115355947764638,0.08210324210851058,0.19115355947764637,-1.3601151420845783,-1.1611918851658887
19.115355947764638,0.08581355398552143,0.19115355947764637,-1.485822187054991,-1.1738330795945293
19.115355947764638,0.08952386586253226,0.19115355947764637,-1.6170845112211365,-1.186984957982049
19.115355947764638,0.09323417773954311,0.19115355947764637,-1.7539021145830151,-1.200694557669772
19.115355947764638,0.09694448961655394,0.19115355947764637,-1.8962749971406268,-1.2150134593229724
19.115355947764638,0.10065480149356479,0.19115355947764637,-2.0442031588939713,-1.2299982437751353
19.115355947764638,0.10436511337057562,0.19115355947764637,-2.1976865998430486,-1.2457109957444024
19.115355947764638,0.10807542524758647,0.19115355947764637,-2.3567253199878597,-1.2622198589065619
19.115355947764638,0.1117857371245973,0.19115355947764637,-2.521319319328403,-1.2795996470980526
19.115355947764638,0.11549604900160815,0.19115355947764637,-2.6914685978646795,-1.2979325166836677
19.115355947764638,0.11920636087861898,0.19115355947764637,-2.867173155596689,-1.317308705338328
19.115355947764638,0.12291667275562983,0.19115355947764637,-3.0484329925244316,-1.3378273426352925
19.115355947764638,0.12662698463264066,0.19115355947764637,-3.235248108647907,-1.3595973378723336
19.115355947764638,0.1303372965096515,0.19115355947764637,-3.4276185039671154,-1.382738350461052
19.115355947764638,0.13404760838666235,0.19115355947764637,-3.6255441784820577,-1.407381847899635
19.115355947764638,0.13775792026367317,0.19115355947764637,-3.829025132192731,-1.4336722557795492
19.115355947764638,0.14146823214068402,0.19115355947764637,-4.038061365099139,-1.461768203358365
19.115355947764638,0.14517854401769487,0.19115355947764637,-4.252652877201279,-1.4918438668609708
19.115355947764638,0.1488888558947057,0.19115355947764637,-4.472799668499153,-1.5240904107246847
19.115355947764638,0.15259916777171653,0.19115355947764637,-4.698501738992759,-1.5587175243263465
19.115355947764638,0.15630947964872738,0.19115355947764637,-4.929759088682099,-1.5959550481413824
19.115355947764638,0.16001979152573823,0.19115355947764637,-5.166571717567172,-1.6360546785701207
19.115355947764638,0.16373010340274907,0.19115355947764637,-5.408939625647978,-1.679291734581061
19.115355947764638,0.1674404152797599,0.19115355947764637,-5.656862812924515,-1.7259669615848905
19.115355947764638,0.17115072715677074,0.19115355947764637,-5.910341279396786,-1.7764083382653144
19.115355947764638,0.17486103903378158,0.19115355947764637,-6.169375025064792,-1.8309728401358418
19.115355947764638,0.17857135091079243,0.19115355947764637,-6.433964049928528,-1.8900480990573412
19.115355947764638,0.18228166278780325,0.19115355947764637,-6.704108353987999,-1.954053880569485
19.115355947764638,0.1859919746648141,0.19115355947764637,-6.979807937243202,-2.023443280482244
19.115355947764638,0.18970228654182494,0.19115355947764637,-7.261062799694139,-2.098703518721461
19.115355947764638,0.1934125984188358,0.19115355947764637,-7.54787294134081,-2.1803561821657587
19.115355947764638,0.1971229102958466,0.19115355947764637,-7.84023836218321,-2.2689567397746035
19.115355947764638,0.20083322217285746,0.19115355947764637,-8.138159062221344,-2.3650931238599613
19.115355947764638,0.2045435340498683,0.19115355947764637,-8.441635041455214,-2.4693831428059845
19.115355947764638,0.20825384592687915,0.19115355947764637,-8.750666299884816,-2.5824704657493704
19.115355947764638,0.21196415780388997,0.19115355947764637,-9.06525283751015,-2.7050189027178444
19.115355947764638,0.21567446968090082,0.19115355947764637,-9.385394654331218,-2.8377046998371203
19.115355947764638,0.21938478155791166,0.19115355947764637,-9.711091750348018,-2.981206585214519
19.115355947764638,0.2230950934349225,0.19115355947764637,-10.042344125560552,-3.136193345030737
19.115355947764638,0.22680540531193333,0.19115355947764637,-10.379151779968815,-3.303308790128572
19.115355947764638,0.23051571718894417,0.19115355947764637,-10.721514713572816,-3.4831540999056587
19.115355947764638,0.23422602906595502,0.19115355947764637,-11.06943292637255,-3.6762677101451207
19.115355947764638,0.23793634094296587,0.19115355947764637,-11.422906418368015,-3.883103148710564
19.115355947764638,0.2416466528199767,0.19115355947764637,-11.781935189559212,-4.104005515964721
19.115355947764638,0.24535696469698753,0.19115355947764637,-12.146519239946144,-4.339187644611862
19.115355947764638,0.24906727657399838,0.19115355947764637,-12.51665856952881,-4.588707334003157
19.115355947764638,0.2527775884510092,0.19115355947764637,-12.892353178307209,-4.852447400884728
19.115355947764638,0.25648790032802005,0.19115355947764637,-13.273603066281336,-5.13010057291621
19.115355947764638,0.2601982122050309,0.19115355947764637,-13.660408233451204,-5.421161413847258
19.115355947764638,0.26390852408204174,0.19115355947764637,-14.052768679816795,-5.7249274480122585
19.115355947764638,0.26761883595905256,0.19115355947764637,-14.450684405378121,-6.04051139312269
19.115355947764638,0.27132914783606343,0.19115355947764637,-14.854155410135188,-6.366865882702038
19.115355947764638,0.27503945971307425,0.19115355947764637,-15.263181694087983,-6.702821267412719
19.115355947764638,0.27874977159008507,0.19115355947764637,-15.677763257236508,-7.0471360783243435
19.115355947764638,0.28246008346709595,0.19115355947764637,-16.097900099580773,-7.398558612745363
19.115355947764638,0.28617039534410676,0.19115355947764637,-16.523592221120765,-7.755897000362346
19.115355947764638,0.28988070722111764,0.19115355947764637,-16.954839621856497,-8.118094176520763
19.115355947764638,0.29359101909812846,0.19115355947764637,-17.391642301787954,-8.484303570145084
19.115355947764638,0.2973013309751393,0.19115355947764637,-17.834000260915147,-8.853961101969094
19.115355947764638,0.30101164285215015,0.19115355947764637,-18.281913499238076,-9.226849312913469
19.115355947764638,0.30472195472916097,0.19115355947764637,-18.73538201675673,-9.60315005416729
20.503232799233672,0.011607316445304631,0.20503232799233673,-0.026810358108469972,-0.9820128372331709
20.503232799233672,0.015317628322315471,0.20503232799233673,-0.04668980072502895,-0.9896829153674727
20.503232799233672,0.01902794019932631,0.20503232799233673,-0.0720480981868002,-0.9974494078574141
20.503232799233672,0.02273825207633715,0.20503232799233673,-0.10288525049378373,-1.0053200920560803
20.503232799233672,0.02644856395334799,0.20503232799233673,-0.13920125764597957,-1.0133034714854627
20.503232799233672,0.03015887583035883,0.20503232799233673,-0.18099611964338766,-1.0214088421191736
20.503232799233672,0.03386918770736967,0.20503232799233673,-0.2282698364860081,-1.0296463650798557
20.503232799233672,0.03757949958438051,0.20503232799233673,-0.2810224081738408,-1.0380271464257804
20.503232799233672,0.04128981146139135,0.20503232799233673,-0.3392538347068857,-1.0465633247752102
20.503232799233672,0.04500012333840219,0.20503232799233673,-0.40296411608514293,-1.0552681675992934
20.503232799233672,0.04871043521541303,0.20503232799233673,-0.4721532523086125,-1.0641561771054846
20.503232799233672,0.05242074709242387,0.20503232799233673,-0.5468212433772943,-1.0732432067342454
20.503232799233672,0.05613105896943471,0.20503232799233673,-0.6269680892911883,-1.0825465894040276
20.503232799233672,0.05984137084644555,0.20503232799233673,-0.7125937900502947,-1.0920852787624487
20.503232799233672,0.06355168272345639,0.20503232799233673,-0.8036983456546134,-1.1018800048385398
20.503232799233672,0.06726199460046722,0.20503232799233673,-0.9002817561041441,-1.1119534456406077
20.503232799233672,0.07097230647747807,0.20503232799233673,-1.0023440213988875,-1.1223304164096
20.503232799233672,0.0746826183544889,0.20503232799233673,-1.1098851415388427,-1.1330380784186342
20.503232799233672,0.07839293023149975,0.20503232799233673,-1.2229051165240106,-1.1441061694069257
20.503232799233672,0.08210324210851058,0.20503232799233673,-1.3414039463543905,-1.1555672579516907
20.503232799233672,0.08581355398552143,0.20503232799233673,-1.465381631029983,-1.167457024314423
20.503232799233672,0.08952386586253226,0.20503232799233673,-1.5948381705507875,-1.1798145705492082
20.503232799233672,0.09323417773954311,0.20503232799233673,-1.7297735649168045,-1.1926827629295271
20.503232799233672,0.09694448961655394,0.20503232799233673,-1.8701878141280335,-1.2061086100349883
20.503232799233672,0.10065480149356479,0.20503232799233673,-2.016080918184475,-1.2201436801391878
20.503232799233672,0.10436511337057562,0.20503232799233673,-2.1674528770861285,-1.23484456184974
20.503232799233672,0.10807542524758647,0.20503232799233673,-2.324303690832995,-1.2502733722677553
20.503232799233672,0.1117857371245973,0.20503232799233673,-2.4866333594250727,-1.2664983172472848
20.503232799233672,0.11549604900160815,0.20503232799233673,-2.6544418828623635,-1.28359430863678
20.503232799233672,0.11920636087861898,0.20503232799233673,-2.8277292611448663,-1.3016436436587924
20.503232799233672,0.12291667275562983,0.20503232799233673,-3.0064954942725817,-1.320736751812631
20.503232799233672,0.12662698463264066,0.20503232799233673,-3.190740582245509,-1.340973014841782
20.503232799233672,0.1303372965096515,0.20503232799233673,-3.3804645250636485,-1.362461665361371
20.503232799233672,0.13404760838666235,0.20503232799233673,-3.5756673227270013,-1.3853227696478472
20.503232799233672,0.13775792026367317,0.20503232799233673,-3.776348975235565,-1.4096882997999831
20.503232799233672,0.14146823214068402,0.20503232799233673,-3.9825094825893417,-1.4357032999192834
20.503232799233672,0.14517854401769487,0.20503232799233673,-4.19414884478833,-1.463527150043272
20.503232799233672,0.1488888558947057,0.20503232799233673,-4.411267061832532,-1.4933349301921899
20.503232799233672,0.15259916777171653,0.20503232799233673,-4.633864133721945,-1.5253188849288124
20.503232799233672,0.15630947964872738,0.20503232799233673,-4.86194006045657,-1.5596899861258215
20.503232799233672,0.16001979152573823,0.20503232799233673,-5.095494842036409,-1.5966795879991054
20.503232799233672,0.16373010340274907,0.20503232799233673,-5.3345284784614595,-1.636541163677033
20.503232799233672,0.1674404152797599,0.20503232799233673,-5.57904096973172,-1.6795521063823742
20.503232799233672,0.17115072715677074,0.20503232799233673,-5.829032315847195,-1.726015570416898
20.503232799233672,0.17486103903378158,0.20503232799233673,-6.084502516807883,-1.7762623172456733
20.503232799233672,0.17857135091079243,0.20503232799233673,-6.345451572613783,-1.8306525197500214
20.503232799233672,0.18228166278780325,0.20503232799233673,-6.611879483264894,-1.889577462832758
20.503232799233672,0.1859919746648141,0.20503232799233673,-6.883786248761218,-1.9534610607350142
20.503232799233672,0.18970228654182494,0.20503232799233673,-7.161171869102755,-2.022761090470736
20.503232799233672,0.1934125984188358,0.20503232799233673,-7.444036344289504,-2.0979700166776407
20.503232799233672,0.1971229102958466,0.20503232799233673,-7.732379674321463,-2.1796152561628572
20.503232799233672,0.20083322217285746,0.20503232799233673,-8.026201859198636,-2.2682587011279214
20.503232799233672,0.2045435340498683,0.20503232799233673,-8.325502898921021,-2.3644952896966354
20.503232799233672,0.20825384592687915,0.20503232799233673,-8.63028279348862,-2.4689503829138877
20.503232799233672,0.21196415780388997,0.20503232799233673,-8.940541542901428,-2.582275681793492
20.503232799233672,0.21567446968090082,0.20503232799233673,-9.256279147159452,-2.7051434004388284
20.503232799233672,0.21938478155791166,0.20503232799233673,-9.577495606262687,-2.838238407301061
20.503232799233672,0.2230950934349225,0.20503232799233673,-9.904190920211132,-2.982248063296847
20.503232799233672,0.22680540531193333,0.20503232799233673,-10.23636508900479,-3.137849531141682
20.503232799233672,0.23051571718894417,0.20503232799233673,-10.574018112643662,-3.305694414119894
20.503232799233672,0.23422602906595502,0.20503232799233673,-10.917149991127745,-3.4863907138661663
20.503232799233672,0.23793634094296587,0.20503232799233673,-11.265760724457042,-3.6804822833613144
20.503232799233672,0.2416466528199767,0.20503232799233673,-11.619850312631549,-3.8884261974456873
20.503232799233672,0.24535696469698753,0.20503232799233673,-11.97941875565127,-4.110568766612846
20.503232799233672,0.24906727657399838,0.20503232799233673,-12.344466053516204,-4.347121269180219
20.503232799233672,0.2527775884510092,0.20503232799233673,-12.71499220622635,-4.598136848407226
20.503232799233672,0.25648790032802005,0.20503232799233673,-13.090997213781705,-4.863490376925934
20.503232799233672,0.2601982122050309,0.20503232799233673,-13.472481076182278,-5.142863379370555
20.503232799233672,0.26390852408204174,0.20503232799233673,-13.859443793428058,-5.435736263577793
20.503232799233672,0.26761883595905256,0.20503232799233673,-14.251885365519048,-5.741390076983841
20.503232799233672,0.27132914783606343,0.20503232799233673,-14.64980579245526,-6.058919723049386
20.503232799233672,0.27503945971307425,0.20503232799233673,-15.053205074236677,-6.387260011813965
20.503232799233672,0.27874977159008507,0.20503232799233673,-15.462083210863304,-6.725225086372107
20.503232799233672,0.28246008346709595,0.20503232799233673,-15.876440202335152,-7.071560718673873
20.503232799233672,0.28617039534410676,0.20503232799233673,-16.296276048652203,-7.425007808252048
20.503232799233672,0.28988070722111764,0.20503232799233673,-16.721590749814478,-7.784374289168922
20.503232799233672,0.29359101909812846,0.20503232799233673,-17.152384305821954,-8.148611711805387
20.503232799233672,0.2973013309751393,0.20503232799233673,-17.588656716674645,-8.516892159313144
20.503232799233672,0.30101164285215015,0.20503232799233673,-18.030407982372555,-8.888680977985196
20.503232799233672,0.30472195472916097,0.20503232799233673,-18.477638102915666,-9.263801069162803
21.891109650702706,0.011607316445304631,0.21891109650702706,-0.026436381380932097,-0.9865495397020245
21.891109650702706,0.015317628322315471,0.21891109650702706,-0.046038526362564336,-0.9938430286488558
21.891109650702706,0.01902794019932631,0.21891109650702706,-0.07104310183888814,-1.0012269019559845
21.891109650702706,0.02273825207633715,0.21891109650702706,-0.10145010780990349,-1.0087082196012132
21.891109650702706,0.02644856395334799,0.21891109650702706,-0.13725954427561046,-1.0162947049865618
21.891109650702706,0.03015887583035883,0.21891109650702706,-0.17847141123600896,-1.0239948053715233
21.891109650702706,0.03386918770736967,0.21891109650702706,-0.2250857086910991,-1.031817758135749
21.891109650702706,0.03757949958438051,0.21891109650702706,-0.27710243664088074,-1.039773663483646
21.891109650702706,0.04128981146139135,0.21891109650702706,-0.33452159508535395,-1.0478735642710113
21.891109650702706,0.04500012333840219,0.21891109650702706,-0.39734318402451874,-1.0561295337087646
21.891109650702706,0.04871043521541303,0.21891109650702706,-0.46556720345837516,-1.0645547717822081
21.891109650702706,0.05242074709242387,0.21891109650702706,-0.539193653386923,-1.0731637113166315
21.891109650702706,0.05613105896943471,0.21891109650702706,-0.6182225338101626,-1.081972134722526
21.891109650702706,0.05984137084644555,0.21891109650702706,-0.7026538447280936,-1.090997302567212
21.891109650702706,0.06355168272345639,0.21891109650702706,-0.7924875861407163,-1.1002580952452048
21.891109650702706,0.06726199460046722,0.21891109650702706,-0.8877237580480303,-1.1097751691580369
21.891109650702706,0.07097230647747807,0.21891109650702706,-0.9883623604500361,-1.119571128967367
21.891109650702706,0.0746826183544889,0.21891109650702706,-1.0944033933467334,-1.129670717652992
21.891109650702706,0.07839293023149975,0.21891109650702706,-1.2058468567381224,-1.1401010262917834
21.891109650702706,0.08210324210851058,0.21891109650702706,-1.3226927506242028,-1.1508917256752431
21.891109650702706,0.08581355398552143,0.21891109650702706,-1.444941075004975,-1.1620753221029974
21.891109650702706,0.08952386586253226,0.21891109650702706,-1.5725918298804384,-1.1736874399277308
21.891109650702706,0.09323417773954311,0.21891109650702706,-1.7056450152505938,-1.1857671336841262
21.891109650702706,0.09694448961655394,0.21891109650702706,-1.8441006311154404,-1.1983572329098626
21.891109650702706,0.10065480149356479,0.21891109650702706,-1.9879586774749787,-1.2115047230592983
21.891109650702706,0.10436511337057562,0.21891109650702706,-2.1372191543292085,-1.2252611662184307
21.891109650702706,0.10807542524758647,0.21891109650702706,-2.2918820616781304,-1.2396831656494927
21.891109650702706,0.1117857371245973,0.21891109650702706,-2.451947399521743,-1.2548328785197018
21.891109650702706,0.11549604900160815,0.21891109650702706,-2.617415167860048,-1.2707785814938504
21.891109650702706,0.11920636087861898,0.21891109650702706,-2.788285366693044,-1.2875952941843138
21.891109650702706,0.12291667275562983,0.21891109650702706,-2.964557996020732,-1.3053654657396008
21.891109650702706,0.12662698463264066,0.21891109650702706,-3.146233055843111,-1.3241797300953895
21.891109650702706,0.1303372965096515,0.21891109650702706,-3.333310546160182,-1.3441377355835522
21.891109650702706,0.13404760838666235,0.21891109650702706,-3.525790466971945,-1.3653490546626417
21.891109650702706,0.13775792026367317,0.21891109650702706,-3.723672818278398,-1.3879341794540947
21.891109650702706,0.14146823214068402,0.21891109650702706,-3.926957600079544,-1.4120256084871858
21.891109650702706,0.14517854401769487,0.21891109650702706,-4.135644812375381,-1.4377690295036771
21.891109650702706,0.1488888558947057,0.21891109650702706,-4.34973445516591,-1.4653246022622675
21.891109650702706,0.15259916777171653,0.21891109650702706,-4.5692265284511295,-1.4948683439064014
21.891109650702706,0.15630947964872738,0.21891109650702706,-4.7941210322310415,-1.526593617483326
21.891109650702706,0.16001979152573823,0.21891109650702706,-5.024417966505646,-1.5607127214678993
21.891109650702706,0.16373010340274907,0.21891109650702706,-5.260117331274941,-1.5974585744580105
21.891109650702706,0.1674404152797599,0.21891109650702706,-5.501219126538926,-1.637086484343384
21.891109650702706,0.17115072715677074,0.21891109650702706,-5.747723352297604,-1.6798759849435383
21.891109650702706,0.17486103903378158,0.21891109650702706,-5.999630008550975,-1.7261327150663153
21.891109650702706,0.17857135091079243,0.21891109650702706,-6.256939095299036,-1.7761903048315446
21.891109650702706,0.18228166278780325,0.21891109650702706,-6.519650612541788,-1.830412221592816
21.891109650702706,0.1859919746648141,0.21891109650702706,-6.787764560279233,-1.8891935125392596
21.891109650702706,0.18970228654182494,0.21891109650702706,-7.06128093851137,-1.9529623627726975
21.891109650702706,0.1934125984188358,0.21891109650702706,-7.340199747238198,-2.022181366133018
21.891109650702706,0.1971229102958466,0.21891109650702706,-7.624520986459715,-2.097348381254279
21.891109650702706,0.20083322217285746,0.21891109650702706,-7.914244656175926,-2.1789968175182253
21.891109650702706,0.2045435340498683,0.21891109650702706,-8.209370756386829,-2.267695165387943
21.891109650702706,0.20825384592687915,0.21891109650702706,-8.509899287092423,-2.3640455542950605
21.891109650702706,0.21196415780388997,0.21891109650702706,-8.815830248292707,-2.4686810908605974
21.891109650702706,0.21567446968090082,0.21891109650702706,-9.127163639987685,-2.582261703820773
21.891109650702706,0.21938478155791166,0.21891109650702706,-9.443899462177354,-2.7054682039351725
21.891109650702706,0.2230950934349225,0.21891109650702706,-9.766037714861714,-2.8389942631526823
21.891109650702706,0.22680540531193333,0.21891109650702706,-10.093578398040764,-2.9835360347040574
21.891109650702706,0.23051571718894417,0.21891109650702706,-10.426521511714508,-3.1397791832720037
21.891109650702706,0.23422602906595502,0.21891109650702706,-10.764867055882943,-3.3083831815793
21.891109650702706,0.23793634094296587,0.21891109650702706,-11.108615030546071,-3.489962866231597
21.891109650702706,0.2416466528199767,0.21891109650702706,-11.457765435703886,-3.685067439481096
21.891109650702706,0.24535696469698753,0.21891109650702706,-11.812318271356396,-3.8941573589643097
21.891109650702706,0.24906727657399838,0.21891109650702706,-12.172273537503598,-4.117579871971359
21.891109650702706,0.2527775884510092,0.21891109650702706,-12.537631234145493,-4.355544312117239
21.891109650702706,0.25648790032802005,0.21891109650702706,-12.908391361282074,-4.608098659242465
21.891109650702706,0.2601982122050309,0.21891109650702706,-13.284553918913355,-4.875109228098013
21.891109650702706,0.26390852408204174,0.21891109650702706,-13.66611890703932,-5.156245643729294
21.891109650702706,0.26761883595905256,0.21891109650702706,-14.053086325659974,-5.450973417023951
21.891109650702706,0.27132914783606343,0.21891109650702706,-14.445456174775329,-5.758556386181407
21.891109650702706,0.27503945971307425,0.21891109650702706,-14.84322845438537,-6.078070983004521
21.891109650702706,0.27874977159008507,0.21891109650702706,-15.2464031644901,-6.408433686843096
21.891109650702706,0.28246008346709595,0.21891109650702706,-15.65498030508953,-6.748442154314514
21.891109650702706,0.28617039534410676,0.21891109650702706,-16.068959876183644,-7.0968294206852205
21.891109650702706,0.28988070722111764,0.21891109650702706,-16.488341877772456,-7.452329370919862
21.891109650702706,0.29359101909812846,0.21891109650702706,-16.913126309855954,-7.813750525226556
21.891109650702706,0.2973013309751393,0.21891109650702706,-17.343313172434144,-8.180054239364575
21.891109650702706,0.30101164285215015,0.21891109650702706,-17.77890246550703,-8.550432828604318
21.891109650702706,0.30472195472916097,0.21891109650702706,-18.2198941890746,-8.924382978267523
23.27898650217174,0.011607316445304631,0.2327898650217174,-0.02606240465339422,-0.9915479477701927
23.27898650217174,0.015317628322315471,0.2327898650217174,-0.045387252000099715,-0.9984795311360779
23.27898650217174,0.01902794019932631,0.2327898650217174,-0.07003810549097605,-1.0054959243943928
23.27898650217174,0.02273825207633715,0.2327898650217174,-0.10001496512602326,-1.0126035330505854
23.27898650217174,0.02644856395334799,0.2327898650217174,-0.13531783090524133,-1.0198093686120115
23.27898650217174,0.03015887583035883,0.2327898650217174,-0.17594670282863026,-1.0271211036872883
23.27898650217174,0.03386918770736967,0.2327898650217174,-0.22190158089619008,-1.0345471323822926
23.27898650217174,0.03757949958438051,0.2327898650217174,-0.2731824651079207,-1.0420966365485107
23.27898650217174,0.04128981146139135,0.2327898650217174,-0.3297893554638222,-1.0497796585014214
23.27898650217174,0.04500012333840219,0.2327898650217174,-0.39172225196389454,-1.0576071808945917
23.27898650217174,0.04871043521541303,0.2327898650217174,-0.45898115460813776,-1.0655912145112536
23.27898650217174,0.05242074709242387,0.2327898650217174,-0.5315660633965519,-1.073744894819697
23.27898650217174,0.05613105896943471,0.2327898650217174,-0.6094769783291368,-1.0820825882322769
23.27898650217174,0.05984137084644555,0.2327898650217174,-0.6927138994058926,-1.0906200091121114
23.27898650217174,0.06355168272345639,0.2327898650217174,-0.7812768266268192,-1.099374348686478
23.27898650217174,0.06726199460046722,0.2327898650217174,-0.8751657599919165,-1.1083644171536475
23.27898650217174,0.07097230647747807,0.2327898650217174,-0.9743806995011849,-1.1176108004107297
23.27898650217174,0.0746826183544889,0.2327898650217174,-1.078921645154624,-1.1271360329855975
23.27898650217174,0.07839293023149975,0.2327898650217174,-1.1887885969522343,-1.136964788927017
23.27898650217174,0.08210324210851058,0.2327898650217174,-1.303981554894015,-1.1471240925951536
23.27898650217174,0.08581355398552143,0.2327898650217174,-1.424500518979967,-1.1576435515001258
23.27898650217174,0.08952386586253226,0.2327898650217174,-1.5503454892100894,-1.1685556135607706
23.27898650217174,0.09323417773954311,0.2327898650217174,-1.681516465584383,-1.1798958513991256
23.27898650217174,0.09694448961655394,0.2327898650217174,-1.8180134481028474,-1.1917032765494353
23.27898650217174,0.10065480149356479,0.2327898650217174,-1.9598364367654826,-1.2040206867425693
23.27898650217174,0.10436511337057562,0.2327898650217174,-2.1069854315722885,-1.2168950497273165
23.27898650217174,0.10807542524758647,0.2327898650217174,-2.259460432523266,-1.2303779274065425
23.27898650217174,0.1117857371245973,0.2327898650217174,-2.417261439618413,-1.2445259443956482
23.27898650217174,0.11549604900160815,0.2327898650217174,-2.580388452857732,-1.2594013054478097
23.27898650217174,0.11920636087861898,0.2327898650217174,-2.7488414722412213,-1.2750723665273975
23.27898650217174,0.12291667275562983,0.2327898650217174,-2.922620497768882,-1.2916142646397804
23.27898650217174,0.12662698463264066,0.2327898650217174,-3.101725529440713,-1.3091096118271333
23.27898650217174,0.1303372965096515,0.2327898650217174,-3.286156567256715,-1.3276492589970408
23.27898650217174,0.13404760838666235,0.2327898650217174,-3.4759136112168885,-1.3473331354375535
23.27898650217174,0.13775792026367317,0.2327898650217174,-3.6709966613212313,-1.3682711699549346
23.27898650217174,0.14146823214068402,0.2327898650217174,-3.8714057175697465,-1.3905842995053526
23.27898650217174,0.14517854401769487,0.2327898650217174,-4.0771407799624315,-1.4144055709228223
23.27898650217174,0.1488888558947057,0.2327898650217174,-4.2882018484992885,-1.4398813408024909
23.27898650217174,0.15259916777171653,0.2327898650217174,-4.5045889231803145,-1.467172577691369
23.27898650217174,0.15630947964872738,0.2327898650217174,-4.726302004005514,-1.4964562693576138
23.27898650217174,0.16001979152573823,0.2327898650217174,-4.953341090974883,-1.5279269359189431
23.27898650217174,0.16373010340274907,0.2327898650217174,-5.185706184088422,-1.5617982468446296
23.27898650217174,0.1674404152797599,0.2327898650217174,-5.423397283346132,-1.5983047361067682
23.27898650217174,0.17115072715677074,0.2327898650217174,-5.666414388748014,-1.6377036048108948
23.27898650217174,0.17486103903378158,0.2327898650217174,-5.914757500294067,-1.6802765942120956
23.27898650217174,0.17857135091079243,0.2327898650217174,-6.16842661798429,-1.7263319038141018
23.27898650217174,0.18228166278780325,0.2327898650217174,-6.427421741818684,-1.7762061189184957
23.27898650217174,0.1859919746648141,0.2327898650217174,-6.691742871797248,-1.8302660991840467
23.27898650217174,0.18970228654182494,0.2327898650217174,-6.961390007919984,-1.888910764123005
23.27898650217174,0.1934125984188358,0.2327898650217174,-7.236363150186892,-1.9525726926932032
23.27898650217174,0.1971229102958466,0.2327898650217174,-7.516662298597968,-2.0217194320285996
23.27898650217174,0.20083322217285746,0.2327898650217174,-7.802287453153216,-2.09685438484836
23.27898650217174,0.2045435340498683,0.2327898650217174,-8.093238613852636,-2.178517116441844
23.27898650217174,0.20825384592687915,0.2327898650217174,-8.389515780696227,-2.2672828910165572
23.27898650217174,0.21196415780388997,0.2327898650217174,-8.691118953683986,-2.3637612149038514
23.27898650217174,0.21567446968090082,0.2327898650217174,-8.998048132815919,-2.468593132755281
23.27898650217174,0.21938478155791166,0.2327898650217174,-9.310303318092021,-2.5824469956151592
23.27898650217174,0.2230950934349225,0.2327898650217174,-9.627884509512295,-2.7060124011225595
23.27898650217174,0.22680540531193333,0.2327898650217174,-9.950791707076737,-2.8399920020851743
23.27898650217174,0.23051571718894417,0.2327898650217174,-10.279024910785354,-2.985090897879921
23.27898650217174,0.23422602906595502,0.2327898650217174,-10.61258412063814,-3.1420033726138037
23.27898650217174,0.23793634094296587,0.2327898650217174,-10.951469336635098,-3.311396834724169
23.27898650217174,0.2416466528199767,0.2327898650217174,-11.295680558776224,-3.4938929546613346
23.27898650217174,0.24535696469698753,0.2327898650217174,-11.645217787061522,-3.6900461987499558
23.27898650217174,0.24906727657399838,0.2327898650217174,-12.000081021490994,-3.90032022249937
23.27898650217174,0.2527775884510092,0.2327898650217174,-12.360270262064637,-4.125062912718487
23.27898650217174,0.25648790032802005,0.2327898650217174,-12.725785508782444,-4.3644812415763745
23.27898650217174,0.2601982122050309,0.2327898650217174,-13.09662676164443,-4.618617490528554
23.27898650217174,0.26390852408204174,0.2327898650217174,-13.47279402065058,-4.887328775730955
23.27898650217174,0.26761883595905256,0.2327898650217174,-13.8542872858009,-5.170272102361817
23.27898650217174,0.27132914783606343,0.2327898650217174,-14.2411065570954,-5.466897325922013
23.27898650217174,0.27503945971307425,0.2327898650217174,-14.633251834534065,-5.776450335354121
23.27898650217174,0.27874977159008507,0.2327898650217174,-15.030723118116898,-6.097988438820707
23.27898650217174,0.28246008346709595,0.2327898650217174,-15.43352040784391,-6.430409299218338
23.27898650217174,0.28617039534410676,0.2327898650217174,-15.841643703715084,-6.772493847174362
23.27898650217174,0.28988070722111764,0.2327898650217174,-16.255093005730437,-7.122962461549097
23.27898650217174,0.29359101909812846,0.2327898650217174,-16.673868313889955,-7.480542470940614
23.27898650217174,0.2973013309751393,0.2327898650217174,-17.097969628193642,-7.8440438524202625
23.27898650217174,0.30101164285215015,0.2327898650217174,-17.52739694864151,-8.212439055402058
23.27898650217174,0.30472195472916097,0.2327898650217174,-17.962150275233537,-8.584942305739073
24.666863353640775,0.011607316445304631,0.24666863353640775,-0.02568842792585634,-0.9969937319759188
24.666863353640775,0.015317628322315471,0.24666863353640775,-0.044735977637635094,-1.0035774430265691
24.666863353640775,0.01902794019932631,0.24666863353640775,-0.06903310914306397,-1.0102408065414732
24.666863353640775,0.02273825207633715,0.24666863353640775,-0.098579822442143,-1.0169896311774282
24.666863353640775,0.02644856395334799,0.24666863353640775,-0.1333761175348722,-1.0238302790433753
24.666863353640775,0.03015887583035883,0.24666863353640775,-0.17342199442125153,-1.030769715936418
24.666863353640775,0.03386918770736967,0.24666863353640775,-0.21871745310128102,-1.0378155663895683
24.666863353640775,0.03757949958438051,0.24666863353640775,-0.2692624935749606,-1.04497617403542
24.666863353640775,0.04128981146139135,0.24666863353640775,-0.3250571158422904,-1.0522606678460544
24.666863353640775,0.04500012333840219,0.24666863353640775,-0.3861013199032703,-1.0596790348716771
24.666863353640775,0.04871043521541303,0.24666863353640775,-0.4523951057579004,-1.0672422001695505
24.666863353640775,0.05242074709242387,0.24666863353640775,-0.5239384734061806,-1.074962114691985
24.666863353640775,0.05613105896943471,0.24666863353640775,-0.6007314228481109,-1.082851851987523
24.666863353640775,0.05984137084644555,0.24666863353640775,-0.6827739540836913,-1.0909257146646985
24.666863353640775,0.06355168272345639,0.24666863353640775,-0.770066067112922,-1.0991993516731284
24.666863353640775,0.06726199460046722,0.24666863353640775,-0.8626077619358026,-1.1076898875737475
24.666863353640775,0.07097230647747807,0.24666863353640775,-0.9603990385523336,-1.1164160650996635
24.666863353640775,0.0746826183544889,0.24666863353640775,-1.0634398969625145,-1.1253984024523378
24.666863353640775,0.07839293023149975,0.24666863353640775,-1.171730337166346,-1.1346593669359537
24.666863353640775,0.08210324210851058,0.24666863353640775,-1.285270359163827,-1.144223566707363
24.666863353640775,0.08581355398552143,0.24666863353640775,-1.4040599629549588,-1.1541179626103046
24.666863353640775,0.08952386586253226,0.24666863353640775,-1.5280991485397402,-1.164372102272532
24.666863353640775,0.09323417773954311,0.24666863353640775,-1.657387915918172,-1.175018378873621
24.666863353640775,0.09694448961655394,0.24666863353640775,-1.7919262650902539,-1.1860923172402122
24.666863353640775,0.10065480149356479,0.24666863353640775,-1.931714196055986,-1.197632890194667
24.666863353640775,0.10436511337057562,0.24666863353640775,-2.076751708815368,-1.209682868372532
24.666863353640775,0.10807542524758647,0.24666863353640775,-2.227038803368401,-1.222289207032551
24.666863353640775,0.1117857371245973,0.24666863353640775,-2.382575479715083,-1.2355034737084702
24.666863353640775,0.11549604900160815,0.24666863353640775,-2.543361737855416,-1.2493823208914492
24.666863353640775,0.11920636087861898,0.24666863353640775,-2.7093975777893986,-1.263988008279652
24.666863353640775,0.12291667275562983,0.24666863353640775,-2.8806829995170316,-1.2793889794812126
24.666863353640775,0.12662698463264066,0.24666863353640775,-3.0572180030383147,-1.295660498396285
24.666863353640775,0.1303372965096515,0.24666863353640775,-3.2390025883532476,-1.312885350819779
24.666863353640775,0.13404760838666235,0.24666863353640775,-3.4260367554618316,-1.3311546170786714
24.666863353640775,0.13775792026367317,0.24666863353640775,-3.618320504364064,-1.350568521719513
24.666863353640775,0.14146823214068402,0.24666863353640775,-3.8158538350599485,-1.3712373663602113
24.666863353640775,0.14517854401769487,0.24666863353640775,-4.018636747549482,-1.3932825517692304
24.666863353640775,0.1488888558947057,0.24666863353640775,-4.226669241832666,-1.41683769497911
24.666863353640775,0.15259916777171653,0.24666863353640775,-4.439951317909499,-1.4420498467069507
24.666863353640775,0.15630947964872738,0.24666863353640775,-4.658482975779984,-1.4690808134512192
24.666863353640775,0.16001979152573823,0.24666863353640775,-4.882264215444119,-1.498108587248617
24.666863353640775,0.16373010340274907,0.24666863353640775,-5.111295036901904,-1.5293288840677386
24.666863353640775,0.1674404152797599,0.24666863353640775,-5.345575440153337,-1.5629567890176688
24.666863353640775,0.17115072715677074,0.24666863353640775,-5.585105425198422,-1.5992285027558628
24.666863353640775,0.17486103903378158,0.24666863353640775,-5.829884992037158,-1.6384031784496011
24.666863353640775,0.17857135091079243,0.24666863353640775,-6.079914140669542,-1.6807648320986779
24.666863353640775,0.18228166278780325,0.24666863353640775,-6.335192871095577,-1.7266243006466153
24.666863353640775,0.1859919746648141,0.24666863353640775,-6.595721183315263,-1.776321211744004
24.666863353640775,0.18970228654182494,0.24666863353640775,-6.861499077328599,-1.8302259159119858
24.666863353640775,0.1934125984188358,0.24666863353640775,-7.132526553135586,-1.8887413158228235
24.666863353640775,0.1971229102958466,0.24666863353640775,-7.40880361073622,-1.9523045081436576
24.666863353640775,0.20083322217285746,0.24666863353640775,-7.690330250130505,-2.021388130654919
24.666863353640775,0.2045435340498683,0.24666863353640775,-7.977106471318442,-2.0965012811109993
24.666863353640775,0.20825384592687915,0.24666863353640775,-8.269132274300029,-2.1781898448063925
24.666863353640775,0.21196415780388997,0.24666863353640775,-8.566407659075264,-2.267036035738867
24.666863353640775,0.21567446968090082,0.24666863353640775,-8.86893262564415,-2.363656922949417
24.666863353640775,0.21938478155791166,0.24666863353640775,-9.176707174006689,-2.4687016812574445
24.666863353640775,0.2230950934349225,0.24666863353640775,-9.489731304162875,-2.5828472775054
24.666863353640775,0.22680540531193333,0.24666863353640775,-9.80800501611271,-2.7067922842586265
24.666863353640775,0.23051571718894417,0.24666863353640775,-10.131528309856197,-2.8412485089266433
24.666863353640775,0.23422602906595502,0.24666863353640775,-10.460301185393336,-2.986930145392381
24.666863353640775,0.23793634094296587,0.24666863353640775,-10.794323642724123,-3.144540206872464
24.666863353640775,0.2416466528199767,0.24666863353640775,-11.13359568184856,-3.314754093278511
24.666863353640775,0.24535696469698753,0.24666863353640775,-11.478117302766648,-3.498200294127356
24.666863353640775,0.24906727657399838,0.24666863353640775,-11.827888505478386,-3.6954384375683897
24.666863353640775,0.2527775884510092,0.24666863353640775,-12.182909289983776,-3.906935171580911
24.666863353640775,0.25648790032802005,0.24666863353640775,-12.543179656282812,-4.133038701614206
24.666863353640775,0.2601982122050309,0.24666863353640775,-12.908699604375505,-4.3739531957017
24.666863353640775,0.26390852408204174,0.24666863353640775,-13.27946913426184,-4.629714675006597
24.666863353640775,0.26761883595905256,0.24666863353640775,-13.655488245941825,-4.900170390435568
24.666863353640775,0.27132914783606343,0.24666863353640775,-14.036756939415469,-5.184963984717153
24.666863353640775,0.27503945971307425,0.24666863353640775,-14.423275214682755,-5.483528884025257
24.666863353640775,0.27874977159008507,0.24666863353640775,-14.815043071743691,-5.795092282780207
24.666863353640775,0.28246008346709595,0.24666863353640775,-15.212060510598285,-6.118691721906142
24.666863353640775,0.28617039534410676,0.24666863353640775,-15.614327531246522,-6.453205586913213
24.666863353640775,0.28988070722111764,0.24666863353640775,-16.021844133688415,-6.797397885943273
24.666863353640775,0.29359101909812846,0.24666863353640775,-16.43461031792395,-7.149976483130094
24.666863353640775,0.2973013309751393,0.24666863353640775,-16.85262608395314,-7.509662687028738
24.666863353640775,0.30101164285215015,0.24666863353640775,-17.275891431775985,-7.875268893520136
24.666863353640775,0.30472195472916097,0.24666863353640775,-17.704406361392472,-8.245780032913935
26.05474020510981,0.011607316445304631,0.2605474020510981,-0.025314451198318464,-1.002870580677512
26.05474020510981,0.015317628322315471,0.2605474020510981,-0.04408470327517047,-1.00911986720552
26.05474020510981,0.01902794019932631,0.2605474020510981,-0.0680281127951519,-1.0154440302094256
26.05474020510981,0.02273825207633715,0.2605474020510981,-0.09714467975826276,-1.0218483342741562
26.05474020510981,0.02644856395334799,0.2605474020510981,-0.13143440416450308,-1.028338549347473
26.05474020510981,0.03015887583035883,0.2605474020510981,-0.1708972860138728,-1.0349209965419952
26.05474020510981,0.03386918770736967,0.2605474020510981,-0.215533325306372,-1.0416025983078105
26.05474020510981,0.03757949958438051,0.2605474020510981,-0.2653425220420006,-1.0483909334329953
26.05474020510981,0.04128981146139135,0.2605474020510981,-0.32032487622075867,-1.0552942973800832
26.05474020510981,0.04500012333840219,0.2605474020510981,-0.3804803878426461,-1.0623217685232396
26.05474020510981,0.04871043521541303,0.2605474020510981,-0.44580905690766304,-1.0694832809135324
26.05474020510981,0.05242074709242387,0.2605474020510981,-0.5163108834158093,-1.0767897042701655
26.05474020510981,0.05613105896943471,0.2605474020510981,-0.5919858673670851,-1.0842529319732428
26.05474020510981,0.05984137084644555,0.2605474020510981,-0.6728340087614902,-1.091885977920544
26.05474020510981,0.06355168272345639,0.2605474020510981,-0.758855307599025,-1.099703083207162
26.05474020510981,0.06726199460046722,0.2605474020510981,-0.8500497638796888,-1.1077198336940013
26.05474020510981,0.07097230647747807,0.2605474020510981,-0.9464173776034823,-1.11595328964989
26.05474020510981,0.0746826183544889,0.2605474020510981,-1.0479581487704053,-1.1244221287839347
26.05474020510981,0.07839293023149975,0.2605474020510981,-1.1546720773804577,-1.1331468041303117
26.05474020510981,0.08210324210851058,0.2605474020510981,-1.2665591634336393,-1.142149718408886
26.05474020510981,0.08581355398552143,0.2605474020510981,-1.3836194069299508,-1.1514554166625226
26.05474020510981,0.08952386586253226,0.2605474020510981,-1.5058528078693911,-1.161090799167237
26.05474020510981,0.09323417773954311,0.2605474020510981,-1.6332593662519612,-1.1710853568255555
26.05474020510981,0.09694448961655394,0.2605474020510981,-1.7658390820776608,-1.1814714314872825
26.05474020510981,0.10065480149356479,0.2605474020510981,-1.9035919553464897,-1.192284503896743
26.05474020510981,0.10436511337057562,0.2605474020510981,-2.046517986058448,-1.203563512240934
26.05474020510981,0.10807542524758647,0.2605474020510981,-2.194617174213536,-1.2153512045698927
26.05474020510981,0.1117857371245973,0.2605474020510981,-2.347889519811753,-1.2276945286768264
26.05474020510981,0.11549604900160815,0.2605474020510981,-2.5063350228531,-1.2406450633605424
26.05474020510981,0.11920636087861898,0.2605474020510981,-2.669953683337576,-1.254259495342322
26.05474020510981,0.12291667275562983,0.2605474020510981,-2.8387455012651817,-1.2686001464686267
26.05474020510981,0.12662698463264066,0.2605474020510981,-3.0127104766359163,-1.2837355561930632
26.05474020510981,0.1303372965096515,0.2605474020510981,-3.1918486094497807,-1.2997411246843091
26.05474020510981,0.13404760838666235,0.2605474020510981,-3.376159899706775,-1.3166998222370703
26.05474020510981,0.13775792026367317,0.2605474020510981,-3.5656443474068973,-1.3347029709506977
26.05474020510981,0.14146823214068402,0.2605474020510981,-3.760301952550151,-1.3538511048579371
26.05474020510981,0.14517854401769487,0.2605474020510981,-3.9601327151365324,-1.3742549148001117
26.05474020510981,0.1488888558947057,0.2605474020510981,-4.165136635166045,-1.3960362843089875
26.05474020510981,0.15259916777171653,0.2605474020510981,-4.375313712638684,-1.4193294225122646
26.05474020510981,0.15630947964872738,0.2605474020510981,-4.5906639475544555,-1.444282099554271
26.05474020510981,0.16001979152573823,0.2605474020510981,-4.811187339913356,-1.4710569891238947
26.05474020510981,0.16373010340274907,0.2605474020510981,-5.036883889715385,-1.4998331212908793
26.05474020510981,0.1674404152797599,0.2605474020510981,-5.267753596960542,-1.5308074468275068
26.05474020510981,0.17115072715677074,0.2605474020510981,-5.503796461648831,-1.564196511359512
26.05474020510981,0.17486103903378158,0.2605474020510981,-5.74501248378025,-1.6002382338390406
26.05474020510981,0.17857135091079243,0.2605474020510981,-5.991401663354797,-1.6391937787139348
26.05474020510981,0.18228166278780325,0.2605474020510981,-6.2429640003724725,-1.681349504493066
26.05474020510981,0.1859919746648141,0.2605474020510981,-6.499699494833278,-1.7270189628474455
26.05474020510981,0.18970228654182494,0.2605474020510981,-6.761608146737214,-1.7765449115800545
26.05474020510981,0.1934125984188358,0.2605474020510981,-7.02868995608428,-1.830301291360077
26.05474020510981,0.1971229102958466,0.2605474020510981,-7.300944922874472,-1.8886950996706142
26.05474020510981,0.20083322217285746,0.2605474020510981,-7.578373047107795,-1.9521680756246234
26.05474020510981,0.2045435340498683,0.2605474020510981,-7.860974328784249,-2.021198085924409
26.05474020510981,0.20825384592687915,0.2605474020510981,-8.148748767903832,-2.0963000752239944
26.05474020510981,0.21196415780388997,0.2605474020510981,-8.441696364466543,-2.178026413753419
26.05474020510981,0.21567446968090082,0.2605474020510981,-8.739817118472384,-2.26696644199336
26.05474020510981,0.21938478155791166,0.2605474020510981,-9.043111029921356,-2.363744977820768
26.05474020510981,0.2230950934349225,0.2605474020510981,-9.351578098813457,-2.469019518154256
26.05474020510981,0.22680540531193333,0.2605474020510981,-9.665218325148684,-2.5834758381488356
26.05474020510981,0.23051571718894417,0.2605474020510981,-9.984031708927043,-2.7078216712911543
26.05474020510981,0.23422602906595502,0.2605474020510981,-10.308018250148534,-2.8427781498405347
26.05474020510981,0.23793634094296587,0.2605474020510981,-10.637177948813152,-2.989068705189296
26.05474020510981,0.2416466528199767,0.2605474020510981,-10.971510804920896,-3.1474051816800293
26.05474020510981,0.24535696469698753,0.2605474020510981,-11.311016818471774,-3.318471016030185
26.05474020510981,0.24906727657399838,0.2605474020510981,-11.655695989465782,-3.502901488470693
26.05474020510981,0.2527775884510092,0.2605474020510981,-12.00554831790292,-3.7012612697603364
26.05474020510981,0.25648790032802005,0.2605474020510981,-12.360573803783181,-3.9140197745788736
26.05474020510981,0.2601982122050309,0.2605474020510981,-12.72077244710658,-4.141525182727712
26.05474020510981,0.26390852408204174,0.2605474020510981,-13.0861442478731,-4.383978389804114
26.05474020510981,0.26761883595905256,0.2605474020510981,-13.45668920608275,-4.641408568397959
26.05474020510981,0.27132914783606343,0.2605474020510981,-13.832407321735538,-4.913652412472477
26.05474020510981,0.27503945971307425,0.2605474020510981,-14.21329859483145,-5.200339438758819
26.05474020510981,0.27874977159008507,0.2605474020510981,-14.599363025370488,-5.50088585652821
26.05474020510981,0.28246008346709595,0.2605474020510981,-14.990600613352663,-5.814499417611889
26.05474020510981,0.28617039534410676,0.2605474020510981,-15.387011358777961,-6.140197263487292
26.05474020510981,0.28988070722111764,0.2605474020510981,-15.788595261646394,-6.4768380696345185
26.05474020510981,0.29359101909812846,0.2605474020510981,-16.19535232195795,-6.823168771933353
26.05474020510981,0.2973013309751393,0.2605474020510981,-16.60728253971264,-7.177884926503595
26.05474020510981,0.30101164285215015,0.2605474020510981,-17.02438591491046,-7.539702439470799
26.05474020510981,0.30472195472916097,0.2605474020510981,-17.446662447551407,-7.907437180976828
27.442617056578843,0.011607316445304631,0.27442617056578844,-0.02494047447078059,-1.0091603500820003
27.442617056578843,0.015317628322315471,0.27442617056578844,-0.04343342891270585,-1.0150881333020854
27.442617056578843,0.01902794019932631,0.27442617056578844,-0.06702311644723984,-1.0210863655887392
27.442617056578843,0.02273825207633715,0.27442617056578844,-0.09570953707438253,-1.027159815782519
27.442617056578843,0.02644856395334799,0.27442617056578844,-0.12949269079413395,-1.033313714080828
27.442617056578843,0.03015887583035883,0.27442617056578844,-0.1683725776064941,-1.0395537937973964
27.442617056578843,0.03386918770736967,0.27442617056578844,-0.212349197511463,-1.0458863370913312
27.442617056578843,0.03757949958438051,0.27442617056578844,-0.26142255050904056,-1.0523182250802057
27.442617056578843,0.04128981146139135,0.27442617056578844,-0.3155926365992269,-1.0588569927978293
27.442617056578843,0.04500012333840219,0.27442617056578844,-0.3748594557820219,-1.0655108895085208
27.442617056578843,0.04871043521541303,0.27442617056578844,-0.4392230080574257,-1.0722889449470356
27.442617056578843,0.05242074709242387,0.27442617056578844,-0.5086832934254382,-1.0792010421170364
27.442617056578843,0.05613105896943471,0.27442617056578844,-0.5832403118860593,-1.086257997351768
27.442617056578843,0.05984137084644555,0.27442617056578844,-0.6628940634392892,-1.0934716484200884
27.442617056578843,0.06355168272345639,0.27442617056578844,-0.7476445480851279,-1.1008549515484027
27.442617056578843,0.06726199460046722,0.27442617056578844,-0.837491765823575,-1.1084220883273588
27.442617056578843,0.07097230647747807,0.27442617056578844,-0.9324357166546312,-1.11618858358064
27.442617056578843,0.0746826183544889,0.27442617056578844,-1.0324764005782958,-1.124171435393933
27.442617056578843,0.07839293023149975,0.27442617056578844,-1.1376138175945694,-1.132389258636218
27.442617056578843,0.08210324210851058,0.27442617056578844,-1.2478479677034515,-1.140862443453475
27.442617056578843,0.08581355398552143,0.27442617056578844,-1.3631788509049427,-1.1496133303791538
27.442617056578843,0.08952386586253226,0.27442617056578844,-1.483606467199042,-1.1586664038864667
27.442617056578843,0.09323417773954311,0.27442617056578844,-1.6091308165857505,-1.1680485064067652
27.442617056578843,0.09694448961655394,0.27442617056578844,-1.7397518990650678,-1.17778907505663
27.442617056578843,0.10065480149356479,0.27442617056578844,-1.8754697146369934,-1.1879204035556752
27.442617056578843,0.10436511337057562,0.27442617056578844,-2.016284263301528,-1.198477932077064
27.442617056578843,0.10807542524758647,0.27442617056578844,-2.1621955450586716,-1.20950056805518
27.442617056578843,0.1117857371245973,0.27442617056578844,-2.3132035599084233,-1.22103104127887
27.442617056578843,0.11549604900160815,0.27442617056578844,-2.4693083078507843,-1.2331162969234724
27.442617056578843,0.11920636087861898,0.27442617056578844,-2.630509788885753,-1.245807930519172
27.442617056578843,0.12291667275562983,0.27442617056578844,-2.7968080030133318,-1.2591626692134081
27.442617056578843,0.12662698463264066,0.27442617056578844,-2.9682029502335183,-1.2732429040560742
27.442617056578843,0.1303372965096515,0.27442617056578844,-3.1446946305463137,-1.2881172784109314
27.442617056578843,0.13404760838666235,0.27442617056578844,-3.326283043951719,-1.3038613379641424
27.442617056578843,0.13775792026367317,0.27442617056578844,-3.512968190449731,-1.3205582481460985
27.442617056578843,0.14146823214068402,0.27442617056578844,-3.704750070040353,-1.3382995850859079
27.442617056578843,0.14517854401769487,0.27442617056578844,-3.901628682723583,-1.357186206452326
27.442617056578843,0.1488888558947057,0.27442617056578844,-4.103604028499423,-1.3773292086643716
27.442617056578843,0.15259916777171653,0.27442617056578844,-4.31067610736787,-1.3988509769345256
27.442617056578843,0.15630947964872738,0.27442617056578844,-4.522844919328927,-1.4218863343763744
27.442617056578843,0.16001979152573823,0.27442617056578844,-4.740110464382592,-1.4465837958934236
27.442617056578843,0.16373010340274907,0.27442617056578844,-4.962472742528867,-1.4731069316685828
27.442617056578843,0.1674404152797599,0.27442617056578844,-5.189931753767748,-1.5016358436782777
27.442617056578843,0.17115072715677074,0.27442617056578844,-5.42248749809924,-1.5323687566120068
27.442617056578843,0.17486103903378158,0.27442617056578844,-5.660139975523341,-1.5655237217093552
27.442617056578843,0.17857135091079243,0.27442617056578844,-5.90288918604005,-1.601340428115014
27.442617056578843,0.18228166278780325,0.27442617056578844,-6.150735129649367,-1.6400821111417967
27.442617056578843,0.1859919746648141,0.27442617056578844,-6.403677806351293,-1.682037540023094
27.442617056578843,0.18970228654182494,0.27442617056578844,-6.66171721614583,-1.7275230589891644
27.442617056578843,0.1934125984188358,0.27442617056578844,-6.924853359032974,-1.7768846444409734
27.442617056578843,0.1971229102958466,0.27442617056578844,-7.193086235012725,-1.8304999272226352
27.442617056578843,0.20083322217285746,0.27442617056578844,-7.466415844085086,-1.8887801121138024
27.442617056578843,0.2045435340498683,0.27442617056578844,-7.7448421862500565,-1.9521717063232469
27.442617056578843,0.20825384592687915,0.27442617056578844,-8.028365261507636,-2.0211579447137433
27.442617056578843,0.21196415780388997,0.27442617056578844,-8.316985069857822,-2.0962597716685636
27.442617056578843,0.21567446968090082,0.27442617056578844,-8.610701611300618,-2.1780362081778817
27.442617056578843,0.21938478155791166,0.27442617056578844,-8.909514885836025,-2.267083898615379
27.442617056578843,0.2230950934349225,0.27442617056578844,-9.213424893464037,-2.3640355962145554
27.442617056578843,0.22680540531193333,0.27442617056578844,-9.522431634184658,-2.469557311800167
27.442617056578843,0.23051571718894417,0.27442617056578844,-9.83653510799789,-2.5843438204592184
27.442617056578843,0.23422602906595502,0.27442617056578844,-10.15573531490373,-2.7091122006156683
27.442617056578843,0.23793634094296587,0.27442617056578844,-10.480032254902179,-2.844593076190117
27.442617056578843,0.2416466528199767,0.27442617056578844,-10.809425927993235,-2.991519253767289
27.442617056578843,0.24535696469698753,0.27442617056578844,-11.1439163341769,-3.1506115031717243
27.442617056578843,0.24906727657399838,0.27442617056578844,-11.483503473453176,-3.3225613328089345
27.442617056578843,0.2527775884510092,0.27442617056578844,-11.828187345822062,-3.5080107716518905
27.442617056578843,0.25648790032802005,0.27442617056578844,-12.17796795128355,-3.707529396832829
27.442617056578843,0.2601982122050309,0.27442617056578844,-12.532845289837656,-3.921589143567835
27.442617056578843,0.26390852408204174,0.27442617056578844,-12.892819361484362,-4.150537798361874
27.442617056578843,0.26761883595905256,0.27442617056578844,-13.257890166223676,-4.39457249066663
27.442617056578843,0.27132914783606343,0.27442617056578844,-13.628057704055609,-4.653714930294005
27.442617056578843,0.27503945971307425,0.27442617056578844,-14.003321974980143,-4.9277905383396226
27.442617056578843,0.27874977159008507,0.27442617056578844,-14.383682978997284,-5.216413922306819
27.442617056578843,0.28246008346709595,0.27442617056578844,-14.769140716107042,-5.518983275202336
27.442617056578843,0.28617039534410676,0.27442617056578844,-15.159695186309401,-5.834686157867632
27.442617056578843,0.28988070722111764,0.27442617056578844,-15.555346389604376,-6.162518694577214
27.442617056578843,0.29359101909812846,0.27442617056578844,-15.95609432599195,-6.501319449964477
27.442617056578843,0.2973013309751393,0.27442617056578844,-16.361938995472137,-6.84981818837292
27.442617056578843,0.30101164285215015,0.27442617056578844,-16.77288039804494,-7.206698433349084
27.442617056578843,0.30472195472916097,0.27442617056578844,-17.188918533710343,-7.570671390687371
28.830493908047877,0.011607316445304631,0.2883049390804788,-0.024566497743242707,-1.0158432158629616
28.830493908047877,0.015317628322315471,0.2883049390804788,-0.04278215455024123,-1.0214619434538896
28.830493908047877,0.01902794019932631,0.2883049390804788,-0.06601812009932775,-1.0271470110105705
28.830493908047877,0.02273825207633715,0.2883049390804788,-0.09427439439050227,-1.0329027358730762
28.830493908047877,0.02644856395334799,0.2883049390804788,-0.1275509774237648,-1.0387338564704471
28.830493908047877,0.03015887583035883,0.2883049390804788,-0.16584786919911537,-1.0446455703945743
28.830493908047877,0.03386918770736967,0.2883049390804788,-0.20916506971655396,-1.0506435760791693
28.830493908047877,0.03757949958438051,0.2883049390804788,-0.25750257897608053,-1.0567341184593104
28.830493908047877,0.04128981146139135,0.2883049390804788,-0.3108603969776951,-1.0629240390289354
28.830493908047877,0.04500012333840219,0.2883049390804788,-0.36923852372139765,-1.0692208307601492
28.830493908047877,0.04871043521541303,0.2883049390804788,-0.43263695920718825,-1.075632698400205
28.830493908047877,0.05242074709242387,0.2883049390804788,-0.5010557034350669,-1.082168624719766
28.830493908047877,0.05613105896943471,0.2883049390804788,-0.5744947564050334,-1.0888384433507472
28.830493908047877,0.05984137084644555,0.2883049390804788,-0.652954118117088,-1.0956529189238182
28.830493908047877,0.06355168272345639,0.2883049390804788,-0.7364337885712307,-1.1026238352958462
28.830493908047877,0.06726199460046722,0.2883049390804788,-0.8249337677674611,-1.1097640927466088
28.830493908047877,0.07097230647747807,0.2883049390804788,-0.9184540557057798,-1.1170878151235906
28.830493908047877,0.0746826183544889,0.2883049390804788,-1.0169946523861864,-1.124610468023878
28.830493908047877,0.07839293023149975,0.2883049390804788,-1.120555557808681,-1.1323489892249503
28.830493908047877,0.08210324210851058,0.2883049390804788,-1.2291367719732635,-1.1403219327121246
28.830493908047877,0.08581355398552143,0.2883049390804788,-1.3427382948799345,-1.1485496278014748
28.830493908047877,0.08952386586253226,0.2883049390804788,-1.461360126528693,-1.1570543550237238
28.830493908047877,0.09323417773954311,0.2883049390804788,-1.5850022669195396,-1.165860540619068
28.830493908047877,0.09694448961655394,0.2883049390804788,-1.7136647160524743,-1.1749949716958756
28.830493908047877,0.10065480149356479,0.2883049390804788,-1.8473474739274969,-1.1844870343292513
28.830493908047877,0.10436511337057562,0.2883049390804788,-1.9860505405446076,-1.1943689771197272
28.830493908047877,0.10807542524758647,0.2883049390804788,-2.1297739159038067,-1.2046762029984954
28.830493908047877,0.1117857371245973,0.2883049390804788,-2.278517600005093,-1.2154475923546952
28.830493908047877,0.11549604900160815,0.2883049390804788,-2.432281592848468,-1.2267258608716824
28.830493908047877,0.11920636087861898,0.2883049390804788,-2.5910658944339304,-1.2385579557929427
28.830493908047877,0.12291667275562983,0.2883049390804788,-2.7548705047614814,-1.2509954946920905
28.830493908047877,0.12662698463264066,0.2883049390804788,-2.92369542383112,-1.2640952511924013
28.830493908047877,0.1303372965096515,0.2883049390804788,-3.0975406516428468,-1.2779196924644927
28.830493908047877,0.13404760838666235,0.2883049390804788,-3.276406188196662,-1.2925375737186195
28.830493908047877,0.13775792026367317,0.2883049390804788,-3.4602920334925638,-1.3080245952896545
28.830493908047877,0.14146823214068402,0.2883049390804788,-3.649198187530555,-1.3244641282738971
28.830493908047877,0.14517854401769487,0.2883049390804788,-3.8431246503106333,-1.3419480149959337
28.830493908047877,0.1488888558947057,0.2883049390804788,-4.042071421832801,-1.3605774508349135
28.830493908047877,0.15259916777171653,0.2883049390804788,-4.246038502097054,-1.380463954085684
28.830493908047877,0.15630947964872738,0.2883049390804788,-4.455025891103397,-1.4017304305251495
28.830493908047877,0.16001979152573823,0.2883049390804788,-4.669033588851829,-1.4245123391368493
28.830493908047877,0.16373010340274907,0.2883049390804788,-4.888061595342348,-1.4489589649404024
28.830493908047877,0.1674404152797599,0.2883049390804788,-5.1121099105749535,-1.4752348039791476
28.830493908047877,0.17115072715677074,0.2883049390804788,-5.341178534549648,-1.5035210641170353
28.830493908047877,0.17486103903378158,0.2883049390804788,-5.575267467266432,-1.534017283233701
28.830493908047877,0.17857135091079243,0.2883049390804788,-5.814376708725303,-1.5669430634998536
28.830493908047877,0.18228166278780325,0.2883049390804788,-6.058506258926261,-1.6025399164405671
28.830493908047877,0.1859919746648141,0.2883049390804788,-6.307656117869308,-1.641073208187529
28.830493908047877,0.18970228654182494,0.2883049390804788,-6.561826285554443,-1.6828341873724133
28.830493908047877,0.1934125984188358,0.2883049390804788,-6.821016761981667,-1.7281420691719562
28.830493908047877,0.1971229102958466,0.2883049390804788,-7.085227547150977,-1.7773461376892774
28.830493908047877,0.20083322217285746,0.2883049390804788,-7.354458641062375,-1.8308278147338726
28.830493908047877,0.2045435340498683,0.2883049390804788,-7.628710043715863,-1.8890026257315693
28.830493908047877,0.20825384592687915,0.2883049390804788,-7.907981755111438,-1.9523219725866117
28.830493908047877,0.21196415780388997,0.2883049390804788,-8.192273775249099,-2.0212745985676195
28.830493908047877,0.21567446968090082,0.2883049390804788,-8.481586104128851,-2.096387601632445
28.830493908047877,0.21938478155791166,0.2883049390804788,-8.77591874175069,-2.1782268203064357
28.830493908047877,0.2230950934349225,0.2883049390804788,-9.075271688114617,-2.2673963810437794
28.830493908047877,0.22680540531193333,0.2883049390804788,-9.37964494322063,-2.364537159409479
28.830493908047877,0.23051571718894417,0.2883049390804788,-9.689038507068734,-2.470323871872357
28.830493908047877,0.23422602906595502,0.2883049390804788,-10.003452379658926,-2.5854604842199924
28.830493908047877,0.23793634094296587,0.2883049390804788,-10.322886560991206,-2.710673601876181
28.830493908047877,0.2416466528199767,0.2883049390804788,-10.64734105106557,-2.8467035037953234
28.830493908047877,0.24535696469698753,0.2883049390804788,-10.976815849882026,-2.9942925040791186
28.830493908047877,0.24906727657399838,0.2883049390804788,-11.31131095744057,-3.154170384648916
28.830493908047877,0.2527775884510092,0.2883049390804788,-11.650826373741202,-3.327036749906485
28.830493908047877,0.25648790032802005,0.2883049390804788,-11.995362098783918,-3.5135403218130383
28.830493908047877,0.2601982122050309,0.2883049390804788,-12.34491813256873,-3.714255430437797
28.830493908047877,0.26390852408204174,0.2883049390804788,-12.699494475095621,-3.929656264813703
28.830493908047877,0.26761883595905256,0.2883049390804788,-13.059091126364601,-4.160089827057935
28.830493908047877,0.27132914783606343,0.2883049390804788,-13.423708086375676,-4.405748961437053
28.830493908047877,0.27503945971307425,0.2883049390804788,-13.793345355128835,-4.666647275201948
28.830493908047877,0.27874977159008507,0.2883049390804788,-14.168002932624079,-4.942598177158898
28.830493908047877,0.28246008346709595,0.2883049390804788,-14.547680818861418,-5.233200563910404
28.830493908047877,0.28617039534410676,0.2883049390804788,-14.932379013840837,-5.537833802898451
28.830493908047877,0.28988070722111764,0.2883049390804788,-15.322097517562353,-5.855664517743838
28.830493908047877,0.29359101909812846,0.2883049390804788,-15.716836330025949,-6.1856672153439645
28.830493908047877,0.2973013309751393,0.2883049390804788,-16.116595451231635,-6.526659984118552
28.830493908047877,0.30101164285215015,0.2883049390804788,-16.521374881179415,-6.877355371969027
28.830493908047877,0.30472195472916097,0.2883049390804788,-16.931174619869275,-7.236425217791167
30.21837075951691,0.011607316445304631,0.3021837075951691,-0.02419252101570483,-1.0228978271904925
30.21837075951691,0.015317628322315471,0.3021837075951691,-0.04213088018777661,-1.0282195206415663
30.21837075951691,0.01902794019932631,0.3021837075951691,-0.06501312375141567,-1.0336037354392902
30.21837075951691,0.02273825207633715,0.3021837075951691,-0.09283925170662204,-1.0390543779192232
30.21837075951691,0.02644856395334799,0.3021837075951691,-0.1256092640533957,-1.0445757386603542
30.21837075951691,0.03015887583035883,0.3021837075951691,-0.16332316079173667,-1.0501725271987734
30.21837075951691,0.03386918770736967,0.3021837075951691,-0.20598094192164496,-1.055849910015266
30.21837075951691,0.03757949958438051,0.3021837075951691,-0.2535826074431205,-1.061613552136742
30.21837075951691,0.04128981146139135,0.3021837075951691,-0.30612815735616333,-1.0674696627297813
30.21837075951691,0.04500012333840219,0.3021837075951691,-0.36361759166077345,-1.0734250451062435
30.21837075951691,0.04871043521541303,0.3021837075951691,-0.4260509103569509,-1.0794871516084141
30.21837075951691,0.05242074709242387,0.3021837075951691,-0.49342811344469567,-1.0856641438934238
30.21837075951691,0.05613105896943471,0.3021837075951691,-0.5657492009240077,-1.09196495919534
30.21837075951691,0.05984137084644555,0.3021837075951691,-0.6430141727948869,-1.0983993832085872
30.21837075951691,0.06355168272345639,0.3021837075951691,-0.7252230290573336,-1.1049781303093837
30.21837075951691,0.06726199460046722,0.3021837075951691,-0.8123757697113473,-1.1117129319127566
30.21837075951691,0.07097230647747807,0.3021837075951691,-0.9044723947569286,-1.118616633853561
30.21837075951691,0.0746826183544889,0.3021837075951691,-1.0015129041940771,-1.1257033037803046
30.21837075951691,0.07839293023149975,0.3021837075951691,-1.1034972980227928,-1.1329883496628899
30.21837075951691,0.08210324210851058,0.3021837075951691,-1.2104255762430758,-1.1404886506399334
30.21837075951691,0.08581355398552143,0.3021837075951691,-1.3222977388549264,-1.1482227015697726
30.21837075951691,0.08952386586253226,0.3021837075951691,-1.439113785858344,-1.1562107728025985
30.21837075951691,0.09323417773954311,0.3021837075951691,-1.560873717253329,-1.164475086861291
30.21837075951691,0.09694448961655394,0.3021837075951691,-1.6875775330398812,-1.1730400139062747
30.21837075951691,0.10065480149356479,0.3021837075951691,-1.8192252332180008,-1.1819322880666174
30.21837075951691,0.10436511337057562,0.3021837075951691,-1.9558168177876876,-1.1911812469476972
30.21837075951691,0.10807542524758647,0.3021837075951691,-2.097352286748942,-1.20081909687468
30.21837075951691,0.1117857371245973,0.3021837075951691,-2.243831640101763,-1.2108812067039398
30.21837075951691,0.11549604900160815,0.3021837075951691,-2.3952548778461518,-1.2214064333301113
30.21837075951691,0.11920636087861898,0.3021837075951691,-2.5516219999821077,-1.2324374823357465
30.21837075951691,0.12291667275562983,0.3021837075951691,-2.7129330065096315,-1.2440213075733597
30.21837075951691,0.12662698463264066,0.3021837075951691,-2.879187897428722,-1.2562095538330915
30.21837075951691,0.1303372965096515,0.3021837075951691,-3.05038667273938,-1.269059047131499
30.21837075951691,0.13404760838666235,0.3021837075951691,-3.2265293324416056,-1.2826323375525188
30.21837075951691,0.13775792026367317,0.3021837075951691,-3.407615876535397,-1.2969982999727891
30.21837075951691,0.14146823214068402,0.3021837075951691,-3.593646305020757,-1.3122327984002986
30.21837075951691,0.14517854401769487,0.3021837075951691,-3.784620617897684,-1.3284194200317945
30.21837075951691,0.1488888558947057,0.3021837075951691,-3.980538815166179,-1.3456502854703905
30.21837075951691,0.15259916777171653,0.3021837075951691,-4.18140089682624,-1.3640269418128952
30.21837075951691,0.15630947964872738,0.3021837075951691,-4.3872068628778695,-1.3836613454794264
30.21837075951691,0.16001979152573823,0.3021837075951691,-4.597956713321066,-1.4046769416686207
30.21837075951691,0.16373010340274907,0.3021837075951691,-4.81365044815583,-1.4272098471180197
30.21837075951691,0.1674404152797599,0.3021837075951691,-5.0342880673821595,-1.451410142352275
30.21837075951691,0.17115072715677074,0.3021837075951691,-5.259869571000057,-1.477443278711423
30.21837075951691,0.17486103903378158,0.3021837075951691,-5.490394959009524,-1.5054916040428328
30.21837075951691,0.17857135091079243,0.3021837075951691,-5.725864231410556,-1.5357560088575166
30.21837075951691,0.18228166278780325,0.3021837075951691,-5.966277388203156,-1.5684576918051603
30.21837075951691,0.1859919746648141,0.3021837075951691,-6.211634429387323,-1.6038400392818115
30.21837075951691,0.18970228654182494,0.3021837075951691,-6.4619353549630585,-1.6421706085767855
30.21837075951691,0.1934125984188358,0.3021837075951691,-6.717180164930362,-1.6837431968710002
30.21837075951691,0.1971229102958466,0.3021837075951691,-6.9773688592892285,-1.7288799692532253
30.21837075951691,0.20083322217285746,0.3021837075951691,-7.242501438039665,-1.7779336073189764
30.21837075951691,0.2045435340498683,0.3021837075951691,-7.51257790118167,-1.8312894254297944
30.21837075951691,0.20825384592687915,0.3021837075951691,-7.787598248715241,-1.889367383909204
30.21837075951691,0.21196415780388997,0.3021837075951691,-8.067562480640378,-1.9526239069496425
30.21837075951691,0.21567446968090082,0.3021837075951691,-8.352470596957085,-2.02155338752591
30.21837075951691,0.21938478155791166,0.3021837075951691,-8.642322597665359,-2.096689232083391
30.21837075951691,0.2230950934349225,0.3021837075951691,-8.937118482765198,-2.1786042644614128
30.21837075951691,0.22680540531193333,0.3021837075951691,-9.236858252256605,-2.2679102722109716
30.21837075951691,0.23051571718894417,0.3021837075951691,-9.54154190613958,-2.3652564407028676
30.21837075951691,0.23422602906595502,0.3021837075951691,-9.851169444414122,-2.471326383750923
30.21837075951691,0.23793634094296587,0.3021837075951691,-10.165740867080233,-2.586833447772281
30.21837075951691,0.2416466528199767,0.3021837075951691,-10.485256174137907,-2.7125139452806026
30.21837075951691,0.24535696469698753,0.3021837075951691,-10.809715365587152,-2.8491179701386553
30.21837075951691,0.24906727657399838,0.3021837075951691,-11.139118441427964,-2.9973974708222597
30.21837075951691,0.2527775884510092,0.3021837075951691,-11.473465401660345,-3.1580913200578298
30.21837075951691,0.25648790032802005,0.3021837075951691,-11.812756246284287,-3.331907231753843
30.21837075951691,0.2601982122050309,0.3021837075951691,-12.156990975299806,-3.519500551050487
30.21837075951691,0.26390852408204174,0.3021837075951691,-12.506169588706882,-3.7214501900157293
30.21837075951691,0.26761883595905256,0.3021837075951691,-12.860292086505527,-3.9382323039379106
30.21837075951691,0.27132914783606343,0.3021837075951691,-13.219358468695747,-4.170192695805645
30.21837075951691,0.27503945971307425,0.3021837075951691,-13.583368735277528,-4.417519380295444
30.21837075951691,0.27874977159008507,0.3021837075951691,-13.952322886250874,-4.680217196987125
30.21837075951691,0.28246008346709595,0.3021837075951691,-14.326220921615796,-4.958086780145418
30.21837075951691,0.28617039534410676,0.3021837075951691,-14.705062841372277,-5.250710496568187
30.21837075951691,0.28988070722111764,0.3021837075951691,-15.088848645520333,-5.557448070752559
30.21837075951691,0.29359101909812846,0.3021837075951691,-15.477578334059949,-5.87744444759084
30.21837075951691,0.2973013309751393,0.3021837075951691,-15.871251906991134,-6.209651937219641
30.21837075951691,0.30101164285215015,0.3021837075951691,-16.26986936431389,-6.552867825641749
30.21837075951691,0.30472195472916097,0.3021837075951691,-16.67343070602821,-6.905787457728865
31.606247610985946,0.011607316445304631,0.31606247610985944,-0.023818544288166956,-1.0303014637100452
31.606247610985946,0.015317628322315471,0.31606247610985944,-0.041479605825311995,-1.0353377601636078
31.606247610985946,0.01902794019932631,0.31606247610985944,-0.0640081274035036,-1.0404330242999489
31.606247610985946,0.02273825207633715,0.31606247610985944,-0.09140410902274179,-1.0455907885063196
31.606247610985946,0.02644856395334799,0.31606247610985944,-0.12366755068302658,-1.0508149357013385
31.606247610985946,0.03015887583035883,0.31606247610985944,-0.16079845238435794,-1.0561097309851615
31.606247610985946,0.03386918770736967,0.31606247610985944,-0.20279681412673595,-1.0614798562624328
31.606247610985946,0.03757949958438051,0.31606247610985944,-0.24966263591016047,-1.0669304481462145
31.606247610985946,0.04128981146139135,0.31606247610985944,-0.3013959177346316,-1.0724671394849903
31.606247610985946,0.04500012333840219,0.31606247610985944,-0.35799665960014926,-1.0780961048933948
31.606247610985946,0.04871043521541303,0.31606247610985944,-0.4194648615067136,-1.0838241107097302
31.606247610985946,0.05242074709242387,0.31606247610985944,-0.48580052345432445,-1.089658569851081
31.606247610985946,0.05613105896943471,0.31606247610985944,-0.5570036454429819,-1.0956076020898964
31.606247610985946,0.05984137084644555,0.31606247610985944,-0.6330742274726859,-1.101680100335229
31.606247610985946,0.06355168272345639,0.31606247610985944,-0.7140122695434366,-1.10788580356793
31.606247610985946,0.06726199460046722,0.31606247610985944,-0.7998177716552335,-1.1142353771529017
31.606247610985946,0.07097230647747807,0.31606247610985944,-0.8904907338080774,-1.1207405013339926
31.606247610985946,0.0746826183544889,0.31606247610985944,-0.9860311560019677,-1.1274139688085176
31.606247610985946,0.07839293023149975,0.31606247610985944,-1.0864390382369047,-1.1342697923810325
31.606247610985946,0.08210324210851058,0.31606247610985944,-1.191714380512888,-1.1413233238095577
31.606247610985946,0.08581355398552143,0.31606247610985944,-1.3018571828299184,-1.148591385084142
31.606247610985946,0.08952386586253226,0.31606247610985944,-1.416867445187995,-1.1560924135185404
31.606247610985946,0.09323417773954311,0.31606247610985944,-1.5367451675871182,-1.1638466221916
31.606247610985946,0.09694448961655394,0.31606247610985944,-1.661490350027288,-1.1718761774485014
31.606247610985946,0.10065480149356479,0.31606247610985944,-1.7911029925085045,-1.1802053953629388
31.606247610985946,0.10436511337057562,0.31606247610985944,-1.9255830950307675,-1.188860959272838
31.606247610985946,0.10807542524758647,0.31606247610985944,-2.0649306575940773,-1.1978721607344758
31.606247610985946,0.1117857371245973,0.31606247610985944,-2.209145680198433,-1.2072711664948326
31.606247610985946,0.11549604900160815,0.31606247610985944,-2.358228162843836,-1.2170933143606817
31.606247610985946,0.11920636087861898,0.31606247610985944,-2.5121781055302854,-1.2273774411455651
31.606247610985946,0.12291667275562983,0.31606247610985944,-2.6709955082577816,-1.2381662462034821
31.606247610985946,0.12662698463264066,0.31606247610985944,-2.834680371026324,-1.2495066944095186
31.606247610985946,0.1303372965096515,0.31606247610985944,-3.003232693835913,-1.2614504628216139
31.606247610985946,0.13404760838666235,0.31606247610985944,-3.176652476686549,-1.2740544356513652
31.606247610985946,0.13775792026367317,0.31606247610985944,-3.3549397195782302,-1.2873812525796184
31.606247610985946,0.14146823214068402,0.31606247610985944,-3.5380944225109596,-1.3014999158682024
31.606247610985946,0.14517854401769487,0.31606247610985944,-3.726116585484735,-1.3164864621305599
31.606247610985946,0.1488888558947057,0.31606247610985944,-3.919006208499557,-1.3324247050170852
31.606247610985946,0.15259916777171653,0.31606247610985944,-4.116763291555425,-1.3494070554239155
31.606247610985946,0.15630947964872738,0.31606247610985944,-4.319387834652341,-1.3675354261195398
31.606247610985946,0.16001979152573823,0.31606247610985944,-4.526879837790303,-1.386922227864039
31.606247610985946,0.16373010340274907,0.31606247610985944,-4.739239300969311,-1.4076914641226939
31.606247610985946,0.1674404152797599,0.31606247610985944,-4.956466224189365,-1.429979931285719
31.606247610985946,0.17115072715677074,0.31606247610985944,-5.178560607450467,-1.4539385308187818
31.606247610985946,0.17486103903378158,0.31606247610985944,-5.405522450752616,-1.4797336988809926
31.606247610985946,0.17857135091079243,0.31606247610985944,-5.6373517540958105,-1.507548957531597
31.606247610985946,0.18228166278780325,0.31606247610985944,-5.874048517480051,-1.5375865895417915
31.606247610985946,0.1859919746648141,0.31606247610985944,-6.1156127409053385,-1.5700694358401552
31.606247610985946,0.18970228654182494,0.31606247610985944,-6.362044424371674,-1.6052428105110153
31.606247610985946,0.1934125984188358,0.31606247610985944,-6.613343567879055,-1.6433765227522708
31.606247610985946,0.1971229102958466,0.31606247610985944,-6.869510171427481,-1.6847669879529832
31.606247610985946,0.20083322217285746,0.31606247610985944,-7.130544235016956,-1.729739400692666
31.606247610985946,0.2045435340498683,0.31606247610985944,-7.396445758647477,-1.7786499305747618
31.606247610985946,0.20825384592687915,0.31606247610985944,-7.667214742319045,-1.8318878869394224
31.606247610985946,0.21196415780388997,0.31606247610985944,-7.942851186031657,-1.8898777802093347
31.606247610985946,0.21567446968090082,0.31606247610985944,-8.223355089785318,-1.9530811855026409
31.606247610985946,0.21938478155791166,0.31606247610985944,-8.508726453580026,-2.0219982879100407
31.606247610985946,0.2230950934349225,0.31606247610985944,-8.79896527741578,-2.0971689583996573
31.606247610985946,0.22680540531193333,0.31606247610985944,-9.094071561292578,-2.1791731749596535
31.606247610985946,0.23051571718894417,0.31606247610985944,-9.394045305210426,-2.2686305661281168
31.606247610985946,0.23422602906595502,0.31606247610985944,-9.69888650916932,-2.3661988150872544
31.606247610985946,0.23793634094296587,0.31606247610985944,-10.00859517316926,-2.4725706246710155
31.606247610985946,0.2416466528199767,0.31606247610985944,-10.323171297210244,-2.588468910996376
31.606247610985946,0.24535696469698753,0.31606247610985944,-10.642614881292278,-2.7146398717241356
31.606247610985946,0.24906727657399838,0.31606247610985944,-10.966925925415358,-2.851843571888997
31.606247610985946,0.2527775884510092,0.31606247610985944,-11.296104429579488,-3.000841715554367
31.606247610985946,0.25648790032802005,0.31606247610985944,-11.630150393784657,-3.1623823368061688
31.606247610985946,0.2601982122050309,0.31606247610985944,-11.96906381803088,-3.3371812614531136
31.606247610985946,0.26390852408204174,0.31606247610985944,-12.312844702318143,-3.5259003735682537
31.606247610985946,0.26761883595905256,0.31606247610985944,-12.661493046646454,-3.7291229783604827
31.606247610985946,0.27132914783606343,0.31606247610985944,-13.015008851015816,-3.9473268885625705
31.606247610985946,0.27503945971307425,0.31606247610985944,-13.373392115426222,-4.180856269320232
31.606247610985946,0.27874977159008507,0.31606247610985944,-13.736642839877671,-4.429893735808752
31.606247610985946,0.28246008346709595,0.31606247610985944,-14.104761024370175,-4.694434669666445
31.606247610985946,0.28617039534410676,0.31606247610985944,-14.477746668903716,-4.974266146147424
31.606247610985946,0.28988070722111764,0.31606247610985944,-14.855599773478312,-5.268953167306099
31.606247610985946,0.29359101909812846,0.31606247610985944,-15.23832033809395,-5.577834991118358
31.606247610985946,0.2973013309751393,0.31606247610985944,-15.625908362750634,-5.900034149578189
31.606247610985946,0.30101164285215015,0.31606247610985944,-16.01836384744837,-6.234480200765461
31.606247610985946,0.30472195472916097,0.31606247610985944,-16.415686792187145,-6.579949345038327
32.994124462454984,0.011607316445304631,0.3299412446245498,-0.023444567560629077,-1.0380301957287967
32.994124462454984,0.015317628322315471,0.3299412446245498,-0.040828331462847374,-1.0427923845390028
32.994124462454984,0.01902794019932631,0.3299412446245498,-0.06300313105559154,-1.0476102289579137
32.994124462454984,0.02273825207633715,0.3299412446245498,-0.08996896633886155,-1.0524869213235428
32.994124462454984,0.02644856395334799,0.3299412446245498,-0.12172583731265747,-1.0574259736626264
32.994124462454984,0.03015887583035883,0.3299412446245498,-0.15827374397697924,-1.0624312465474999
32.994124462454984,0.03386918770736967,0.3299412446245498,-0.19961268633182694,-1.067506980652456
32.994124462454984,0.03757949958438051,0.3299412446245498,-0.24574266437720044,-1.0726578312884438
32.994124462454984,0.04128981146139135,0.3299412446245498,-0.29666367811309985,-1.0778889062259207
32.994124462454984,0.04500012333840219,0.3299412446245498,-0.35237572753952506,-1.0832058071503665
32.994124462454984,0.04871043521541303,0.3299412446245498,-0.41287881265647625,-1.0886146751334502
32.994124462454984,0.05242074709242387,0.3299412446245498,-0.47817293346395323,-1.094122240546053
32.994124462454984,0.05613105896943471,0.3299412446245498,-0.5482580899619561,-1.0997358778874649
32.994124462454984,0.05984137084644555,0.3299412446245498,-0.6231342821504848,-1.1054636660587178
32.994124462454984,0.06355168272345639,0.3299412446245498,-0.7028015100295395,-1.1113144546683227
32.994124462454984,0.06726199460046722,0.3299412446245498,-0.7872597735991197,-1.1172979370251435
32.994124462454984,0.07097230647747807,0.3299412446245498,-0.8765090728592262,-1.1234247305486065
32.994124462454984,0.0746826183544889,0.3299412446245498,-0.9705494078098583,-1.1297064654092779
32.994124462454984,0.07839293023149975,0.3299412446245498,-1.0693807784510165,-1.1361558823063254
32.994124462454984,0.08210324210851058,0.3299412446245498,-1.1730031847827003,-1.1427869403919475
32.994124462454984,0.08581355398552143,0.3299412446245498,-1.2814166268049103,-1.149614936468601
32.994124462454984,0.08952386586253226,0.3299412446245498,-1.394621104517646,-1.1566566367134872
32.994124462454984,0.09323417773954311,0.3299412446245498,-1.5126166179209075,-1.1639304223278595
32.994124462454984,0.09694448961655394,0.3299412446245498,-1.635403167014695,-1.1714564506677432
32.994124462454984,0.10065480149356479,0.3299412446245498,-1.7629807517990082,-1.1792568335888118
32.994124462454984,0.10436511337057562,0.3299412446245498,-1.8953493722738473,-1.1873558349333129
32.994124462454984,0.10807542524758647,0.3299412446245498,-2.0325090284392124,-1.1957800893023265
32.994124462454984,0.1117857371245973,0.3299412446245498,-2.1744597202951033,-1.204558844493965
32.994124462454984,0.11549604900160815,0.3299412446245498,-2.32120144784152,-1.2137242302485554
32.994124462454984,0.11920636087861898,0.3299412446245498,-2.4727342110784627,-1.2233115562268564
32.994124462454984,0.12291667275562983,0.3299412446245498,-2.6290580100059313,-1.2333596424574997
32.994124462454984,0.12662698463264066,0.3299412446245498,-2.790172844623926,-1.2439111858253193
32.994124462454984,0.1303372965096515,0.3299412446245498,-2.956078714932446,-1.2550131665334563
32.994124462454984,0.13404760838666235,0.3299412446245498,-3.1267756209314927,-1.2667172988561637
32.994124462454984,0.13775792026367317,0.3299412446245498,-3.302263562621064,-1.279080530904821
32.994124462454984,0.14146823214068402,0.3299412446245498,-3.482542540001162,-1.292165598550528
32.994124462454984,0.14517854401769487,0.3299412446245498,-3.667612553071786,-1.3060416390765361
32.994124462454984,0.1488888558947057,0.3299412446245498,-3.8574736018329356,-1.3207848705606429
32.994124462454984,0.15259916777171653,0.3299412446245498,-4.052125686284611,-1.3364793433975466
32.994124462454984,0.15630947964872738,0.3299412446245498,-4.251568806426812,-1.3532177707413666
32.994124462454984,0.16001979152573823,0.3299412446245498,-4.45580296225954,-1.3711024449526077
32.994124462454984,0.16373010340274907,0.3299412446245498,-4.664828153782794,-1.390246247331457
32.994124462454984,0.1674404152797599,0.3299412446245498,-4.878644380996571,-1.4107737584633346
32.994124462454984,0.17115072715677074,0.3299412446245498,-5.097251643900876,-1.4328224763265807
32.994124462454984,0.17486103903378158,0.3299412446245498,-5.320649942495708,-1.4565441488344435
32.994124462454984,0.17857135091079243,0.3299412446245498,-5.548839276781064,-1.482106226598809
32.994124462454984,0.18228166278780325,0.3299412446245498,-5.781819646756946,-1.509693440279059
32.994124462454984,0.1859919746648141,0.3299412446245498,-6.019591052423354,-1.539509504752604
32.994124462454984,0.18970228654182494,0.3299412446245498,-6.262153493780289,-1.571778949311402
32.994124462454984,0.1934125984188358,0.3299412446245498,-6.50950697082775,-1.6067490689077992
32.994124462454984,0.1971229102958466,0.3299412446245498,-6.761651483565734,-1.6446919858505948
32.994124462454984,0.20083322217285746,0.3299412446245498,-7.018587031994246,-1.6859068039470593
32.994124462454984,0.2045435340498683,0.3299412446245498,-7.280313616113284,-1.7307218275067147
32.994124462454984,0.20825384592687915,0.3299412446245498,-7.546831235922848,-1.77949680543328
32.994124462454984,0.21196415780388997,0.3299412446245498,-7.818139891422936,-1.8326251453675502
32.994124462454984,0.21567446968090082,0.3299412446245498,-8.094239582613552,-1.890536024041804
32.994124462454984,0.21938478155791166,0.3299412446245498,-8.375130309494693,-1.9536962972436065
32.994124462454984,0.2230950934349225,0.3299412446245498,-8.66081207206636,-2.0226120857602323
32.994124462454984,0.22680540531193333,0.3299412446245498,-8.951284870328552,-2.0978298822995756
32.994124462454984,0.23051571718894417,0.3299412446245498,-9.24654870428127,-2.179936988942199
32.994124462454984,0.23422602906595502,0.3299412446245498,-9.546603573924516,-2.269561056018241
32.994124462454984,0.23793634094296587,0.3299412446245498,-9.851449479258287,-2.3673684530794823
32.994124462454984,0.2416466528199767,0.3299412446245498,-10.161086420282583,-2.4740611636218963
32.994124462454984,0.24535696469698753,0.3299412446245498,-10.475514396997406,-2.590371861626654
32.994124462454984,0.24906727657399838,0.3299412446245498,-10.794733409402754,-2.7170568058268136
32.994124462454984,0.2527775884510092,0.3299412446245498,-11.11874345749863,-2.8548861849171265
32.994124462454984,0.25648790032802005,0.3299412446245498,-11.447544541285026,-3.0046315738770195
32.994124462454984,0.2601982122050309,0.3299412446245498,-11.781136660761957,-3.1670502302260983
32.994124462454984,0.26390852408204174,0.3299412446245498,-12.119519815929404,-3.3428660825378893
32.994124462454984,0.26761883595905256,0.3299412446245498,-12.46269400678738,-3.532747454649259
32.994124462454984,0.27132914783606343,0.3299412446245498,-12.810659233335887,-3.737281837601283
32.994124462454984,0.27503945971307425,0.3299412446245498,-13.163415495574915,-3.9569483709869875
32.994124462454984,0.27874977159008507,0.3299412446245498,-13.520962793504468,-4.192089118984896
32.994124462454984,0.28246008346709595,0.3299412446245498,-13.883301127124552,-4.442880701611904
32.994124462454984,0.28617039534410676,0.3299412446245498,-14.250430496435156,-4.709308327225461
32.994124462454984,0.28988070722111764,0.3299412446245498,-14.622350901436294,-4.991144705953737
32.994124462454984,0.29359101909812846,0.3299412446245498,-14.99906234212795,-5.28793662532583
32.994124462454984,0.2973013309751393,0.3299412446245498,-15.380564818510132,-5.599002048944949
32.994124462454984,0.30101164285215015,0.3299412446245498,-15.766858330582847,-5.923440371764601
32.994124462454984,0.30472195472916097,0.3299412446245498,-16.15794287834608,-6.26015787199571
34.382001313924015,0.011607316445304631,0.34382001313924015,-0.023070590833091202,-1.0460590476009637
34.382001313924015,0.015317628322315471,0.34382001313924015,-0.04017705710038275,-1.0505581018542776
34.382001313924015,0.01902794019932631,0.34382001313924015,-0.06199813470767946,-1.0551097198929718
34.382001313924015,0.02273825207633715,0.34382001313924015,-0.08853382365498132,-1.0597167850069713
34.382001313924015,0.02644856395334799,0.34382001313924015,-0.11978412394228835,-1.0643824719601325
34.382001313924015,0.03015887583035883,0.34382001313924015,-0.15574903556960054,-1.0691102733001996
34.382001313924015,0.03386918770736967,0.34382001313924015,-0.1964285585369179,-1.073904028119924
34.382001313924015,0.03757949958438051,0.34382001313924015,-0.2418226928442404,-1.0787679535218162
34.382001313924015,0.04128981146139135,0.34382001313924015,-0.29193143849156805,-1.0837066790668324
34.382001313924015,0.04500012333840219,0.34382001313924015,-0.34675479547890087,-1.0887252845188806
34.382001313924015,0.04871043521541303,0.34382001313924015,-0.4062927638062389,-1.0938293412315643
34.382001313924015,0.05242074709242387,0.34382001313924015,-0.470545343473582,-1.0990249575630449
34.382001313924015,0.05613105896943471,0.34382001313924015,-0.5395125344809303,-1.104318828748105
34.382001313924015,0.05984137084644555,0.34382001313924015,-0.6131943368282837,-1.1097182917054287
34.382001313924015,0.06355168272345639,0.34382001313924015,-0.6915907505156423,-1.1152313853123346
34.382001313924015,0.06726199460046722,0.34382001313924015,-0.774701775543006,-1.1208669167400496
34.382001313924015,0.07097230647747807,0.34382001313924015,-0.862527411910375,-1.1266345345104547
34.382001313924015,0.0746826183544889,0.34382001313924015,-0.955067659617749,-1.132544809010926
34.382001313924015,0.07839293023149975,0.34382001313924015,-1.0523225186651284,-1.1386093212886568
34.382001313924015,0.08210324210851058,0.34382001313924015,-1.1542919890525125,-1.1448407610402196
34.382001313924015,0.08581355398552143,0.34382001313924015,-1.2609760707799023,-1.151253034817362
34.382001313924015,0.08952386586253226,0.34382001313924015,-1.372374763847297,-1.1578613855877133
34.382001313924015,0.09323417773954311,0.34382001313924015,-1.4884880682546968,-1.1646825249197033
34.382001313924015,0.09694448961655394,0.34382001313924015,-1.6093159840021019,-1.1717347792065675
34.382001313924015,0.10065480149356479,0.34382001313924015,-1.734858511089512,-1.1790382515062001
34.382001313924015,0.10436511337057562,0.34382001313924015,-1.8651156495169272,-1.186615000753033
34.382001313924015,0.10807542524758647,0.34382001313924015,-2.000087399284348,-1.1944892402969796
34.382001313924015,0.1117857371245973,0.34382001313924015,-2.1397737603917735,-1.2026875579442518
34.382001313924015,0.11549604900160815,0.34382001313924015,-2.2841747328392046,-1.2112391599171834
34.382001313924015,0.11920636087861898,0.34382001313924015,-2.4332903166266404,-1.220176141416256
34.382001313924015,0.12291667275562983,0.34382001313924015,-2.5871205117540814,-1.2295337867592036
34.382001313924015,0.12662698463264066,0.34382001313924015,-2.7456653182215276,-1.2393509023893525
34.382001313924015,0.1303372965096515,0.34382001313924015,-2.908924736028979,-1.2496701863897481
34.382001313924015,0.13404760838666235,0.34382001313924015,-3.0768987651764363,-1.2605386385098534
34.382001313924015,0.13775792026367317,0.34382001313924015,-3.249587405663897,-1.2720080151068487
34.382001313924015,0.14146823214068402,0.34382001313924015,-3.4269906574913644,-1.284135333820828
34.382001313924015,0.14517854401769487,0.34382001313924015,-3.6091085206588365,-1.2969834332376822
34.382001313924015,0.1488888558947057,0.34382001313924015,-3.795940995166314,-1.3106215932376335
34.382001313924015,0.15259916777171653,0.34382001313924015,-3.9874880810137956,-1.3251262221707822
34.382001313924015,0.15630947964872738,0.34382001313924015,-4.183749778201284,-1.3405816174273006
34.382001313924015,0.16001979152573823,0.34382001313924015,-4.384726086728777,-1.3570808063588435
34.382001313924015,0.16373010340274907,0.34382001313924015,-4.590417006596275,-1.3747264748296342
34.382001313924015,0.1674404152797599,0.34382001313924015,-4.800822537803777,-1.3936319908919161
34.382001313924015,0.17115072715677074,0.34382001313924015,-5.0159426803512845,-1.4139225311413597
34.382001313924015,0.17486103903378158,0.34382001313924015,-5.235777434238799,-1.4357363171462767
34.382001313924015,0.17857135091079243,0.34382001313924015,-5.460326799466317,-1.4592259688765932
34.382001313924015,0.18228166278780325,0.34382001313924015,-5.689590776033841,-1.48455998117615
34.382001313924015,0.1859919746648141,0.34382001313924015,-5.923569363941369,-1.5119243278896413
34.382001313924015,0.18970228654182494,0.34382001313924015,-6.162262563188904,-1.5415241961041586
34.382001313924015,0.1934125984188358,0.34382001313924015,-6.405670373776444,-1.5735858498876638
34.382001313924015,0.1971229102958466,0.34382001313924015,-6.653792795703986,-1.6083586186502412
34.382001313924015,0.20083322217285746,0.34382001313924015,-6.9066298289715355,-1.6461169995170017
34.382001313924015,0.2045435340498683,0.34382001313924015,-7.164181473579091,-1.6871628555306222
34.382001313924015,0.20825384592687915,0.34382001313924015,-7.426447729526652,-1.7318276816908167
34.382001313924015,0.21196415780388997,0.34382001313924015,-7.693428596814215,-1.7804748983353873
34.382001313924015,0.21567446968090082,0.34382001313924015,-7.965124075441786,-1.8335021156915952
34.382001313924015,0.21938478155791166,0.34382001313924015,-8.241534165409362,-1.8913432940917163
34.382001313924015,0.2230950934349225,0.34382001313924015,-8.522658866716942,-1.954470700914583
34.382001313924015,0.22680540531193333,0.34382001313924015,-8.808498179364525,-2.023396537466393
34.382001313924015,0.23051571718894417,0.34382001313924015,-9.099052103352117,-2.0986740766587744
34.382001313924015,0.23422602906595502,0.34382001313924015,-9.394320638679714,-2.180898115772142
34.382001313924015,0.23793634094296587,0.34382001313924015,-9.694303785347316,-2.270704508686327
34.382001313924015,0.2416466528199767,0.34382001313924015,-9.99900154335492,-2.368768500445645
34.382001313924015,0.24535696469698753,0.34382001313924015,-10.308413912702532,-2.475801546792482
34.382001313924015,0.24906727657399838,0.34382001313924015,-10.622540893390148,-2.5925462667573314
34.382001313924015,0.2527775884510092,0.34382001313924015,-10.941382485417773,-2.719769153801912
34.382001313924015,0.25648790032802005,0.34382001313924015,-11.264938688785396,-2.8582506687794647
34.382001313924015,0.2601982122050309,0.34382001313924015,-11.593209503493032,-3.0087723667238944
34.382001313924015,0.26390852408204174,0.34382001313924015,-11.926194929540667,-3.1721007817784974
34.382001313924015,0.26761883595905256,0.34382001313924015,-12.263894966928305,-3.3489679241140387
34.382001313924015,0.27132914783606343,0.34382001313924015,-12.606309615655958,-3.5400484426498924
34.382001313924015,0.27503945971307425,0.34382001313924015,-12.95343887572361,-3.745933787857629
34.382001313924015,0.27874977159008507,0.34382001313924015,-13.305282747131264,-3.9671040731961105
34.382001313924015,0.28246008346709595,0.34382001313924015,-13.661841229878931,-4.203898773798416
34.382001313924015,0.28617039534410676,0.34382001313924015,-14.023114323966595,-4.456487892787772
34.382001313924015,0.28988070722111764,0.34382001313924015,-14.389102029394273,-4.724845724856403
34.382001313924015,0.29359101909812846,0.34382001313924015,-14.759804346161948,-5.008729787783062
34.382001313924015,0.2973013309751393,0.34382001313924015,-15.13522127426963,-5.307667791147269
34.382001313924015,0.30101164285215015,0.34382001313924015,-15.515352813717325,-5.620955574024776
34.382001313924015,0.30472195472916097,0.34382001313924015,-15.900198964505014,-5.94766868299081
35.76987816539305,0.011607316445304631,0.35769878165393054,-0.02269661410555332,-1.054362164050259
35.76987816539305,0.015317628322315471,0.35769878165393054,-0.03952578273791813,-1.0586087673153504
35.76987816539305,0.01902794019932631,0.35769878165393054,-0.06099313835976738,-1.06290504335065
35.76987816539305,0.02273825207633715,0.35769878165393054,-0.08709868097110106,-1.067253594738963
35.76987816539305,0.02644856395334799,0.35769878165393054,-0.11784241057191921,-1.071657289729191
35.76987816539305,0.03015887583035883,0.35769878165393054,-0.15322432716222179,-1.0761192862238325
35.76987816539305,0.03386918770736967,0.35769878165393054,-0.19324443074200887,-1.0806430579922202
35.76987816539305,0.03757949958438051,0.35769878165393054,-0.23790272131128035,-1.0852324233378798
35.76987816539305,0.04128981146139135,0.35769878165393054,-0.28719919887003625,-1.089891576473705
35.76987816539305,0.04500012333840219,0.35769878165393054,-0.3411338634182766,-1.0946251218870877
35.76987816539305,0.04871043521541303,0.35769878165393054,-0.39970671495600146,-1.0994381120083965
35.76987816539305,0.05242074709242387,0.35769878165393054,-0.46291775348321074,-1.1043360885319489
35.76987816539305,0.05613105896943471,0.35769878165393054,-0.5307669789999044,-1.1093251277775833
35.76987816539305,0.05984137084644555,0.35769878165393054,-0.6032543915060826,-1.1144118905253384
35.76987816539305,0.06355168272345639,0.35769878165393054,-0.6803799910017452,-1.1196036768047302
35.76987816539305,0.06726199460046722,0.35769878165393054,-0.762143777486892,-1.1249084861754506
35.76987816539305,0.07097230647747807,0.35769878165393054,-0.8485457509615236,-1.1303350840973465
35.76987816539305,0.0746826183544889,0.35769878165393054,-0.9395859114256395,-1.1358930750568836
35.76987816539305,0.07839293023149975,0.35769878165393054,-1.03526425887924,-1.1415929831935143
35.76987816539305,0.08210324210851058,0.35769878165393054,-1.1355807933223245,-1.147446341255633
35.76987816539305,0.08581355398552143,0.35769878165393054,-1.240535514754894,-1.1534657888113262
35.76987816539305,0.08952386586253226,0.35769878165393054,-1.3501284231769477,-1.159665180746277
35.76987816539305,0.09323417773954311,0.35769878165393054,-1.464359518588486,-1.166059707200314
35.76987816539305,0.09694448961655394,0.35769878165393054,-1.5832288009895084,-1.1726660262272715
35.76987816539305,0.10065480149356479,0.35769878165393054,-1.7067362703800155,-1.1795024106106737
35.76987816539305,0.10436511337057562,0.35769878165393054,-1.834881926760007,-1.186588910432583
35.76987816539305,0.10807542524758647,0.35769878165393054,-1.967665770129483,-1.1939475331757672
35.76987816539305,0.1117857371245973,0.35769878165393054,-2.1050878004884432,-1.2016024433419359
35.76987816539305,0.11549604900160815,0.35769878165393054,-2.247148017836888,-1.209580183793248
35.76987816539305,0.11920636087861898,0.35769878165393054,-2.3938464221748172,-1.2179099212712998
35.76987816539305,0.12291667275562983,0.35769878165393054,-2.545183013502231,-1.2266237188202185
35.76987816539305,0.12662698463264066,0.35769878165393054,-2.701157791819129,-1.2357568381384292
35.76987816539305,0.1303372965096515,0.35769878165393054,-2.8617707571255115,-1.245348075208783
35.76987816539305,0.13404760838666235,0.35769878165393054,-3.027021909421379,-1.2554401329098202
35.76987816539305,0.13775792026367317,0.35769878165393054,-3.19691124870673,-1.266080034690778
35.76987816539305,0.14146823214068402,0.35769878165393054,-3.3714387749815664,-1.2773195837994198
35.76987816539305,0.14517854401769487,0.35769878165393054,-3.5506044882458867,-1.2892158729812389
35.76987816539305,0.1488888558947057,0.35769878165393054,-3.7344083884996917,-1.3018318500168435
35.76987816539305,0.15259916777171653,0.35769878165393054,-3.92285047574298,-1.3152369449235604
35.76987816539305,0.15630947964872738,0.35769878165393054,-4.115930749975754,-1.3295077651069471
35.76987816539305,0.16001979152573823,0.35769878165393054,-4.313649211198013,-1.3447288651919527
35.76987816539305,0.16373010340274907,0.35769878165393054,-4.516005859409756,-1.3609935986707873
35.76987816539305,0.1674404152797599,0.35769878165393054,-4.723000694610981,-1.378405058845126
35.76987816539305,0.17115072715677074,0.35769878165393054,-4.934633716801693,-1.3970771167756348
35.76987816539305,0.17486103903378158,0.35769878165393054,-5.15090492598189,-1.417135564029719
35.76987816539305,0.17857135091079243,0.35769878165393054,-5.37181432215157,-1.4387193678713057
35.76987816539305,0.18228166278780325,0.35769878165393054,-5.597361905310735,-1.461982046078644
35.76987816539305,0.1859919746648141,0.35769878165393054,-5.827547675459384,-1.4870931676957282
35.76987816539305,0.18970228654182494,0.35769878165393054,-6.062371632597518,-1.5142399845814731
35.76987816539305,0.1934125984188358,0.35769878165393054,-6.301833776725137,-1.5436291964443472
35.76987816539305,0.1971229102958466,0.35769878165393054,-6.545934107842238,-1.575488848924242
35.76987816539305,0.20083322217285746,0.35769878165393054,-6.794672625948825,-1.6100703599483133
35.76987816539305,0.2045435340498683,0.35769878165393054,-7.048049331044897,-1.6476506637308193
35.76987816539305,0.20825384592687915,0.35769878165393054,-7.306064223130454,-1.6885344540435234
35.76987816539305,0.21196415780388997,0.35769878165393054,-7.568717302205493,-1.7330564983313916
35.76987816539305,0.21567446968090082,0.35769878165393054,-7.836008568270018,-1.781583981419967
35.76987816539305,0.21938478155791166,0.35769878165393054,-8.107938021324028,-1.8345188214544539
35.76987816539305,0.2230950934349225,0.35769878165393054,-8.384505661367522,-1.8922998808214473
35.76987816539305,0.22680540531193333,0.35769878165393054,-8.665711488400499,-1.9554049706749614
35.76987816539305,0.23051571718894417,0.35769878165393054,-8.951555502422961,-2.024352518984525
35.76987816539305,0.23422602906595502,0.35769878165393054,-9.242037703434908,-2.0997027386492357
35.76987816539305,0.23793634094296587,0.35769878165393054,-9.537158091436341,-2.182058094479409
35.76987816539305,0.2416466528199767,0.35769878165393054,-9.836916666427255,-2.2720628266517293
35.76987816539305,0.24535696469698753,0.35769878165393054,-10.141313428407656,-2.3704012453957226
35.76987816539305,0.24906727657399838,0.35769878165393054,-10.450348377377543,-2.477794470187688
35.76987816539305,0.2527775884510092,0.35769878165393054,-10.764021513336914,-2.5949952512151855
35.76987816539305,0.25648790032802005,0.35769878165393054,-11.082332836285763,-2.722780487883827
35.76987816539305,0.2601982122050309,0.35769878165393054,-11.405282346224107,-2.8619410574512756
35.76987816539305,0.26390852408204174,0.35769878165393054,-11.732870043151927,-3.013268597587115
35.76987816539305,0.26761883595905256,0.35769878165393054,-12.06509592706923,-3.17753896288339
35.76987816539305,0.27132914783606343,0.35769878165393054,-12.401959997976025,-3.355492211314523
35.76987816539305,0.27503945971307425,0.35769878165393054,-12.7434622558723,-3.547809185997739
35.76987816539305,0.27874977159008507,0.35769878165393054,-13.089602700758059,-3.7550850505886615
35.76987816539305,0.28246008346709595,0.35769878165393054,-13.440381332633308,-3.977800516259342
35.76987816539305,0.28617039534410676,0.35769878165393054,-13.795798151498033,-4.216291955417497
35.76987816539305,0.28988070722111764,0.35769878165393054,-14.15585315735225,-4.470722106060038
35.76987816539305,0.29359101909812846,0.35769878165393054,-14.520546350195946,-4.741053583749377
35.76987816539305,0.2973013309751393,0.35769878165393054,-14.889877730029127,-5.02702786609872
35.76987816539305,0.30101164285215015,0.35769878165393054,-15.263847296851798,-5.328152708892334
35.76987816539305,0.30472195472916097,0.35769878165393054,-15.642455050663948,-5.643700996256387
37.15775501686208,0.011607316445304631,0.3715775501686208,-0.022322637378015445,-1.0629129789317968
37.15775501686208,0.015317628322315471,0.3715775501686208,-0.03887450837545351,-1.06691754752584
37.15775501686208,0.01902794019932631,0.3715775501686208,-0.0599881420118553,-1.0709690810120005
37.15775501686208,0.02273825207633715,0.3715775501686208,-0.08566353828722083,-1.0750699271647166
37.15775501686208,0.02644856395334799,0.3715775501686208,-0.11590069720155009,-1.0792226758215824
37.15775501686208,0.03015887583035883,0.3715775501686208,-0.15069961875484308,-1.0834301807530418
37.15775501686208,0.03386918770736967,0.3715775501686208,-0.19006030294709986,-1.0876955835529722
37.15775501686208,0.03757949958438051,0.3715775501686208,-0.23398274977832031,-1.0920223397570519
37.15775501686208,0.04128981146139135,0.3715775501686208,-0.2824669592485045,-1.0964142474182124
37.15775501686208,0.04500012333840219,0.3715775501686208,-0.3355129313576524,-1.1008754783943742
37.15775501686208,0.04871043521541303,0.3715775501686208,-0.3931206661057641,-1.1054106126321601
37.15775501686208,0.05242074709242387,0.3715775501686208,-0.4552901634928395,-1.110024675762049
37.15775501686208,0.05613105896943471,0.3715775501686208,-0.5220214235188787,-1.1147231803561564
37.15775501686208,0.05984137084644555,0.3715775501686208,-0.5933144461838815,-1.1195121712397578
37.15775501686208,0.06355168272345639,0.3715775501686208,-0.6691692314878481,-1.1243982752919628
37.15775501686208,0.06726199460046722,0.3715775501686208,-0.7495857794307783,-1.1293887562210543
37.15775501686208,0.07097230647747807,0.3715775501686208,-0.8345640900126724,-1.1344915748554802
37.15775501686208,0.0746826183544889,0.3715775501686208,-0.9241041632335302,-1.1397154555538327
37.15775501686208,0.07839293023149975,0.3715775501686208,-1.0182059990933516,-1.1450699594067935
37.15775501686208,0.08210324210851058,0.3715775501686208,-1.1168695975921368,-1.1505655649819095
37.15775501686208,0.08581355398552143,0.3715775501686208,-1.220094958729886,-1.156213757448981
37.15775501686208,0.08952386586253226,0.3715775501686208,-1.3278820825065987,-1.1620271270212337
37.15775501686208,0.09323417773954311,0.3715775501686208,-1.4402309689222752,-1.1680194777558457
37.15775501686208,0.09694448961655394,0.3715775501686208,-1.5571416179769153,-1.1742059478788365
37.15775501686208,0.10065480149356479,0.3715775501686208,-1.6786140296705192,-1.1806031429343458
37.15775501686208,0.10436511337057562,0.3715775501686208,-1.804648204003087,-1.1872292832089348
37.15775501686208,0.10807542524758647,0.3715775501686208,-1.9352441409746184,-1.1941043670493618
37.15775501686208,0.1117857371245973,0.3715775501686208,-2.070401840585113,-1.2012503518783202
37.15775501686208,0.11549604900160815,0.3715775501686208,-2.210121302834572,-1.2086913549194316
37.15775501686208,0.11920636087861898,0.3715775501686208,-2.354402527722995,-1.216453875871463
37.15775501686208,0.12291667275562983,0.3715775501686208,-2.503245515250381,-1.2245670440243455
37.15775501686208,0.12662698463264066,0.3715775501686208,-2.656650265416731,-1.233062892587653
37.15775501686208,0.1303372965096515,0.3715775501686208,-2.814616778222045,-1.241976663307116
37.15775501686208,0.13404760838666235,0.3715775501686208,-2.9771450536663226,-1.2513471447777889
37.15775501686208,0.13775792026367317,0.3715775501686208,-3.144235091749563,-1.261217048224215
37.15775501686208,0.14146823214068402,0.3715775501686208,-3.315886892471769,-1.2716334249080523
37.15775501686208,0.14517854401769487,0.3715775501686208,-3.4921004558329374,-1.282648129741247
37.15775501686208,0.1488888558947057,0.3715775501686208,-3.67287578183307,-1.2943183361250004
37.15775501686208,0.15259916777171653,0.3715775501686208,-3.8582128704721654,-1.3067071074971803
37.15775501686208,0.15630947964872738,0.3715775501686208,-4.048111721750225,-1.3198840315452882
37.15775501686208,0.16001979152573823,0.3715775501686208,-4.24257233566725,-1.3339259235188097
37.15775501686208,0.16373010340274907,0.3715775501686208,-4.441594712223237,-1.3489176055367142
37.15775501686208,0.1674404152797599,0.3715775501686208,-4.645178851418187,-1.3649527692120866
37.15775501686208,0.17115072715677074,0.3715775501686208,-4.853324753252102,-1.3821349292760106
37.15775501686208,0.17486103903378158,0.3715775501686208,-5.066032417724982,-1.4005784761371105
37.15775501686208,0.17857135091079243,0.3715775501686208,-5.283301844836823,-1.4204098354089938
37.15775501686208,0.18228166278780325,0.3715775501686208,-5.5051330345876295,-1.4417687423055385
37.15775501686208,0.1859919746648141,0.3715775501686208,-5.731525986977399,-1.464809638356181
37.15775501686208,0.18970228654182494,0.3715775501686208,-5.9624807020061334,-1.489703197014646
37.15775501686208,0.1934125984188358,0.3715775501686208,-6.197997179673831,-1.5166379832836645
37.15775501686208,0.1971229102958466,0.3715775501686208,-6.438075419980491,-1.54582225027466
37.15775501686208,0.20083322217285746,0.3715775501686208,-6.682715422926115,-1.5774858724453678
37.15775501686208,0.2045435340498683,0.3715775501686208,-6.931917188510704,-1.611882410840943
37.15775501686208,0.20825384592687915,0.3715775501686208,-7.185680716734257,-1.6492912996826536
37.15775501686208,0.21196415780388997,0.3715775501686208,-7.444006007596772,-1.6900201357244535
37.15775501686208,0.21567446968090082,0.3715775501686208,-7.706893061098252,-1.7344070414948343
37.15775501686208,0.21938478155791166,0.3715775501686208,-7.974341877238696,-1.78282306037337
37.15775501686208,0.2230950934349225,0.3715775501686208,-8.246352456018103,-1.835674524896561
37.15775501686208,0.22680540531193333,0.3715775501686208,-8.522924797436472,-1.8934053192214684
37.15775501686208,0.23051571718894417,0.3715775501686208,-8.804058901493807,-1.9564989318199864
37.15775501686208,0.23422602906595502,0.3715775501686208,-9.089754768190106,-2.02548016488326
37.15775501686208,0.23793634094296587,0.3715775501686208,-9.380012397525368,-2.1009163324827043
37.15775501686208,0.2416466528199767,0.3715775501686208,-9.674831789499592,-2.1834177405750923
37.15775501686208,0.24535696469698753,0.3715775501686208,-9.974212944112782,-2.273637199407764
37.15775501686208,0.24906727657399838,0.3715775501686208,-10.278155861364937,-2.3722682746566655
37.15775501686208,0.2527775884510092,0.3715775501686208,-10.586660541256055,-2.4800419408691985
37.15775501686208,0.25648790032802005,0.3715775501686208,-10.899726983786133,-2.5977212642987846
37.15775501686208,0.2601982122050309,0.3715775501686208,-11.217355188955182,-2.72609371886148
37.15775501686208,0.26390852408204174,0.3715775501686208,-11.539545156763188,-2.8659607379018253
37.15775501686208,0.26761883595905256,0.3715775501686208,-11.866296887210156,-3.018124137319618
37.15775501686208,0.27132914783606343,0.3715775501686208,-12.197610380296096,-3.183369126058121
37.15775501686208,0.27503945971307425,0.3715775501686208,-12.533485636020995,-3.36244376279157
37.15775501686208,0.27874977159008507,0.3715775501686208,-12.873922654384854,-3.5560349369538233
37.15775501686208,0.28246008346709595,0.3715775501686208,-13.218921435387685,-3.764741258432525
37.15775501686208,0.28617039534410676,0.3715775501686208,-13.568481979029473,-3.9890436359448467
37.15775501686208,0.28988070722111764,0.3715775501686208,-13.92260428531023,-4.2292747991428055
37.15775501686208,0.29359101909812846,0.3715775501686208,-14.281288354229947,-4.485589545666077
37.15775501686208,0.2973013309751393,0.3715775501686208,-14.644534185788627,-4.7579380213153195
37.15775501686208,0.30101164285215015,0.3715775501686208,-15.012341779986276,-5.046044795632647
37.15775501686208,0.30472195472916097,0.3715775501686208,-15.384711136822883,-5.349396783594111
38.54563186833112,0.011607316445304631,0.3854563186833112,-0.021948660650477566,-1.0716843857199114
38.54563186833112,0.015317628322315471,0.3854563186833112,-0.03822323401298889,-1.075457086795506
38.54563186833112,0.01902794019932631,0.3854563186833112,-0.05898314566394322,-1.079274212002411
38.54563186833112,0.02273825207633715,0.3854563186833112,-0.08422839560334057,-1.0831378779632201
38.54563186833112,0.02644856395334799,0.3854563186833112,-0.11395898383118096,-1.087050421780825
38.54563186833112,0.03015887583035883,0.3854563186833112,-0.14817491034746436,-1.0910144209766859
38.54563186833112,0.03386918770736967,0.3854563186833112,-0.18687617515219082,-1.0950327152642556
38.54563186833112,0.03757949958438051,0.3854563186833112,-0.23006277824536026,-1.0991084303443497
38.54563186833112,0.04128981146139135,0.3854563186833112,-0.2777347196269727,-1.1032450039303319
38.54563186833112,0.04500012333840219,0.3854563186833112,-0.32989199929702817,-1.1074462142335513
38.54563186833112,0.04871043521541303,0.3854563186833112,-0.38653461725552674,-1.1117162111657493
38.54563186833112,0.05242074709242387,0.3854563186833112,-0.44766257350246824,-1.116059550543623
38.54563186833112,0.05613105896943471,0.3854563186833112,-0.5132758680378527,-1.1204812316130344
38.54563186833112,0.05984137084644555,0.3854563186833112,-0.5833745008616803,-1.1249867382465277
38.54563186833112,0.06355168272345639,0.3854563186833112,-0.657958471973951,-1.1295820842077164
38.54563186833112,0.06726199460046722,0.3854563186833112,-0.7370277813746644,-1.1342738629215958
38.54563186833112,0.07097230647747807,0.3854563186833112,-0.8205824290638211,-1.139069302239756
38.54563186833112,0.0746826183544889,0.3854563186833112,-0.9086224150414206,-1.1439763247462231
38.54563186833112,0.07839293023149975,0.3854563186833112,-1.0011477393074633,-1.1490036142125035
38.54563186833112,0.08210324210851058,0.3854563186833112,-1.098158401861949,-1.1541606888809897
38.54563186833112,0.08581355398552143,0.3854563186833112,-1.1996544027048779,-1.1594579823348692
38.54563186833112,0.08952386586253226,0.3854563186833112,-1.3056357418362494,-1.1649069328008617
38.54563186833112,0.09323417773954311,0.3854563186833112,-1.416102419256064,-1.170520081829924
38.54563186833112,0.09694448961655394,0.3854563186833112,-1.5310544349643218,-1.1763111834111326
38.54563186833112,0.10065480149356479,0.3854563186833112,-1.6504917889610227,-1.1822953246972654
38.54563186833112,0.10436511337057562,0.3854563186833112,-1.7744144812461664,-1.188489059658064
38.54563186833112,0.10807542524758647,0.3854563186833112,-1.9028225118197535,-1.1949105571302363
38.54563186833112,0.1117857371245973,0.3854563186833112,-2.0357158806817828,-1.20157976490405
38.54563186833112,0.11549604900160815,0.3854563186833112,-2.173094587832256,-1.2085185916761203
38.54563186833112,0.11920636087861898,0.3854563186833112,-2.314958633271172,-1.2157511089086253
38.54563186833112,0.12291667275562983,0.3854563186833112,-2.461308016998531,-1.2233037748686257
38.54563186833112,0.12662698463264066,0.3854563186833112,-2.612142739014333,-1.2312056833790415
38.54563186833112,0.1303372965096515,0.3854563186833112,-2.7674627993185776,-1.239488840097163
38.54563186833112,0.13404760838666235,0.3854563186833112,-2.927268197911266,-1.2481884694484329
38.54563186833112,0.13775792026367317,0.3854563186833112,-3.0915589347923964,-1.2573433556842533
38.54563186833112,0.14146823214068402,0.3854563186833112,-3.260335009961971,-1.2669962219035016
38.54563186833112,0.14517854401769487,0.3854563186833112,-3.4335964234199876,-1.277194151277774
38.54563186833112,0.1488888558947057,0.3854563186833112,-3.6113431751664478,-1.287989055149633
38.54563186833112,0.15259916777171653,0.3854563186833112,-3.7935752652013504,-1.299438193128295
38.54563186833112,0.15630947964872738,0.3854563186833112,-3.9802926935246967,-1.311604750783876
38.54563186833112,0.16001979152573823,0.3854563186833112,-4.171495460136486,-1.3245584810318727
38.54563186833112,0.16373010340274907,0.3854563186833112,-4.367183565036719,-1.3383764157932712
38.54563186833112,0.1674404152797599,0.3854563186833112,-4.567357008225392,-1.3531436549963036
38.54563186833112,0.17115072715677074,0.3854563186833112,-4.772015789702511,-1.3689542404313473
38.54563186833112,0.17486103903378158,0.3854563186833112,-4.981159909468072,-1.3859121223506543
38.54563186833112,0.17857135091079243,0.3854563186833112,-5.194789367522077,-1.4041322269783993
38.54563186833112,0.18228166278780325,0.3854563186833112,-5.412904163864524,-1.4237416332103932
38.54563186833112,0.1859919746648141,0.3854563186833112,-5.635504298495413,-1.444880866666054
38.54563186833112,0.18970228654182494,0.3854563186833112,-5.862589771414748,-1.4677053188168872
38.54563186833112,0.1934125984188358,0.3854563186833112,-6.094160582622525,-1.4923867980391705
38.54563186833112,0.1971229102958466,0.3854563186833112,-6.330216732118743,-1.5191152179766938
38.54563186833112,0.20083322217285746,0.3854563186833112,-6.5707582199034045,-1.5481004263678537
38.54563186833112,0.2045435340498683,0.3854563186833112,-6.815785045976511,-1.5795741742626648
38.54563186833112,0.20825384592687915,0.3854563186833112,-7.065297210338059,-1.6137922210516251
38.54563186833112,0.21196415780388997,0.3854563186833112,-7.319294712988049,-1.6510365646169394
38.54563186833112,0.21567446968090082,0.3854563186833112,-7.577777553926484,-1.6916177778045505
38.54563186833112,0.21938478155791166,0.3854563186833112,-7.840745733153362,-1.7358774218509607
38.54563186833112,0.2230950934349225,0.3854563186833112,-8.108199250668683,-1.7841904938766433
38.54563186833112,0.22680540531193333,0.3854563186833112,-8.380138106472444,-1.8369678485361831
38.54563186833112,0.23051571718894417,0.3854563186833112,-8.656562300564651,-1.894658512847764
38.54563186833112,0.23422602906595502,0.3854563186833112,-8.937471832945302,-1.9577517876133763
38.54563186833112,0.23793634094296587,0.3854563186833112,-9.222866703614395,-2.02677899832205
38.54563186833112,0.2416466528199767,0.3854563186833112,-9.512746912571929,-2.1023147228947483
38.54563186833112,0.24535696469698753,0.3854563186833112,-9.807112459817908,-2.184977283407937
38.54563186833112,0.24906727657399838,0.3854563186833112,-10.10596334535233,-2.2754282450187064
38.54563186833112,0.2527775884510092,0.3854563186833112,-10.409299569175197,-2.3743706196730434
38.54563186833112,0.25648790032802005,0.3854563186833112,-10.7171211312865,-2.482545428110013
38.54563186833112,0.2601982122050309,0.3854563186833112,-11.029428031686257,-2.6007262362141264
38.54563186833112,0.26390852408204174,0.3854563186833112,-11.346220270374447,-2.72971125808761
38.54563186833112,0.26761883595905256,0.3854563186833112,-11.66749784735108,-2.8703126179221137
38.54563186833112,0.27132914783606343,0.3854563186833112,-11.993260762616163,-3.0233423979632876
38.54563186833112,0.27503945971307425,0.3854563186833112,-12.323509016169686,-3.189595184850626
38.54563186833112,0.27874977159008507,0.3854563186833112,-12.65824260801165,-3.369826976768196
38.54563186833112,0.28246008346709595,0.3854563186833112,-12.997461538142062,-3.564730543692767
38.54563186833112,0.28617039534410676,0.3854563186833112,-13.34116580656091,-3.774907653116494
38.54563186833112,0.28988070722111764,0.3854563186833112,-13.689355413268208,-4.000838986152305
38.54563186833112,0.29359101909812846,0.3854563186833112,-14.042030358263943,-4.242853062468832
38.54563186833112,0.2973013309751393,0.3854563186833112,-14.399190641548124,-4.501096036541472
38.54563186833112,0.30101164285215015,0.3854563186833112,-14.760836263120751,-4.775504768478476
38.54563186833112,0.30472195472916097,0.3854563186833112,-15.126967222981815,-5.065786032257368
39.93350871980015,0.011607316445304631,0.39933508719800154,-0.021574683922939687,-1.0806489088165785
39.93350871980015,0.015317628322315471,0.39933508719800154,-0.03757195965052427,-1.0841996745879383
39.93350871980015,0.01902794019932631,0.39933508719800154,-0.057978149316031145,-1.087792476363088
39.93350871980015,0.02273825207633715,0.39933508719800154,-0.08279325291946033,-1.0914292212105439
39.93350871980015,0.02644856395334799,0.39933508719800154,-0.11201727046081184,-1.095112016947204
39.93350871980015,0.03015887583035883,0.39933508719800154,-0.14565020194008566,-1.0988431903152032
39.93350871980015,0.03386918770736967,0.39933508719800154,-0.1836920473572818,-1.1026253068250833
39.93350871980015,0.03757949958438051,0.39933508719800154,-0.22614280671240022,-1.1064611924344545
39.93350871980015,0.04128981146139135,0.39933508719800154,-0.273002480005441,-1.11035395724981
39.93350871980015,0.04500012333840219,0.39933508719800154,-0.324271067236404,-1.1143070214602524
39.93350871980015,0.04871043521541303,0.39933508719800154,-0.37994856840528934,-1.1183241437348768
39.93350871980015,0.05242074709242387,0.39933508719800154,-0.440034983512097,-1.1224094523418362
39.93350871980015,0.05613105896943471,0.39933508719800154,-0.504530312556827,-1.1265674792760283
39.93350871980015,0.05984137084644555,0.39933508719800154,-0.5734345555394792,-1.1308031977149389
39.93350871980015,0.06355168272345639,0.39933508719800154,-0.6467477124600539,-1.1351220631585246
39.93350871980015,0.06726199460046722,0.39933508719800154,-0.7244697833185506,-1.139530058649731
39.93350871980015,0.07097230647747807,0.39933508719800154,-0.8066007681149698,-1.1440337445177828
39.93350871980015,0.0746826183544889,0.39933508719800154,-0.8931406668493113,-1.1486403131373164
39.93350871980015,0.07839293023149975,0.39933508719800154,-0.9840894795215751,-1.153357649253592
39.93350871980015,0.08210324210851058,0.39933508719800154,-1.0794472061317613,-1.158194396487687
39.93350871980015,0.08581355398552143,0.39933508719800154,-1.1792138466798698,-1.1631600307073358
39.93350871980015,0.08952386586253226,0.39933508719800154,-1.2833894011659004,-1.16826494102878
39.93350871980015,0.09323417773954311,0.39933508719800154,-1.3919738695898534,-1.1735205193048364
39.93350871980015,0.09694448961655394,0.39933508719800154,-1.5049672519517288,-1.1789392590542835
39.93350871980015,0.10065480149356479,0.39933508719800154,-1.6223695482515263,-1.1845348648998124
39.93350871980015,0.10436511337057562,0.39933508719800154,-1.7441807584892464,-1.1903223737069055
39.93350871980015,0.10807542524758647,0.39933508719800154,-1.8704008826648888,-1.1963182887556298
39.93350871980015,0.1117857371245973,0.39933508719800154,-2.001029920778453,-1.2025407284335197
39.93350871980015,0.11549604900160815,0.39933508719800154,-2.13606787282994,-1.2090095911110943
39.93350871980015,0.11920636087861898,0.39933508719800154,-2.275514738819349,-1.2157467380553406
39.93350871980015,0.12291667275562983,0.39933508719800154,-2.419370518746681,-1.2227761964508188
39.93350871980015,0.12662698463264066,0.39933508719800154,-2.567635212611935,-1.230124384836678
39.93350871980015,0.1303372965096515,0.39933508719800154,-2.7203088204151107,-1.2378203635309681
39.93350871980015,0.13404760838666235,0.39933508719800154,-2.8773913421562094,-1.2458961129041786
39.93350871980015,0.13775792026367317,0.39933508719800154,-3.0388827778352296,-1.2543868426832265
39.93350871980015,0.14146823214068402,0.39933508719800154,-3.204783127452173,-1.263331335816213
39.93350871980015,0.14517854401769487,0.39933508719800154,-3.3750923910070383,-1.2727723308084258
39.93350871980015,0.1488888558947057,0.39933508719800154,-3.5498105684998262,-1.282756946851113
39.93350871980015,0.15259916777171653,0.39933508719800154,-3.7289376599305353,-1.2933371565056602
39.93350871980015,0.15630947964872738,0.39933508719800154,-3.912473665299168,-1.3045703111742313
39.93350871980015,0.16001979152573823,0.39933508719800154,-4.100418584605723,-1.3165197250793863
39.93350871980015,0.16373010340274907,0.39933508719800154,-4.2927724178502,-1.3292553239821494
39.93350871980015,0.1674404152797599,0.39933508719800154,-4.489535165032598,-1.3428543653792007
39.93350871980015,0.17115072715677074,0.39933508719800154,-4.69070682615292,-1.3574022374196693
39.93350871980015,0.17486103903378158,0.39933508719800154,-4.896287401211165,-1.372993344247246
39.93350871980015,0.17857135091079243,0.39933508719800154,-5.10627689020733,-1.389732085874078
39.93350871980015,0.18228166278780325,0.39933508719800154,-5.320675293141418,-1.4077339409865086
39.93350871980015,0.1859919746648141,0.39933508719800154,-5.539482610013429,-1.4271266612154907
39.93350871980015,0.18970228654182494,0.39933508719800154,-5.762698840823362,-1.4480515853029035
39.93350871980015,0.1934125984188358,0.39933508719800154,-5.9903239855712185,-1.470665081166687
39.93350871980015,0.1971229102958466,0.39933508719800154,-6.222358044256995,-1.495140122992729
39.93350871980015,0.20083322217285746,0.39933508719800154,-6.458801016880694,-1.5216680090079597
39.93350871980015,0.2045435340498683,0.39933508719800154,-6.699652903442318,-1.55046022332803
39.93350871980015,0.20825384592687915,0.39933508719800154,-6.944913703941863,-1.5817504419888175
39.93350871980015,0.21196415780388997,0.39933508719800154,-7.194583418379328,-1.6157966786776825
39.93350871980015,0.21567446968090082,0.39933508719800154,-7.448662046754718,-1.6528835594327145
39.93350871980015,0.21938478155791166,0.39933508719800154,-7.70714958906803,-1.6933247072703521
39.93350871980015,0.2230950934349225,0.39933508719800154,-7.970046045319264,-1.737465206864253
39.93350871980015,0.22680540531193333,0.39933508719800154,-8.237351415508419,-1.7856841055071229
39.93350871980015,0.23051571718894417,0.39933508719800154,-8.509065699635498,-1.8383968890792728
39.93350871980015,0.23422602906595502,0.39933508719800154,-8.785188897700499,-1.8960578500536824
39.93350871980015,0.23793634094296587,0.39933508719800154,-9.065721009703422,-1.9591622381698848
39.93350871980015,0.2416466528199767,0.39933508719800154,-9.350662035644266,-2.0282480529265667
39.93350871980015,0.24535696469698753,0.39933508719800154,-9.640011975523034,-2.103897300366122
39.93350871980015,0.24906727657399838,0.39933508719800154,-9.933770829339725,-2.1867364950922683
39.93350871980015,0.2527775884510092,0.39933508719800154,-10.231938597094338,-2.2774361431172494
39.93350871980015,0.25648790032802005,0.39933508719800154,-10.53451527878687,-2.3767088940331016
39.93350871980015,0.2601982122050309,0.39933508719800154,-10.841500874417331,-2.4853060055957474
39.93350871980015,0.26390852408204174,0.39933508719800154,-11.152895383985708,-2.6040117253752904
39.93350871980015,0.26761883595905256,0.39933508719800154,-11.468698807492007,-2.73363517016827
39.93350871980015,0.27132914783606343,0.39933508719800154,-11.788911144936234,-2.874999284443901
39.93350871980015,0.27503945971307425,0.39933508719800154,-12.11353239631838,-3.028926496874954
39.93350871980015,0.27874977159008507,0.39933508719800154,-12.442562561638445,-3.1962207838707384
39.93350871980015,0.28246008346709595,0.39933508719800154,-12.776001640896439,-3.3776460069804255
39.93350871980015,0.28617039534410676,0.39933508719800154,-13.11384963409235,-3.5739006320572324
39.93350871980015,0.28988070722111764,0.39933508719800154,-13.45610654122619,-3.7855892728147396
39.93350871980015,0.29359101909812846,0.39933508719800154,-13.802772362297944,-4.013191931557052
39.93350871980015,0.2973013309751393,0.39933508719800154,-14.153847097307622,-4.2570323226013596
39.93350871980015,0.30101164285215015,0.39933508719800154,-14.509330746255229,-4.517247226225657
39.93350871980015,0.30472195472916097,0.39933508719800154,-14.86922330914075,-4.793759375448702
