V,s,V_norm,ICa_true,ICa_nn
-69.70876254625355,0.011607316445304631,-0.6970876254625356,-0.051118845398432,-0.3162054060932038
-69.70876254625355,0.015317628322315471,-0.6970876254625356,-0.08902263428522926,-0.37170849624381996
-69.70876254625355,0.01902794019932631,-0.6970876254625356,-0.13737286080108507,-0.43054235284675824
-69.70876254625355,0.02273825207633715,-0.6970876254625356,-0.19616952494599948,-0.49312964396195835
-69.70876254625355,0.02644856395334799,-0.6970876254625356,-0.2654126267199725,-0.559948100742466
-69.70876254625355,0.03015887583035883,-0.6970876254625356,-0.34510216612300415,-0.6315354846161731
-69.70876254625355,0.03386918770736967,-0.6970876254625356,-0.4352381431550944,-0.7084941585938191
-69.70876254625355,0.03757949958438051,-0.6970876254625356,-0.5358205578162432,-0.7914948761646803
-69.70876254625355,0.04128981146139135,-0.6970876254625356,-0.6468494101064506,-0.8812792746727742
-69.70876254625355,0.04500012333840219,-0.6970876254625356,-0.7683247000257165,-0.978660412842767
-69.70876254625355,0.04871043521541303,-0.6970876254625356,-0.900246427574041,-1.0845205294197966
-69.70876254625355,0.05242074709242387,-0.6970876254625356,-1.042614592751424,-1.1998050328712948
-69.70876254625355,0.05613105896943471,-0.6970876254625356,-1.195429195557866,-1.3255115804175934
-69.70876254625355,0.05984137084644555,-0.6970876254625356,-1.3586902359933661,-1.4626729989851237
-69.70876254625355,0.06355168272345639,-0.6970876254625356,-1.532397714057925,-1.6123327846715696
-69.70876254625355,0.06726199460046722,-0.6970876254625356,-1.7165516297515422,-1.775512047827602
-69.70876254625355,0.07097230647747807,-0.6970876254625356,-1.9111519830742183,-1.9531671146722933
-69.70876254625355,0.0746826183544889,-0.6970876254625356,-2.116198774025953,-2.1461376213751784
-69.70876254625355,0.07839293023149975,-0.6970876254625356,-2.3316920026067463,-2.355085895507889
-69.70876254625355,0.08210324210851058,-0.6970876254625356,-2.557631668816598,-2.5804297258542257
-69.70876254625355,0.08581355398552143,-0.6970876254625356,-2.7940177726555087,-2.822272217945322
-69.70876254625355,0.08952386586253226,-0.6970876254625356,-3.0408503141234773,-3.0803341630504972
-69.70876254625355,0.09323417773954311,-0.6970876254625356,-3.2981292932205046,-3.3538959407788234
-69.70876254625355,0.09694448961655394,-0.6970876254625356,-3.5658547099465907,-3.641757056074872
-69.70876254625355,0.10065480149356479,-0.6970876254625356,-3.8440265643017355,-3.9422215630047335
-69.70876254625355,0.10436511337057562,-0.6970876254625356,-4.132644856285939,-4.253116497247771
-69.70876254625355,0.10807542524758647,-0.6970876254625356,-4.431709585899202,-4.571847877025971
-69.70876254625355,0.1117857371245973,-0.6970876254625356,-4.741220753141521,-4.895495020500122
-69.70876254625355,0.11549604900160815,-0.6970876254625356,-5.0611783580129,-5.220939438409336
-69.70876254625355,0.11920636087861898,-0.6970876254625356,-5.391582400513338,-5.545020292284269
-69.70876254625355,0.12291667275562983,-0.6970876254625356,-5.732432880642834,-5.864705390295937
-69.70876254625355,0.12662698463264066,-0.6970876254625356,-6.083729798401389,-6.177265807530014
-69.70876254625355,0.1303372965096515,-0.6970876254625356,-6.445473153789003,-6.4804439411756585
-69.70876254625355,0.13404760838666235,-0.6970876254625356,-6.817662946805675,-6.772609074759637
-69.70876254625355,0.13775792026367317,-0.6970876254625356,-7.200299177451404,-7.052900752768909
-69.70876254625355,0.14146823214068402,-0.6970876254625356,-7.593381845726195,-7.321367553787634
-69.70876254625355,0.14517854401769487,-0.6970876254625356,-7.996910951630042,-7.579116170346231
-69.70876254625355,0.1488888558947057,-0.6970876254625356,-8.410886495162949,-7.828491977619708
-69.70876254625355,0.15259916777171653,-0.6970876254625356,-8.835308476324911,-8.07331613329687
-69.70876254625355,0.15630947964872738,-0.6970876254625356,-9.270176895115936,-8.319203345667615
-69.70876254625355,0.16001979152573823,-0.6970876254625356,-9.71549175153602,-8.573974155187043
-69.70876254625355,0.16373010340274907,-0.6970876254625356,-10.17125304558516,-8.848147155635353
-69.70876254625355,0.1674404152797599,-0.6970876254625356,-10.637460777263357,-9.155435427860004
-69.70876254625355,0.17115072715677074,-0.6970876254625356,-11.114114946570615,-9.513058077123604
-69.70876254625355,0.17486103903378158,-0.6970876254625356,-11.601215553506934,-9.941498429814196
-69.70876254625355,0.17857135091079243,-0.6970876254625356,-12.098762598072309,-10.463120475577556
-69.70876254625355,0.18228166278780325,-0.6970876254625356,-12.606756080266742,-11.098925378398095
-69.70876254625355,0.1859919746648141,-0.6970876254625356,-13.125196000090233,-11.862995370019487
-69.70876254625355,0.18970228654182494,-0.6970876254625356,-13.654082357542785,-12.75523549783945
-69.70876254625355,0.1934125984188358,-0.6970876254625356,-14.193415152624397,-13.754914225607575
-69.70876254625355,0.1971229102958466,-0.6970876254625356,-14.74319438533506,-14.819105775738498
-69.70876254625355,0.20083322217285746,-0.6970876254625356,-15.303420055674787,-15.88926445892848
-69.70876254625355,0.2045435340498683,-0.6970876254625356,-15.874092163643573,-16.904845524637647
-69.70876254625355,0.20825384592687915,-0.6970876254625356,-16.45521070924142,-17.817982995216006
-69.70876254625355,0.21196415780388997,-0.6970876254625356,-17.046775692468316,-18.602443268279202
-69.70876254625355,0.21567446968090082,-0.6970876254625356,-17.64878711332428,-19.254228218658202
-69.70876254625355,0.21938478155791166,-0.6970876254625356,-18.2612449718093,-19.786151374379198
-69.70876254625355,0.2230950934349225,-0.6970876254625356,-18.884149267923377,-20.22059718630092
-69.70876254625355,0.22680540531193333,-0.6970876254625356,-19.517500001666512,-20.583529640833067
-69.70876254625355,0.23051571718894417,-0.6970876254625356,-20.161297173038708,-20.90081234729554
-69.70876254625355,0.23422602906595502,-0.6970876254625356,-20.815540782039964,-21.196548984789352
-69.70876254625355,0.23793634094296587,-0.6970876254625356,-21.480230828670276,-21.492669544539076
-69.70876254625355,0.2416466528199767,-0.6970876254625356,-22.155367312929645,-21.809007243831193
-69.70876254625355,0.24535696469698753,-0.6970876254625356,-22.840950234818074,-22.163288542725855
-69.70876254625355,0.24906727657399838,-0.6970876254625356,-23.536979594335566,-22.570643819774723
-69.70876254625355,0.2527775884510092,-0.6970876254625356,-24.243455391482115,-23.042437153722247
-69.70876254625355,0.25648790032802005,-0.6970876254625356,-24.960377626257714,-23.58447110132
-69.70876254625355,0.2601982122050309,-0.6970876254625356,-25.687746298662386,-24.19498185536378
-69.70876254625355,0.26390852408204174,-0.6970876254625356,-26.425561408696105,-24.863220676077333
-69.70876254625355,0.26761883595905256,-0.6970876254625356,-27.173822956358876,-25.56957866503094
-69.70876254625355,0.27132914783606343,-0.6970876254625356,-27.932530941650725,-26.287871633047708
-69.70876254625355,0.27503945971307425,-0.6970876254625356,-28.701685364571624,-26.989532398687953
-69.70876254625355,0.27874977159008507,-0.6970876254625356,-29.481286225121572,-27.648497706187648
-69.70876254625355,0.28246008346709595,-0.6970876254625356,-30.271333523300598,-28.245189349432717
-69.70876254625355,0.28617039534410676,-0.6970876254625356,-31.071827259108666,-28.768468389491883
-69.70876254625355,0.28988070722111764,-0.6970876254625356,-31.882767432545805,-29.21541833410564
-69.70876254625355,0.29359101909812846,-0.6970876254625356,-32.70415404361199,-29.589625086061005
-69.70876254625355,0.2973013309751393,-0.6970876254625356,-33.53598709230724,-29.898889635803446
-69.70876254625355,0.30101164285215015,-0.6970876254625356,-34.37826657863155,-30.15311261368925
-69.70876254625355,0.30472195472916097,-0.6970876254625356,-35.23099250258492,-30.362721815667484
-68.32088569478452,0.011607316445304631,-0.6832088569478452,-0.050744868670894124,-0.29329108865848164
-68.32088569478452,0.015317628322315471,-0.6832088569478452,-0.08837135992276464,-0.3488124866427873
-68.32088569478452,0.01902794019932631,-0.6832088569478452,-0.136367864453173,-0.4076732227850528
-68.32088569478452,0.02273825207633715,-0.6832088569478452,-0.19473438226211925,-0.47029535965937863
-68.32088569478452,0.02644856395334799,-0.6832088569478452,-0.26347091334960343,-0.537155540636941
-68.32088569478452,0.03015887583035883,-0.6832088569478452,-0.3425774577156254,-0.6087898364959135
-68.32088569478452,0.03386918770736967,-0.6832088569478452,-0.4320540153601854,-0.6857981805475923
-68.32088569478452,0.03757949958438051,-0.6832088569478452,-0.5319005862832831,-0.7688480082275981
-68.32088569478452,0.04128981146139135,-0.6832088569478452,-0.6421171704849188,-0.8586765931104148
-68.32088569478452,0.04500012333840219,-0.6832088569478452,-0.7627037679650923,-0.95609142762785
-68.32088569478452,0.04871043521541303,-0.6832088569478452,-0.8936603787238037,-1.0619678387014677
-68.32088569478452,0.05242074709242387,-0.6832088569478452,-1.034987002761053,-1.1772428672134463
-68.32088569478452,0.05613105896943471,-0.6832088569478452,-1.1866836400768401,-1.3029042951719674
-68.32088569478452,0.05984137084644555,-0.6832088569478452,-1.348750290671165,-1.439973605688497
-68.32088569478452,0.06355168272345639,-0.6832088569478452,-1.521186954544028,-1.5894816510701337
-68.32088569478452,0.06726199460046722,-0.6832088569478452,-1.7039936316954283,-1.752435938590674
-68.32088569478452,0.07097230647747807,-0.6832088569478452,-1.897170322125367,-1.929778786235867
-68.32088569478452,0.0746826183544889,-0.6832088569478452,-2.1007170258338435,-2.1223362169169917
-68.32088569478452,0.07839293023149975,-0.6832088569478452,-2.314633742820858,-2.3307583991037166
-68.32088569478452,0.08210324210851058,-0.6832088569478452,-2.53892047308641,-2.5554537156167507
-68.32088569478452,0.08581355398552143,-0.6832088569478452,-2.7735772166305006,-2.796520093767212
-68.32088569478452,0.08952386586253226,-0.6832088569478452,-3.018603973453128,-3.053678906800443
-68.32088569478452,0.09323417773954311,-0.6832088569478452,-3.274000743554294,-3.326218295824523
-68.32088569478452,0.09694448961655394,-0.6832088569478452,-3.5397675269339977,-3.6129538034275503
-68.32088569478452,0.10065480149356479,-0.6832088569478452,-3.8159043235922394,-3.912214355101159
-68.32088569478452,0.10436511337057562,-0.6832088569478452,-4.102411133529019,-4.221860535142811
-68.32088569478452,0.10807542524758647,-0.6832088569478452,-4.399287956744336,-4.539339638199699
-68.32088569478452,0.1117857371245973,-0.6832088569478452,-4.706534793238191,-4.861778312146753
-68.32088569478452,0.11549604900160815,-0.6832088569478452,-5.024151643010585,-5.186109291984206
-68.32088569478452,0.11920636087861898,-0.6832088569478452,-5.352138506061515,-5.509224621115577
-68.32088569478452,0.12291667275562983,-0.6832088569478452,-5.690495382390985,-5.828144857795361
-68.32088569478452,0.12662698463264066,-0.6832088569478452,-6.039222271998991,-6.140192927693665
-68.32088569478452,0.1303372965096515,-0.6832088569478452,-6.398319174885535,-6.4431629806609445
-68.32088569478452,0.13404760838666235,-0.6832088569478452,-6.767786091050619,-6.73547879197118
-68.32088569478452,0.13775792026367317,-0.6832088569478452,-7.147623020494238,-7.016342373178621
-68.32088569478452,0.14146823214068402,-0.6832088569478452,-7.537829963216397,-7.2858806488037
-68.32088569478452,0.14517854401769487,-0.6832088569478452,-7.938406919217092,-7.545305279921846
-68.32088569478452,0.1488888558947057,-0.6832088569478452,-8.349353888496328,-7.79710682157867
-68.32088569478452,0.15259916777171653,-0.6832088569478452,-8.770670871054097,-8.045307835618368
-68.32088569478452,0.15630947964872738,-0.6832088569478452,-9.202357866890408,-8.295797635133477
-68.32088569478452,0.16001979152573823,-0.6832088569478452,-9.644414876005257,-8.556758788160185
-68.32088569478452,0.16373010340274907,-0.6832088569478452,-10.096841898398642,-8.839162749787072
-68.32088569478452,0.1674404152797599,-0.6832088569478452,-10.559638934070563,-9.157243545438897
-68.32088569478452,0.17115072715677074,-0.6832088569478452,-11.032805983021024,-9.52873500253285
-68.32088569478452,0.17486103903378158,-0.6832088569478452,-11.516343045250025,-9.974468999553588
-68.32088569478452,0.17857135091079243,-0.6832088569478452,-12.010250120757561,-10.516717884669367
-68.32088569478452,0.18228166278780325,-0.6832088569478452,-12.514527209543637,-11.175579868178309
-68.32088569478452,0.1859919746648141,-0.6832088569478452,-13.029174311608248,-11.963082327670618
-68.32088569478452,0.18970228654182494,-0.6832088569478452,-13.5541914269514,-12.875891714122348
-68.32088569478452,0.1934125984188358,-0.6832088569478452,-14.089578555573091,-13.889451780461364
-68.32088569478452,0.1971229102958466,-0.6832088569478452,-14.635335697473314,-14.957685282737932
-68.32088569478452,0.20083322217285746,-0.6832088569478452,-15.191462852652077,-16.020927710475334
-68.32088569478452,0.2045435340498683,-0.6832088569478452,-15.75796002110938,-17.020099047928213
-68.32088569478452,0.20825384592687915,-0.6832088569478452,-16.334827202845222,-17.91068644960609
-68.32088569478452,0.21196415780388997,-0.6832088569478452,-16.922064397859597,-18.670261234717067
-68.32088569478452,0.21567446968090082,-0.6832088569478452,-17.519671606152514,-19.29783403418571
-68.32088569478452,0.21938478155791166,-0.6832088569478452,-18.12764882772397,-19.807902269771887
-68.32088569478452,0.2230950934349225,-0.6832088569478452,-18.74599606257396,-20.223317427412425
-68.32088569478452,0.22680540531193333,-0.6832088569478452,-19.374713310702486,-20.569685508629988
-68.32088569478452,0.23051571718894417,-0.6832088569478452,-20.013800572109552,-20.872081594528463
-68.32088569478452,0.23422602906595502,-0.6832088569478452,-20.66325784679516,-21.153675388571838
-68.32088569478452,0.23793634094296587,-0.6832088569478452,-21.323085134759303,-21.435497062317733
-68.32088569478452,0.2416466528199767,-0.6832088569478452,-21.99328243600198,-21.73663547617994
-68.32088569478452,0.24535696469698753,-0.6832088569478452,-22.673849750523203,-22.074338022735823
-68.32088569478452,0.24906727657399838,-0.6832088569478452,-23.36478707832296,-22.46364575206138
-68.32088569478452,0.2527775884510092,-0.6832088569478452,-24.066094419401256,-22.916355565657557
-68.32088569478452,0.25648790032802005,-0.6832088569478452,-24.777771773758083,-23.43931749655285
-68.32088569478452,0.2601982122050309,-0.6832088569478452,-25.499819141393463,-24.032398733915297
-68.32088569478452,0.26390852408204174,-0.6832088569478452,-26.232236522307364,-24.686827993224508
-68.32088569478452,0.26761883595905256,-0.6832088569478452,-26.975023916499804,-25.38486764802766
-68.32088569478452,0.27132914783606343,-0.6832088569478452,-27.728181323970798,-26.10155460108587
-68.32088569478452,0.27503945971307425,-0.6832088569478452,-28.491708744720317,-26.80848965425541
-68.32088569478452,0.27874977159008507,-0.6832088569478452,-29.26560617874837,-27.47866625868601
-68.32088569478452,0.28246008346709595,-0.6832088569478452,-30.049873626054975,-28.090764192532585
-68.32088569478452,0.28617039534410676,-0.6832088569478452,-30.844511086640104,-28.631616593190834
-68.32088569478452,0.28988070722111764,-0.6832088569478452,-31.649518560503786,-29.096468737834066
-68.32088569478452,0.29359101909812846,-0.6832088569478452,-32.46489604764599,-29.487541365033294
-68.32088569478452,0.2973013309751393,-0.6832088569478452,-33.29064354806674,-29.81181345278903
-68.32088569478452,0.30101164285215015,-0.6832088569478452,-34.12676106176603,-30.07883098892101
-68.32088569478452,0.30472195472916097,-0.6832088569478452,-34.97324858874385,-30.29899848606438
-66.93300884331549,0.011607316445304631,-0.6693300884331549,-0.05037089194335625,-0.2694679177457633
-66.93300884331549,0.015317628322315471,-0.6693300884331549,-0.08772008556030002,-0.3249963669725402
-66.93300884331549,0.01902794019932631,-0.6693300884331549,-0.13536286810526094,-0.3838715853173593
-66.93300884331549,0.02273825207633715,-0.6693300884331549,-0.19329923957823902,-0.4465148519619315
-66.93300884331549,0.02644856395334799,-0.6693300884331549,-0.2615291999792343,-0.5134015252415149
-66.93300884331549,0.03015887583035883,-0.6693300884331549,-0.3400527493082467,-0.5850657693802199
-66.93300884331549,0.03386918770736967,-0.6693300884331549,-0.4288698875652764,-0.6621048553626079
-66.93300884331549,0.03757949958438051,-0.6693300884331549,-0.5279806147503231,-0.7451826548002993
-66.93300884331549,0.04128981146139135,-0.6693300884331549,-0.637384930863387,-0.8350318243037138
-66.93300884331549,0.04500012333840219,-0.6693300884331549,-0.7570828359044681,-0.9324540377790809
-66.93300884331549,0.04871043521541303,-0.6693300884331549,-0.8870743298735664,-1.0383174706346885
-66.93300884331549,0.05242074709242387,-0.6693300884331549,-1.0273594127706818,-1.1535505842515164
-66.93300884331549,0.05613105896943471,-0.6693300884331549,-1.1779380845958143,-1.2791311204403673
-66.93300884331549,0.05984137084644555,-0.6693300884331549,-1.338810345348964,-1.4160691234814051
-66.93300884331549,0.06355168272345639,-0.6693300884331549,-1.509976195030131,-1.5653828032247115
-66.93300884331549,0.06726199460046722,-0.6693300884331549,-1.6914356336393146,-1.7280661900608967
-66.93300884331549,0.07097230647747807,-0.6693300884331549,-1.8831886611765158,-1.9050478733957725
-66.93300884331549,0.0746826183544889,-0.6693300884331549,-2.085235277641734,-2.097140721759697
-66.93300884331549,0.07839293023149975,-0.6693300884331549,-2.29757548303497,-2.3049834018551394
-66.93300884331549,0.08210324210851058,-0.6693300884331549,-2.5202092773562224,-2.5289757549343213
-66.93300884331549,0.08581355398552143,-0.6693300884331549,-2.7531366606054926,-2.769211595676487
-66.93300884331549,0.08952386586253226,-0.6693300884331549,-2.9963576327827792,-3.025414123118662
-66.93300884331549,0.09323417773954311,-0.6693300884331549,-3.2498721938880832,-3.2968806215057462
-66.93300884331549,0.09694448961655394,-0.6693300884331549,-3.5136803439214046,-3.582444135596331
-66.93300884331549,0.10065480149356479,-0.6693300884331549,-3.7877820828827433,-3.8804599469294025
-66.93300884331549,0.10436511337057562,-0.6693300884331549,-4.072177410772099,-4.188823632644717
-66.93300884331549,0.10807542524758647,-0.6693300884331549,-4.366866327589472,-4.5050251220023965
-66.93300884331549,0.1117857371245973,-0.6693300884331549,-4.671848833334861,-4.826239647161654
-66.93300884331549,0.11549604900160815,-0.6693300884331549,-4.987124928008269,-5.149452340865591
-66.93300884331549,0.11920636087861898,-0.6693300884331549,-5.312694611609693,-5.471609293146452
-66.93300884331549,0.12291667275562983,-0.6693300884331549,-5.648557884139135,-5.789785097943523
-66.93300884331549,0.12662698463264066,-0.6693300884331549,-5.9947147455965935,-6.101356130968093
-66.93300884331549,0.1303372965096515,-0.6693300884331549,-6.351165195982069,-6.404170471447988
-66.93300884331549,0.13404760838666235,-0.6693300884331549,-6.717909235295562,-6.69670948328065
-66.93300884331549,0.13775792026367317,-0.6693300884331549,-7.094946863537071,-6.978242095109979
-66.93300884331549,0.14146823214068402,-0.6693300884331549,-7.4822780807066,-7.248979910612625
-66.93300884331549,0.14517854401769487,-0.6693300884331549,-7.879902886804143,-7.510248392984026
-66.93300884331549,0.1488888558947057,-0.6693300884331549,-8.287821281829705,-7.764695260264825
-66.93300884331549,0.15259916777171653,-0.6693300884331549,-8.706033265783283,-8.016560138233515
-66.93300884331549,0.15630947964872738,-0.6693300884331549,-9.134538838664879,-8.272026338060975
-66.93300884331549,0.16001979152573823,-0.6693300884331549,-9.573338000474493,-8.539660477777923
-66.93300884331549,0.16373010340274907,-0.6693300884331549,-10.022430751212124,-8.830908040777688
-66.93300884331549,0.1674404152797599,-0.6693300884331549,-10.481817090877769,-9.160536596070406
-66.93300884331549,0.17115072715677074,-0.6693300884331549,-10.951497019471434,-9.546784664347422
-66.93300884331549,0.17486103903378158,-0.6693300884331549,-11.431470536993118,-10.010778830228961
-66.93300884331549,0.17857135091079243,-0.6693300884331549,-11.921737643442816,-10.574578234435567
-66.93300884331549,0.18228166278780325,-0.6693300884331549,-12.42229833882053,-11.257177490810248
-66.93300884331549,0.1859919746648141,-0.6693300884331549,-12.933152623126263,-12.06829817471491
-66.93300884331549,0.18970228654182494,-0.6693300884331549,-13.454300496360016,-13.001159425187307
-66.93300884331549,0.1934125984188358,-0.6693300884331549,-13.985741958521785,-14.027349497389167
-66.93300884331549,0.1971229102958466,-0.6693300884331549,-14.527477009611566,-15.097873855181279
-66.93300884331549,0.20083322217285746,-0.6693300884331549,-15.079505649629366,-16.152383232246198
-66.93300884331549,0.2045435340498683,-0.6693300884331549,-15.641827878575187,-17.13369208813258
-66.93300884331549,0.20825384592687915,-0.6693300884331549,-16.214443696449024,-18.00087510387444
-66.93300884331549,0.21196415780388997,-0.6693300884331549,-16.797353103250874,-18.735304489664227
-66.93300884331549,0.21567446968090082,-0.6693300884331549,-17.39055609898075,-19.33884806873635
-66.93300884331549,0.21938478155791166,-0.6693300884331549,-17.994052683638635,-19.82750710165525
-66.93300884331549,0.2230950934349225,-0.6693300884331549,-18.60784285722454,-20.224463611929234
-66.93300884331549,0.22680540531193333,-0.6693300884331549,-19.23192661973846,-20.554889829075602
-66.93300884331549,0.23051571718894417,-0.6693300884331549,-19.8663039711804,-20.843043839900545
-66.93300884331549,0.23422602906595502,-0.6693300884331549,-20.510974911550356,-21.11115838518668
-66.93300884331549,0.23793634094296587,-0.6693300884331549,-21.165939440848334,-21.379366004662103
-66.93300884331549,0.2416466528199767,-0.6693300884331549,-21.83119755907432,-21.66600157455997
-66.93300884331549,0.24535696469698753,-0.6693300884331549,-22.50674926622833,-21.987797734296763
-66.93300884331549,0.24906727657399838,-0.6693300884331549,-23.192594562310354,-22.35963410135047
-66.93300884331549,0.2527775884510092,-0.6693300884331549,-23.8887334473204,-22.793630256003066
-66.93300884331549,0.25648790032802005,-0.6693300884331549,-24.595165921258452,-23.29755057003005
-66.93300884331549,0.2601982122050309,-0.6693300884331549,-25.31189198412454,-23.872774774466798
-66.93300884331549,0.26390852408204174,-0.6693300884331549,-26.038911635918627,-24.512460205987104
-66.93300884331549,0.26761883595905256,-0.6693300884331549,-26.77622487664073,-25.200809812985224
-66.93300884331549,0.27132914783606343,-0.6693300884331549,-27.523831706290867,-25.914276963916272
-66.93300884331549,0.27503945971307425,-0.6693300884331549,-28.28173212486901,-26.62490061902769
-66.93300884331549,0.27874977159008507,-0.6693300884331549,-29.049926132375166,-27.30498545203824
-66.93300884331549,0.28246008346709595,-0.6693300884331549,-29.828413728809355,-27.931627824579955
-66.93300884331549,0.28617039534410676,-0.6693300884331549,-30.617194914171545,-28.489665987556865
-66.93300884331549,0.28988070722111764,-0.6693300884331549,-31.416269688461767,-28.972438442635557
-66.93300884331549,0.29359101909812846,-0.6693300884331549,-32.225638051679994,-29.380681133334107
-66.93300884331549,0.2973013309751393,-0.6693300884331549,-33.045300003826235,-29.720427125026863
-66.93300884331549,0.30101164285215015,-0.6693300884331549,-33.87525554490051,-30.0007674807524
-66.93300884331549,0.30472195472916097,-0.6693300884331549,-34.71550467490279,-30.23201573243272
-65.54513199184645,0.011607316445304631,-0.6554513199184645,-0.04999691521581837,-0.24468195014247685
-65.54513199184645,0.015317628322315471,-0.6554513199184645,-0.08706881119783541,-0.30020526016844395
-65.54513199184645,0.01902794019932631,-0.6554513199184645,-0.13435787175734887,-0.3590815624648591
-65.54513199184645,0.02273825207633715,-0.6554513199184645,-0.19186409689435877,-0.42173116964235624
-65.54513199184645,0.02644856395334799,-0.6554513199184645,-0.25958748660886516,-0.48862795272044424
-65.54513199184645,0.03015887583035883,-0.6554513199184645,-0.337528040900868,-0.5603039489234318
-65.54513199184645,0.03386918770736967,-0.6554513199184645,-0.4256857597703674,-0.6373535305177549
-65.54513199184645,0.03757949958438051,-0.6554513199184645,-0.524060643217363,-0.7204367568817014
-65.54513199184645,0.04128981146139135,-0.6554513199184645,-0.6326526912418553,-0.8102814133511622
-65.54513199184645,0.04500012333840219,-0.6554513199184645,-0.7514619038438439,-0.9076831039177466
-65.54513199184645,0.04871043521541303,-0.6554513199184645,-0.880488281023329,-1.0135026160420628
-65.54513199184645,0.05242074709242387,-0.6554513199184645,-1.0197318227803105,-1.1286596257901234
-65.54513199184645,0.05613105896943471,-0.6554513199184645,-1.1691925291147884,-1.2541216791108474
-65.54513199184645,0.05984137084644555,-0.6554513199184645,-1.3288704000267628,-1.3908872992280543
-65.54513199184645,0.06355168272345639,-0.6554513199184645,-1.4987654355162339,-1.5399620712005817
-65.54513199184645,0.06726199460046722,-0.6554513199184645,-1.6788776355832007,-1.7023266944338171
-65.54513199184645,0.07097230647747807,-0.6554513199184645,-1.8692070002276646,-1.8788963320377554
-65.54513199184645,0.0746826183544889,-0.6554513199184645,-2.069753529449625,-2.0704711818763695
-65.54513199184645,0.07839293023149975,-0.6554513199184645,-2.2805172232490816,-2.2776790923327077
-65.54513199184645,0.08210324210851058,-0.6554513199184645,-2.5014980816260346,-2.500912253873875
-65.54513199184645,0.08581355398552143,-0.6554513199184645,-2.7326961045804845,-2.7402614599538273
-65.54513199184645,0.08952386586253226,-0.6554513199184645,-2.97411129211243,-2.9954530040616474
-65.54513199184645,0.09323417773954311,-0.6554513199184645,-3.2257436442218728,-3.265794719437786
-65.54513199184645,0.09694448961655394,-0.6554513199184645,-3.4875931609088116,-3.5501386425114485
-65.54513199184645,0.10065480149356479,-0.6554513199184645,-3.759659842173247,-3.8468679237868013
-65.54513199184645,0.10436511337057562,-0.6554513199184645,-4.041943688015179,-4.153914612881687
-65.54513199184645,0.10807542524758647,-0.6554513199184645,-4.3344446984346074,-4.46881267929998
-65.54513199184645,0.1117857371245973,-0.6554513199184645,-4.6371628734315316,-4.788787259431512
-65.54513199184645,0.11549604900160815,-0.6554513199184645,-4.950098213005953,-5.110877147409934
-65.54513199184645,0.11920636087861898,-0.6554513199184645,-5.27325071715787,-5.432083767660488
-65.54513199184645,0.12291667275562983,-0.6554513199184645,-5.606620385887285,-5.749537201142229
-65.54513199184645,0.12662698463264066,-0.6554513199184645,-5.950207219194195,-6.06066909427419
-65.54513199184645,0.1303372965096515,-0.6554513199184645,-6.304011217078602,-6.363383925971739
-65.54513199184645,0.13404760838666235,-0.6554513199184645,-6.668032379540506,-6.6562241338234704
-65.54513199184645,0.13775792026367317,-0.6554513199184645,-7.042270706579904,-6.938530524140284
-65.54513199184645,0.14146823214068402,-0.6554513199184645,-7.426726198196802,-7.210606377144914
-65.54513199184645,0.14517854401769487,-0.6554513199184645,-7.821398854391194,-7.4739006372454435
-65.54513199184645,0.1488888558947057,-0.6554513199184645,-8.226288675163085,-7.731231203004171
-65.54513199184645,0.15259916777171653,-0.6554513199184645,-8.641395660512467,-7.987071600177664
-65.54513199184645,0.15630947964872738,-0.6554513199184645,-9.06671981043935,-8.247919683887796
-65.54513199184645,0.16001979152573823,-0.6554513199184645,-9.50226112494373,-8.522748882812678
-65.54513199184645,0.16373010340274907,-0.6554513199184645,-9.948019604025605,-8.823499433185722
-65.54513199184645,0.1674404152797599,-0.6554513199184645,-10.403995247684975,-9.165482135702606
-65.54513199184645,0.17115072715677074,-0.6554513199184645,-10.870188055921842,-9.567423022071424
-65.54513199184645,0.17486103903378158,-0.6554513199184645,-11.346598028736208,-10.050676494690522
-65.54513199184645,0.17857135091079243,-0.6554513199184645,-11.83322516612807,-10.6369482134041
-65.54513199184645,0.18228166278780325,-0.6554513199184645,-12.330069468097426,-11.343909162226216
-65.54513199184645,0.1859919746648141,-0.6554513199184645,-12.837130934644279,-12.178715723937326
-65.54513199184645,0.18970228654182494,-0.6554513199184645,-13.35440956576863,-13.130947589847816
-65.54513199184645,0.1934125984188358,-0.6554513199184645,-13.88190536147048,-14.168351602679332
-65.54513199184645,0.1971229102958466,-0.6554513199184645,-14.41961832174982,-15.239303715457003
-65.54513199184645,0.20083322217285746,-0.6554513199184645,-14.967548446606658,-16.28323339983986
-65.54513199184645,0.2045435340498683,-0.6554513199184645,-15.525695736040994,-17.245267935308053
-65.54513199184645,0.20825384592687915,-0.6554513199184645,-16.09406019005283,-18.088266400753525
-65.54513199184645,0.21196415780388997,-0.6554513199184645,-16.672641808642155,-18.797361904583482
-65.54513199184645,0.21567446968090082,-0.6554513199184645,-17.26144059180898,-19.377109070614924
-65.54513199184645,0.21938478155791166,-0.6554513199184645,-17.860456539553304,-19.84482999075957
-65.54513199184645,0.2230950934349225,-0.6554513199184645,-18.46968965187512,-20.223905591609174
-65.54513199184645,0.22680540531193333,-0.6554513199184645,-19.089139928774433,-20.539004894500067
-65.54513199184645,0.23051571718894417,-0.6554513199184645,-19.718807370251245,-20.813545834874134
-65.54513199184645,0.23422602906595502,-0.6554513199184645,-20.358691976305554,-21.06882548834004
-65.54513199184645,0.23793634094296587,-0.6554513199184645,-21.00879374693736,-21.32408526881022
-65.54513199184645,0.2416466528199767,-0.6554513199184645,-21.669112682146658,-21.59690198331691
-65.54513199184645,0.24535696469698753,-0.6554513199184645,-22.339648781933455,-21.903465339254826
-65.54513199184645,0.24906727657399838,-0.6554513199184645,-23.02040204629775,-22.258430524192413
-65.54513199184645,0.2527775884510092,-0.6554513199184645,-23.711372475239543,-22.674138101783605
-65.54513199184645,0.25648790032802005,-0.6554513199184645,-24.412560068758822,-23.15913691069208
-65.54513199184645,0.2601982122050309,-0.6554513199184645,-25.123964826855616,-23.71619325944644
-65.54513199184645,0.26390852408204174,-0.6554513199184645,-25.845586749529886,-24.340322925363424
-65.54513199184645,0.26761883595905256,-0.6554513199184645,-26.577425836781657,-25.017707570398965
-65.54513199184645,0.27132914783606343,-0.6554513199184645,-27.319482088610936,-25.72638355402866
-65.54513199184645,0.27503945971307425,-0.6554513199184645,-28.071755505017705,-26.439085784247645
-65.54513199184645,0.27874977159008507,-0.6554513199184645,-28.83424608600196,-27.12769498972788
-65.54513199184645,0.28246008346709595,-0.6554513199184645,-29.606953831563732,-27.76790943549814
-65.54513199184645,0.28617039534410676,-0.6554513199184645,-30.389878741702983,-28.3426350671626
-65.54513199184645,0.28988070722111764,-0.6554513199184645,-31.183020816419745,-28.843256082039005
-65.54513199184645,0.29359101909812846,-0.6554513199184645,-31.98638005571399,-29.268912638156884
-65.54513199184645,0.2973013309751393,-0.6554513199184645,-32.79995645958574,-29.62456672143049
-65.54513199184645,0.30101164285215015,-0.6554513199184645,-33.62375002803499,-29.918747784837134
-65.54513199184645,0.30472195472916097,-0.6554513199184645,-34.45776076106172,-30.16160315543987
-64.15725514037742,0.011607316445304631,-0.6415725514037741,-0.049622938488280484,-0.21887625221189544
-64.15725514037742,0.015317628322315471,-0.6415725514037741,-0.08641753683537078,-0.2743812694793133
-64.15725514037742,0.01902794019932631,-0.6415725514037741,-0.13335287540943677,-0.3332442282052359
-64.15725514037742,0.02273825207633715,-0.6415725514037741,-0.1904289542104785,-0.3958842863876735
-64.15725514037742,0.02644856395334799,-0.6415725514037741,-0.257645773238496,-0.4627736209033506
-64.15725514037742,0.03015887583035883,-0.6415725514037741,-0.33500333249348924,-0.5344419175383888
-64.15725514037742,0.03386918770736967,-0.6415725514037741,-0.42250163197545826,-0.6114804102999998
-64.15725514037742,0.03757949958438051,-0.6415725514037741,-0.5201406716844029,-0.6945450959542352
-64.15725514037742,0.04128981146139135,-0.6415725514037741,-0.6279204516203234,-0.7843586338413726
-64.15725514037742,0.04500012333840219,-0.6415725514037741,-0.7458409717832196,-0.8817103082030682
-64.15725514037742,0.04871043521541303,-0.6415725514037741,-0.8739022321730915,-0.9874532860449439
-64.15725514037742,0.05242074709242387,-0.6415725514037741,-1.0121042327899392,-1.1024982589810886
-64.15725514037742,0.05613105896943471,-0.6415725514037741,-1.1604469736337626,-1.2278024311592002
-64.15725514037742,0.05984137084644555,-0.6415725514037741,-1.3189304547045617,-1.3643527354610552
-64.15725514037742,0.06355168272345639,-0.6415725514037741,-1.4875546760023366,-1.5131421659497384
-64.15725514037742,0.06726199460046722,-0.6415725514037741,-1.6663196375270868,-1.6751382560019368
-64.15725514037742,0.07097230647747807,-0.6415725514037741,-1.8552253392788132,-1.8512430661803279
-64.15725514037742,0.0746826183544889,-0.6415725514037741,-2.054271781257515,-2.042244630503478
-64.15725514037742,0.07839293023149975,-0.6415725514037741,-2.263458963463193,-2.2487606863119645
-64.15725514037742,0.08210324210851058,-0.6415725514037741,-2.4827868858958464,-2.4711766877123686
-64.15725514037742,0.08581355398552143,-0.6415725514037741,-2.712255548555476,-2.7095815211337926
-64.15725514037742,0.08952386586253226,-0.6415725514037741,-2.9518649514420807,-2.963705865015857
-64.15725514037742,0.09323417773954311,-0.6415725514037741,-3.2016150945556614,-3.2328695290897898
-64.15725514037742,0.09694448961655394,-0.6415725514037741,-3.461505977896218,-3.515945054265529
-64.15725514037742,0.10065480149356479,-0.6415725514037741,-3.7315376014637502,-3.8113450010538426
-64.15725514037742,0.10436511337057562,-0.6415725514037741,-4.011709965258258,-4.117039408525337
-64.15725514037742,0.10807542524758647,-0.6415725514037741,-4.302023069279742,-4.430607744151293
-64.15725514037742,0.1117857371245973,-0.6415725514037741,-4.602476913528201,-4.749326441873112
-64.15725514037742,0.11549604900160815,-0.6415725514037741,-4.913071498003636,-5.070289323020229
-64.15725514037742,0.11920636087861898,-0.6415725514037741,-5.233806822706047,-5.390554573876947
-64.15725514037742,0.12291667275562983,-0.6415725514037741,-5.564682887635434,-5.707309401728769
-64.15725514037742,0.12662698463264066,-0.6415725514037741,-5.905699692791796,-6.018042794419661
-64.15725514037742,0.1303372965096515,-0.6415725514037741,-6.256857238175134,-6.320718431224589
-64.15725514037742,0.13404760838666235,-0.6415725514037741,-6.618155523785449,-6.613943742913619
-64.15725514037742,0.13775792026367317,-0.6415725514037741,-6.989594549622737,-6.897136941735234
-64.15725514037742,0.14146823214068402,-0.6415725514037741,-7.371174315687003,-7.170700714593381
-64.15725514037742,0.14517854401769487,-0.6415725514037741,-7.762894821978244,-7.436218089538241
-64.15725514037742,0.1488888558947057,-0.6415725514037741,-8.16475606849646,-7.696691276168074
-64.15725514037742,0.15259916777171653,-0.6415725514037741,-8.576758055241651,-7.956845770725785
-64.15725514037742,0.15630947964872738,-0.6415725514037741,-8.998900782213822,-8.223515664488195
-64.15725514037742,0.16001979152573823,-0.6415725514037741,-9.431184249412965,-8.506104544325247
-64.15725514037742,0.16373010340274907,-0.6415725514037741,-9.873608456839087,-8.817067256964645
-64.15725514037742,0.1674404152797599,-0.6415725514037741,-10.32617340449218,-9.172263751233167
-64.15725514037742,0.17115072715677074,-0.6415725514037741,-10.78887909237225,-9.590881818132855
-64.15725514037742,0.17486103903378158,-0.6415725514037741,-11.261725520479299,-10.09442190878896
-64.15725514037742,0.17857135091079243,-0.6415725514037741,-11.74471268881332,-10.70407567873641
-64.15725514037742,0.18228166278780325,-0.6415725514037741,-12.23784059737432,-11.435951295611043
-64.15725514037742,0.1859919746648141,-0.6415725514037741,-12.741109246162292,-12.294375724132982
-64.15725514037742,0.18970228654182494,-0.6415725514037741,-13.254518635177243,-13.265120381272018
-64.15725514037742,0.1934125984188358,-0.6415725514037741,-13.77806876441917,-14.31215578851956
-64.15725514037742,0.1971229102958466,-0.6415725514037741,-14.31175963388807,-15.381570271580106
-64.15725514037742,0.20083322217285746,-0.6415725514037741,-14.855591243583945,-16.413058980665877
-64.15725514037742,0.2045435340498683,-0.6415725514037741,-15.4095635935068,-17.354461500666485
-64.15725514037742,0.20825384592687915,-0.6415725514037741,-15.97367668365663,-18.172576969813086
-64.15725514037742,0.21196415780388997,-0.6415725514037741,-16.547930514033432,-18.856224108644
-64.15725514037742,0.21567446968090082,-0.6415725514037741,-17.132325084637213,-19.412457517096797
-64.15725514037742,0.21938478155791166,-0.6415725514037741,-17.72686039546797,-19.859736089300895
-64.15725514037742,0.2230950934349225,-0.6415725514037741,-18.3315364465257,-20.221513781166223
-64.15725514037742,0.22680540531193333,-0.6415725514037741,-18.946353237810403,-20.521893483016193
-64.15725514037742,0.23051571718894417,-0.6415725514037741,-19.57131076932209,-20.78343492955105
-64.15725514037742,0.23422602906595502,-0.6415725514037741,-20.20640904106075,-21.026504735831917
-64.15725514037742,0.23793634094296587,-0.6415725514037741,-20.851648053026384,-21.269463507088112
-64.15725514037742,0.2416466528199767,-0.6415725514037741,-21.50702780521899,-21.529130819305763
-64.15725514037742,0.24535696469698753,-0.6415725514037741,-22.172548297638578,-21.82113214549017
-64.15725514037742,0.24906727657399838,-0.6415725514037741,-22.84820953028514,-22.159843994132615
-64.15725514037742,0.2527775884510092,-0.6415725514037741,-23.53401150315868,-22.557735070603318
-64.15725514037742,0.25648790032802005,-0.6415725514037741,-24.229954216259188,-23.024013765450622
-64.15725514037742,0.2601982122050309,-0.6415725514037741,-24.936037669586685,-23.562702528238876
-64.15725514037742,0.26390852408204174,-0.6415725514037741,-25.652261863141145,-24.170587445286287
-64.15725514037742,0.26761883595905256,-0.6415725514037741,-26.37862679692258,-24.835837611661503
-64.15725514037742,0.27132914783606343,-0.6415725514037741,-27.115132470931,-25.538208386122612
-64.15725514037742,0.27503945971307425,-0.6415725514037741,-27.861778885166395,-26.251371197648965
-64.15725514037742,0.27874977159008507,-0.6415725514037741,-28.618566039628753,-26.94705255116665
-64.15725514037742,0.28246008346709595,-0.6415725514037741,-29.385493934318106,-27.599761559134997
-64.15725514037742,0.28617039534410676,-0.6415725514037741,-30.162562569234417,-28.190564265543326
-64.15725514037742,0.28988070722111764,-0.6415725514037741,-30.949771944377723,-28.708866571973555
-64.15725514037742,0.29359101909812846,-0.6415725514037741,-31.747122059747987,-29.15211339955829
-64.15725514037742,0.2973013309751393,-0.6415725514037741,-32.55461291534523,-29.524071267468322
-64.15725514037742,0.30101164285215015,-0.6415725514037741,-33.37224451116946,-29.83259585213289
-64.15725514037742,0.30472195472916097,-0.6415725514037741,-34.20001684722065,-30.08758562036472
-62.769378288908385,0.011607316445304631,-0.6276937828890838,-0.049248961760742616,-0.19199075574340507
-62.769378288908385,0.015317628322315471,-0.6276937828890838,-0.08576626247290617,-0.24746333596806225
-62.769378288908385,0.01902794019932631,-0.6276937828890838,-0.13234787906152473,-0.3062974680429622
-62.769378288908385,0.02273825207633715,-0.6276937828890838,-0.1889938115265983,-0.36891096290397507
-62.769378288908385,0.02644856395334799,-0.6276937828890838,-0.25570405986812694,-0.4357740924350215
-62.769378288908385,0.03015887583035883,-0.6276937828890838,-0.33247862408611056,-0.5074139631448003
-62.769378288908385,0.03386918770736967,-0.6276937828890838,-0.41931750418054936,-0.5844184287438192
-62.769378288908385,0.03757949958438051,-0.6276937828890838,-0.5162207001514431,-0.6674391717382961
-62.769378288908385,0.04128981146139135,-0.6276937828890838,-0.6231882119987917,-0.7571934710663932
-62.769378288908385,0.04500012333840219,-0.6276937828890838,-0.7402200397225955,-0.8544640436537458
-62.769378288908385,0.04871043521541303,-0.6276937828890838,-0.8673161833228543,-0.9600962081280431
-62.769378288908385,0.05242074709242387,-0.6276937828890838,-1.0044766427995682,-1.074991479728079
-62.769378288908385,0.05613105896943471,-0.6276937828890838,-1.151701418152737,-1.200096584925084
-62.769378288908385,0.05984137084644555,-0.6276937828890838,-1.3089905093823608,-1.3363868099646068
-62.769378288908385,0.06355168272345639,-0.6276937828890838,-1.4763439164884398,-1.484842607509808
-62.769378288908385,0.06726199460046722,-0.6276937828890838,-1.653761639470973,-1.6464185281218937
-62.769378288908385,0.07097230647747807,-0.6276937828890838,-1.8412436783299624,-1.8220038736821345
-62.769378288908385,0.0746826183544889,-0.6276937828890838,-2.038790033065406,-2.0123750423640336
-62.769378288908385,0.07839293023149975,-0.6276937828890838,-2.2464007036773053,-2.218140389088769
-62.769378288908385,0.08210324210851058,-0.6276937828890838,-2.464075690165659,-2.439679566734629
-62.769378288908385,0.08581355398552143,-0.6276937828890838,-2.6918149925304684,-2.6770806885214204
-62.769378288908385,0.08952386586253226,-0.6276937828890838,-2.9296186107717324,-2.9300801270685106
-62.769378288908385,0.09323417773954311,-0.6276937828890838,-3.1774865448894514,-3.19801111512019
-62.769378288908385,0.09694448961655394,-0.6276937828890838,-3.4354187948836254,-3.479768232599815
-62.769378288908385,0.10065480149356479,-0.6276937828890838,-3.7034153607542546,-3.7737950192221605
-62.769378288908385,0.10436511337057562,-0.6276937828890838,-3.9814762425013384,-4.078101060120814
-62.769378288908385,0.10807542524758647,-0.6276937828890838,-4.2696014401248785,-4.390312835781056
-62.769378288908385,0.1117857371245973,-0.6276937828890838,-4.567790953624872,-4.707759553242841
-62.769378288908385,0.11549604900160815,-0.6276937828890838,-4.876044783001321,-5.027591542193369
-62.769378288908385,0.11920636087861898,-0.6276937828890838,-5.194362928254225,-5.346925336301447
-62.769378288908385,0.12291667275562983,-0.6276937828890838,-5.522745389383585,-5.663007120938564
-62.769378288908385,0.12662698463264066,-0.6276937828890838,-5.861192166389399,-5.97338557793764
-62.769378288908385,0.1303372965096515,-0.6276937828890838,-6.209703259271668,-6.276086758524602
-62.769378288908385,0.13404760838666235,-0.6276937828890838,-6.568278668030393,-6.569787491480152
-62.769378288908385,0.13775792026367317,-0.6276937828890838,-6.9369183926655715,-6.853989553567482
-62.769378288908385,0.14146823214068402,-0.6276937828890838,-7.315622433177206,-7.129203575608574
-62.769378288908385,0.14517854401769487,-0.6276937828890838,-7.704390789565296,-7.397158277711026
-62.769378288908385,0.1488888558947057,-0.6276937828890838,-8.10322346182984,-7.661055503754781
-62.769378288908385,0.15259916777171653,-0.6276937828890838,-8.512120449970839,-7.925892075876196
-62.769378288908385,0.15630947964872738,-0.6276937828890838,-8.931081753988293,-8.198861127967213
-62.769378288908385,0.16001979152573823,-0.6276937828890838,-9.360107373882204,-8.489820130512902
-62.769378288908385,0.16373010340274907,-0.6276937828890838,-9.79919730965257,-8.81175700121535
-62.769378288908385,0.1674404152797599,-0.6276937828890838,-10.248351561299385,-9.181081958588903
-62.769378288908385,0.17115072715677074,-0.6276937828890838,-10.707570128822661,-9.617408622457498
-62.769378288908385,0.17486103903378158,-0.6276937828890838,-11.176853012222393,-10.142284883055519
-62.769378288908385,0.17857135091079243,-0.6276937828890838,-11.656200211498577,-10.776206226328801
-62.769378288908385,0.18228166278780325,-0.6276937828890838,-12.145611726651216,-11.533460525782788
-62.769378288908385,0.1859919746648141,-0.6276937828890838,-12.64508755768031,-12.415280877141349
-62.769378288908385,0.18970228654182494,-0.6276937828890838,-13.154627704585861,-13.403492353509558
-62.769378288908385,0.1934125984188358,-0.6276937828890838,-13.674232167367867,-14.458410985439125
-62.769378288908385,0.1971229102958466,-0.6276937828890838,-14.203900946026325,-15.524232506440516
-62.769378288908385,0.20083322217285746,-0.6276937828890838,-14.743634040561238,-16.541420892243973
-62.769378288908385,0.2045435340498683,-0.6276937828890838,-15.293431450972609,-17.460901090938126
-62.769378288908385,0.20825384592687915,-0.6276937828890838,-15.853293177260436,-18.25352376532158
-62.769378288908385,0.21196415780388997,-0.6276937828890838,-16.423219219424713,-18.911683979629448
-62.769378288908385,0.21567446968090082,-0.6276937828890838,-17.003209577465448,-19.44473568365427
-62.769378288908385,0.21938478155791166,-0.6276937828890838,-17.59326425138264,-19.872091428585797
-62.769378288908385,0.2230950934349225,-0.6276937828890838,-18.193383241176285,-20.21715890301802
-62.769378288908385,0.22680540531193333,-0.6276937828890838,-18.80356654684638,-20.50341857021521
-62.769378288908385,0.23051571718894417,-0.6276937828890838,-19.423814168392937,-20.752558813629776
-62.769378288908385,0.23422602906595502,-0.6276937828890838,-20.05412610581595,-20.984024543417227
-62.769378288908385,0.23793634094296587,-0.6276937828890838,-20.694502359115415,-21.215309213352512
-62.769378288908385,0.2416466528199767,-0.6276937828890838,-21.34494292829133,-21.462480342193995
-62.769378288908385,0.24535696469698753,-0.6276937828890838,-22.005447813343707,-21.74058410542514
-62.769378288908385,0.24906727657399838,-0.6276937828890838,-22.67601701427254,-22.06367237559437
-62.769378288908385,0.2527775884510092,-0.6276937828890838,-23.35665053107783,-22.44425818295008
-62.769378288908385,0.25648790032802005,-0.6276937828890838,-24.04734836375956,-22.892090852945408
-62.769378288908385,0.2601982122050309,-0.6276937828890838,-24.748110512317766,-23.412316804583536
-62.769378288908385,0.26390852408204174,-0.6276937828890838,-25.45893697675241,-24.003389785997467
-62.769378288908385,0.26761883595905256,-0.6276937828890838,-26.17982775706351,-24.655447948375166
-62.769378288908385,0.27132914783606343,-0.6276937828890838,-26.910782853251078,-25.35007038181185
-62.769378288908385,0.27503945971307425,-0.6276937828890838,-27.65180226531509,-26.06208421022399
-62.769378288908385,0.27874977159008507,-0.6276937828890838,-28.402885993255556,-26.763330804681814
-62.769378288908385,0.28246008346709595,-0.6276937828890838,-29.16403403707249,-27.427358878119616
-62.769378288908385,0.28617039534410676,-0.6276937828890838,-29.935246396765862,-28.033516288804048
-62.769378288908385,0.28988070722111764,-0.6276937828890838,-30.716523072335708,-28.569232299316337
-62.769378288908385,0.29359101909812846,-0.6276937828890838,-31.50786406378199,-29.030171598204817
-62.769378288908385,0.2973013309751393,-0.6276937828890838,-32.30926937110473,-29.41878391683059
-62.769378288908385,0.30101164285215015,-0.6276937828890838,-33.12073899430394,-29.742134682083766
-62.769378288908385,0.30472195472916097,-0.6276937828890838,-33.94227293337959,-30.009783676113578
-61.38150143743935,0.011607316445304631,-0.6138150143743935,-0.04887498503320473,-0.1639621108872833
-61.38150143743935,0.015317628322315471,-0.6138150143743935,-0.08511498811044153,-0.21938709339485407
-61.38150143743935,0.01902794019932631,-0.6138150143743935,-0.13134288271361264,-0.27817583628435316
-61.38150143743935,0.02273825207633715,-0.6138150143743935,-0.18755866884271802,-0.3407446070724791
-61.38150143743935,0.02644856395334799,-0.6138150143743935,-0.2537623464977578,-0.40756155834613295
-61.38150143743935,0.03015887583035883,-0.6138150143743935,-0.32995391567873184,-0.4791509867306807
-61.38150143743935,0.03386918770736967,-0.6138150143743935,-0.41613337638564024,-0.5560971217961386
-61.38150143743935,0.03757949958438051,-0.6138150143743935,-0.5123007286184829,-0.6390470796020999
-61.38150143743935,0.04128981146139135,-0.6138150143743935,-0.6184559723772599,-0.7287125053352728
-61.38150143743935,0.04500012333840219,-0.6138150143743935,-0.7345991076619712,-0.8258693040252634
-61.38150143743935,0.04871043521541303,-0.6138150143743935,-0.8607301344726168,-0.9313547232226156
-61.38150143743935,0.05242074709242387,-0.6138150143743935,-0.9968490528091968,-1.0460609175760662
-61.38150143743935,0.05613105896943471,-0.6138150143743935,-1.142955862671711,-1.1709240103397465
-61.38150143743935,0.05984137084644555,-0.6138150143743935,-1.2990505640601595,-1.306907597775376
-61.38150143743935,0.06355168272345639,-0.6138150143743935,-1.4651331569745425,-1.454979656086982
-61.38150143743935,0.06726199460046722,-0.6138150143743935,-1.6412036414148592,-1.6160819535358708
-61.38150143743935,0.07097230647747807,-0.6138150143743935,-1.8272620173811107,-1.791091395785412
-61.38150143743935,0.0746826183544889,-0.6138150143743935,-2.0233082848732966,-1.9807732922323658
-61.38150143743935,0.07839293023149975,-0.6138150143743935,-2.2293424438914164,-2.1857273626817983
-61.38150143743935,0.08210324210851058,-0.6138150143743935,-2.445364494435471,-2.4063284115243277
-61.38150143743935,0.08581355398552143,-0.6138150143743935,-2.67137443650546,-2.642664928892459
-61.38150143743935,0.08952386586253226,-0.6138150143743935,-2.9073722701013827,-2.8944803063635596
-61.38150143743935,0.09323417773954311,-0.6138150143743935,-3.15335799522324,-3.161122662638334
-61.38150143743935,0.09694448961655394,-0.6138150143743935,-3.4093316118710315,-3.441510171427268
-61.38150143743935,0.10065480149356479,-0.6138150143743935,-3.6752931200447576,-3.7341189492730402
-61.38150143743935,0.10436511337057562,-0.6138150143743935,-3.951242519744418,-4.036999726323789
-61.38150143743935,0.10807542524758647,-0.6138150143743935,-4.237179810970013,-4.3478275743107675
-61.38150143743935,0.1117857371245973,-0.6138150143743935,-4.533104993721541,-4.663986040923863
-61.38150143743935,0.11549604900160815,-0.6138150143743935,-4.839018067999005,-4.982683575239731
-61.38150143743935,0.11920636087861898,-0.6138150143743935,-5.154919033802402,-5.301096822071542
-61.38150143743935,0.12291667275562983,-0.6138150143743935,-5.480807891131734,-5.616533036027451
-61.38150143743935,0.12662698463264066,-0.6138150143743935,-5.816684639987,-5.926603262375916
-61.38150143743935,0.1303372965096515,-0.6138150143743935,-6.1625492803682,-6.229399511505767
-61.38150143743935,0.13404760838666235,-0.6138150143743935,-6.518401812275336,-6.523672956375306
-61.38150143743935,0.13775792026367317,-0.6138150143743935,-6.884242235708403,-6.80901579559784
-61.38150143743935,0.14146823214068402,-0.6138150143743935,-7.2600705506674075,-7.086056028542292
-61.38150143743935,0.14517854401769487,-0.6138150143743935,-7.645886757152345,-7.356680768839182
-61.38150143743935,0.1488888558947057,-0.6138150143743935,-8.041690855163218,-7.62430808989238
-61.38150143743935,0.15259916777171653,-0.6138150143743935,-8.447482844700023,-7.8942268187537
-61.38150143743935,0.15630947964872738,-0.6138150143743935,-8.863262725762764,-8.174012986903863
-61.38150143743935,0.16001979152573823,-0.6138150143743935,-9.289030498351439,-8.47400177156741
-61.38150143743935,0.16373010340274907,-0.6138150143743935,-9.72478616246605,-8.807730568974444
-61.38150143743935,0.1674404152797599,-0.6138150143743935,-10.17052971810659,-9.192154987003
-61.38150143743935,0.17115072715677074,-0.6138150143743935,-10.626261165273068,-9.647266554665421
-61.38150143743935,0.17486103903378158,-0.6138150143743935,-11.091980503965482,-10.194543103943902
-61.38150143743935,0.17857135091079243,-0.6138150143743935,-11.567687734183828,-10.853579008001404
-61.38150143743935,0.18228166278780325,-0.6138150143743935,-12.053382855928108,-11.63656772027202
-61.38150143743935,0.1859919746648141,-0.6138150143743935,-12.549065869198323,-12.541389493041404
-61.38150143743935,0.18970228654182494,-0.6138150143743935,-13.054736773994474,-13.545823779270977
-61.38150143743935,0.1934125984188358,-0.6138150143743935,-13.57039557031656,-14.606715703414034
-61.38150143743935,0.1971229102958466,-0.6138150143743935,-14.096042258164575,-15.666813983820782
-61.38150143743935,0.20083322217285746,-0.6138150143743935,-14.631676837538526,-16.66786236679627
-61.38150143743935,0.2045435340498683,-0.6138150143743935,-15.177299308438414,-17.56421035308958
-61.38150143743935,0.20825384592687915,-0.6138150143743935,-15.732909670864236,-18.33082523984559
-61.38150143743935,0.21196415780388997,-0.6138150143743935,-16.29850792481599,-18.963537126607047
-61.38150143743935,0.21567446968090082,-0.6138150143743935,-16.87409407029368,-19.47378770100391
-61.38150143743935,0.21938478155791166,-0.6138150143743935,-17.459668107297304,-19.88176275859853
-61.38150143743935,0.2230950934349225,-0.6138150143743935,-18.055230035826863,-20.210711725118315
-61.38150143743935,0.22680540531193333,-0.6138150143743935,-18.660779855882353,-20.483443029217195
-61.38150143743935,0.23051571718894417,-0.6138150143743935,-19.27631756746378,-20.720765233604475
-61.38150143743935,0.23422602906595502,-0.6138150143743935,-19.90184317057114,-20.941213513520474
-61.38150143743935,0.23793634094296587,-0.6138150143743935,-20.537356665204438,-21.16143073279328
-61.38150143743935,0.2416466528199767,-0.6138150143743935,-21.182858051363667,-21.396741310264332
-61.38150143743935,0.24535696469698753,-0.6138150143743935,-21.83834732904883,-21.66160266929871
-61.38150143743935,0.24906727657399838,-0.6138150143743935,-22.50382449825993,-21.969703856206678
-61.38150143743935,0.2527775884510092,-0.6138150143743935,-23.179289558996967,-22.333527407323707
-61.38150143743935,0.25648790032802005,-0.6138150143743935,-23.864742511259927,-22.763252276890043
-61.38150143743935,0.2601982122050309,-0.6138150143743935,-24.56018335504884,-23.26501734980913
-61.38150143743935,0.26390852408204174,-0.6138150143743935,-25.265612090363668,-23.838830239967205
-61.38150143743935,0.26761883595905256,-0.6138150143743935,-25.98102871720443,-24.47675544615929
-61.38150143743935,0.27132914783606343,-0.6138150143743935,-26.706433235571144,-25.162269350537397
-61.38150143743935,0.27503945971307425,-0.6138150143743935,-27.44182564546378,-25.871549124865297
-61.38150143743935,0.27874977159008507,-0.6138150143743935,-28.187205946882347,-26.57681404763181
-61.38150143743935,0.28246008346709595,-0.6138150143743935,-28.942574139826863,-27.25089658086009
-61.38150143743935,0.28617039534410676,-0.6138150143743935,-29.707930224297296,-27.871576101582097
-61.38150143743935,0.28988070722111764,-0.6138150143743935,-30.483274200293682,-28.42433413179621
-61.38150143743935,0.29359101909812846,-0.6138150143743935,-31.268606067815988,-28.902987429710084
-61.38150143743935,0.2973013309751393,-0.6138150143743935,-32.06392582686423,-29.308553174043453
-61.38150143743935,0.30101164285215015,-0.6138150143743935,-32.869233477438414,-29.647187196192434
-61.38150143743935,0.30472195472916097,-0.6138150143743935,-33.68452901953852,-29.92801405082615
-59.993624585970316,0.011607316445304631,-0.5999362458597032,-0.04850100830566686,-0.13472353688902516
-59.993624585970316,0.015317628322315471,-0.5999362458597032,-0.08446371374797691,-0.19008472121507736
-59.993624585970316,0.01902794019932631,-0.5999362458597032,-0.13033788636570057,-0.2488104117649106
-59.993624585970316,0.02273825207633715,-0.5999362458597032,-0.1861235261588378,-0.31131513291697144
-59.993624585970316,0.02644856395334799,-0.5999362458597032,-0.25182063312738867,-0.378064700815403
-59.993624585970316,0.03015887583035883,-0.5999362458597032,-0.3274292072713531,-0.4495803695040663
-59.993624585970316,0.03386918770736967,-0.5999362458597032,-0.41294924859073123,-0.5264424994871664
-59.993624585970316,0.03757949958438051,-0.5999362458597032,-0.5083807570855229,-0.6092933884073581
-59.993624585970316,0.04128981146139135,-0.5999362458597032,-0.6137237327557281,-0.6988387961638842
-59.993624585970316,0.04500012333840219,-0.5999362458597032,-0.728978175601347,-0.7958475750114882
-59.993624585970316,0.04871043521541303,-0.5999362458597032,-0.8541440856223795,-0.9011486845658612
-59.993624585970316,0.05242074709242387,-0.5999362458597032,-0.9892214628188255,-1.015624742830321
-59.993624585970316,0.05613105896943471,-0.5999362458597032,-1.1342103071906853,-1.1402011548365463
-59.993624585970316,0.05984137084644555,-0.5999362458597032,-1.2891106187379584,-1.2758297963198386
-59.993624585970316,0.06355168272345639,-0.5999362458597032,-1.4539223974606452,-1.423466246732777
-59.993624585970316,0.06726199460046722,-0.5999362458597032,-1.6286456433587453,-1.5840397087550235
-59.993624585970316,0.07097230647747807,-0.5999362458597032,-1.8132803564322595,-1.7584150712116082
-59.993624585970316,0.0746826183544889,-0.5999362458597032,-2.007826536681187,-1.9473471185793094
-59.993624585970316,0.07839293023149975,-0.5999362458597032,-2.2122841841055285,-2.1514276987024976
-59.993624585970316,0.08210324210851058,-0.5999362458597032,-2.426653298705283,-2.3710277345935227
-59.993624585970316,0.08581355398552143,-0.5999362458597032,-2.650933880480452,-2.6062372563159775
-59.993624585970316,0.08952386586253226,-0.5999362458597032,-2.885125929431034,-2.8568080115077414
-59.993624585970316,0.09323417773954311,-0.5999362458597032,-3.129229445557029,-3.122104481620833
-59.993624585970316,0.09694448961655394,-0.5999362458597032,-3.3832444288584385,-3.4010700078264673
-59.993624585970316,0.10065480149356479,-0.5999362458597032,-3.6471708793352615,-3.6922149100924733
-59.993624585970316,0.10436511337057562,-0.5999362458597032,-3.921008796987498,-3.993632708034421
-59.993624585970316,0.10807542524758647,-0.5999362458597032,-4.204758181815148,-4.303048712600876
-59.993624585970316,0.1117857371245973,-0.5999362458597032,-4.4984190338182115,-4.617902482474695
-59.993624585970316,0.11549604900160815,-0.5999362458597032,-4.801991352996689,-4.935462342968972
-59.993624585970316,0.11920636087861898,-0.5999362458597032,-5.115475139350579,-5.252967014197079
-59.993624585970316,0.12291667275562983,-0.5999362458597032,-5.438870392879884,-5.567787180174287
-59.993624585970316,0.12662698463264066,-0.5999362458597032,-5.772177113584602,-5.877599274516349
-59.993624585970316,0.1303372965096515,-0.5999362458597032,-6.1153953014647335,-6.180565318826892
-59.993624585970316,0.13404760838666235,-0.5999362458597032,-6.468524956520279,-6.4755163792328565
-59.993624585970316,0.13775792026367317,-0.5999362458597032,-6.831566078751237,-6.762142706913466
-59.993624585970316,0.14146823214068402,-0.5999362458597032,-7.20451866815761,-7.041200068064133
-59.993624585970316,0.14517854401769487,-0.5999362458597032,-7.5873827247393955,-7.31474785512928
-59.993624585970316,0.1488888558947057,-0.5999362458597032,-7.980158248496596,-7.586438314826623
-59.993624585970316,0.15259916777171653,-0.5999362458597032,-8.382845239429209,-7.861874303705933
-59.993624585970316,0.15630947964872738,-0.5999362458597032,-8.795443697537236,-8.1490395452653
-59.993624585970316,0.16001979152573823,-0.5999362458597032,-9.217953622820676,-8.458770476988162
-59.993624585970316,0.16373010340274907,-0.5999362458597032,-9.650375015279531,-8.80516752506046
-59.993624585970316,0.1674404152797599,-0.5999362458597032,-10.092707874913796,-9.205719392452053
-59.993624585970316,0.17115072715677074,-0.5999362458597032,-10.544952201723477,-9.680733595783451
-59.993624585970316,0.17486103903378158,-0.5999362458597032,-11.007107995708575,-10.251479441344145
-59.993624585970316,0.17857135091079243,-0.5999362458597032,-11.479175256869082,-10.936421718915748
-59.993624585970316,0.18228166278780325,-0.5999362458597032,-11.961153985205003,-11.745371280499876
-59.993624585970316,0.1859919746648141,-0.5999362458597032,-12.453044180716338,-12.672608889078477
-59.993624585970316,0.18970228654182494,-0.5999362458597032,-12.954845843403088,-13.691816318528867
-59.993624585970316,0.1934125984188358,-0.5999362458597032,-13.466558973265254,-14.75661706743246
-59.993624585970316,0.1971229102958466,-0.5999362458597032,-13.988183570302827,-15.808804516571128
-59.993624585970316,0.20083322217285746,-0.5999362458597032,-14.519719634515816,-16.791911509203942
-59.993624585970316,0.2045435340498683,-0.5999362458597032,-15.061167165904221,-17.664010361451563
-59.993624585970316,0.20825384592687915,-0.5999362458597032,-15.61252616446804,-18.40420253328618
-59.993624585970316,0.21196415780388997,-0.5999362458597032,-16.173796630207267,-19.011582354014827
-59.993624585970316,0.21567446968090082,-0.5999362458597032,-16.744978563121915,-19.49945959579897
-59.993624585970316,0.21938478155791166,-0.5999362458597032,-17.326071963211973,-19.888617378715015
-59.993624585970316,0.2230950934349225,-0.5999362458597032,-17.917076830477445,-20.202042793200295
-59.993624585970316,0.22680540531193333,-0.5999362458597032,-18.517993164918327,-20.461829322427725
-59.993624585970316,0.23051571718894417,-0.5999362458597032,-19.128820966534626,-20.68790169188397
-59.993624585970316,0.23422602906595502,-0.5999362458597032,-19.74956023532634,-20.897900207189707
-59.993624585970316,0.23793634094296587,-0.5999362458597032,-20.380210971293465,-21.107636206067586
-59.993624585970316,0.2416466528199767,-0.5999362458597032,-21.020773174436002,-21.33170323362275
-59.993624585970316,0.24535696469698753,-0.5999362458597032,-21.671246844753956,-21.583965501503954
-59.993624585970316,0.24906727657399838,-0.5999362458597032,-22.331631982247327,-21.877718234200835
-59.993624585970316,0.2527775884510092,-0.5999362458597032,-23.001928586916108,-22.22534746399895
-59.993624585970316,0.25648790032802005,-0.5999362458597032,-23.682136658760296,-22.63735849153656
-59.993624585970316,0.2601982122050309,-0.5999362458597032,-24.372256197779915,-23.120753885698807
-59.993624585970316,0.26390852408204174,-0.5999362458597032,-25.072287203974927,-23.67697338825073
-59.993624585970316,0.26761883595905256,-0.5999362458597032,-25.782229677345356,-24.299943876424848
-59.993624585970316,0.27132914783606343,-0.5999362458597032,-26.502083617891213,-24.975082305482196
-59.993624585970316,0.27503945971307425,-0.5999362458597032,-27.231849025612476,-25.680082841531515
-59.993624585970316,0.27874977159008507,-0.5999362458597032,-27.971525900509143,-26.387794536070878
-59.993624585970316,0.28246008346709595,-0.5999362458597032,-28.72111424258124,-27.070588281132906
-59.993624585970316,0.28617039534410676,-0.5999362458597032,-29.480614051828738,-27.70485053831298
-59.993624585970316,0.28988070722111764,-0.5999362458597032,-30.250025328251663,-28.274172211780943
-59.993624585970316,0.29359101909812846,-0.5999362458597032,-31.029348071849984,-28.770474396691313
-59.993624585970316,0.2973013309751393,-0.5999362458597032,-31.818582282623726,-29.19323415343498
-59.993624585970316,0.30101164285215015,-0.5999362458597032,-32.61772796057289,-29.54757718895944
-59.993624585970316,0.30472195472916097,-0.5999362458597032,-33.426785105697455,-29.842090227636863
-58.60574773450128,0.011607316445304631,-0.5860574773450128,-0.04812703157812898,-0.1042046715253615
-58.60574773450128,0.015317628322315471,-0.5860574773450128,-0.0838124393855123,-0.1594847966121129
-58.60574773450128,0.01902794019932631,-0.5860574773450128,-0.12933289001778847,-0.21812865296436734
-58.60574773450128,0.02273825207633715,-0.5860574773450128,-0.18468838347495756,-0.28054881933069997
-58.60574773450128,0.02644856395334799,-0.5860574773450128,-0.24987891975701954,-0.34720855608007795
-58.60574773450128,0.03015887583035883,-0.5860574773450128,-0.3249044988639744,-0.418625840597324
-58.60574773450128,0.03386918770736967,-0.5860574773450128,-0.4097651207958222,-0.49537691907116854
-58.60574773450128,0.03757949958438051,-0.5860574773450128,-0.5044607855525628,-0.5780990197518181
-58.60574773450128,0.04128981146139135,-0.5860574773450128,-0.6089914931341964,-0.6674917682955581
-58.60574773450128,0.04500012333840219,-0.5860574773450128,-0.7233572435407228,-0.764316727714353
-58.60574773450128,0.04871043521541303,-0.5860574773450128,-0.8475580367721421,-0.8693943592667697
-58.60574773450128,0.05242074709242387,-0.5860574773450128,-0.9815938728284543,-0.9835975768194338
-58.60574773450128,0.05613105896943471,-0.5860574773450128,-1.1254647517096594,-1.1078409628424215
-58.60574773450128,0.05984137084644555,-0.5860574773450128,-1.2791706734157573,-1.2430646545714568
-58.60574773450128,0.06355168272345639,-0.5860574773450128,-1.4427116379467482,-1.3902119284874683
-58.60574773450128,0.06726199460046722,-0.5860574773450128,-1.6160876453026316,-1.5501996533748408
-58.60574773450128,0.07097230647747807,-0.5860574773450128,-1.7992986954834085,-1.723881095687837
-58.60574773450128,0.0746826183544889,-0.5860574773450128,-1.9923447884890777,-1.9120010932010019
-58.60574773450128,0.07839293023149975,-0.5860574773450128,-2.19522592431964,-2.1151443978411137
-58.60574773450128,0.08210324210851058,-0.5860574773450128,-2.4079421029750954,-2.3336790293704412
-58.60574773450128,0.08581355398552143,-0.5860574773450128,-2.630493324455444,-2.567697730220878
-58.60574773450128,0.08952386586253226,-0.5860574773450128,-2.8628795887606846,-2.816961950286227
-58.60574773450128,0.09323417773954311,-0.5860574773450128,-3.1051008958908186,-3.08085402192121
-58.60574773450128,0.09694448961655394,-0.5860574773450128,-3.3571572458458454,-3.358344045171182
-58.60574773450128,0.10065480149356479,-0.5860574773450128,-3.619048638625765,-3.6479781998663627
-58.60574773450128,0.10436511337057562,-0.5860574773450128,-3.890775074230578,-3.94789448871039
-58.60574773450128,0.10807542524758647,-0.5860574773450128,-4.172336552660283,-4.255870186892331
-58.60574773450128,0.1117857371245973,-0.5860574773450128,-4.463733073914881,-4.569402649112253
-58.60574773450128,0.11549604900160815,-0.5860574773450128,-4.764964637994373,-4.885821997091938
-58.60574773450128,0.11920636087861898,-0.5860574773450128,-5.076031244898757,-5.202431215131403
-58.60574773450128,0.12291667275562983,-0.5860574773450128,-5.396932894628034,-5.516667078417175
-58.60574773450128,0.12662698463264066,-0.5860574773450128,-5.727669587182204,-5.826274831747578
-58.60574773450128,0.1303372965096515,-0.5860574773450128,-6.068241322561266,-6.129491078962515
-58.60574773450128,0.13404760838666235,-0.5860574773450128,-6.418648100765223,-6.4252329985470835
-58.60574773450128,0.13775792026367317,-0.5860574773450128,-6.77888992179407,-6.713297379411164
-58.60574773450128,0.14146823214068402,-0.5860574773450128,-7.148966785647812,-6.994579218601001
-58.60574773450128,0.14517854401769487,-0.5860574773450128,-7.528878692326447,-7.27132534989276
-58.60574773450128,0.1488888558947057,-0.5860574773450128,-7.9186256418299745,-7.547441556501062
-58.60574773450128,0.15259916777171653,-0.5860574773450128,-8.318207634158393,-7.82886809339539
-58.60574773450128,0.15630947964872738,-0.5860574773450128,-8.727624669311707,-8.12402194584399
-58.60574773450128,0.16001979152573823,-0.5860574773450128,-9.146876747289914,-8.444263622376448
-58.60574773450128,0.16373010340274907,-0.5860574773450128,-9.575963868093012,-8.804266299546578
-58.60574773450128,0.1674404152797599,-0.5860574773450128,-10.014886031721002,-9.222030429940526
-58.60574773450128,0.17115072715677074,-0.5860574773450128,-10.463643238173887,-9.718101387655155
-58.60574773450128,0.17486103903378158,-0.5860574773450128,-10.922235487451665,-10.313378472725196
-58.60574773450128,0.17857135091079243,-0.5860574773450128,-11.390662779554336,-11.02494468901417
-58.60574773450128,0.18228166278780325,-0.5860574773450128,-11.868925114481899,-11.859929766597793
-58.60574773450128,0.1859919746648141,-0.5860574773450128,-12.357022492234353,-12.80878867415513
-58.60574773450128,0.18970228654182494,-0.5860574773450128,-12.854954912811705,-13.841109198014372
-58.60574773450128,0.1934125984188358,-0.5860574773450128,-13.362722376213949,-14.907610669715611
-58.60574773450128,0.1971229102958466,-0.5860574773450128,-13.88032488244108,-15.949662526780182
-58.60574773450128,0.20083322217285746,-0.5860574773450128,-14.407762431493106,-16.913084222789664
-58.60574773450128,0.2045435340498683,-0.5860574773450128,-14.945035023370028,-17.75992181374109
-58.60574773450128,0.20825384592687915,-0.5860574773450128,-15.492142658071844,-18.473380655739003
-58.60574773450128,0.21196415780388997,-0.5860574773450128,-16.049085335598548,-19.055622096973277
-58.60574773450128,0.21567446968090082,-0.5860574773450128,-16.615863055950147,-19.52159931124132
-58.60574773450128,0.21938478155791166,-0.5860574773450128,-17.192475819126642,-19.892522959133018
-58.60574773450128,0.2230950934349225,-0.5860574773450128,-17.778923625128026,-20.191022159116102
-58.60574773450128,0.22680540531193333,-0.5860574773450128,-18.3752064739543,-20.43843918858154
-58.60574773450128,0.23051571718894417,-0.5860574773450128,-18.98132436560547,-20.65381513358531
-58.60574773450128,0.23422602906595502,-0.5860574773450128,-19.597277300081537,-20.85391288764422
-58.60574773450128,0.23793634094296587,-0.5860574773450128,-20.223065277382496,-21.053733458814627
-58.60574773450128,0.2416466528199767,-0.5860574773450128,-20.85868829750834,-21.267154537411123
-58.60574773450128,0.24535696469698753,-0.5860574773450128,-21.504146360459085,-21.50744707043742
-58.60574773450128,0.24906727657399838,-0.5860574773450128,-22.15943946623472,-21.787488061944856
-58.60574773450128,0.2527775884510092,-0.5860574773450128,-22.824567614835253,-22.119509519785822
-58.60574773450128,0.25648790032802005,-0.5860574773450128,-23.499530806260665,-22.51424827785121
-58.60574773450128,0.2601982122050309,-0.5860574773450128,-24.18432904051099,-22.97944623134674
-58.60574773450128,0.26390852408204174,-0.5860574773450128,-24.87896231758619,-23.51784854638595
-58.60574773450128,0.26761883595905256,-0.5860574773450128,-25.583430637486284,-24.125162494275948
-58.60574773450128,0.27132914783606343,-0.5860574773450128,-26.297734000211285,-24.7887601813948
-58.60574773450128,0.27503945971307425,-0.5860574773450128,-27.02187240576117,-25.487990593813805
-58.60574773450128,0.27874977159008507,-0.5860574773450128,-27.75584585413594,-26.196568577683205
-58.60574773450128,0.28246008346709595,-0.5860574773450128,-28.49965434533562,-26.88666352439272
-58.60574773450128,0.28617039534410676,-0.5860574773450128,-29.253297879360176,-27.533467521367584
-58.60574773450128,0.28988070722111764,-0.5860574773450128,-30.016776456209644,-28.118766498642714
-58.60574773450128,0.29359101909812846,-0.5860574773450128,-30.790090075883985,-28.632560508042726
-58.60574773450128,0.2973013309751393,-0.5860574773450128,-31.57323873838323,-29.07268985740791
-58.60574773450128,0.30101164285215015,-0.5860574773450128,-32.36622244370737,-29.443130351465967
-58.60574773450128,0.30472195472916097,-0.5860574773450128,-33.169041191856394,-29.75182310350463
-57.21787088303225,0.011607316445304631,-0.5721787088303225,-0.04775305485059111,-0.07233142036583495
-57.21787088303225,0.015317628322315471,-0.5721787088303225,-0.08316116502304768,-0.12751214670738542
-57.21787088303225,0.01902794019932631,-0.5721787088303225,-0.1283278936698764,-0.18605425366746897
-57.21787088303225,0.02273825207633715,-0.5721787088303225,-0.1832532407910773,-0.24836816973288012
-57.21787088303225,0.02644856395334799,-0.5721787088303225,-0.24793720638665043,-0.3149143786735895
-57.21787088303225,0.03015887583035883,-0.5721787088303225,-0.3223797904565957,-0.38620734650754396
-57.21787088303225,0.03386918770736967,-0.5721787088303225,-0.4065809930009132,-0.4628189603202719
-57.21787088303225,0.03757949958438051,-0.5721787088303225,-0.5005408140196028,-0.5453811297875328
-57.21787088303225,0.04128981146139135,-0.5721787088303225,-0.6042592535126646,-0.6345871007220751
-57.21787088303225,0.04500012333840219,-0.5721787088303225,-0.7177363114800986,-0.7311909155384193
-57.21787088303225,0.04871043521541303,-0.5721787088303225,-0.8409719879219048,-0.8360043337187275
-57.21787088303225,0.05242074709242387,-0.5721787088303225,-0.9739662828380832,-0.949890406424226
-57.21787088303225,0.05613105896943471,-0.5721787088303225,-1.1167191962286336,-1.0737527999533734
-57.21787088303225,0.05984137084644555,-0.5721787088303225,-1.2692307280935562,-1.2085199073139419
-57.21787088303225,0.06355168272345639,-0.5721787088303225,-1.4315008784328511,-1.355122809064922
-57.21787088303225,0.06726199460046722,-0.5721787088303225,-1.6035296472465177,-1.514466285393824
-57.21787088303225,0.07097230647747807,-0.5721787088303225,-1.7853170345345573,-1.6873923879847357
-57.21787088303225,0.0746826183544889,-0.5721787088303225,-1.9768630402969685,-1.8746365979385555
-57.21787088303225,0.07839293023149975,-0.5721787088303225,-2.178167664533752,-2.0767773571248984
-57.21787088303225,0.08210324210851058,-0.5721787088303225,-2.3892309072449076,-2.294180767778286
-57.21787088303225,0.08581355398552143,-0.5721787088303225,-2.6100527684304358,-2.5269434630494203
-57.21787088303225,0.08952386586253226,-0.5721787088303225,-2.840633248090336,-2.774837947180513
-57.21787088303225,0.09323417773954311,-0.5721787088303225,-3.0809723462246077,-3.0372659005608122
-57.21787088303225,0.09694448961655394,-0.5721787088303225,-3.3310700628332524,-3.3132257903302547
-57.21787088303225,0.10065480149356479,-0.5721787088303225,-3.590926397916269,-3.6013013436969508
-57.21787088303225,0.10436511337057562,-0.5721787088303225,-3.8605413514736573,-3.8996767934738257
-57.21787088303225,0.10807542524758647,-0.5721787088303225,-4.139914923505419,-4.206183189314194
-57.21787088303225,0.1117857371245973,-0.5721787088303225,-4.429047114011551,-4.5183775947377836
-57.21787088303225,0.11549604900160815,-0.5721787088303225,-4.727937922992057,-4.833654030595442
-57.21787088303225,0.11920636087861898,-0.5721787088303225,-5.0365873504469345,-5.149382185704138
-57.21787088303225,0.12291667275562983,-0.5721787088303225,-5.354995396376184,-5.4630679255751
-57.21787088303225,0.12662698463264066,-0.5721787088303225,-5.683162060779806,-5.772529173633302
-57.21787088303225,0.1303372965096515,-0.5721787088303225,-6.0210873436578,-6.076082265388748
-57.21787088303225,0.13404760838666235,-0.5721787088303225,-6.368771245010167,-6.372737454718229
-57.21787088303225,0.13775792026367317,-0.5721787088303225,-6.726213764836904,-6.662407495579989
-57.21787088303225,0.14146823214068402,-0.5721787088303225,-7.093414903138015,-6.94613924320816
-57.21787088303225,0.14517854401769487,-0.5721787088303225,-7.470374659913497,-7.226383506902102
-57.21787088303225,0.1488888558947057,-0.5721787088303225,-7.857093035163353,-7.507320450149568
-57.21787088303225,0.15259916777171653,-0.5721787088303225,-8.253570028887578,-7.795252407186303
-57.21787088303225,0.15630947964872738,-0.5721787088303225,-8.659805641086178,-8.09905573671385
-57.21787088303225,0.16001979152573823,-0.5721787088303225,-9.07579987175915,-8.43063648577013
-57.21787088303225,0.16373010340274907,-0.5721787088303225,-9.501552720906494,-8.805245297975679
-57.21787088303225,0.1674404152797599,-0.5721787088303225,-9.937064188528208,-9.24136209931853
-57.21787088303225,0.17115072715677074,-0.5721787088303225,-10.382334274624295,-9.759673404517942
-57.21787088303225,0.17486103903378158,-0.5721787088303225,-10.837362979194758,-10.380522111425817
-57.21787088303225,0.17857135091079243,-0.5721787088303225,-11.302150302239589,-11.119334030204572
-57.21787088303225,0.18228166278780325,-0.5721787088303225,-11.776696243758794,-11.98025391718541
-57.21787088303225,0.1859919746648141,-0.5721787088303225,-12.261000803752369,-12.949714099409523
-57.21787088303225,0.18970228654182494,-0.5721787088303225,-12.75506398222032,-13.993276097793283
-57.21787088303225,0.1934125984188358,-0.5721787088303225,-13.258885779162643,-15.059141350736033
-57.21787088303225,0.1971229102958466,-0.5721787088303225,-13.772466194579332,-16.088818108697282
-57.21787088303225,0.20083322217285746,-0.5721787088303225,-14.295805228470396,-17.03088746439753
-57.21787088303225,0.2045435340498683,-0.5721787088303225,-14.828902880835836,-17.851567297615397
-57.21787088303225,0.20825384592687915,-0.5721787088303225,-15.371759151675647,-18.538089641896907
-57.21787088303225,0.21196415780388997,-0.5721787088303225,-15.924374040989825,-19.09546281816856
-57.21787088303225,0.21567446968090082,-0.5721787088303225,-16.486747548778382,-19.54005670458213
-57.21787088303225,0.21938478155791166,-0.5721787088303225,-17.058879675041307,-19.89334735323241
-57.21787088303225,0.2230950934349225,-0.5721787088303225,-17.640770419778605,-20.177519107470665
-57.21787088303225,0.22680540531193333,-0.5721787088303225,-18.232419782990274,-20.413133329026913
-57.21787088303225,0.23051571718894417,-0.5721787088303225,-18.833827764676318,-20.618351626964916
-57.21787088303225,0.23422602906595502,-0.5721787088303225,-19.444994364836734,-20.809079243842127
-57.21787088303225,0.23793634094296587,-0.5721787088303225,-20.065919583471523,-20.999529847697413
-57.21787088303225,0.2416466528199767,-0.5721787088303225,-20.69660342058068,-21.202882648175766
-57.21787088303225,0.24535696469698753,-0.5721787088303225,-21.33704587616421,-21.431819124084836
-57.21787088303225,0.24906727657399838,-0.5721787088303225,-21.987246950222115,-21.698779650585834
-57.21787088303225,0.2527775884510092,-0.5721787088303225,-22.647206642754394,-22.015792762370456
-57.21787088303225,0.25648790032802005,-0.5721787088303225,-23.316924953761035,-22.393740695642798
-57.21787088303225,0.2601982122050309,-0.5721787088303225,-23.996401883242065,-22.84098610090176
-57.21787088303225,0.26390852408204174,-0.5721787088303225,-24.685637431197453,-23.36145059273237
-57.21787088303225,0.26761883595905256,-0.5721787088303225,-25.38463159762721,-23.95252513653113
-57.21787088303225,0.27132914783606343,-0.5721787088303225,-26.093384382531355,-24.603525007637252
-57.21787088303225,0.27503945971307425,-0.5721787088303225,-26.81189578590986,-25.295561868629935
-57.21787088303225,0.27874977159008507,-0.5721787088303225,-27.540165807762737,-26.003432470674838
-57.21787088303225,0.28246008346709595,-0.5721787088303225,-28.278194448089998,-26.69936491865592
-57.21787088303225,0.28617039534410676,-0.5721787088303225,-29.025981706891617,-27.357574877799035
-57.21787088303225,0.28988070722111764,-0.5721787088303225,-29.783527584167622,-27.95815702812268
-57.21787088303225,0.29359101909812846,-0.5721787088303225,-30.550832079917985,-28.48918935413617
-57.21787088303225,0.2973013309751393,-0.5721787088303225,-31.327895194142727,-28.946792454737498
-57.21787088303225,0.30101164285215015,-0.5721787088303225,-32.11471692684185,-29.333675361097814
-57.21787088303225,0.30472195472916097,-0.5721787088303225,-32.911297278015326,-29.657021733254492
-55.82999403156321,0.011607316445304631,-0.5582999403156321,-0.047379078123053225,-0.039025807244023936
-55.82999403156321,0.015317628322315471,-0.5582999403156321,-0.08250989066058306,-0.09408770235158603
-55.82999403156321,0.01902794019932631,-0.5582999403156321,-0.12732289732196433,-0.15250700059098654
-55.82999403156321,0.02273825207633715,-0.5582999403156321,-0.18181809810719707,-0.21469177408808027
-55.82999403156321,0.02644856395334799,-0.5582999403156321,-0.24599549301628132,-0.2810995084320014
-55.82999403156321,0.03015887583035883,-0.5582999403156321,-0.319855082049217,-0.3522409237180495
-55.82999403156321,0.03386918770736967,-0.5582999403156321,-0.4033968652060042,-0.4286833044155831
-55.82999403156321,0.03757949958438051,-0.5582999403156321,-0.4966208424866428,-0.511052995052786
-55.82999403156321,0.04128981146139135,-0.5582999403156321,-0.5995270138911329,-0.6000366201325795
-55.82999403156321,0.04500012333840219,-0.5582999403156321,-0.7121153794194744,-0.6963804759225021
-55.82999403156321,0.04871043521541303,-0.5582999403156321,-0.8343859390716675,-0.8008874242528556
-55.82999403156321,0.05242074709242387,-0.5582999403156321,-0.9663386928477119,-0.9144105042461315
-55.82999403156321,0.05613105896943471,-0.5582999403156321,-1.1079736407476077,-1.0378423831470254
-55.82999403156321,0.05984137084644555,-0.5582999403156321,-1.259290782771355,-1.172099715845622
-55.82999403156321,0.06355168272345639,-0.5582999403156321,-1.420290118918954,-1.3181015064006651
-55.82999403156321,0.06726199460046722,-0.5582999403156321,-1.590971649190404,-1.4767407038539104
-55.82999403156321,0.07097230647747807,-0.5582999403156321,-1.771335373585706,-1.6488485637942494
-55.82999403156321,0.0746826183544889,-0.5582999403156321,-1.961381292104859,-1.835151809845548
-55.82999403156321,0.07839293023149975,-0.5582999403156321,-2.161109404747864,-2.036223366357887
-55.82999403156321,0.08210324210851058,-0.5582999403156321,-2.37051971151472,-2.25242840789664
-55.82999403156321,0.08581355398552143,-0.5582999403156321,-2.5896122124054277,-2.483868639107166
-55.82999403156321,0.08952386586253226,-0.5582999403156321,-2.8183869074199865,-2.7303289734583904
-55.82999403156321,0.09323417773954311,-0.5582999403156321,-3.056843796558397,-2.991231943280733
-55.82999403156321,0.09694448961655394,-0.5582999403156321,-3.3049828798206593,-3.265606007185359
-55.82999403156321,0.10065480149356479,-0.5582999403156321,-3.5628041572067723,-3.552074160021576
-55.82999403156321,0.10436511337057562,-0.5582999403156321,-3.8303076287167372,-3.8488686700038004
-55.82999403156321,0.10807542524758647,-0.5582999403156321,-4.107493294350554,-4.153876265748081
-55.82999403156321,0.1117857371245973,-0.5582999403156321,-4.394361154108221,-4.464715774600002
-55.82999403156321,0.11549604900160815,-0.5582999403156321,-4.690911207989741,-4.778847422909072
-55.82999403156321,0.11920636087861898,-0.5582999403156321,-4.997143455995112,-5.0937103251025055
-55.82999403156321,0.12291667275562983,-0.5582999403156321,-5.313057898124335,-5.4068828128757325
-55.82999403156321,0.12662698463264066,-0.5582999403156321,-5.638654534377408,-5.716259851614713
-55.82999403156321,0.1303372965096515,-0.5582999403156321,-5.973933364754333,-6.020243301508832
-55.82999403156321,0.13404760838666235,-0.5582999403156321,-6.31889438925511,-6.317944278965765
-55.82999403156321,0.13775792026367317,-0.5582999403156321,-6.673537607879737,-6.609401966862337
-55.82999403156321,0.14146823214068402,-0.5582999403156321,-7.037863020628217,-6.8958289716408645
-55.82999403156321,0.14517854401769487,-0.5582999403156321,-7.411870627500548,-7.179898077263432
-55.82999403156321,0.1488888558947057,-0.5582999403156321,-7.7955604284967315,-7.4660861982953906
-55.82999403156321,0.15259916777171653,-0.5582999403156321,-8.188932423616764,-7.761083667415117
-55.82999403156321,0.15630947964872738,-0.5582999403156321,-8.59198661286065,-8.074252550608536
-55.82999403156321,0.16001979152573823,-0.5582999403156321,-9.004722996228388,-8.418063804774595
-55.82999403156321,0.16373010340274907,-0.5582999403156321,-9.427141573719977,-8.808343855810254
-55.82999403156321,0.1674404152797599,-0.5582999403156321,-9.859242345335414,-9.264006762778017
-55.82999403156321,0.17115072715677074,-0.5582999403156321,-10.301025311074705,-9.805762368415175
-55.82999403156321,0.17486103903378158,-0.5582999403156321,-10.75249047093785,-10.453184228941796
-55.82999403156321,0.17857135091079243,-0.5582999403156321,-11.213637824924843,-11.219743817777715
-55.82999403156321,0.18228166278780325,-0.5582999403156321,-11.684467373035687,-12.106298180852612
-55.82999403156321,0.1859919746648141,-0.5582999403156321,-12.164979115270384,-13.095099694625699
-55.82999403156321,0.18970228654182494,-0.5582999403156321,-12.655173051628935,-14.147822950654268
-55.82999403156321,0.1934125984188358,-0.5582999403156321,-13.155049182111336,-15.210605003961664
-55.82999403156321,0.1971229102958466,-0.5582999403156321,-13.664607506717585,-16.225676783044516
-55.82999403156321,0.20083322217285746,-0.5582999403156321,-14.183848025447688,-17.144822777482627
-55.82999403156321,0.2045435340498683,-0.5582999403156321,-14.712770738301643,-17.93857358557142
-55.82999403156321,0.20825384592687915,-0.5582999403156321,-15.25137564527945,-18.598065654785966
-55.82999403156321,0.21196415780388997,-0.5582999403156321,-15.799662746381104,-19.130915357617432
-55.82999403156321,0.21567446968090082,-0.5582999403156321,-16.357632041606614,-19.554683519433272
-55.82999403156321,0.21938478155791166,-0.5582999403156321,-16.925283530955976,-19.890958401890334
-55.82999403156321,0.2230950934349225,-0.5582999403156321,-17.502617214429186,-20.16140188341778
-55.82999403156321,0.22680540531193333,-0.5582999403156321,-18.089633092026247,-20.385771097721825
-55.82999403156321,0.23051571718894417,-0.5582999403156321,-18.686331163747163,-20.581356043796887
-55.82999403156321,0.23422602906595502,-0.5582999403156321,-19.29271142959193,-20.76322610268021
-55.82999403156321,0.23793634094296587,-0.5582999403156321,-19.90877388956055,-20.944832074266294
-55.82999403156321,0.2416466528199767,-0.5582999403156321,-20.534518543653014,-21.138674017004167
-55.82999403156321,0.24535696469698753,-0.5582999403156321,-21.169945391869337,-21.356851065029566
-55.82999403156321,0.24906727657399838,-0.5582999403156321,-21.81505443420951,-21.611353944146213
-55.82999403156321,0.2527775884510092,-0.5582999403156321,-22.469845670673536,-21.913965848596874
-55.82999403156321,0.25648790032802005,-0.5582999403156321,-23.134319101261404,-22.275636983819822
-55.82999403156321,0.2601982122050309,-0.5582999403156321,-23.80847472597314,-22.705239013246917
-55.82999403156321,0.26390852408204174,-0.5582999403156321,-24.492312544808712,-23.20774112851648
-55.82999403156321,0.26761883595905256,-0.5582999403156321,-25.185832557768137,-23.78210982139363
-55.82999403156321,0.27132914783606343,-0.5582999403156321,-25.889034764851424,-24.419567575225223
-55.82999403156321,0.27503945971307425,-0.5582999403156321,-26.601919166058554,-25.103066594489658
-55.82999403156321,0.27874977159008507,-0.5582999403156321,-27.324485761389532,-25.808678377506634
-55.82999403156321,0.28246008346709595,-0.5582999403156321,-28.056734550844375,-26.508944940973414
-55.82999403156321,0.28617039534410676,-0.5582999403156321,-28.798665534423055,-27.17733875786392
-55.82999403156321,0.28988070722111764,-0.5582999403156321,-29.550278712125603,-27.792403862446683
-55.82999403156321,0.29359101909812846,-0.5582999403156321,-30.311574083951985,-28.340321026883707
-55.82999403156321,0.2973013309751393,-0.5582999403156321,-31.082551649902225,-28.815424537714605
-55.82999403156321,0.30101164285215015,-0.5582999403156321,-31.863211409976326,-29.219045029105988
-55.82999403156321,0.30472195472916097,-0.5582999403156321,-32.653553364174265,-29.55749416009212
-54.44211718009418,0.011607316445304631,-0.5444211718009417,-0.04700510139551535,-0.004205827626802661
-54.44211718009418,0.015317628322315471,-0.5444211718009417,-0.08185861629811844,-0.059128355207057615
-54.44211718009418,0.01902794019932631,-0.5444211718009417,-0.12631790097405227,-0.1174026347045729
-54.44211718009418,0.02273825207633715,-0.5444211718009417,-0.18038295542331684,-0.17943417502953918
-54.44211718009418,0.02644856395334799,-0.5444211718009417,-0.24405377964591218,-0.24567724201903185
-54.44211718009418,0.03015887583035883,-0.5444211718009417,-0.3173303736418383,-0.3166385762547328
-54.44211718009418,0.03386918770736967,-0.5444211718009417,-0.4002127374110952,-0.3928806181875857
-54.44211718009418,0.03757949958438051,-0.5444211718009417,-0.49270087095368276,-0.47502390406308304
-54.44211718009418,0.04128981146139135,-0.5444211718009417,-0.5947947742696011,-0.5637482005235539
-54.44211718009418,0.04500012333840219,-0.5444211718009417,-0.7064944473588503,-0.6597918386255104
-54.44211718009418,0.04871043521541303,-0.5444211718009417,-0.8277998902214301,-0.7639485947293208
-54.44211718009418,0.05242074709242387,-0.5444211718009417,-0.9587111028573407,-0.8770613560905043
-54.44211718009418,0.05613105896943471,-0.5444211718009417,-1.0992280852665821,-1.0000117186860107
-54.44211718009418,0.05984137084644555,-0.5444211718009417,-1.2493508374491542,-1.1337046167593285
-54.44211718009418,0.06355168272345639,-0.5444211718009417,-1.409079359405057,-1.279047108684814
-54.44211718009418,0.06726199460046722,-0.5444211718009417,-1.5784136511342903,-1.4369205804205778
-54.44211718009418,0.07097230647747807,-0.5444211718009417,-1.7573537126368548,-1.6081459190762037
-54.44211718009418,0.0746826183544889,-0.5444211718009417,-1.9458995439127498,-1.7934416964625732
-54.44211718009418,0.07839293023149975,-0.5444211718009417,-2.1440511449619755,-1.9933761154569825
-54.44211718009418,0.08210324210851058,-0.5444211718009417,-2.351808515784532,-2.2083144135069492
-54.44211718009418,0.08581355398552143,-0.5444211718009417,-2.5691716563804197,-2.438364546535917
-54.44211718009418,0.08952386586253226,-0.5444211718009417,-2.7961405667496377,-2.683325191933256
-54.44211718009418,0.09323417773954311,-0.5444211718009417,-3.0327152468921863,-2.942641242676347
-54.44211718009418,0.09694448961655394,-0.5444211718009417,-3.278895696808066,-3.215372789075624
-54.44211718009418,0.10065480149356479,-0.5444211718009417,-3.5346819164972763,-3.5001838488043093
-54.44211718009418,0.10436511337057562,-0.5444211718009417,-3.800073905959817,-3.7953565946322483
-54.44211718009418,0.10807542524758647,-0.5444211718009417,-4.07507166519569,-4.0988354430160605
-54.44211718009418,0.1117857371245973,-0.5444211718009417,-4.3596751942048915,-4.408303198228709
-54.44211718009418,0.11549604900160815,-0.5444211718009417,-4.653884492987426,-4.721288825303672
-54.44211718009418,0.11920636087861898,-0.5444211718009417,-4.957699561543289,-5.035303898308986
-54.44211718009418,0.12291667275562983,-0.5444211718009417,-5.271120399872484,-5.348003010849609
-54.44211718009418,0.12662698463264066,-0.5444211718009417,-5.5941470079750095,-5.657363085759892
-54.44211718009418,0.1303372965096515,-0.5444211718009417,-5.926779385850866,-5.961878015774865
-54.44211718009418,0.13404760838666235,-0.5444211718009417,-6.269017533500054,-6.260768478236328
-54.44211718009418,0.13775792026367317,-0.5444211718009417,-6.62086145092257,-6.5542116863347255
-54.44211718009418,0.14146823214068402,-0.5444211718009417,-6.98231113811842,-6.843601262515671
-54.44211718009418,0.14517854401769487,-0.5444211718009417,-7.353366595087599,-7.131851518563372
-54.44211718009418,0.1488888558947057,-0.5444211718009417,-7.73402782183011,-7.423760043048214
-54.44211718009418,0.15259916777171653,-0.5444211718009417,-8.124294818345948,-7.726432197502247
-54.44211718009418,0.15630947964872738,-0.5444211718009417,-8.524167584635121,-8.049741885005151
-54.44211718009418,0.16001979152573823,-0.5444211718009417,-8.933646120697624,-8.406741314802645
-54.44211718009418,0.16373010340274907,-0.5444211718009417,-9.352730426533459,-8.813822958692699
-54.44211718009418,0.1674404152797599,-0.5444211718009417,-9.78142050214262,-9.290274214500613
-54.44211718009418,0.17115072715677074,-0.5444211718009417,-10.219716347525114,-9.85668676949628
-54.44211718009418,0.17486103903378158,-0.5444211718009417,-10.667617962680941,-10.531624170511552
-54.44211718009418,0.17857135091079243,-0.5444211718009417,-11.125125347610096,-11.326287321580015
-54.44211718009418,0.18228166278780325,-0.5444211718009417,-11.592238502312583,-12.237951928535221
-54.44211718009418,0.1859919746648141,-0.5444211718009417,-12.0689574267884,-13.244583447388981
-54.44211718009418,0.18970228654182494,-0.5444211718009417,-12.55528212103755,-14.304186860795388
-54.44211718009418,0.1934125984188358,-0.5444211718009417,-13.05121258506003,-15.361351474555805
-54.44211718009418,0.1971229102958466,-0.5444211718009417,-13.556748818855837,-16.359623906997836
-54.44211718009418,0.20083322217285746,-0.5444211718009417,-14.071890822424978,-17.254390040069758
-54.44211718009418,0.2045435340498683,-0.5444211718009417,-14.59663859576745,-18.020573913484494
-54.44211718009418,0.20825384592687915,-0.5444211718009417,-15.130992138883254,-18.65305201751768
-54.44211718009418,0.21196415780388997,-0.5444211718009417,-15.674951451772383,-19.161795228026982
-54.44211718009418,0.21567446968090082,-0.5444211718009417,-16.22851653443485,-19.565333332026036
-54.44211718009418,0.21938478155791166,-0.5444211718009417,-16.791687386870645,-19.88522373177474
-54.44211718009418,0.2230950934349225,-0.5444211718009417,-17.364464009079768,-20.142537425312426
-54.44211718009418,0.22680540531193333,-0.5444211718009417,-17.94684640106222,-20.356210200075488
-54.44211718009418,0.23051571718894417,-0.5444211718009417,-18.53883456281801,-20.54267174649261
-54.44211718009418,0.23422602906595502,-0.5444211718009417,-19.140428494347127,-20.71617913874741
-54.44211718009418,0.23793634094296587,-0.5444211718009417,-19.751628195649577,-20.88944597815767
-54.44211718009418,0.2416466528199767,-0.5444211718009417,-20.372433666725353,-21.074314093454877
-54.44211718009418,0.24535696469698753,-0.5444211718009417,-21.002844907574463,-21.282310239776447
-54.44211718009418,0.24906727657399838,-0.5444211718009417,-21.642861918196903,-21.52496727431139
-54.44211718009418,0.2527775884510092,-0.5444211718009417,-22.29248469859268,-21.81378822631477
-54.44211718009418,0.25648790032802005,-0.5444211718009417,-22.951713248761777,-22.15972238791252
-54.44211718009418,0.2601982122050309,-0.5444211718009417,-23.620547568704218,-22.572046270066604
-54.44211718009418,0.26390852408204174,-0.5444211718009417,-24.298987658419975,-23.0566499176419
-54.44211718009418,0.26761883595905256,-0.5444211718009417,-24.98703351790906,-23.613958820954185
-54.44211718009418,0.27132914783606343,-0.5444211718009417,-25.684685147171496,-24.237045621887688
-54.44211718009418,0.27503945971307425,-0.5444211718009417,-26.39194254620725,-24.91075167477309
-54.44211718009418,0.27874977159008507,-0.5444211718009417,-27.10880571501633,-25.612590225487793
-54.44211718009418,0.28246008346709595,-0.5444211718009417,-27.835274653598756,-26.31566248249824
-54.44211718009418,0.28617039534410676,-0.5444211718009417,-28.571349361954496,-26.992941670779842
-54.44211718009418,0.28988070722111764,-0.5444211718009417,-29.317029840083585,-27.621586711853723
-54.44211718009418,0.29359101909812846,-0.5444211718009417,-30.072316087985985,-28.18593285497729
-54.44211718009418,0.2973013309751393,-0.5444211718009417,-30.837208105661723,-28.678480335529464
-54.44211718009418,0.30101164285215015,-0.5444211718009417,-31.611705893110802,-29.099077495935827
-54.44211718009418,0.30472195472916097,-0.5444211718009417,-32.395809450333196,-29.453048332870008
-53.05424032862514,0.011607316445304631,-0.5305424032862515,-0.046631124667977475,0.03221469307678082
-53.05424032862514,0.015317628322315471,-0.5305424032862515,-0.08120734193565382,-0.02254682018678955
-53.05424032862514,0.01902794019932631,-0.5305424032862515,-0.1253129046261402,-0.08065271833072196
-53.05424032862514,0.02273825207633715,-0.5305424032862515,-0.17894781273943658,-0.142505740186462
-53.05424032862514,0.02644856395334799,-0.5305424032862515,-0.24211206627554308,-0.20855671107947837
-53.05424032862514,0.03015887583035883,-0.5305424032862515,-0.3148056652344596,-0.27930816029124084
-53.05424032862514,0.03386918770736967,-0.5305424032862515,-0.3970286096161862,-0.3553174458185635
-53.05424032862514,0.03757949958438051,-0.5305424032862515,-0.4887808994207227,-0.43719905676692083
-53.05424032862514,0.04128981146139135,-0.5305424032862515,-0.5900625346480693,-0.5256256710637797
-53.05424032862514,0.04500012333840219,-0.5305424032862515,-0.7008735152982261,-0.6213274426435043
-53.05424032862514,0.04871043521541303,-0.5305424032862515,-0.8212138413711928,-0.7250888831233546
-53.05424032862514,0.05242074709242387,-0.5305424032862515,-0.9510835128669695,-0.83774259779934
-53.05424032862514,0.05613105896943471,-0.5305424032862515,-1.0904825297855563,-0.9601590497243502
-53.05424032862514,0.05984137084644555,-0.5305424032862515,-1.239410892126953,-1.0932314807908188
-53.05424032862514,0.06355168272345639,-0.5305424032862515,-1.39786859989116,-1.2378551448593431
-53.05424032862514,0.06726199460046722,-0.5305424032862515,-1.5658556530781764,-1.3949001418795224
-53.05424032862514,0.07097230647747807,-0.5305424032862515,-1.7433720516880036,-1.5651774248622832
-53.05424032862514,0.0746826183544889,-0.5305424032862515,-1.9304177957206403,-1.7493980232194846
-53.05424032862514,0.07839293023149975,-0.5305424032862515,-2.1269928851760875,-1.9481262147630736
-53.05424032862514,0.08210324210851058,-0.5305424032862515,-2.3330973200543443,-2.1617282876917363
-53.05424032862514,0.08581355398552143,-0.5305424032862515,-2.5487311003554116,-2.39031962471036
-53.05424032862514,0.08952386586253226,-0.5305424032862515,-2.7738942260792885,-2.6337140188728525
-53.05424032862514,0.09323417773954311,-0.5305424032862515,-3.008586697225976,-2.891380235632285
-53.05424032862514,0.09694448961655394,-0.5305424032862515,-3.2528085137954728,-3.1624116531932964
-53.05424032862514,0.10065480149356479,-0.5305424032862515,-3.50655967578778,-3.4455151049125003
-53.05424032862514,0.10436511337057562,-0.5305424032862515,-3.769840183202897,-3.739024607540241
-53.05424032862514,0.10807542524758647,-0.5305424032862515,-4.042650036040825,-4.04094438988759
-53.05424032862514,0.1117857371245973,-0.5305424032862515,-4.324989234301562,-4.349023621868336
-53.05424032862514,0.11549604900160815,-0.5305424032862515,-4.61685777798511,-4.660862792641996
-53.05424032862514,0.11920636087861898,-0.5305424032862515,-4.918255667091467,-4.974049318189423
-53.05424032862514,0.12291667275562983,-0.5305424032862515,-5.229182901620635,-5.286318316962182
-53.05424032862514,0.12662698463264066,-0.5305424032862515,-5.549639481572612,-5.595734198521678
-53.05424032862514,0.1303372965096515,-0.5305424032862515,-5.879625406947399,-5.900890188645746
-53.05424032862514,0.13404760838666235,-0.5305424032862515,-6.219140677744997,-6.2011262295130365
-53.05424032862514,0.13775792026367317,-0.5305424032862515,-6.568185293965404,-6.496770410716938
-53.05424032862514,0.14146823214068402,-0.5305424032862515,-6.926759255608622,-6.789414115469748
-53.05424032862514,0.14517854401769487,-0.5305424032862515,-7.294862562674649,-7.082234371368741
-53.05424032862514,0.1488888558947057,-0.5305424032862515,-7.6724952151634875,-7.380374911438547
-53.05424032862514,0.15259916777171653,-0.5305424032862515,-8.059657213075134,-7.691384072051545
-53.05424032862514,0.15630947964872738,-0.5305424032862515,-8.456348556409592,-8.02567296272061
-53.05424032862514,0.16001979152573823,-0.5305424032862515,-8.862569245166862,-8.396887215355893
-53.05424032862514,0.16373010340274907,-0.5305424032862515,-9.27831927934694,-8.82196563187592
-53.05424032862514,0.1674404152797599,-0.5305424032862515,-9.703598658949824,-9.32049006482655
-53.05424032862514,0.17115072715677074,-0.5305424032862515,-10.138407383975522,-9.912766345525371
-53.05424032862514,0.17486103903378158,-0.5305424032862515,-10.582745454424034,-10.616079082100358
-53.05424032862514,0.17857135091079243,-0.5305424032862515,-11.03661287029535,-11.4390273508886
-53.05424032862514,0.18228166278780325,-0.5305424032862515,-11.500009631589478,-12.37503057392188
-53.05424032862514,0.1859919746648141,-0.5305424032862515,-11.972935738306415,-13.397721813784742
-53.05424032862514,0.18970228654182494,-0.5305424032862515,-12.455391190446164,-14.46173633815388
-53.05424032862514,0.1934125984188358,-0.5305424032862515,-12.947375988008725,-15.510688590263795
-53.05424032862514,0.1971229102958466,-0.5305424032862515,-13.44889013099409,-16.490029678597868
-53.05424032862514,0.20083322217285746,-0.5305424032862515,-13.959933619402268,-17.359091354206296
-53.05424032862514,0.2045435340498683,-0.5305424032862515,-14.480506453233257,-18.09721019710519
-53.05424032862514,0.20825384592687915,-0.5305424032862515,-15.010608632487058,-18.70280015349586
-53.05424032862514,0.21196415780388997,-0.5305424032862515,-15.550240157163662,-19.187922850307288
-53.05424032862514,0.21567446968090082,-0.5305424032862515,-16.09940102726308,-19.571861472026956
-53.05424032862514,0.21938478155791166,-0.5305424032862515,-16.65809124278531,-19.876010550821373
-53.05424032862514,0.2230950934349225,-0.5305424032862515,-17.22631080373035,-20.120791106891204
-53.05424032862514,0.22680540531193333,-0.5305424032862515,-17.804059710098194,-20.32430640657091
-53.05424032862514,0.23051571718894417,-0.5305424032862515,-18.391337961888855,-20.502140289375124
-53.05424032862514,0.23422602906595502,-0.5305424032862515,-18.988145559102325,-20.667762590985213
-53.05424032862514,0.23793634094296587,-0.5305424032862515,-19.594482501738604,-20.833176321444487
-53.05424032862514,0.2416466528199767,-0.5305424032862515,-20.21034878979769,-21.00958726470156
-53.05424032862514,0.24535696469698753,-0.5305424032862515,-20.83574442327959,-21.207962158288563
-53.05424032862514,0.24906727657399838,-0.5305424032862515,-21.4706694021843,-21.43937200959673
-53.05424032862514,0.2527775884510092,-0.5305424032862515,-22.115123726511822,-21.715011334132818
-53.05424032862514,0.25648790032802005,-0.5305424032862515,-22.769107396262147,-22.04576790076969
-53.05424032862514,0.2601982122050309,-0.5305424032862515,-23.43262041143529,-22.441226965040208
-53.05424032862514,0.26390852408204174,-0.5305424032862515,-24.105662772031234,-22.908076555301005
-53.05424032862514,0.26761883595905256,-0.5305424032862515,-24.788234478049986,-23.448079169732903
-53.05424032862514,0.27132914783606343,-0.5305424032862515,-25.480335529491565,-24.056082544946715
-53.05424032862514,0.27503945971307425,-0.5305424032862515,-26.181965926355943,-24.718837931296125
-53.05424032862514,0.27874977159008507,-0.5305424032862515,-26.893125668643126,-25.41543972621159
-53.05424032862514,0.28246008346709595,-0.5305424032862515,-27.613814756353133,-26.119779205401166
-53.05424032862514,0.28617039534410676,-0.5305424032862515,-28.344033189485938,-26.80458016587891
-53.05424032862514,0.28988070722111764,-0.5305424032862515,-29.083780968041562,-27.445804216569883
-53.05424032862514,0.29359101909812846,-0.5305424032862515,-29.833058092019986,-28.026019927266148
-53.05424032862514,0.2973013309751393,-0.5305424032862515,-30.591864561421225,-28.535866860474297
-53.05424032862514,0.30101164285215015,-0.5305424032862515,-31.36020037624528,-28.973617462605098
-53.05424032862514,0.30472195472916097,-0.5305424032862515,-32.138065536492135,-29.343493109315393
-51.66636347715611,0.011607316445304631,-0.5166636347715611,-0.04625714794043959,0.07032623381868164
-51.66636347715611,0.015317628322315471,-0.5166636347715611,-0.0805560675731892,0.015748494274753222
-51.66636347715611,0.01902794019932631,-0.5166636347715611,-0.1243079082782281,-0.04216451052099379
-51.66636347715611,0.02273825207633715,-0.5166636347715611,-0.17751267005555632,-0.10381254322977207
-51.66636347715611,0.02644856395334799,-0.5166636347715611,-0.2401703529051739,-0.16964276954705704
-51.66636347715611,0.03015887583035883,-0.5166636347715611,-0.3122809568270808,-0.24015327833496714
-51.66636347715611,0.03386918770736967,-0.5166636347715611,-0.3938444818212771,-0.31589611053890265
-51.66636347715611,0.03757949958438051,-0.5166636347715611,-0.48486092788776264,-0.3974794743921979
-51.66636347715611,0.04128981146139135,-0.5166636347715611,-0.5853302950265376,-0.48556873472839324
-51.66636347715611,0.04500012333840219,-0.5166636347715611,-0.6952525832376018,-0.5808856642558531
-51.66636347715611,0.04871043521541303,-0.5166636347715611,-0.8146277925209553,-0.6842053395839678
-51.66636347715611,0.05242074709242387,-0.5166636347715611,-0.9434559228765982,-0.7963499638893732
-51.66636347715611,0.05613105896943471,-0.5166636347715611,-1.0817369743045302,-0.9181788160512088
-51.66636347715611,0.05984137084644555,-0.5166636347715611,-1.2294709468047518,-1.0505734841511714
-51.66636347715611,0.06355168272345639,-0.5166636347715611,-1.3866578403772627,-1.194417567982984
-51.66636347715611,0.06726199460046722,-0.5166636347715611,-1.5532976550220623,-1.3505701659506741
-51.66636347715611,0.07097230647747807,-0.5166636347715611,-1.7293903907391521,-1.5198327359314192
-51.66636347715611,0.0746826183544889,-0.5166636347715611,-1.9149360475285306,-1.7029093754129245
-51.66636347715611,0.07839293023149975,-0.5166636347715611,-2.1099346253901987,-1.900361230835035
-51.66636347715611,0.08210324210851058,-0.5166636347715611,-2.314386124324156,-2.1125566230893975
-51.66636347715611,0.08581355398552143,-0.5166636347715611,-2.528290544330403,-2.339619529795952
-51.66636347715611,0.08952386586253226,-0.5166636347715611,-2.7516478854089392,-2.581380205982139
-51.66636347715611,0.09323417773954311,-0.5166636347715611,-2.9844581475597645,-2.837332803231244
-51.66636347715611,0.09694448961655394,-0.5166636347715611,-3.2267213307828793,-3.1066056604278662
-51.66636347715611,0.10065480149356479,-0.5166636347715611,-3.478437435078283,-3.3879502605895153
-51.66636347715611,0.10436511337057562,-0.5166636347715611,-3.7396064604459767,-3.679754481487091
-51.66636347715611,0.10807542524758647,-0.5166636347715611,-4.01022840688596,-3.9800846169878596
-51.66636347715611,0.1117857371245973,-0.5166636347715611,-4.290303274398231,-4.286758786295157
-51.66636347715611,0.11549604900160815,-0.5166636347715611,-4.579831062982793,-4.597452068344761
-51.66636347715611,0.11920636087861898,-0.5166636347715611,-4.878811772639644,-4.909831490277219
-51.66636347715611,0.12291667275562983,-0.5166636347715611,-5.187245403368784,-5.221717477435
-51.66636347715611,0.12662698463264066,-0.5166636347715611,-5.505131955170213,-5.531268136583732
-51.66636347715611,0.1303372965096515,-0.5166636347715611,-5.832471428043931,-5.837184204265072
-51.66636347715611,0.13404760838666235,-0.5166636347715611,-6.16926382198994,-6.138935698242703
-51.66636347715611,0.13775792026367317,-0.5166636347715611,-6.515509137008236,-6.437015787945643
-51.66636347715611,0.14146823214068402,-0.5166636347715611,-6.871207373098823,-6.733231950064494
-51.66636347715611,0.14517854401769487,-0.5166636347715611,-7.236358530261699,-7.031046818039969
-51.66636347715611,0.1488888558947057,-0.5166636347715611,-7.610962608496865,-7.335977242510922
-51.66636347715611,0.15259916777171653,-0.5166636347715611,-7.995019607804318,-7.656043113786011
-51.66636347715611,0.15630947964872738,-0.5166636347715611,-8.388529528184062,-8.002216642634602
-51.66636347715611,0.16001979152573823,-0.5166636347715611,-8.791492369636096,-8.38874349520265
-51.66636347715611,0.16373010340274907,-0.5166636347715611,-9.20390813216042,-8.833076881848717
-51.66636347715611,0.1674404152797599,-0.5166636347715611,-9.625776815757028,-9.354993283864967
-51.66636347715611,0.17115072715677074,-0.5166636347715611,-10.05709842042593,-9.974316374235999
-51.66636347715611,0.17486103903378158,-0.5166636347715611,-10.497872946167123,-10.706754997387124
-51.66636347715611,0.17857135091079243,-0.5166636347715611,-10.948100392980603,-11.557965837264192
-51.66636347715611,0.18228166278780325,-0.5166636347715611,-11.407780760866371,-12.517266889906177
-51.66636347715611,0.1859919746648141,-0.5166636347715611,-11.876914049824428,-13.55398587227218
-51.66636347715611,0.18970228654182494,-0.5166636347715611,-12.355500259854779,-14.61977302198166
-51.66636347715611,0.1934125984188358,-0.5166636347715611,-12.843539390957417,-15.657887324206328
-51.66636347715611,0.1971229102958466,-0.5166636347715611,-13.34103144313234,-16.616254649000727
-51.66636347715611,0.20083322217285746,-0.5166636347715611,-13.847976416379556,-17.45843499561143
-51.66636347715611,0.2045435340498683,-0.5166636347715611,-14.364374310699063,-18.16813514158592
-51.66636347715611,0.20825384592687915,-0.5166636347715611,-14.890225126090858,-18.747070418150294
-51.66636347715611,0.21196415780388997,-0.5166636347715611,-15.42552886255494,-19.209123726066355
-51.66636347715611,0.21567446968090082,-0.5166636347715611,-15.970285520091313,-19.574124920237423
-51.66636347715611,0.21938478155791166,-0.5166636347715611,-16.524495098699976,-19.86318544545254
-51.66636347715611,0.2230950934349225,-0.5166636347715611,-17.088157598380928,-20.096026494771426
-51.66636347715611,0.22680540531193333,-0.5166636347715611,-17.661273019134164,-20.289913288034565
-51.66636347715611,0.23051571718894417,-0.5166636347715611,-18.2438413609597,-20.45960114226568
-51.66636347715611,0.23422602906595502,-0.5166636347715611,-18.83586262385752,-20.617798996157735
-51.66636347715611,0.23793634094296587,-0.5166636347715611,-19.43733680782763,-20.775826576345505
-51.66636347715611,0.2416466528199767,-0.5166636347715611,-20.048263912870024,-20.944276774715618
-51.66636347715611,0.24535696469698753,-0.5166636347715611,-20.66864393898471,-21.133570660482103
-51.66636347715611,0.24906727657399838,-0.5166636347715611,-21.29847688617169,-21.354317114640242
-51.66636347715611,0.2527775884510092,-0.5166636347715611,-21.93776275443096,-21.617379687570043
-51.66636347715611,0.25648790032802005,-0.5166636347715611,-22.586501543762513,-21.933531908761694
-51.66636347715611,0.2601982122050309,-0.5166636347715611,-23.244693254166364,-22.312579993727848
-51.66636347715611,0.26390852408204174,-0.5166636347715611,-23.912337885642494,-22.761892317274484
-51.66636347715611,0.26761883595905256,-0.5166636347715611,-24.58943543819091,-23.28444356696004
-51.66636347715611,0.27132914783606343,-0.5166636347715611,-25.27598591181163,-23.87676663872756
-51.66636347715611,0.27503945971307425,-0.5166636347715611,-25.971989306504632,-24.52751751074838
-51.66636347715611,0.27874977159008507,-0.5166636347715611,-26.677445622269918,-25.21748260266903
-51.66636347715611,0.28246008346709595,-0.5166636347715611,-27.392354859107506,-25.921555792896605
-51.66636347715611,0.28617039534410676,-0.5166636347715611,-28.116717017017372,-26.612462199888736
-51.66636347715611,0.28988070722111764,-0.5166636347715611,-28.85053209599954,-27.265172887886006
-51.66636347715611,0.29359101909812846,-0.5166636347715611,-29.593800096053982,-27.86059538120026
-51.66636347715611,0.2973013309751393,-0.5166636347715611,-30.346521017180716,-28.387504963458166
-51.66636347715611,0.30101164285215015,-0.5166636347715611,-31.108694859379753,-28.842517444950694
-51.66636347715611,0.30472195472916097,-0.5166636347715611,-31.880321622651064,-29.22863934329534
-50.27848662568707,0.011607316445304631,-0.5027848662568707,-0.04588317121290172,0.11022370191358744
-50.27848662568707,0.015317628322315471,-0.5027848662568707,-0.07990479321072458,0.05585360517506488
-50.27848662568707,0.01902794019932631,-0.5027848662568707,-0.12330291193031603,-0.0018408536781866491
-50.27848662568707,0.02273825207633715,-0.5027848662568707,-0.1760775273716761,-0.0632562566258319
-50.27848662568707,0.02644856395334799,-0.5027848662568707,-0.2382286395348048,-0.12883589311051913
-50.27848662568707,0.03015887583035883,-0.5027848662568707,-0.3097562484197021,-0.19907318600554924
-50.27848662568707,0.03386918770736967,-0.5027848662568707,-0.3906603540263681,-0.2745146293307761
-50.27848662568707,0.03757949958438051,-0.5027848662568707,-0.4809409563548026,-0.35576192269274576
-50.27848662568707,0.04128981146139135,-0.5027848662568707,-0.5805980554050058,-0.44347290070177814
-50.27848662568707,0.04500012333840219,-0.5027848662568707,-0.6896316511769776,-0.538360759185412
-50.27848662568707,0.04871043521541303,-0.5027848662568707,-0.8080417436707179,-0.6411909789318575
-50.27848662568707,0.05242074709242387,-0.5027848662568707,-0.9358283328862269,-0.7527752509416079
-50.27848662568707,0.05613105896943471,-0.5027848662568707,-1.0729914188235046,-0.8739616288975702
-50.27848662568707,0.05984137084644555,-0.5027848662568707,-1.2195310014825507,-1.0056200952513066
-50.27848662568707,0.06355168272345639,-0.5027848662568707,-1.3754470808633656,-1.1486227543603686
-50.27848662568707,0.06726199460046722,-0.5027848662568707,-1.5407396569659486,-1.3038179933156566
-50.27848662568707,0.07097230647747807,-0.5027848662568707,-1.715408729790301,-1.471998216266665
-50.27848662568707,0.0746826183544889,-0.5027848662568707,-1.8994542993364214,-1.653861197703837
-50.27848662568707,0.07839293023149975,-0.5027848662568707,-2.092876365604311,-1.8499657407330237
-50.27848662568707,0.08210324210851058,-0.5027848662568707,-2.2956749285939684,-2.0606831719071224
-50.27848662568707,0.08581355398552143,-0.5027848662568707,-2.507849988305395,-2.2861472217099834
-50.27848662568707,0.08952386586253226,-0.5027848662568707,-2.72940154473859,-2.526205945894745
-50.27848662568707,0.09323417773954311,-0.5027848662568707,-2.960329597893554,-2.78038039683004
-50.27848662568707,0.09694448961655394,-0.5027848662568707,-3.200634147770286,-3.0478355646911366
-50.27848662568707,0.10065480149356479,-0.5027848662568707,-3.450315194368787,-3.3273694614937073
-50.27848662568707,0.10436511337057562,-0.5027848662568707,-3.7093727376890566,-3.6174259290992916
-50.27848662568707,0.10807542524758647,-0.5027848662568707,-3.9778067777310953,-3.916135721334417
-50.27848662568707,0.1117857371245973,-0.5027848662568707,-4.255617314494901,-4.221388706615483
-50.27848662568707,0.11549604900160815,-0.5027848662568707,-4.542804347980477,-4.530937930238295
-50.27848662568707,0.11920636087861898,-0.5027848662568707,-4.83936787818782,-4.842534229213859
-50.27848662568707,0.12291667275562983,-0.5027848662568707,-5.145307905116934,-5.154088693750355
-50.27848662568707,0.12662698463264066,-0.5027848662568707,-5.460624428767815,-5.4638600930505
-50.27848662568707,0.1303372965096515,-0.5027848662568707,-5.785317449140464,-5.770665821026298
-50.27848662568707,0.13404760838666235,-0.5027848662568707,-6.119386966234884,-6.074117996902227
-50.27848662568707,0.13775792026367317,-0.5027848662568707,-6.462832980051069,-6.374890547674581
-50.27848662568707,0.14146823214068402,-0.5027848662568707,-6.815655490589026,-6.675027068731237
-50.27848662568707,0.14517854401769487,-0.5027848662568707,-7.17785449784875,-6.978300438088865
-50.27848662568707,0.1488888558947057,-0.5027848662568707,-7.549430001830244,-7.290629001750728
-50.27848662568707,0.15259916777171653,-0.5027848662568707,-7.930382002533503,-7.62053302502821
-50.27848662568707,0.15630947964872738,-0.5027848662568707,-8.320710499958533,-7.979567337363854
-50.27848662568707,0.16001979152573823,-0.5027848662568707,-8.720415494105334,-8.382577028350061
-50.27848662568707,0.16373010340274907,-0.5027848662568707,-9.129496984973901,-8.847483051171903
-50.27848662568707,0.1674404152797599,-0.5027848662568707,-9.547954972564234,-9.39413273423751
-50.27848662568707,0.17115072715677074,-0.5027848662568707,-9.97578945687634,-10.041640640173945
-50.27848662568707,0.17486103903378158,-0.5027848662568707,-10.413000437910215,-10.80381667787302
-50.27848662568707,0.17857135091079243,-0.5027848662568707,-10.859587915665855,-11.683032851477444
-50.27848662568707,0.18228166278780325,-0.5027848662568707,-11.315551890143265,-12.66430286913811
-50.27848662568707,0.1859919746648141,-0.5027848662568707,-11.780892361342444,-13.712758942080464
-50.27848662568707,0.18970228654182494,-0.5027848662568707,-12.255609329263393,-14.777535030885387
-50.27848662568707,0.1934125984188358,-0.5027848662568707,-12.739702793906112,-15.802188045725797
-50.27848662568707,0.1971229102958466,-0.5027848662568707,-13.233172755270592,-16.737655632297333
-50.27848662568707,0.20083322217285746,-0.5027848662568707,-13.736019213356846,-17.551939337237908
-50.27848662568707,0.2045435340498683,-0.5027848662568707,-14.24824216816487,-18.23301420169478
-50.27848662568707,0.20825384592687915,-0.5027848662568707,-14.769841619694661,-18.78563280874963
-50.27848662568707,0.21196415780388997,-0.5027848662568707,-15.300817567946218,-19.225228546578634
-50.27848662568707,0.21567446968090082,-0.5027848662568707,-15.841170012919546,-19.571982187438607
-50.27848662568707,0.21938478155791166,-0.5027848662568707,-16.390898954614645,-19.846614185599528
-50.27848662568707,0.2230950934349225,-0.5027848662568707,-16.95000439303151,-20.068105128300022
-50.27848662568707,0.22680540531193333,-0.5027848662568707,-17.51848632817014,-20.25288198046109
-50.27848662568707,0.23051571718894417,-0.5027848662568707,-18.096344760030544,-20.414891445391742
-50.27848662568707,0.23422602906595502,-0.5027848662568707,-18.683579688612717,-20.566108949687493
-50.27848662568707,0.23793634094296587,-0.5027848662568707,-19.280191113916658,-20.717198728974072
-50.27848662568707,0.2416466528199767,-0.5027848662568707,-19.886179035942362,-20.878164638731917
-50.27848662568707,0.24535696469698753,-0.5027848662568707,-20.501543454689838,-21.058898047146606
-50.27848662568707,0.24906727657399838,-0.5027848662568707,-21.126284370159087,-21.269548637078053
-50.27848662568707,0.2527775884510092,-0.5027848662568707,-21.760401782350105,-21.5206318636949
-50.27848662568707,0.25648790032802005,-0.5027848662568707,-22.403895691262882,-21.822761741764207
-50.27848662568707,0.2601982122050309,-0.5027848662568707,-23.05676609689744,-22.18588604076891
-50.27848662568707,0.26390852408204174,-0.5027848662568707,-23.719012999253753,-22.617942146165053
-50.27848662568707,0.26761883595905256,-0.5027848662568707,-24.390636398331836,-23.122991627210844
-50.27848662568707,0.27132914783606343,-0.5027848662568707,-25.0716362941317,-23.69915084174795
-50.27848662568707,0.27503945971307425,-0.5027848662568707,-25.762012686653325,-24.33695179306906
-50.27848662568707,0.27874977159008507,-0.5027848662568707,-26.461765575896713,-25.018955106855863
-50.27848662568707,0.28246008346709595,-0.5027848662568707,-27.170894961861887,-25.7212481790286
-50.27848662568707,0.28617039534410676,-0.5027848662568707,-27.88940084454881,-26.416804242962442
-50.27848662568707,0.28988070722111764,-0.5027848662568707,-28.617283223957518,-27.07982571758034
-50.27848662568707,0.29359101909812846,-0.5027848662568707,-29.354542100087983,-27.68969043855735
-50.27848662568707,0.2973013309751393,-0.5027848662568707,-30.10117747294022,-28.23333027608524
-50.27848662568707,0.30101164285215015,-0.5027848662568707,-30.857189342514232,-28.705639036373757
-50.27848662568707,0.30472195472916097,-0.5027848662568707,-31.62257770881,-29.108301053015904
-48.89060977421804,0.011607316445304631,-0.4889060977421804,-0.045509194485363835,0.15200654329924146
-48.89060977421804,0.015317628322315471,-0.4889060977421804,-0.07925351884825996,0.09786905964635717
-48.89060977421804,0.01902794019932631,-0.4889060977421804,-0.12229791558240395,0.0404199250711319
-48.89060977421804,0.02273825207633715,-0.4889060977421804,-0.17464238468779586,-0.020734059626530188
-48.89060977421804,0.02644856395334799,-0.4889060977421804,-0.2362869261644357,-0.0860320943839763
-48.89060977421804,0.03015887583035883,-0.4889060977421804,-0.3072315400123234,-0.1559627149634435
-48.89060977421804,0.03386918770736967,-0.4889060977421804,-0.3874762262314591,-0.23106664420186562
-48.89060977421804,0.03757949958438051,-0.4889060977421804,-0.4770209848218426,-0.31193885215593187
-48.89060977421804,0.04128981146139135,-0.4889060977421804,-0.5758658157834741,-0.39922943410319234
-48.89060977421804,0.04500012333840219,-0.4889060977421804,-0.6840107191163534,-0.4936428224147116
-48.89060977421804,0.04871043521541303,-0.4889060977421804,-0.8014556948204806,-0.5959347511224331
-48.89060977421804,0.05242074709242387,-0.4889060977421804,-0.9282007428958557,-0.7069062992501871
-48.89060977421804,0.05613105896943471,-0.4889060977421804,-1.0642458633424787,-0.8273942642957521
-48.89060977421804,0.05984137084644555,-0.4889060977421804,-1.2095910561603496,-0.958257080293129
-48.89060977421804,0.06355168272345639,-0.4889060977421804,-1.3642363213494686,-1.1003555219009746
-48.89060977421804,0.06726199460046722,-0.4889060977421804,-1.528181658909835,-1.2545275593246223
-48.89060977421804,0.07097230647747807,-0.4889060977421804,-1.7014270688414497,-1.4215569847749479
-48.89060977421804,0.0746826183544889,-0.4889060977421804,-1.883972551144312,-1.6021358546520863
-48.89060977421804,0.07839293023149975,-0.4889060977421804,-2.0758181058184224,-1.7968214083704932
-48.89060977421804,0.08210324210851058,-0.4889060977421804,-2.2769637328637806,-2.005988939368102
-48.89060977421804,0.08581355398552143,-0.4889060977421804,-2.487409432280387,-2.2297830763027164
-48.89060977421804,0.08952386586253226,-0.4889060977421804,-2.707155204068241,-2.4680710051864407
-48.89060977421804,0.09323417773954311,-0.4889060977421804,-2.936201048227343,-2.720402194581831
-48.89060977421804,0.09694448961655394,-0.4889060977421804,-3.174546964757693,-2.985979996354673
-48.89060977421804,0.10065480149356479,-0.4889060977421804,-3.4221929536592905,-3.2636508813943994
-48.89060977421804,0.10436511337057562,-0.4889060977421804,-3.6791390149321366,-3.551916854400325
-48.89060977421804,0.10807542524758647,-0.4889060977421804,-3.9453851485762303,-3.848975681932316
-48.89060977421804,0.1117857371245973,-0.4889060977421804,-4.220931354591571,-4.152792021413264
-48.89060977421804,0.11549604900160815,-0.4889060977421804,-4.505777632978162,-4.461200605810626
-48.89060977421804,0.11920636087861898,-0.4889060977421804,-4.799923983735998,-4.772040756776805
-48.89060977421804,0.12291667275562983,-0.4889060977421804,-5.103370406865084,-5.0833202254296666
-48.89060977421804,0.12662698463264066,-0.4889060977421804,-5.416116902365417,-5.393406243454211
-48.89060977421804,0.1303372965096515,-0.4889060977421804,-5.738163470236998,-5.70124307648734
-48.89060977421804,0.13404760838666235,-0.4889060977421804,-6.069510110479827,-6.006598300975653
-48.89060977421804,0.13775792026367317,-0.4889060977421804,-6.410156823093903,-6.310343873004578
-48.89060977421804,0.14146823214068402,-0.4889060977421804,-6.760103608079228,-6.614781321183462
-48.89060977421804,0.14517854401769487,-0.4889060977421804,-7.119350465435801,-6.924020172751834
-48.89060977421804,0.1488888558947057,-0.4889060977421804,-7.487897395163622,-7.24440988382564
-48.89060977421804,0.15259916777171653,-0.4889060977421804,-7.865744397262689,-7.584999632047601
-48.89060977421804,0.15630947964872738,-0.4889060977421804,-8.252891471733006,-7.957944878953811
-48.89060977421804,0.16001979152573823,-0.4889060977421804,-8.649338618574571,-8.378680330835152
-48.89060977421804,0.16373010340274907,-0.4889060977421804,-9.055085837787383,-8.86553042467955
-48.89060977421804,0.1674404152797599,-0.4889060977421804,-9.47013312937144,-9.43826251177894
-48.89060977421804,0.17115072715677074,-0.4889060977421804,-9.89448049332675,-10.1150229574246
-48.89060977421804,0.17486103903378158,-0.4889060977421804,-10.328127929653306,-10.907376259712645
-48.89060977421804,0.17857135091079243,-0.4889060977421804,-10.77107543835111,-11.814075332209427
-48.89060977421804,0.18228166278780325,-0.4889060977421804,-11.22332301942016,-12.815682530950754
-48.89060977421804,0.1859919746648141,-0.4889060977421804,-11.684870672860459,-13.873335980062915
-48.89060977421804,0.18970228654182494,-0.4889060977421804,-12.15571839867201,-14.934202026441897
-48.89060977421804,0.1934125984188358,-0.4889060977421804,-12.635866196854806,-15.942807768897875
-48.89060977421804,0.1971229102958466,-0.4889060977421804,-13.125314067408846,-16.853591882190294
-48.89060977421804,0.20083322217285746,-0.4889060977421804,-13.624062010334136,-17.63913665891287
-48.89060977421804,0.2045435340498683,-0.4889060977421804,-14.132110025630677,-18.291527354807496
-48.89060977421804,0.20825384592687915,-0.4889060977421804,-14.649458113298465,-18.818267543103637
-48.89060977421804,0.21196415780388997,-0.4889060977421804,-15.176106273337497,-19.23607324071385
-48.89060977421804,0.21567446968090082,-0.4889060977421804,-15.712054505747782,-19.565293180755923
-48.89060977421804,0.21938478155791166,-0.4889060977421804,-16.257302810529314,-19.826161545214084
-48.89060977421804,0.2230950934349225,-0.4889060977421804,-16.81185118768209,-20.036886330119447
-48.89060977421804,0.22680540531193333,-0.4889060977421804,-17.375699637206115,-20.213060988427987
-48.89060977421804,0.23051571718894417,-0.4889060977421804,-17.948848159101388,-20.367845805560897
-48.89060977421804,0.23422602906595502,-0.4889060977421804,-18.53129675336791,-20.51251090514777
-48.89060977421804,0.23793634094296587,-0.4889060977421804,-19.123045420005685,-20.65709311234748
-48.89060977421804,0.2416466528199767,-0.4889060977421804,-19.724094159014697,-20.811031568678406
-48.89060977421804,0.24535696469698753,-0.4889060977421804,-20.334442970394967,-20.983705193376974
-48.89060977421804,0.24906727657399838,-0.4889060977421804,-20.95409185414648,-21.18481014085941
-48.89060977421804,0.2527775884510092,-0.4889060977421804,-21.583040810269246,-21.424501399398707
-48.89060977421804,0.25648790032802005,-0.4889060977421804,-22.22128983876325,-21.713195130572718
-48.89060977421804,0.2601982122050309,-0.4889060977421804,-22.868838939628514,-22.060909528022325
-48.89060977421804,0.26390852408204174,-0.4889060977421804,-23.525688112865016,-22.476046736301726
-48.89060977421804,0.26761883595905256,-0.4889060977421804,-24.191837358472764,-22.963631433181067
-48.89060977421804,0.27132914783606343,-0.4889060977421804,-24.867286676451773,-23.52325296945266
-48.89060977421804,0.27503945971307425,-0.4889060977421804,-25.55203606680202,-24.147269827152208
-48.89060977421804,0.27874977159008507,-0.4889060977421804,-26.246085529523512,-24.82007090217636
-48.89060977421804,0.28246008346709595,-0.4889060977421804,-26.949435064616264,-25.519103847385423
-48.89060977421804,0.28617039534410676,-0.4889060977421804,-27.66208467208025,-26.217828186733655
-48.89060977421804,0.28988070722111764,-0.4889060977421804,-28.3840343519155,-26.889910476088218
-48.89060977421804,0.29359101909812846,-0.4889060977421804,-29.115284104121983,-27.51335417720517
-48.89060977421804,0.2973013309751393,-0.4889060977421804,-29.855833928699717,-28.073294018227067
-48.89060977421804,0.30101164285215015,-0.4889060977421804,-30.605683825648708,-28.562854163874768
-48.89060977421804,0.30472195472916097,-0.4889060977421804,-31.364833794968934,-28.98229666585225
-47.502732922749004,0.011607316445304631,-0.47502732922749,-0.04513521775782596,0.19577883502467075
-47.502732922749004,0.015317628322315471,-0.47502732922749,-0.07860224448579534,0.14190002133694235
-47.502732922749004,0.01902794019932631,-0.47502732922749,-0.12129291923449188,0.08472409364873701
-47.502732922749004,0.02273825207633715,-0.47502732922749,-0.1732072420039156,0.02386143437098176
-47.502732922749004,0.02644856395334799,-0.47502732922749,-0.23434521279406656,-0.0411228579368792
-47.502732922749004,0.03015887583035883,-0.47502732922749,-0.30470683160494466,-0.11071221615932969
-47.502732922749004,0.03386918770736967,-0.47502732922749,-0.3842920984365501,-0.18544137420863405
-47.502732922749004,0.03757949958438051,-0.47502732922749,-0.47310101328888254,-0.26589835935404227
-47.502732922749004,0.04128981146139135,-0.47502732922749,-0.5711335761619423,-0.35272532721437844
-47.502732922749004,0.04500012333840219,-0.47502732922749,-0.6783897870557292,-0.4466177698287279
-47.502732922749004,0.04871043521541303,-0.47502732922749,-0.7948696459702432,-0.5483215338324967
-47.502732922749004,0.05242074709242387,-0.47502732922749,-0.9205731529054845,-0.658626996874472
-47.502732922749004,0.05613105896943471,-0.47502732922749,-1.0555003078614529,-0.7783596791208132
-47.502732922749004,0.05984137084644555,-0.47502732922749,-1.1996511108381485,-0.9083665318440148
-47.502732922749004,0.06355168272345639,-0.47502732922749,-1.3530255618355713,-1.0494971718174229
-47.502732922749004,0.06726199460046722,-0.47502732922749,-1.515623660853721,-1.2025794494948736
-47.502732922749004,0.07097230647747807,-0.47502732922749,-1.6874454078925984,-1.3683889853985802
-47.502732922749004,0.0746826183544889,-0.47502732922749,-1.8684908029522027,-1.5476127164528013
-47.502732922749004,0.07839293023149975,-0.47502732922749,-2.0587598460325345,-1.7408070871615153
-47.502732922749004,0.08210324210851058,-0.47502732922749,-2.258252537133593,-1.9483523049160472
-47.502732922749004,0.08581355398552143,-0.47502732922749,-2.466968876255379,-2.1704050272223654
-47.502732922749004,0.08952386586253226,-0.47502732922749,-2.684908863397892,-2.406852889571959
-47.502732922749004,0.09323417773954311,-0.47502732922749,-2.9120724985611326,-2.657275293336463
-47.502732922749004,0.09694448961655394,-0.47502732922749,-3.1484597817450997,-2.920915685093771
-47.502732922749004,0.10065480149356479,-0.47502732922749,-3.3940707129497945,-3.1966709812967973
-47.502732922749004,0.10436511337057562,-0.47502732922749,-3.6489052921752165,-3.483103654974092
-47.502732922749004,0.10807542524758647,-0.47502732922749,-3.912963519421366,-3.7784812136161507
-47.502732922749004,0.1117857371245973,-0.47502732922749,-4.186245394688242,-4.080846409439682
-47.502732922749004,0.11549604900160815,-0.47502732922749,-4.468750917975846,-4.3881197663139915
-47.502732922749004,0.11920636087861898,-0.47502732922749,-4.760480089284176,-4.69823429244337
-47.502732922749004,0.12291667275562983,-0.47502732922749,-5.061432908613234,-5.009301101809115
-47.502732922749004,0.12662698463264066,-0.47502732922749,-5.371609375963018,-5.3198046102854075
-47.502732922749004,0.1303372965096515,-0.47502732922749,-5.6910094913335305,-5.62882734336292
-47.502732922749004,0.13404760838666235,-0.47502732922749,-6.019633254724771,-5.936307140743451
-47.502732922749004,0.13775792026367317,-0.47502732922749,-6.357480666136736,-6.243332972394138
-47.502732922749004,0.14146823214068402,-0.47502732922749,-6.704551725569431,-6.552487987247748
-47.502732922749004,0.14517854401769487,-0.47502732922749,-7.060846433022851,-6.868246508792994
-47.502732922749004,0.1488888558947057,-0.47502732922749,-7.4263647884970005,-7.1974196982079395
-47.502732922749004,0.15259916777171653,-0.47502732922749,-7.801106791991874,-7.5496132085261065
-47.502732922749004,0.15630947964872738,-0.47502732922749,-8.185072443507478,-7.937596254598321
-47.502732922749004,0.16001979152573823,-0.47502732922749,-8.578261743043807,-8.377371843759184
-47.502732922749004,0.16373010340274907,-0.47502732922749,-8.980674690600866,-8.887582902798547
-47.502732922749004,0.1674404152797599,-0.47502732922749,-9.392311286178646,-9.487735909295344
-47.502732922749004,0.17115072715677074,-0.47502732922749,-9.813171529777158,-10.19471716446791
-47.502732922749004,0.17486103903378158,-0.47502732922749,-10.243255421396398,-11.017480838511363
-47.502732922749004,0.17857135091079243,-0.47502732922749,-10.682562961036364,-11.950845892263066
-47.502732922749004,0.18228166278780325,-0.47502732922749,-11.131094148697056,-12.970846119283634
-47.502732922749004,0.1859919746648141,-0.47502732922749,-11.588848984378474,-14.034925041928181
-47.502732922749004,0.18970228654182494,-0.47502732922749,-12.055827468080624,-15.088902014771644
-47.502732922749004,0.1934125984188358,-0.47502732922749,-12.532029599803499,-16.078948261492908
-47.502732922749004,0.1971229102958466,-0.47502732922749,-13.017455379547098,-16.96343138913788
-47.502732922749004,0.20083322217285746,-0.47502732922749,-13.512104807311426,-17.719576757438134
-47.502732922749004,0.2045435340498683,-0.47502732922749,-14.015977883096484,-18.34337065496444
-47.502732922749004,0.20825384592687915,-0.47502732922749,-14.529074606902268,-18.844765502883426
-47.502732922749004,0.21196415780388997,-0.47502732922749,-15.051394978728775,-19.241498967564986
-47.502732922749004,0.21567446968090082,-0.47502732922749,-15.582938998576015,-19.553919066155107
-47.502732922749004,0.21938478155791166,-0.47502732922749,-16.12370666644398,-19.80169114765581
-47.502732922749004,0.2230950934349225,-0.47502732922749,-16.673697982332673,-20.00222705721139
-47.502732922749004,0.22680540531193333,-0.47502732922749,-17.232912946242088,-20.170296037312436
-47.502732922749004,0.23051571718894417,-0.47502732922749,-17.801351558172236,-20.318296144529597
-47.502732922749004,0.23422602906595502,-0.47502732922749,-18.37901381812311,-20.45682102448668
-47.502732922749004,0.23793634094296587,-0.47502732922749,-18.96589972609471,-20.595308282458763
-47.502732922749004,0.2416466528199767,-0.47502732922749,-19.562009282087036,-20.742656925688337
-47.502732922749004,0.24535696469698753,-0.47502732922749,-20.167342486100093,-20.907751663122728
-47.502732922749004,0.24906727657399838,-0.47502732922749,-20.781899338133876,-21.099843105973044
-47.502732922749004,0.2527775884510092,-0.47502732922749,-21.405679838188387,-21.32871762098551
-47.502732922749004,0.25648790032802005,-0.47502732922749,-22.03868398626362,-21.604561580142697
-47.502732922749004,0.2601982122050309,-0.47502732922749,-22.68091178235959,-21.93740051400855
-47.502732922749004,0.26390852408204174,-0.47502732922749,-23.332363226476275,-22.33600468529064
-47.502732922749004,0.26761883595905256,-0.47502732922749,-23.99303831861369,-22.80624134554871
-47.502732922749004,0.27132914783606343,-0.47502732922749,-24.662937058771842,-23.34905640095117
-47.502732922749004,0.27503945971307425,-0.47502732922749,-25.342059446950714,-23.958567306069185
-47.502732922749004,0.27874977159008507,-0.47502732922749,-26.030405483150307,-24.62101837443859
-47.502732922749004,0.28246008346709595,-0.47502732922749,-26.72797516737064,-25.315358287464427
-47.502732922749004,0.28617039534410676,-0.47502732922749,-27.43476849961169,-26.015758126576234
-47.502732922749004,0.28988070722111764,-0.47502732922749,-28.15078547987348,-26.695587731112568
-47.502732922749004,0.29359101909812846,-0.47502732922749,-28.87602610815598,-27.331653035279516
-47.502732922749004,0.2973013309751393,-0.47502732922749,-29.610490384459215,-27.907363652664106
-47.502732922749004,0.30101164285215015,-0.47502732922749,-30.354178308783187,-28.414046321752814
-47.502732922749004,0.30472195472916097,-0.47502732922749,-31.10708988112787,-28.850450334311603
-46.11485607127997,0.011607316445304631,-0.46114856071279975,-0.044761241030288085,0.2416493552809167
-46.11485607127997,0.015317628322315471,-0.46114856071279975,-0.07795097012333072,0.18805633374065578
-46.11485607127997,0.01902794019932631,-0.46114856071279975,-0.12028792288657982,0.13118257117101684
-46.11485607127997,0.02273825207633715,-0.46114856071279975,-0.17177209932003537,0.07064222629078176
-46.11485607127997,0.02644856395334799,-0.46114856071279975,-0.23240349942369745,0.006004899985156298
-46.11485607127997,0.03015887583035883,-0.46114856071279975,-0.302182123197566,-0.06320752825610021
-46.11485607127997,0.03386918770736967,-0.46114856071279975,-0.38110797064164104,-0.13752359309489637
-46.11485607127997,0.03757949958438051,-0.46114856071279975,-0.4691810417559225,-0.21752417431193893
-46.11485607127997,0.04128981146139135,-0.46114856071279975,-0.5664013365404105,-0.30384329708329605
-46.11485607127997,0.04500012333840219,-0.46114856071279975,-0.672768854995105,-0.3971673465549921
-46.11485607127997,0.04871043521541303,-0.46114856071279975,-0.788283597120006,-0.49823215203340143
-46.11485607127997,0.05242074709242387,-0.46114856071279975,-0.9129455629151133,-0.6078173109469855
-46.11485607127997,0.05613105896943471,-0.46114856071279975,-1.0467547523804273,-0.7267370546558414
-46.11485607127997,0.05984137084644555,-0.46114856071279975,-1.1897111655159474,-0.8558269252278163
-46.11485607127997,0.06355168272345639,-0.46114856071279975,-1.3418148023216743,-0.9959255584926072
-46.11485607127997,0.06726199460046722,-0.46114856071279975,-1.5030656627976073,-1.1478509836349986
-46.11485607127997,0.07097230647747807,-0.46114856071279975,-1.6734637469437472,-1.3123710864696785
-46.11485607127997,0.0746826183544889,-0.46114856071279975,-1.8530090547600933,-1.4901682747614184
-46.11485607127997,0.07839293023149975,-0.46114856071279975,-2.041701586246646,-1.681798953911051
-46.11485607127997,0.08210324210851058,-0.46114856071279975,-2.239541341403405,-1.8876491762185712
-46.11485607127997,0.08581355398552143,-0.46114856071279975,-2.446528320230371,-2.107888742643736
-46.11485607127997,0.08952386586253226,-0.46114856071279975,-2.662662522727543,-2.3424270466612143
-46.11485607127997,0.09323417773954311,-0.46114856071279975,-2.8879439488949217,-2.5908749415665966
-46.11485607127997,0.09694448961655394,-0.46114856071279975,-3.1223725987325066,-2.8525177281548526
-46.11485607127997,0.10065480149356479,-0.46114856071279975,-3.3659484722402984,-3.1263048195053558
-46.11485607127997,0.10436511337057562,-0.46114856071279975,-3.618671569418296,-3.4108615819194883
-46.11485607127997,0.10807542524758647,-0.46114856071279975,-3.8805418902665014,-3.7045281871345055
-46.11485607127997,0.1117857371245973,-0.46114856071279975,-4.151559434784912,-4.005429082905943
-46.11485607127997,0.11549604900160815,-0.46114856071279975,-4.4317242029735295,-4.311575110102024
-46.11485607127997,0.11920636087861898,-0.46114856071279975,-4.721036194832354,-4.620998748486961
-46.11485607127997,0.12291667275562983,-0.46114856071279975,-5.019495410361384,-4.9319219566834915
-46.11485607127997,0.12662698463264066,-0.46114856071279975,-5.327101849560621,-5.242956071968696
-46.11485607127997,0.1303372965096515,-0.46114856071279975,-5.643855512430064,-5.553334554504484
-46.11485607127997,0.13404760838666235,-0.46114856071279975,-5.969756398969714,-5.863181888206724
-46.11485607127997,0.13775792026367317,-0.46114856071279975,-6.3048045091795695,-6.173824870914344
-46.11485607127997,0.14146823214068402,-0.46114856071279975,-6.648999843059633,-6.488153893773936
-46.11485607127997,0.14517854401769487,-0.46114856071279975,-7.002342400609902,-6.811037887472308
-46.11485607127997,0.1488888558947057,-0.46114856071279975,-7.364832181830378,-7.149780923575595
-46.11485607127997,0.15259916777171653,-0.46114856071279975,-7.7364691867210595,-7.51457082917756
-46.11485607127997,0.15630947964872738,-0.46114856071279975,-8.117253415281949,-7.918797111817349
-46.11485607127997,0.16001979152573823,-0.46114856071279975,-8.507184867513045,-8.37899558119099
-46.11485607127997,0.16373010340274907,-0.46114856071279975,-8.906263543414347,-8.91401853773701
-46.11485607127997,0.1674404152797599,-0.46114856071279975,-9.314489442985852,-9.542897825354535
-46.11485607127997,0.17115072715677074,-0.46114856071279975,-9.731862566227568,-10.280935560704625
-46.11485607127997,0.17486103903378158,-0.46114856071279975,-10.15838291313949,-11.134099218062271
-46.11485607127997,0.17857135091079243,-0.46114856071279975,-10.594050483721617,-12.092992157211816
-46.11485607127997,0.18228166278780325,-0.46114856071279975,-11.038865277973951,-13.129126159908497
-46.11485607127997,0.1859919746648141,-0.46114856071279975,-11.49282729589649,-14.196651042751077
-46.11485607127997,0.18970228654182494,-0.46114856071279975,-11.955936537489238,-15.240719837550724
-46.11485607127997,0.1934125984188358,-0.46114856071279975,-12.428193002752193,-16.209804833120998
-46.11485607127997,0.1971229102958466,-0.46114856071279975,-12.909596691685351,-17.066557141982816
-46.11485607127997,0.20083322217285746,-0.46114856071279975,-13.400147604288717,-17.79283027761925
-46.11485607127997,0.2045435340498683,-0.46114856071279975,-13.899845740562291,-18.38825754404804
-46.11485607127997,0.20825384592687915,-0.46114856071279975,-14.408691100506072,-18.86492854271114
-46.11485607127997,0.21196415780388997,-0.46114856071279975,-14.926683684120054,-19.24135206292181
-46.11485607127997,0.21567446968090082,-0.46114856071279975,-15.453823491404249,-19.537722137976097
-46.11485607127997,0.21938478155791166,-0.46114856071279975,-15.990110522358648,-19.77306534706699
-46.11485607127997,0.2230950934349225,-0.46114856071279975,-16.535544776983254,-19.963981803583135
-46.11485607127997,0.22680540531193333,-0.46114856071279975,-17.09012625527806,-20.12442998570428
-46.11485607127997,0.23051571718894417,-0.46114856071279975,-17.65385495724308,-20.266071611484286
-46.11485607127997,0.23422602906595502,-0.46114856071279975,-18.226730882878307,-20.398853091848654
-46.11485607127997,0.23793634094296587,-0.46114856071279975,-18.80875403218374,-20.531640951795758
-46.11485607127997,0.2416466528199767,-0.46114856071279975,-19.399924405159375,-20.672818716223937
-46.11485607127997,0.24535696469698753,-0.46114856071279975,-20.00024200180522,-20.830795843871027
-46.11485607127997,0.24906727657399838,-0.46114856071279975,-20.60970682212127,-21.01438731539829
-46.11485607127997,0.2527775884510092,-0.46114856071279975,-21.228318866107532,-21.233006424788893
-46.11485607127997,0.25648790032802005,-0.46114856071279975,-21.85607813376399,-21.49658367112157
-46.11485607127997,0.2601982122050309,-0.46114856071279975,-22.492984625090667,-21.815096541271224
-46.11485607127997,0.26390852408204174,-0.46114856071279975,-23.139038340087538,-22.19759468681188
-46.11485607127997,0.26761883595905256,-0.46114856071279975,-23.794239278754613,-22.65067202767586
-46.11485607127997,0.27132914783606343,-0.46114856071279975,-24.45858744109191,-23.176511183125513
-46.11485607127997,0.27503945971307425,-0.46114856071279975,-25.132082827099406,-23.770906081791512
-46.11485607127997,0.27874977159008507,-0.46114856071279975,-25.814725436777103,-24.4219584232962
-46.11485607127997,0.28246008346709595,-0.46114856071279975,-26.50651527012502,-25.110231694052803
-46.11485607127997,0.28617039534410676,-0.46114856071279975,-27.20745232714313,-25.810817096956608
-46.11485607127997,0.28988070722111764,-0.46114856071279975,-27.917536607831458,-26.49702862929805
-46.11485607127997,0.29359101909812846,-0.46114856071279975,-28.63676811218998,-27.144670052649797
-46.11485607127997,0.2973013309751393,-0.46114856071279975,-29.365146840218713,-27.73552337197622
-46.11485607127997,0.30101164285215015,-0.46114856071279975,-30.102672791917662,-28.259111767405088
-46.11485607127997,0.30472195472916097,-0.46114856071279975,-30.849345967286805,-28.712593316459486
-44.726979219810936,0.011607316445304631,-0.44726979219810936,-0.04438726430275021,0.28973162557278465
-44.726979219810936,0.015317628322315471,-0.44726979219810936,-0.0772996957608661,0.2364525550210843
-44.726979219810936,0.01902794019932631,-0.44726979219810936,-0.11928292653866773,0.179910954970955
-44.726979219810936,0.02273825207633715,-0.44726979219810936,-0.17033695663615514,0.11972495013335593
-44.726979219810936,0.02644856395334799,-0.44726979219810936,-0.23046178605332834,0.05546884147857978
-44.726979219810936,0.03015887583035883,-0.44726979219810936,-0.29965741479018726,-0.013329976819411504
-44.726979219810936,0.03386918770736967,-0.44726979219810936,-0.377923842846732,-0.08719363816085379
-44.726979219810936,0.03757949958438051,-0.44726979219810936,-0.4652610702229625,-0.1666956795194683
-44.726979219810936,0.04128981146139135,-0.44726979219810936,-0.5616690969188788,-0.25246181513921573
-44.726979219810936,0.04500012333840219,-0.44726979219810936,-0.6671479229344808,-0.34516916763776817
-44.726979219810936,0.04871043521541303,-0.44726979219810936,-0.7816975482697686,-0.44554343018510845
-44.726979219810936,0.05242074709242387,-0.44726979219810936,-0.9053179729247421,-0.5543533518665551
-44.726979219810936,0.05613105896943471,-0.44726979219810936,-1.0380091968994014,-0.6724018733043364
-44.726979219810936,0.05984137084644555,-0.44726979219810936,-1.1797712201937465,-0.8005132083507693
-44.726979219810936,0.06355168272345639,-0.44726979219810936,-1.3306040428077772,-0.9395151931330823
-44.726979219810936,0.06726199460046722,-0.44726979219810936,-1.4905076647414934,-1.0902163342185711
-44.726979219810936,0.07097230647747807,-0.44726979219810936,-1.659482085994896,-1.2533772149494704
-44.726979219810936,0.0746826183544889,-0.44726979219810936,-1.837527306567984,-1.4296762942838124
-44.726979219810936,0.07839293023149975,-0.44726979219810936,-2.0246433264607577,-1.6196706796825524
-44.726979219810936,0.08210324210851058,-0.44726979219810936,-2.2208301456732173,-1.8237531817939872
-44.726979219810936,0.08581355398552143,-0.44726979219810936,-2.4260877642053633,-2.042107842818697
-44.726979219810936,0.08952386586253226,-0.44726979219810936,-2.640416182057194,-2.2746671124254148
-44.726979219810936,0.09323417773954311,-0.44726979219810936,-2.8638153992287108,-2.5210748197399937
-44.726979219810936,0.09694448961655394,-0.44726979219810936,-3.0962854157199136,-2.7806599108381
-44.726979219810936,0.10065480149356479,-0.44726979219810936,-3.337826231530802,-3.0524264199210025
-44.726979219810936,0.10436511337057562,-0.44726979219810936,-3.588437846661376,-3.3350651655610637
-44.726979219810936,0.10807542524758647,-0.44726979219810936,-3.8481202611116365,-3.626992124317222
-44.726979219810936,0.1117857371245973,-0.44726979219810936,-4.116873474881582,-3.9264173673403695
-44.726979219810936,0.11549604900160815,-0.44726979219810936,-4.3946974879712135,-4.2314470465624625
-44.726979219810936,0.11920636087861898,-0.44726979219810936,-4.68159230038053,-4.540219542658086
-44.726979219810936,0.12291667275562983,-0.44726979219810936,-4.977557912109534,-4.851076000818366
-44.726979219810936,0.12662698463264066,-0.44726979219810936,-5.282594323158222,-5.162765533353268
-44.726979219810936,0.1303372965096515,-0.44726979219810936,-5.596701533526597,-5.474686615802447
-44.726979219810936,0.13404760838666235,-0.44726979219810936,-5.919879543214658,-5.787168459067019
-44.726979219810936,0.13775792026367317,-0.44726979219810936,-6.252128352222403,-6.101798439611604
-44.726979219810936,0.14146823214068402,-0.44726979219810936,-6.5934479605498355,-6.42180177890175
-44.726979219810936,0.14517854401769487,-0.44726979219810936,-6.943838368196952,-6.7524733387245774
-44.726979219810936,0.1488888558947057,-0.44726979219810936,-7.303299575163757,-7.101641405484515
-44.726979219810936,0.15259916777171653,-0.44726979219810936,-7.6718315814502445,-7.480098685751672
-44.726979219810936,0.15630947964872738,-0.44726979219810936,-8.04943438705642,-7.9018529063742475
-44.726979219810936,0.16001979152573823,-0.44726979219810936,-8.436107991982281,-8.383919953568437
-44.726979219810936,0.16373010340274907,-0.44726979219810936,-8.831852396227829,-8.945224713379385
-44.726979219810936,0.1674404152797599,-0.44726979219810936,-9.236667599793059,-9.60407546162182
-44.726979219810936,0.17115072715677074,-0.44726979219810936,-9.650553602677977,-10.373835828919564
-44.726979219810936,0.17486103903378158,-0.44726979219810936,-10.073510404882581,-11.257108158893894
-44.726979219810936,0.17857135091079243,-0.44726979219810936,-10.505538006406871,-12.240047174437365
-44.726979219810936,0.18228166278780325,-0.44726979219810936,-10.946636407250844,-13.289745843359576
-44.726979219810936,0.1859919746648141,-0.44726979219810936,-11.396805607414505,-14.357561976918026
-44.726979219810936,0.18970228654182494,-0.44726979219810936,-11.856045606897855,-15.38870722466079
-44.726979219810936,0.1934125984188358,-0.44726979219810936,-12.324356405700888,-16.334575583252672
-44.726979219810936,0.1971229102958466,-0.44726979219810936,-12.801738003823603,-17.1623731955795
-44.726979219810936,0.20083322217285746,-0.44726979219810936,-13.288190401266007,-17.858491694529043
-44.726979219810936,0.2045435340498683,-0.44726979219810936,-13.783713598028099,-18.425919905190042
-44.726979219810936,0.20825384592687915,-0.44726979219810936,-14.288307594109876,-18.878569671903257
-44.726979219810936,0.21196415780388997,-0.44726979219810936,-14.801972389511333,-19.235483952181976
-44.726979219810936,0.21567446968090082,-0.44726979219810936,-15.324707984232482,-19.516565708678154
-44.726979219810936,0.21938478155791166,-0.44726979219810936,-15.856514378273316,-19.740145158527227
-44.726979219810936,0.2230950934349225,-0.44726979219810936,-16.397391571633833,-19.922002567113235
-44.726979219810936,0.22680540531193333,-0.44726979219810936,-16.947339564314035,-20.075302810537494
-44.726979219810936,0.23051571718894417,-0.44726979219810936,-17.50635835631393,-20.210998572489725
-44.726979219810936,0.23422602906595502,-0.44726979219810936,-18.074447947633505,-20.338418504601165
-44.726979219810936,0.23793634094296587,-0.44726979219810936,-18.651608338272766,-20.46588599522435
-44.726979219810936,0.2416466528199767,-0.44726979219810936,-19.23783952823171,-20.601293648681104
-44.726979219810936,0.24535696469698753,-0.44726979219810936,-19.833141517510345,-20.752595120754208
-44.726979219810936,0.24906727657399838,-0.44726979219810936,-20.437514306108664,-20.928181250657907
-44.726979219810936,0.2527775884510092,-0.44726979219810936,-21.050957894026674,-21.137091030054805
-44.726979219810936,0.25648790032802005,-0.44726979219810936,-21.67347228126436,-21.388978305504427
-44.726979219810936,0.2601982122050309,-0.44726979219810936,-22.305057467821744,-21.693724433904926
-44.726979219810936,0.26390852408204174,-0.44726979219810936,-22.9457134536988,-22.060577745932274
-44.726979219810936,0.26761883595905256,-0.44726979219810936,-23.59544023889554,-22.49674864697643
-44.726979219810936,0.27132914783606343,-0.44726979219810936,-24.254237823411984,-23.005535512509518
-44.726979219810936,0.27503945971307425,-0.44726979219810936,-24.9221062072481,-23.58431420859531
-44.726979219810936,0.27874977159008507,-0.44726979219810936,-25.5990453904039,-24.223022773212563
-44.726979219810936,0.28246008346709595,-0.44726979219810936,-26.2850553728794,-24.90392598892407
-44.726979219810936,0.28617039534410676,-0.44726979219810936,-26.980136154674568,-25.603223842929637
-44.726979219810936,0.28988070722111764,-0.44726979219810936,-27.68428773578944,-26.294412493641772
-44.726979219810936,0.29359101909812846,-0.44726979219810936,-28.39751011622398,-26.952503863588944
-44.726979219810936,0.2973013309751393,-0.44726979219810936,-29.119803295978215,-27.55777440736327
-44.726979219810936,0.30101164285215015,-0.44726979219810936,-29.85116727505214,-28.09796066423683
-44.726979219810936,0.30472195472916097,-0.44726979219810936,-30.59160205344574,-28.56856541301046
-43.339102368341905,0.011607316445304631,-0.43339102368341903,-0.044013287575212334,0.3401439188582056
-43.339102368341905,0.015317628322315471,-0.43339102368341903,-0.07664842139840149,0.2872079581004836
-43.339102368341905,0.01902794019932631,-0.43339102368341903,-0.11827793019075566,0.23102951221437817
-43.339102368341905,0.02273825207633715,-0.43339102368341903,-0.16890181395227488,0.1712308556932569
-43.339102368341905,0.02644856395334799,-0.43339102368341903,-0.2285200726829592,0.10739118037460593
-43.339102368341905,0.03015887583035883,-0.43339102368341903,-0.2971327063828086,0.03904358932704777
-43.339102368341905,0.03386918770736967,-0.43339102368341903,-0.374739715051823,-0.03432745678370419
-43.339102368341905,0.03757949958438051,-0.43339102368341903,-0.46134109869000245,-0.11328796702819166
-43.339102368341905,0.04128981146139135,-0.43339102368341903,-0.556936857297347,-0.19845517527158285
-43.339102368341905,0.04500012333840219,-0.43339102368341903,-0.6615269908738566,-0.29049679750626933
-43.339102368341905,0.04871043521541303,-0.43339102368341903,-0.7751114994195312,-0.3901282835144071
-43.339102368341905,0.05242074709242387,-0.43339102368341903,-0.8976903829343709,-0.49810747684012013
-43.339102368341905,0.05613105896943471,-0.43339102368341903,-1.0292636414183756,-0.6152260349118552
-43.339102368341905,0.05984137084644555,-0.43339102368341903,-1.1698312748715454,-0.7422969314237398
-43.339102368341905,0.06355168272345639,-0.43339102368341903,-1.3193932832938802,-0.8801373876723619
-43.339102368341905,0.06726199460046722,-0.43339102368341903,-1.4779496666853797,-1.029546685479234
-43.339102368341905,0.07097230647747807,-0.43339102368341903,-1.6455004250460448,-1.1912785320419765
-43.339102368341905,0.0746826183544889,-0.43339102368341903,-1.8220455583758746,-1.3660080066537386
-43.339102368341905,0.07839293023149975,-0.43339102368341903,-2.00758506667487,-1.5542936442187678
-43.339102368341905,0.08210324210851058,-0.43339102368341903,-2.2021189499430296,-1.7565359089215107
-43.339102368341905,0.08581355398552143,-0.43339102368341903,-2.4056472081803553,-1.9729341652349583
-43.339102368341905,0.08952386586253226,-0.43339102368341903,-2.618169841386845,-2.2034452083442497
-43.339102368341905,0.09323417773954311,-0.43339102368341903,-2.8396868495625003,-2.447747375373284
-43.339102368341905,0.09694448961655394,-0.43339102368341903,-3.0701982327073205,-2.7052150868009672
-43.339102368341905,0.10065480149356479,-0.43339102368341903,-3.3097039908213057,-2.974909206686215
-43.339102368341905,0.10436511337057562,-0.43339102368341903,-3.558204123904456,-3.255588715715894
-43.339102368341905,0.10807542524758647,-0.43339102368341903,-3.815698631956772,-3.545748778031049
-43.339102368341905,0.1117857371245973,-0.43339102368341903,-4.082187514978251,-3.8436893788819466
-43.339102368341905,0.11549604900160815,-0.43339102368341903,-4.3576707729688975,-4.147617492976189
-43.339102368341905,0.11920636087861898,-0.43339102368341903,-4.642148405928708,-4.455784542534047
-43.339102368341905,0.12291667275562983,-0.43339102368341903,-4.935620413857684,-4.766660148398602
-43.339102368341905,0.12662698463264066,-0.43339102368341903,-5.238086796755825,-5.079143275806978
-43.339102368341905,0.1303372965096515,-0.43339102368341903,-5.54954755462313,-5.3928130267176
-43.339102368341905,0.13404760838666235,-0.43339102368341903,-5.870002687459602,-5.708223249811426
-43.339102368341905,0.13775792026367317,-0.43339102368341903,-6.199452195265236,-6.027246680503571
-43.339102368341905,0.14146823214068402,-0.43339102368341903,-6.5378960780400375,-6.353472913155632
-43.339102368341905,0.14517854401769487,-0.43339102368341903,-6.885334335784004,-6.692655332444203
-43.339102368341905,0.1488888558947057,-0.43339102368341903,-7.241766968497135,-7.053177157140016
-43.339102368341905,0.15259916777171653,-0.43339102368341903,-7.607193976179429,-7.446454274877241
-43.339102368341905,0.15630947964872738,-0.43339102368341903,-7.981615358830892,-7.8870995367433085
-43.339102368341905,0.16001979152573823,-0.43339102368341903,-8.365031116451519,-8.3925355496642
-43.339102368341905,0.16373010340274907,-0.43339102368341903,-8.75744124904131,-8.981591743446858
-43.339102368341905,0.1674404152797599,-0.43339102368341903,-9.158845756600263,-9.67156719295412
-43.339102368341905,0.17115072715677074,-0.43339102368341903,-9.569244639128385,-10.473506586080909
-43.339102368341905,0.17486103903378158,-0.43339102368341903,-9.988637896625674,-11.386278583207131
-43.339102368341905,0.17857135091079243,-0.43339102368341903,-10.417025529092124,-12.391421498166144
-43.339102368341905,0.18228166278780325,-0.43339102368341903,-10.85440753652774,-13.45182016623592
-43.339102368341905,0.1859919746648141,-0.43339102368341903,-11.30078391893252,-14.5166376606192
-43.339102368341905,0.18970228654182494,-0.43339102368341903,-11.756154676306469,-15.531894200005064
-43.339102368341905,0.1934125984188358,-0.43339102368341903,-12.220519808649582,-16.45247086087101
-43.339102368341905,0.1971229102958466,-0.43339102368341903,-12.693879315961857,-17.250310391076596
-43.339102368341905,0.20083322217285746,-0.43339102368341903,-13.176233198243297,-17.916181890521106
-43.339102368341905,0.2045435340498683,-0.43339102368341903,-13.667581455493906,-18.456108853481112
-43.339102368341905,0.20825384592687915,-0.43339102368341903,-14.16792408771368,-18.88551312156623
-43.339102368341905,0.21196415780388997,-0.43339102368341903,-14.677261094902612,-19.223751045636494
-43.339102368341905,0.21567446968090082,-0.43339102368341903,-15.195592477060716,-19.490314034112366
-43.339102368341905,0.21938478155791166,-0.43339102368341903,-15.722918234187985,-19.702790251335117
-43.339102368341905,0.2230950934349225,-0.43339102368341903,-16.259238366284414,-19.87613889430143
-43.339102368341905,0.22680540531193333,-0.43339102368341903,-16.80455287335001,-20.022751678467383
-43.339102368341905,0.23051571718894417,-0.43339102368341903,-17.358861755384773,-20.152900690575777
-43.339102368341905,0.23422602906595502,-0.43339102368341903,-17.9221650123887,-20.27532635580031
-43.339102368341905,0.23793634094296587,-0.43339102368341903,-18.494462644361793,-20.39783654357104
-43.339102368341905,0.2416466528199767,-0.43339102368341903,-19.07575465130405,-20.527857267555973
-43.339102368341905,0.24535696469698753,-0.43339102368341903,-19.66604103321547,-20.672906109467988
-43.339102368341905,0.24906727657399838,-0.43339102368341903,-20.26532179009606,-20.840962517613136
-43.339102368341905,0.2527775884510092,-0.43339102368341903,-20.873596921945815,-21.040692726352738
-43.339102368341905,0.25648790032802005,-0.43339102368341903,-21.49086642876473,-21.28145791488031
-43.339102368341905,0.2601982122050309,-0.43339102368341903,-22.117130310552817,-21.5730020523646
-43.339102368341905,0.26390852408204174,-0.43339102368341903,-22.75238856731006,-21.924699404615428
-43.339102368341905,0.26761883595905256,-0.43339102368341903,-23.396641199036466,-22.34427321970439
-43.339102368341905,0.27132914783606343,-0.43339102368341903,-24.049888205732053,-22.83601755428796
-43.339102368341905,0.27503945971307425,-0.43339102368341903,-24.712129587396795,-23.39878649519434
-43.339102368341905,0.27874977159008507,-0.43339102368341903,-25.383365344030697,-24.024312829976044
-43.339102368341905,0.28246008346709595,-0.43339102368341903,-26.063595475633775,-24.696622235694342
-43.339102368341905,0.28617039534410676,-0.43339102368341903,-26.75281998220601,-25.393189712217705
-43.339102368341905,0.28988070722111764,-0.43339102368341903,-27.45103886374742,-26.08792429797806
-43.339102368341905,0.29359101909812846,-0.43339102368341903,-28.15825212025798,-26.755267463789846
-43.339102368341905,0.2973013309751393,-0.43339102368341903,-28.874459751737714,-27.37413515435324
-43.339102368341905,0.30101164285215015,-0.43339102368341903,-29.59966175818662,-27.930518157788654
-43.339102368341905,0.30472195472916097,-0.43339102368341903,-30.333858139604676,-28.418216452205424
-41.95122551687287,0.011607316445304631,-0.4195122551687287,-0.04363931084767445,0.39300922666569416
-41.95122551687287,0.015317628322315471,-0.4195122551687287,-0.07599714703593685,0.3404464889613952
-41.95122551687287,0.01902794019932631,-0.4195122551687287,-0.11727293384284357,0.28466312900245927
-41.95122551687287,0.02273825207633715,-0.4195122551687287,-0.16746667126839462,0.22528574808117052
-41.95122551687287,0.02644856395334799,-0.4195122551687287,-0.22657835931259004,0.161898611805128
-41.95122551687287,0.03015887583035883,-0.4195122551687287,-0.2946079979754298,0.09404071734332642
-41.95122551687287,0.03386918770736967,-0.4195122551687287,-0.37155558725691396,0.02120330214147459
-41.95122551687287,0.03757949958438051,-0.4195122551687287,-0.45742112715704236,-0.057171940925277775
-41.95122551687287,0.04128981146139135,-0.4195122551687287,-0.5522046176758152,-0.14169360768358907
-41.95122551687287,0.04500012333840219,-0.4195122551687287,-0.6559060588132323,-0.23301987556104975
-41.95122551687287,0.04871043521541303,-0.4195122551687287,-0.7685254505692938,-0.3318558557099498
-41.95122551687287,0.05242074709242387,-0.4195122551687287,-0.8900627929439995,-0.4389484401111512
-41.95122551687287,0.05613105896943471,-0.4195122551687287,-1.0205180859373497,-0.5550780200384569
-41.95122551687287,0.05984137084644555,-0.4195122551687287,-1.159891329549344,-0.6810464239253424
-41.95122551687287,0.06355168272345639,-0.4195122551687287,-1.308182523779983,-0.817660446273323
-41.95122551687287,0.06726199460046722,-0.4195122551687287,-1.4653916686292656,-0.9657104405849302
-41.95122551687287,0.07097230647747807,-0.4195122551687287,-1.6315187640971933,-1.125943657556624
-41.95122551687287,0.0746826183544889,-0.4195122551687287,-1.8065638101837649,-1.2990323540008075
-41.95122551687287,0.07839293023149975,-0.4195122551687287,-1.9905268068889812,-1.4855372013672643
-41.95122551687287,0.08210324210851058,-0.4195122551687287,-2.1834077542128414,-1.6858671943624122
-41.95122551687287,0.08581355398552143,-0.4195122551687287,-2.3852066521553468,-1.9002380850274305
-41.95122551687287,0.08952386586253226,-0.4195122551687287,-2.5959235007164954,-2.128632297052829
-41.95122551687287,0.09323417773954311,-0.4195122551687287,-2.815558299896289,-2.370764220840525
-41.95122551687287,0.09694448961655394,-0.4195122551687287,-3.044111049694727,-2.6260556266195163
-41.95122551687287,0.10065480149356479,-0.4195122551687287,-3.2815817501118087,-2.89362651412372
-41.95122551687287,0.10436511337057562,-0.4195122551687287,-3.5279704011475355,-3.172306906157196
-41.95122551687287,0.10807542524758647,-0.4195122551687287,-3.7832770028019067,-3.4606748074903706
-41.95122551687287,0.1117857371245973,-0.4195122551687287,-4.047501555074922,-3.757124810776612
-41.95122551687287,0.11549604900160815,-0.4195122551687287,-4.3206440579665815,-4.059970797568308
-41.95122551687287,0.11920636087861898,-0.4195122551687287,-4.602704511476885,-4.367585156586826
-41.95122551687287,0.12291667275562983,-0.4195122551687287,-4.893682915605833,-4.678576314429776
-41.95122551687287,0.12662698463264066,-0.4195122551687287,-5.193579270353426,-4.992006505809604
-41.95122551687287,0.1303372965096515,-0.4195122551687287,-5.502393575719663,-5.3076527285464445
-41.95122551687287,0.13404760838666235,-0.4195122551687287,-5.820125831704544,-5.626315329427162
-41.95122551687287,0.13775792026367317,-0.4195122551687287,-6.146776038308069,-5.950179282382284
-41.95122551687287,0.14146823214068402,-0.4195122551687287,-6.482344195530239,-6.283229981215533
-41.95122551687287,0.14517854401769487,-0.4195122551687287,-6.826830303371053,-6.631712827844464
-41.95122551687287,0.1488888558947057,-0.4195122551687287,-7.180234361830513,-7.0045952046397835
-41.95122551687287,0.15259916777171653,-0.4195122551687287,-7.542556370908613,-7.413928340210448
-41.95122551687287,0.15630947964872738,-0.4195122551687287,-7.913796330605361,-7.874903276826154
-41.95122551687287,0.16001979152573823,-0.4195122551687287,-8.293954240920753,-8.405251635487426
-41.95122551687287,0.16373010340274907,-0.4195122551687287,-8.68303010185479,-9.023504669269226
-41.95122551687287,0.1674404152797599,-0.4195122551687287,-9.081023913407467,-9.745629558904653
-41.95122551687287,0.17115072715677074,-0.4195122551687287,-9.487935675578793,-10.57995182668653
-41.95122551687287,0.17486103903378158,-0.4195122551687287,-9.903765388368763,-11.521262317023247
-41.95122551687287,0.17857135091079243,-0.4195122551687287,-10.328513051777376,-12.546397597815817
-41.95122551687287,0.18228166278780325,-0.4195122551687287,-10.762178665804633,-13.614360193421568
-41.95122551687287,0.1859919746648141,-0.4195122551687287,-11.204762230450534,-14.672800944603711
-41.95122551687287,0.18970228654182494,-0.4195122551687287,-11.656263745715082,-15.669301555791296
-41.95122551687287,0.1934125984188358,-0.4195122551687287,-12.116683211598275,-16.562722670324597
-41.95122551687287,0.1971229102958466,-0.4195122551687287,-12.586020628100107,-17.3298315883337
-41.95122551687287,0.20083322217285746,-0.4195122551687287,-13.064275995220585,-17.965550286482628
-41.95122551687287,0.2045435340498683,-0.4195122551687287,-13.55144931295971,-18.47859526947928
-41.95122551687287,0.20825384592687915,-0.4195122551687287,-14.04754058131748,-18.885594315389053
-41.95122551687287,0.21196415780388997,-0.4195122551687287,-14.552549800293889,-19.20601463515785
-41.95122551687287,0.21567446968090082,-0.4195122551687287,-15.066476969888948,-19.458832291542986
-41.95122551687287,0.21938478155791166,-0.4195122551687287,-15.58932209010265,-19.660859021099412
-41.95122551687287,0.2230950934349225,-0.4195122551687287,-16.121085160934992,-19.826238017683295
-41.95122551687287,0.22680540531193333,-0.4195122551687287,-16.66176618238598,-19.96661111781887
-41.95122551687287,0.23051571718894417,-0.4195122551687287,-17.211365154455613,-20.09159911074847
-41.95122551687287,0.23422602906595502,-0.4195122551687287,-17.769882077143894,-20.20938362275798
-41.95122551687287,0.23793634094296587,-0.4195122551687287,-18.33731695045082,-20.32728418046443
-41.95122551687287,0.2416466528199767,-0.4195122551687287,-18.913669774376384,-20.452284182265657
-41.95122551687287,0.24535696469698753,-0.4195122551687287,-19.498940548920594,-20.591484967241197
-41.95122551687287,0.24906727657399838,-0.4195122551687287,-20.093129274083452,-20.752468324063784
-41.95122551687287,0.2527775884510092,-0.4195122551687287,-20.696235949864956,-20.9435316382745
-41.95122551687287,0.25648790032802005,-0.4195122551687287,-21.308260576265095,-21.173731651611256
-41.95122551687287,0.2601982122050309,-0.4195122551687287,-21.92920315328389,-21.45264001667543
-41.95122551687287,0.26390852408204174,-0.4195122551687287,-22.55906368092132,-21.78969197099515
-41.95122551687287,0.26761883595905256,-0.4195122551687287,-23.19784215917739,-22.193027071293034
-41.95122551687287,0.27132914783606343,-0.4195122551687287,-23.84553858805212,-22.66781755831994
-41.95122551687287,0.27503945971307425,-0.4195122551687287,-24.502152967545484,-23.21428553830193
-41.95122551687287,0.27874977159008507,-0.4195122551687287,-25.16768529765749,-23.825899095991787
-41.95122551687287,0.28246008346709595,-0.4195122551687287,-25.84213557838815,-24.488478508245834
-41.95122551687287,0.28617039534410676,-0.4195122551687287,-26.525503809737444,-25.180915750823626
-41.95122551687287,0.28988070722111764,-0.4195122551687287,-27.217789991705395,-25.877752086679326
-41.95122551687287,0.29359101909812846,-0.4195122551687287,-27.918994124291977,-26.553086783845693
-41.95122551687287,0.2973013309751393,-0.4195122551687287,-28.62911620749721,-27.184641116217854
-41.95122551687287,0.30101164285215015,-0.4195122551687287,-29.348156241321092,-27.75672537277806
-41.95122551687287,0.30472195472916097,-0.4195122551687287,-30.076114225763607,-28.26140781256781
-40.563348665403836,0.011607316445304631,-0.40563348665403837,-0.04326533412013658,0.44845517735643337
-40.563348665403836,0.015317628322315471,-0.40563348665403837,-0.07534587267347224,0.3962966752615473
-40.563348665403836,0.01902794019932631,-0.40563348665403837,-0.11626793749493151,0.3409412090008377
-40.563348665403836,0.02273825207633715,-0.40563348665403837,-0.16603152858451442,0.2820198760370445
-40.563348665403836,0.02644856395334799,-0.40563348665403837,-0.224636645942221,0.21912218988068743
-40.563348665403836,0.03015887583035883,-0.40563348665403837,-0.29208328956805113,0.15179321711003424
-40.563348665403836,0.03386918770736967,-0.40563348665403837,-0.368371459462005,0.07953114370387149
-40.563348665403836,0.03757949958438051,-0.40563348665403837,-0.45350115562408244,0.0017855266501733968
-40.563348665403836,0.04128981146139135,-0.40563348665403837,-0.5474723780542835,-0.08204344670892616
-40.563348665403836,0.04500012333840219,-0.40563348665403837,-0.6502851267526082,-0.17260429608452044
-40.563348665403836,0.04871043521541303,-0.40563348665403837,-0.7619394017190565,-0.2705917112534506
-40.563348665403836,0.05242074709242387,-0.40563348665403837,-0.8824352029536284,-0.3767415981036637
-40.563348665403836,0.05613105896943471,-0.40563348665403837,-1.011772530456324,-0.49182310841752064
-40.563348665403836,0.05984137084644555,-0.40563348665403837,-1.1499513842271432,-0.6166270270470131
-40.563348665403836,0.06355168272345639,-0.40563348665403837,-1.296971764266086,-0.7519499126764411
-40.563348665403836,0.06726199460046722,-0.40563348665403837,-1.4528336705731522,-0.8985734851466762
-40.563348665403836,0.07097230647747807,-0.40563348665403837,-1.6175371031483423,-1.0572389512888496
-40.563348665403836,0.0746826183544889,-0.40563348665403837,-1.7910820619916559,-1.2286162905022826
-40.563348665403836,0.07839293023149975,-0.40563348665403837,-1.9734685471030933,-1.4132690038438336
-40.563348665403836,0.08210324210851058,-0.40563348665403837,-2.164696558482654,-1.611615476290947
-40.563348665403836,0.08581355398552143,-0.40563348665403837,-2.364766096130339,-1.8238888991450526
-40.563348665403836,0.08952386586253226,-0.40563348665403837,-2.573677160046147,-2.0500986051517565
-40.563348665403836,0.09323417773954311,-0.40563348665403837,-2.791429750230079,-2.2899966028408194
-40.563348665403836,0.09694448961655394,-0.40563348665403837,-3.0180238666821344,-2.5430539438642867
-40.563348665403836,0.10065480149356479,-0.40563348665403837,-3.253459509402313,-2.8084521817273904
-40.563348665403836,0.10436511337057562,-0.40563348665403837,-3.497736678390616,-3.085095453728977
-40.563348665403836,0.10807542524758647,-0.40563348665403837,-3.7508553736470427,-3.3716485603132686
-40.563348665403836,0.1117857371245973,-0.40563348665403837,-4.012815595171592,-3.6666058416828764
-40.563348665403836,0.11549604900160815,-0.40563348665403837,-4.283617342964266,-3.968394802871437
-40.563348665403836,0.11920636087861898,-0.40563348665403837,-4.563260617025063,-4.275517587862477
-40.563348665403836,0.12291667275562983,-0.40563348665403837,-4.8517454173539845,-4.586732900864856
-40.563348665403836,0.12662698463264066,-0.40563348665403837,-5.149071743951029,-4.901281121432181
-40.563348665403836,0.1303372965096515,-0.40563348665403837,-5.455239596816196,-5.219156200395302
-40.563348665403836,0.13404760838666235,-0.40563348665403837,-5.770248975949489,-5.541428903862059
-40.563348665403836,0.13775792026367317,-0.40563348665403837,-6.094099881350903,-5.870625458797876
-40.563348665403836,0.14146823214068402,-0.40563348665403837,-6.426792313020442,-6.211160220305766
-40.563348665403836,0.14517854401769487,-0.40563348665403837,-6.768326270958105,-6.5698044875954125
-40.563348665403836,0.1488888558947057,-0.40563348665403837,-7.118701755163892,-6.956136395314794
-40.563348665403836,0.15259916777171653,-0.40563348665403837,-7.4779187656378,-7.382846420153695
-40.563348665403836,0.15630947964872738,-0.40563348665403837,-7.8459773023798345,-7.865659785146327
-40.563348665403836,0.16001979152573823,-0.40563348665403837,-8.222877365389992,-8.422491110064364
-40.563348665403836,0.16373010340274907,-0.40563348665403837,-8.608618954668273,-9.071333063617887
-40.563348665403836,0.1674404152797599,-0.40563348665403837,-9.003202070214675,-9.826462417551678
-40.563348665403836,0.17115072715677074,-0.40563348665403837,-9.406626712029203,-10.693074666032249
-40.563348665403836,0.17486103903378158,-0.40563348665403837,-9.818892880111857,-11.661580067705188
-40.563348665403836,0.17857135091079243,-0.40563348665403837,-10.240000574462632,-12.704127241672763
-40.563348665403836,0.18228166278780325,-0.40563348665403837,-10.66994979508153,-13.776280695457714
-40.563348665403836,0.1859919746648141,-0.40563348665403837,-11.108740541968551,-14.824931217679561
-40.563348665403836,0.18970228654182494,-0.40563348665403837,-11.5563728151237,-15.799954044965423
-40.563348665403836,0.1934125984188358,-0.40563348665403837,-12.012846614546971,-16.664593754394634
-40.563348665403836,0.1971229102958466,-0.40563348665403837,-12.478161940238362,-17.40043628992253
-40.563348665403836,0.20083322217285746,-0.40563348665403837,-12.952318792197877,-18.006276504745667
-40.563348665403836,0.2045435340498683,-0.40563348665403837,-13.43531717042552,-18.493170091403528
-40.563348665403836,0.20825384592687915,-0.40563348665403837,-13.927157074921285,-18.878659767688358
-40.563348665403836,0.21196415780388997,-0.40563348665403837,-14.42783850568517,-19.182140813993747
-40.563348665403836,0.21567446968090082,-0.40563348665403837,-14.937361462717183,-19.421986629183923
-40.563348665403836,0.21938478155791166,-0.40563348665403837,-15.455725946017319,-19.61420875732942
-40.563348665403836,0.2230950934349225,-0.40563348665403837,-15.982931955585578,-19.77214510137538
-40.563348665403836,0.22680540531193333,-0.40563348665403837,-16.518979491421955,-19.90671330592706
-40.563348665403836,0.23051571718894417,-0.40563348665403837,-17.063868553526465,-20.02691276452957
-40.563348665403836,0.23422602906595502,-0.40563348665403837,-17.617599141899095,-20.14039547651333
-40.563348665403836,0.23793634094296587,-0.40563348665403837,-18.18017125653985,-20.254019257935425
-40.563348665403836,0.2416466528199767,-0.40563348665403837,-18.751584897448723,-20.374348407438188
-40.563348665403836,0.24535696469698753,-0.40563348665403837,-19.331840064625723,-20.508087800636602
-40.563348665403836,0.24906727657399838,-0.40563348665403837,-19.92093675807085,-20.66243603024085
-40.563348665403836,0.2527775884510092,-0.40563348665403837,-20.5188749777841,-20.845327530115814
-40.563348665403836,0.25648790032802005,-0.40563348665403837,-21.125654723765468,-21.065506584370873
-40.563348665403836,0.2601982122050309,-0.40563348665403837,-21.74127599601497,-21.33234341221348
-40.563348665403836,0.26390852408204174,-0.40563348665403837,-22.365738794532582,-21.65527675110402
-40.563348665403836,0.26761883595905256,-0.40563348665403837,-22.99904311931832,-22.0427733898061
-40.563348665403836,0.27132914783606343,-0.40563348665403837,-23.641188970372195,-22.500770233883873
-40.563348665403836,0.27503945971307425,-0.40563348665403837,-24.29217634769418,-23.03074320474067
-40.563348665403836,0.27874977159008507,-0.40563348665403837,-24.952005251284287,-23.627821145437935
-40.563348665403836,0.28246008346709595,-0.40563348665403837,-25.620675681142533,-24.279628261174533
-40.563348665403836,0.28617039534410676,-0.40563348665403837,-26.29818763726889,-24.966590080791423
-40.563348665403836,0.28988070722111764,-0.40563348665403837,-26.98454111966338,-25.664084412254056
-40.563348665403836,0.29359101909812846,-0.40563348665403837,-27.67973612832598,-26.34609910957887
-40.563348665403836,0.2973013309751393,-0.40563348665403837,-28.38377266325671,-26.989344672115482
-40.563348665403836,0.30101164285215015,-0.40563348665403837,-29.096650724455575,-27.576540320772974
-40.563348665403836,0.30472195472916097,-0.40563348665403837,-29.818370311922546,-28.098013972637517
-39.1754718139348,0.011607316445304631,-0.391754718139348,-0.042891357392598695,0.5066138968498224
-39.1754718139348,0.015317628322315471,-0.391754718139348,-0.07469459831100761,0.45489147651294526
-39.1754718139348,0.01902794019932631,-0.391754718139348,-0.11526294114701943,0.3999975127844799
-39.1754718139348,0.02273825207633715,-0.391754718139348,-0.16459638590063413,0.34156776016771384
-39.1754718139348,0.02644856395334799,-0.391754718139348,-0.22269493257185183,0.279197144564866
-39.1754718139348,0.03015887583035883,-0.391754718139348,-0.2895585811606724,0.21243696650108324
-39.1754718139348,0.03386918770736967,-0.391754718139348,-0.36518733166709594,0.1407925204260303
-39.1754718139348,0.03757949958438051,-0.391754718139348,-0.4495811840911223,0.06372137692103341
-39.1754718139348,0.04128981146139135,-0.391754718139348,-0.5427401384327516,-0.01936736164432218
-39.1754718139348,0.04500012333840219,-0.391754718139348,-0.6446641946919839,-0.10911245154880667
-39.1754718139348,0.04871043521541303,-0.391754718139348,-0.755353352868819,-0.20619809147587032
-39.1754718139348,0.05242074709242387,-0.391754718139348,-0.874807612963257,-0.3113491785823441
-39.1754718139348,0.05613105896943471,-0.391754718139348,-1.003026974975298,-0.4253236617101799
-39.1754718139348,0.05984137084644555,-0.391754718139348,-1.1400114389049418,-0.5489013907354943
-39.1754718139348,0.06355168272345639,-0.391754718139348,-1.2857610047521888,-0.6828688825147642
-39.1754718139348,0.06726199460046722,-0.391754718139348,-1.440275672517038,-0.8279995161883511
-39.1754718139348,0.07097230647747807,-0.391754718139348,-1.6035554421994909,-0.9850288605545232
-39.1754718139348,0.0746826183544889,-0.391754718139348,-1.7756003137995462,-1.1546251510706822
-39.1754718139348,0.07839293023149975,-0.391754718139348,-1.956410287317205,-1.3373553965158524
-39.1754718139348,0.08210324210851058,-0.391754718139348,-2.145985362752466,-1.5336482166697063
-39.1754718139348,0.08581355398552143,-0.391754718139348,-2.3443255401053307,-1.7437552835962944
-39.1754718139348,0.08952386586253226,-0.391754718139348,-2.5514308193757973,-1.967714122646809
-39.1754718139348,0.09323417773954311,-0.391754718139348,-2.7673012005638675,-2.205315953214688
-39.1754718139348,0.09694448961655394,-0.391754718139348,-2.9919366836695405,-2.4560831087160278
-39.1754718139348,0.10065480149356479,-0.391754718139348,-3.2253372686928166,-2.7192612447190294
-39.1754718139348,0.10436511337057562,-0.391754718139348,-3.4675029556336954,-2.9938319033124086
-39.1754718139348,0.10807542524758647,-0.391754718139348,-3.7184337444921773,-3.2785509734551272
-39.1754718139348,0.1117857371245973,-0.391754718139348,-3.9781296352682616,-3.572018179130939
-39.1754718139348,0.11549604900160815,-0.391754718139348,-4.246590627961949,-3.8727820642404867
-39.1754718139348,0.11920636087861898,-0.391754718139348,-4.5238167225732395,-4.179484266817265
-39.1754718139348,0.12291667275562983,-0.391754718139348,-4.809807919102133,-4.491046489698222
-39.1754718139348,0.12662698463264066,-0.391754718139348,-5.10456421754863,-4.806903716132992
-39.1754718139348,0.1303372965096515,-0.391754718139348,-5.408085617912729,-5.127287821989494
-39.1754718139348,0.13404760838666235,-0.391754718139348,-5.7203721201944315,-5.453566068777865
-39.1754718139348,0.13775792026367317,-0.391754718139348,-6.041423724393735,-5.788637073948075
-39.1754718139348,0.14146823214068402,-0.391754718139348,-6.371240430510644,-6.137378800427807
-39.1754718139348,0.14517854401769487,-0.391754718139348,-6.709822238545154,-6.507122005249813
-39.1754718139348,0.1488888558947057,-0.391754718139348,-7.057169148497269,-6.908078060362825
-39.1754718139348,0.15259916777171653,-0.391754718139348,-7.413281160366984,-7.353569817385044
-39.1754718139348,0.15630947964872738,-0.391754718139348,-7.778158274154304,-7.859791936016555
-39.1754718139348,0.16001979152573823,-0.391754718139348,-8.151800489859228,-8.444683650368445
-39.1754718139348,0.16373010340274907,-0.391754718139348,-8.534207807481753,-9.12541869628365
-39.1754718139348,0.1674404152797599,-0.391754718139348,-8.92538022702188,-9.914192425422362
-39.1754718139348,0.17115072715677074,-0.391754718139348,-9.32531774847961,-10.812660949487848
-39.1754718139348,0.17486103903378158,-0.391754718139348,-9.734020371854948,-11.80661143202702
-39.1754718139348,0.17857135091079243,-0.391754718139348,-10.151488097147883,-12.863632465511849
-39.1754718139348,0.18228166278780325,-0.391754718139348,-10.577720924358424,-13.936411270722305
-39.1754718139348,0.1859919746648141,-0.391754718139348,-11.012718853486565,-14.971879891154519
-39.1754718139348,0.18970228654182494,-0.391754718139348,-11.456481884532312,-15.922893892330114
-39.1754718139348,0.1934125984188358,-0.391754718139348,-11.909010017495662,-16.757386096537914
-39.1754718139348,0.1971229102958466,-0.391754718139348,-12.370303252376612,-17.46166456221005
-39.1754718139348,0.20083322217285746,-0.391754718139348,-12.840361589175165,-18.038071560001363
-39.1754718139348,0.2045435340498683,-0.391754718139348,-13.319185027891324,-18.499644391735288
-39.1754718139348,0.20825384592687915,-0.391754718139348,-13.806773568525086,-18.864566936767073
-39.1754718139348,0.21196415780388997,-0.391754718139348,-14.303127211076447,-19.15200044345452
-39.1754718139348,0.21567446968090082,-0.391754718139348,-14.808245955545415,-19.37964430706608
-39.1754718139348,0.21938478155791166,-0.391754718139348,-15.322129801931984,-19.562695923776232
-39.1754718139348,0.2230950934349225,-0.391754718139348,-15.844778750236156,-19.713703610499334
-39.1754718139348,0.22680540531193333,-0.391754718139348,-16.37619280045793,-19.842888486777696
-39.1754718139348,0.23051571718894417,-0.391754718139348,-16.916371952597306,-19.95865880854725
-39.1754718139348,0.23422602906595502,-0.391754718139348,-17.46531620665429,-20.068165726757876
-39.1754718139348,0.23793634094296587,-0.391754718139348,-18.023025562628874,-20.1778313458301
-39.1754718139348,0.2416466528199767,-0.391754718139348,-18.589500020521058,-20.293823830824383
-39.1754718139348,0.24535696469698753,-0.391754718139348,-19.16473958033085,-20.422471188095496
-39.1754718139348,0.24906727657399838,-0.391754718139348,-19.74874424205824,-20.57060379233261
-39.1754718139348,0.2527775884510092,-0.391754718139348,-20.34151400570324,-20.745800672560033
-39.1754718139348,0.25648790032802005,-0.391754718139348,-20.943048871265834,-20.956488919724347
-39.1754718139348,0.2601982122050309,-0.391754718139348,-21.553348838746043,-21.211813494248897
-39.1754718139348,0.26390852408204174,-0.391754718139348,-22.17241390814384,-21.521166285919282
-39.1754718139348,0.26761883595905256,-0.391754718139348,-22.80024407945924,-21.893259855179213
-39.1754718139348,0.27132914783606343,-0.391754718139348,-23.43683935269226,-22.334687347463632
-39.1754718139348,0.27503945971307425,-0.391754718139348,-24.08219972784287,-22.84806252526323
-39.1754718139348,0.27874977159008507,-0.391754718139348,-24.736325204911083,-23.43008814921053
-39.1754718139348,0.28246008346709595,-0.391754718139348,-25.399215783896906,-24.070179237735676
-39.1754718139348,0.28617039534410676,-0.391754718139348,-26.070871464800323,-24.750385631692495
-39.1754718139348,0.28988070722111764,-0.391754718139348,-26.751292247621354,-25.44710786547646
-39.1754718139348,0.29359101909812846,-0.391754718139348,-27.440478132359978,-26.13445139669163
-39.1754718139348,0.2973013309751393,-0.391754718139348,-28.138429119016205,-26.788314683214917
-39.1754718139348,0.30101164285215015,-0.391754718139348,-28.845145207590047,-27.38993871056244
-39.1754718139348,0.30472195472916097,-0.391754718139348,-29.560626398081478,-27.927924075799204
-37.78759496246577,0.011607316445304631,-0.3778759496246577,-0.04251738066506082,0.5676218023119428
-37.78759496246577,0.015317628322315471,-0.3778759496246577,-0.07404332394854299,0.5163680662587031
-37.78759496246577,0.01902794019932631,-0.3778759496246577,-0.11425794479910735,0.46196992827173244
-37.78759496246577,0.02273825207633715,-0.3778759496246577,-0.1631612432167539,0.40406795142826213
-37.78759496246577,0.02644856395334799,-0.3778759496246577,-0.2207532192014827,0.3422626280159824
-37.78759496246577,0.03015887583035883,-0.3778759496246577,-0.2870338727532937,0.2761116454215402
-37.78759496246577,0.03386918770736967,-0.3778759496246577,-0.36200320387218693,0.2051275538526547
-37.78759496246577,0.03757949958438051,-0.3778759496246577,-0.44566121255816227,0.12877607347863207
-37.78759496246577,0.04128981146139135,-0.3778759496246577,-0.5380078988112199,0.046475339539130855
-37.78759496246577,0.04500012333840219,-0.3778759496246577,-0.6390432626313597,-0.04240354920388145
-37.78759496246577,0.04871043521541303,-0.3778759496246577,-0.7487673040185817,-0.13853424423699878
-37.78759496246577,0.05242074709242387,-0.3778759496246577,-0.8671800229728859,-0.24263062373827426
-37.78759496246577,0.05613105896943471,-0.3778759496246577,-0.9942814194942723,-0.35543948047205576
-37.78759496246577,0.05984137084644555,-0.3778759496246577,-1.1300714935827407,-0.47772984525337203
-37.78759496246577,0.06355168272345639,-0.3778759496246577,-1.2745502452382917,-0.6102783905174543
-37.78759496246577,0.06726199460046722,-0.3778759496246577,-1.4277176744609243,-0.7538504464999047
-37.78759496246577,0.07097230647747807,-0.3778759496246577,-1.5895737812506396,-0.9091763438019382
-37.78759496246577,0.0746826183544889,-0.3778759496246577,-1.760118565607437,-1.0769230971074994
-37.78759496246577,0.07839293023149975,-0.3778759496246577,-1.9393520275313165,-1.2576618881529578
-37.78759496246577,0.08210324210851058,-0.3778759496246577,-2.127274167022278,-1.451832404053569
-37.78759496246577,0.08581355398552143,-0.3778759496246577,-2.3238849840803226,-1.6597058338275377
-37.78759496246577,0.08952386586253226,-0.3778759496246577,-2.5291844787054485,-1.881349189194898
-37.78759496246577,0.09323417773954311,-0.3778759496246577,-2.743172650897657,-2.1165945314870074
-37.78759496246577,0.09694448961655394,-0.3778759496246577,-2.9658495006569474,-2.3650175598130265
-37.78759496246577,0.10065480149356479,-0.3778759496246577,-3.19721502798332,-2.6259307313303726
-37.78759496246577,0.10436511337057562,-0.3778759496246577,-3.4372692328767753,-2.8983965304702375
-37.78759496246577,0.10807542524758647,-0.3778759496246577,-3.686012115337313,-3.1812666057568775
-37.78759496246577,0.1117857371245973,-0.3778759496246577,-3.9434436753649313,-3.4732522520534044
-37.78759496246577,0.11549604900160815,-0.3778759496246577,-4.209563912959633,-3.7730312388697342
-37.78759496246577,0.11920636087861898,-0.3778759496246577,-4.484372828121417,-4.079395480228656
-37.78759496246577,0.12291667275562983,-0.3778759496246577,-4.767870420850284,-4.391443761336466
-37.78759496246577,0.12662698463264066,-0.3778759496246577,-5.060056691146231,-4.708823838736073
-37.78759496246577,0.1303372965096515,-0.3778759496246577,-5.360931639009261,-5.032028520644417
-37.78759496246577,0.13404760838666235,-0.3778759496246577,-5.670495264439375,-5.362749862075347
-37.78759496246577,0.13775792026367317,-0.3778759496246577,-5.988747567436569,-5.704292054236314
-37.78759496246577,0.14146823214068402,-0.3778759496246577,-6.315688548000846,-6.062032417550095
-37.78759496246577,0.14517854401769487,-0.3778759496246577,-6.651318206132205,-6.443893471763942
-37.78759496246577,0.1488888558947057,-0.3778759496246577,-6.995636541830647,-6.860736390656436
-37.78759496246577,0.15259916777171653,-0.3778759496246577,-7.348643555096169,-7.32649576853728
-37.78759496246577,0.15630947964872738,-0.3778759496246577,-7.710339245928776,-7.857746189279465
-37.78759496246577,0.16001979152573823,-0.3778759496246577,-8.080723614328464,-8.472256786366328
-37.78759496246577,0.16373010340274907,-0.3778759496246577,-8.459796660295236,-9.186060996342801
-37.78759496246577,0.1674404152797599,-0.3778759496246577,-8.847558383829085,-10.008855161138081
-37.78759496246577,0.17115072715677074,-0.3778759496246577,-9.24400878493002,-10.938363458089565
-37.78759496246577,0.17486103903378158,-0.3778759496246577,-9.649147863598039,-11.9555877909923
-37.78759496246577,0.17857135091079243,-0.3778759496246577,-10.062975619833137,-13.023810638720933
-37.78759496246577,0.18228166278780325,-0.3778759496246577,-10.485492053635317,-14.093510887522692
-37.78759496246577,0.1859919746648141,-0.3778759496246577,-10.91669716500458,-15.11248743146365
-37.78759496246577,0.18970228654182494,-0.3778759496246577,-11.356590953940929,-16.037194197065606
-37.78759496246577,0.1934125984188358,-0.3778759496246577,-11.805173420444357,-16.84044860943037
-37.78759496246577,0.1971229102958466,-0.3778759496246577,-12.262444564514864,-17.513100189594738
-37.78759496246577,0.20083322217285746,-0.3778759496246577,-12.728404386152455,-18.060678593437164
-37.78759496246577,0.2045435340498683,-0.3778759496246577,-13.203052885357131,-18.4978492727201
-37.78759496246577,0.20825384592687915,-0.3778759496246577,-13.68639006212889,-18.843184065183742
-37.78759496246577,0.21196415780388997,-0.3778759496246577,-14.178415916467726,-19.115469191606444
-37.78759496246577,0.21567446968090082,-0.3778759496246577,-14.679130448373648,-19.331673949466726
-37.78759496246577,0.21938478155791166,-0.3778759496246577,-15.188533657846653,-19.506176568767017
-37.78759496246577,0.2230950934349225,-0.3778759496246577,-15.706625544886737,-19.65075581997685
-37.78759496246577,0.22680540531193333,-0.3778759496246577,-16.233406109493902,-19.774965533418253
-37.78759496246577,0.23051571718894417,-0.3778759496246577,-16.768875351668154,-19.88665321110487
-37.78759496246577,0.23422602906595502,-0.3778759496246577,-17.313033271409488,-19.992497416006195
-37.78759496246577,0.23793634094296587,-0.3778759496246577,-17.8658798687179,-20.09850982914685
-37.78759496246577,0.2416466528199767,-0.3778759496246577,-18.427415143593393,-20.210484823828704
-37.78759496246577,0.24535696469698753,-0.3778759496246577,-18.997639096035975,-20.334392833766977
-37.78759496246577,0.24906727657399838,-0.3778759496246577,-19.576551726045636,-20.47671131768335
-37.78759496246577,0.2527775884510092,-0.3778759496246577,-20.164153033622384,-20.644672792033056
-37.78759496246577,0.25648790032802005,-0.3778759496246577,-20.760443018766203,-20.84638527081161
-37.78759496246577,0.2601982122050309,-0.3778759496246577,-21.365421681477116,-21.090749408373323
-37.78759496246577,0.26390852408204174,-0.3778759496246577,-21.9790890217551,-21.387066599642004
-37.78759496246577,0.26761883595905256,-0.3778759496246577,-22.60144503960017,-21.744221331409236
-37.78759496246577,0.27132914783606343,-0.3778759496246577,-23.23248973501233,-22.1693605109228
-37.78759496246577,0.27503945971307425,-0.3778759496246577,-23.872223107991566,-22.666119960672702
-37.78759496246577,0.27874977159008507,-0.3778759496246577,-24.520645158537878,-23.232679929580016
-37.78759496246577,0.28246008346709595,-0.3778759496246577,-25.177755886651287,-23.860212937213266
-37.78759496246577,0.28617039534410676,-0.3778759496246577,-25.843555292331764,-24.53245828793885
-37.78759496246577,0.28988070722111764,-0.3778759496246577,-26.518043375579335,-25.227004771839226
-37.78759496246577,0.29359101909812846,-0.3778759496246577,-27.201220136393978,-25.918298532673894
-37.78759496246577,0.2973013309751393,-0.3778759496246577,-27.893085574775704,-26.5816359559753
-37.78759496246577,0.30101164285215015,-0.3778759496246577,-28.593639690724522,-27.19691465582021
-37.78759496246577,0.30472195472916097,-0.3778759496246577,-29.302882484240413,-27.751043497311287
-36.39971811099673,0.011607316445304631,-0.3639971811099673,-0.042143403937522944,0.631619318558003
-36.39971811099673,0.015317628322315471,-0.3639971811099673,-0.07339204958607838,0.5808675359387239
-36.39971811099673,0.01902794019932631,-0.3639971811099673,-0.11325294845119528,0.527000161884615
-36.39971811099673,0.02273825207633715,-0.3639971811099673,-0.16172610053287367,0.46966270943611943
-36.39971811099673,0.02644856395334799,-0.3639971811099673,-0.21881150583111358,0.4084613799431469
-36.39971811099673,0.03015887583035883,-0.3639971811099673,-0.28450916434591494,0.3429603881208976
-36.39971811099673,0.03386918770736967,-0.3639971811099673,-0.3588190760772779,0.27267967375898317
-36.39971811099673,0.03757949958438051,-0.3639971811099673,-0.44174124102520224,0.19709322833621656
-36.39971811099673,0.04128981146139135,-0.3639971811099673,-0.5332756591896881,0.11562832304033166
-36.39971811099673,0.04500012333840219,-0.3639971811099673,-0.6334223305707355,0.027665988473163372
-36.39971811099673,0.04871043521541303,-0.3639971811099673,-0.7421812551683443,-0.06745683781971912
-36.39971811099673,0.05242074709242387,-0.3639971811099673,-0.8595524329825147,-0.17044301779756066
-36.39971811099673,0.05613105896943471,-0.3639971811099673,-0.9855358640132464,-0.2820282459311094
-36.39971811099673,0.05984137084644555,-0.3639971811099673,-1.1201315482605396,-0.4029708578541433
-36.39971811099673,0.06355168272345639,-0.3639971811099673,-1.2633394857243947,-0.534037883192594
-36.39971811099673,0.06726199460046722,-0.3639971811099673,-1.4151596764048104,-0.6759868949559558
-36.39971811099673,0.07097230647747807,-0.3639971811099673,-1.5755921203017884,-0.8295433808739461
-36.39971811099673,0.0746826183544889,-0.3639971811099673,-1.7446368174153275,-0.9953736498883508
-36.39971811099673,0.07839293023149975,-0.3639971811099673,-1.9222937677454284,-1.1740537122110906
-36.39971811099673,0.08210324210851058,-0.3639971811099673,-2.1085629712920904,-1.366035147406113
-36.39971811099673,0.08581355398552143,-0.3639971811099673,-2.3034444280553146,-1.5716096988667625
-36.39971811099673,0.08952386586253226,-0.3639971811099673,-2.5069381380350997,-1.7908751778873822
-36.39971811099673,0.09323417773954311,-0.3639971811099673,-2.719044101231446,-2.0237061700428765
-36.39971811099673,0.09694448961655394,-0.3639971811099673,-2.9397623176443544,-2.2697339255225035
-36.39971811099673,0.10065480149356479,-0.3639971811099673,-3.169092787273824,-2.5283405784412887
-36.39971811099673,0.10436511337057562,-0.3639971811099673,-3.4070355101198553,-2.798673374035571
-36.39971811099673,0.10807542524758647,-0.3639971811099673,-3.653590486182448,-3.0796848152440415
-36.39971811099673,0.1117857371245973,-0.3639971811099673,-3.9087577154616016,-3.370204566641484
-36.39971811099673,0.11549604900160815,-0.3639971811099673,-4.172537197957317,-3.6690486608817094
-36.39971811099673,0.11920636087861898,-0.3639971811099673,-4.444928933669595,-3.9751712130855132
-36.39971811099673,0.12291667275562983,-0.3639971811099673,-4.7259329225984334,-4.287863656080532
-36.39971811099673,0.12662698463264066,-0.3639971811099673,-5.015549164743834,-4.607006527088783
-36.39971811099673,0.1303372965096515,-0.3639971811099673,-5.313777660105795,-4.9333787166948735
-36.39971811099673,0.13404760838666235,-0.3639971811099673,-5.620618408684319,-5.269027621709694
-36.39971811099673,0.13775792026367317,-0.3639971811099673,-5.936071410479402,-5.617698072454324
-36.39971811099673,0.14146823214068402,-0.3639971811099673,-6.260136665491049,-5.985303052737819
-36.39971811099673,0.14517854401769487,-0.3639971811099673,-6.592814173719256,-6.380386679206427
-36.39971811099673,0.1488888558947057,-0.3639971811099673,-6.934103935164026,-6.814468347558004
-36.39971811099673,0.15259916777171653,-0.3639971811099673,-7.284005949825355,-7.302056553319255
-36.39971811099673,0.15630947964872738,-0.3639971811099673,-7.642520217703248,-7.859987194490294
-36.39971811099673,0.16001979152573823,-0.3639971811099673,-8.009646738797702,-8.505624678825383
-36.39971811099673,0.16373010340274907,-0.3639971811099673,-8.385385513108718,-9.253500360517737
-36.39971811099673,0.1674404152797599,-0.3639971811099673,-8.769736540636291,-10.110376392062669
-36.39971811099673,0.17115072715677074,-0.3639971811099673,-9.16269982138043,-11.069687595857706
-36.39971811099673,0.17486103903378158,-0.3639971811099673,-9.564275355341131,-12.107588956207259
-36.39971811099673,0.17857135091079243,-0.3639971811099673,-9.97446314251839,-13.183443985727111
-36.39971811099673,0.18228166278780325,-0.3639971811099673,-10.393263182912213,-14.246285587491592
-36.39971811099673,0.1859919746648141,-0.3639971811099673,-10.820675476522595,-15.245601403564844
-36.39971811099673,0.18970228654182494,-0.3639971811099673,-11.256700023349543,-16.141971796128754
-36.39971811099673,0.1934125984188358,-0.3639971811099673,-11.701336823393051,-16.913183814833904
-36.39971811099673,0.1971229102958466,-0.3639971811099673,-12.154585876653117,-17.55437303116452
-36.39971811099673,0.20083322217285746,-0.3639971811099673,-12.616447183129747,-18.073873183081208
-36.39971811099673,0.2045435340498683,-0.3639971811099673,-13.086920742822938,-18.487635622483975
-36.39971811099673,0.20825384592687915,-0.3639971811099673,-13.566006555732693,-18.814390040850785
-36.39971811099673,0.21196415780388997,-0.3639971811099673,-14.053704621859005,-19.072427669478657
-36.39971811099673,0.21567446968090082,-0.3639971811099673,-14.550014941201882,-19.27794592877293
-36.39971811099673,0.21938478155791166,-0.3639971811099673,-15.05493751376132,-19.444506882065728
-36.39971811099673,0.2230950934349225,-0.3639971811099673,-15.568472339537319,-19.58314347726749
-36.39971811099673,0.22680540531193333,-0.3639971811099673,-16.090619418529876,-19.70277266853074
-36.39971811099673,0.23051571718894417,-0.3639971811099673,-16.621378750738998,-19.81071149943074
-36.39971811099673,0.23422602906595502,-0.3639971811099673,-17.160750336164682,-19.91319357542787
-36.39971811099673,0.23793634094296587,-0.3639971811099673,-17.708734174806928,-20.01584466585793
-36.39971811099673,0.2416466528199767,-0.3639971811099673,-18.265330266665732,-20.124107007898484
-36.39971811099673,0.24535696469698753,-0.3639971811099673,-18.8305386117411,-20.243612367182823
-36.39971811099673,0.24906727657399838,-0.3639971811099673,-19.404359210033032,-20.380500748157125
-36.39971811099673,0.2527775884510092,-0.3639971811099673,-19.986792061541525,-20.54166812130538
-36.39971811099673,0.25648790032802005,-0.3639971811099673,-20.577837166266573,-20.73490399265267
-36.39971811099673,0.2601982122050309,-0.3639971811099673,-21.177494524208193,-20.96884994371533
-36.39971811099673,0.26390852408204174,-0.3639971811099673,-21.785764135366364,-21.25267946693345
-36.39971811099673,0.26761883595905256,-0.3639971811099673,-22.402645999741093,-21.595382612408645
-36.39971811099673,0.27132914783606343,-0.3639971811099673,-23.0281401173324,-22.00456413043896
-36.39971811099673,0.27503945971307425,-0.3639971811099673,-23.66224648814026,-22.484767999325047
-36.39971811099673,0.27874977159008507,-0.3639971811099673,-24.304965112164673,-23.035548515713558
-36.39971811099673,0.28246008346709595,-0.3639971811099673,-24.956295989405664,-23.649784649948852
-36.39971811099673,0.28617039534410676,-0.3639971811099673,-25.616239119863202,-24.312945502448173
-36.39971811099673,0.28988070722111764,-0.3639971811099673,-26.284794503537317,-25.00395112439277
-36.39971811099673,0.29359101909812846,-0.3639971811099673,-26.96196214042798,-25.69780160233583
-36.39971811099673,0.2973013309751393,-0.3639971811099673,-27.647742030535206,-26.369408586999054
-36.39971811099673,0.30101164285215015,-0.3639971811099673,-28.342134173859,-26.997481277196297
-36.39971811099673,0.30472195472916097,-0.3639971811099673,-29.04513857039935,-27.56729539955679
-35.0118412595277,0.011607316445304631,-0.350118412595277,-0.04176942720998507,0.6987505062945021
-35.0118412595277,0.015317628322315471,-0.350118412595277,-0.07274077522361376,0.6485345095224895
-35.0118412595277,0.01902794019932631,-0.350118412595277,-0.11224795210328321,0.5952333394720013
-35.0118412595277,0.02273825207633715,-0.350118412595277,-0.16029095784899344,0.5384975896189184
-35.0118412595277,0.02644856395334799,-0.350118412595277,-0.21686979246074448,0.47793930094733716
-35.0118412595277,0.03015887583035883,-0.350118412595277,-0.28198445593853627,0.4131293427281497
-35.0118412595277,0.03386918770736967,-0.350118412595277,-0.3556349482823689,0.34359516390566136
-35.0118412595277,0.03757949958438051,-0.350118412595277,-0.4378212694922422,0.2688191339424246
-35.0118412595277,0.04128981146139135,-0.350118412595277,-0.5285434195681564,0.1882377475318091
-35.0118412595277,0.04500012333840219,-0.350118412595277,-0.6278013985101113,0.10124202836707785
-35.0118412595277,0.04871043521541303,-0.350118412595277,-0.735595206318107,0.007179529860638523
-35.0118412595277,0.05242074709242387,-0.350118412595277,-0.8519248429921434,-0.0946416102483345
-35.0118412595277,0.05613105896943471,-0.350118412595277,-0.9767903085322207,-0.20494605766279217
-35.0118412595277,0.05984137084644555,-0.350118412595277,-1.1101916029383387,-0.3244815856436214
-35.0118412595277,0.06355168272345639,-0.350118412595277,-1.2521287262104974,-0.4540057880422925
-35.0118412595277,0.06726199460046722,-0.350118412595277,-1.4026016783486968,-0.5942687738300723
-35.0118412595277,0.07097230647747807,-0.350118412595277,-1.5616104593529372,-0.7459915809253459
-35.0118412595277,0.0746826183544889,-0.350118412595277,-1.7291550692232183,-0.9098403225601503
-35.0118412595277,0.07839293023149975,-0.350118412595277,-1.9052355079595402,-1.086396487611857
-35.0118412595277,0.08210324210851058,-0.350118412595277,-2.0898517755619026,-1.2761243718864004
-35.0118412595277,0.08581355398552143,-0.350118412595277,-2.2830038720303065,-1.4793373202141382
-35.0118412595277,0.08952386586253226,-0.350118412595277,-2.4846917973647504,-1.6961652876236657
-35.0118412595277,0.09323417773954311,-0.350118412595277,-2.6949155515652357,-1.9265271331350131
-35.0118412595277,0.09694448961655394,-0.350118412595277,-2.9136751346317613,-2.170111966088541
-35.0118412595277,0.10065480149356479,-0.350118412595277,-3.140970546564328,-2.426374677428158
-35.0118412595277,0.10436511337057562,-0.350118412595277,-3.376801787362935,-2.6945514110882636
-35.0118412595277,0.10807542524758647,-0.350118412595277,-3.6211688570275835,-2.973701094425727
-35.0118412595277,0.1117857371245973,-0.350118412595277,-3.8740717555582718,-3.2627792397891366
-35.0118412595277,0.11549604900160815,-0.350118412595277,-4.135510482955002,-3.5607501178799437
-35.0118412595277,0.11920636087861898,-0.350118412595277,-4.405485039217772,-3.866743219835186
-35.0118412595277,0.12291667275562983,-0.350118412595277,-4.683995424346584,-4.1802597953667435
-35.0118412595277,0.12662698463264066,-0.350118412595277,-4.971041638341435,-4.501435130486545
-35.0118412595277,0.1303372965096515,-0.350118412595277,-5.266623681202328,-4.831361577086948
-35.0118412595277,0.13404760838666235,-0.350118412595277,-5.570741552929262,-5.172474646001765
-35.0118412595277,0.13775792026367317,-0.350118412595277,-5.883395253522235,-5.528996477307118
-35.0118412595277,0.14146823214068402,-0.350118412595277,-6.204584782981251,-5.907411827437949
-35.0118412595277,0.14517854401769487,-0.350118412595277,-6.534310141306307,-6.316912226690992
-35.0118412595277,0.1488888558947057,-0.350118412595277,-6.872571328497404,-6.769672889450498
-35.0118412595277,0.15259916777171653,-0.350118412595277,-7.21936834455454,-7.2807172449332285
-35.0118412595277,0.15630947964872738,-0.350118412595277,-7.574701189477719,-7.866990318503819
-35.0118412595277,0.16001979152573823,-0.350118412595277,-7.938569863266938,-8.545174434443805
-35.0118412595277,0.16373010340274907,-0.350118412595277,-8.310974365922199,-9.327899510036355
-35.0118412595277,0.1674404152797599,-0.350118412595277,-8.691914697443497,-10.218553184634146
-35.0118412595277,0.17115072715677074,-0.350118412595277,-9.081390857830838,-11.205979571259352
-35.0118412595277,0.17486103903378158,-0.350118412595277,-9.479402847084222,-12.261544373753786
-35.0118412595277,0.17857135091079243,-0.350118412595277,-9.885950665203644,-13.341213711054474
-35.0118412595277,0.18228166278780325,-0.350118412595277,-10.301034312189108,-14.393408893554893
-35.0118412595277,0.1859919746648141,-0.350118412595277,-10.724653788040612,-15.370094911542441
-35.0118412595277,0.18970228654182494,-0.350118412595277,-11.156809092758158,-16.236399180477935
-35.0118412595277,0.1934125984188358,-0.350118412595277,-11.597500226341745,-16.975053367877653
-35.0118412595277,0.1971229102958466,-0.350118412595277,-12.046727188791369,-17.585160582763248
-35.0118412595277,0.20083322217285746,-0.350118412595277,-12.504489980107037,-18.07746327898556
-35.0118412595277,0.2045435340498683,-0.350118412595277,-12.970788600288746,-18.46887377873291
-35.0118412595277,0.20825384592687915,-0.350118412595277,-13.445623049336497,-18.778074313769913
-35.0118412595277,0.21196415780388997,-0.350118412595277,-13.928993327250284,-19.022761689603648
-35.0118412595277,0.21567446968090082,-0.350118412595277,-14.420899434030115,-19.218332899383682
-35.0118412595277,0.21938478155791166,-0.350118412595277,-14.921341369675988,-19.37754391326072
-35.0118412595277,0.2230950934349225,-0.350118412595277,-15.430319134187899,-19.51070863192075
-35.0118412595277,0.22680540531193333,-0.350118412595277,-15.94783272756585,-19.626138354720297
-35.0118412595277,0.23051571718894417,-0.350118412595277,-16.473882149809846,-19.730649678344612
-35.0118412595277,0.23422602906595502,-0.350118412595277,-17.00846740091988,-19.83005815264962
-35.0118412595277,0.23793634094296587,-0.350118412595277,-17.551588480895955,-19.929627315504984
-35.0118412595277,0.2416466528199767,-0.350118412595277,-18.10324538973807,-20.034468187543087
-35.0118412595277,0.24535696469698753,-0.350118412595277,-18.663438127446227,-20.149892300649654
-35.0118412595277,0.24906727657399838,-0.350118412595277,-19.232166694020425,-20.28171768527735
-35.0118412595277,0.2527775884510092,-0.350118412595277,-19.809431089460666,-20.43651456701206
-35.0118412595277,0.25648790032802005,-0.350118412595277,-20.395231313766942,-20.621756601082552
-35.0118412595277,0.2601982122050309,-0.350118412595277,-20.98956736693927,-20.845815334442356
-35.0118412595277,0.26390852408204174,-0.350118412595277,-21.592439248977623,-21.117704707303254
-35.0118412595277,0.26761883595905256,-0.350118412595277,-22.20384695988202,-21.446461214654818
-35.0118412595277,0.27132914783606343,-0.350118412595277,-22.82379049965247,-21.84005848921434
-35.0118412595277,0.27503945971307425,-0.350118412595277,-23.45226986828895,-22.30383804430576
-35.0118412595277,0.27874977159008507,-0.350118412595277,-24.08928506579147,-22.838620163644784
-35.0118412595277,0.28246008346709595,-0.350118412595277,-24.73483609216004,-23.438924054790807
-35.0118412595277,0.28617039534410676,-0.350118412595277,-25.388922947394644,-24.091965413914572
-35.0118412595277,0.28988070722111764,-0.350118412595277,-26.051545631495294,-24.77811481645744
-35.0118412595277,0.29359101909812846,-0.350118412595277,-26.722704144461975,-25.47312621441113
-35.0118412595277,0.2973013309751393,-0.350118412595277,-27.402398486294704,-26.151747218065584
-35.0118412595277,0.30101164285215015,-0.350118412595277,-28.090628656993477,-26.79167119831979
-35.0118412595277,0.30472195472916097,-0.350118412595277,-28.78739465655828,-27.37662226032385
-33.62396440805866,0.011607316445304631,-0.3362396440805866,-0.041395450482447194,0.7691625908890101
-33.62396440805866,0.015317628322315471,-0.3362396440805866,-0.07208950086114914,0.719516657569425
-33.62396440805866,0.01902794019932631,-0.3362396440805866,-0.11124295575537113,0.6668175056347503
-33.62396440805866,0.02273825207633715,-0.3362396440805866,-0.15885581516511318,0.6107209278191112
-33.62396440805866,0.02644856395334799,-0.3362396440805866,-0.21492807909037534,0.5508449224605931
-33.62396440805866,0.03015887583035883,-0.3362396440805866,-0.27945974753115754,0.48676712661672084
-33.62396440805866,0.03386918770736967,-0.3362396440805866,-0.3524508204874599,0.41802260294847815
-33.62396440805866,0.03757949958438051,-0.3362396440805866,-0.43390129795928223,0.34410218976791174
-33.62396440805866,0.04128981146139135,-0.3362396440805866,-0.5238111799466246,0.26445167654567014
-33.62396440805866,0.04500012333840219,-0.3362396440805866,-0.6221804664494871,0.17847212498853016
-33.62396440805866,0.04871043521541303,-0.3362396440805866,-0.7290091574678697,0.08552171538718212
-33.62396440805866,0.05242074709242387,-0.3362396440805866,-0.8442972530017723,-0.015080446007861736
-33.62396440805866,0.05613105896943471,-0.3362396440805866,-0.9680447530511949,-0.12404807845626542
-33.62396440805866,0.05984137084644555,-0.3362396440805866,-1.1002516576161376,-0.2421185358889828
-33.62396440805866,0.06355168272345639,-0.3362396440805866,-1.2409179666966004,-0.3700401905335553
-33.62396440805866,0.06726199460046722,-0.3362396440805866,-1.3900436802925829,-0.5085559842859844
-33.62396440805866,0.07097230647747807,-0.3362396440805866,-1.547628798404086,-0.6583828991308771
-33.62396440805866,0.0746826183544889,-0.3362396440805866,-1.7136733210311088,-0.8201873618388442
-33.62396440805866,0.07839293023149975,-0.3362396440805866,-1.888177248173652,-0.9945569905634482
-33.62396440805866,0.08210324210851058,-0.3362396440805866,-2.071140579831715,-1.1819696276226288
-33.62396440805866,0.08581355398552143,-0.3362396440805866,-2.2625633160052985,-1.3827612864928478
-33.62396440805866,0.08952386586253226,-0.3362396440805866,-2.4624454566944016,-1.5970954551302332
-33.62396440805866,0.09323417773954311,-0.3362396440805866,-2.6707870018990247,-1.8249371008903565
-33.62396440805866,0.09694448961655394,-0.3362396440805866,-2.8875879516191683,-2.0660356480401862
-33.62396440805866,0.10065480149356479,-0.3362396440805866,-3.1128483058548313,-2.3199220619616554
-33.62396440805866,0.10436511337057562,-0.3362396440805866,-3.3465680646060147,-2.5859258865863657
-33.62396440805866,0.10807542524758647,-0.3362396440805866,-3.588747227872719,-2.8632185765742433
-33.62396440805866,0.1117857371245973,-0.3362396440805866,-3.839385795654942,-3.1508897239666513
-33.62396440805866,0.11549604900160815,-0.3362396440805866,-4.098483767952686,-3.448062843664628
-33.62396440805866,0.11920636087861898,-0.3362396440805866,-4.3660411447659495,-3.7540573401756
-33.62396440805866,0.12291667275562983,-0.3362396440805866,-4.642057926094734,-4.068603177318424
-33.62396440805866,0.12662698463264066,-0.3362396440805866,-4.926534111939038,-4.392114432232339
-33.62396440805866,0.1303372965096515,-0.3362396440805866,-5.219469702298861,-4.726026580300201
-33.62396440805866,0.13404760838666235,-0.3362396440805866,-5.520864697174206,-5.073198142471934
-33.62396440805866,0.13775792026367317,-0.3362396440805866,-5.830719096565069,-5.438366422708052
-33.62396440805866,0.14146823214068402,-0.3362396440805866,-6.149032900471454,-5.828622857171655
-33.62396440805866,0.14517854401769487,-0.3362396440805866,-6.475806108893357,-6.253826255135775
-33.62396440805866,0.1488888558947057,-0.3362396440805866,-6.811038721830783,-6.726791250896151
-33.62396440805866,0.15259916777171653,-0.3362396440805866,-7.154730739283726,-7.262971771835647
-33.62396440805866,0.15630947964872738,-0.3362396440805866,-7.50688216125219,-7.879231799357394
-33.62396440805866,0.16001979152573823,-0.3362396440805866,-7.867492987736175,-8.59124989221638
-33.62396440805866,0.16373010340274907,-0.3362396440805866,-8.23656321873568,-9.409323289954198
-33.62396440805866,0.1674404152797599,-0.3362396440805866,-8.614092854250703,-10.333035766273929
-33.62396440805866,0.17115072715677074,-0.3362396440805866,-9.000081894281248,-11.34641816204145
-33.62396440805866,0.17486103903378158,-0.3362396440805866,-9.394530338827314,-12.416239554242297
-33.62396440805866,0.17857135091079243,-0.3362396440805866,-9.797438187888899,-13.495718622375923
-33.62396440805866,0.18228166278780325,-0.3362396440805866,-10.208805441466003,-14.53354428063132
-33.62396440805866,0.1859919746648141,-0.3362396440805866,-10.628632099558628,-15.484884783439018
-33.62396440805866,0.18970228654182494,-0.3362396440805866,-11.056918162166774,-16.319715103058478
-33.62396440805866,0.1934125984188358,-0.3362396440805866,-11.49366362929044,-17.02558233366197
-33.62396440805866,0.1971229102958466,-0.3362396440805866,-11.938868500929622,-17.605188779563857
-33.62396440805866,0.20083322217285746,-0.3362396440805866,-12.392532777084327,-18.071288824530892
-33.62396440805866,0.2045435340498683,-0.3362396440805866,-12.854656457754553,-18.44145314994895
-33.62396440805866,0.20825384592687915,-0.3362396440805866,-13.3252395429403,-18.7341369024979
-33.62396440805866,0.21196415780388997,-0.3362396440805866,-13.804282032641563,-18.96636266980966
-33.62396440805866,0.21567446968090082,-0.3362396440805866,-14.291783926858349,-19.15271049796148
-33.62396440805866,0.21938478155791166,-0.3362396440805866,-14.787745225590657,-19.30514646421022
-33.62396440805866,0.2230950934349225,-0.3362396440805866,-15.29216592883848,-19.433294642222666
-33.62396440805866,0.22680540531193333,-0.3362396440805866,-15.805046036601823,-19.544892363373563
-33.62396440805866,0.23051571718894417,-0.3362396440805866,-16.32638554888069,-19.64628532826527
-33.62396440805866,0.23422602906595502,-0.3362396440805866,-16.856184465675078,-19.742897118900498
-33.62396440805866,0.23793634094296587,-0.3362396440805866,-17.394442786984985,-19.839651845772103
-33.62396440805866,0.2416466528199767,-0.3362396440805866,-17.941160512810406,-19.94134945748361
-33.62396440805866,0.24535696469698753,-0.3362396440805866,-18.496337643151353,-20.052999152743737
-33.62396440805866,0.24906727657399838,-0.3362396440805866,-19.05997417800782,-20.18011236706047
-33.62396440805866,0.2527775884510092,-0.3362396440805866,-19.63207011737981,-20.328945005984664
-33.62396440805866,0.25648790032802005,-0.3362396440805866,-20.21262546126731,-20.506659288807334
-33.62396440805866,0.2601982122050309,-0.3362396440805866,-20.801640209670346,-20.721349122432635
-33.62396440805866,0.26390852408204174,-0.3362396440805866,-21.399114362588886,-20.981842513921336
-33.62396440805866,0.26761883595905256,-0.3362396440805866,-22.005047920022946,-21.297170210863197
-33.62396440805866,0.27132914783606343,-0.3362396440805866,-22.61944088197254,-21.67559293892246
-33.62396440805866,0.27503945971307425,-0.3362396440805866,-23.242293248437644,-22.123143548138465
-33.62396440805866,0.27874977159008507,-0.3362396440805866,-23.873605019418267,-22.64179779778025
-33.62396440805866,0.28246008346709595,-0.3362396440805866,-24.51337619491442,-23.227636360750395
-33.62396440805866,0.28617039534410676,-0.3362396440805866,-25.16160677492608,-23.869616490412263
-33.62396440805866,0.28988070722111764,-0.3362396440805866,-25.818296759453276,-24.549654228434868
-33.62396440805866,0.29359101909812846,-0.3362396440805866,-26.483446148495975,-25.244440945176272
-33.62396440805866,0.2973013309751393,-0.3362396440805866,-27.157054942054202,-25.928780232749467
-33.62396440805866,0.30101164285215015,-0.3362396440805866,-27.839123140127956,-26.579536937143317
-33.62396440805866,0.30472195472916097,-0.3362396440805866,-28.529650742717216,-27.178987357530037
-32.23608755658963,0.011607316445304631,-0.3223608755658963,-0.04102147375490931,0.8430053801806989
-32.23608755658963,0.015317628322315471,-0.3223608755658963,-0.07143822649868452,0.7939640992321928
-32.23608755658963,0.01902794019932631,-0.3223608755658963,-0.11023795940745906,0.7419030099759627
-32.23608755658963,0.02273825207633715,-0.3223608755658963,-0.15742067248123295,0.6864832108924384
-32.23608755658963,0.02644856395334799,-0.3223608755658963,-0.21298636572000623,0.6273287618393344
-32.23608755658963,0.03015887583035883,-0.3223608755658963,-0.27693503912377887,0.5640241661795604
-32.23608755658963,0.03386918770736967,-0.3223608755658963,-0.3492666926925509,0.4961121891121849
-32.23608755658963,0.03757949958438051,-0.3223608755658963,-0.4299813264263222,0.423092212107983
-32.23608755658963,0.04128981146139135,-0.3223608755658963,-0.5190789403250928,0.344419373622032
-32.23608755658963,0.04500012333840219,-0.3223608755658963,-0.6165595343888629,0.25950480113527186
-32.23608755658963,0.04871043521541303,-0.3223608755658963,-0.7224231086176323,0.1677172960803437
-32.23608755658963,0.05242074709242387,-0.3223608755658963,-0.836669663011401,0.06838688628793199
-32.23608755658963,0.05613105896943471,-0.3223608755658963,-0.9592991975701691,-0.03918929749985334
-32.23608755658963,0.05984137084644555,-0.3223608755658963,-1.0903117122939365,-0.15573834484433458
-32.23608755658963,0.06355168272345639,-0.3223608755658963,-1.2297072071827033,-0.28199962982996873
-32.23608755658963,0.06726199460046722,-0.3223608755658963,-1.3774856822364692,-0.41870923098175417
-32.23608755658963,0.07097230647747807,-0.3223608755658963,-1.5336471374552347,-0.5665804730472666
-32.23608755658963,0.0746826183544889,-0.3223608755658963,-1.6981915728389996,-0.7262806101977113
-32.23608755658963,0.07839293023149975,-0.3223608755658963,-1.871118988387764,-0.8984040481428395
-32.23608755658963,0.08210324210851058,-0.3223608755658963,-2.052429384101527,-1.0834430221346947
-32.23608755658963,0.08581355398552143,-0.3223608755658963,-2.2421227599802904,-1.2817573144885699
-32.23608755658963,0.08952386586253226,-0.3223608755658963,-2.4401991160240524,-1.4935453972632462
-32.23608755658963,0.09323417773954311,-0.3223608755658963,-2.646658452232814,-1.7188202890313746
-32.23608755658963,0.09694448961655394,-0.3223608755658963,-2.8615007686065748,-1.9573943617491134
-32.23608755658963,0.10065480149356479,-0.3223608755658963,-3.084726065145335,-2.208878248944411
-32.23608755658963,0.10436511337057562,-0.3223608755658963,-3.3163343418490947,-2.4726998092921892
-32.23608755658963,0.10807542524758647,-0.3223608755658963,-3.556325598717854,-2.7481497252137355
-32.23608755658963,0.1117857371245973,-0.3223608755658963,-3.804699835751612,-3.034460736399118
-32.23608755658963,0.11549604900160815,-0.3223608755658963,-4.06145705295037,-3.3309277404664157
-32.23608755658963,0.11920636087861898,-0.3223608755658963,-4.326597250314127,-3.6370760725579494
-32.23608755658963,0.12291667275562983,-0.3223608755658963,-4.600120427842884,-3.9528851579258575
-32.23608755658963,0.12662698463264066,-0.3223608755658963,-4.882026585536639,-4.2790740783486045
-32.23608755658963,0.1303372965096515,-0.3223608755658963,-5.1723157233953945,-4.61745338685181
-32.23608755658963,0.13404760838666235,-0.3223608755658963,-5.4709878414191495,-4.971341436613806
-32.23608755658963,0.13775792026367317,-0.3223608755658963,-5.778042939607902,-5.346029128308482
-32.23608755658963,0.14146823214068402,-0.3223608755658963,-6.093481017961656,-5.749246972316979
-32.23608755658963,0.14517854401769487,-0.3223608755658963,-6.417302076480408,-6.19153259408768
-32.23608755658963,0.1488888558947057,-0.3223608755658963,-6.749506115164161,-6.686305967272664
-32.23608755658963,0.15259916777171653,-0.3223608755658963,-7.0900931340129105,-7.249336940221002
-32.23608755658963,0.15630947964872738,-0.3223608755658963,-7.439063133026662,-7.897176272242377
-32.23608755658963,0.16001979152573823,-0.3223608755658963,-7.796416112205413,-8.644132957779519
-32.23608755658963,0.16373010340274907,-0.3223608755658963,-8.162152071549162,-9.497717530083905
-32.23608755658963,0.1674404152797599,-0.3223608755658963,-8.536271011057908,-10.453311239546942
-32.23608755658963,0.17115072715677074,-0.3223608755658963,-8.918772930731658,-11.49001115625934
-32.23608755658963,0.17486103903378158,-0.3223608755658963,-9.309657830570405,-12.570328178141777
-32.23608755658963,0.17857135091079243,-0.3223608755658963,-9.708925710574151,-13.64549786497546
-32.23608755658963,0.18228166278780325,-0.3223608755658963,-10.116576570742897,-14.665368913264592
-32.23608755658963,0.1859919746648141,-0.3223608755658963,-10.532610411076643,-15.588948849603065
-32.23608755658963,0.18970228654182494,-0.3223608755658963,-10.957027231575388,-16.391233585492454
-32.23608755658963,0.1934125984188358,-0.3223608755658963,-11.389827032239134,-17.064362181712973
-32.23608755658963,0.1971229102958466,-0.3223608755658963,-11.831009813067874,-17.614232102769122
-32.23608755658963,0.20083322217285746,-0.3223608755658963,-12.280575574061617,-18.055221134087617
-32.23608755658963,0.2045435340498683,-0.3223608755658963,-12.73852431522036,-18.405281844396427
-32.23608755658963,0.20825384592687915,-0.3223608755658963,-13.204856036544104,-18.682488521993648
-32.23608755658963,0.21196415780388997,-0.3223608755658963,-13.679570738032842,-18.903128201969018
-32.23608755658963,0.21567446968090082,-0.3223608755658963,-14.162668419686582,-19.08095822293051
-32.23608755658963,0.21938478155791166,-0.3223608755658963,-14.654149081505324,-19.22717616458132
-32.23608755658963,0.2230950934349225,-0.3223608755658963,-15.154012723489062,-19.35074736565138
-32.23608755658963,0.22680540531193333,-0.3223608755658963,-15.662259345637796,-19.458867027296378
-32.23608755658963,0.23051571718894417,-0.3223608755658963,-16.178888947951535,-19.557438886748837
-32.23608755658963,0.23422602906595502,-0.3223608755658963,-16.703901530430276,-19.651519759030403
-32.23608755658963,0.23793634094296587,-0.3223608755658963,-17.237297093074012,-19.745716220263564
-32.23608755658963,0.2416466528199767,-0.3223608755658963,-17.779075635882744,-19.844536487289016
-32.23608755658963,0.24535696469698753,-0.3223608755658963,-18.32923715885648,-19.952704741944434
-32.23608755658963,0.24906727657399838,-0.3223608755658963,-18.887781661995216,-20.075441001901904
-32.23608755658963,0.2527775884510092,-0.3223608755658963,-19.454709145298953,-20.21869871760428
-32.23608755658963,0.25648790032802005,-0.3223608755658963,-20.03001960876768,-20.389334547539875
-32.23608755658963,0.2601982122050309,-0.3223608755658963,-20.61371305240142,-20.59516009018177
-32.23608755658963,0.26390852408204174,-0.3223608755658963,-21.205789476200145,-20.844795821799604
-32.23608755658963,0.26761883595905256,-0.3223608755658963,-21.806248880163874,-21.1472210985983
-32.23608755658963,0.27132914783606343,-0.3223608755658963,-22.41509126429261,-21.510909175840197
-32.23608755658963,0.27503945971307425,-0.3223608755658963,-23.03231662858634,-21.942483352469317
-32.23608755658963,0.27874977159008507,-0.3223608755658963,-23.657924973045063,-22.444963825448877
-32.23608755658963,0.28246008346709595,-0.3223608755658963,-24.2919162976688,-23.01590396239172
-32.23608755658963,0.28617039534410676,-0.3223608755658963,-24.934290602457523,-23.6459777067378
-32.23608755658963,0.28988070722111764,-0.3223608755658963,-25.585047887411257,-24.318717211285225
-32.23608755658963,0.29359101909812846,-0.3223608755658963,-26.244188152529976,-25.01191595085296
-32.23608755658963,0.2973013309751393,-0.3223608755658963,-26.9117113978137,-25.700648927138126
-32.23608755658963,0.30101164285215015,-0.3223608755658963,-27.587617623262435,-26.361151195405327
-32.23608755658963,0.30472195472916097,-0.3223608755658963,-28.27190682887615,-26.97437619219316
-30.848210705120593,0.011607316445304631,-0.30848210705120593,-0.040647497027371436,0.9204305600191673
-30.848210705120593,0.015317628322315471,-0.30848210705120593,-0.0707869521362199,0.8720286809327178
-30.848210705120593,0.01902794019932631,-0.30848210705120593,-0.109232963059547,0.8206417690549135
-30.848210705120593,0.02273825207633715,-0.30848210705120593,-0.15598552979735272,0.7659363221330933
-30.848210705120593,0.02644856395334799,-0.30848210705120593,-0.21104465234963712,0.7075425515042613
-30.848210705120593,0.03015887583035883,-0.30848210705120593,-0.27441033071640014,0.6450519099712146
-30.848210705120593,0.03386918770736967,-0.30848210705120593,-0.3460825648976419,0.5780149376540449
-30.848210705120593,0.03757949958438051,-0.30848210705120593,-0.42606135489336217,0.5059396161994416
-30.848210705120593,0.04128981146139135,-0.30848210705120593,-0.5143467007035611,0.428290469394806
-30.848210705120593,0.04500012333840219,-0.30848210705120593,-0.6109386023282387,0.34448870020507916
-30.848210705120593,0.04871043521541303,-0.30848210705120593,-0.715837059767395,0.253913707682514
-30.848210705120593,0.05242074709242387,-0.30848210705120593,-0.8290420730210298,0.15590637729696577
-30.848210705120593,0.05613105896943471,-0.30848210705120593,-0.9505536420891433,0.04977457762930393
-30.848210705120593,0.05984137084644555,-0.30848210705120593,-1.0803717669717354,-0.0651986854834854
-30.848210705120593,0.06355168272345639,-0.30848210705120593,-1.2184964476688063,-0.1897440235759349
-30.848210705120593,0.06726199460046722,-0.30848210705120593,-1.3649276841803553,-0.32459096597608705
-30.848210705120593,0.07097230647747807,-0.30848210705120593,-1.5196654765063835,-0.4704495887130997
-30.848210705120593,0.0746826183544889,-0.30848210705120593,-1.6827098246468901,-0.6279884985237099
-30.848210705120593,0.07839293023149975,-0.30848210705120593,-1.8540607286018755,-0.7978095635156055
-30.848210705120593,0.08210324210851058,-0.30848210705120593,-2.0337181883713393,-0.9804202861925153
-30.848210705120593,0.08581355398552143,-0.30848210705120593,-2.2216822039552824,-1.1762053663001326
-30.848210705120593,0.08952386586253226,-0.30848210705120593,-2.4179527753537036,-1.3853997932940556
-30.848210705120593,0.09323417773954311,-0.30848210705120593,-2.6225299025666033,-1.608066714051412
-30.848210705120593,0.09694448961655394,-0.30848210705120593,-2.8354135855939817,-1.8440842920041731
-30.848210705120593,0.10065480149356479,-0.30848210705120593,-3.056603824435839,-2.0931467426928423
-30.848210705120593,0.10436511337057562,-0.30848210705120593,-3.2861006190921747,-2.354785624448031
-30.848210705120593,0.10807542524758647,-0.30848210705120593,-3.5239039695629897,-2.628418217696837
-30.848210705120593,0.1117857371245973,-0.30848210705120593,-3.770013875848282,-2.9134304037900183
-30.848210705120593,0.11549604900160815,-0.30848210705120593,-4.024430337948054,-3.2093018419102393
-30.848210705120593,0.11920636087861898,-0.30848210705120593,-4.287153355862304,-3.515781415519437
-30.848210705120593,0.12291667275562983,-0.30848210705120593,-4.558182929591034,-3.833120724543516
-30.848210705120593,0.12662698463264066,-0.30848210705120593,-4.837519059134241,-4.162372311125079
-30.848210705120593,0.1303372965096515,-0.30848210705120593,-5.125161744491927,-4.505755997860077
-30.848210705120593,0.13404760838666235,-0.30848210705120593,-5.421110985664093,-4.867088393397872
-30.848210705120593,0.13775792026367317,-0.30848210705120593,-5.7253667826507355,-5.252252174527393
-30.848210705120593,0.14146823214068402,-0.30848210705120593,-6.037929135451859,-5.669645135357566
-30.848210705120593,0.14517854401769487,-0.30848210705120593,-6.358798044067459,-6.130484056699402
-30.848210705120593,0.1488888558947057,-0.30848210705120593,-6.687973508497539,-6.648738297096121
-30.848210705120593,0.15259916777171653,-0.30848210705120593,-7.0254555287420954,-7.240344064175377
-30.848210705120593,0.15630947964872738,-0.30848210705120593,-7.371244104801133,-7.921261493934133
-30.848210705120593,0.16001979152573823,-0.30848210705120593,-7.72533923667465,-8.704022752134296
-30.848210705120593,0.16373010340274907,-0.30848210705120593,-8.087740924362643,-9.592887833928982
-30.848210705120593,0.1674404152797599,-0.30848210705120593,-8.458449167865114,-10.578690401578795
-30.848210705120593,0.17115072715677074,-0.30848210705120593,-8.837463967182066,-11.635597472180871
-30.848210705120593,0.17486103903378158,-0.30848210705120593,-9.224785322313497,-12.722350029247687
-30.848210705120593,0.17857135091079243,-0.30848210705120593,-9.620413233259406,-13.789057096867152
-30.848210705120593,0.18228166278780325,-0.30848210705120593,-10.024347700019792,-14.787597748073075
-30.848210705120593,0.1859919746648141,-0.30848210705120593,-10.436588722594658,-15.681341708729637
-30.848210705120593,0.18970228654182494,-0.30848210705120593,-10.857136300984005,-16.45035111401832
-30.848210705120593,0.1934125984188358,-0.30848210705120593,-11.285990435187829,-17.091052520145567
-30.848210705120593,0.1971229102958466,-0.30848210705120593,-11.723151125206128,-17.612113077318746
-30.848210705120593,0.20083322217285746,-0.30848210705120593,-12.168618371038907,-18.029162102046588
-30.848210705120593,0.2045435340498683,-0.30848210705120593,-12.622392172686167,-18.36028635498317
-30.848210705120593,0.20825384592687915,-0.30848210705120593,-13.084472530147906,-18.62305086027197
-30.848210705120593,0.21196415780388997,-0.30848210705120593,-13.554859443424121,-18.83296280082546
-30.848210705120593,0.21567446968090082,-0.30848210705120593,-14.033552912514816,-19.00296050152946
-30.848210705120593,0.21938478155791166,-0.30848210705120593,-14.52055293741999,-19.143498734942114
-30.848210705120593,0.2230950934349225,-0.30848210705120593,-15.015859518139642,-19.262916535261937
-30.848210705120593,0.22680540531193333,-0.30848210705120593,-15.519472654673772,-19.367898677701607
-30.848210705120593,0.23051571718894417,-0.30848210705120593,-16.031392347022383,-19.46393511304343
-30.848210705120593,0.23422602906595502,-0.30848210705120593,-16.55161859518547,-19.555740143142227
-30.848210705120593,0.23793634094296587,-0.30848210705120593,-17.08015139916304,-19.647623765809797
-30.848210705120593,0.2416466528199767,-0.30848210705120593,-17.616990758955083,-19.743820981801303
-30.848210705120593,0.24535696469698753,-0.30848210705120593,-18.16213667456161,-19.84878764920232
-30.848210705120593,0.24906727657399838,-0.30848210705120593,-18.715589145982612,-19.967467259426783
-30.848210705120593,0.2527775884510092,-0.30848210705120593,-19.277348173218094,-20.105522953787474
-30.848210705120593,0.25648790032802005,-0.30848210705120593,-19.84741375626805,-20.269512899643704
-30.848210705120593,0.2601982122050309,-0.30848210705120593,-20.425785895132496,-20.466964268029066
-30.848210705120593,0.26390852408204174,-0.30848210705120593,-21.012464589811408,-20.706272716600395
-30.848210705120593,0.26761883595905256,-0.30848210705120593,-21.6074498403048,-20.99632669598067
-30.848210705120593,0.27132914783606343,-0.30848210705120593,-22.210741646612682,-21.345744577485576
-30.848210705120593,0.27503945971307425,-0.30848210705120593,-22.822340008735033,-21.761645189498612
-30.848210705120593,0.27874977159008507,-0.30848210705120593,-23.442244926671858,-22.247983271138576
-30.848210705120593,0.28246008346709595,-0.30848210705120593,-24.070456400423176,-22.803688567088482
-30.848210705120593,0.28617039534410676,-0.30848210705120593,-24.70697442998896,-23.42110924723876
-30.848210705120593,0.28988070722111764,-0.30848210705120593,-25.351799015369235,-24.085440495575153
-30.848210705120593,0.29359101909812846,-0.30848210705120593,-26.004930156563976,-24.77572179374479
-30.848210705120593,0.2973013309751393,-0.30848210705120593,-26.6663678535732,-25.467506686382944
-30.848210705120593,0.30101164285215015,-0.30848210705120593,-27.33611210639691,-26.136607049555952
-30.848210705120593,0.30472195472916097,-0.30848210705120593,-28.014162915035087,-26.7627978296028
-29.46033385365156,0.011607316445304631,-0.2946033385365156,-0.040273520299833554,1.0015908568379575
-29.46033385365156,0.015317628322315471,-0.2946033385365156,-0.07013567777375528,0.9538631211127935
-29.46033385365156,0.01902794019932631,-0.2946033385365156,-0.1082279667116349,0.9031863935478406
-29.46033385365156,0.02273825207633715,-0.2946033385365156,-0.15455038711347244,0.8492326511357453
-29.46033385365156,0.02644856395334799,-0.2946033385365156,-0.20910293897926796,0.7916383318492868
-29.46033385365156,0.03015887583035883,-0.2946033385365156,-0.27188562230902136,0.7300019050560616
-29.46033385365156,0.03386918770736967,-0.2946033385365156,-0.34289843710273277,0.6638817410769715
-29.46033385365156,0.03757949958438051,-0.2946033385365156,-0.422141383360402,0.5927944607357041
-29.46033385365156,0.04128981146139135,-0.2946033385365156,-0.5096144610820292,0.5162139908257644
-29.46033385365156,0.04500012333840219,-0.2946033385365156,-0.6053176702676144,0.433571600500924
-29.46033385365156,0.04871043521541303,-0.2946033385365156,-0.7092510109171575,0.34425724396116153
-29.46033385365156,0.05242074709242387,-0.2946033385365156,-0.8214144830306584,0.2476225818926172
-29.46033385365156,0.05613105896943471,-0.2946033385365156,-0.9418080866081173,0.14298609091516457
-29.46033385365156,0.05984137084644555,-0.2946033385365156,-1.070431821649534,0.029640686743356737
-29.46033385365156,0.06355168272345639,-0.2946033385365156,-1.207285688154909,-0.0931357307086016
-29.46033385365156,0.06726199460046722,-0.2946033385365156,-1.3523696861242414,-0.22606647076803665
-29.46033385365156,0.07097230647747807,-0.2946033385365156,-1.505683815557532,-0.36985878517282456
-29.46033385365156,0.0746826183544889,-0.2946033385365156,-1.6672280764547804,-0.5251831777856559
-29.46033385365156,0.07839293023149975,-0.2946033385365156,-1.8370024688159872,-0.6926496812005609
-29.46033385365156,0.08210324210851058,-0.2946033385365156,-2.015006992641151,-0.8727819813953699
-29.46033385365156,0.08581355398552143,-0.2946033385365156,-2.201241647930274,-1.0659909107897063
-29.46033385365156,0.08952386586253226,-0.2946033385365156,-2.395706434683354,-1.2725496153099136
-29.46033385365156,0.09323417773954311,-0.2946033385365156,-2.598401352900392,-1.4925736119789053
-29.46033385365156,0.09694448961655394,-0.2946033385365156,-2.809326402581388,-1.7260099498163723
-29.46033385365156,0.10065480149356479,-0.2946033385365156,-3.028481583726342,-1.9726407107402266
-29.46033385365156,0.10436511337057562,-0.2946033385365156,-3.255866896335254,-2.2321070718079614
-29.46033385365156,0.10807542524758647,-0.2946033385365156,-3.4914823404081243,-2.5039610316890624
-29.46033385365156,0.1117857371245973,-0.2946033385365156,-3.7353279159449517,-2.78775263139594
-29.46033385365156,0.11549604900160815,-0.2946033385365156,-3.9874036229457377,-3.0831610248194714
-29.46033385365156,0.11920636087861898,-0.2946033385365156,-4.247709461410481,-3.390177982688429
-29.46033385365156,0.12291667275562983,-0.2946033385365156,-4.516245431339183,-3.709352062085339
-29.46033385365156,0.12662698463264066,-0.2946033385365156,-4.7930115327318425,-4.042099996477759
-29.46033385365156,0.1303372965096515,-0.2946033385365156,-5.07800776558846,-4.391087169000357
-29.46033385365156,0.13404760838666235,-0.2946033385365156,-5.371234129909036,-4.76066798106986
-29.46033385365156,0.13775792026367317,-0.2946033385365156,-5.672690625693567,-5.157353701491191
-29.46033385365156,0.14146823214068402,-0.2946033385365156,-5.98237725294206,-5.590231339238562
-29.46033385365156,0.14517854401769487,-0.2946033385365156,-6.3002940116545085,-6.0711825701213895
-29.46033385365156,0.1488888558947057,-0.2946033385365156,-6.626440901830916,-6.614643662262168
-29.46033385365156,0.15259916777171653,-0.2946033385365156,-6.9608179234712795,-7.236527874845783
-29.46033385365156,0.15630947964872738,-0.2946033385365156,-7.3034250765756035,-7.951880218590494
-29.46033385365156,0.16001979152573823,-0.2946033385365156,-7.654262361143885,-8.771013076337931
-29.46033385365156,0.16373010340274907,-0.2946033385365156,-8.013329777176125,-9.69447941195273
-29.46033385365156,0.1674404152797599,-0.2946033385365156,-8.380627324672318,-10.708299003756165
-29.46033385365156,0.17115072715677074,-0.2946033385365156,-8.756155003632474,-11.78185576190929
-29.46033385365156,0.17486103903378158,-0.2946033385365156,-9.139912814056588,-12.870754553041236
-29.46033385365156,0.17857135091079243,-0.2946033385365156,-9.531900755944658,-13.924897174019343
-29.46033385365156,0.18228166278780325,-0.2946033385365156,-9.932118829296686,-14.899007052701617
-29.46033385365156,0.1859919746648141,-0.2946033385365156,-10.340567034112672,-15.761208459899505
-29.46033385365156,0.18970228654182494,-0.2946033385365156,-10.757245370392617,-16.49655190763584
-29.46033385365156,0.1934125984188358,-0.2946033385365156,-11.18215383813652,-17.105381642590114
-29.46033385365156,0.1971229102958466,-0.2946033385365156,-11.615292437344378,-17.59870126422219
-29.46033385365156,0.20083322217285746,-0.2946033385365156,-12.056661168016195,-17.993043318607768
-29.46033385365156,0.2045435340498683,-0.2946033385365156,-12.506260030151973,-18.306411343090186
-29.46033385365156,0.20825384592687915,-0.2946033385365156,-12.964089023751708,-18.55575702529866
-29.46033385365156,0.21196415780388997,-0.2946033385365156,-13.430148148815396,-18.755778842080375
-29.46033385365156,0.21567446968090082,-0.2946033385365156,-13.904437405343048,-18.918607946959266
-29.46033385365156,0.21938478155791166,-0.2946033385365156,-14.386956793334656,-19.053985436204538
-29.46033385365156,0.2230950934349225,-0.2946033385365156,-14.877706312790222,-19.16965731849568
-29.46033385365156,0.22680540531193333,-0.2946033385365156,-15.376685963709742,-19.271829260485728
-29.46033385365156,0.23051571718894417,-0.2946033385365156,-15.883895746093225,-19.365604729477276
-29.46033385365156,0.23422602906595502,-0.2946033385365156,-16.399335659940665,-19.45537877284742
-29.46033385365156,0.23793634094296587,-0.2946033385365156,-16.923005705252063,-19.545184811805303
-29.46033385365156,0.2416466528199767,-0.2946033385365156,-17.454905882027415,-19.639002309708296
-29.46033385365156,0.24535696469698753,-0.2946033385365156,-17.99503619026673,-19.741034842129384
-29.46033385365156,0.24906727657399838,-0.2946033385365156,-18.54339662997,-19.85596391191793
-29.46033385365156,0.2527775884510092,-0.2946033385365156,-19.099987201137235,-19.98917464175444
-29.46033385365156,0.25648790032802005,-0.2946033385365156,-19.664807903768416,-20.146934736255044
-29.46033385365156,0.2601982122050309,-0.2946033385365156,-20.23785873786357,-20.33648701374372
-29.46033385365156,0.26390852408204174,-0.2946033385365156,-20.819139703422664,-20.565988880378956
-29.46033385365156,0.26761883595905256,-0.2946033385365156,-21.40865080044572,-20.844204053506317
-29.46033385365156,0.27132914783606343,-0.2946033385365156,-22.006392028932748,-21.17983557426663
-29.46033385365156,0.27503945971307425,-0.2946033385365156,-22.612363388883722,-21.580409300798856
-29.46033385365156,0.27874977159008507,-0.2946033385365156,-23.22656488029865,-22.050707172747984
-29.46033385365156,0.28246008346709595,-0.2946033385365156,-23.848996503177553,-22.59093374186313
-29.46033385365156,0.28617039534410676,-0.2946033385365156,-24.479658257520395,-23.195053710336452
-29.46033385365156,0.28988070722111764,-0.2946033385365156,-25.118550143327212,-23.849949539827804
-29.46033385365156,0.29359101909812846,-0.2946033385365156,-25.765672160597973,-24.536028517797387
-29.46033385365156,0.2973013309751393,-0.2946033385365156,-26.421024309332694,-25.22951819604687
-29.46033385365156,0.30101164285215015,-0.2946033385365156,-27.084606589531383,-25.90601804616451
-29.46033385365156,0.30472195472916097,-0.2946033385365156,-27.75641900119402,-26.54428613658191
-28.072457002182524,0.011607316445304631,-0.28072457002182527,-0.03989954357229568,1.086639057732792
-28.072457002182524,0.015317628322315471,-0.28072457002182527,-0.06948440341129065,1.0396200116904006
-28.072457002182524,0.01902794019932631,-0.28072457002182527,-0.10722297036372283,0.9896891714142841
-28.072457002182524,0.02273825207633715,-0.28072457002182527,-0.1531152444295922,0.9365240590663062
-28.072457002182524,0.02644856395334799,-0.28072457002182527,-0.20716122560889885,0.8797673990692647
-28.072457002182524,0.03015887583035883,-0.28072457002182527,-0.2693609139016427,0.8190247278946214
-28.072457002182524,0.03386918770736967,-0.28072457002182527,-0.33971430930782376,0.7538622836094737
-28.072457002182524,0.03757949958438051,-0.28072457002182527,-0.418221411827442,0.6838053464854437
-28.072457002182524,0.04128981146139135,-0.28072457002182527,-0.5048822214604975,0.6083372444821149
-28.072457002182524,0.04500012333840219,-0.28072457002182527,-0.5996967382069902,0.5268992836150488
-28.072457002182524,0.04871043521541303,-0.28072457002182527,-0.7026649620669201,0.4388919105090616
-28.072457002182524,0.05242074709242387,-0.28072457002182527,-0.8137868930402873,0.34367745846592235
-28.072457002182524,0.05613105896943471,-0.28072457002182527,-0.9330625311270916,0.24058486245700306
-28.072457002182524,0.05984137084644555,-0.28072457002182527,-1.060491876327333,0.1289167429869582
-28.072457002182524,0.06355168272345639,-0.28072457002182527,-1.196074928641012,0.007959240753837138
-28.072457002182524,0.06726199460046722,-0.28072457002182527,-1.3398116880681274,-0.12300508322658765
-28.072457002182524,0.07097230647747807,-0.28072457002182527,-1.4917021546086808,-0.264681103992223
-28.072457002182524,0.0746826183544889,-0.28072457002182527,-1.6517463282626712,-0.417741796097588
-28.072457002182524,0.07839293023149975,-0.28072457002182527,-1.8199442090300988,-0.5828060985894326
-28.072457002182524,0.08210324210851058,-0.28072457002182527,-1.9962957969109636,-0.7604148555271812
-28.072457002182524,0.08581355398552143,-0.28072457002182527,-2.180801091905266,-0.9510063352601434
-28.072457002182524,0.08952386586253226,-0.28072457002182527,-2.373460094013005,-1.1548936125705433
-28.072457002182524,0.09323417773954311,-0.28072457002182527,-2.5742728032341815,-1.3722470165374852
-28.072457002182524,0.09694448961655394,-0.28072457002182527,-2.783239219568795,-1.6030858712889822
-28.072457002182524,0.10065480149356479,-0.28072457002182527,-3.000359343016846,-1.8472848371752895
-28.072457002182524,0.10436511337057562,-0.28072457002182527,-3.225633173578334,-2.104601235021251
-28.072457002182524,0.10807542524758647,-0.28072457002182527,-3.45906071125326,-2.37473074050224
-28.072457002182524,0.1117857371245973,-0.28072457002182527,-3.7006419560416215,-2.657399701897309
-28.072457002182524,0.11549604900160815,-0.28072457002182527,-3.9503769079434217,-2.9525029737489383
-28.072457002182524,0.11920636087861898,-0.28072457002182527,-4.208265566958659,-3.2602963915764587
-28.072457002182524,0.12291667275562983,-0.28072457002182527,-4.474307933087333,-3.5816524040068956
-28.072457002182524,0.12662698463264066,-0.28072457002182527,-4.748504006329444,-3.9183849215945132
-28.072457002182524,0.1303372965096515,-0.28072457002182527,-5.030853786684992,-4.2736430281535345
-28.072457002182524,0.13404760838666235,-0.28072457002182527,-5.321357274153979,-4.652358878473229
-28.072457002182524,0.13775792026367317,-0.28072457002182527,-5.620014468736401,-5.061706341624942
-28.072457002182524,0.14146823214068402,-0.28072457002182527,-5.926825370432262,-5.511474722282808
-28.072457002182524,0.14517854401769487,-0.28072457002182527,-6.241789979241559,-6.01417778144969
-28.072457002182524,0.1488888558947057,-0.28072457002182527,-6.564908295164295,-6.584604710099554
-28.072457002182524,0.15259916777171653,-0.28072457002182527,-6.896180318200465,-7.238412440901581
-28.072457002182524,0.15630947964872738,-0.28072457002182527,-7.235606048350075,-7.98935935667926
-28.072457002182524,0.16001979152573823,-0.28072457002182527,-7.583185485613122,-8.845068966434095
-28.072457002182524,0.16373010340274907,-0.28072457002182527,-7.9389186299896055,-9.801959300587653
-28.072457002182524,0.1674404152797599,-0.28072457002182527,-8.302805481479524,-10.841074768230515
-28.072457002182524,0.17115072715677074,-0.28072457002182527,-8.674846040082883,-11.927319994977916
-28.072457002182524,0.17486103903378158,-0.28072457002182527,-9.055040305799679,-13.013929448498788
-28.072457002182524,0.17857135091079243,-0.28072457002182527,-9.44338827862991,-14.05154420768001
-28.072457002182524,0.18228166278780325,-0.28072457002182527,-9.83988995857358,-14.998456413347784
-28.072457002182524,0.1859919746648141,-0.28072457002182527,-10.244545345630687,-15.827795994920999
-28.072457002182524,0.18970228654182494,-0.28072457002182527,-10.657354439801232,-16.5294112352622
-28.072457002182524,0.1934125984188358,-0.28072457002182527,-11.078317241085214,-17.10714600375303
-28.072457002182524,0.1971229102958466,-0.28072457002182527,-11.50743374948263,-17.573911860615453
-28.072457002182524,0.20083322217285746,-0.28072457002182527,-11.944703964993485,-17.946825163719936
-28.072457002182524,0.2045435340498683,-0.28072457002182527,-12.39012788761778,-18.243619557025113
-28.072457002182524,0.20825384592687915,-0.28072457002182527,-12.843705517355511,-18.480552175909246
-28.072457002182524,0.21196415780388997,-0.28072457002182527,-13.305436854206675,-18.671497691686106
-28.072457002182524,0.21567446968090082,-0.28072457002182527,-13.775321898171281,-18.827798801278682
-28.072457002182524,0.21938478155791166,-0.28072457002182527,-14.253360649249325,-18.958514697524368
-28.072457002182524,0.2230950934349225,-0.28072457002182527,-14.739553107440802,-19.070832048311928
-28.072457002182524,0.22680540531193333,-0.28072457002182527,-15.233899272745715,-19.17050812016857
-28.072457002182524,0.23051571718894417,-0.28072457002182527,-15.73639914516407,-19.262286226929355
-28.072457002182524,0.23422602906595502,-0.28072457002182527,-16.247052724695862,-19.350264388555544
-28.072457002182524,0.23793634094296587,-0.28072457002182527,-16.76586001134109,-19.43821848742197
-28.072457002182524,0.2416466528199767,-0.28072457002182527,-17.292821005099754,-19.529889285866673
-28.072457002182524,0.24535696469698753,-0.28072457002182527,-17.827935705971857,-19.62924344660721
-28.072457002182524,0.24906727657399838,-0.28072457002182527,-18.371204113957397,-19.740714612873333
-28.072457002182524,0.2527775884510092,-0.28072457002182527,-18.922626229056377,-19.86942220750871
-28.072457002182524,0.25648790032802005,-0.28072457002182527,-19.482202051268786,-20.021352251596834
-28.072457002182524,0.2601982122050309,-0.28072457002182527,-20.049931580594645,-20.203465155554962
-28.072457002182524,0.26390852408204174,-0.28072457002182527,-20.625814817033927,-20.4236700645276
-28.072457002182524,0.26761883595905256,-0.28072457002182527,-21.20985176058665,-20.690577366610878
-28.072457002182524,0.27132914783606343,-0.28072457002182527,-21.802042411252817,-21.012921028186486
-28.072457002182524,0.27503945971307425,-0.28072457002182527,-22.402386769032415,-21.39855212746996
-28.072457002182524,0.27874977159008507,-0.28072457002182527,-23.01088483392545,-21.85297617828476
-28.072457002182524,0.28246008346709595,-0.28072457002182527,-23.62753660593193,-22.377567818174846
-28.072457002182524,0.28617039534410676,-0.28072457002182527,-24.252342085051836,-22.967837775968256
-28.072457002182524,0.28988070722111764,-0.28072457002182527,-24.88530127128519,-23.61235881579467
-28.072457002182524,0.29359101909812846,-0.28072457002182527,-25.526414164631973,-24.293004997906166
-28.072457002182524,0.2973013309751393,-0.28072457002182527,-26.175680765092192,-24.986858712484896
-28.072457002182524,0.30101164285215015,-0.28072457002182527,-26.833101072665862,-25.669518203550545
-28.072457002182524,0.30472195472916097,-0.28072457002182527,-27.498675087352954,-26.318900890511575
-26.68458015071349,0.011607316445304631,-0.2668458015071349,-0.0395255668447578,1.175726880324355
-26.68458015071349,0.015317628322315471,-0.2668458015071349,-0.06883312904882603,1.1294506687420334
-26.68458015071349,0.01902794019932631,-0.2668458015071349,-0.10621797401581075,1.0803008998359707
-26.68458015071349,0.02273825207633715,-0.2668458015071349,-0.15168010174571198,1.0279606923605245
-26.68458015071349,0.02644856395334799,-0.2668458015071349,-0.20521951223852972,0.9720791011822596
-26.68458015071349,0.03015887583035883,-0.2668458015071349,-0.26683620549426396,0.9122687633036424
-26.68458015071349,0.03386918770736967,-0.2668458015071349,-0.33653018151291475,0.848103803750847
-26.68458015071349,0.03757949958438051,-0.2668458015071349,-0.414301440294482,0.7791181630770991
-26.68458015071349,0.04128981146139135,-0.2668458015071349,-0.5001499818389658,0.7048045481845564
-26.68458015071349,0.04500012333840219,-0.2668458015071349,-0.594075806146366,0.6246142514831472
-26.68458015071349,0.04871043521541303,-0.2668458015071349,-0.6960789132166828,0.537958127596178
-26.68458015071349,0.05242074709242387,-0.2668458015071349,-0.806159303049916,0.4442090577243778
-26.68458015071349,0.05613105896943471,-0.2668458015071349,-0.9243169756460657,0.3427062630028457
-26.68458015071349,0.05984137084644555,-0.2668458015071349,-1.0505519310051321,0.23276184054107474
-26.68458015071349,0.06355168272345639,-0.2668458015071349,-1.184864169127115,0.1136698768294162
-26.68458015071349,0.06726199460046722,-0.2668458015071349,-1.3272536900120138,-0.015281573282606375
-26.68458015071349,0.07097230647747807,-0.2668458015071349,-1.4777204936598296,-0.15479548739991889
-26.68458015071349,0.0746826183544889,-0.2668458015071349,-1.6362645800705617,-0.30554792458566227
-26.68458015071349,0.07839293023149975,-0.2668458015071349,-1.8028859492442106,-0.4681675269201906
-26.68458015071349,0.08210324210851058,-0.2668458015071349,-1.9775846011807758,-0.6432133486996932
-26.68458015071349,0.08581355398552143,-0.2668458015071349,-2.160360535880258,-0.8311525102168675
-26.68458015071349,0.08952386586253226,-0.2668458015071349,-2.351213753342656,-1.0323399525642676
-26.68458015071349,0.09323417773954311,-0.2668458015071349,-2.5501442535679706,-1.2470034993791421
-26.68458015071349,0.09694448961655394,-0.2668458015071349,-2.757152036556202,-1.4752384862047563
-26.68458015071349,0.10065480149356479,-0.2668458015071349,-2.9722371023073495,-1.7170173561526922
-26.68458015071349,0.10436511337057562,-0.2668458015071349,-3.195399450821414,-1.972220784905608
-26.68458015071349,0.10807542524758647,-0.2668458015071349,-3.426639082098395,-2.2406980194255723
-26.68458015071349,0.1117857371245973,-0.2668458015071349,-3.6659559961382917,-2.5223651051033116
-26.68458015071349,0.11549604900160815,-0.2668458015071349,-3.913350192941106,-2.817350396633148
-26.68458015071349,0.11920636087861898,-0.2668458015071349,-4.168821672506836,-3.126196918869069
-26.68458015071349,0.12291667275562983,-0.2668458015071349,-4.432370434835483,-3.4501301495701986
-26.68458015071349,0.12662698463264066,-0.2668458015071349,-4.703996479927047,-3.7913963236288257
-26.68458015071349,0.1303372965096515,-0.2668458015071349,-4.983699807781526,-4.153667821633347
-26.68458015071349,0.13404760838666235,-0.2668458015071349,-5.271480418398923,-4.542493993312339
-26.68458015071349,0.13775792026367317,-0.2668458015071349,-5.567338311779235,-4.965740670418812
-26.68458015071349,0.14146823214068402,-0.2668458015071349,-5.871273487922465,-5.433900583380586
-26.68458015071349,0.14517854401769487,-0.2668458015071349,-6.18328594682861,-5.960063738894685
-26.68458015071349,0.1488888558947057,-0.2668458015071349,-6.503375688497673,-6.559221609175298
-26.68458015071349,0.15259916777171653,-0.2668458015071349,-6.83154271292965,-7.246493939978758
-26.68458015071349,0.15630947964872738,-0.2668458015071349,-7.167787020124546,-8.033936782316813
-26.68458015071349,0.16001979152573823,-0.2668458015071349,-7.512108610082358,-8.926003406277943
-26.68458015071349,0.16373010340274907,-0.2668458015071349,-7.864507482803088,-9.91460247408011
-26.68458015071349,0.1674404152797599,-0.2668458015071349,-8.22498363828673,-10.975771333134162
-26.68458015071349,0.17115072715677074,-0.2668458015071349,-8.593537076533291,-12.070402110192559
-26.68458015071349,0.17486103903378158,-0.2668458015071349,-8.970167797542771,-13.15023331822807
-26.68458015071349,0.17857135091079243,-0.2668458015071349,-9.354875801315165,-14.167579725005815
-26.68458015071349,0.18228166278780325,-0.2668458015071349,-9.747661087850474,-15.084908389210055
-26.68458015071349,0.1859919746648141,-0.2668458015071349,-10.148523657148703,-15.880461582687683
-26.68458015071349,0.18970228654182494,-0.2668458015071349,-10.557463509209848,-16.548596846842358
-26.68458015071349,0.1934125984188358,-0.2668458015071349,-10.974480644033909,-17.096208771531195
-26.68458015071349,0.1971229102958466,-0.2668458015071349,-11.399575061620883,-17.537704022648764
-26.68458015071349,0.20083322217285746,-0.2668458015071349,-11.832746761970776,-17.89049594248542
-26.68458015071349,0.2045435340498683,-0.2668458015071349,-12.273995745083587,-18.171891911040518
-26.68458015071349,0.20825384592687915,-0.2668458015071349,-12.723322010959315,-18.397394341419137
-26.68458015071349,0.21196415780388997,-0.2668458015071349,-13.180725559597954,-18.580051019930053
-26.68458015071349,0.21567446968090082,-0.2668458015071349,-13.646206390999515,-18.730440551833468
-26.68458015071349,0.21938478155791166,-0.2668458015071349,-14.119764505163992,-18.85697390717766
-26.68458015071349,0.2230950934349225,-0.2668458015071349,-14.601399902091384,-18.966312109102702
-26.68458015071349,0.22680540531193333,-0.2668458015071349,-15.09111258178169,-19.06379393251139
-26.68458015071349,0.23051571718894417,-0.2668458015071349,-15.588902544234916,-19.153827814306997
-26.68458015071349,0.23422602906595502,-0.2668458015071349,-16.09476978945106,-19.240235916886284
-26.68458015071349,0.23793634094296587,-0.2668458015071349,-16.60871431743012,-19.326554655192695
-26.68458015071349,0.2416466528199767,-0.2668458015071349,-17.130736128172092,-19.41630208556835
-26.68458015071349,0.24535696469698753,-0.2668458015071349,-17.660835221676983,-19.51322264409906
-26.68458015071349,0.24906727657399838,-0.2668458015071349,-18.199011597944793,-19.62151579159709
-26.68458015071349,0.2527775884510092,-0.2668458015071349,-18.745265256975518,-19.74604750016533
-26.68458015071349,0.25648790032802005,-0.2668458015071349,-19.299596198769155,-19.892531455347065
-26.68458015071349,0.2601982122050309,-0.2668458015071349,-19.86200442332572,-20.067649182074458
-26.68458015071349,0.26390852408204174,-0.2668458015071349,-20.43248993064519,-20.279054573310273
-26.68458015071349,0.26761883595905256,-0.2668458015071349,-21.011052720727573,-20.53518086821925
-26.68458015071349,0.27132914783606343,-0.2668458015071349,-21.597692793572886,-20.84474558719858
-26.68458015071349,0.27503945971307425,-0.2668458015071349,-22.19241014918111,-21.21585002335501
-26.68458015071349,0.27874977159008507,-0.2668458015071349,-22.795204787552244,-21.6546242779116
-26.68458015071349,0.28246008346709595,-0.2668458015071349,-23.406076708686307,-22.163507084838702
-26.68458015071349,0.28617039534410676,-0.2668458015071349,-24.025025912583274,-22.739474283181845
-26.68458015071349,0.28988070722111764,-0.2668458015071349,-24.65205239924317,-23.372772511854304
-26.68458015071349,0.29359101909812846,-0.2668458015071349,-25.287156168665973,-24.046818574315772
-26.68458015071349,0.2973013309751393,-0.2668458015071349,-25.930337220851694,-24.739713409990337
-26.68458015071349,0.30101164285215015,-0.2668458015071349,-26.581595555800337,-25.427261919196205
-26.68458015071349,0.30472195472916097,-0.2668458015071349,-27.24093117351189,-26.08672873354738
-25.296703299244456,0.011607316445304631,-0.25296703299244455,-0.03915159011721992,1.2690036872352286
-25.296703299244456,0.015317628322315471,-0.25296703299244455,-0.06818185468636141,1.2235038275732137
-25.296703299244456,0.01902794019932631,-0.25296703299244455,-0.10521297766789868,1.1751695614287712
-25.296703299244456,0.02273825207633715,-0.25296703299244455,-0.15024495906183172,1.12368964069429
-25.296703299244456,0.02644856395334799,-0.25296703299244455,-0.2032777988681606,1.0687194784371423
-25.296703299244456,0.03015887583035883,-0.25296703299244455,-0.2643114970868852,1.0098788280303201
-25.296703299244456,0.03386918770736967,-0.25296703299244455,-0.33334605371800574,0.9467497017725519
-25.296703299244456,0.03757949958438051,-0.25296703299244455,-0.410381468761522,0.8788746811910537
-25.296703299244456,0.04128981146139135,-0.25296703299244455,-0.495417742217434,0.805755808616939
-25.296703299244456,0.04500012333840219,-0.25296703299244455,-0.5884548740857418,0.72685429004649
-25.296703299244456,0.04871043521541303,-0.25296703299244455,-0.6894928643664454,0.6415912803540496
-25.296703299244456,0.05242074709242387,-0.25296703299244455,-0.7985317130595448,0.5493500596058813
-25.296703299244456,0.05613105896943471,-0.25296703299244455,-0.91557142016504,0.4494799374122167
-25.296703299244456,0.05984137084644555,-0.25296703299244455,-1.040611985682931,0.3413022321229262
-25.296703299244456,0.06355168272345639,-0.25296703299244455,-1.1736534096132178,0.22411865118297114
-25.296703299244456,0.06726199460046722,-0.25296703299244455,-1.3146956919559,0.0972223325067254
-25.296703299244456,0.07097230647747807,-0.25296703299244455,-1.4637388327109784,-0.04008832487813829
-25.296703299244456,0.0746826183544889,-0.25296703299244455,-1.6207828318784525,-0.18849313161405612
-25.296703299244456,0.07839293023149975,-0.25296703299244455,-1.7858276894583225,-0.34863130101601914
-25.296703299244456,0.08210324210851058,-0.25296703299244455,-1.958873405450588,-0.5210812493832881
-25.296703299244456,0.08581355398552143,-0.25296703299244455,-2.1399199798552497,-0.7063405061390877
-25.296703299244456,0.08952386586253226,-0.25296703299244455,-2.328967412672307,-0.9048080175557074
-25.296703299244456,0.09323417773954311,-0.25296703299244455,-2.52601570390176,-1.1167720710877418
-25.296703299244456,0.09694448961655394,-0.25296703299244455,-2.7310648535436086,-1.3424081549501017
-25.296703299244456,0.10065480149356479,-0.25296703299244455,-2.9441148615978534,-1.581792264070654
-25.296703299244456,0.10436511337057562,-0.25296703299244455,-3.1651657280644936,-1.83493641478939
-25.296703299244456,0.10807542524758647,-0.25296703299244455,-3.3942174529435305,-2.1018543604249134
-25.296703299244456,0.1117857371245973,-0.25296703299244455,-3.631270036234962,-2.3826665939781453
-25.296703299244456,0.11549604900160815,-0.25296703299244455,-3.87632347793879,-2.6777544830074897
-25.296703299244456,0.11920636087861898,-0.25296703299244455,-4.129377778055013,-2.9879734056295537
-25.296703299244456,0.12291667275562983,-0.25296703299244455,-4.390432936583633,-3.3149332156767235
-25.296703299244456,0.12662698463264066,-0.25296703299244455,-4.659488953524648,-3.6613495908647673
-25.296703299244456,0.1303372965096515,-0.25296703299244455,-4.936545828878059,-4.031458685674712
-25.296703299244456,0.13404760838666235,-0.25296703299244455,-5.221603562643867,-4.431464719374685
-25.296703299244456,0.13775792026367317,-0.25296703299244455,-5.514662154822068,-4.869947910022945
-25.296703299244456,0.14146823214068402,-0.25296703299244455,-5.815721605412667,-5.358089930000297
-25.296703299244456,0.14517854401769487,-0.25296703299244455,-6.124781914415661,-5.909473220755527
-25.296703299244456,0.1488888558947057,-0.25296703299244455,-6.441843081831051,-6.539099233459003
-25.296703299244456,0.15259916777171653,-0.25296703299244455,-6.766905107658835,-7.261220283492308
-25.296703299244456,0.15630947964872738,-0.25296703299244455,-7.0999679918990175,-8.085736438412646
-25.296703299244456,0.16001979152573823,-0.25296703299244455,-7.441031734551595,-9.01345555325591
-25.296703299244456,0.16373010340274907,-0.25296703299244455,-7.790096335616569,-10.031483424198036
-25.296703299244456,0.1674404152797599,-0.25296703299244455,-8.147161795093936,-11.110970012684978
-25.296703299244456,0.17115072715677074,-0.25296703299244455,-8.512228112983701,-12.209421344153002
-25.296703299244456,0.17486103903378158,-0.25296703299244455,-8.885295289285862,-13.278031063804033
-25.296703299244456,0.17857135091079243,-0.25296703299244455,-9.266363324000418,-14.271669626853072
-25.296703299244456,0.18228166278780325,-0.25296703299244455,-9.65543221712737,-15.157445116401739
-25.296703299244456,0.1859919746648141,-0.25296703299244455,-10.052501968666718,-15.918678623851235
-25.296703299244456,0.18970228654182494,-0.25296703299244455,-10.457572578618462,-16.553868659592997
-25.296703299244456,0.1934125984188358,-0.25296703299244455,-10.870644046982603,-17.072497623521592
-25.296703299244456,0.1971229102958466,-0.25296703299244455,-11.291716373759135,-17.490079021170665
-25.296703299244456,0.20083322217285746,-0.25296703299244455,-11.720789558948066,-17.824071113701333
-25.296703299244456,0.2045435340498683,-0.25296703299244455,-12.157863602549394,-18.09122773928794
-25.296703299244456,0.20825384592687915,-0.25296703299244455,-12.602938504563118,-18.306255424312624
-25.296703299244456,0.21196415780388997,-0.25296703299244455,-13.056014264989233,-18.48138228464266
-25.296703299244456,0.21567446968090082,-0.25296703299244455,-13.517090883827748,-18.626451700382567
-25.296703299244456,0.21938478155791166,-0.25296703299244455,-13.98616836107866,-18.749261342670344
-25.296703299244456,0.2230950934349225,-0.25296703299244455,-14.463246696741965,-18.855979951796282
-25.296703299244456,0.22680540531193333,-0.25296703299244455,-14.948325890817664,-18.951556758897702
-25.296703299244456,0.23051571718894417,-0.25296703299244455,-15.441405943305762,-19.04008948409997
-25.296703299244456,0.23422602906595502,-0.25296703299244455,-15.942486854206257,-19.125144529479776
-25.296703299244456,0.23793634094296587,-0.25296703299244455,-16.451568623519147,-19.210035951659627
-25.296703299244456,0.2416466528199767,-0.25296703299244455,-16.968651251244427,-19.2980742611222
-25.296703299244456,0.24535696469698753,-0.25296703299244455,-17.49373473738211,-19.39279566507001
-25.296703299244456,0.24906727657399838,-0.25296703299244455,-18.026819081932185,-19.49817863474638
-25.296703299244456,0.2527775884510092,-0.25296703299244455,-18.567904284894663,-19.618847789164757
-25.296703299244456,0.25648790032802005,-0.25296703299244455,-19.116990346269525,-19.760254236761885
-25.296703299244456,0.2601982122050309,-0.25296703299244455,-19.674077266056795,-19.928805454550265
-25.296703299244456,0.26390852408204174,-0.25296703299244455,-20.23916504425645,-20.131895733988966
-25.296703299244456,0.26761883595905256,-0.25296703299244455,-20.8122536808685,-20.377761674453314
-25.296703299244456,0.27132914783606343,-0.25296703299244455,-21.39334317589296,-20.675062979630866
-25.296703299244456,0.27503945971307425,-0.25296703299244455,-21.982433529329803,-21.032082940414845
-25.296703299244456,0.27874977159008507,-0.25296703299244455,-22.57952474117904,-21.45548260311858
-25.296703299244456,0.28246008346709595,-0.25296703299244455,-23.184616811440687,-21.948659192365028
-25.296703299244456,0.28617039534410676,-0.25296703299244455,-23.797709740114716,-22.509964652530922
-25.296703299244456,0.28988070722111764,-0.25296703299244455,-24.418803527201153,-23.13128561970372
-25.296703299244456,0.29359101909812846,-0.25296703299244455,-25.047898172699973,-23.797634969478622
-25.296703299244456,0.2973013309751393,-0.25296703299244455,-25.684993676611192,-24.488276814489478
-25.296703299244456,0.30101164285215015,-0.25296703299244455,-26.330090038934816,-25.17942377954935
-25.296703299244456,0.30472195472916097,-0.25296703299244455,-26.983187259670824,-25.847883943368757
-23.90882644777542,0.011607316445304631,-0.23908826447775422,-0.038777613389682046,1.366615043380193
-23.90882644777542,0.015317628322315471,-0.23908826447775422,-0.06753058032389679,1.3219241808107396
-23.90882644777542,0.01902794019932631,-0.23908826447775422,-0.10420798131998661,1.2744388438013596
-23.90882644777542,0.02273825207633715,-0.23908826447775422,-0.1488098163779515,1.2238534387430933
-23.90882644777542,0.02644856395334799,-0.23908826447775422,-0.2013360854977915,1.1698297480706923
-23.90882644777542,0.03015887583035883,-0.23908826447775422,-0.26178678867950655,1.1119946393524611
-23.90882644777542,0.03386918770736967,-0.23908826447775422,-0.33016192592309673,1.049937993034759
-23.90882644777542,0.03757949958438051,-0.23908826447775422,-0.40646149722856195,0.9832109914633065
-23.90882644777542,0.04128981146139135,-0.23908826447775422,-0.49068550259590227,0.91132494664251
-23.90882644777542,0.04500012333840219,-0.23908826447775422,-0.5828339420251176,0.833750881702598
-23.90882644777542,0.04871043521541303,-0.23908826447775422,-0.6829068155162081,0.7499201189011304
-23.90882644777542,0.05242074709242387,-0.23908826447775422,-0.7909041230691737,0.6592261613351698
-23.90882644777542,0.05613105896943471,-0.23908826447775422,-0.9068258646840143,0.5610281804826152
-23.90882644777542,0.05984137084644555,-0.23908826447775422,-1.03067204036073,0.45465642871986733
-23.90882644777542,0.06355168272345639,-0.23908826447775422,-1.1624426500993208,0.33941987343468694
-23.90882644777542,0.06726199460046722,-0.23908826447775422,-1.3021376938997862,0.21461628208245975
-23.90882644777542,0.07097230647747807,-0.23908826447775422,-1.4497571717621272,0.07954485669153866
-23.90882644777542,0.0746826183544889,-0.23908826447775422,-1.605301083686343,-0.06647870017168933
-23.90882644777542,0.07839293023149975,-0.23908826447775422,-1.7687694296724343,-0.22410513232270923
-23.90882644777542,0.08210324210851058,-0.23908826447775422,-1.9401622097204003,-0.39393349462933736
-23.90882644777542,0.08581355398552143,-0.23908826447775422,-2.1194794238302417,-0.5764934563799768
-23.90882644777542,0.08952386586253226,-0.23908826447775422,-2.3067210720019578,-0.7722303506027004
-23.90882644777542,0.09323417773954311,-0.23908826447775422,-2.501887154235549,-0.9814962368169995
-23.90882644777542,0.09694448961655394,-0.23908826447775422,-2.7049776705310156,-1.2045513675092174
-23.90882644777542,0.10065480149356479,-0.23908826447775422,-2.9159926208883573,-1.4415817038990866
-23.90882644777542,0.10436511337057562,-0.23908826447775422,-3.1349320053075735,-1.6927394608243682
-23.90882644777542,0.10807542524758647,-0.23908826447775422,-3.361795823788666,-1.9582149867819434
-23.90882644777542,0.1117857371245973,-0.23908826447775422,-3.596584076331632,-2.238349455709419
-23.90882644777542,0.11549604900160815,-0.23908826447775422,-3.839296762936474,-2.5337985877785325
-23.90882644777542,0.11920636087861898,-0.23908826447775422,-4.089933883603191,-2.8457573844319453
-23.90882644777542,0.12291667275562983,-0.23908826447775422,-4.348495438331783,-3.1762535754279293
-23.90882644777542,0.12662698463264066,-0.23908826447775422,-4.61498142712225,-3.5285110544552145
-23.90882644777542,0.1303372965096515,-0.23908826447775422,-4.889391849974592,-3.9073703066162944
-23.90882644777542,0.13404760838666235,-0.23908826447775422,-5.17172670688881,-4.319724716046403
-23.90882644777542,0.13775792026367317,-0.23908826447775422,-5.461985997864901,-4.774881567576863
-23.90882644777542,0.14146823214068402,-0.23908826447775422,-5.760169722902869,-5.284677145638562
-23.90882644777542,0.14517854401769487,-0.23908826447775422,-6.066277882002711,-5.863069279758979
-23.90882644777542,0.1488888558947057,-0.23908826447775422,-6.380310475164429,-6.524830977792118
-23.90882644777542,0.15259916777171653,-0.23908826447775422,-6.702267502388021,-7.282967820774243
-23.90882644777542,0.15630947964872738,-0.23908826447775422,-7.032148963673489,-8.14474271064475
-23.90882644777542,0.16001979152573823,-0.23908826447775422,-7.369954859020832,-9.106872076667937
-23.90882644777542,0.16373010340274907,-0.23908826447775422,-7.715685188430051,-10.151474716060381
-23.90882644777542,0.1674404152797599,-0.23908826447775422,-8.069339951901142,-11.245099832849462
-23.90882644777542,0.17115072715677074,-0.23908826447775422,-8.43091914943411,-12.342639335837044
-23.90882644777542,0.17486103903378158,-0.23908826447775422,-8.800422781028955,-13.395730460776655
-23.90882644777542,0.17857135091079243,-0.23908826447775422,-9.177850846685672,-14.362590699044743
-23.90882644777542,0.18228166278780325,-0.23908826447775422,-9.563203346404265,-15.215281351782751
-23.90882644777542,0.1859919746648141,-0.23908826447775422,-9.956480280184733,-15.942039597389039
-23.90882644777542,0.18970228654182494,-0.23908826447775422,-10.357681648027077,-16.5450769002467
-23.90882644777542,0.1934125984188358,-0.23908826447775422,-10.766807449931298,-17.03600196327276
-23.90882644777542,0.1971229102958466,-0.23908826447775422,-11.183857685897388,-17.431078328674023
-23.90882644777542,0.20083322217285746,-0.23908826447775422,-11.608832355925356,-17.74759264872919
-23.90882644777542,0.2045435340498683,-0.23908826447775422,-12.041731460015201,-18.001645226174933
-23.90882644777542,0.20825384592687915,-0.23908826447775422,-12.482554998166922,-18.20712236935123
-23.90882644777542,0.21196415780388997,-0.23908826447775422,-12.931302970380512,-18.375448358068283
-23.90882644777542,0.21567446968090082,-0.23908826447775422,-13.387975376655982,-18.515763655028707
-23.90882644777542,0.21938478155791166,-0.23908826447775422,-13.852572216993329,-18.635288207711074
-23.90882644777542,0.2230950934349225,-0.23908826447775422,-14.325093491392547,-18.739731204192672
-23.90882644777542,0.22680540531193333,-0.23908826447775422,-14.805539199853637,-18.833680187372682
-23.90882644777542,0.23051571718894417,-0.23908826447775422,-15.293909342376608,-18.92094515801336
-23.90882644777542,0.23422602906595502,-0.23908826447775422,-15.790203918961453,-19.004855776500126
-23.90882644777542,0.23793634094296587,-0.23908826447775422,-16.294422929608174,-19.088519897856383
-23.90882644777542,0.2416466528199767,-0.23908826447775422,-16.806566374316766,-19.17505482322091
-23.90882644777542,0.24535696469698753,-0.23908826447775422,-17.326634253087235,-19.267801841003028
-23.90882644777542,0.24906727657399838,-0.23908826447775422,-17.85462656591958,-19.370531117784996
-23.90882644777542,0.2527775884510092,-0.23908826447775422,-18.390543312813804,-19.487637798355394
-23.90882644777542,0.25648790032802005,-0.23908826447775422,-18.934384493769894,-19.624320446147006
-23.90882644777542,0.2601982122050309,-0.23908826447775422,-19.48615010878787,-19.786718408898448
-23.90882644777542,0.26390852408204174,-0.23908826447775422,-20.045840157867712,-19.98196432206022
-23.90882644777542,0.26761883595905256,-0.23908826447775422,-20.613454641009426,-20.218082550342693
-23.90882644777542,0.27132914783606343,-0.23908826447775422,-21.188993558213028,-20.503639208573084
-23.90882644777542,0.27503945971307425,-0.23908826447775422,-21.772456909478496,-20.8470380325982
-23.90882644777542,0.27874977159008507,-0.23908826447775422,-22.363844694805838,-21.25538322222737
-23.90882644777542,0.28246008346709595,-0.23908826447775422,-22.963156914195064,-21.732926686573144
-23.90882644777542,0.28617039534410676,-0.23908826447775422,-23.570393567646153,-22.2793015771658
-23.90882644777542,0.28988070722111764,-0.23908826447775422,-24.18555465515913,-22.887985354544245
-23.90882644777542,0.29359101909812846,-0.23908826447775422,-24.808640176733974,-23.545618470487558
-23.90882644777542,0.2973013309751393,-0.23908826447775422,-25.43965013237069,-24.23275232464019
-23.90882644777542,0.30101164285215015,-0.23908826447775422,-26.078584522069296,-24.92619826536365
-23.90882644777542,0.30472195472916097,-0.23908826447775422,-26.72544334582976,-25.602508990120185
-22.520949596306387,0.011607316445304631,-0.22520949596306386,-0.03840363666214417,1.4687011185095102
-22.520949596306387,0.015317628322315471,-0.22520949596306386,-0.06687930596143218,1.4248507625000573
-22.520949596306387,0.01902794019932631,-0.22520949596306386,-0.10320298497207453,1.378246505991526
-22.520949596306387,0.02273825207633715,-0.22520949596306386,-0.14737467369407126,1.3285884158120689
-22.520949596306387,0.02644856395334799,-0.22520949596306386,-0.19939437212742236,1.2755446380465212
-22.520949596306387,0.03015887583035883,-0.22520949596306386,-0.2592620802721278,1.2187491338869931
-22.520949596306387,0.03386918770736967,-0.22520949596306386,-0.3269777981281877,1.1577996128475723
-22.520949596306387,0.03757949958438051,-0.22520949596306386,-0.4025415256956019,1.0922557963722148
-22.520949596306387,0.04128981146139135,-0.22520949596306386,-0.48595326297437047,1.021638177133078
-22.520949596306387,0.04500012333840219,-0.22520949596306386,-0.5772130099644934,0.9454274738758881
-22.520949596306387,0.04871043521541303,-0.22520949596306386,-0.6763207666659707,0.8630650162539124
-22.520949596306387,0.05242074709242387,-0.22520949596306386,-0.7832765330788024,0.773954324965844
-22.520949596306387,0.05613105896943471,-0.22520949596306386,-0.8980803092029884,0.6774641739636647
-22.520949596306387,0.05984137084644555,-0.22520949596306386,-1.0207320950385288,0.5729334252856779
-22.520949596306387,0.06355168272345639,-0.22520949596306386,-1.1512318905854235,0.4596779018842756
-22.520949596306387,0.06726199460046722,-0.22520949596306386,-1.2895796958436725,0.3369994948197059
-22.520949596306387,0.07097230647747807,-0.22520949596306386,-1.4357755108132761,0.20419756981936632
-22.520949596306387,0.0746826183544889,-0.22520949596306386,-1.5898193354942338,0.06058252240082562
-22.520949596306387,0.07839293023149975,-0.22520949596306386,-1.7517111698865462,-0.09450899414201142
-22.520949596306387,0.08210324210851058,-0.22520949596306386,-1.9214510139902126,-0.26169810315120823
-22.520949596306387,0.08581355398552143,-0.22520949596306386,-2.0990388678052336,-0.4415485546842104
-22.520949596306387,0.08952386586253226,-0.22520949596306386,-2.284474731331609,-0.6345547393952116
-22.520949596306387,0.09323417773954311,-0.22520949596306386,-2.4777586045693387,-0.8411361947913145
-22.520949596306387,0.09694448961655394,-0.22520949596306386,-2.6788904875184225,-1.0616430925727032
-22.520949596306387,0.10065480149356479,-0.22520949596306386,-2.8878703801788608,-1.2963785093062048
-22.520949596306387,0.10436511337057562,-0.22520949596306386,-3.1046982825506535,-1.5456446940092168
-22.520949596306387,0.10807542524758647,-0.22520949596306386,-3.329374194633801,-1.8098219524357433
-22.520949596306387,0.1117857371245973,-0.22520949596306386,-3.561898116428302,-2.089489978528337
-22.520949596306387,0.11549604900160815,-0.22520949596306386,-3.8022700479341585,-2.3856021133925136
-22.520949596306387,0.11920636087861898,-0.22520949596306386,-4.050489989151369,-2.699722386765027
-22.520949596306387,0.12291667275562983,-0.22520949596306386,-4.306557940079934,-3.0343319162740396
-22.520949596306387,0.12662698463264066,-0.22520949596306386,-4.570473900719852,-3.3932027612732307
-22.520949596306387,0.1303372965096515,-0.22520949596306386,-4.842237871071125,-3.7818192949220215
-22.520949596306387,0.13404760838666235,-0.22520949596306386,-5.121849851133754,-4.207792944382085
-22.520949596306387,0.13775792026367317,-0.22520949596306386,-5.409309840907735,-4.68115763749904
-22.520949596306387,0.14146823214068402,-0.22520949596306386,-5.704617840393071,-5.214345329099347
-22.520949596306387,0.14517854401769487,-0.22520949596306386,-6.007773849589762,-5.8215335977660025
-22.520949596306387,0.1488888558947057,-0.22520949596306386,-6.318777868497808,-6.516979092202358
-22.520949596306387,0.15259916777171653,-0.22520949596306386,-6.637629897117206,-7.312015632732178
-22.520949596306387,0.15630947964872738,-0.22520949596306386,-6.96432993544796,-8.21077537629032
-22.520949596306387,0.16001979152573823,-0.22520949596306386,-7.298877983490069,-9.20549336675432
-22.520949596306387,0.16373010340274907,-0.22520949596306386,-7.641274041243532,-10.273253798460017
-22.520949596306387,0.1674404152797599,-0.22520949596306386,-7.991518108708347,-11.376465759926324
-22.520949596306387,0.17115072715677074,-0.22520949596306386,-8.349610185884519,-12.468299621963201
-22.520949596306387,0.17486103903378158,-0.22520949596306386,-8.715550272772047,-13.50181821334529
-22.520949596306387,0.17857135091079243,-0.22520949596306386,-9.089338369370926,-14.439253590292491
-22.520949596306387,0.18228166278780325,-0.22520949596306386,-9.47097447568116,-15.257773660311194
-22.520949596306387,0.1859919746648141,-0.22520949596306386,-9.860458591702749,-15.950256349357552
-22.520949596306387,0.18970228654182494,-0.22520949596306386,-10.257790717435693,-16.52215894454621
-22.520949596306387,0.1934125984188358,-0.22520949596306386,-10.662970852879992,-16.986769727428968
-22.520949596306387,0.1971229102958466,-0.22520949596306386,-11.07599899803564,-17.360781719293314
-22.520949596306387,0.20083322217285746,-0.22520949596306386,-11.496875152902646,-17.66112854145633
-22.520949596306387,0.2045435340498683,-0.22520949596306386,-11.925599317481009,-17.90318200098338
-22.520949596306387,0.20825384592687915,-0.22520949596306386,-12.362171491770725,-18.09999847112308
-22.520949596306387,0.21196415780388997,-0.22520949596306386,-12.806591675771791,-18.26222126203601
-22.520949596306387,0.21567446968090082,-0.22520949596306386,-13.258859869484215,-18.39832270598194
-22.520949596306387,0.21938478155791166,-0.22520949596306386,-13.718976072907996,-18.51498073509194
-22.520949596306387,0.2230950934349225,-0.22520949596306386,-14.186940286043127,-18.61747683430612
-22.520949596306387,0.22680540531193333,-0.22520949596306386,-14.66275250888961,-18.710063517193085
-22.520949596306387,0.23051571718894417,-0.22520949596306386,-15.146412741447454,-18.796284868807277
-22.520949596306387,0.23422602906595502,-0.22520949596306386,-15.63792098371665,-18.879251750385627
-22.520949596306387,0.23793634094296587,-0.22520949596306386,-16.1372772356972,-18.96188103475454
-22.520949596306387,0.2416466528199767,-0.22520949596306386,-16.6444814973891,-19.047110341995406
-22.520949596306387,0.24535696469698753,-0.22520949596306386,-17.15953376879236,-19.13809866996523
-22.520949596306387,0.24906727657399838,-0.22520949596306386,-17.682434049906977,-19.23842004175348
-22.520949596306387,0.2527775884510092,-0.22520949596306386,-18.213182340732946,-19.352251733346804
-22.520949596306387,0.25648790032802005,-0.22520949596306386,-18.751778641270263,-19.484549951660394
-22.520949596306387,0.2601982122050309,-0.22520949596306386,-19.298222951518948,-19.64119270744061
-22.520949596306387,0.26390852408204174,-0.22520949596306386,-19.85251527147897,-19.82905090302287
-22.520949596306387,0.26761883595905256,-0.22520949596306386,-20.41465560115035,-20.055924556292094
-22.520949596306387,0.27132914783606343,-0.22520949596306386,-20.984643940533097,-20.33025560170984
-22.520949596306387,0.27503945971307425,-0.22520949596306386,-21.562480289627192,-20.660513122012727
-22.520949596306387,0.27874977159008507,-0.22520949596306386,-22.148164648432633,-21.054162859650546
-22.520949596306387,0.28246008346709595,-0.22520949596306386,-22.74169701694944,-21.51621058557297
-22.520949596306387,0.28617039534410676,-0.22520949596306386,-23.343077395177595,-22.04747189798637
-22.520949596306387,0.28988070722111764,-0.22520949596306386,-23.95230578311711,-22.642952845769305
-22.520949596306387,0.29359101909812846,-0.22520949596306386,-24.56938218076797,-23.2909323464585
-22.520949596306387,0.2973013309751393,-0.22520949596306386,-25.19430658813019,-23.973351811878327
-22.520949596306387,0.30101164285215015,-0.22520949596306386,-25.82707900520377,-24.66779934209131
-22.520949596306387,0.30472195472916097,-0.22520949596306386,-26.467699431988695,-25.350774848224148
-21.133072744837353,0.011607316445304631,-0.21133072744837353,-0.038029659934606296,1.5753949425701304
-21.133072744837353,0.015317628322315471,-0.21133072744837353,-0.06622803159896756,1.5324151864262834
-21.133072744837353,0.01902794019932631,-0.21133072744837353,-0.10219798862416246,1.4867226006546341
-21.133072744837353,0.02273825207633715,-0.21133072744837353,-0.14593953101019103,1.4380229028670921
-21.133072744837353,0.02644856395334799,-0.21133072744837353,-0.19745265875705326,1.3859905799609529
-21.133072744837353,0.03015887583035883,-0.21133072744837353,-0.2567373718647491,1.3302666474424132
-21.133072744837353,0.03386918770736967,-0.21133072744837353,-0.3237936703332787,1.2704565843567865
-21.133072744837353,0.03757949958438051,-0.21133072744837353,-0.3986215541626419,1.2061285672235764
-21.133072744837353,0.04128981146139135,-0.21133072744837353,-0.48122102335283873,1.136812156050141
-21.133072744837353,0.04500012333840219,-0.21133072744837353,-0.5715920779038692,1.0619976170567142
-21.133072744837353,0.04871043521541303,-0.21133072744837353,-0.6697347178157333,0.9811360979635622
-21.133072744837353,0.05242074709242387,-0.21133072744837353,-0.7756489430884312,0.8936408989178599
-21.133072744837353,0.05613105896943471,-0.21133072744837353,-0.8893347537219627,0.7988900998133601
-21.133072744837353,0.05984137084644555,-0.21133072744837353,-1.0107921497163277,0.696230804855624
-21.133072744837353,0.06355168272345639,-0.21133072744837353,-1.1400211310715265,0.5849852366993409
-21.133072744837353,0.06726199460046722,-0.21133072744837353,-1.2770216977875586,0.46445884076133637
-21.133072744837353,0.07097230647747807,-0.21133072744837353,-1.421793849864425,0.3339504270123361
-21.133072744837353,0.0746826183544889,-0.21133072744837353,-1.5743375873021244,0.19276415955628035
-21.133072744837353,0.07839293023149975,-0.21133072744837353,-1.7346529101006578,0.04022287842649219
-21.133072744837353,0.08210324210851058,-0.21133072744837353,-1.9027398182600248,-0.12431822356509925
-21.133072744837353,0.08581355398552143,-0.21133072744837353,-2.0785983117802256,-0.3014591694722013
-21.133072744837353,0.08952386586253226,-0.21133072744837353,-2.2622283906612597,-0.49174641995336565
-21.133072744837353,0.09323417773954311,-0.21133072744837353,-2.453630054903128,-0.6956711595847962
-21.133072744837353,0.09694448961655394,-0.21133072744837353,-2.6528033045058295,-0.913679258435512
-21.133072744837353,0.10065480149356479,-0.21133072744837353,-2.8597481394693647,-1.1461988896853936
-21.133072744837353,0.10436511337057562,-0.21133072744837353,-3.0744645597937335,-1.3936932637151302
-21.133072744837353,0.10807542524758647,-0.21133072744837353,-3.2969525654789367,-1.6567474030356164
-21.133072744837353,0.1117857371245973,-0.21133072744837353,-3.527212156524972,-1.9361990857520481
-21.133072744837353,0.11549604900160815,-0.21133072744837353,-3.7652433329318424,-2.233324551425458
-21.133072744837353,0.11920636087861898,-0.21133072744837353,-4.011046094699546,-2.5500883729646624
-21.133072744837353,0.12291667275562983,-0.21133072744837353,-4.264620441828083,-2.889462327953782
-21.133072744837353,0.12662698463264066,-0.21133072744837353,-4.525966374317454,-3.255807086518204
-21.133072744837353,0.1303372965096515,-0.21133072744837353,-4.795083892167658,-3.655288055251657
-21.133072744837353,0.13404760838666235,-0.21133072744837353,-5.071972995378697,-4.096255642249574
-21.133072744837353,0.13775792026367317,-0.21133072744837353,-5.356633683950568,-4.589452948758333
-21.133072744837353,0.14146823214068402,-0.21133072744837353,-5.649065957883274,-5.1478188438801755
-21.133072744837353,0.14517854401769487,-0.21133072744837353,-5.949269817176813,-5.785551317379725
-21.133072744837353,0.1488888558947057,-0.21133072744837353,-6.257245261831186,-6.516051631627888
-21.133072744837353,0.15259916777171653,-0.21133072744837353,-6.572992291846392,-7.34851826116117
-21.133072744837353,0.15630947964872738,-0.21133072744837353,-6.896510907222432,-8.283466746229392
-21.133072744837353,0.16001979152573823,-0.21133072744837353,-7.227801107959307,-9.308346397557168
-21.133072744837353,0.16373010340274907,-0.21133072744837353,-7.566862894057015,-10.395318942056896
-21.133072744837353,0.1674404152797599,-0.21133072744837353,-7.913696265515553,-11.503284422073058
-21.133072744837353,0.17115072715677074,-0.21133072744837353,-8.268301222334928,-12.58466973488614
-21.133072744837353,0.17486103903378158,-0.21133072744837353,-8.630677764515138,-13.594893791238043
-21.133072744837353,0.17857135091079243,-0.21133072744837353,-9.000825892056179,-14.500721404726834
-21.133072744837353,0.18228166278780325,-0.21133072744837353,-9.378745604958054,-15.284425667739082
-21.133072744837353,0.1859919746648141,-0.21133072744837353,-9.764436903220764,-15.943157979427925
-21.133072744837353,0.18970228654182494,-0.21133072744837353,-10.157899786844307,-16.485135115551763
-21.133072744837353,0.1934125984188358,-0.21133072744837353,-10.559134255828686,-16.9249039405923
-21.133072744837353,0.1971229102958466,-0.21133072744837353,-10.968140310173894,-17.27930544325903
-21.133072744837353,0.20083322217285746,-0.21133072744837353,-11.384917949879936,-17.56477247274356
-21.133072744837353,0.2045435340498683,-0.21133072744837353,-11.809467174946816,-17.795895871007428
-21.133072744837353,0.20825384592687915,-0.21133072744837353,-12.241787985374527,-17.98490478104026
-21.133072744837353,0.21196415780388997,-0.21133072744837353,-12.68188038116307,-18.14168996657693
-21.133072744837353,0.21567446968090082,-0.21133072744837353,-13.12974436231245,-18.27409203757911
-21.133072744837353,0.21938478155791166,-0.21133072744837353,-13.585379928822663,-18.388282306460255
-21.133072744837353,0.2230950934349225,-0.21133072744837353,-14.048787080693709,-18.48914531679736
-21.133072744837353,0.22680540531193333,-0.21133072744837353,-14.519965817925586,-18.580623936320116
-21.133072744837353,0.23051571718894417,-0.21133072744837353,-14.998916140518299,-18.666016927269787
-21.133072744837353,0.23422602906595502,-0.21133072744837353,-15.485638048471847,-18.74823322837822
-21.133072744837353,0.23793634094296587,-0.21133072744837353,-15.980131541786228,-18.83001303193465
-21.133072744837353,0.2416466528199767,-0.21133072744837353,-16.48239662046144,-18.914127015909123
-21.133072744837353,0.24535696469698753,-0.21133072744837353,-16.99243328449749,-19.00356384401352
-21.133072744837353,0.24906727657399838,-0.21133072744837353,-17.510241533894373,-19.10171302414406
-21.133072744837353,0.2527775884510092,-0.21133072744837353,-18.03582136865209,-19.212545251919966
-21.133072744837353,0.25648790032802005,-0.21133072744837353,-18.569172788770633,-19.34078462281348
-21.133072744837353,0.2601982122050309,-0.21133072744837353,-19.11029579425002,-19.49205529374529
-21.133072744837353,0.26390852408204174,-0.21133072744837353,-19.659190385090234,-19.672968045920715
-21.133072744837353,0.26761883595905256,-0.21133072744837353,-20.21585656129128,-19.891089530748648
-21.133072744837353,0.27132914783606343,-0.21133072744837353,-20.78029432285317,-20.154711668313375
-21.133072744837353,0.27503945971307425,-0.21133072744837353,-21.352503669775885,-20.47231996934848
-21.133072744837353,0.27874977159008507,-0.21133072744837353,-21.93248460205943,-20.85166646565741
-21.133072744837353,0.28246008346709595,-0.21133072744837353,-22.520237119703822,-21.29841391237786
-21.133072744837353,0.28617039534410676,-0.21133072744837353,-23.115761222709033,-21.814459572316544
-21.133072744837353,0.28988070722111764,-0.21133072744837353,-23.719056911075093,-22.39626502439869
-21.133072744837353,0.29359101909812846,-0.21133072744837353,-24.33012418480197,-23.03373945782791
-21.133072744837353,0.2973013309751393,-0.21133072744837353,-24.94896304388969,-23.71029528193434
-21.133072744837353,0.30101164285215015,-0.21133072744837353,-25.57557348833825,-24.404459921474647
-21.133072744837353,0.30472195472916097,-0.21133072744837353,-26.20995551814763,-25.092881031802914
-19.74519589336832,0.011607316445304631,-0.1974519589336832,-0.03765568320706841,1.6868205274196366
-19.74519589336832,0.015317628322315471,-0.1974519589336832,-0.06557675723650293,1.644739752951234
-19.74519589336832,0.01902794019932631,-0.1974519589336832,-0.10119299227625037,1.5999875670535035
-19.74519589336832,0.02273825207633715,-0.1974519589336832,-0.14450438832631074,1.5522753127704128
-19.74519589336832,0.02644856395334799,-0.1974519589336832,-0.1955109453866841,1.5012837776679142
-19.74519589336832,0.03015887583035883,-0.1974519589336832,-0.25421266345737037,1.4466609732082818
-19.74519589336832,0.03386918770736967,-0.1974519589336832,-0.32060954253836965,1.3880200674773542
-19.74519589336832,0.03757949958438051,-0.1974519589336832,-0.3947015826296818,1.3249375849737997
-19.74519589336832,0.04128981146139135,-0.1974519589336832,-0.4764887837313069,1.2569520142173862
-19.74519589336832,0.04500012333840219,-0.1974519589336832,-0.5659711458432449,1.1835629924270223
-19.74519589336832,0.04871043521541303,-0.1974519589336832,-0.663148668965496,1.1042312642505954
-19.74519589336832,0.05242074709242387,-0.1974519589336832,-0.7680213530980599,1.0183796349079677
-19.74519589336832,0.05613105896943471,-0.1974519589336832,-0.8805891982409367,0.9253951516843502
-19.74519589336832,0.05984137084644555,-0.1974519589336832,-1.0008522043941264,0.8246327436181311
-19.74519589336832,0.06355168272345639,-0.1974519589336832,-1.1288103715576292,0.715420516608775
-19.74519589336832,0.06726199460046722,-0.1974519589336832,-1.2644636997314447,0.5970668256390794
-19.74519589336832,0.07097230647747807,-0.1974519589336832,-1.4078121889155732,0.4688691090689041
-19.74519589336832,0.0746826183544889,-0.1974519589336832,-1.5588558391100147,0.33012424975114274
-19.74519589336832,0.07839293023149975,-0.1974519589336832,-1.7175946503147694,0.1801398982694271
-19.74519589336832,0.08210324210851058,-0.1974519589336832,-1.8840286225298366,0.018245726809116958
-19.74519589336832,0.08581355398552143,-0.1974519589336832,-2.058157755755217,-0.1561970501916019
-19.74519589336832,0.08952386586253226,-0.1974519589336832,-2.2399820499909104,-0.3437903754183915
-19.74519589336832,0.09323417773954311,-0.1974519589336832,-2.4295015052369164,-0.5451017853034139
-19.74519589336832,0.09694448961655394,-0.1974519589336832,-2.626716121493236,-0.7606793405059482
-19.74519589336832,0.10065480149356479,-0.1974519589336832,-2.8316258987598677,-0.9910852301138748
-19.74519589336832,0.10436511337057562,-0.1974519589336832,-3.044230837036813,-1.236955764932462
-19.74519589336832,0.10807542524758647,-0.1974519589336832,-3.2645309363240713,-1.499096967142273
-19.74519589336832,0.1117857371245973,-0.1974519589336832,-3.4925261966216414,-1.7786260981206266
-19.74519589336832,0.11549604900160815,-0.1974519589336832,-3.728216617929526,-2.0771696310906753
-19.74519589336832,0.11920636087861898,-0.1974519589336832,-3.9716022002477227,-2.3971262083612057
-19.74519589336832,0.12291667275562983,-0.1974519589336832,-4.222682943576233,-2.7419969043349455
-19.74519589336832,0.12662698463264066,-0.1974519589336832,-4.481458847915055,-3.1167710086395592
-19.74519589336832,0.1303372965096515,-0.1974519589336832,-4.747929913264191,-3.528327888158377
-19.74519589336832,0.13404760838666235,-0.1974519589336832,-5.02209613962364,-3.985766869470618
-19.74519589336832,0.13775792026367317,-0.1974519589336832,-5.3039575269934005,-4.500501200562377
-19.74519589336832,0.14146823214068402,-0.1974519589336832,-5.593514075373475,-5.0858526322366595
-19.74519589336832,0.14517854401769487,-0.1974519589336832,-5.890765784763863,-5.755792144301007
-19.74519589336832,0.1488888558947057,-0.1974519589336832,-6.195712655164563,-6.522476394201659
-19.74519589336832,0.15259916777171653,-0.1974519589336832,-6.508354686575576,-7.392478087011923
-19.74519589336832,0.15630947964872738,-0.1974519589336832,-6.828691878996902,-8.362242861310126
-19.74519589336832,0.16001979152573823,-0.1974519589336832,-7.156724232428542,-9.414245877707428
-19.74519589336832,0.16373010340274907,-0.1974519589336832,-7.492451746870494,-10.516014610204609
-19.74519589336832,0.1674404152797599,-0.1974519589336832,-7.835874422322757,-11.623725994926396
-19.74519589336832,0.17115072715677074,-0.1974519589336832,-8.186992258785336,-12.690083845557814
-19.74519589336832,0.17486103903378158,-0.1974519589336832,-8.545805256258229,-13.673699493151371
-19.74519589336832,0.17857135091079243,-0.1974519589336832,-8.912313414741432,-14.546223344540026
-19.74519589336832,0.18228166278780325,-0.1974519589336832,-9.286516734234947,-15.294889504576986
-19.74519589336832,0.1859919746648141,-0.1974519589336832,-9.668415214738777,-15.920686657056178
-19.74519589336832,0.18970228654182494,-0.1974519589336832,-10.05800885625292,-16.434103703649665
-19.74519589336832,0.1934125984188358,-0.1974519589336832,-10.455297658777377,-16.85055915248221
-19.74519589336832,0.1971229102958466,-0.1974519589336832,-10.860281622312144,-17.186800514760236
-19.74519589336832,0.20083322217285746,-0.1974519589336832,-11.272960746857224,-17.458643615510365
-19.74519589336832,0.2045435340498683,-0.1974519589336832,-11.69333503241262,-17.679865654645795
-19.74519589336832,0.20825384592687915,-0.1974519589336832,-12.121404478978329,-17.861881564717393
-19.74519589336832,0.21196415780388997,-0.1974519589336832,-12.557169086554346,-18.01386219863522
-19.74519589336832,0.21567446968090082,-0.1974519589336832,-13.00062885514068,-18.14305372140476
-19.74519589336832,0.21938478155791166,-0.1974519589336832,-13.451783784737328,-18.25515553297305
-19.74519589336832,0.2230950934349225,-0.1974519589336832,-13.910633875344287,-18.354684745998423
-19.74519589336832,0.22680540531193333,-0.1974519589336832,-14.377179126961556,-18.44529863502714
-19.74519589336832,0.23051571718894417,-0.1974519589336832,-14.851419539589143,-18.530070017252754
-19.74519589336832,0.23422602906595502,-0.1974519589336832,-15.333355113227041,-18.61172173659516
-19.74519589336832,0.23793634094296587,-0.1974519589336832,-15.822985847875254,-18.692830712169616
-19.74519589336832,0.2416466528199767,-0.1974519589336832,-16.320311743533775,-18.776012651239473
-19.74519589336832,0.24535696469698753,-0.1974519589336832,-16.825332800202613,-18.864097181456618
-19.74519589336832,0.24906727657399838,-0.1974519589336832,-17.33804901788176,-18.960300387489525
-19.74519589336832,0.2527775884510092,-0.1974519589336832,-17.85846039657123,-19.06839732215351
-19.74519589336832,0.25648790032802005,-0.1974519589336832,-18.386566936271,-19.192890186944414
-19.74519589336832,0.2601982122050309,-0.1974519589336832,-18.922368636981094,-19.339157298966434
-19.74519589336832,0.26390852408204174,-0.1974519589336832,-19.46586549870149,-19.513552359197494
-19.74519589336832,0.26761883595905256,-0.1974519589336832,-20.0170575214322,-19.723402360552786
-19.74519589336832,0.27132914783606343,-0.1974519589336832,-20.575944705173235,-19.97682771254013
-19.74519589336832,0.27503945971307425,-0.1974519589336832,-21.142527049924574,-20.2822872898197
-19.74519589336832,0.27874977159008507,-0.1974519589336832,-21.71680455568622,-20.647750564205953
-19.74519589336832,0.28246008346709595,-0.1974519589336832,-22.298777222458195,-21.079445095788476
-19.74519589336832,0.28617039534410676,-0.1974519589336832,-22.88844505024047,-21.58024864261374
-19.74519589336832,0.28988070722111764,-0.1974519589336832,-23.485808039033067,-22.14799662576259
-19.74519589336832,0.29359101909812846,-0.1974519589336832,-24.090866188835967,-22.77420300423036
-19.74519589336832,0.2973013309751393,-0.1974519589336832,-24.703619499649182,-23.443810572323336
-19.74519589336832,0.30101164285215015,-0.1974519589336832,-25.324067971472722,-24.136431177841605
-19.74519589336832,0.30472195472916097,-0.1974519589336832,-25.95221160430656,-24.82905532387408
-18.357319041899284,0.011607316445304631,-0.18357319041899284,-0.03728170647953054,1.803090875137147
-18.357319041899284,0.015317628322315471,-0.18357319041899284,-0.0649254828740383,1.7619354454568634
-18.357319041899284,0.01902794019932631,-0.18357319041899284,-0.1001879959283383,1.7181502167814566
-18.357319041899284,0.02273825207633715,-0.18357319041899284,-0.1430692456424305,1.6714521164867844
-18.357319041899284,0.02644856395334799,-0.18357319041899284,-0.19356923201631498,1.621528175213334
-18.357319041899284,0.03015887583035883,-0.18357319041899284,-0.25168795504999164,1.5680333226834728
-18.357319041899284,0.03386918770736967,-0.18357319041899284,-0.31742541474346064,1.5105883140719547
-18.357319041899284,0.03757949958438051,-0.18357319041899284,-0.39078161109672177,1.448777890864102
-18.357319041899284,0.04128981146139135,-0.18357319041899284,-0.47175654410977513,1.3821493045094402
-18.357319041899284,0.04500012333840219,-0.18357319041899284,-0.5603502137826207,1.3102113565216793
-18.357319041899284,0.04871043521541303,-0.18357319041899284,-0.6565626201152586,1.2324341327777286
-18.357319041899284,0.05242074709242387,-0.18357319041899284,-0.7603937631076886,1.1482496290658541
-18.357319041899284,0.05613105896943471,-0.18357319041899284,-0.8718436427599109,1.0570534740409994
-18.357319041899284,0.05984137084644555,-0.18357319041899284,-0.9909122590719254,0.9582079469000331
-18.357319041899284,0.06355168272345639,-0.18357319041899284,-1.1175996120437321,0.8510464495543515
-18.357319041899284,0.06726199460046722,-0.18357319041899284,-1.2519057016753308,0.7348795125627949
-18.357319041899284,0.07097230647747807,-0.18357319041899284,-1.393830527966722,0.6090022722940536
-18.357319041899284,0.0746826183544889,-0.18357319041899284,-1.5433740909179055,0.47270313121553875
-18.357319041899284,0.07839293023149975,-0.18357319041899284,-1.700536390528881,0.32527297743778516
-18.357319041899284,0.08210324210851058,-0.18357319041899284,-1.8653174267996488,0.16601386434146437
-18.357319041899284,0.08581355398552143,-0.18357319041899284,-2.037717199730209,-0.005754593963866794
-18.357319041899284,0.08952386586253226,-0.18357319041899284,-2.217735709320561,-0.1906936981661167
-18.357319041899284,0.09323417773954311,-0.18357319041899284,-2.405372955570706,-0.38945265681436525
-18.357319041899284,0.09694448961655394,-0.18357319041899284,-2.6006289384806425,-0.6026890231881874
-18.357319041899284,0.10065480149356479,-0.18357319041899284,-2.8035036580503716,-0.8311089729403343
-18.357319041899284,0.10436511337057562,-0.18357319041899284,-3.013997114279893,-1.0755353934924268
-18.357319041899284,0.10807542524758647,-0.18357319041899284,-3.232109307169207,-1.337013236811034
-18.357319041899284,0.1117857371245973,-0.18357319041899284,-3.4578402367183116,-1.6169625740683913
-18.357319041899284,0.11549604900160815,-0.18357319041899284,-3.69118990292721,-1.9173895069785332
-18.357319041899284,0.11920636087861898,-0.18357319041899284,-3.9321583057959,-2.241162088275183
-18.357319041899284,0.12291667275562983,-0.18357319041899284,-4.180745445324383,-2.592350113817967
-18.357319041899284,0.12662698463264066,-0.18357319041899284,-4.436951321512657,-2.97660982939395
-18.357319041899284,0.1303372965096515,-0.18357319041899284,-4.700775934360724,-3.4015610103622613
-18.357319041899284,0.13404760838666235,-0.18357319041899284,-4.972219283868584,-3.877047206582393
-18.357319041899284,0.13775792026367317,-0.18357319041899284,-5.251281370036233,-4.415086210965491
-18.357319041899284,0.14146823214068402,-0.18357319041899284,-5.537962192863677,-5.029217906905161
-18.357319041899284,0.14517854401769487,-0.18357319041899284,-5.832261752350913,-5.73288770734077
-18.357319041899284,0.1488888558947057,-0.18357319041899284,-6.134180048497941,-6.536572560340637
-18.357319041899284,0.15259916777171653,-0.18357319041899284,-6.443717081304761,-7.443718935562183
-18.357319041899284,0.15630947964872738,-0.18357319041899284,-6.760872850771373,-8.446310724560902
-18.357319041899284,0.16001979152573823,-0.18357319041899284,-7.085647356897779,-9.521804973133102
-18.357319041899284,0.16373010340274907,-0.18357319041899284,-7.418040599683976,-10.63356587401191
-18.357319041899284,0.1674404152797599,-0.18357319041899284,-7.758052579129963,-11.735960355687086
-18.357319041899284,0.17115072715677074,-0.18357319041899284,-8.105683295235744,-12.78298379625416
-18.357319041899284,0.17486103903378158,-0.18357319041899284,-8.46093274800132,-13.737145446880932
-18.357319041899284,0.17857135091079243,-0.18357319041899284,-8.823800937426686,-14.575163148644116
-18.357319041899284,0.18228166278780325,-0.18357319041899284,-9.194287863511843,-15.288963741335412
-18.357319041899284,0.1859919746648141,-0.18357319041899284,-9.572393526256793,-15.882891744164047
-18.357319041899284,0.18970228654182494,-0.18357319041899284,-9.958117925661536,-16.369235456090312
-18.357319041899284,0.1934125984188358,-0.18357319041899284,-10.351461061726072,-16.763937864404422
-18.357319041899284,0.1971229102958466,-0.18357319041899284,-10.752422934450397,-17.08345112932922
-18.357319041899284,0.20083322217285746,-0.18357319041899284,-11.161003543834514,-17.34288655056728
-18.357319041899284,0.2045435340498683,-0.18357319041899284,-11.577202889878427,-17.555192064619675
-18.357319041899284,0.20825384592687915,-0.18357319041899284,-12.001020972582133,-17.730989752193114
-18.357319041899284,0.21196415780388997,-0.18357319041899284,-12.432457791945625,-17.878766200623232
-18.357319041899284,0.21567446968090082,-0.18357319041899284,-12.871513347968914,-18.005210629395126
-18.357319041899284,0.21938478155791166,-0.18357319041899284,-13.318187640651995,-18.115584235473204
-18.357319041899284,0.2230950934349225,-0.18357319041899284,-13.772480669994868,-18.214064834127516
-18.357319041899284,0.22680540531193333,-0.18357319041899284,-14.23439243599753,-18.304046794246002
-18.357319041899284,0.23051571718894417,-0.18357319041899284,-14.703922938659987,-18.388395157456227
-18.357319041899284,0.23422602906595502,-0.18357319041899284,-15.181072177982239,-18.469661474429575
-18.357319041899284,0.23793634094296587,-0.18357319041899284,-15.66584015396428,-18.550271930870412
-18.357319041899284,0.2416466528199767,-0.18357319041899284,-16.15822686660611,-18.63269849136585
-18.357319041899284,0.24535696469698753,-0.18357319041899284,-16.65823231590774,-18.719622403639278
-18.357319041899284,0.24906727657399838,-0.18357319041899284,-17.165856501869158,-18.814096886060085
-18.357319041899284,0.2527775884510092,-0.18357319041899284,-17.68109942449037,-18.919711909804295
-18.357319041899284,0.25648790032802005,-0.18357319041899284,-18.203961083771368,-19.04075790188292
-18.357319041899284,0.2601982122050309,-0.18357319041899284,-18.73444147971217,-19.18237574511362
-18.357319041899284,0.26390852408204174,-0.18357319041899284,-19.272540612312753,-19.350666296700254
-18.357319041899284,0.26761883595905256,-0.18357319041899284,-19.818258481573128,-19.55271298838938
-18.357319041899284,0.27132914783606343,-0.18357319041899284,-20.371595087493304,-19.7964471513428
-18.357319041899284,0.27503945971307425,-0.18357319041899284,-20.932550430073267,-20.090263456860505
-18.357319041899284,0.27874977159008507,-0.18357319041899284,-21.50112450931302,-20.44228630906366
-18.357319041899284,0.28246008346709595,-0.18357319041899284,-22.077317325212572,-20.85922115503319
-18.357319041899284,0.28617039534410676,-0.18357319041899284,-22.661128877771908,-21.344826112026045
-18.357319041899284,0.28988070722111764,-0.18357319041899284,-23.25255916699105,-21.898222221702657
-18.357319041899284,0.29359101909812846,-0.18357319041899284,-23.851608192869968,-22.512487350135302
-18.357319041899284,0.2973013309751393,-0.18357319041899284,-24.458275955408684,-23.174133053983343
-18.357319041899284,0.30101164285215015,-0.18357319041899284,-25.072562454607198,-23.86398170117119
-18.357319041899284,0.30472195472916097,-0.18357319041899284,-25.694467690465494,-24.55955317258701
-16.96944219043025,0.011607316445304631,-0.1696944219043025,-0.036907729751992656,1.9243059004415504
-16.96944219043025,0.015317628322315471,-0.1696944219043025,-0.06427420851157369,1.8840998448141402
-16.96944219043025,0.01902794019932631,-0.1696944219043025,-0.09918299958042623,1.8413056415365816
-16.96944219043025,0.02273825207633715,-0.1696944219043025,-0.14163410295855028,1.7956457454641244
-16.96944219043025,0.02644856395334799,-0.1696944219043025,-0.19162751864594585,1.7468133551532377
-16.96944219043025,0.03015887583035883,-0.1696944219043025,-0.24916324664261294,1.6944702212689433
-16.96944219043025,0.03386918770736967,-0.1696944219043025,-0.31424128694855163,1.6382445621284145
-16.96944219043025,0.03757949958438051,-0.1696944219043025,-0.38686163956376174,1.5777291804212676
-16.96944219043025,0.04128981146139135,-0.1696944219043025,-0.4670243044882434,1.5124798967827628
-16.96944219043025,0.04500012333840219,-0.1696944219043025,-0.5547292817219965,1.4420144379851385
-16.96944219043025,0.04871043521541303,-0.1696944219043025,-0.6499765712650212,1.3658119378125082
-16.96944219043025,0.05242074709242387,-0.1696944219043025,-0.7527661731173174,1.2833132236308675
-16.96944219043025,0.05613105896943471,-0.1696944219043025,-0.8630980872788852,1.1939220658892238
-16.96944219043025,0.05984137084644555,-0.1696944219043025,-0.9809723137497243,1.097007553569988
-16.96944219043025,0.06355168272345639,-0.1696944219043025,-1.106388852529835,0.991907715253858
-16.96944219043025,0.06726199460046722,-0.1696944219043025,-1.239347703619217,0.8779344186960578
-16.96944219043025,0.07097230647747807,-0.1696944219043025,-1.379848867017871,0.7543794332244331
-16.96944219043025,0.0746826183544889,-0.1696944219043025,-1.527892342725796,0.6205213060426134
-16.96944219043025,0.07839293023149975,-0.1696944219043025,-1.683478130742993,0.475632358544529
-16.96944219043025,0.08210324210851058,-0.1696944219043025,-1.846606231069461,0.3189846214742531
-16.96944219043025,0.08581355398552143,-0.1696944219043025,-2.017276643705201,0.14985286617119065
-16.96944219043025,0.08952386586253226,-0.1696944219043025,-2.1954893686502124,-0.0324879766378634
-16.96944219043025,0.09323417773954311,-0.1696944219043025,-2.381244405904495,-0.2287748103587368
-16.96944219043025,0.09694448961655394,-0.1696944219043025,-2.5745417554680494,-0.43978289698719286
-16.96944219043025,0.10065480149356479,-0.1696944219043025,-2.7753814173408755,-0.666373540429887
-16.96944219043025,0.10436511337057562,-0.1696944219043025,-2.983763391522973,-0.9095711454540776
-16.96944219043025,0.10807542524758647,-0.1696944219043025,-3.199687678014342,-1.1706792871938008
-16.96944219043025,0.1117857371245973,-0.1696944219043025,-3.423154276814982,-1.4514461652694697
-16.96944219043025,0.11549604900160815,-0.1696944219043025,-3.6541631879248944,-1.7542889016126468
-16.96944219043025,0.11920636087861898,-0.1696944219043025,-3.8927144113440773,-2.082581791056028
-16.96944219043025,0.12291667275562983,-0.1696944219043025,-4.138807947072532,-2.441002760465154
-16.96944219043025,0.12662698463264066,-0.1696944219043025,-4.392443795110259,-2.8359100794398096
-16.96944219043025,0.1303372965096515,-0.1696944219043025,-4.653621955457257,-3.27568113259483
-16.96944219043025,0.13404760838666235,-0.1696944219043025,-4.922342428113527,-3.770880153613583
-16.96944219043025,0.13775792026367317,-0.1696944219043025,-5.198605213079067,-4.334031912511778
-16.96944219043025,0.14146823214068402,-0.1696944219043025,-5.48241031035388,-4.978683946139934
-16.96944219043025,0.14517854401769487,-0.1696944219043025,-5.773757719937964,-5.7174054274989246
-16.96944219043025,0.1488888558947057,-0.1696944219043025,-6.07264744183132,-6.558521130047132
-16.96944219043025,0.15259916777171653,-0.1696944219043025,-6.3790794760339455,-7.501862801689752
-16.96944219043025,0.15630947964872738,-0.1696944219043025,-6.693053822545845,-8.53465349634882
-16.96944219043025,0.16001979152573823,-0.1696944219043025,-7.0145704813670156,-9.62945633213676
-16.96944219043025,0.16373010340274907,-0.1696944219043025,-7.343629452497458,-10.746120731409187
-16.96944219043025,0.1674404152797599,-0.1696944219043025,-7.680230735937169,-11.838205178840903
-16.96944219043025,0.17115072715677074,-0.1696944219043025,-8.024374331686154,-12.861956457458787
-16.96944219043025,0.17486103903378158,-0.1696944219043025,-8.376060239744412,-13.784328615522185
-16.96944219043025,0.17857135091079243,-0.1696944219043025,-8.735288460111938,-14.587122376158971
-16.96944219043025,0.18228166278780325,-0.1696944219043025,-9.102058992788738,-15.266588248130047
-16.96944219043025,0.1859919746648141,-0.1696944219043025,-9.476371837774808,-15.82992261607263
-16.96944219043025,0.18970228654182494,-0.1696944219043025,-9.85822699507015,-16.290767756108973
-16.96944219043025,0.1934125984188358,-0.1696944219043025,-10.247624464674766,-16.665287021886833
-16.96944219043025,0.1971229102958466,-0.1696944219043025,-10.644564246588649,-16.969473205265032
-16.96944219043025,0.20083322217285746,-0.1696944219043025,-11.049046340811806,-17.21767124947705
-16.96944219043025,0.2045435340498683,-0.1696944219043025,-11.461070747344234,-17.421998582534812
-16.96944219043025,0.20825384592687915,-0.1696944219043025,-11.880637466185936,-17.592312317230384
-16.96944219043025,0.21196415780388997,-0.1696944219043025,-12.307746497336904,-17.736452373869717
-16.96944219043025,0.21567446968090082,-0.1696944219043025,-12.742397840797148,-17.860588202025646
-16.96944219043025,0.21938478155791166,-0.1696944219043025,-13.184591496566664,-17.96957525966648
-16.96944219043025,0.2230950934349225,-0.1696944219043025,-13.63432746464545,-18.06727873060023
-16.96944219043025,0.22680540531193333,-0.1696944219043025,-14.091605745033505,-18.156851384969748
-16.96944219043025,0.23051571718894417,-0.1696944219043025,-14.556426337730834,-18.240967466675325
-16.96944219043025,0.23422602906595502,-0.1696944219043025,-15.028789242737435,-18.322021036394343
-16.96944219043025,0.23793634094296587,-0.1696944219043025,-15.508694460053308,-18.402299247942732
-16.96944219043025,0.2416466528199767,-0.1696944219043025,-15.99614198967845,-18.484140833924513
-16.96944219043025,0.24535696469698753,-0.1696944219043025,-16.491131831612865,-18.570088694965634
-16.96944219043025,0.24906727657399838,-0.1696944219043025,-16.993663985856553,-18.663043210285522
-16.96944219043025,0.2527775884510092,-0.1696944219043025,-17.503738452409515,-18.766419435831686
-16.96944219043025,0.25648790032802005,-0.1696944219043025,-18.021355231271738,-18.884305987469848
-16.96944219043025,0.2601982122050309,-0.1696944219043025,-18.546514322443247,-19.02161499023401
-16.96944219043025,0.26390852408204174,-0.1696944219043025,-19.079215725924012,-19.184199681432464
-16.96944219043025,0.26761883595905256,-0.1696944219043025,-19.619459441714053,-19.37889810705492
-16.96944219043025,0.27132914783606343,-0.1696944219043025,-20.167245469813373,-19.61343848668642
-16.96944219043025,0.27503945971307425,-0.1696944219043025,-20.72257381022196,-19.896118838863384
-16.96944219043025,0.27874977159008507,-0.1696944219043025,-21.285444462939815,-20.23516218328566
-16.96944219043025,0.28246008346709595,-0.1696944219043025,-21.855857427966953,-20.637670589171965
-16.96944219043025,0.28617039534410676,-0.1696944219043025,-22.43381270530335,-21.108184637332577
-16.96944219043025,0.28988070722111764,-0.1696944219043025,-23.019310294949026,-21.647018196161774
-16.96944219043025,0.29359101909812846,-0.1696944219043025,-23.612350196903968,-22.24875886330501
-16.96944219043025,0.2973013309751393,-0.1696944219043025,-24.212932411168183,-22.901505301201837
-16.96944219043025,0.30101164285215015,-0.1696944219043025,-24.821056937741677,-23.587396469172578
-16.96944219043025,0.30472195472916097,-0.1696944219043025,-25.43672377662443,-24.284656732767505
-15.581565338961218,0.011607316445304631,-0.15581565338961217,-0.03653375302445478,2.050550302284308
-15.581565338961218,0.015317628322315471,-0.15581565338961217,-0.06362293414910908,2.0113149978783715
-15.581565338961218,0.01902794019932631,-0.15581565338961217,-0.09817800323251415,1.969533079865341
-15.581565338961218,0.02273825207633715,-0.15581565338961217,-0.14019896027467002,1.9249324580050426
-15.581565338961218,0.02644856395334799,-0.15581565338961217,-0.18968580527557674,1.877212405947218
-15.581565338961218,0.03015887583035883,-0.15581565338961217,-0.24663853823523424,1.8260413780650075
-15.581565338961218,0.03386918770736967,-0.15581565338961217,-0.3110571591536426,1.7710549092947183
-15.581565338961218,0.03757949958438051,-0.15581565338961217,-0.3829416680308017,1.711853681966818
-15.581565338961218,0.04128981146139135,-0.15581565338961217,-0.46229206486671165,1.6480018624338146
-15.581565338961218,0.04500012333840219,-0.15581565338961217,-0.5491083496613723,1.5790258290063013
-15.581565338961218,0.04871043521541303,-0.15581565338961217,-0.6433905224147839,1.504413429007774
-15.581565338961218,0.05242074709242387,-0.15581565338961217,-0.7451385831269463,1.4236139130430694
-15.581565338961218,0.05613105896943471,-0.15581565338961217,-0.8543525317978593,1.3360386934504744
-15.581565338961218,0.05984137084644555,-0.15581565338961217,-0.9710323684275232,1.2410630536314866
-15.581565338961218,0.06355168272345639,-0.15581565338961217,-1.095178093015938,1.138028884799419
-15.581565338961218,0.06726199460046722,-0.15581565338961217,-1.2267897055631032,1.0262484322952894
-15.581565338961218,0.07097230647747807,-0.15581565338961217,-1.3658672060690198,0.9050088763850759
-15.581565338961218,0.0746826183544889,-0.15581565338961217,-1.5124105945336868,0.7735773291471444
-15.581565338961218,0.07839293023149975,-0.15581565338961217,-1.6664198709571048,0.6312054718436884
-15.581565338961218,0.08210324210851058,-0.15581565338961217,-1.8278950353392733,0.4771325543672742
-15.581565338961218,0.08581355398552143,-0.15581565338961217,-1.9968360876801932,0.3105847964431969
-15.581565338961218,0.08952386586253226,-0.15581565338961217,-2.173243027979863,0.13076833794123366
-15.581565338961218,0.09323417773954311,-0.15581565338961217,-2.3571158562382846,-0.0631482386791935
-15.581565338961218,0.09694448961655394,-0.15581565338961217,-2.5484545724554564,-0.2720671453281478
-15.581565338961218,0.10065480149356479,-0.15581565338961217,-2.747259176631379,-0.4970172510716966
-15.581565338961218,0.10436511337057562,-0.15581565338961217,-2.953529668766053,-0.7392410090169335
-15.581565338961218,0.10807542524758647,-0.15581565338961217,-3.1672660488594775,-1.0003221750790925
-15.581565338961218,0.1117857371245973,-0.15581565338961217,-3.388468316911652,-1.2823644118348911
-15.581565338961218,0.11549604900160815,-0.15581565338961217,-3.6171364729225783,-1.5882291002826328
-15.581565338961218,0.11920636087861898,-0.15581565338961217,-3.853270516892255,-1.9218346127589119
-15.581565338961218,0.12291667275562983,-0.15581565338961217,-4.096870448820683,-2.2885053230650243
-15.581565338961218,0.12662698463264066,-0.15581565338961217,-4.347936268707861,-2.6953313064475486
-15.581565338961218,0.1303372965096515,-0.15581565338961217,-4.60646797655379,-3.151452190607123
-15.581565338961218,0.13404760838666235,-0.15581565338961217,-4.872465572358471,-3.668105755614383
-15.581565338961218,0.13775792026367317,-0.15581565338961217,-5.145929056121901,-4.258188678563385
-15.581565338961218,0.14146823214068402,-0.15581565338961217,-5.426858427844082,-4.934995895609368
-15.581565338961218,0.14517854401769487,-0.15581565338961217,-5.715253687525014,-5.709819481689578
-15.581565338961218,0.1488888558947057,-0.15581565338961217,-6.011114835164698,-6.588335656711554
-15.581565338961218,0.15259916777171653,-0.15581565338961217,-6.314441870763131,-7.566311797494422
-15.581565338961218,0.15630947964872738,-0.15581565338961217,-6.625234794320317,-8.62603530975868
-15.581565338961218,0.16001979152573823,-0.15581565338961217,-6.943493605836252,-9.735483415378136
-15.581565338961218,0.16373010340274907,-0.15581565338961217,-7.26921830531094,-10.851798465398078
-15.581565338961218,0.1674404152797599,-0.15581565338961217,-7.602408892744375,-11.928773411609411
-15.581565338961218,0.17115072715677074,-0.15581565338961217,-7.943065368136563,-12.925765611759232
-15.581565338961218,0.17486103903378158,-0.15581565338961217,-8.291187731487502,-13.814545291192491
-15.581565338961218,0.17857135091079243,-0.15581565338961217,-8.646775982797193,-14.5818588523535
-15.581565338961218,0.18228166278780325,-0.15581565338961217,-9.009830122065633,-15.227836498453962
-15.581565338961218,0.1859919746648141,-0.15581565338961217,-9.380350149292823,-15.762020560878744
-15.581565338961218,0.18970228654182494,-0.15581565338961217,-9.758336064478767,-16.19899867543076
-15.581565338961218,0.1934125984188358,-0.15581565338961217,-10.14378786762346,-16.554894620232382
-15.581565338961218,0.1971229102958466,-0.15581565338961217,-10.5367055587269,-16.84511302470781
-15.581565338961218,0.20083322217285746,-0.15581565338961217,-10.937089137789096,-17.0831930700036
-15.581565338961218,0.2045435340498683,-0.15581565338961217,-11.344938604810041,-17.280432260028437
-15.581565338961218,0.20825384592687915,-0.15581565338961217,-11.76025395978974,-17.44595551852383
-15.581565338961218,0.21196415780388997,-0.15581565338961217,-12.183035202728183,-17.586994740035845
-15.581565338961218,0.21567446968090082,-0.15581565338961217,-12.613282333625381,-17.7092360055874
-15.581565338961218,0.21938478155791166,-0.15581565338961217,-13.050995352481332,-17.817160061294175
-15.581565338961218,0.2230950934349225,-0.15581565338961217,-13.49617425929603,-17.914344598333056
-15.581565338961218,0.22680540531193333,-0.15581565338961217,-13.948819054069478,-18.00372071541702
-15.581565338961218,0.23051571718894417,-0.15581565338961217,-14.40892973680168,-18.08778766996203
-15.581565338961218,0.23422602906595502,-0.15581565338961217,-14.876506307492633,-18.168794869579056
-15.581565338961218,0.23793634094296587,-0.15581565338961217,-15.351548766142336,-18.24890133094776
-15.581565338961218,0.2416466528199767,-0.15581565338961217,-15.834057112750786,-18.330322375497527
-15.581565338961218,0.24535696469698753,-0.15581565338961217,-16.32403134731799,-18.415471986716852
-15.581565338961218,0.24906727657399838,-0.15581565338961217,-16.821471469843946,-18.507107210550977
-15.581565338961218,0.2527775884510092,-0.15581565338961217,-17.326377480328656,-18.608477947135125
-15.581565338961218,0.25648790032802005,-0.15581565338961217,-17.838749378772107,-18.723480760884204
-15.581565338961218,0.2601982122050309,-0.15581565338961217,-18.35858716517432,-18.856807862876714
-15.581565338961218,0.26390852408204174,-0.15581565338961217,-18.885890839535275,-19.014070897231534
-15.581565338961218,0.26761883595905256,-0.15581565338961217,-19.420660401854978,-19.201862493267168
-15.581565338961218,0.27132914783606343,-0.15581565338961217,-19.962895852133446,-19.427696885686046
-15.581565338961218,0.27503945971307425,-0.15581565338961217,-20.512597190370656,-19.69974771970049
-15.581565338961218,0.27874977159008507,-0.15581565338961217,-21.06976441656661,-20.02628628437503
-15.581565338961218,0.28246008346709595,-0.15581565338961217,-21.63439753072133,-20.414735900571827
-15.581565338961218,0.28617039534410676,-0.15581565338961217,-22.206496532834787,-20.870324956990125
-15.581565338961218,0.28988070722111764,-0.15581565338961217,-22.786061422907007,-21.394464581622906
-15.581565338961218,0.29359101909812846,-0.15581565338961217,-23.37309220093797,-21.98318670074793
-15.581565338961218,0.2973013309751393,-0.15581565338961217,-23.96758886692768,-22.626176692681565
-15.581565338961218,0.30101164285215015,-0.15581565338961217,-24.569551420876152,-23.306975622726956
-15.581565338961218,0.30472195472916097,-0.15581565338961217,-25.178979862783365,-24.00467353804231
-14.193688487492183,0.011607316445304631,-0.14193688487492184,-0.036159776296916905,2.1818914271783854
-14.193688487492183,0.015317628322315471,-0.14193688487492184,-0.06297165978664446,2.1436452834824236
-14.193688487492183,0.01902794019932631,-0.14193688487492184,-0.09717300688460208,2.10289378723329
-14.193688487492183,0.02273825207633715,-0.14193688487492184,-0.1387638175907898,2.0593702148456687
-14.193688487492183,0.02644856395334799,-0.14193688487492184,-0.18774409190520763,2.0127798044716965
-14.193688487492183,0.03015887583035883,-0.14193688487492184,-0.24411382982785554,1.9627975767114447
-14.193688487492183,0.03386918770736967,-0.14193688487492184,-0.3078730313587336,1.909066213363784
-14.193688487492183,0.03757949958438051,-0.14193688487492184,-0.3790216964978417,1.8511940679374341
-14.193688487492183,0.04128981146139135,-0.14193688487492184,-0.45755982524517985,1.7887533975483791
-14.193688487492183,0.04500012333840219,-0.14193688487492184,-0.5434874176007481,1.7212789210007962
-14.193688487492183,0.04871043521541303,-0.14193688487492184,-0.6368044735645465,1.648266819912098
-14.193688487492183,0.05242074709242387,-0.14193688487492184,-0.737510993136575,1.5691743050127311
-14.193688487492183,0.05613105896943471,-0.14193688487492184,-0.8456069763168336,1.4834198627559159
-14.193688487492183,0.05984137084644555,-0.14193688487492184,-0.9610924231053222,1.390384270282892
-14.193688487492183,0.06355168272345639,-0.14193688487492184,-1.083967333502041,1.2894124087680632
-14.193688487492183,0.06726199460046722,-0.14193688487492184,-1.2142317075069895,1.1798158016760543
-14.193688487492183,0.07097230647747807,-0.14193688487492184,-1.3518855451201686,1.0608756366053955
-14.193688487492183,0.0746826183544889,-0.14193688487492184,-1.4969288463415773,0.9318457734569587
-14.193688487492183,0.07839293023149975,-0.14193688487492184,-1.6493616111712166,0.7919548690675244
-14.193688487492183,0.08210324210851058,-0.14193688487492184,-1.8091838396090856,0.640406226498081
-14.193688487492183,0.08581355398552143,-0.14193688487492184,-1.9763955316551851,0.4763732712463098
-14.193688487492183,0.08952386586253226,-0.14193688487492184,-2.1509966873095143,0.29898763491484437
-14.193688487492183,0.09323417773954311,-0.14193688487492184,-2.3329873065720736,0.10731566933676562
-14.193688487492183,0.09694448961655394,-0.14193688487492184,-2.5223673894428633,-0.09968217022591364
-14.193688487492183,0.10065480149356479,-0.14193688487492184,-2.719136935921883,-0.32321617618124887
-14.193688487492183,0.10436511337057562,-0.14193688487492184,-2.9232959460091323,-0.5647650900757017
-14.193688487492183,0.10807542524758647,-0.14193688487492184,-3.1348444197046126,-0.8262163467337726
-14.193688487492183,0.1117857371245973,-0.14193688487492184,-3.3537823570083223,-1.1100583881294985
-14.193688487492183,0.11549604900160815,-0.14193688487492184,-3.5801097579202623,-1.4196316763042607
-14.193688487492183,0.11920636087861898,-0.14193688487492184,-3.8138266224404322,-1.7594368096733868
-14.193688487492183,0.12291667275562983,-0.14193688487492184,-4.0549329505688325,-2.135480422929967
-14.193688487492183,0.12662698463264066,-0.14193688487492184,-4.303428742305463,-2.5556064007413877
-14.193688487492183,0.1303372965096515,-0.14193688487492184,-4.559313997650323,-3.0297047913645105
-14.193688487492183,0.13404760838666235,-0.14193688487492184,-4.8225887166034145,-3.5696109888397274
-14.193688487492183,0.13775792026367317,-0.14193688487492184,-5.0932528991647334,-4.1884156654152775
-14.193688487492183,0.14146823214068402,-0.14193688487492184,-5.371306545334285,-4.898848731130576
-14.193688487492183,0.14517854401769487,-0.14193688487492184,-5.6567496551120655,-5.710479837871935
-14.193688487492183,0.1488888558947057,-0.14193688487492184,-5.949582228498077,-6.625835147246655
-14.193688487492183,0.15259916777171653,-0.14193688487492184,-6.249804265492316,-7.636237467429322
-14.193688487492183,0.15630947964872738,-0.14193688487492184,-6.557415766094788,-8.719016860378781
-14.193688487492183,0.16001979152573823,-0.14193688487492184,-6.872416730305489,-9.838061293987021
-14.193688487492183,0.16373010340274907,-0.14193688487492184,-7.194807158124421,-10.948741572806188
-14.193688487492183,0.1674404152797599,-0.14193688487492184,-7.52458704955158,-12.00611756434013
-14.193688487492183,0.17115072715677074,-0.14193688487492184,-7.861756404586973,-12.97337698245734
-14.193688487492183,0.17486103903378158,-0.14193688487492184,-8.206315223230595,-13.827296978355953
-14.193688487492183,0.17857135091079243,-0.14193688487492184,-8.558263505482445,-14.559300809580188
-14.193688487492183,0.18228166278780325,-0.14193688487492184,-8.917601251342527,-15.172905877371186
-14.193688487492183,0.1859919746648141,-0.14193688487492184,-9.284328460810839,-15.679510105076515
-14.193688487492183,0.18970228654182494,-0.14193688487492184,-9.658445133887382,-16.09428104355013
-14.193688487492183,0.1934125984188358,-0.14193688487492184,-10.039951270572155,-16.433086442008737
-14.193688487492183,0.1971229102958466,-0.14193688487492184,-10.428846870865154,-16.710645934953558
-14.193688487492183,0.20083322217285746,-0.14193688487492184,-10.825131934766386,-16.939672702796205
-14.193688487492183,0.2045435340498683,-0.14193688487492184,-11.228806462275848,-17.130664379259443
-14.193688487492183,0.20825384592687915,-0.14193688487492184,-11.639870453393543,-17.2920499354978
-14.193688487492183,0.21196415780388997,-0.14193688487492184,-12.058323908119462,-17.430492154731027
-14.193688487492183,0.21567446968090082,-0.14193688487492184,-12.484166826453617,-17.55122901452829
-14.193688487492183,0.21938478155791166,-0.14193688487492184,-12.917399208396,-17.658395998845606
-14.193688487492183,0.2230950934349225,-0.14193688487492184,-13.358021053946612,-17.75530688594382
-14.193688487492183,0.22680540531193333,-0.14193688487492184,-13.806032363105452,-17.844689666063946
-14.193688487492183,0.23051571718894417,-0.14193688487492184,-14.261433135872526,-17.928883286903098
-14.193688487492183,0.23422602906595502,-0.14193688487492184,-14.72422337224783,-18.01000440895654
-14.193688487492183,0.23793634094296587,-0.14193688487492184,-15.194403072231363,-18.09009403281824
-14.193688487492183,0.2416466528199767,-0.14193688487492184,-15.671972235823123,-18.1712532281256
-14.193688487492183,0.24535696469698753,-0.14193688487492184,-16.156930863023117,-18.25577591007499
-14.193688487492183,0.24906727657399838,-0.14193688487492184,-16.64927895383134,-18.346284787069468
-14.193688487492183,0.2527775884510092,-0.14193688487492184,-17.149016508247797,-18.445873948784065
-14.193688487492183,0.25648790032802005,-0.14193688487492184,-17.656143526272476,-18.55825742605018
-14.193688487492183,0.2601982122050309,-0.14193688487492184,-18.170660007905397,-18.687916438619727
-14.193688487492183,0.26390852408204174,-0.14193688487492184,-18.692565953146538,-18.84022770409712
-14.193688487492183,0.26761883595905256,-0.14193688487492184,-19.221861361995906,-19.021539939637414
-14.193688487492183,0.27132914783606343,-0.14193688487492184,-19.758546234453515,-19.239145328937912
-14.193688487492183,0.27503945971307425,-0.14193688487492184,-20.30262057051935,-19.50106976176406
-14.193688487492183,0.27874977159008507,-0.14193688487492184,-20.85408437019341,-19.815588147189427
-14.193688487492183,0.28246008346709595,-0.14193688487492184,-21.412937633475707,-20.19037569279589
-14.193688487492183,0.28617039534410676,-0.14193688487492184,-21.97918036036623,-20.631257982529796
-14.193688487492183,0.28988070722111764,-0.14193688487492184,-22.55281255086499,-21.140646681356312
-14.193688487492183,0.29359101909812846,-0.14193688487492184,-23.13383420497197,-21.715943480299753
-14.193688487492183,0.2973013309751393,-0.14193688487492184,-23.72224532268718,-22.348402908300656
-14.193688487492183,0.30101164285215015,-0.14193688487492184,-24.31804590401063,-23.02303303322712
-14.193688487492183,0.30472195472916097,-0.14193688487492184,-24.9212359489423,-23.719934797770218
-12.805811636023149,0.011607316445304631,-0.12805811636023148,-0.03578579956937903,2.3183771738261436
-12.805811636023149,0.015317628322315471,-0.12805811636023148,-0.062320385424179836,2.2811353263179415
-12.805811636023149,0.01902794019932631,-0.12805811636023148,-0.09616801053669001,2.241428960607756
-12.805811636023149,0.02273825207633715,-0.12805811636023148,-0.13732867490690956,2.1989966158858874
-12.805811636023149,0.02644856395334799,-0.12805811636023148,-0.1858023785348385,2.1535493663170024
-12.805811636023149,0.03015887583035883,-0.12805811636023148,-0.2415891214204768,2.1047686406102617
-12.805811636023149,0.03386918770736967,-0.12805811636023148,-0.3046889035638246,2.052304073676712
-12.805811636023149,0.03757949958438051,-0.12805811636023148,-0.37510172496488164,1.9957714535603797
-12.805811636023149,0.04128981146139135,-0.12805811636023148,-0.4528275856236481,1.9347508397022366
-12.805811636023149,0.04500012333840219,-0.12805811636023148,-0.537866485540124,1.8687849400519305
-12.805811636023149,0.04871043521541303,-0.12805811636023148,-0.6302184247143092,1.7973778420992585
-12.805811636023149,0.05242074709242387,-0.12805811636023148,-0.7298834031462038,1.7199941927533848
-12.805811636023149,0.05613105896943471,-0.12805811636023148,-0.8368614208358077,1.6360589085503123
-12.805811636023149,0.05984137084644555,-0.12805811636023148,-0.9511524777831211,1.5449574629361973
-12.805811636023149,0.06355168272345639,-0.12805811636023148,-1.072756573988144,1.4460367303243962
-12.805811636023149,0.06726199460046722,-0.12805811636023148,-1.2016737094508756,1.3386062524496494
-12.805811636023149,0.07097230647747807,-0.12805811636023148,-1.3379038841713173,1.2219396119671322
-12.805811636023149,0.0746826183544889,-0.12805811636023148,-1.481447098149468,1.0952753270042577
-12.805811636023149,0.07839293023149975,-0.12805811636023148,-1.6323033513853284,0.9578162891600359
-12.805811636023149,0.08210324210851058,-0.12805811636023148,-1.7904726438788978,0.8087262227425052
-12.805811636023149,0.08581355398552143,-0.12805811636023148,-1.955954975630177,0.6471209096590245
-12.805811636023149,0.08952386586253226,-0.12805811636023148,-2.128750346639165,0.472050971112399
-12.805811636023149,0.09323417773954311,-0.12805811636023148,-2.308858756905863,0.28247180808284056
-12.805811636023149,0.09694448961655394,-0.12805811636023148,-2.4962802064302703,0.0771948979780166
-12.805811636023149,0.10065480149356479,-0.12805811636023148,-2.691014695212387,-0.14518687869607017
-12.805811636023149,0.10436511337057562,-0.12805811636023148,-2.8930622232522123,-0.3864086062001919
-12.805811636023149,0.10807542524758647,-0.12805811636023148,-3.102422790549748,-0.6486868762724927
-12.805811636023149,0.1117857371245973,-0.12805811636023148,-3.319096397104992,-0.9349260965307595
-12.805811636023149,0.11549604900160815,-0.12805811636023148,-3.5430830429179467,-1.2489818046233394
-12.805811636023149,0.11920636087861898,-0.12805811636023148,-3.77438272798861,-1.5959743463412976
-12.805811636023149,0.12291667275562983,-0.12805811636023148,-4.012995452316983,-1.9826241348634948
-12.805811636023149,0.12662698463264066,-0.12805811636023148,-4.258921215903065,-2.417540076477058
-12.805811636023149,0.1303372965096515,-0.12805811636023148,-4.512160018746856,-2.9113299195343485
-12.805811636023149,0.13404760838666235,-0.12805811636023148,-4.772711860848358,-3.476316486104235
-12.805811636023149,0.13775792026367317,-0.12805811636023148,-5.040576742207567,-4.12555901980587
-12.805811636023149,0.14146823214068402,-0.12805811636023148,-5.315754662824487,-4.87085785984937
-12.805811636023149,0.14517854401769487,-0.12805811636023148,-5.598245622699116,-5.719580759984445
-12.805811636023149,0.1488888558947057,-0.12805811636023148,-5.888049621831455,-6.670621282864665
-12.805811636023149,0.15259916777171653,-0.12805811636023148,-6.185166660221502,-7.710579440237786
-12.805811636023149,0.15630947964872738,-0.12805811636023148,-6.48959673786926,-8.811982203732082
-12.805811636023149,0.16001979152573823,-0.12805811636023148,-6.801339854774726,-9.935305220468894
-12.805811636023149,0.16373010340274907,-0.12805811636023148,-7.120396010937903,-11.03516839676743
-12.805811636023149,0.1674404152797599,-0.12805811636023148,-7.446765206358786,-12.068868484579752
-12.805811636023149,0.17115072715677074,-0.12805811636023148,-7.780447441037381,-13.003975535441654
-12.805811636023149,0.17486103903378158,-0.12805811636023148,-8.121442714973687,-13.82228995676923
-12.805811636023149,0.17857135091079243,-0.12805811636023148,-8.4697510281677,-14.51953740547554
-12.805811636023149,0.18228166278780325,-0.12805811636023148,-8.825372380619422,-15.102106553229545
-12.805811636023149,0.1859919746648141,-0.12805811636023148,-9.188306772328854,-15.582790066519399
-12.805811636023149,0.18970228654182494,-0.12805811636023148,-9.558554203295996,-15.97701663658485
-12.805811636023149,0.1934125984188358,-0.12805811636023148,-9.93611467352085,-16.30022292201677
-12.805811636023149,0.1971229102958466,-0.12805811636023148,-10.320988183003406,-16.566375060315124
-12.805811636023149,0.20083322217285746,-0.12805811636023148,-10.713174731743676,-16.787356005317633
-12.805811636023149,0.2045435340498683,-0.12805811636023148,-11.112674319741656,-16.972890906834756
-12.805811636023149,0.20825384592687915,-0.12805811636023148,-11.519486946997345,-17.130751234761085
-12.805811636023149,0.21196415780388997,-0.12805811636023148,-11.933612613510741,-17.267069212079967
-12.805811636023149,0.21567446968090082,-0.12805811636023148,-12.35505131928185,-17.38666856007355
-12.805811636023149,0.21938478155791166,-0.12805811636023148,-12.783803064310668,-17.4933672771158
-12.805811636023149,0.2230950934349225,-0.12805811636023148,-13.219867848597193,-17.590237240936553
-12.805811636023149,0.22680540531193333,-0.12805811636023148,-13.663245672141425,-17.67982055919625
-12.805811636023149,0.23051571718894417,-0.12805811636023148,-14.113936534943372,-17.764309450088763
-12.805811636023149,0.23422602906595502,-0.12805811636023148,-14.571940437003027,-17.845698839945957
-12.805811636023149,0.23793634094296587,-0.12805811636023148,-15.03725737832039,-17.92592109482375
-12.805811636023149,0.2416466528199767,-0.12805811636023148,-15.509887358895462,-18.006971559624606
-12.805811636023149,0.24535696469698753,-0.12805811636023148,-15.989830378728245,-18.09103237167422
-12.805811636023149,0.24906727657399838,-0.12805811636023148,-16.477086437818738,-18.180600400627142
-12.805811636023149,0.2527775884510092,-0.12805811636023148,-16.971655536166942,-18.278622854252315
-12.805811636023149,0.25648790032802005,-0.12805811636023148,-17.473537673772846,-18.388640475725335
-12.805811636023149,0.2601982122050309,-0.12805811636023148,-17.982732850636474,-18.514932419833936
-12.805811636023149,0.26390852408204174,-0.12805811636023148,-18.499241066757797,-18.66264764138191
-12.805811636023149,0.26761883595905256,-0.12805811636023148,-19.02306232213683,-18.83789375215683
-12.805811636023149,0.27132914783606343,-0.12805811636023148,-19.554196616773584,-19.047735296648323
-12.805811636023149,0.27503945971307425,-0.12805811636023148,-20.09264395066804,-19.300030980741457
-12.805811636023149,0.27874977159008507,-0.12805811636023148,-20.638404323820204,-19.603020068760966
-12.805811636023149,0.28246008346709595,-0.12805811636023148,-21.191477736230087,-19.964566296786547
-12.805811636023149,0.28617039534410676,-0.12805811636023148,-21.751864187897667,-20.39100649506668
-12.805811636023149,0.28988070722111764,-0.12805811636023148,-22.319563678822966,-20.88565641352555
-12.805811636023149,0.29359101909812846,-0.12805811636023148,-22.89457620900597,-21.447205783115766
-12.805811636023149,0.2973013309751393,-0.12805811636023148,-23.47690177844668,-22.068445290819653
-12.805811636023149,0.30101164285215015,-0.12805811636023148,-24.06654038714511,-22.735894656570036
-12.805811636023149,0.30472195472916097,-0.12805811636023148,-24.663492035101235,-23.430793323674017
-11.417934784554115,0.011607316445304631,-0.11417934784554115,-0.035411822841841155,2.4600339946239744
-11.417934784554115,0.015317628322315471,-0.11417934784554115,-0.061669111061715215,2.42380801496038
-11.417934784554115,0.01902794019932631,-0.11417934784554115,-0.09516301418877793,2.3851577744454246
-11.417934784554115,0.02273825207633715,-0.11417934784554115,-0.1358935322230293,2.3438269555566302
-11.417934784554115,0.02644856395334799,-0.11417934784554115,-0.1838606651644694,2.2995323218983383
-11.417934784554115,0.03015887583035883,-0.11417934784554115,-0.2390644130130981,2.25196153105395
-11.417934784554115,0.03386918770736967,-0.11417934784554115,-0.30150477576891554,2.2007709524023866
-11.417934784554115,0.03757949958438051,-0.11417934784554115,-0.3711817534319216,2.1455835422155394
-11.417934784554115,0.04128981146139135,-0.11417934784554115,-0.44809534600211637,2.0859868380504683
-11.417934784554115,0.04500012333840219,-0.11417934784554115,-0.5322455534794998,2.0215311419785023
-11.417934784554115,0.04871043521541303,-0.11417934784554115,-0.6236323758640718,1.9517279649335146
-11.417934784554115,0.05242074709242387,-0.11417934784554115,-0.7222558131558325,1.8760487984524363
-11.417934784554115,0.05613105896943471,-0.11417934784554115,-0.828115865354782,1.7939242595354543
-11.417934784554115,0.05984137084644555,-0.11417934784554115,-0.94121253246092,1.704743611067488
-11.417934784554115,0.06355168272345639,-0.11417934784554115,-1.0615458144742467,1.6078545829081266
-11.417934784554115,0.06726199460046722,-0.11417934784554115,-1.189115711394762,1.502563292208799
-11.417934784554115,0.07097230647747807,-0.11417934784554115,-1.323922223222466,1.3881338660096312
-11.417934784554115,0.0746826183544889,-0.11417934784554115,-1.4659653499573586,1.2637870798520827
-11.417934784554115,0.07839293023149975,-0.11417934784554115,-1.61524509159944,1.128696913037451
-11.417934784554115,0.08210324210851058,-0.11417934784554115,-1.77176144814871,0.9819833502048707
-11.417934784554115,0.08581355398552143,-0.11417934784554115,-1.935514419605169,0.8226989950609422
-11.417934784554115,0.08952386586253226,-0.11417934784554115,-2.1065040059688163,0.649806076302837
-11.417934784554115,0.09323417773954311,-0.11417934784554115,-2.2847302072396523,0.46213920892307203
-11.417934784554115,0.09694448961655394,-0.11417934784554115,-2.470193023417677,0.25834786368796103
-11.417934784554115,0.10065480149356479,-0.11417934784554115,-2.6628924545028902,0.03681102710193662
-11.417934784554115,0.10436511337057562,-0.11417934784554115,-2.8628285004952922,-0.2044846786621164
-11.417934784554115,0.10807542524758647,-0.11417934784554115,-3.0700011613948837,-0.4681124472568181
-11.417934784554115,0.1117857371245973,-0.11417934784554115,-3.2844104372016623,-0.7574254927478437
-11.417934784554115,0.11549604900160815,-0.11417934784554115,-3.5060563279156307,-1.0768310008454993
-11.417934784554115,0.11920636087861898,-0.11417934784554115,-3.7349388335367872,-1.4321047177868425
-11.417934784554115,0.12291667275562983,-0.11417934784554115,-3.971057954065133,-1.8307058215802778
-11.417934784554115,0.12662698463264066,-0.11417934784554115,-4.214413689500667,-2.282005098963019
-11.417934784554115,0.1303372965096515,-0.11417934784554115,-4.46500603984339,-2.7972694574430044
-11.417934784554115,0.13404760838666235,-0.11417934784554115,-4.722835005093302,-3.3891592732088354
-11.417934784554115,0.13775792026367317,-0.11417934784554115,-4.9879005852504,-4.070426037073884
-11.417934784554115,0.14146823214068402,-0.11417934784554115,-5.26020278031469,-4.851527224791442
-11.417934784554115,0.14517854401769487,-0.11417934784554115,-5.539741590286167,-5.737130591159669
-11.417934784554115,0.1488888558947057,-0.11417934784554115,-5.826517015164834,-6.722062247709265
-11.417934784554115,0.15259916777171653,-0.11417934784554115,-6.120529054950687,-7.788054959771865
-11.417934784554115,0.15630947964872738,-0.11417934784554115,-6.421777709643731,-8.903176309167627
-11.417934784554115,0.16001979152573823,-0.11417934784554115,-6.730262979243964,-10.025324508320518
-11.417934784554115,0.16373010340274907,-0.11417934784554115,-7.045984863751385,-11.109423464146348
-11.417934784554115,0.1674404152797599,-0.11417934784554115,-7.368943363165992,-12.115866724623965
-11.417934784554115,0.17115072715677074,-0.11417934784554115,-7.69913847748779,-13.016974730078427
-11.417934784554115,0.17486103903378158,-0.11417934784554115,-8.036570206716778,-13.79942913655995
-11.417934784554115,0.17857135091079243,-0.11417934784554115,-8.381238550852954,-14.462806382599862
-11.417934784554115,0.18228166278780325,-0.11417934784554115,-8.733143509896317,-15.015849437097234
-11.417934784554115,0.1859919746648141,-0.11417934784554115,-9.09228508384687,-15.472324581383498
-11.417934784554115,0.18970228654182494,-0.11417934784554115,-9.458663272704612,-15.847650551055727
-11.417934784554115,0.1934125984188358,-0.11417934784554115,-9.832278076469542,-16.156696117367687
-11.417934784554115,0.1971229102958466,-0.11417934784554115,-10.21312949514166,-16.412629969757536
-11.417934784554115,0.20083322217285746,-0.11417934784554115,-10.601217528720966,-16.626513660836494
-11.417934784554115,0.2045435340498683,-0.11417934784554115,-10.996542177207463,-16.80733268049362
-11.417934784554115,0.20825384592687915,-0.11417934784554115,-11.399103440601149,-16.962240610227646
-11.417934784554115,0.21196415780388997,-0.11417934784554115,-11.80890131890202,-17.0968767868793
-11.417934784554115,0.21567446968090082,-0.11417934784554115,-12.225935812110084,-17.215682894827836
-11.417934784554115,0.21938478155791166,-0.11417934784554115,-12.650206920225335,-17.322185493843286
-11.417934784554115,0.2230950934349225,-0.11417934784554115,-13.081714643247773,-17.419235018248713
-11.417934784554115,0.22680540531193333,-0.11417934784554115,-13.520458981177399,-17.509203619237713
-11.417934784554115,0.23051571718894417,-0.11417934784554115,-13.966439934014216,-17.594149311730913
-11.417934784554115,0.23422602906595502,-0.11417934784554115,-14.419657501758223,-17.675955447779046
-11.417934784554115,0.23793634094296587,-0.11417934784554115,-14.88011168440942,-17.75645443585131
-11.417934784554115,0.2416466528199767,-0.11417934784554115,-15.347802481967799,-17.837543820267005
-11.417934784554115,0.24535696469698753,-0.11417934784554115,-15.82272989443337,-17.921301715763544
-11.417934784554115,0.24906727657399838,-0.11417934784554115,-16.304893921806134,-18.010107169908803
-11.417934784554115,0.2527775884510092,-0.11417934784554115,-16.794294564086083,-18.106769021189045
-11.417934784554115,0.25648790032802005,-0.11417934784554115,-17.290931821273215,-18.214663675953087
-11.417934784554115,0.2601982122050309,-0.11417934784554115,-17.79480569336755,-18.337877090965343
-11.417934784554115,0.26390852408204174,-0.11417934784554115,-18.30591618036906,-18.481337994196483
-11.417934784554115,0.26761883595905256,-0.11417934784554115,-18.82426328227776,-18.650916791834376
-11.417934784554115,0.27132914783606343,-0.11417934784554115,-19.349846999093657,-18.853446973893515
-11.417934784554115,0.27503945971307425,-0.11417934784554115,-19.882667330816737,-19.096604214010302
-11.417934784554115,0.27874977159008507,-0.11417934784554115,-20.422724277447,-19.38855791332301
-11.417934784554115,0.28246008346709595,-0.11417934784554115,-20.970017838984464,-19.73730289482974
-11.417934784554115,0.28617039534410676,-0.11417934784554115,-21.524548015429108,-20.149606404663334
-11.417934784554115,0.28988070722111764,-0.11417934784554115,-22.086314806780948,-20.629593327324685
-11.417934784554115,0.29359101909812846,-0.11417934784554115,-22.65531821303997,-21.177154442771794
-11.417934784554115,0.2973013309751393,-0.11417934784554115,-23.23155823420618,-21.786570049217612
-11.417934784554115,0.30101164285215015,-0.11417934784554115,-23.815034870279586,-22.445896676556227
-11.417934784554115,0.30472195472916097,-0.11417934784554115,-24.40574812126017,-23.137621103017143
-10.03005793308508,0.011607316445304631,-0.1003005793308508,-0.03503784611430328,2.6068650541230207
-10.03005793308508,0.015317628322315471,-0.1003005793308508,-0.0610178366992506,2.571662684576901
-10.03005793308508,0.01902794019932631,-0.1003005793308508,-0.09415801784086586,2.5340755890339786
-10.03005793308508,0.02273825207633715,-0.1003005793308508,-0.13445838953914907,2.49385245813085
-10.03005793308508,0.02644856395334799,-0.1003005793308508,-0.18191895179410028,2.450715579988544
-10.03005793308508,0.03015887583035883,-0.1003005793308508,-0.2365397046057194,2.4043586401079837
-10.03005793308508,0.03386918770736967,-0.1003005793308508,-0.29832064797400654,2.3544444977189025
-10.03005793308508,0.03757949958438051,-0.1003005793308508,-0.3672617818989616,2.300602979616105
-10.03005793308508,0.04128981146139135,-0.1003005793308508,-0.4433631063805846,2.2424287388685133
-10.03005793308508,0.04500012333840219,-0.1003005793308508,-0.5266246214188756,2.179479229141487
-10.03005793308508,0.04871043521541303,-0.1003005793308508,-0.6170463270138346,2.111272842941421
-10.03005793308508,0.05242074709242387,-0.1003005793308508,-0.7146282231654614,2.0372872497098573
-10.03005793308508,0.05613105896943471,-0.1003005793308508,-0.8193703098737561,1.9569579413346851
-10.03005793308508,0.05984137084644555,-0.1003005793308508,-0.931272587138719,1.8696769398125623
-10.03005793308508,0.06355168272345639,-0.1003005793308508,-1.0503350549603496,1.7747915328221413
-10.03005793308508,0.06726199460046722,-0.1003005793308508,-1.176557713338648,1.6716027622428327
-10.03005793308508,0.07097230647747807,-0.1003005793308508,-1.3099405622736149,1.5593631778979737
-10.03005793308508,0.0746826183544889,-0.1003005793308508,-1.4504836017652494,1.4372730585579767
-10.03005793308508,0.07839293023149975,-0.1003005793308508,-1.598186831813552,1.3044738639808615
-10.03005793308508,0.08210324210851058,-0.1003005793308508,-1.7530502524185223,1.1600370812931493
-10.03005793308508,0.08581355398552143,-0.1003005793308508,-1.915073863580161,1.0029458323809013
-10.03005793308508,0.08952386586253226,-0.1003005793308508,-2.0842576652984675,0.8320655912078798
-10.03005793308508,0.09323417773954311,-0.1003005793308508,-2.260601657573442,0.6460991226394024
-10.03005793308508,0.09694448961655394,-0.1003005793308508,-2.4441058404050837,0.44351935880328575
-10.03005793308508,0.10065480149356479,-0.1003005793308508,-2.634770213793394,0.22247255758733098
-10.03005793308508,0.10436511337057562,-0.1003005793308508,-2.832594777738372,-0.019356848284991512
-10.03005793308508,0.10807542524758647,-0.1003005793308508,-3.0375795322400188,-0.28492798241125006
-10.03005793308508,0.1117857371245973,-0.1003005793308508,-3.2497244772983325,-0.5780770126930557
-10.03005793308508,0.11549604900160815,-0.1003005793308508,-3.4690296129133147,-0.9037991017537774
-10.03005793308508,0.11920636087861898,-0.1003005793308508,-3.695494939084965,-1.2685575866471288
-10.03005793308508,0.12291667275562983,-0.1003005793308508,-3.929120455813283,-1.6805661428756984
-10.03005793308508,0.12662698463264066,-0.1003005793308508,-4.169906163098269,-2.149935836902177
-10.03005793308508,0.1303372965096515,-0.1003005793308508,-4.417852060939922,-2.688503114313285
-10.03005793308508,0.13404760838666235,-0.1003005793308508,-4.672958149338245,-3.309071341134048
-10.03005793308508,0.13775792026367317,-0.1003005793308508,-4.935224428293234,-4.023755664128365
-10.03005793308508,0.14146823214068402,-0.1003005793308508,-5.204650897804892,-4.841216205842432
-10.03005793308508,0.14517854401769487,-0.1003005793308508,-5.481237557873218,-5.762924965791565
-10.03005793308508,0.1488888558947057,-0.1003005793308508,-5.764984408498212,-6.779285372483549
-10.03005793308508,0.15259916777171653,-0.1003005793308508,-6.055891449679872,-7.867180158308352
-10.03005793308508,0.15630947964872738,-0.1003005793308508,-6.353958681418202,-8.990751962788075
-10.03005793308508,0.16001979152573823,-0.1003005793308508,-6.659186103713201,-10.106278685150196
-10.03005793308508,0.16373010340274907,-0.1003005793308508,-6.971573716564866,-11.170022686531734
-10.03005793308508,0.1674404152797599,-0.1003005793308508,-7.291121519973197,-12.146185204106521
-10.03005793308508,0.17115072715677074,-0.1003005793308508,-7.6178295139382,-13.012017919327441
-10.03005793308508,0.17486103903378158,-0.1003005793308508,-7.951697698459871,-13.75880705411932
-10.03005793308508,0.17857135091079243,-0.1003005793308508,-8.292726073538207,-14.389479652601782
-10.03005793308508,0.18228166278780325,-0.1003005793308508,-8.640914639173213,-14.914633695051043
-10.03005793308508,0.1859919746648141,-0.1003005793308508,-8.996263395364885,-15.3486342955957
-10.03005793308508,0.18970228654182494,-0.1003005793308508,-9.358772342113227,-15.706665796096031
-10.03005793308508,0.1934125984188358,-0.1003005793308508,-9.728441479418237,-16.002926748658354
-10.03005793308508,0.1971229102958466,-0.1003005793308508,-10.105270807279911,-16.249765245727215
-10.03005793308508,0.20083322217285746,-0.1003005793308508,-10.489260325698256,-16.457440606428275
-10.03005793308508,0.2045435340498683,-0.1003005793308508,-10.88041003467327,-16.634235276799174
-10.03005793308508,0.20825384592687915,-0.1003005793308508,-11.278719934204952,-16.786724850194773
-10.03005793308508,0.21196415780388997,-0.1003005793308508,-11.684190024293299,-16.920092171991715
-10.03005793308508,0.21567446968090082,-0.1003005793308508,-12.096820304938317,-17.03842733452962
-10.03005793308508,0.21938478155791166,-0.1003005793308508,-12.516610776140004,-17.14498975346892
-10.03005793308508,0.2230950934349225,-0.1003005793308508,-12.943561437898355,-17.24242735062089
-10.03005793308508,0.22680540531193333,-0.1003005793308508,-13.377672290213374,-17.33295699243298
-10.03005793308508,0.23051571718894417,-0.1003005793308508,-13.818943333085063,-17.41851400892445
-10.03005793308508,0.23422602906595502,-0.1003005793308508,-14.267374566513421,-17.50087952594298
-10.03005793308508,0.23793634094296587,-0.1003005793308508,-14.722965990498446,-17.58179400196602
-10.03005793308508,0.2416466528199767,-0.1003005793308508,-15.185717605040136,-17.663064531438405
-10.03005793308508,0.24535696469698753,-0.1003005793308508,-15.655629410138497,-17.746672450240343
-10.03005793308508,0.24906727657399838,-0.1003005793308508,-16.132701405793526,-17.834886534381987
-10.03005793308508,0.2527775884510092,-0.1003005793308508,-16.616933592005225,-17.930385353585248
-10.03005793308508,0.25648790032802005,-0.1003005793308508,-17.108325968773585,-18.03638961590119
-10.03005793308508,0.2601982122050309,-0.1003005793308508,-17.606878536098623,-18.156800834926813
-10.03005793308508,0.26390852408204174,-0.1003005793308508,-18.11259129398032,-18.296335311653223
-10.03005793308508,0.26761883595905256,-0.1003005793308508,-18.625464242418683,-18.460631052440956
-10.03005793308508,0.27132914783606343,-0.1003005793308508,-19.145497381413726,-18.656288969947383
-10.03005793308508,0.27503945971307425,-0.1003005793308508,-19.67269071096543,-18.890789078875184
-10.03005793308508,0.27874977159008507,-0.1003005793308508,-20.207044231073798,-19.172201391433752
-10.03005793308508,0.28246008346709595,-0.1003005793308508,-20.74855794173884,-19.50860012882938
-10.03005793308508,0.28617039534410676,-0.1003005793308508,-21.297231842960546,-19.907107547981965
-10.03005793308508,0.28988070722111764,-0.1003005793308508,-21.85306593473893,-20.372565257687857
-10.03005793308508,0.29359101909812846,-0.1003005793308508,-22.416060217073966,-20.90597458966074
-10.03005793308508,0.2973013309751393,-0.1003005793308508,-22.986214689965678,-21.503047289983396
-10.03005793308508,0.30101164285215015,-0.1003005793308508,-23.563529353414065,-22.15338344975525
-10.03005793308508,0.30472195472916097,-0.1003005793308508,-24.148004207419106,-22.840806547791246
-8.642181081616046,0.011607316445304631,-0.08642181081616046,-0.0346638693867654,2.7588486069916636
-8.642181081616046,0.015317628322315471,-0.08642181081616046,-0.06036656233678598,2.7246735270370293
-8.642181081616046,0.01902794019932631,-0.08642181081616046,-0.09315302149295379,2.688152394025443
-8.642181081616046,0.02273825207633715,-0.08642181081616046,-0.13302324685526884,2.649038755873664
-8.642181081616046,0.02644856395334799,-0.08642181081616046,-0.17997723842373115,2.6070602415632402
-8.642181081616046,0.03015887583035883,-0.08642181081616046,-0.2340149961983407,2.561916341066518
-8.642181081616046,0.03386918770736967,-0.08642181081616046,-0.29513652017909753,2.5132761315732717
-8.642181081616046,0.03757949958438051,-0.08642181081616046,-0.36334181036600155,2.4607759792666943
-8.642181081616046,0.04128981146139135,-0.08642181081616046,-0.43863086675905283,2.404017248705075
-8.642181081616046,0.04500012333840219,-0.08642181081616046,-0.5210036893582514,2.3425640507634418
-8.642181081616046,0.04871043521541303,-0.08642181081616046,-0.6104602781635972,2.275941052082916
-8.642181081616046,0.05242074709242387,-0.08642181081616046,-0.7070006331750902,2.203631349653273
-8.642181081616046,0.05613105896943471,-0.08642181081616046,-0.8106247543927304,2.1250743771897156
-8.642181081616046,0.05984137084644555,-0.08642181081616046,-0.9213326418165179,2.039663746499814
-8.642181081616046,0.06355168272345639,-0.08642181081616046,-1.0391242954464526,1.9467448249637351
-8.642181081616046,0.06726199460046722,-0.08642181081616046,-1.1639997152825343,1.8456116934406646
-8.642181081616046,0.07097230647747807,-0.08642181081616046,-1.2959589013247637,1.7355028964966033
-8.642181081616046,0.0746826183544889,-0.08642181081616046,-1.43500185357314,1.6155950627911067
-8.642181081616046,0.07839293023149975,-0.08642181081616046,-1.5811285720276638,1.484993006893051
-8.642181081616046,0.08210324210851058,-0.08642181081616046,-1.7343390566883345,1.3427142909396925
-8.642181081616046,0.08581355398552143,-0.08642181081616046,-1.894633307555153,1.1876653938096855
-8.642181081616046,0.08952386586253226,-0.08642181081616046,-2.062011324628118,1.0186055884881193
-8.642181081616046,0.09323417773954311,-0.08642181081616046,-2.236473107907231,0.8340933819445133
-8.642181081616046,0.09694448961655394,-0.08642181081616046,-2.4180186573924907,0.6324090197773435
-8.642181081616046,0.10065480149356479,-0.08642181081616046,-2.606647973083898,0.41144534571157254
-8.642181081616046,0.10436511337057562,-0.08642181081616046,-2.802361054981452,0.16855876164561656
-8.642181081616046,0.10807542524758647,-0.08642181081616046,-3.0051579030851543,-0.0996268192088754
-8.642181081616046,0.1117857371245973,-0.08642181081616046,-3.2150385173950027,-0.3974654574440153
-8.642181081616046,0.11549604900160815,-0.08642181081616046,-3.432002897910999,-0.7305752827280625
-8.642181081616046,0.11920636087861898,-0.08642181081616046,-3.6560510446331422,-1.1061339504293197
-8.642181081616046,0.12291667275562983,-0.08642181081616046,-3.887182957561433,-1.5331128709245536
-8.642181081616046,0.12662698463264066,-0.08642181081616046,-4.125398636695871,-2.022318729288118
-8.642181081616046,0.1303372965096515,-0.08642181081616046,-4.370698082036456,-2.5860314479771866
-8.642181081616046,0.13404760838666235,-0.08642181081616046,-4.623081293583189,-3.236954098946768
-8.642181081616046,0.13775792026367317,-0.08642181081616046,-4.882548271336067,-3.9861861164831787
-8.642181081616046,0.14146823214068402,-0.08642181081616046,-5.149099015295095,-4.840107040832492
-8.642181081616046,0.14517854401769487,-0.08642181081616046,-5.422733525460268,-5.7965258090804825
-8.642181081616046,0.1488888558947057,-0.08642181081616046,-5.70345180183159,-6.841180462071496
-8.642181081616046,0.15259916777171653,-0.08642181081616046,-5.991253844409058,-7.946303048057845
-8.642181081616046,0.15630947964872738,-0.08642181081616046,-6.286139653192674,-9.072823702181315
-8.642181081616046,0.16001979152573823,-0.08642181081616046,-6.588109228182438,-10.176432596738612
-8.642181081616046,0.16373010340274907,-0.08642181081616046,-6.897162569378348,-11.215691011298619
-8.642181081616046,0.1674404152797599,-0.08642181081616046,-7.213299676780403,-12.159142537453013
-8.642181081616046,0.17115072715677074,-0.08642181081616046,-7.536520550388609,-12.988972551115092
-8.642181081616046,0.17486103903378158,-0.08642181081616046,-7.866825190202962,-13.700688999317395
-8.642181081616046,0.17857135091079243,-0.08642181081616046,-8.204213596223461,-14.300047554232217
-8.642181081616046,0.18228166278780325,-0.08642181081616046,-8.548685768450106,-14.799034205004807
-8.642181081616046,0.1859919746648141,-0.08642181081616046,-8.9002417068829,-15.212287858077696
-8.642181081616046,0.18970228654182494,-0.08642181081616046,-9.258881411521843,-15.554578112860199
-8.642181081616046,0.1934125984188358,-0.08642181081616046,-9.624604882366931,-15.839361272966894
-8.642181081616046,0.1971229102958466,-0.08642181081616046,-9.997412119418165,-16.07815890471007
-8.642181081616046,0.20083322217285746,-0.08642181081616046,-10.377303122675547,-16.280455183915677
-8.642181081616046,0.2045435340498683,-0.08642181081616046,-10.764277892139077,-16.453868520236597
-8.642181081616046,0.20825384592687915,-0.08642181081616046,-11.158336427808756,-16.604435997802167
-8.642181081616046,0.21196415780388997,-0.08642181081616046,-11.559478729684578,-16.736918782254424
-8.642181081616046,0.21567446968090082,-0.08642181081616046,-11.967704797766551,-16.855083952056535
-8.642181081616046,0.21938478155791166,-0.08642181081616046,-12.383014632054671,-16.961946326198802
-8.642181081616046,0.2230950934349225,-0.08642181081616046,-12.805408232548936,-17.059968761562637
-8.642181081616046,0.22680540531193333,-0.08642181081616046,-13.234885599249347,-17.151226308921956
-8.642181081616046,0.23051571718894417,-0.08642181081616046,-13.671446732155909,-17.23754217263163
-8.642181081616046,0.23422602906595502,-0.08642181081616046,-14.115091631268617,-17.320603830668713
-8.642181081616046,0.23793634094296587,-0.08642181081616046,-14.565820296587473,-17.402067165004908
-8.642181081616046,0.2416466528199767,-0.08642181081616046,-15.023632728112473,-17.483655626742745
-8.642181081616046,0.24535696469698753,-0.08642181081616046,-15.488528925843625,-17.5672605287303
-8.642181081616046,0.24906727657399838,-0.08642181081616046,-15.960508889780922,-17.655047476659135
-8.642181081616046,0.2527775884510092,-0.08642181081616046,-16.43957261992437,-17.749572466126796
-8.642181081616046,0.25648790032802005,-0.08642181081616046,-16.925720116273954,-17.853908820987776
-8.642181081616046,0.2601982122050309,-0.08642181081616046,-17.4189513788297,-17.971782210976613
-8.642181081616046,0.26390852408204174,-0.08642181081616046,-17.919266407591582,-18.107704480247868
-8.642181081616046,0.26761883595905256,-0.08642181081616046,-18.42666520255961,-18.267086780929045
-8.642181081616046,0.27132914783606343,-0.08642181081616046,-18.941147763733795,-18.456297561364075
-8.642181081616046,0.27503945971307425,-0.08642181081616046,-19.462714091114123,-18.68261143214394
-8.642181081616046,0.27874977159008507,-0.08642181081616046,-19.991364184700593,-18.95397382340758
-8.642181081616046,0.28246008346709595,-0.08642181081616046,-20.527098044493222,-19.278492197090777
-8.642181081616046,0.28617039534410676,-0.08642181081616046,-21.069915670491987,-19.66357401816874
-8.642181081616046,0.28988070722111764,-0.08642181081616046,-21.619817062696907,-20.114688602763575
-8.642181081616046,0.29359101909812846,-0.08642181081616046,-22.176802221107966,-20.63385543403795
-8.642181081616046,0.2973013309751393,-0.08642181081616046,-22.740871145725176,-21.21814987381299
-8.642181081616046,0.30101164285215015,-0.08642181081616046,-23.31202383654854,-21.85870527386387
-8.642181081616046,0.30472195472916097,-0.08642181081616046,-23.89026029357804,-22.540751461926124
-7.254304230147012,0.011607316445304631,-0.07254304230147011,-0.03428989265922752,2.915936657986756
-7.254304230147012,0.015317628322315471,-0.07254304230147011,-0.05971528797432136,2.882788290764684
-7.254304230147012,0.01902794019932631,-0.07254304230147011,-0.09214802514504171,2.847331549269162
-7.254304230147012,0.02273825207633715,-0.07254304230147011,-0.13158810417138858,2.809324671844683
-7.254304230147012,0.02644856395334799,-0.07254304230147011,-0.178035525053362,2.768500425408929
-7.254304230147012,0.03015887583035883,-0.07254304230147011,-0.23149028779096195,2.724563857499434
-7.254304230147012,0.03386918770736967,-0.07254304230147011,-0.2919523923841885,2.6771899625310924
-7.254304230147012,0.03757949958438051,-0.07254304230147011,-0.3594218388330415,2.6260212791254007
-7.254304230147012,0.04128981146139135,-0.07254304230147011,-0.43389862713752103,2.5706654344047317
-7.254304230147012,0.04500012333840219,-0.07254304230147011,-0.5153827572976271,2.5106926452607192
-7.254304230147012,0.04871043521541303,-0.07254304230147011,-0.6038742293133598,2.4456331725680016
-7.254304230147012,0.05242074709242387,-0.07254304230147011,-0.6993730431847188,2.3749746974181756
-7.254304230147012,0.05613105896943471,-0.07254304230147011,-0.8018791989117046,2.2981595420092615
-7.254304230147012,0.05984137084644555,-0.07254304230147011,-0.9113926964943166,2.214581582551067
-7.254304230147012,0.06355168272345639,-0.07254304230147011,-1.0279135359325555,2.1235825848159644
-7.254304230147012,0.06726199460046722,-0.07254304230147011,-1.1514417172264204,2.024447518059471
-7.254304230147012,0.07097230647747807,-0.07254304230147011,-1.2819772403759122,1.9163981484737997
-7.254304230147012,0.0746826183544889,-0.07254304230147011,-1.4195201053810305,1.7985838525963274
-7.254304230147012,0.07839293023149975,-0.07254304230147011,-1.5640703122417754,1.6700680932767196
-7.254304230147012,0.08210324210851058,-0.07254304230147011,-1.7156278609581466,1.5298083333320378
-7.254304230147012,0.08581355398552143,-0.07254304230147011,-1.8741927515301449,1.3766262972650043
-7.254304230147012,0.08952386586253226,-0.07254304230147011,-2.039764983957769,1.2091644208104098
-7.254304230147012,0.09323417773954311,-0.07254304230147011,-2.21234455824102,1.02582308970826
-7.254304230147012,0.09694448961655394,-0.07254304230147011,-2.3919314743798976,0.8246719992427833
-7.254304230147012,0.10065480149356479,-0.07254304230147011,-2.5785257323744015,0.6033279909002134
-7.254304230147012,0.10436511337057562,-0.07254304230147011,-2.7721273322245317,0.3587917136030867
-7.254304230147012,0.10807542524758647,-0.07254304230147011,-2.9727362739302894,0.08723767753586942
-7.254304230147012,0.1117857371245973,-0.07254304230147011,-3.1803525574916724,-0.2162410796364942
-7.254304230147012,0.11549604900160815,-0.07254304230147011,-3.3949761829086826,-0.5579178879858147
-7.254304230147012,0.11920636087861898,-0.07254304230147011,-3.616607150181319,-0.9457035335326978
-7.254304230147012,0.12291667275562983,-0.07254304230147011,-3.8452454593095826,-1.389314137186121
-7.254304230147012,0.12662698463264066,-0.07254304230147011,-4.080891110293472,-1.900179298715195
-7.254304230147012,0.1303372965096515,-0.07254304230147011,-4.323544103132988,-2.4908548040543774
-7.254304230147012,0.13404760838666235,-0.07254304230147011,-4.573204437828132,-3.173649042911769
-7.254304230147012,0.13775792026367317,-0.07254304230147011,-4.8298721143789,-3.958220800273649
-7.254304230147012,0.14146823214068402,-0.07254304230147011,-5.093547132785297,-4.848174869994641
-7.254304230147012,0.14517854401769487,-0.07254304230147011,-5.364229493047318,-5.837248490068757
-7.254304230147012,0.1488888558947057,-0.07254304230147011,-5.641919195164968,-6.906415065249058
-7.254304230147012,0.15259916777171653,-0.07254304230147011,-5.926616239138242,-8.023647194332462
-7.254304230147012,0.15630947964872738,-0.07254304230147011,-6.218320624967145,-9.14752572834459
-7.254304230147012,0.16001979152573823,-0.07254304230147011,-6.517032352651674,-10.234207182707355
-7.254304230147012,0.16373010340274907,-0.07254304230147011,-6.822751422191829,-11.245390749796208
-7.254304230147012,0.1674404152797599,-0.07254304230147011,-7.135477833587609,-12.154307062249051
-7.254304230147012,0.17115072715677074,-0.07254304230147011,-7.455211586839017,-12.947918167635914
-7.254304230147012,0.17486103903378158,-0.07254304230147011,-7.781952681946053,-13.625495315663914
-7.254304230147012,0.17857135091079243,-0.07254304230147011,-8.115701118908714,-14.19510246151683
-7.254304230147012,0.18228166278780325,-0.07254304230147011,-8.456456897727001,-14.669689270893716
-7.254304230147012,0.1859919746648141,-0.07254304230147011,-8.804220018400914,-15.063893806588606
-7.254304230147012,0.18970228654182494,-0.07254304230147011,-9.158990480930456,-15.391931012858453
-7.254304230147012,0.1934125984188358,-0.07254304230147011,-9.520768285315624,-15.666468950047344
-7.254304230147012,0.1971229102958466,-0.07254304230147011,-9.889553431556417,-15.898210629387204
-7.254304230147012,0.20083322217285746,-0.07254304230147011,-10.265345919652836,-16.095897980786138
-7.254304230147012,0.2045435340498683,-0.07254304230147011,-10.648145749604884,-16.266525608757163
-7.254304230147012,0.20825384592687915,-0.07254304230147011,-11.037952921412558,-16.415630586547636
-7.254304230147012,0.21196415780388997,-0.07254304230147011,-11.434767435075855,-16.547585411689493
-7.254304230147012,0.21567446968090082,-0.07254304230147011,-11.838589290594783,-16.665860814418288
-7.254304230147012,0.21938478155791166,-0.07254304230147011,-12.249418487969338,-16.773247846267918
-7.254304230147012,0.2230950934349225,-0.07254304230147011,-12.667255027199516,-16.872040317454385
-7.254304230147012,0.22680540531193333,-0.07254304230147011,-13.092098908285319,-16.964183786046743
-7.254304230147012,0.23051571718894417,-0.07254304230147011,-13.523950131226753,-17.05139898129794
-7.254304230147012,0.23422602906595502,-0.07254304230147011,-13.962808696023814,-17.13528758427659
-7.254304230147012,0.23793634094296587,-0.07254304230147011,-14.4086746026765,-17.217427674800984
-7.254304230147012,0.2416466528199767,-0.07254304230147011,-14.86154785118481,-17.299465351860277
-7.254304230147012,0.24535696469698753,-0.07254304230147011,-15.321428441548749,-17.383208196688667
-7.254304230147012,0.24906727657399838,-0.07254304230147011,-15.788316373768314,-17.470725314002532
-7.254304230147012,0.2527775884510092,-0.07254304230147011,-16.262211647843507,-17.564457422183526
-7.254304230147012,0.25648790032802005,-0.07254304230147011,-16.743114263774324,-17.66733844273029
-7.254304230147012,0.2601982122050309,-0.07254304230147011,-17.231024221560773,-17.78292660982816
-7.254304230147012,0.26390852408204174,-0.07254304230147011,-17.72594152120284,-17.915537370853578
-7.254304230147012,0.26761883595905256,-0.07254304230147011,-18.227866162700533,-18.07036116211341
-7.254304230147012,0.27132914783606343,-0.07254304230147011,-18.736798146053864,-18.253535483512852
-7.254304230147012,0.27503945971307425,-0.07254304230147011,-19.252737471262815,-18.472122357883656
-7.254304230147012,0.27874977159008507,-0.07254304230147011,-19.77568413832739,-18.733921413431773
-7.254304230147012,0.28246008346709595,-0.07254304230147011,-20.305638147247596,-19.047032461188426
-7.254304230147012,0.28617039534410676,-0.07254304230147011,-20.84259949802342,-19.419084039230775
-7.254304230147012,0.28988070722111764,-0.07254304230147011,-21.386568190654884,-19.8560882262056
-7.254304230147012,0.29359101909812846,-0.07254304230147011,-21.937544225141966,-20.36098978637543
-7.254304230147012,0.2973013309751393,-0.07254304230147011,-22.495527601484675,-20.9321521068834
-7.254304230147012,0.30101164285215015,-0.07254304230147011,-23.060518319683016,-21.56221601144208
-7.254304230147012,0.30472195472916097,-0.07254304230147011,-23.632516379736973,-22.23786778017127
-5.866427378677978,0.011607316445304631,-0.058664273786779776,-0.03391591593168965,3.0780539635325015
-5.866427378677978,0.015317628322315471,-0.058664273786779776,-0.05906401361185674,3.0459273293779647
-5.866427378677978,0.01902794019932631,-0.058664273786779776,-0.09114302879712964,3.011528881374155
-5.866427378677978,0.02273825207633715,-0.058664273786779776,-0.13015296148750835,2.9746213650993445
-5.866427378677978,0.02644856395334799,-0.058664273786779776,-0.1760938116829929,2.934942462489704
-5.866427378677978,0.03015887583035883,-0.058664273786779776,-0.22896557938358325,2.892202507063846
-5.866427378677978,0.03386918770736967,-0.058664273786779776,-0.2887682645892795,2.8460820789928407
-5.866427378677978,0.03757949958438051,-0.058664273786779776,-0.3555018673000815,2.7962294837728052
-5.866427378677978,0.04128981146139135,-0.058664273786779776,-0.4291663875159893,2.742258113247842
-5.866427378677978,0.04500012333840219,-0.058664273786779776,-0.5097618252370029,2.6837436766934166
-5.866427378677978,0.04871043521541303,-0.058664273786779776,-0.5972881804631224,2.6202212690881987
-5.866427378677978,0.05242074709242387,-0.058664273786779776,-0.6917454531943477,2.5511822085276803
-5.866427378677978,0.05613105896943471,-0.058664273786779776,-0.7931336434306787,2.4760705178632643
-5.866427378677978,0.05984137084644555,-0.058664273786779776,-0.9014527511721157,2.3942788372926307
-5.866427378677978,0.06355168272345639,-0.058664273786779776,-1.0167027764186585,2.305143421577182
-5.866427378677978,0.06726199460046722,-0.058664273786779776,-1.1388837191703065,2.2079376804665856
-5.866427378677978,0.07097230647747807,-0.058664273786779776,-1.267995579427061,2.101863441689501
-5.866427378677978,0.0746826183544889,-0.058664273786779776,-1.4040383571889212,1.9860387256687877
-5.866427378677978,0.07839293023149975,-0.058664273786779776,-1.5470120524558872,1.8594802894783438
-5.866427378677978,0.08210324210851058,-0.058664273786779776,-1.6969166652279588,1.7210784941412156
-5.866427378677978,0.08581355398552143,-0.058664273786779776,-1.8537521955051368,1.5695611526495024
-5.866427378677978,0.08952386586253226,-0.058664273786779776,-2.01751864328742,1.403441931298828
-5.866427378677978,0.09323417773954311,-0.058664273786779776,-2.188216008574809,1.2209476706690274
-5.866427378677978,0.09694448961655394,-0.058664273786779776,-2.365844291367304,1.0199178562567652
-5.866427378677978,0.10065480149356479,-0.058664273786779776,-2.550403491664905,0.7976688295297152
-5.866427378677978,0.10436511337057562,-0.058664273786779776,-2.7418936094676116,0.5508160340676194
-5.866427378677978,0.10807542524758647,-0.058664273786779776,-2.9403146447754245,0.275051181301021
-5.866427378677978,0.1117857371245973,-0.058664273786779776,-3.145666597588342,-0.03511970181531132
-5.866427378677978,0.11549604900160815,-0.058664273786779776,-3.357949467906367,-0.3866528323453504
-5.866427378677978,0.11920636087861898,-0.058664273786779776,-3.577163255729497,-0.7882000860143117
-5.866427378677978,0.12291667275562983,-0.058664273786779776,-3.8033079610577327,-1.2501887505120093
-5.866427378677978,0.12662698463264066,-0.058664273786779776,-4.036383583891074,-1.7845654247679101
-5.866427378677978,0.1303372965096515,-0.058664273786779776,-4.276390124229521,-2.4039482012501225
-5.866427378677978,0.13404760838666235,-0.058664273786779776,-4.523327582073075,-3.1199053327315633
-5.866427378677978,0.13775792026367317,-0.058664273786779776,-4.777195957421733,-3.940194164058931
-5.866427378677978,0.14146823214068402,-0.058664273786779776,-5.0379952502754985,-4.86516277069704
-5.866427378677978,0.14517854401769487,-0.058664273786779776,-5.30572546063437,-5.884159246567426
-5.866427378677978,0.1488888558947057,-0.058664273786779776,-5.580386588498346,-6.973462088224124
-5.866427378677978,0.15259916777171653,-0.058664273786779776,-5.861978633867428,-8.09736401772933
-5.866427378677978,0.15630947964872738,-0.058664273786779776,-6.150501596741616,-9.213070285555423
-5.866427378677978,0.16001979152573823,-0.058664273786779776,-6.44595547712091,-10.278223015594872
-5.866427378677978,0.16373010340274907,-0.058664273786779776,-6.748340275005311,-11.25833957753791
-5.866427378677978,0.1674404152797599,-0.058664273786779776,-7.057655990394815,-12.13149219863356
-5.866427378677978,0.17115072715677074,-0.058664273786779776,-7.3739026232894265,-12.889129420000613
-5.866427378677978,0.17486103903378158,-0.058664273786779776,-7.6970801736891445,-13.533781887991761
-5.866427378677978,0.17857135091079243,-0.058664273786779776,-8.027188641593968,-14.075322320373083
-5.866427378677978,0.18228166278780325,-0.058664273786779776,-8.364228027003895,-14.527288829997325
-5.866427378677978,0.1859919746648141,-0.058664273786779776,-8.708198329918929,-14.904092898951818
-5.866427378677978,0.18970228654182494,-0.058664273786779776,-9.059099550339072,-15.219291017347194
-5.866427378677978,0.1934125984188358,-0.058664273786779776,-9.416931688264318,-15.484738868774995
-5.866427378677978,0.1971229102958466,-0.058664273786779776,-9.781694743694668,-15.71033978480472
-5.866427378677978,0.20083322217285746,-0.058664273786779776,-10.153388716630126,-15.904130343380556
-5.866427378677978,0.2045435340498683,-0.058664273786779776,-10.532013607070692,-16.072521846996125
-5.866427378677978,0.20825384592687915,-0.058664273786779776,-10.917569415016361,-16.220588448981328
-5.866427378677978,0.21196415780388997,-0.058664273786779776,-11.310056140467134,-16.35234504727546
-5.866427378677978,0.21567446968090082,-0.058664273786779776,-11.709473783423016,-16.470990769897952
-5.866427378677978,0.21938478155791166,-0.058664273786779776,-12.115822343884005,-16.57911205965716
-5.866427378677978,0.2230950934349225,-0.058664273786779776,-12.529101821850098,-16.678848331605984
-5.866427378677978,0.22680540531193333,-0.058664273786779776,-12.949312217321294,-16.77202688793392
-5.866427378677978,0.23051571718894417,-0.058664273786779776,-13.3764535302976,-16.860274776126957
-5.866427378677978,0.23422602906595502,-0.058664273786779776,-13.81052576077901,-16.945115046220483
-5.866427378677978,0.23793634094296587,-0.058664273786779776,-14.251528908765527,-17.028054185567775
-5.866427378677978,0.2416466528199767,-0.058664273786779776,-14.699462974257147,-17.110666745289024
-5.866427378677978,0.24535696469698753,-0.058664273786779776,-15.154327957253875,-17.194682425204117
-5.866427378677978,0.24906727657399838,-0.058664273786779776,-15.61612385775571,-17.28208008420319
-5.866427378677978,0.2527775884510092,-0.058664273786779776,-16.084850675762652,-17.375192072285543
-5.866427378677978,0.25648790032802005,-0.058664273786779776,-16.560508411274693,-17.47682055395414
-5.866427378677978,0.2601982122050309,-0.058664273786779776,-17.04309706429185,-17.59036451669882
-5.866427378677978,0.26390852408204174,-0.058664273786779776,-17.5326166348141,-17.7199510924981
-5.866427378677978,0.26761883595905256,-0.058664273786779776,-18.02906712284146,-17.87055660364264
-5.866427378677978,0.27132914783606343,-0.058664273786779776,-18.532448528373934,-18.048090309572846
-5.866427378677978,0.27503945971307425,-0.058664273786779776,-19.042760851411508,-18.259396724659908
-5.866427378677978,0.27874977159008507,-0.058664273786779776,-19.560004091954184,-18.51211207582051
-5.866427378677978,0.28246008346709595,-0.058664273786779776,-20.084178250001976,-18.814292600612816
-5.866427378677978,0.28617039534410676,-0.058664273786779776,-20.615283325554863,-19.173729414260986
-5.866427378677978,0.28988070722111764,-0.058664273786779776,-21.153319318612866,-19.596897003299095
-5.866427378677978,0.29359101909812846,-0.058664273786779776,-21.698286229175967,-20.087573328542813
-5.866427378677978,0.2973013309751393,-0.058664273786779776,-22.250184057244173,-20.645328287234516
-5.866427378677978,0.30101164285215015,-0.058664273786779776,-22.809012802817495,-21.264270609846974
-5.866427378677978,0.30472195472916097,-0.058664273786779776,-23.37477246589591,-21.9325741421956
-4.478550527208943,0.011607316445304631,-0.04478550527208944,-0.033541939204151765,3.2450974285212197
-4.478550527208943,0.015317628322315471,-0.04478550527208944,-0.05841273924939211,3.2139830517769825
-4.478550527208943,0.01902794019932631,-0.04478550527208944,-0.09013803244921754,3.180632187643937
-4.478550527208943,0.02273825207633715,-0.04478550527208944,-0.1287178188036281,3.1448118888507546
-4.478550527208943,0.02644856395334799,-0.04478550527208944,-0.17415209831262377,3.1062645084869187
-4.478550527208943,0.03015887583035883,-0.04478550527208944,-0.22644087097620452,3.0647053682801717
-4.478550527208943,0.03386918770736967,-0.04478550527208944,-0.28558413679437045,3.0198202696927767
-4.478550527208943,0.03757949958438051,-0.04478550527208944,-0.3515818957671214,2.971262837647058
-4.478550527208943,0.04128981146139135,-0.04478550527208944,-0.4244341478944575,2.9186516773339086
-4.478550527208943,0.04500012333840219,-0.04478550527208944,-0.5041408931763787,2.861567307946326
-4.478550527208943,0.04871043521541303,-0.04478550527208944,-0.590702131612885,2.7995488094786287
-4.478550527208943,0.05242074709242387,-0.04478550527208944,-0.6841178632039764,2.7320900745001415
-4.478550527208943,0.05613105896943471,-0.04478550527208944,-0.7843880879496529,2.658635488469656
-4.478550527208943,0.05984137084644555,-0.04478550527208944,-0.8915128058499144,2.5785747593462176
-4.478550527208943,0.06355168272345639,-0.04478550527208944,-1.0054920169047612,2.4912364661284503
-4.478550527208943,0.06726199460046722,-0.04478550527208944,-1.1263257211141926,2.3958796785060397
-4.478550527208943,0.07097230647747807,-0.04478550527208944,-1.2540139184782098,2.291682693425895
-4.478550527208943,0.0746826183544889,-0.04478550527208944,-1.3885566089968115,2.1777275121354087
-4.478550527208943,0.07839293023149975,-0.04478550527208944,-1.5299537926699989,2.0529781137967813
-4.478550527208943,0.08210324210851058,-0.04478550527208944,-1.6782054694977708,1.9162498423651175
-4.478550527208943,0.08581355398552143,-0.04478550527208944,-1.8333116394801285,1.7661662993871803
-4.478550527208943,0.08952386586253226,-0.04478550527208944,-1.9952723026170707,1.6010990508078617
-4.478550527208943,0.09323417773954311,-0.04478550527208944,-2.164087458908598,1.419084314807091
-4.478550527208943,0.09694448961655394,-0.04478550527208944,-2.339757108354711,1.2177098617475608
-4.478550527208943,0.10065480149356479,-0.04478550527208944,-2.5222812509554084,0.9939651784109149
-4.478550527208943,0.10436511337057562,-0.04478550527208944,-2.7116598867106916,0.7440495812312775
-4.478550527208943,0.10807542524758647,-0.04478550527208944,-2.9078930156205596,0.4631382694113031
-4.478550527208943,0.1117857371245973,-0.04478550527208944,-3.110980637685012,0.14511831487069737
-4.478550527208943,0.11549604900160815,-0.04478550527208944,-3.3209227529040506,-0.21767031987981267
-4.478550527208943,0.11920636087861898,-0.04478550527208944,-3.5377193612776736,-0.6346142702681565
-4.478550527208943,0.12291667275562983,-0.04478550527208944,-3.7613704628058824,-1.1167932671052363
-4.478550527208943,0.12662698463264066,-0.04478550527208944,-3.9918760574886756,-1.6765267213606172
-4.478550527208943,0.1303372965096515,-0.04478550527208944,-4.2292361453260545,-2.3262324599353326
-4.478550527208943,0.13404760838666235,-0.04478550527208944,-4.473450726318019,-3.0763453694662815
-4.478550527208943,0.13775792026367317,-0.04478550527208944,-4.7245198004645665,-3.9322395018838527
-4.478550527208943,0.14146823214068402,-0.04478550527208944,-4.9824433677657005,-4.890564228629306
-4.478550527208943,0.14517854401769487,-0.04478550527208944,-5.247221428221419,-5.936084470461558
-4.478550527208943,0.1488888558947057,-0.04478550527208944,-5.518853981831724,-7.040639126191775
-4.478550527208943,0.15259916777171653,-0.04478550527208944,-5.797341028596612,-8.165590790439936
-4.478550527208943,0.15630947964872738,-0.04478550527208944,-6.082682568516087,-9.267802900214217
-4.478550527208943,0.16001979152573823,-0.04478550527208944,-6.374878601590146,-10.307334342106673
-4.478550527208943,0.16373010340274907,-0.04478550527208944,-6.673929127818791,-11.254017999362983
-4.478550527208943,0.1674404152797599,-0.04478550527208944,-6.979834147202019,-12.090744239672937
-4.478550527208943,0.17115072715677074,-0.04478550527208944,-7.292593659739834,-12.813055412844397
-4.478550527208943,0.17486103903378158,-0.04478550527208944,-7.612207665432235,-13.426219745027472
-4.478550527208943,0.17857135091079243,-0.04478550527208944,-7.93867616427922,-13.941454582166758
-4.478550527208943,0.18228166278780325,-0.04478550527208944,-8.27199915628079,-14.372563319225899
-4.478550527208943,0.1859919746648141,-0.04478550527208944,-8.612176641436944,-14.733550913727813
-4.478550527208943,0.18970228654182494,-0.04478550527208944,-8.959208619747686,-15.03724307684686
-4.478550527208943,0.1934125984188358,-0.04478550527208944,-9.313095091213013,-15.294676910346299
-4.478550527208943,0.1971229102958466,-0.04478550527208944,-9.67383605583292,-15.514983205531783
-4.478550527208943,0.20083322217285746,-0.04478550527208944,-10.041431513607415,-15.705532560925226
-4.478550527208943,0.2045435340498683,-0.04478550527208944,-10.415881464536497,-15.87219299505932
-4.478550527208943,0.20825384592687915,-0.04478550527208944,-10.797185908620165,-16.019611113300336
-4.478550527208943,0.21196415780388997,-0.04478550527208944,-11.185344845858413,-16.151473258944154
-4.478550527208943,0.21567446968090082,-0.04478550527208944,-11.58035827625125,-16.270729808690866
-4.478550527208943,0.21938478155791166,-0.04478550527208944,-11.98222619979867,-16.379780147494504
-4.478550527208943,0.2230950934349225,-0.04478550527208944,-12.390948616500676,-16.480622648870106
-4.478550527208943,0.22680540531193333,-0.04478550527208944,-12.806525526357266,-16.57497657197898
-4.478550527208943,0.23051571718894417,-0.04478550527208944,-13.228956929368444,-16.664383270434936
-4.478550527208943,0.23422602906595502,-0.04478550527208944,-13.658242825534206,-16.750293685875004
-4.478550527208943,0.23793634094296587,-0.04478550527208944,-14.094383214854552,-16.834148391985064
-4.478550527208943,0.2416466528199767,-0.04478550527208944,-14.537378097329482,-16.917455736913293
-4.478550527208943,0.24535696469698753,-0.04478550527208944,-14.987227472959,-17.001872970792977
-4.478550527208943,0.24906727657399838,-0.04478550527208944,-15.443931341743102,-17.089294565451503
-4.478550527208943,0.2527775884510092,-0.04478550527208944,-15.907489703681792,-17.181951034082807
-4.478550527208943,0.25648790032802005,-0.04478550527208944,-16.37790255877506,-17.28252009187283
-4.478550527208943,0.2601982122050309,-0.04478550527208944,-16.855169907022923,-17.39424942657502
-4.478550527208943,0.26390852408204174,-0.04478550527208944,-17.33929174842536,-17.5210858993294
-4.478550527208943,0.26761883595905256,-0.04478550527208944,-17.830268082982386,-17.66779867019463
-4.478550527208943,0.27132914783606343,-0.04478550527208944,-18.328098910694003,-17.840072468656953
-4.478550527208943,0.27503945971307425,-0.04478550527208944,-18.8327842315602,-18.044531366223
-4.478550527208943,0.27874977159008507,-0.04478550527208944,-19.34432404558098,-18.288633867933214
-4.478550527208943,0.28246008346709595,-0.04478550527208944,-19.862718352756353,-18.580361366837344
-4.478550527208943,0.28617039534410676,-0.04478550527208944,-20.3879671530863,-18.927614591772777
-4.478550527208943,0.28988070722111764,-0.04478550527208944,-20.920070446570843,-19.337255044982456
-4.478550527208943,0.29359101909812846,-0.04478550527208944,-21.459028233209963,-19.813803662707038
-4.478550527208943,0.2973013309751393,-0.04478550527208944,-22.00484051300367,-20.357951136866756
-4.478550527208943,0.30101164285215015,-0.04478550527208944,-22.557507285951967,-20.965222565420813
-4.478550527208943,0.30472195472916097,-0.04478550527208944,-23.117028552054844,-21.62529237285393
-3.0906736757399096,0.011607316445304631,-0.030906736757399095,-0.03316796247661389,3.416935942884602
-3.0906736757399096,0.015317628322315471,-0.030906736757399095,-0.057761464886927495,3.3868198168829293
-3.0906736757399096,0.01902794019932631,-0.030906736757399095,-0.08913303610130548,3.3545011891841545
-3.0906736757399096,0.02273825207633715,-0.030906736757399095,-0.12728267611974786,3.31975120193185
-3.0906736757399096,0.02644856395334799,-0.030906736757399095,-0.17221038494225466,3.2823166133322124
-3.0906736757399096,0.03015887583035883,-0.030906736757399095,-0.22391616256882582,3.2419174075138093
-3.0906736757399096,0.03386918770736967,-0.030906736757399095,-0.28240000899946144,3.1982442070812427
-3.0906736757399096,0.03757949958438051,-0.030906736757399095,-0.34766192423416137,3.150955463242461
-3.0906736757399096,0.04128981146139135,-0.030906736757399095,-0.41970190827292575,3.099674384336897
-3.0906736757399096,0.04500012333840219,-0.030906736757399095,-0.4985199611157545,3.0439855409317094
-3.0906736757399096,0.04871043521541303,-0.030906736757399095,-0.5841160827626476,2.9834310501917143
-3.0906736757399096,0.05242074709242387,-0.030906736757399095,-0.6764902732136052,2.917506188081367
-3.0906736757399096,0.05613105896943471,-0.030906736757399095,-0.775642532468627,2.845654197009588
-3.0906736757399096,0.05984137084644555,-0.030906736757399095,-0.8815728605277133,2.767259937800506
-3.0906736757399096,0.06355168272345639,-0.030906736757399095,-0.9942812573908641,2.6816418638397588
-3.0906736757399096,0.06726199460046722,-0.030906736757399095,-1.113767723058079,2.5880415532503287
-3.0906736757399096,0.07097230647747807,-0.030906736757399095,-1.2400322575293585,2.485609698991728
-3.0906736757399096,0.0746826183544889,-0.030906736757399095,-1.3730748608047023,2.373387000252679
-3.0906736757399096,0.07839293023149975,-0.030906736757399095,-1.5128955328841107,2.250277794032491
-3.0906736757399096,0.08210324210851058,-0.030906736757399095,-1.659494273767583,2.115013492132123
-3.0906736757399096,0.08581355398552143,-0.030906736757399095,-1.8128710834551205,1.9661019454949045
-3.0906736757399096,0.08952386586253226,-0.030906736757399095,-1.9730259619467216,1.801757794217732
-3.0906736757399096,0.09323417773954311,-0.030906736757399095,-2.1399589092423876,1.6198078299776812
-3.0906736757399096,0.09694448961655394,-0.030906736757399095,-2.3136699253421176,1.4175647477750173
-3.0906736757399096,0.10065480149356479,-0.030906736757399095,-2.4941590102459124,1.1916630995805997
-3.0906736757399096,0.10436511337057562,-0.030906736757399095,-2.681426163953771,0.9378540826174231
-3.0906736757399096,0.10807542524758647,-0.030906736757399095,-2.875471386465695,0.6507632170496345
-3.0906736757399096,0.1117857371245973,-0.030906736757399095,-3.076294677781682,0.3236304441412796
-3.0906736757399096,0.11549604900160815,-0.030906736757399095,-3.283896037901735,-0.051919617637189885
-3.0906736757399096,0.11920636087861898,-0.030906736757399095,-3.4982754668258513,-0.4859838326739967
-3.0906736757399096,0.12291667275562983,-0.030906736757399095,-3.7194329645540325,-0.990205568383572
-3.0906736757399096,0.12662698463264066,-0.030906736757399095,-3.9473685310862776,-1.5770900470064542
-3.0906736757399096,0.1303372965096515,-0.030906736757399095,-4.182082166422587,-2.258542200350469
-3.0906736757399096,0.13404760838666235,-0.030906736757399095,-4.423573870562962,-3.0434298912096853
-3.0906736757399096,0.13775792026367317,-0.030906736757399095,-4.671843643507399,-3.934261026888259
-3.0906736757399096,0.14146823214068402,-0.030906736757399095,-4.926891485255903,-4.923615326756569
-3.0906736757399096,0.14517854401769487,-0.030906736757399095,-5.18871739580847,-5.991632642686635
-3.0906736757399096,0.1488888558947057,-0.030906736757399095,-5.457321375165102,-7.1061578046334075
-3.0906736757399096,0.15259916777171653,-0.030906736757399095,-5.732703423325797,-8.22651077355839
-3.0906736757399096,0.15630947964872738,-0.030906736757399095,-6.014863540290558,-9.310251143263319
-3.0906736757399096,0.16001979152573823,-0.030906736757399095,-6.303801726059383,-10.320652197179346
-3.0906736757399096,0.16373010340274907,-0.030906736757399095,-6.599517980632274,-11.23216680932222
-3.0906736757399096,0.1674404152797599,-0.030906736757399095,-6.902012304009225,-12.032323989362206
-3.0906736757399096,0.17115072715677074,-0.030906736757399095,-7.211284696190243,-12.720296681164369
-3.0906736757399096,0.17486103903378158,-0.030906736757399095,-7.527335157175327,-13.303574576823726
-3.0906736757399096,0.17857135091079243,-0.030906736757399095,-7.850163686964474,-13.794300892137363
-3.0906736757399096,0.18228166278780325,-0.030906736757399095,-8.179770285557684,-14.206273306477913
-3.0906736757399096,0.1859919746648141,-0.030906736757399095,-8.51615495295496,-14.552951924568108
-3.0906736757399096,0.18970228654182494,-0.030906736757399095,-8.8593176891563,-14.846386151980658
-3.0906736757399096,0.1934125984188358,-0.030906736757399095,-9.209258494161705,-15.096802636547295
-3.0906736757399096,0.1971229102958466,-0.030906736757399095,-9.565977367971174,-15.31259275605716
-3.0906736757399096,0.20083322217285746,-0.030906736757399095,-9.929474310584705,-15.500501735103716
-3.0906736757399096,0.2045435340498683,-0.030906736757399095,-10.299749322002304,-15.665893256811993
-3.0906736757399096,0.20825384592687915,-0.030906736757399095,-10.676802402223966,-15.813019818253137
-3.0906736757399096,0.21196415780388997,-0.030906736757399095,-11.06063355124969,-15.945266200764385
-3.0906736757399096,0.21567446968090082,-0.030906736757399095,-11.451242769079483,-16.065355035319115
-3.0906736757399096,0.21938478155791166,-0.030906736757399095,-11.84863005571334,-16.17551466596096
-3.0906736757399096,0.2230950934349225,-0.030906736757399095,-12.252795411151258,-16.277614553683236
-3.0906736757399096,0.22680540531193333,-0.030906736757399095,-12.66373883539324,-16.373275166834535
-3.0906736757399096,0.23051571718894417,-0.030906736757399095,-13.08146032843929,-16.46395939919222
-3.0906736757399096,0.23422602906595502,-0.030906736757399095,-13.505959890289402,-16.55105200451463
-3.0906736757399096,0.23793634094296587,-0.030906736757399095,-13.937237520943581,-16.635932823652507
-3.0906736757399096,0.2416466528199767,-0.030906736757399095,-14.37529322040182,-16.72004891419057
-3.0906736757399096,0.24535696469698753,-0.030906736757399095,-14.820126988664127,-16.804990112037526
-3.0906736757399096,0.24906727657399838,-0.030906736757399095,-15.271738825730498,-16.89257198209287
-3.0906736757399096,0.2527775884510092,-0.030906736757399095,-15.730128731600935,-16.984929366754447
-3.0906736757399096,0.25648790032802005,-0.030906736757399095,-16.19529670627543,-17.084622503192872
-3.0906736757399096,0.2601982122050309,-0.030906736757399095,-16.667242749754,-17.194755467253533
-3.0906736757399096,0.26390852408204174,-0.030906736757399095,-17.145966862036623,-17.319102808069847
-3.0906736757399096,0.26761883595905256,-0.030906736757399095,-17.63146904312331,-17.462233726331494
-3.0906736757399096,0.27132914783606343,-0.030906736757399095,-18.123749293014072,-17.62961296490944
-3.0906736757399096,0.27503945971307425,-0.030906736757399095,-18.622807611708893,-17.82764294965211
-3.0906736757399096,0.27874977159008507,-0.030906736757399095,-19.128643999207775,-18.06359309457525
-3.0906736757399096,0.28246008346709595,-0.030906736757399095,-19.64125845551073,-18.345342999439417
-3.0906736757399096,0.28617039534410676,-0.030906736757399095,-20.16065098061774,-18.680855406311217
-3.0906736757399096,0.28988070722111764,-0.030906736757399095,-20.686821574528825,-19.077308646068655
-3.0906736757399096,0.29359101909812846,-0.030906736757399095,-21.219770237243964,-19.5398791758383
-3.0906736757399096,0.2973013309751393,-0.030906736757399095,-21.75949696876317,-20.070290158152655
-3.0906736757399096,0.30101164285215015,-0.030906736757399095,-22.306001769086446,-20.665421384876833
-3.0906736757399096,0.30472195472916097,-0.030906736757399095,-22.85928463821378,-21.316443943885375
-1.7027968242708753,0.011607316445304631,-0.017027968242708753,-0.03279398574907601,3.5934106905646512
-1.7027968242708753,0.015317628322315471,-0.017027968242708753,-0.057110190524462874,3.5642743039637095
-1.7027968242708753,0.01902794019932631,-0.017027968242708753,-0.08812803975339341,3.532967962376514
-1.7027968242708753,0.02273825207633715,-0.017027968242708753,-0.1258475334358676,3.4992666609615375
-1.7027968242708753,0.02644856395334799,-0.017027968242708753,-0.17026867157188552,3.4629212733004193
-1.7027968242708753,0.03015887583035883,-0.017027968242708753,-0.2213914541614471,3.423656089844303
-1.7027968242708753,0.03386918770736967,-0.017027968242708753,-0.27921588120455243,3.3811661153390373
-1.7027968242708753,0.03757949958438051,-0.017027968242708753,-0.34374195270120134,3.335114084037593
-1.7027968242708753,0.04128981146139135,-0.017027968242708753,-0.414969668651394,3.2851271323648916
-1.7027968242708753,0.04500012333840219,-0.017027968242708753,-0.4928990290551303,3.2307930394599937
-1.7027968242708753,0.04871043521541303,-0.017027968242708753,-0.5775300339124103,3.1716559020879442
-1.7027968242708753,0.05242074709242387,-0.017027968242708753,-0.668862683223234,3.10721104541057
-1.7027968242708753,0.05613105896943471,-0.017027968242708753,-0.7668969769876013,3.036898876330641
-1.7027968242708753,0.05984137084644555,-0.017027968242708753,-0.8716329152055122,2.9600972499263944
-1.7027968242708753,0.06355168272345639,-0.017027968242708753,-0.983070497876967,2.876111726652561
-1.7027968242708753,0.06726199460046722,-0.017027968242708753,-1.1012097250019652,2.7841628292564247
-1.7027968242708753,0.07097230647747807,-0.017027968242708753,-1.2260505965805073,2.683369040578248
-1.7027968242708753,0.0746826183544889,-0.017027968242708753,-1.3575931126125929,2.5727237908649974
-1.7027968242708753,0.07839293023149975,-0.017027968242708753,-1.4958372730982223,2.4510640417240266
-1.7027968242708753,0.08210324210851058,-0.017027968242708753,-1.6407830780373953,2.3170272699440133
-1.7027968242708753,0.08581355398552143,-0.017027968242708753,-1.7924305274301124,2.168992704387919
-1.7027968242708753,0.08952386586253226,-0.017027968242708753,-1.9507796212763726,2.0050016552239818
-1.7027968242708753,0.09323417773954311,-0.017027968242708753,-2.1158303595761767,1.822650910759531
-1.7027968242708753,0.09694448961655394,-0.017027968242708753,-2.2875827423295245,1.6189529216899994
-1.7027968242708753,0.10065480149356479,-0.017027968242708753,-2.4660367695364163,1.3901577315164364
-1.7027968242708753,0.10436511337057562,-0.017027968242708753,-2.651192441196851,1.1315359252669654
-1.7027968242708753,0.10807542524758647,-0.017027968242708753,-2.84304975731083,0.8371318556141916
-1.7027968242708753,0.1117857371245973,-0.017027968242708753,-3.0416087178783524,0.4995159113549892
-1.7027968242708753,0.11549604900160815,-0.017027968242708753,-3.246869322899419,0.10959837540560158
-1.7027968242708753,0.11920636087861898,-0.017027968242708753,-3.4588315723740286,-0.343380795533587
-1.7027968242708753,0.12291667275562983,-0.017027968242708753,-3.6774954663021826,-0.8715048197343818
-1.7027968242708753,0.12662698463264066,-0.017027968242708753,-3.9028610046838796,-1.4872314198756127
-1.7027968242708753,0.1303372965096515,-0.017027968242708753,-4.134928187519121,-2.2015917125402726
-1.7027968242708753,0.13404760838666235,-0.017027968242708753,-4.373697014807906,-3.0214244974820823
-1.7027968242708753,0.13775792026367317,-0.017027968242708753,-4.619167486550233,-3.9459126666888276
-1.7027968242708753,0.14146823214068402,-0.017027968242708753,-4.871339602746105,-4.963298487676638
-1.7027968242708753,0.14517854401769487,-0.017027968242708753,-5.130213363395521,-6.049228699717081
-1.7027968242708753,0.1488888558947057,-0.017027968242708753,-5.39578876849848,-7.168180427148438
-1.7027968242708753,0.15259916777171653,-0.017027968242708753,-5.668065818054982,-8.27841168439882
-1.7027968242708753,0.15630947964872738,-0.017027968242708753,-5.9470445120650295,-9.339164188058072
-1.7027968242708753,0.16001979152573823,-0.017027968242708753,-6.232724850528621,-10.31755606652652
-1.7027968242708753,0.16373010340274907,-0.017027968242708753,-6.525106833445755,-11.192775678317817
-1.7027968242708753,0.1674404152797599,-0.017027968242708753,-6.824190460816431,-11.956683822822509
-1.7027968242708753,0.17115072715677074,-0.017027968242708753,-7.129975732640653,-12.611581002680097
-1.7027968242708753,0.17486103903378158,-0.017027968242708753,-7.442462648918419,-13.166686818582757
-1.7027968242708753,0.17857135091079243,-0.017027968242708753,-7.761651209649727,-13.634702787419885
-1.7027968242708753,0.18228166278780325,-0.017027968242708753,-8.087541414834579,-14.029199945021203
-1.7027968242708753,0.1859919746648141,-0.017027968242708753,-8.420133264472975,-14.362992040399684
-1.7027968242708753,0.18970228654182494,-0.017027968242708753,-8.759426758564915,-14.647328942529944
-1.7027968242708753,0.1934125984188358,-0.017027968242708753,-9.1054218971104,-14.891646104116342
-1.7027968242708753,0.1971229102958466,-0.017027968242708753,-9.458118680109425,-15.10363268141088
-1.7027968242708753,0.20083322217285746,-0.017027968242708753,-9.817517107561995,-15.289449364713407
-1.7027968242708753,0.2045435340498683,-0.017027968242708753,-10.183617179468111,-15.453992945975735
-1.7027968242708753,0.20825384592687915,-0.017027968242708753,-10.55641889582777,-15.601153190551628
-1.7027968242708753,0.21196415780388997,-0.017027968242708753,-10.93592225664097,-15.734038271510844
-1.7027968242708753,0.21567446968090082,-0.017027968242708753,-11.322127261907717,-15.855162303842002
-1.7027968242708753,0.21938478155791166,-0.017027968242708753,-11.715033911628007,-15.966597155817402
-1.7027968242708753,0.2230950934349225,-0.017027968242708753,-12.11464220580184,-16.070094356290696
-1.7027968242708753,0.22680540531193333,-0.017027968242708753,-12.520952144429213,-16.16718393800205
-1.7027968242708753,0.23051571718894417,-0.017027968242708753,-12.933963727510134,-16.259256865988284
-1.7027968242708753,0.23422602906595502,-0.017027968242708753,-13.3536769550446,-16.34763706470792
-1.7027968242708753,0.23793634094296587,-0.017027968242708753,-13.780091827032608,-16.433648357005193
-1.7027968242708753,0.2416466528199767,-0.017027968242708753,-14.213208343474157,-16.518681015833806
-1.7027968242708753,0.24535696469698753,-0.017027968242708753,-14.653026504369253,-16.604262123667827
-1.7027968242708753,0.24906727657399838,-0.017027968242708753,-15.099546309717892,-16.692133457564506
-1.7027968242708753,0.2527775884510092,-0.017027968242708753,-15.552767759520078,-16.7843400018842
-1.7027968242708753,0.25648790032802005,-0.017027968242708753,-16.012690853775798,-16.883331154076632
-1.7027968242708753,0.2601982122050309,-0.017027968242708753,-16.479315592485076,-16.99207479400361
-1.7027968242708753,0.26390852408204174,-0.017027968242708753,-16.952641975647882,-17.114180991121607
-1.7027968242708753,0.26761883595905256,-0.017027968242708753,-17.43267000326424,-17.25402635488062
-1.7027968242708753,0.27132914783606343,-0.017027968242708753,-17.919399675334144,-17.416860866468166
-1.7027968242708753,0.27503945971307425,-0.017027968242708753,-18.412830991857586,-17.608865601791514
-1.7027968242708753,0.27874977159008507,-0.017027968242708753,-18.91296395283457,-17.837112155625448
-1.7027968242708753,0.28246008346709595,-0.017027968242708753,-19.419798558265107,-18.109355374384762
-1.7027968242708753,0.28617039534410676,-0.017027968242708753,-19.93333480814918,-18.433577557825757
-1.7027968242708753,0.28988070722111764,-0.017027968242708753,-20.453572702486806,-18.81720901278045
-1.7027968242708753,0.29359101909812846,-0.017027968242708753,-20.980512241277964,-19.26599776566431
-1.7027968242708753,0.2973013309751393,-0.017027968242708753,-21.514153424522668,-19.78260995846409
-1.7027968242708753,0.30101164285215015,-0.017027968242708753,-22.054496252220925,-20.36521009891313
-1.7027968242708753,0.30472195472916097,-0.017027968242708753,-22.601540724372715,-21.00644649317091
-0.3149199728018411,0.011607316445304631,-0.003149199728018411,-0.03242000902153813,3.7743359492100685
-0.3149199728018411,0.015317628322315471,-0.003149199728018411,-0.05645891616199826,3.7461563749022586
-0.3149199728018411,0.01902794019932631,-0.003149199728018411,-0.08712304340548134,3.715837863071049
-0.3149199728018411,0.02273825207633715,-0.003149199728018411,-0.12441239075198737,3.683159005529899
-0.3149199728018411,0.02644856395334799,-0.003149199728018411,-0.1683269582015164,3.6478744759078383
-0.3149199728018411,0.03015887583035883,-0.003149199728018411,-0.2188667457540684,3.6097124819654622
-0.3149199728018411,0.03386918770736967,-0.003149199728018411,-0.2760317534096434,3.5683719290332343
-0.3149199728018411,0.03757949958438051,-0.003149199728018411,-0.3398219811682413,3.5235192359959884
-0.3149199728018411,0.04128981146139135,-0.003149199728018411,-0.4102374290298622,3.4747847205678513
-0.3149199728018411,0.04500012333840219,-0.003149199728018411,-0.4872780969945061,3.4217584341892033
-0.3149199728018411,0.04871043521541303,-0.003149199728018411,-0.5709439850621729,3.3639852736881144
-0.3149199728018411,0.05242074709242387,-0.003149199728018411,-0.6612350932328628,3.300959119966709
-0.3149199728018411,0.05613105896943471,-0.003149199728018411,-0.7581514215065756,3.232115644060076
-0.3149199728018411,0.05984137084644555,-0.003149199728018411,-0.8616929698833112,3.1568232656202477
-0.3149199728018411,0.06355168272345639,-0.003149199728018411,-0.9718597383630699,3.074371532297735
-0.3149199728018411,0.06726199460046722,-0.003149199728018411,-1.0886517269458513,2.9839558909243555
-0.3149199728018411,0.07097230647747807,-0.003149199728018411,-1.212068935631656,2.884657419862454
-0.3149199728018411,0.0746826183544889,-0.003149199728018411,-1.3421113644204836,2.775415562341295
-0.3149199728018411,0.07839293023149975,-0.003149199728018411,-1.4787790133123342,2.654991223624382
-0.3149199728018411,0.08210324210851058,-0.003149199728018411,-1.6220718823072076,2.5219167678432424
-0.3149199728018411,0.08581355398552143,-0.003149199728018411,-1.7719899714051044,2.3744285117274506
-0.3149199728018411,0.08952386586253226,-0.003149199728018411,-1.9285332806060236,2.2103763868985684
-0.3149199728018411,0.09323417773954311,-0.003149199728018411,-2.0917018099099662,2.0271048208089884
-0.3149199728018411,0.09694448961655394,-0.003149199728018411,-2.2614955593169315,1.821299160209431
-0.3149199728018411,0.10065480149356479,-0.003149199728018411,-2.4379145288269197,1.5887942305389344
-0.3149199728018411,0.10436511337057562,-0.003149199728018411,-2.620958718439931,1.3243477850617256
-0.3149199728018411,0.10807542524758647,-0.003149199728018411,-2.8106281281559657,1.0213946389541515
-0.3149199728018411,0.1117857371245973,-0.003149199728018411,-3.0069227579750226,0.6718213593751978
-0.3149199728018411,0.11549604900160815,-0.003149199728018411,-3.209842607897103,0.2658410088916858
-0.3149199728018411,0.11920636087861898,-0.003149199728018411,-3.4193876779222063,-0.20789547146662524
-0.3149199728018411,0.12291667275562983,-0.003149199728018411,-3.6355579680503327,-0.7617478473843431
-0.3149199728018411,0.12662698463264066,-0.003149199728018411,-3.8583534782814817,-1.4078449069878667
-0.3149199728018411,0.1303372965096515,-0.003149199728018411,-4.087774208615653,-2.1559400962927633
-0.3149199728018411,0.13404760838666235,-0.003149199728018411,-4.3238201590528496,-3.01036982488625
-0.3149199728018411,0.13775792026367317,-0.003149199728018411,-4.566491329593066,-3.966585936273157
-0.3149199728018411,0.14146823214068402,-0.003149199728018411,-4.815787720236308,-5.008358879065043
-0.3149199728018411,0.14517854401769487,-0.003149199728018411,-5.071709330982571,-6.107159504981753
-0.3149199728018411,0.1488888558947057,-0.003149199728018411,-5.334256161831859,-7.2248804629580325
-0.3149199728018411,0.15259916777171653,-0.003149199728018411,-5.603428212784168,-8.319738827313513
-0.3149199728018411,0.15630947964872738,-0.003149199728018411,-5.879225483839501,-9.35354128715942
-0.3149199728018411,0.16001979152573823,-0.003149199728018411,-6.161647974997858,-10.297694439785172
-0.3149199728018411,0.16373010340274907,-0.003149199728018411,-6.450695686259237,-11.136064427917004
-0.3149199728018411,0.1674404152797599,-0.003149199728018411,-6.746368617623636,-11.864441756391004
-0.3149199728018411,0.17115072715677074,-0.003149199728018411,-7.048666769091062,-12.487739090252278
-0.3149199728018411,0.17486103903378158,-0.003149199728018411,-7.357590140661511,-13.016452799169603
-0.3149199728018411,0.17857135091079243,-0.003149199728018411,-7.673138732334981,-13.463528568759648
-0.3149199728018411,0.18228166278780325,-0.003149199728018411,-7.995312544111474,-13.842136272121937
-0.3149199728018411,0.1859919746648141,-0.003149199728018411,-8.32411157599099,-14.164373597632189
-0.3149199728018411,0.18970228654182494,-0.003149199728018411,-8.659535827973531,-14.440685759258981
-0.3149199728018411,0.1934125984188358,-0.003149199728018411,-9.001585300059094,-14.679744618494993
-0.3149199728018411,0.1971229102958466,-0.003149199728018411,-9.350259992247677,-14.88857677808262
-0.3149199728018411,0.20083322217285746,-0.003149199728018411,-9.705559904539285,-15.072798687562301
-0.3149199728018411,0.2045435340498683,-0.003149199728018411,-10.067485036933919,-15.236875880173491
-0.3149199728018411,0.20825384592687915,-0.003149199728018411,-10.436035389431574,-15.384364640063634
-0.3149199728018411,0.21196415780388997,-0.003149199728018411,-10.811210962032249,-15.51811949322092
-0.3149199728018411,0.21567446968090082,-0.003149199728018411,-11.19301175473595,-15.64046357669872
-0.3149199728018411,0.21938478155791166,-0.003149199728018411,-11.581437767542676,-15.75332548395924
-0.3149199728018411,0.2230950934349225,-0.003149199728018411,-11.976489000452421,-15.858348720723404
-0.3149199728018411,0.22680540531193333,-0.003149199728018411,-12.378165453465188,-15.956980405489785
-0.3149199728018411,0.23051571718894417,-0.003149199728018411,-12.78646712658098,-16.05054545259636
-0.3149199728018411,0.23422602906595502,-0.003149199728018411,-13.201394019799796,-16.140311792882798
-0.3149199728018411,0.23793634094296587,-0.003149199728018411,-13.622946133121635,-16.227551510925856
-0.3149199728018411,0.2416466528199767,-0.003149199728018411,-14.051123466546494,-16.313602219624883
-0.3149199728018411,0.24535696469698753,-0.003149199728018411,-14.48592602007438,-16.39993255506978
-0.3149199728018411,0.24906727657399838,-0.003149199728018411,-14.927353793705288,-16.488215281818526
-0.3149199728018411,0.2527775884510092,-0.003149199728018411,-15.37540678743922,-16.580410998449516
-0.3149199728018411,0.25648790032802005,-0.003149199728018411,-15.830085001276169,-16.67886457303714
-0.3149199728018411,0.2601982122050309,-0.003149199728018411,-16.291388435216152,-16.786414824525043
-0.3149199728018411,0.26390852408204174,-0.003149199728018411,-16.759317089259145,-16.90651501488275
-0.3149199728018411,0.26761883595905256,-0.003149199728018411,-17.233870963405163,-17.04335662165826
-0.3149199728018411,0.27132914783606343,-0.003149199728018411,-17.715050057654214,-17.201980636716204
-0.3149199728018411,0.27503945971307425,-0.003149199728018411,-18.202854372006282,-17.388348368061067
-0.3149199728018411,0.27874977159008507,-0.003149199728018411,-18.69728390646137,-17.60932721188023
-0.3149199728018411,0.28246008346709595,-0.003149199728018411,-19.198338661019488,-17.872527958245662
-0.3149199728018411,0.28617039534410676,-0.003149199728018411,-19.706018635680618,-18.18591489871943
-0.3149199728018411,0.28988070722111764,-0.003149199728018411,-20.220323830444784,-18.557110829747014
-0.3149199728018411,0.29359101909812846,-0.003149199728018411,-20.741254245311964,-18.992355478447262
-0.3149199728018411,0.2973013309751393,-0.003149199728018411,-21.268809880282166,-19.49516858919772
-0.3149199728018411,0.30101164285215015,-0.003149199728018411,-21.8029907353554,-20.06492288216689
-0.3149199728018411,0.30472195472916097,-0.003149199728018411,-22.34379681053165,-20.695710474991582
1.0729568786671932,0.011607316445304631,0.010729568786671933,-0.03204603229400026,3.9595003829281197
1.0729568786671932,0.015317628322315471,0.010729568786671933,-0.05580764179953363,3.932250428593603
1.0729568786671932,0.01902794019932631,0.010729568786671933,-0.08611804705756924,3.9028909415213127
1.0729568786671932,0.02273825207633715,0.010729568786671933,-0.12297724806810711,3.87120383224896
1.0729568786671932,0.02644856395334799,0.010729568786671933,-0.16638524483114728,3.8369472312692663
1.0729568786671932,0.03015887583035883,0.010729568786671933,-0.21634203734668966,3.799852838562809
1.0729568786671932,0.03386918770736967,0.010729568786671933,-0.27284762561473436,3.759622931640622
1.0729568786671932,0.03757949958438051,0.010729568786671933,-0.3359020096352813,3.715926954631966
1.0729568786671932,0.04128981146139135,0.010729568786671933,-0.4055051894083304,3.6683975802398328
1.0729568786671932,0.04500012333840219,0.010729568786671933,-0.48165716493388183,3.6166260921415443
1.0729568786671932,0.04871043521541303,0.010729568786671933,-0.5643579362119355,3.560156872107454
1.0729568786671932,0.05242074709242387,0.010729568786671933,-0.6536075032424915,3.4984806862414457
1.0729568786671932,0.05613105896943471,0.010729568786671933,-0.7494058660255496,3.4310263383047905
1.0729568786671932,0.05984137084644555,0.010729568786671933,-0.85175302456111,3.3571500820055737
1.0729568786671932,0.06355168272345639,0.010729568786671933,-0.9606489788491728,3.276121941894682
1.0729568786671932,0.06726199460046722,0.010729568786671933,-1.0760937288897374,3.187107764148677
1.0729568786671932,0.07097230647747807,0.010729568786671933,-1.1980872746828048,3.0891453817443884
1.0729568786671932,0.0746826183544889,0.010729568786671933,-1.3266296162283742,2.9811127120355208
1.0729568786671932,0.07839293023149975,0.010729568786671933,-1.4617207535264458,2.861684895940762
1.0729568786671932,0.08210324210851058,0.010729568786671933,-1.6033606865770196,2.72927674891299
1.0729568786671932,0.08581355398552143,0.010729568786671933,-1.7515494153800961,2.5819658919544013
1.0729568786671932,0.08952386586253226,0.010729568786671933,-1.9062869399356743,2.4173911447085557
1.0729568786671932,0.09323417773954311,0.010729568786671933,-2.0675732602437553,2.232620478380216
1.0729568786671932,0.09694448961655394,0.010729568786671933,-2.235408376304338,2.0239837948037476
1.0729568786671932,0.10065480149356479,0.010729568786671933,-2.409792288117423,1.7868693674290614
1.0729568786671932,0.10436511337057562,0.010729568786671933,-2.590724995683011,1.5154911876794637
1.0729568786671932,0.10807542524758647,0.010729568786671933,-2.778206499001101,1.202651068228792
1.0729568786671932,0.1117857371245973,0.010729568786671933,-2.9722367980716924,0.8395484675844462
1.0729568786671932,0.11549604900160815,0.010729568786671933,-3.172815892894787,0.415736422923384
1.0729568786671932,0.11920636087861898,0.010729568786671933,-3.379943783470383,-0.08061720404825112
1.0729568786671932,0.12291667275562983,0.010729568786671933,-3.5936204697984824,-0.6619421849086067
1.0729568786671932,0.12662698463264066,0.010729568786671933,-3.8138459518790833,-1.3397093973499594
1.0729568786671932,0.1303372965096515,0.010729568786671933,-4.040620229712186,-2.121957446817074
1.0729568786671932,0.13404760838666235,0.010729568786671933,-4.273943303297792,-3.0100577617657898
1.0729568786671932,0.13775792026367317,0.010729568786671933,-4.513815172635899,-3.995408878861004
1.0729568786671932,0.14146823214068402,0.010729568786671933,-4.760235837726509,-5.05733363296769
1.0729568786671932,0.14517854401769487,0.010729568786671933,-5.013205298569622,-6.163628029675899
1.0729568786671932,0.1488888558947057,0.010729568786671933,-5.2727235551652365,-7.274502991667412
1.0729568786671932,0.15259916777171653,0.010729568786671933,-5.538790607513352,-8.34913974660559
1.0729568786671932,0.15630947964872738,0.010729568786671933,-5.811406455613972,-9.352648266867504
1.0729568786671932,0.16001979152573823,0.010729568786671933,-6.090571099467094,-10.260975331100505
1.0729568786671932,0.16373010340274907,0.010729568786671933,-6.376284539072718,-11.062458781686905
1.0729568786671932,0.1674404152797599,0.010729568786671933,-6.668546774430841,-11.756354011094578
1.0729568786671932,0.17115072715677074,0.010729568786671933,-6.96735780554147,-12.349681016842792
1.0729568786671932,0.17486103903378158,0.010729568786671933,-7.272717632404602,-12.853807306987374
1.0729568786671932,0.17857135091079243,0.010729568786671933,-7.5846262550202335,-13.281661434546992
1.0729568786671932,0.18228166278780325,0.010729568786671933,-7.903083673388368,-13.645879346701577
1.0729568786671932,0.1859919746648141,0.010729568786671933,-8.228089887509006,-13.957799788977795
1.0729568786671932,0.18970228654182494,0.010729568786671933,-8.559644897382146,-14.227072541188127
1.0729568786671932,0.1934125984188358,0.010729568786671933,-8.897748703007787,-14.46163945096475
1.0729568786671932,0.1971229102958466,0.010729568786671933,-9.242401304385929,-14.667905425872823
1.0729568786671932,0.20083322217285746,0.010729568786671933,-9.593602701516575,-14.850981831414956
1.0729568786671932,0.2045435340498683,0.010729568786671933,-9.951352894399724,-15.014936561730478
1.0729568786671932,0.20825384592687915,0.010729568786671933,-10.315651883035375,-15.163019535854218
1.0729568786671932,0.21196415780388997,0.010729568786671933,-10.686499667423528,-15.297852673393576
1.0729568786671932,0.21567446968090082,0.010729568786671933,-11.063896247564182,-15.42158407442871
1.0729568786671932,0.21938478155791166,0.010729568786671933,-11.447841623457341,-15.536010985245584
1.0729568786671932,0.2230950934349225,0.010729568786671933,-11.838335795103001,-15.642677803415785
1.0729568786671932,0.22680540531193333,0.010729568786671933,-12.23537876250116,-15.742955482841749
1.0729568786671932,0.23051571718894417,0.010729568786671933,-12.638970525651825,-15.838108160704014
1.0729568786671932,0.23422602906595502,0.010729568786671933,-13.049111084554992,-15.929352124780516
1.0729568786671932,0.23793634094296587,0.010729568786671933,-13.465800439210662,-16.017911595838882
1.0729568786671932,0.2416466528199767,0.010729568786671933,-13.88903858961883,-16.105075294148367
1.0729568786671932,0.24535696469698753,0.010729568786671933,-14.318825535779505,-16.192257382968727
1.0729568786671932,0.24906727657399838,0.010729568786671933,-14.75516127769268,-16.281066062922882
1.0729568786671932,0.2527775884510092,0.010729568786671933,-15.19804581535836,-16.373382691577522
1.0729568786671932,0.25648790032802005,0.010729568786671933,-15.647479148776537,-16.47145359645712
1.0729568786671932,0.2601982122050309,0.010729568786671933,-16.103461277947225,-16.577995384092628
1.0729568786671932,0.26390852408204174,0.010729568786671933,-16.565992202870405,-16.696311993624825
1.0729568786671932,0.26761883595905256,0.010729568786671933,-17.035071923546088,-16.830417257705182
1.0729568786671932,0.27132914783606343,0.010729568786671933,-17.510700439974283,-16.9851493801819
1.0729568786671932,0.27503945971307425,0.010729568786671933,-17.99287775215497,-17.16625257733997
1.0729568786671932,0.27874977159008507,0.010729568786671933,-18.48160386008816,-17.38038574364394
1.0729568786671932,0.28246008346709595,0.010729568786671933,-18.97687876377386,-17.63499964197428
1.0729568786671932,0.28617039534410676,0.010729568786671933,-19.478702463212056,-17.938007598033124
1.0729568786671932,0.28988070722111764,0.010729568786671933,-19.98707495840276,-18.2971707278337
1.0729568786671932,0.29359101909812846,0.010729568786671933,-20.50199624934596,-18.71914510999566
1.0729568786671932,0.2973013309751393,0.010729568786671933,-21.023466336041665,-19.20821594458602
1.0729568786671932,0.30101164285215015,0.010729568786671933,-21.551485218489876,-19.764882829762787
1.0729568786671932,0.30472195472916097,0.010729568786671933,-22.086052896690582,-20.384636008675717
2.4608337301362275,0.011607316445304631,0.024608337301362276,-0.031672055566462375,4.1486688136072685
2.4608337301362275,0.015317628322315471,0.024608337301362276,-0.05515636743706901,4.122317230788204
2.4608337301362275,0.01902794019932631,0.024608337301362276,-0.08511305070965718,4.093883829182766
2.4608337301362275,0.02273825207633715,0.024608337301362276,-0.12154210538422688,4.063153536594666
2.4608337301362275,0.02644856395334799,0.024608337301362276,-0.16444353146077814,4.029887566648699
2.4608337301362275,0.03015887583035883,0.024608337301362276,-0.21381732893931096,3.993820646717909
2.4608337301362275,0.03386918770736967,0.024608337301362276,-0.26966349781982535,3.954657846308602
2.4608337301362275,0.03757949958438051,0.024608337301362276,-0.33198203810232124,3.9120709078395928
2.4608337301362275,0.04128981146139135,0.024608337301362276,-0.40077294978679867,3.865693944450048
2.4608337301362275,0.04500012333840219,0.024608337301362276,-0.47603623287325764,3.815118316667917
2.4608337301362275,0.04871043521541303,0.024608337301362276,-0.5577718873616981,3.759886425412602
2.4608337301362275,0.05242074709242387,0.024608337301362276,-0.6459799132521202,3.699484054761874
2.4608337301362275,0.05613105896943471,0.024608337301362276,-0.7406603105445239,3.6333307534790675
2.4608337301362275,0.05984137084644555,0.024608337301362276,-0.8418130792389089,3.5607675457161374
2.4608337301362275,0.06355168272345639,0.024608337301362276,-0.9494382193352757,3.481040991550464
2.4608337301362275,0.06726199460046722,0.024608337301362276,-1.0635357308336237,3.393282257181397
2.4608337301362275,0.07097230647747807,0.024608337301362276,-1.1841056137339536,3.2964793817943887
2.4608337301362275,0.0746826183544889,0.024608337301362276,-1.3111478680362647,3.1894403261244717
2.4608337301362275,0.07839293023149975,0.024608337301362276,-1.4446624937405577,3.0707436535238335
2.4608337301362275,0.08210324210851058,0.024608337301362276,-1.5846494908468318,2.938672859389026
2.4608337301362275,0.08581355398552143,0.024608337301362276,-1.731108859355088,2.7911295337460293
2.4608337301362275,0.08952386586253226,0.024608337301362276,-1.8840405992653255,2.6255199607107054
2.4608337301362275,0.09323417773954311,0.024608337301362276,-2.0434447105775444,2.4386099300538246
2.4608337301362275,0.09694448961655394,0.024608337301362276,-2.209321193291745,2.2263443994663383
2.4608337301362275,0.10065480149356479,0.024608337301362276,-2.381670047407927,1.9836338286940294
2.4608337301362275,0.10436511337057562,0.024608337301362276,-2.5604912729260905,1.7041201014483247
2.4608337301362275,0.10807542524758647,0.024608337301362276,-2.7457848698462364,1.3799556314956865
2.4608337301362275,0.1117857371245973,0.024608337301362276,-2.9375508381683626,1.0016637165988371
2.4608337301362275,0.11549604900160815,0.024608337301362276,-3.135789177892471,0.5581989068242261
2.4608337301362275,0.11920636087861898,0.024608337301362276,-3.340499889018561,0.03738812002478498
2.4608337301362275,0.12291667275562983,0.024608337301362276,-3.5516829715466325,-0.5730163030632516
2.4608337301362275,0.12662698463264066,0.024608337301362276,-3.769338425476685,-1.2834545302159663
2.4608337301362275,0.1303372965096515,0.024608337301362276,-3.9934662508087193,-2.0997941701272813
2.4608337301362275,0.13404760838666235,0.024608337301362276,-4.224066447542736,-3.0200160483378897
2.4608337301362275,0.13775792026367317,0.024608337301362276,-4.461139015678732,-4.031257420853292
2.4608337301362275,0.14146823214068402,0.024608337301362276,-4.704683955216712,-5.108592932902822
2.4608337301362275,0.14517854401769487,0.024608337301362276,-4.954701266156673,-6.216812968339774
2.4608337301362275,0.1488888558947057,0.024608337301362276,-5.211190948498615,-7.315421220595151
2.4608337301362275,0.15259916777171653,0.024608337301362276,-5.474153002242538,-8.365498085193453
2.4608337301362275,0.15630947964872738,0.024608337301362276,-5.7435874273884435,-9.336022109353127
2.4608337301362275,0.16001979152573823,0.024608337301362276,-6.019494223936331,-10.20754838484864
2.4608337301362275,0.16373010340274907,0.024608337301362276,-6.3018733918861995,-10.972562437526404
2.4608337301362275,0.1674404152797599,0.024608337301362276,-6.590724931238047,-11.633287365650489
2.4608337301362275,0.17115072715677074,0.024608337301362276,-6.8860488419918795,-12.19837402323956
2.4608337301362275,0.17486103903378158,0.024608337301362276,-7.187845124147693,-12.679707796140137
2.4608337301362275,0.17857135091079243,0.024608337301362276,-7.496113777705488,-13.08998890600755
2.4608337301362275,0.18228166278780325,0.024608337301362276,-7.810854802665263,-13.441223202935843
2.4608337301362275,0.1859919746648141,0.024608337301362276,-8.132068199027021,-13.743969714535455
2.4608337301362275,0.18970228654182494,0.024608337301362276,-8.45975396679076,-14.007103028383932
2.4608337301362275,0.1934125984188358,0.024608337301362276,-8.793912105956482,-14.237872551496197
2.4608337301362275,0.1971229102958466,0.024608337301362276,-9.134542616524183,-14.442102528790938
2.4608337301362275,0.20083322217285746,0.024608337301362276,-9.481645498493865,-14.624436832071602
2.4608337301362275,0.2045435340498683,0.024608337301362276,-9.835220751865531,-14.788577209209352
2.4608337301362275,0.20825384592687915,0.024608337301362276,-10.195268376639179,-14.937492230389937
2.4608337301362275,0.21196415780388997,0.024608337301362276,-10.561788372814807,-15.07359041996029
2.4608337301362275,0.21567446968090082,0.024608337301362276,-10.934780740392418,-15.198859286333887
2.4608337301362275,0.21938478155791166,0.024608337301362276,-11.314245479372008,-15.314975475090082
2.4608337301362275,0.2230950934349225,0.024608337301362276,-11.700182589753581,-15.423392273072478
2.4608337301362275,0.22680540531193333,0.024608337301362276,-12.092592071537133,-15.52541050807947
2.4608337301362275,0.23051571718894417,0.024608337301362276,-12.491473924722671,-15.622238256163802
2.4608337301362275,0.23422602906595502,0.024608337301362276,-12.89682814931019,-15.71504406387945
2.4608337301362275,0.23793634094296587,0.024608337301362276,-13.30865474529969,-15.805007786031519
2.4608337301362275,0.2416466528199767,0.024608337301362276,-13.726953712691168,-15.893372683808813
2.4608337301362275,0.24535696469698753,0.024608337301362276,-14.15172505148463,-15.981502107239333
2.4608337301362275,0.24906727657399838,0.024608337301362276,-14.582968761680075,-16.070943831369316
2.4608337301362275,0.2527775884510092,0.024608337301362276,-15.020684843277504,-16.163504803198997
2.4608337301362275,0.25648790032802005,0.024608337301362276,-15.464873296276906,-16.261338484539106
2.4608337301362275,0.2601982122050309,0.024608337301362276,-15.9155341206783,-16.367045828517508
2.4608337301362275,0.26390852408204174,0.024608337301362276,-16.372667316481667,-16.48378872663017
2.4608337301362275,0.26761883595905256,0.024608337301362276,-16.836272883687013,-16.615410827142917
2.4608337301362275,0.27132914783606343,0.024608337301362276,-17.306350822294352,-16.766554071986548
2.4608337301362275,0.27503945971307425,0.024608337301362276,-17.782901132303667,-16.942749182842228
2.4608337301362275,0.27874977159008507,0.024608337301362276,-18.26592381371496,-17.150444072695283
2.4608337301362275,0.28246008346709595,0.024608337301362276,-18.75541886652824,-17.39691652418259
2.4608337301362275,0.28617039534410676,0.024608337301362276,-19.251386290743497,-17.690000249177718
2.4608337301362275,0.28988070722111764,0.024608337301362276,-19.753826086360743,-18.037545711861576
2.4608337301362275,0.29359101909812846,0.024608337301362276,-20.26273825337996,-18.446554819092192
2.4608337301362275,0.2973013309751393,0.024608337301362276,-20.778122791801163,-18.921992262037097
2.4608337301362275,0.30101164285215015,0.024608337301362276,-21.299979701624355,-19.46539993422957
2.4608337301362275,0.30472195472916097,0.024608337301362276,-21.828308982849517,-20.073609984048517
3.848710581605262,0.011607316445304631,0.038487105816052615,-0.0312980788389245,4.341584439672385
3.848710581605262,0.015317628322315471,0.038487105816052615,-0.0545050930746044,4.316096186122391
3.848710581605262,0.01902794019932631,0.038487105816052615,-0.08410805436174511,4.288552062013491
3.848710581605262,0.02273825207633715,0.038487105816052615,-0.12010696270034664,4.258739685098403
3.848710581605262,0.02644856395334799,0.038487105816052615,-0.16250181809040903,4.226422944703904
3.848710581605262,0.03015887583035883,0.038487105816052615,-0.21129262053193223,4.191339086805029
3.848710581605262,0.03386918770736967,0.038487105816052615,-0.26647937002491634,4.153195335310284
3.848710581605262,0.03757949958438051,0.038487105816052615,-0.3280620665693612,4.11166492895841
3.848710581605262,0.04128981146139135,0.038487105816052615,-0.39604071016526693,4.066382408721764
3.848710581605262,0.04500012333840219,0.038487105816052615,-0.47041530081263344,4.016937928456339
3.848710581605262,0.04871043521541303,0.038487105816052615,-0.5511858385114609,3.962870275111837
3.848710581605262,0.05242074709242387,0.038487105816052615,-0.6383523232617491,3.903658165335771
3.848710581605262,0.05613105896943471,0.038487105816052615,-0.731914755063498,3.8387092213640654
3.848710581605262,0.05984137084644555,0.038487105816052615,-0.8318731339167079,3.7673458063012486
3.848710581605262,0.06355168272345639,0.038487105816052615,-0.9382274598213786,3.688786599907611
3.848710581605262,0.06726199460046722,0.038487105816052615,-1.0509777327775098,3.60212240144707
3.848710581605262,0.07097230647747807,0.038487105816052615,-1.1701239527851024,3.506284137420307
3.848710581605262,0.0746826183544889,0.038487105816052615,-1.2956661198441555,3.400000417900788
3.848710581605262,0.07839293023149975,0.038487105816052615,-1.4276042339546695,3.2817412354752262
3.848710581605262,0.08210324210851058,0.038487105816052615,-1.565938295116644,3.149643592397485
3.848710581605262,0.08581355398552143,0.038487105816052615,-1.71066830333008,3.0014141263849714
3.848710581605262,0.08952386586253226,0.038487105816052615,-1.8617942585949765,2.8342035131630006
3.848710581605262,0.09323417773954311,0.038487105816052615,-2.019316160911334,2.6444481968878657
3.848710581605262,0.09694448961655394,0.038487105816052615,-2.183234010279152,2.427677995472707
3.848710581605262,0.10065480149356479,0.038487105816052615,-2.353547806698431,2.1782952795824464
3.848710581605262,0.10436511337057562,0.038487105816052615,-2.5302575501691704,1.8893456712402463
3.848710581605262,0.10807542524758647,0.038487105816052615,-2.7133632406913715,1.5523254154159367
3.848710581605262,0.1117857371245973,0.038487105816052615,-2.9028648782650324,1.1571104657949707
3.848710581605262,0.11549604900160815,0.038487105816052615,-3.0987624628901553,0.6921471456429316
3.848710581605262,0.11920636087861898,0.038487105816052615,-3.301055994566738,0.1451035577734736
3.848710581605262,0.12291667275562983,0.038487105816052615,-3.5097454732947826,-0.4957878373815403
3.848710581605262,0.12662698463264066,0.038487105816052615,-3.724830899074287,-1.239527398468269
3.848710581605262,0.1303372965096515,0.038487105816052615,-3.9463122719052524,-2.0893556937656577
3.848710581605262,0.13404760838666235,0.038487105816052615,-4.1741895917876795,-3.039503316365595
3.848710581605262,0.13775792026367317,0.038487105816052615,-4.408462858721566,-4.072779598028911
3.848710581605262,0.14146823214068402,0.038487105816052615,-4.649132072706914,-5.16039092097159
3.848710581605262,0.14517854401769487,0.038487105816052615,-4.896197233743723,-6.264929956812288
3.848710581605262,0.1488888558947057,0.038487105816052615,-5.1496583418319934,-7.346185600352899
3.848710581605262,0.15259916777171653,0.038487105816052615,-5.409515396971723,-8.36795533550112
3.848710581605262,0.15630947964872738,0.038487105816052615,-5.675768399162915,-9.303464546180509
3.848710581605262,0.16001979152573823,0.038487105816052615,-5.948417348405568,-10.137780504699283
3.848710581605262,0.16373010340274907,0.038487105816052615,-6.227462244699681,-10.86712720645564
3.848710581605262,0.1674404152797599,0.038487105816052615,-6.512903088045253,-11.496192359506356
3.848710581605262,0.17115072715677074,0.038487105816052615,-6.804739878442288,-12.034822164255084
3.848710581605262,0.17486103903378158,0.038487105816052615,-7.102972615890785,-12.495120346474462
3.848710581605262,0.17857135091079243,0.038487105816052615,-7.407601300390741,-12.889393527329746
3.848710581605262,0.18228166278780325,0.038487105816052615,-7.7186259319421575,-13.228952585521345
3.848710581605262,0.1859919746648141,0.038487105816052615,-8.036046510545036,-13.523573843081616
3.848710581605262,0.18970228654182494,0.038487105816052615,-8.359863036199375,-13.781385106130212
3.848710581605262,0.1934125984188358,0.038487105816052615,-8.690075508905176,-14.008983295128461
3.848710581605262,0.1971229102958466,0.038487105816052615,-9.026683928662434,-14.211652417272942
3.848710581605262,0.20083322217285746,0.038487105816052615,-9.369688295471155,-14.3936045794577
3.848710581605262,0.2045435340498683,0.038487105816052615,-9.719088609331338,-14.558204705307249
3.848710581605262,0.20825384592687915,0.038487105816052615,-10.074884870242983,-14.70816299994975
3.848710581605262,0.21196415780388997,0.038487105816052615,-10.437077078206086,-14.845692078136961
3.848710581605262,0.21567446968090082,0.038487105816052615,-10.805665233220651,-14.972631911492492
3.848710581605262,0.21938478155791166,0.038487105816052615,-11.180649335286677,-15.090548202093588
3.848710581605262,0.2230950934349225,0.038487105816052615,-11.562029384404163,-15.20081028068942
3.848710581605262,0.22680540531193333,0.038487105816052615,-11.949805380573107,-15.304654234943301
3.848710581605262,0.23051571718894417,0.038487105816052615,-12.343977323793517,-15.40323628354304
3.848710581605262,0.23422602906595502,0.038487105816052615,-12.744545214065386,-15.497680719901824
3.848710581605262,0.23793634094296587,0.038487105816052615,-13.151509051388716,-15.58912618160905
3.848710581605262,0.2416466528199767,0.038487105816052615,-13.564868835763505,-15.67877359280419
3.848710581605262,0.24535696469698753,0.038487105816052615,-13.984624567189757,-15.767938854765083
3.848710581605262,0.24906727657399838,0.038487105816052615,-14.41077624566747,-15.85811316126446
3.848710581605262,0.2527775884510092,0.038487105816052615,-14.843323871196645,-15.951033578059045
3.848710581605262,0.25648790032802005,0.038487105816052615,-15.282267443777275,-16.048766070500967
3.848710581605262,0.2601982122050309,0.038487105816052615,-15.727606963409375,-16.15380220723468
3.848710581605262,0.26390852408204174,0.038487105816052615,-16.179342430092927,-16.26916888062178
3.848710581605262,0.26761883595905256,0.038487105816052615,-16.63747384382794,-16.398546942732953
3.848710581605262,0.27132914783606343,0.038487105816052615,-17.10200120461442,-16.54638883335363
3.848710581605262,0.27503945971307425,0.038487105816052615,-17.57292451245236,-16.718016142214985
3.848710581605262,0.27874977159008507,0.038487105816052615,-18.050243767341755,-16.9196649114365
3.848710581605262,0.28246008346709595,0.038487105816052615,-18.53395896928262,-17.15842970723132
3.848710581605262,0.28617039534410676,0.038487105816052615,-19.024070118274935,-17.44203998154002
3.848710581605262,0.28988070722111764,0.038487105816052615,-19.520577214318724,-17.77839160194385
3.848710581605262,0.29359101909812846,0.038487105816052615,-20.02348025741396,-18.174766797499387
3.848710581605262,0.2973013309751393,0.038487105816052615,-20.53277924756066,-18.636726759717675
3.848710581605262,0.30101164285215015,0.038487105816052615,-21.04847418475883,-19.166769297992655
3.848710581605262,0.30472195472916097,0.038487105816052615,-21.570565069008452,-19.763003470855416
5.236587433074296,0.011607316445304631,0.052365874330742954,-0.030924102111386624,4.537971455647209
5.236587433074296,0.015317628322315471,0.052365874330742954,-0.053853818712139775,4.513308003794287
5.236587433074296,0.01902794019932631,0.052365874330742954,-0.08310305801383304,4.486612789855305
5.236587433074296,0.02273825207633715,0.052365874330742954,-0.1186718200164664,4.457675765623646
5.236587433074296,0.02644856395334799,0.052365874330742954,-0.16056010472003993,4.426263051357016
5.236587433074296,0.03015887583035883,0.052365874330742954,-0.20876791212455353,4.392113854049842
5.236587433074296,0.03386918770736967,0.052365874330742954,-0.26329524223000733,4.354936850641825
5.236587433074296,0.03757949958438051,0.052365874330742954,-0.3241420950364012,4.3144058908462934
5.236587433074296,0.04128981146139135,0.052365874330742954,-0.3913084705437352,4.2701548218972825
5.236587433074296,0.04500012333840219,0.052365874330742954,-0.46479436875200925,4.221771165140282
5.236587433074296,0.04871043521541303,0.052365874330742954,-0.5445997896612235,4.168788274810509
5.236587433074296,0.05242074709242387,0.052365874330742954,-0.6307247332713778,4.110675473100556
5.236587433074296,0.05613105896943471,0.052365874330742954,-0.7231691995824723,4.046825470629774
5.236587433074296,0.05984137084644555,0.052365874330742954,-0.8219331885945068,3.976538132781598
5.236587433074296,0.06355168272345639,0.052365874330742954,-0.9270167003074815,3.898999322697799
5.236587433074296,0.06726199460046722,0.052365874330742954,-1.0384197347213961,3.813253122769047
5.236587433074296,0.07097230647747807,0.052365874330742954,-1.1561422918362512,3.71816519322529
5.236587433074296,0.0746826183544889,0.052365874330742954,-1.280184371652046,3.612374366001501
5.236587433074296,0.07839293023149975,0.052365874330742954,-1.4105459741687814,3.4942288212840262
5.236587433074296,0.08210324210851058,0.052365874330742954,-1.5472270993864563,3.3617024426506106
5.236587433074296,0.08581355398552143,0.052365874330742954,-1.690227747305072,3.212286405626208
5.236587433074296,0.08952386586253226,0.052365874330742954,-1.8395479179246275,3.0428511554297026
5.236587433074296,0.09323417773954311,0.052365874330742954,-1.995187611245123,2.84947548065606
5.236587433074296,0.09694448961655394,0.052365874330742954,-2.157146827266559,2.627243795335782
5.236587433074296,0.10065480149356479,0.052365874330742954,-2.3254255659889345,2.3700222564856164
5.236587433074296,0.10436511337057562,0.052365874330742954,-2.5000238274122504,2.070242211045163
5.236587433074296,0.10807542524758647,0.052365874330742954,-2.680941611536507,1.718749540572871
5.236587433074296,0.1117857371245973,0.052365874330742954,-2.8681789183617026,1.3048234665756226
5.236587433074296,0.11549604900160815,0.052365874330742954,-3.0617357478878393,0.8165253070080525
5.236587433074296,0.11920636087861898,0.052365874330742954,-3.2616121001149154,0.24158914071609483
5.236587433074296,0.12291667275562983,0.052365874330742954,-3.4678079750429323,-0.43093094921001085
5.236587433074296,0.12662698463264066,0.052365874330742954,-3.680323372671889,-1.2081619395761727
5.236587433074296,0.1303372965096515,0.052365874330742954,-3.8991582930017854,-2.0902848374295733
5.236587433074296,0.13404760838666235,0.052365874330742954,-4.124312736032623,-3.067516062756801
5.236587433074296,0.13775792026367317,0.052365874330742954,-4.355786701764399,-4.118432057838976
5.236587433074296,0.14146823214068402,0.052365874330742954,-4.593580190197117,-5.210923420427989
5.236587433074296,0.14517854401769487,0.052365874330742954,-4.837693201330774,-6.3062904091215675
5.236587433074296,0.1488888558947057,0.052365874330742954,-5.088125735165372,-7.36556282136771
5.236587433074296,0.15259916777171653,0.052365874330742954,-5.344877791700908,-8.355920210962603
5.236587433074296,0.15630947964872738,0.052365874330742954,-5.607949370937386,-9.255026243067272
5.236587433074296,0.16001979152573823,0.052365874330742954,-5.877340472874804,-10.052227050783017
5.236587433074296,0.16373010340274907,0.052365874330742954,-6.1530510975131625,-10.747022756188322
5.236587433074296,0.1674404152797599,0.052365874330742954,-6.435081244852459,-11.34607815355003
5.236587433074296,0.17115072715677074,0.052365874330742954,-6.723430914892697,-11.860048074654054
5.236587433074296,0.17486103903378158,0.052365874330742954,-7.0181001076338765,-12.30100740366404
5.236587433074296,0.17857135091079243,0.052365874330742954,-7.319088823075995,-12.680744792385434
5.236587433074296,0.18228166278780325,0.052365874330742954,-7.626397061219053,-13.009837426012758
5.236587433074296,0.1859919746648141,0.052365874330742954,-7.940024822063051,-13.297289873946017
5.236587433074296,0.18970228654182494,0.052365874330742954,-8.259972105607991,-13.550517340067382
5.236587433074296,0.1934125984188358,0.052365874330742954,-8.58623891185387,-13.775505302234018
5.236587433074296,0.1971229102958466,0.052365874330742954,-8.918825240800688,-13.977036764910663
5.236587433074296,0.20083322217285746,0.052365874330742954,-9.257731092448447,-14.158925752107171
5.236587433074296,0.2045435340498683,0.052365874330742954,-9.602956466797146,-14.324227525136111
5.236587433074296,0.20825384592687915,0.052365874330742954,-9.954501363846786,-14.475414966814396
5.236587433074296,0.21196415780388997,0.052365874330742954,-10.312365783597365,-14.614520655101623
5.236587433074296,0.21567446968090082,0.052365874330742954,-10.676549726048885,-14.743248795794354
5.236587433074296,0.21938478155791166,0.052365874330742954,-11.047053191201345,-14.863062805762043
5.236587433074296,0.2230950934349225,0.052365874330742954,-11.423876179054744,-14.975254443956269
5.236587433074296,0.22680540531193333,0.052365874330742954,-11.807018689609082,-15.080999847741515
5.236587433074296,0.23051571718894417,0.052365874330742954,-12.196480722864363,-15.181407113306086
5.236587433074296,0.23422602906595502,0.052365874330742954,-12.592262278820584,-15.277559388730273
5.236587433074296,0.23793634094296587,0.052365874330742954,-12.994363357477745,-15.370556920386457
5.236587433074296,0.2416466528199767,0.052365874330742954,-13.402783958835842,-15.461561127325014
5.236587433074296,0.24535696469698753,0.052365874330742954,-13.817524082894884,-15.551843549584488
5.236587433074296,0.24906727657399838,0.052365874330742954,-14.238583729654865,-15.642842365623078
5.236587433074296,0.2527775884510092,0.052365874330742954,-14.665962899115788,-15.736229001321655
5.236587433074296,0.25648790032802005,0.052365874330742954,-15.099661591277645,-15.833986998346942
5.236587433074296,0.2601982122050309,0.052365874330742954,-15.539679806140452,-15.938504521072021
5.236587433074296,0.26390852408204174,0.052365874330742954,-15.986017543704188,-16.052680271480735
5.236587433074296,0.26761883595905256,0.052365874330742954,-16.438674803968865,-16.180039582882664
5.236587433074296,0.27132914783606343,0.052365874330742954,-16.897651586934494,-16.32485230704942
5.236587433074296,0.27503945971307425,0.052365874330742954,-17.362947892601053,-16.49223589118093
5.236587433074296,0.27874977159008507,0.052365874330742954,-17.83456372096855,-16.68821499398896
5.236587433074296,0.28246008346709595,0.052365874330742954,-18.312499072037,-16.919693160523867
5.236587433074296,0.28617039534410676,0.052365874330742954,-18.796753945806376,-17.19427462789075
5.236587433074296,0.28988070722111764,0.052365874330742954,-19.2873283422767,-17.51986153453463
5.236587433074296,0.29359101909812846,0.052365874330742954,-19.78422226144796,-17.903956033564576
5.236587433074296,0.2973013309751393,0.052365874330742954,-20.28743570332016,-18.3526364393175
5.236587433074296,0.30101164285215015,0.052365874330742954,-20.79696866789331,-18.869269606680216
5.236587433074296,0.30472195472916097,0.052365874330742954,-21.312821155167388,-19.45316946661768
6.62446428454333,0.011607316445304631,0.0662446428454333,-0.030550125383848745,4.737538012510243
6.62446428454333,0.015317628322315471,0.0662446428454333,-0.053202544349675154,4.713657695272032
6.62446428454333,0.01902794019932631,0.0662446428454333,-0.08209806166592094,4.68776780873315
6.62446428454333,0.02273825207633715,0.0662446428454333,-0.11723667733258615,4.659660251067838
6.62446428454333,0.02644856395334799,0.0662446428454333,-0.1586183913496708,4.629102887185721
6.62446428454333,0.03015887583035883,0.0662446428454333,-0.2062432037171748,4.595836273252126
6.62446428454333,0.03386918770736967,0.0662446428454333,-0.26011111443509827,4.5595697669263755
6.62446428454333,0.03757949958438051,0.0662446428454333,-0.3202221235034411,4.519976850842069
6.62446428454333,0.04128981146139135,0.0662446428454333,-0.38657623092220333,4.47668943584912
6.62446428454333,0.04500012333840219,0.0662446428454333,-0.459173436691385,4.429290827009964
6.62446428454333,0.04871043521541303,0.0662446428454333,-0.5380137408109861,4.377306921453351
6.62446428454333,0.05242074709242387,0.0662446428454333,-0.6230971432810065,4.3201950528118065
6.62446428454333,0.05613105896943471,0.0662446428454333,-0.7144236441014464,4.257329689399644
6.62446428454333,0.05984137084644555,0.0662446428454333,-0.8119932432723056,4.18798391727131
6.62446428454333,0.06355168272345639,0.0662446428454333,-0.9158059407935843,4.111305277847278
6.62446428454333,0.06726199460046722,0.0662446428454333,-1.0258617366652822,4.026284066651555
6.62446428454333,0.07097230647747807,0.0662446428454333,-1.1421606308873997,3.9317116250555975
6.62446428454333,0.0746826183544889,0.0662446428454333,-1.2647026234599366,3.8261254791463983
6.62446428454333,0.07839293023149975,0.0662446428454333,-1.393487714382893,3.7077374480930887
6.62446428454333,0.08210324210851058,0.0662446428454333,-1.5285159036562685,3.5743401897882787
6.62446428454333,0.08581355398552143,0.0662446428454333,-1.6697871912800637,3.423187358496077
6.62446428454333,0.08952386586253226,0.0662446428454333,-1.8173015772542782,3.250843172120427
6.62446428454333,0.09323417773954311,0.0662446428454333,-1.971059061578912,3.0529997256892267
6.62446428454333,0.09694448961655394,0.0662446428454333,-2.1310596442539653,2.8242665195535928
6.62446428454333,0.10065480149356479,0.0662446428454333,-2.297303325279438,2.557948968751563
6.62446428454333,0.10436511337057562,0.0662446428454333,-2.4697901046553303,2.245854578747868
6.62446428454333,0.10807542524758647,0.0662446428454333,-2.648519982381642,1.8782005549493588
6.62446428454333,0.1117857371245973,0.0662446428454333,-2.8334929584583723,1.4437458663794802
6.62446428454333,0.11549604900160815,0.0662446428454333,-3.024709032885523,0.9303267664597861
6.62446428454333,0.11920636087861898,0.0662446428454333,-3.2221682056630927,0.3260117345818003
6.62446428454333,0.12291667275562983,0.0662446428454333,-3.425870476791082,-0.3789442696636194
6.62446428454333,0.12662698463264066,0.0662446428454333,-3.6358158462694905,-1.1893531121258205
6.62446428454333,0.1303372965096515,0.0662446428454333,-3.8520043140983184,-2.101953880034408
6.62446428454333,0.13404760838666235,0.0662446428454333,-4.074435880277567,-3.102808247647684
6.62446428454333,0.13775792026367317,0.0662446428454333,-4.3031105448072315,-4.166527148120532
6.62446428454333,0.14146823214068402,0.0662446428454333,-4.538028307687319,-5.25838879676724
6.62446428454333,0.14517854401769487,0.0662446428454333,-4.779189168917824,-6.339354266534966
6.62446428454333,0.1488888558947057,0.0662446428454333,-5.0265931284987495,-7.372562961029165
6.62446428454333,0.15259916777171653,0.0662446428454333,-5.280240186430093,-8.329066318484706
6.62446428454333,0.15630947964872738,0.0662446428454333,-5.540130342711858,-9.190983572994286
6.62446428454333,0.16001979152573823,0.0662446428454333,-5.80626359734404,-9.951600573776982
6.62446428454333,0.16373010340274907,0.0662446428454333,-6.078639950326644,-10.613207224887928
6.62446428454333,0.1674404152797599,0.0662446428454333,-6.357259401659664,-11.183989610542897
6.62446428454333,0.17115072715677074,0.0662446428454333,-6.642121951343106,-11.675076988716452
6.62446428454333,0.17486103903378158,0.0662446428454333,-6.933227599376968,-12.098317259276449
6.62446428454333,0.17857135091079243,0.0662446428454333,-7.230576345761247,-12.464892228306585
6.62446428454333,0.18228166278780325,0.0662446428454333,-7.534168190495946,-12.784628016625332
6.62446428454333,0.1859919746648141,0.0662446428454333,-7.844003133581065,-13.065778991733584
6.62446428454333,0.18970228654182494,0.0662446428454333,-8.160081175016606,-13.315085723407973
6.62446428454333,0.1934125984188358,0.0662446428454333,-8.482402314802563,-13.537963372793667
6.62446428454333,0.1971229102958466,0.0662446428454333,-8.81096655293894,-13.738731570920345
6.62446428454333,0.20083322217285746,0.0662446428454333,-9.145773889425735,-13.920837797084284
6.62446428454333,0.2045435340498683,0.0662446428454333,-9.486824324262953,-14.087052704543511
6.62446428454333,0.20825384592687915,0.0662446428454333,-9.834117857450588,-14.239631063669899
6.62446428454333,0.21196415780388997,0.0662446428454333,-10.187654488988642,-14.38043979270345
6.62446428454333,0.21567446968090082,0.0662446428454333,-10.547434218877116,-14.511057924435631
6.62446428454333,0.21938478155791166,0.0662446428454333,-10.913457047116012,-14.632854337702344
6.62446428454333,0.2230950934349225,0.0662446428454333,-11.285722973705324,-14.7470489032505
6.62446428454333,0.22680540531193333,0.0662446428454333,-11.664231998645054,-14.85476205577122
6.62446428454333,0.23051571718894417,0.0662446428454333,-12.048984121935208,-14.957057076321076
6.62446428454333,0.23422602906595502,0.0662446428454333,-12.439979343575779,-15.054978727147503
6.62446428454333,0.23793634094296587,0.0662446428454333,-12.83721766356677,-15.14959139185452
6.62446428454333,0.2416466528199767,0.0662446428454333,-13.24069908190818,-15.242019546851163
6.62446428454333,0.24535696469698753,0.0662446428454333,-13.650423598600009,-15.333493198945863
6.62446428454333,0.24906727657399838,0.0662446428454333,-14.066391213642259,-15.425400814160465
6.62446428454333,0.2527775884510092,0.0662446428454333,-14.48860192703493,-15.519352144984898
6.62446428454333,0.25648790032802005,0.0662446428454333,-14.917055738778012,-15.617253095326056
6.62446428454333,0.2601982122050309,0.0662446428454333,-15.351752648871525,-15.7213941198352
6.62446428454333,0.26390852408204174,0.0662446428454333,-15.792692657315447,-15.834552289608556
6.62446428454333,0.26761883595905256,0.0662446428454333,-16.23987576410979,-15.960104553969792
6.62446428454333,0.27132914783606343,0.0662446428454333,-16.69330196925456,-16.10214517650817
6.62446428454333,0.27503945971307425,0.0662446428454333,-17.152971272749745,-16.26559295470933
6.62446428454333,0.27874977159008507,0.0662446428454333,-17.618883674595345,-16.456262833546997
6.62446428454333,0.28246008346709595,0.0662446428454333,-18.091039174791373,-16.680861695064678
6.62446428454333,0.28617039534410676,0.0662446428454333,-18.569437773337814,-16.946850989647555
6.62446428454333,0.28988070722111764,0.0662446428454333,-19.05407947023468,-17.262104560167774
6.62446428454333,0.29359101909812846,0.0662446428454333,-19.54496426548196,-17.634289197955766
6.62446428454333,0.2973013309751393,0.0662446428454333,-20.042092159079658,-18.069925073142564
6.62446428454333,0.30101164285215015,0.0662446428454333,-20.545463151027786,-18.573161877863328
6.62446428454333,0.30472195472916097,0.0662446428454333,-21.05507724132632,-19.144441004052133
8.012341136012365,0.011607316445304631,0.08012341136012364,-0.03017614865631087,4.939979448310133
8.012341136012365,0.015317628322315471,0.08012341136012364,-0.05255126998721053,4.916837832305627
8.012341136012365,0.01902794019932631,0.08012341136012364,-0.08109306531800888,4.891706843208555
8.012341136012365,0.02273825207633715,0.08012341136012364,-0.1158015346487059,4.864379902550058
8.012341136012365,0.02644856395334799,0.08012341136012364,-0.15667667797930165,4.834626087381404
8.012341136012365,0.03015887583035883,0.08012341136012364,-0.2037184953097961,4.802186630766018
8.012341136012365,0.03386918770736967,0.08012341136012364,-0.25692698664018926,4.766770719827513
8.012341136012365,0.03757949958438051,0.08012341136012364,-0.31630215197048106,4.728050388994458
8.012341136012365,0.04128981146139135,0.08012341136012364,-0.3818439913006716,4.685654235656096
8.012341136012365,0.04500012333840219,0.08012341136012364,-0.4535525046307608,4.639159589762822
8.012341136012365,0.04871043521541303,0.08012341136012364,-0.5314276919607487,4.588082639497333
8.012341136012365,0.05242074709242387,0.08012341136012364,-0.6154695532906354,4.531865841237005
8.012341136012365,0.05613105896943471,0.08012341136012364,-0.7056780886204206,4.469861710404329
8.012341136012365,0.05984137084644555,0.08012341136012364,-0.8020532979501046,4.401311785127558
8.012341136012365,0.06355168272345639,0.08012341136012364,-0.9045951812796873,4.325319160872357
8.012341136012365,0.06726199460046722,0.08012341136012364,-1.0133037386091683,4.240812498206888
8.012341136012365,0.07097230647747807,0.08012341136012364,-1.1281789699385485,4.146498805096248
8.012341136012365,0.0746826183544889,0.08012341136012364,-1.249220875267827,4.040801612978355
8.012341136012365,0.07839293023149975,0.08012341136012364,-1.3764294545970046,3.921780480231111
8.012341136012365,0.08210324210851058,0.08012341136012364,-1.5098047079260808,3.7870272506046065
8.012341136012365,0.08581355398552143,0.08012341136012364,-1.6493466352550559,3.6335345416488583
8.012341136012365,0.08952386586253226,0.08012341136012364,-1.7950552365839292,3.457533238862477
8.012341136012365,0.09323417773954311,0.08012341136012364,-1.9469305119127014,3.254299543800867
8.012341136012365,0.09694448961655394,0.08012341136012364,-2.1049724612413723,3.0179403341380118
8.012341136012365,0.10065480149356479,0.08012341136012364,-2.269181084569942,2.7411811025037807
8.012341136012365,0.10436511337057562,0.08012341136012364,-2.43955638189841,2.4152070568668575
8.012341136012365,0.10807542524758647,0.08012341136012364,-2.616098353226777,2.0296478876497153
8.012341136012365,0.1117857371245973,0.08012341136012364,-2.7988069985550426,1.5728486623425162
8.012341136012365,0.11549604900160815,0.08012341136012364,-2.9876823178832073,1.0326200790363493
8.012341136012365,0.11920636087861898,0.08012341136012364,-3.18272431121127,0.39767573316798743
8.012341136012365,0.12291667275562983,0.08012341136012364,-3.383932978539232,-0.3401211452510997
8.012341136012365,0.12662698463264066,0.08012341136012364,-3.5913083198670925,-1.1828379837609047
8.012341136012365,0.1303372965096515,0.08012341136012364,-3.8048503351948515,-2.123467884332938
8.012341136012365,0.13404760838666235,0.08012341136012364,-4.02455902452251,-3.143923226551693
8.012341136012365,0.13775792026367317,0.08012341136012364,-4.250434387850065,-4.215287909182016
8.012341136012365,0.14146823214068402,0.08012341136012364,-4.482476425177521,-5.301047992896661
8.012341136012365,0.14517854401769487,0.08012341136012364,-4.7206851365048745,-6.362773608839462
8.012341136012365,0.1488888558947057,0.08012341136012364,-4.965060521832128,-7.3664541256562694
8.012341136012365,0.15259916777171653,0.08012341136012364,-5.2156025811592786,-8.287319575530397
8.012341136012365,0.15630947964872738,0.08012341136012364,-5.472311314486329,-9.111810151205168
8.012341136012365,0.16001979152573823,0.08012341136012364,-5.735186721813278,-9.836738842424081
8.012341136012365,0.16373010340274907,0.08012341136012364,-6.004228803140125,-10.466699671233638
8.012341136012365,0.1674404152797599,0.08012341136012364,-6.27943755846687,-11.010986936168484
8.012341136012365,0.17115072715677074,0.08012341136012364,-6.560812987793515,-11.48092302977998
8.012341136012365,0.17486103903378158,0.08012341136012364,-6.84835509112006,-11.887975183627317
8.012341136012365,0.17857135091079243,0.08012341136012364,-7.142063868446501,-12.242659553294718
8.012341136012365,0.18228166278780325,0.08012341136012364,-7.441939319772842,-12.554050836996552
8.012341136012365,0.1859919746648141,0.08012341136012364,-7.7479814450990805,-12.82968250713328
8.012341136012365,0.18970228654182494,0.08012341136012364,-8.06019024442522,-13.075660656813861
8.012341136012365,0.1934125984188358,0.08012341136012364,-8.378565717751258,-13.296870572227762
8.012341136012365,0.1971229102958466,0.08012341136012364,-8.703107865077191,-13.497204255275387
8.012341136012365,0.20083322217285746,0.08012341136012364,-9.033816686403025,-13.679772006822319
8.012341136012365,0.2045435340498683,0.08012341136012364,-9.37069218172876,-13.847082901665315
8.012341136012365,0.20825384592687915,0.08012341136012364,-9.713734351054391,-14.001191093543758
8.012341136012365,0.21196415780388997,0.08012341136012364,-10.06294319437992,-14.143810840799098
8.012341136012365,0.21567446968090082,0.08012341136012364,-10.41831871170535,-14.276405521310254
8.012341136012365,0.21938478155791166,0.08012341136012364,-10.779860903030679,-14.40025639636396
8.012341136012365,0.2230950934349225,0.08012341136012364,-11.147569768355904,-14.51651649782976
8.012341136012365,0.22680540531193333,0.08012341136012364,-11.521445307681027,-14.626254314426852
8.012341136012365,0.23051571718894417,0.08012341136012364,-11.901487521006052,-14.730491231317382
8.012341136012365,0.23422602906595502,0.08012341136012364,-12.287696408330977,-14.83023606655185
8.012341136012365,0.23793634094296587,0.08012341136012364,-12.680071969655797,-14.926519595921786
8.012341136012365,0.2416466528199767,0.08012341136012364,-13.078614204980516,-15.020431665821759
8.012341136012365,0.24535696469698753,0.08012341136012364,-13.483323114305135,-15.113163335148547
8.012341136012365,0.24906727657399838,0.08012341136012364,-13.894198697629653,-15.206056412101006
8.012341136012365,0.2527775884510092,0.08012341136012364,-14.311240954954071,-15.30066268031277
8.012341136012365,0.25648790032802005,0.08012341136012364,-14.734449886278382,-15.398814915050128
8.012341136012365,0.2601982122050309,0.08012341136012364,-15.163825491602601,-15.502711274567911
8.012341136012365,0.26390852408204174,0.08012341136012364,-15.59936777092671,-15.615013502869255
8.012341136012365,0.26761883595905256,0.08012341136012364,-16.041076724250715,-15.738957131267869
8.012341136012365,0.27132914783606343,0.08012341136012364,-16.488952351574632,-15.878467861624497
8.012341136012365,0.27503945971307425,0.08012341136012364,-16.942994652898438,-16.03827172876029
8.012341136012365,0.27874977159008507,0.08012341136012364,-17.40320362822214,-16.223976639271356
8.012341136012365,0.28246008346709595,0.08012341136012364,-17.869579277545753,-16.44208908241404
8.012341136012365,0.28617039534410676,0.08012341136012364,-18.342121600869252,-16.699913231537717
8.012341136012365,0.28988070722111764,0.08012341136012364,-18.82083059819266,-17.005264365090248
8.012341136012365,0.29359101909812846,0.08012341136012364,-19.30570626951596,-17.365923671012613
8.012341136012365,0.2973013309751393,0.08012341136012364,-19.796748614839156,-17.78878238562286
8.012341136012365,0.30101164285215015,0.08012341136012364,-20.29395763416226,-18.278688489334158
8.012341136012365,0.30472195472916097,0.08012341136012364,-20.797333327485255,-18.837129626078866
9.4002179874814,0.011607316445304631,0.09400217987481399,-0.02980217192877299,5.144981711394061
9.4002179874814,0.015317628322315471,0.09400217987481399,-0.05189999562474591,5.122531986857807
9.4002179874814,0.01902794019932631,0.09400217987481399,-0.0800880689700968,5.098110999728781
9.4002179874814,0.02273825207633715,0.09400217987481399,-0.11436639196482568,5.071513232416311
9.4002179874814,0.02644856395334799,0.09400217987481399,-0.15473496460893255,5.042508390059919
9.4002179874814,0.03015887583035883,0.09400217987481399,-0.20119378690241738,5.010837643041933
9.4002179874814,0.03386918770736967,0.09400217987481399,-0.25374285884528025,4.976209068860038
9.4002179874814,0.03757949958438051,0.09400217987481399,-0.31238218043752103,4.938292058096455
9.4002179874814,0.04128981146139135,0.09400217987481399,-0.37711175167913985,4.896710368507123
9.4002179874814,0.04500012333840219,0.09400217987481399,-0.4479315725701366,4.851033402361622
9.4002179874814,0.04871043521541303,0.09400217987481399,-0.5248416431105114,4.800765135988528
9.4002179874814,0.05242074709242387,0.09400217987481399,-0.6078419633002641,4.745329935664317
9.4002179874814,0.05613105896943471,0.09400217987481399,-0.6969325331393948,4.68405423695673
9.4002179874814,0.05984137084644555,0.09400217987481399,-0.7921133526279035,4.616142730361715
9.4002179874814,0.06355168272345639,0.09400217987481399,-0.8933844217657902,4.5406472702349365
9.4002179874814,0.06726199460046722,0.09400217987481399,-1.0007457405530547,4.456426198022119
9.4002179874814,0.07097230647747807,0.09400217987481399,-1.1141973089896973,4.362091152030529
9.4002179874814,0.0746826183544889,0.09400217987481399,-1.2337391270757179,4.255937767476966
9.4002179874814,0.07839293023149975,0.09400217987481399,-1.3593711948111165,4.135856066633825
9.4002179874814,0.08210324210851058,0.09400217987481399,-1.491093512195893,3.999216047006594
9.4002179874814,0.08581355398552143,0.09400217987481399,-1.6289060792300478,3.842724477221644
9.4002179874814,0.08952386586253226,0.09400217987481399,-1.7728088959135802,3.662251074574727
9.4002179874814,0.09323417773954311,0.09400217987481399,-1.9228019622464907,3.4526275251444103
9.4002179874814,0.09694448961655394,0.09400217987481399,-2.078885278228779,3.2074334729871774
9.4002179874814,0.10065480149356479,0.09400217987481399,-2.2410588438604457,2.9188027294642733
9.4002179874814,0.10436511337057562,0.09400217987481399,-2.40932265914149,2.5773138539382483
9.4002179874814,0.10807542524758647,0.09400217987481399,-2.5836767240719127,2.1720734123977365
9.4002179874814,0.1117857371245973,0.09400217987481399,-2.7641210386517128,1.6911524363230244
9.4002179874814,0.11549604900160815,0.09400217987481399,-2.9506556028808912,1.122576583899774
9.4002179874814,0.11920636087861898,0.09400217987481399,-3.1432804167594477,0.4560533147589305
9.4002179874814,0.12291667275562983,0.09400217987481399,-3.341995480287382,-0.3145240851386808
9.4002179874814,0.12662698463264066,0.09400217987481399,-3.5468007934646946,-1.1880856846568475
9.4002179874814,0.1303372965096515,0.09400217987481399,-3.7576963562913845,-2.1536801310660474
9.4002179874814,0.13404760838666235,0.09400217987481399,-3.9746821687674534,-3.189236674564578
9.4002179874814,0.13775792026367317,0.09400217987481399,-4.197758230892899,-4.26290753422816
9.4002179874814,0.14146823214068402,0.09400217987481399,-4.426924542667724,-5.337279911972977
9.4002179874814,0.14517854401769487,0.09400217987481399,-4.662181104091926,-6.375425010026096
9.4002179874814,0.1488888558947057,0.09400217987481399,-4.9035279151655065,-7.346764953206427
9.4002179874814,0.15259916777171653,0.09400217987481399,-5.1509649758884635,-8.230837333381512
9.4002179874814,0.15630947964872738,0.09400217987481399,-5.4044922862608,-9.018145270179481
9.4002179874814,0.16001979152573823,0.09400217987481399,-5.664109846282515,-9.70857362318644
9.4002179874814,0.16373010340274907,0.09400217987481399,-5.929817655953607,-10.30855503300453
9.4002179874814,0.1674404152797599,0.09400217987481399,-6.201615715274076,-10.82812803484359
9.4002179874814,0.17115072715677074,0.09400217987481399,-6.479504024243924,-11.27857769776733
9.4002179874814,0.17486103903378158,0.09400217987481399,-6.763482582863151,-11.670876093344669
9.4002179874814,0.17857135091079243,0.09400217987481399,-7.053551391131755,-12.014839819624529
9.4002179874814,0.18228166278780325,0.09400217987481399,-7.349710449049737,-12.318804989748038
9.4002179874814,0.1859919746648141,0.09400217987481399,-7.651959756617096,-12.589618877069343
9.4002179874814,0.18970228654182494,0.09400217987481399,-7.960299313833835,-12.832794179316005
9.4002179874814,0.1934125984188358,0.09400217987481399,-8.274729120699952,-13.052725501966611
9.4002179874814,0.1971229102958466,0.09400217987481399,-8.595249177215445,-13.252910907446687
9.4002179874814,0.20083322217285746,0.09400217987481399,-8.921859483380315,-13.436150737265137
9.4002179874814,0.2045435340498683,0.09400217987481399,-9.254560039194567,-13.604713597061656
9.4002179874814,0.20825384592687915,0.09400217987481399,-9.593350844658195,-13.76046893023746
9.4002179874814,0.21196415780388997,0.09400217987481399,-9.9382318997712,-13.904990075086744
9.4002179874814,0.21567446968090082,0.09400217987481399,-10.289203204533584,-14.0396332977283
9.4002179874814,0.21938478155791166,0.09400217987481399,-10.646264758945346,-14.165598416162576
9.4002179874814,0.2230950934349225,0.09400217987481399,-11.009416563006486,-14.283976101412717
9.4002179874814,0.22680540531193333,0.09400217987481399,-11.378658616717003,-14.395786210539795
9.4002179874814,0.23051571718894417,0.09400217987481399,-11.753990920076898,-14.50201080121403
9.4002179874814,0.23422602906595502,0.09400217987481399,-12.135413473086173,-14.603624899979549
9.4002179874814,0.23793634094296587,0.09400217987481399,-12.522926275744826,-14.701627679211503
9.4002179874814,0.2416466528199767,0.09400217987481399,-12.916529328052853,-14.797076436944026
9.4002179874814,0.24535696469698753,0.09400217987481399,-13.316222630010262,-14.891125642963486
9.4002179874814,0.24906727657399838,0.09400217987481399,-13.722006181617049,-14.985073268366177
9.4002179874814,0.2527775884510092,0.09400217987481399,-14.133879982873214,-15.080416583272743
9.4002179874814,0.25648790032802005,0.09400217987481399,-14.551844033778751,-15.178919476963127
9.4002179874814,0.2601982122050309,0.09400217987481399,-14.975898334333676,-15.282692948997239
9.4002179874814,0.26390852408204174,0.09400217987481399,-15.406042884537971,-15.394289460612983
9.4002179874814,0.26761883595905256,0.09400217987481399,-15.842277684391643,-15.516809901219942
9.4002179874814,0.27132914783606343,0.09400217987481399,-16.2846027338947,-15.654018413539353
9.4002179874814,0.27503945971307425,0.09400217987481399,-16.73301803304713,-15.8104544548714
9.4002179874814,0.27874977159008507,0.09400217987481399,-17.187523581848936,-15.991522415166243
9.4002179874814,0.28246008346709595,0.09400217987481399,-17.64811938030013,-16.20352634043094
9.4002179874814,0.28617039534410676,0.09400217987481399,-18.114805428400693,-16.453601426844354
9.4002179874814,0.28988070722111764,0.09400217987481399,-18.587581726150642,-16.74947813433479
9.4002179874814,0.29359101909812846,0.09400217987481399,-19.06644827354996,-17.09900672232062
9.4002179874814,0.2973013309751393,0.09400217987481399,-19.551405070598655,-17.50938343066972
9.4002179874814,0.30101164285215015,0.09400217987481399,-20.04245211729674,-17.986072481281553
9.4002179874814,0.30472195472916097,0.09400217987481399,-20.53958941364419,-18.531524224291818
10.788094838950434,0.011607316445304631,0.10788094838950434,-0.029428195201235116,5.3522248951555165
10.788094838950434,0.015317628322315471,0.10788094838950434,-0.0512487212622813,5.330418271594797
10.788094838950434,0.01902794019932631,0.10788094838950434,-0.07908307262218474,5.306656309409909
10.788094838950434,0.02273825207633715,0.10788094838950434,-0.11293124928094543,5.280734045360773
10.788094838950434,0.02644856395334799,0.10788094838950434,-0.15279325123856344,5.25242117114593
10.788094838950434,0.03015887583035883,0.10788094838950434,-0.19866907849503868,5.221457979935544
10.788094838950434,0.03386918770736967,0.10788094838950434,-0.25055873105037124,5.187550402851148
10.788094838950434,0.03757949958438051,0.10788094838950434,-0.308462208904561,5.1503638638919895
10.788094838950434,0.04128981146139135,0.10788094838950434,-0.3723795120576081,5.109515589885006
10.788094838950434,0.04500012333840219,0.10788094838950434,-0.4423106405095124,5.064564888822585
10.788094838950434,0.04871043521541303,0.10788094838950434,-0.518255594260274,5.015000745742223
10.788094838950434,0.05242074709242387,0.10788094838950434,-0.6002143733098929,4.960225868248202
10.788094838950434,0.05613105896943471,0.10788094838950434,-0.688186977658369,4.89953603020603
10.788094838950434,0.05984137084644555,0.10788094838950434,-0.7821734073057024,4.832093197832355
10.788094838950434,0.06355168272345639,0.10788094838950434,-0.8821736622518931,4.756890465755348
10.788094838950434,0.06726199460046722,0.10788094838950434,-0.9881877424969409,4.672706279456055
10.788094838950434,0.07097230647747807,0.10788094838950434,-1.100215648040846,4.578044795441245
10.788094838950434,0.0746826183544889,0.10788094838950434,-1.2182573788836084,4.471058599837497
10.788094838950434,0.07839293023149975,0.10788094838950434,-1.3423129350252283,4.349449529863237
10.788094838950434,0.08210324210851058,0.10788094838950434,-1.4723823164657053,4.2103433468095615
10.788094838950434,0.08581355398552143,0.10788094838950434,-1.6084655232050398,4.050135103058186
10.788094838950434,0.08952386586253226,0.10788094838950434,-1.7505625552432311,3.864305290879005
10.788094838950434,0.09323417773954311,0.10788094838950434,-1.89867341258028,3.6472139755032256
10.788094838950434,0.09694448961655394,0.10788094838950434,-2.052798095216186,3.391893625085177
10.788094838950434,0.10065480149356479,0.10788094838950434,-2.212936603150949,3.0898844291116365
10.788094838950434,0.10436511337057562,0.10788094838950434,-2.3790889363845698,2.731191318763913
10.788094838950434,0.10807542524758647,0.10788094838950434,-2.5512550949170483,2.3044890935974287
10.788094838950434,0.1117857371245973,0.10788094838950434,-2.729435078748383,1.797751044515816
10.788094838950434,0.11549604900160815,0.10788094838950434,-2.9136288878785757,1.1994987885636312
10.788094838950434,0.11920636087861898,0.10788094838950434,-3.103836522307625,0.500812746567991
10.788094838950434,0.12291667275562983,0.10788094838950434,-3.3000579820355322,-0.3019653584765891
10.788094838950434,0.12662698463264066,0.10788094838950434,-3.502293267062296,-1.2042977867318132
10.788094838950434,0.1303372965096515,0.10788094838950434,-3.7105423773879176,-2.1912196248814135
10.788094838950434,0.13404760838666235,0.10788094838950434,-3.924805313012397,-3.2370081702340734
10.788094838950434,0.13775792026367317,0.10788094838950434,-4.145082073935732,-4.307609462078314
10.788094838950434,0.14146823214068402,0.10788094838950434,-4.371372660157926,-5.365628857501057
10.788094838950434,0.14517854401769487,0.10788094838950434,-4.603677071678976,-6.37642958855397
10.788094838950434,0.1488888558947057,0.10788094838950434,-4.841995308498885,-7.313276197509629
10.788094838950434,0.15259916777171653,0.10788094838950434,-5.086327370617648,-8.159981427137739
10.788094838950434,0.15630947964872738,0.10788094838950434,-5.336673258035272,-8.910761173886407
10.788094838950434,0.16001979152573823,0.10788094838950434,-5.593032970751752,-9.568101334862709
10.788094838950434,0.16373010340274907,0.10788094838950434,-5.855406508767089,-10.139842000245201
10.788094838950434,0.1674404152797599,0.10788094838950434,-6.123793872081281,-10.63645358612575
10.788094838950434,0.17115072715677074,0.10788094838950434,-6.398195060694333,-11.069000420898568
10.788094838950434,0.17486103903378158,0.10788094838950434,-6.678610074606243,-11.44787861786516
10.788094838950434,0.17857135091079243,0.10788094838950434,-6.965038913817009,-11.78219145112547
10.788094838950434,0.18228166278780325,0.10788094838950434,-7.257481578326631,-12.079559201728173
10.788094838950434,0.1859919746648141,0.10788094838950434,-7.555938068135111,-12.346181096635307
10.788094838950434,0.18970228654182494,0.10788094838950434,-7.860408383242451,-12.587017465243004
10.788094838950434,0.1934125984188358,0.10788094838950434,-8.170892523648646,-12.806009782415442
10.788094838950434,0.1971229102958466,0.10788094838950434,-8.487390489353697,-13.006293722714004
10.788094838950434,0.20083322217285746,0.10788094838950434,-8.809902280357607,-13.190384803785417
10.788094838950434,0.2045435340498683,0.10788094838950434,-9.138427896660374,-13.360330469288492
10.788094838950434,0.20825384592687915,0.10788094838950434,-9.472967338261999,-13.517829895345598
10.788094838950434,0.21196415780388997,0.10788094838950434,-9.813520605162479,-13.664326094187127
10.788094838950434,0.21567446968090082,0.10788094838950434,-10.160087697361817,-13.801075883598934
10.788094838950434,0.21938478155791166,0.10788094838950434,-10.512668614860015,-13.929203142405521
10.788094838950434,0.2230950934349225,0.10788094838950434,-10.871263357657067,-14.049740146829425
10.788094838950434,0.22680540531193333,0.10788094838950434,-11.235871925752976,-14.16366103991242
10.788094838950434,0.23051571718894417,0.10788094838950434,-11.606494319147744,-14.271910804605705
10.788094838950434,0.23422602906595502,0.10788094838950434,-11.98313053784137,-14.375432567091492
10.788094838950434,0.23793634094296587,0.10788094838950434,-12.365780581833853,-14.475195671991502
10.788094838950434,0.2416466528199767,0.10788094838950434,-12.75444445112519,-14.572226737687643
10.788094838950434,0.24535696469698753,0.10788094838950434,-13.149122145715388,-14.66764579269535
10.788094838950434,0.24906727657399838,0.10788094838950434,-13.549813665604443,-14.762709571770165
10.788094838950434,0.2527775884510092,0.10788094838950434,-13.956519010792357,-14.85886405023057
10.788094838950434,0.25648790032802005,0.10788094838950434,-14.36923818127912,-14.957808218112289
10.788094838950434,0.2601982122050309,0.10788094838950434,-14.787971177064753,-15.061570784921447
10.788094838950434,0.26390852408204174,0.10788094838950434,-15.212717998149232,-15.172600712505968
10.788094838950434,0.26761883595905256,0.10788094838950434,-15.643478644532568,-15.293870817985377
10.788094838950434,0.27132914783606343,0.10788094838950434,-16.08025311621477,-15.428990620857276
10.788094838950434,0.27503945971307425,0.10788094838950434,-16.523041413195827,-15.582319399893814
10.788094838950434,0.27874977159008507,0.10788094838950434,-16.971843535475735,-15.759062253386983
10.788094838950434,0.28246008346709595,0.10788094838950434,-17.426659483054507,-15.96532019829226
10.788094838950434,0.28617039534410676,0.10788094838950434,-17.88748925593213,-16.208050264858457
10.788094838950434,0.28988070722111764,0.10788094838950434,-18.35433285410862,-16.49487556487211
10.788094838950434,0.29359101909812846,0.10788094838950434,-18.82719027758396,-16.83367484502337
10.788094838950434,0.2973013309751393,0.10788094838950434,-19.306061526358157,-17.2318881586387
10.788094838950434,0.30101164285215015,0.10788094838950434,-19.790946600431216,-17.695517118287274
10.788094838950434,0.30472195472916097,0.10788094838950434,-20.281845499803126,-18.227890226164554
12.175971690419468,0.011607316445304631,0.12175971690419468,-0.029054218473697234,5.561386803397403
12.175971690419468,0.015317628322315471,0.12175971690419468,-0.05059744689981667,5.540172900217816
12.175971690419468,0.01902794019932631,0.12175971690419468,-0.07807807627427264,5.517017279777357
12.175971690419468,0.02273825207633715,0.12175971690419468,-0.11149610659706517,5.491714977485386
12.175971690419468,0.02644856395334799,0.12175971690419468,-0.1508515378681943,5.4640349660078575
12.175971690419468,0.03015887583035883,0.12175971690419468,-0.19614437008765995,5.433715763371365
12.175971690419468,0.03386918770736967,0.12175971690419468,-0.2473746032554622,5.400460009106797
12.175971690419468,0.03757949958438051,0.12175971690419468,-0.30454223737160097,5.363927697037256
12.175971690419468,0.04128981146139135,0.12175971690419468,-0.3676472724360763,5.323727649209373
12.175971690419468,0.04500012333840219,0.12175971690419468,-0.43668970844888816,5.279406676792923
12.175971690419468,0.04871043521541303,0.12175971690419468,-0.5116695454100366,5.230435690277431
12.175971690419468,0.05242074709242387,0.12175971690419468,-0.5925867833195216,5.176191780795405
12.175971690419468,0.05613105896943471,0.12175971690419468,-0.6794414221773432,5.11593498346958
12.175971690419468,0.05984137084644555,0.12175971690419468,-0.7722334619835012,5.048778039593997
12.175971690419468,0.06355168272345639,0.12175971690419468,-0.8709629027379959,4.973646989633918
12.175971690419468,0.06726199460046722,0.12175971690419468,-0.975629744440827,4.889229860054175
12.175971690419468,0.07097230647747807,0.12175971690419468,-1.0862339870919948,4.793910091789651
12.175971690419468,0.0746826183544889,0.12175971690419468,-1.202775630691499,4.685680797140651
12.175971690419468,0.07839293023149975,0.12175971690419468,-1.32525467523934,4.562035641559581
12.175971690419468,0.08210324210851058,0.12175971690419468,-1.4536711207355173,4.4198325477660605
12.175971690419468,0.08581355398552143,0.12175971690419468,-1.5880249671800315,4.255128269979326
12.175971690419468,0.08952386586253226,0.12175971690419468,-1.7283162145728819,4.062986461354801
12.175971690419468,0.09323417773954311,0.12175971690419468,-1.8745448629140689,3.837271138974546
12.175971690419468,0.09694448961655394,0.12175971690419468,-2.0267109122035927,3.5704541799954077
12.175971690419468,0.10065480149356479,0.12175971690419468,-2.1848143624414527,3.2534927294081495
12.175971690419468,0.10436511337057562,0.12175971690419468,-2.3488552136276493,2.87587191979737
12.175971690419468,0.10807542524758647,0.12175971690419468,-2.518833465762183,2.425956584033208
12.175971690419468,0.1117857371245973,0.12175971690419468,-2.6947491188450527,1.891836748908928
12.175971690419468,0.11549604900160815,0.12175971690419468,-2.876602172876259,1.2628484382780167
12.175971690419468,0.11920636087861898,0.12175971690419468,-3.0643926278558022,0.5318430503382816
12.175971690419468,0.12291667275562983,0.12175971690419468,-3.258120483783682,-0.3019955675058117
12.175971690419468,0.12662698463264066,0.12175971690419468,-3.4577857406598977,-1.2304200586602942
12.175971690419468,0.1303372965096515,0.12175971690419468,-3.66338839848445,-2.2345296544098874
12.175971690419468,0.13404760838666235,0.12175971690419468,-3.87492845725734,-3.28543831240381
12.175971690419468,0.13775792026367317,0.12175971690419468,-4.0924059169785645,-4.347704272512752
12.175971690419468,0.14146823214068402,0.12175971690419468,-4.315820777648128,-5.384841585579616
12.175971690419468,0.14517854401769487,0.12175971690419468,-4.545173039266026,-6.365160760773956
12.175971690419468,0.1488888558947057,0.12175971690419468,-4.7804627018322625,-7.266003230090257
12.175971690419468,0.15259916777171653,0.12175971690419468,-5.021689765346833,-8.075287396053229
12.175971690419468,0.15630947964872738,0.12175971690419468,-5.268854229809742,-8.790530804873889
12.175971690419468,0.16001979152573823,0.12175971690419468,-5.521956095220988,-9.41635636596084
12.175971690419468,0.16373010340274907,0.12175971690419468,-5.78099536158057,-9.961623984026238
12.175971690419468,0.1674404152797599,0.12175971690419468,-6.045972028888486,-10.436974737187827
12.175971690419468,0.17115072715677074,0.12175971690419468,-6.316886097144741,-10.853110998645105
12.175971690419468,0.17486103903378158,0.12175971690419468,-6.593737566349334,-11.219800421602791
12.175971690419468,0.17857135091079243,0.12175971690419468,-6.876526436502261,-11.545435086080202
12.175971690419468,0.18228166278780325,0.12175971690419468,-7.165252707603526,-11.836949349225142
12.175971690419468,0.1859919746648141,0.12175971690419468,-7.459916379653126,-12.099934453848514
12.175971690419468,0.18970228654182494,0.12175971690419468,-7.760517452651064,-12.338838597996302
12.175971690419468,0.1934125984188358,0.12175971690419468,-8.06705592659734,-12.557185769872016
12.175971690419468,0.1971229102958466,0.12175971690419468,-8.379531801491948,-12.75777865266143
12.175971690419468,0.20083322217285746,0.12175971690419468,-8.697945077334895,-12.942871083257206
12.175971690419468,0.2045435340498683,0.12175971690419468,-9.02229575412618,-13.114306974233537
12.175971690419468,0.20825384592687915,0.12175971690419468,-9.3525838318658,-13.273628339188946
12.175971690419468,0.21196415780388997,0.12175971690419468,-9.688809310553756,-13.422157421827112
12.175971690419468,0.21567446968090082,0.12175971690419468,-10.03097219019005,-13.561058465253538
12.175971690419468,0.21938478155791166,0.12175971690419468,-10.37907247077468,-13.6913843144457
12.175971690419468,0.2230950934349225,0.12175971690419468,-10.733110152307647,-13.814112360420863
12.175971690419468,0.22680540531193333,0.12175971690419468,-11.093085234788948,-13.93017359601649
12.175971690419468,0.23051571718894417,0.12175971690419468,-11.458997718218589,-14.040477899718418
12.175971690419468,0.23422602906595502,0.12175971690419468,-11.830847602596565,-14.145938152835871
12.175971690419468,0.23793634094296587,0.12175971690419468,-12.208634887922878,-14.247495439904492
12.175971690419468,0.2416466528199767,0.12175971690419468,-12.592359574197527,-14.346147372642246
12.175971690419468,0.24535696469698753,0.12175971690419468,-12.982021661420513,-14.442981490126481
12.175971690419468,0.24906727657399838,0.12175971690419468,-13.377621149591835,-14.539215685078263
12.175971690419468,0.2527775884510092,0.12175971690419468,-13.779158038711497,-14.63624763243072
12.175971690419468,0.25648790032802005,0.12175971690419468,-14.186632328779488,-14.73571516449487
12.175971690419468,0.2601982122050309,0.12175971690419468,-14.600044019795826,-14.83956930765967
12.175971690419468,0.26390852408204174,0.12175971690419468,-15.019393111760492,-14.950161047277577
12.175971690419468,0.26761883595905256,0.12175971690419468,-15.444679604673492,-15.07034147857397
12.175971690419468,0.27132914783606343,0.12175971690419468,-15.87590349853484,-15.203572331101478
12.175971690419468,0.27503945971307425,0.12175971690419468,-16.313064793344516,-15.354039244519967
12.175971690419468,0.27874977159008507,0.12175971690419468,-16.756163489102526,-15.526752825749924
12.175971690419468,0.28246008346709595,0.12175971690419468,-17.205199585808884,-15.727611744691755
12.175971690419468,0.28617039534410676,0.12175971690419468,-17.66017308346357,-15.96338792387983
12.175971690419468,0.28988070722111764,0.12175971690419468,-18.121083982066597,-16.241578029809343
12.175971690419468,0.29359101909812846,0.12175971690419468,-18.587932281617956,-16.570053240523897
12.175971690419468,0.2973013309751393,0.12175971690419468,-19.06071798211765,-16.95644116034751
12.175971690419468,0.30101164285215015,0.12175971690419468,-19.53944108356569,-17.407205690308295
12.175971690419468,0.30472195472916097,0.12175971690419468,-20.024101585962057,-17.92646910761484
13.5638485418885,0.011607316445304631,0.135638485418885,-0.02868024174615936,5.772146468934592
13.5638485418885,0.015317628322315471,0.135638485418885,-0.04994617253735205,5.751473690841268
13.5638485418885,0.01902794019932631,0.135638485418885,-0.07707307992636057,5.728870379299507
13.5638485418885,0.02273825207633715,0.135638485418885,-0.11006096391318494,5.704130957810315
13.5638485418885,0.02644856395334799,0.135638485418885,-0.14890982449782517,5.677022903078339
13.5638485418885,0.03015887583035883,0.135638485418885,-0.19361966168028125,5.647281967364214
13.5638485418885,0.03386918770736967,0.135638485418885,-0.2441904754605532,5.614606233102784
13.5638485418885,0.03757949958438051,0.135638485418885,-0.30062226583864093,5.5786486445050985
13.5638485418885,0.04128981146139135,0.135638485418885,-0.3629150328145445,5.539007543558493
13.5638485418885,0.04500012333840219,0.135638485418885,-0.43106877638826396,5.495214582551291
13.5638485418885,0.04871043521541303,0.135638485418885,-0.5050834965597992,5.446719181270306
13.5638485418885,0.05242074709242387,0.135638485418885,-0.5849591933291504,5.3928684320627776
13.5638485418885,0.05613105896943471,0.135638485418885,-0.6706958666963174,5.332881017296889
13.5638485418885,0.05984137084644555,0.135638485418885,-0.7622935166613002,5.265813281078748
13.5638485418885,0.06355168272345639,0.135638485418885,-0.8597521432240989,5.1905150884851805
13.5638485418885,0.06726199460046722,0.135638485418885,-0.9630717463847132,5.105572529329895
13.5638485418885,0.07097230647747807,0.135638485418885,-1.0722523261431436,5.009233939815078
13.5638485418885,0.0746826183544889,0.135638485418885,-1.1872938824993897,4.899315264923391
13.5638485418885,0.07839293023149975,0.135638485418885,-1.3081964154534518,4.773080752636543
13.5638485418885,0.08210324210851058,0.135638485418885,-1.4349599250053295,4.6270958907923765
13.5638485418885,0.08581355398552143,0.135638485418885,-1.5675844111550234,4.457052296548862
13.5638485418885,0.08952386586253226,0.135638485418885,-1.7060698739025328,4.257570452494721
13.5638485418885,0.09323417773954311,0.135638485418885,-1.8504163132478582,4.021997982492288
13.5638485418885,0.09694448961655394,0.135638485418885,-2.0006237291909996,3.7422414335204524
13.5638485418885,0.10065480149356479,0.135638485418885,-2.1566921217319566,3.4087009562470323
13.5638485418885,0.10436511337057562,0.135638485418885,-2.318621490870729,3.010419980929459
13.5638485418885,0.10807542524758647,0.135638485418885,-2.4864118366073185,2.5356085121307688
13.5638485418885,0.1117857371245973,0.135638485418885,-2.6600631589417225,1.9727260733283287
13.5638485418885,0.11549604900160815,0.135638485418885,-2.839575457873943,1.3122729596689011
13.5638485418885,0.11920636087861898,0.135638485418885,-3.0249487334039795,0.5492732791460055
13.5638485418885,0.12291667275562983,0.135638485418885,-3.216182985531832,-0.3139017049562025
13.5638485418885,0.12662698463264066,0.135638485418885,-3.4132782142574998,-1.2651657607211277
13.5638485418885,0.1303372965096515,0.135638485418885,-3.6162344195809832,-2.281915435805219
13.5638485418885,0.13404760838666235,0.135638485418885,-3.8250516015022837,-3.3327277575470786
13.5638485418885,0.13775792026367317,0.135638485418885,-4.039729760021398,-4.381639960213584
13.5638485418885,0.14146823214068402,0.135638485418885,-4.2602688951383305,-5.393892548742987
13.5638485418885,0.14517854401769487,0.135638485418885,-4.486669006853077,-6.3412406294903745
13.5638485418885,0.1488888558947057,0.135638485418885,-4.718930095165641,-7.205171644392332
13.5638485418885,0.15259916777171653,0.135638485418885,-4.957052160076018,-7.977431952466577
13.5638485418885,0.15630947964872738,0.135638485418885,-5.201035201584213,-8.658397299318382
13.5638485418885,0.16001979152573823,0.135638485418885,-5.450879219690225,-9.254387536389709
13.5638485418885,0.16373010340274907,0.135638485418885,-5.706584214394051,-9.774943183435251
13.5638485418885,0.1674404152797599,0.135638485418885,-5.968150185695692,-10.230663230944687
13.5638485418885,0.17115072715677074,0.135638485418885,-6.23557713359515,-10.631783742187823
13.5638485418885,0.17486103903378158,0.135638485418885,-6.508865058092425,-10.98741463861215
13.5638485418885,0.17857135091079243,0.135638485418885,-6.788013959187515,-11.305251140372016
13.5638485418885,0.18228166278780325,0.135638485418885,-7.07302383688042,-11.591576467049581
13.5638485418885,0.1859919746648141,0.135638485418885,-7.363894691171141,-11.851414636547831
13.5638485418885,0.18970228654182494,0.135638485418885,-7.66062652205968,-12.088740627119106
13.5638485418885,0.1934125984188358,0.135638485418885,-7.963219329546034,-12.30669452279949
13.5638485418885,0.1971229102958466,0.135638485418885,-8.2716731136302,-12.507773289270897
13.5638485418885,0.20083322217285746,0.135638485418885,-8.585987874312185,-12.69399034289445
13.5638485418885,0.2045435340498683,0.135638485418885,-8.906163611591987,-12.867002148498683
13.5638485418885,0.20825384592687915,0.135638485418885,-9.232200325469604,-13.028205444825456
13.5638485418885,0.21196415780388997,0.135638485418885,-9.564098015945035,-13.178810331792066
13.5638485418885,0.21567446968090082,0.135638485418885,-9.901856683018284,-13.319894645918417
13.5638485418885,0.21938478155791166,0.135638485418885,-10.24547632668935,-13.452444571374068
13.5638485418885,0.2230950934349225,0.135638485418885,-10.594956946958229,-13.577385718816501
13.5638485418885,0.22680540531193333,0.135638485418885,-10.950298543824921,-13.695608180849794
13.5638485418885,0.23051571718894417,0.135638485418885,-11.311501117289435,-13.807988450252074
13.5638485418885,0.23422602906595502,0.135638485418885,-11.678564667351763,-13.915410607688708
13.5638485418885,0.23793634094296587,0.135638485418885,-12.051489194011907,-14.01878885694559
13.5638485418885,0.2416466528199767,0.135638485418885,-12.430274697269864,-14.119093296786604
13.5638485418885,0.24535696469698753,0.135638485418885,-12.814921177125639,-14.217380747046764
13.5638485418885,0.24906727657399838,0.135638485418885,-13.205428633579231,-14.31483245934063
13.5638485418885,0.2527775884510092,0.135638485418885,-13.60179706663064,-14.412800590439772
13.5638485418885,0.25648790032802005,0.135638485418885,-14.004026476279858,-14.512865321990262
13.5638485418885,0.2601982122050309,0.135638485418885,-14.412116862526902,-14.616904350496384
13.5638485418885,0.26390852408204174,0.135638485418885,-14.826068225371753,-14.727175949371711
13.5638485418885,0.26761883595905256,0.135638485418885,-15.245880564814419,-14.846415613799522
13.5638485418885,0.27132914783606343,0.135638485418885,-15.67155388085491,-14.977943984148311
13.5638485418885,0.27503945971307425,0.135638485418885,-16.103088173493212,-15.125779677178677
13.5638485418885,0.27874977159008507,0.135638485418885,-16.540483442729325,-15.294744070159181
13.5638485418885,0.28246008346709595,0.135638485418885,-16.98373968856326,-15.490535256152105
13.5638485418885,0.28617039534410676,0.135638485418885,-17.432856910995007,-15.719735106409248
13.5638485418885,0.28988070722111764,0.135638485418885,-17.88783511002458,-15.98969788845125
13.5638485418885,0.29359101909812846,0.135638485418885,-18.348674285651956,-16.3082554438639
13.5638485418885,0.2973013309751393,0.135638485418885,-18.81537443787715,-16.68317157089438
13.5638485418885,0.30101164285215015,0.135638485418885,-19.28793556670017,-17.121301526923784
13.5638485418885,0.30472195472916097,0.135638485418885,-19.766357672120993,-17.627478201068925
14.951725393357535,0.011607316445304631,0.14951725393357534,-0.028306265018621483,5.984187554413315
14.951725393357535,0.015317628322315471,0.14951725393357534,-0.049294898174887435,5.9640034422962716
14.951725393357535,0.01902794019932631,0.14951725393357534,-0.0760680835784485,5.941897385530647
14.951725393357535,0.02273825207633715,0.14951725393357534,-0.1086258212293047,5.917662524023329
14.951725393357535,0.02644856395334799,0.14951725393357534,-0.14696811112745606,5.8910639822543605
14.951725393357535,0.03015887583035883,0.14951725393357534,-0.19109495327290252,5.861833653232879
14.951725393357535,0.03386918770736967,0.14951725393357534,-0.2410063476656442,5.8296636636119326
14.951725393357535,0.03757949958438051,0.14951725393357534,-0.2967022943056809,5.794198116464591
14.951725393357535,0.04128981146139135,0.14951725393357534,-0.35818279319301277,5.7550225766798
14.951725393357535,0.04500012333840219,0.14951725393357534,-0.42544784432763977,5.71165059089977
14.951725393357535,0.04871043521541303,0.14951725393357534,-0.49849744770956195,5.663506308376969
14.951725393357535,0.05242074709242387,0.14951725393357534,-0.5773316033387792,5.609901978995456
14.951725393357535,0.05613105896943471,0.14951725393357534,-0.6619503112152916,5.550008738588089
14.951725393357535,0.05984137084644555,0.14951725393357534,-0.7523535713390991,5.48281864283665
14.951725393357535,0.06355168272345639,0.14951725393357534,-0.8485413837102018,5.407095385332281
14.951725393357535,0.06726199460046722,0.14951725393357534,-0.9505137483285994,5.321310566377789
14.951725393357535,0.07097230647747807,0.14951725393357534,-1.0582706651942924,5.223561855346265
14.951725393357535,0.0746826183544889,0.14951725393357534,-1.1718121343072803,5.111469101182617
14.951725393357535,0.07839293023149975,0.14951725393357534,-1.2911381556675636,4.982044761609868
14.951725393357535,0.08210324210851058,0.14951725393357534,-1.4162487292751418,4.831536605370269
14.951725393357535,0.08581355398552143,0.14951725393357534,-1.5471438551300154,4.655244610501954
14.951725393357535,0.08952386586253226,0.14951725393357534,-1.6838235332321838,4.447322077060758
14.951725393357535,0.09323417773954311,0.14951725393357534,-1.8262877635816475,4.200585633122968
14.951725393357535,0.09694448961655394,0.14951725393357534,-1.9745365461784063,3.906382855875192
14.951725393357535,0.10065480149356479,0.14951725393357534,-2.1285698810224605,3.554601551256499
14.951725393357535,0.10436511337057562,0.14951725393357534,-2.288387768113809,3.1339490804429273
14.951725393357535,0.10807542524758647,0.14951725393357534,-2.453990207452454,2.6326710409359846
14.951725393357535,0.1117857371245973,0.14951725393357534,-2.6253771990383927,2.0398854585869417
14.951725393357535,0.11549604900160815,0.14951725393357534,-2.8025487428716276,1.3476288064977802
14.951725393357535,0.11920636087861898,0.14951725393357534,-2.9855048389521572,0.5534847359904822
14.951725393357535,0.12291667275562983,0.14951725393357534,-3.174245487279982,-0.33671569256858214
14.951725393357535,0.12662698463264066,0.14951725393357534,-3.368770687855102,-1.3070497558043315
14.951725393357535,0.1303372965096515,0.14951725393357534,-3.5690804406775167,-2.3315980673627816
14.951725393357535,0.13404760838666235,0.14951725393357534,-3.7751747457472273,-3.377134455290819
14.951725393357535,0.13775792026367317,0.14951725393357534,-3.987053603064232,-4.408042898268693
14.951725393357535,0.14146823214068402,0.14951725393357534,-4.2047170126285325,-5.3919969704503306
14.951725393357535,0.14517854401769487,0.14951725393357534,-4.4281649744401275,-6.3045266409898515
14.951725393357535,0.1488888558947057,0.14951725393357534,-4.657397488499019,-7.131188243170765
14.951725393357535,0.15259916777171653,0.14951725393357534,-4.892414554805204,-7.867200482978748
14.951725393357535,0.15630947964872738,0.14951725393357534,-5.133216173358686,-8.515346139634532
14.951725393357535,0.16001979152573823,0.14951725393357534,-5.379802344159462,-9.083237924632177
14.951725393357535,0.16373010340274907,0.14951725393357534,-5.632173067207534,-9.580807621434992
14.951725393357535,0.1674404152797599,0.14951725393357534,-5.890328342502897,-10.018443742866777
14.951725393357535,0.17115072715677074,0.14951725393357534,-6.15426817004556,-10.405843111955456
14.951725393357535,0.17486103903378158,0.14951725393357534,-6.423992549835518,-10.75144728194474
14.951725393357535,0.17857135091079243,0.14951725393357534,-6.699501481872769,-11.06227801100667
14.951725393357535,0.18228166278780325,0.14951725393357534,-6.980794966157315,-11.344005203114879
14.951725393357535,0.1859919746648141,0.14951725393357534,-7.267873002689156,-11.601126178973441
14.951725393357535,0.18970228654182494,0.14951725393357534,-7.560735591468295,-11.837179910814694
14.951725393357535,0.1934125984188358,0.14951725393357534,-7.859382732494728,-12.054954027029924
14.951725393357535,0.1971229102958466,0.14951725393357534,-8.163814425768454,-12.256664995361442
14.951725393357535,0.20083322217285746,0.14951725393357534,-8.474030671289476,-12.44410530939668
14.951725393357535,0.2045435340498683,0.14951725393357534,-8.790031469057794,-12.61875864989
14.951725393357535,0.20825384592687915,0.14951725393357534,-9.111816819073407,-12.781887267070472
14.951725393357535,0.21196415780388997,0.14951725393357534,-9.439386721336314,-12.934596906141516
14.951725393357535,0.21567446968090082,0.14951725393357534,-9.772741175846518,-13.077884537773635
14.951725393357535,0.21938478155791166,0.14951725393357534,-10.111880182604017,-13.212673587605602
14.951725393357535,0.2230950934349225,0.14951725393357534,-10.456803741608809,-13.339840633888713
14.951725393357535,0.22680540531193333,0.14951725393357534,-10.807511852860896,-13.46023684224352
14.951725393357535,0.23051571718894417,0.14951725393357534,-11.164004516360281,-13.574706815956175
14.951725393357535,0.23422602906595502,0.14951725393357534,-11.526281732106959,-13.684107090933855
14.951725393357535,0.23793634094296587,0.14951725393357534,-11.894343500100934,-13.789326199823792
14.951725393357535,0.2416466528199767,0.14951725393357534,-12.2681898203422,-13.891308058537689
14.951725393357535,0.24535696469698753,0.14951725393357534,-12.647820692830766,-13.991080370021562
14.951725393357535,0.24906727657399838,0.14951725393357534,-13.033236117566625,-14.089789764988435
14.951725393357535,0.2527775884510092,0.14951725393357534,-13.424436094549783,-14.188745463927438
14.951725393357535,0.25648790032802005,0.14951725393357534,-13.821420623780229,-14.289473281201152
14.951725393357535,0.2601982122050309,0.14951725393357534,-14.224189705257977,-14.393781691474471
14.951725393357535,0.26390852408204174,0.14951725393357534,-14.632743338983014,-14.50384126600223
14.951725393357535,0.26761883595905256,0.14951725393357534,-15.047081524955345,-14.622277786868272
14.951725393357535,0.27132914783606343,0.14951725393357534,-15.46720426317498,-14.752277349011214
14.951725393357535,0.27503945971307425,0.14951725393357534,-15.893111553641905,-14.897698184525296
14.951725393357535,0.27874977159008507,0.14951725393357534,-16.32480339635612,-15.063178063341281
14.951725393357535,0.28246008346709595,0.14951725393357534,-16.762279791317642,-15.254217197141507
14.951725393357535,0.28617039534410676,0.14951725393357534,-17.205540738526448,-15.4772042281687
14.951725393357535,0.28988070722111764,0.14951725393357534,-17.65458623798256,-15.739337932527425
14.951725393357535,0.29359101909812846,0.14951725393357534,-18.109416289685957,-16.048383076305253
14.951725393357535,0.2973013309751393,0.14951725393357534,-18.570030893636652,-16.412193112979804
14.951725393357535,0.30101164285215015,0.14951725393357534,-19.036430049834646,-16.837948196130927
14.951725393357535,0.30472195472916097,0.14951725393357534,-19.508613758279928,-17.331110764881323
16.33960224482657,0.011607316445304631,0.16339602244826568,-0.027932288291083605,6.197201572844136
16.33960224482657,0.015317628322315471,0.16339602244826568,-0.04864362381242281,6.17745312198628
16.33960224482657,0.01902794019932631,0.16339602244826568,-0.07506308723053644,6.1557885366425795
16.33960224482657,0.02273825207633715,0.16339602244826568,-0.10719067854542447,6.131998933421928
16.33960224482657,0.02644856395334799,0.16339602244826568,-0.14502639775708695,6.10584614022644
16.33960224482657,0.03015887583035883,0.16339602244826568,-0.18857024486552382,6.077056983373454
16.33960224482657,0.03386918770736967,0.16339602244826568,-0.23782221987073518,6.045316087879139
16.33960224482657,0.03757949958438051,0.16339602244826568,-0.29278232277272087,6.010256734526863
16.33960224482657,0.04128981146139135,0.16339602244826568,-0.35345055357148103,5.9714491705110175
16.33960224482657,0.04500012333840219,0.16339602244826568,-0.4198269122670156,5.928385578581986
16.33960224482657,0.04871043521541303,0.16339602244826568,-0.4919113988593246,5.880460661607279
16.33960224482657,0.05242074709242387,0.16339602244826568,-0.569704013348408,5.82694648385453
16.33960224482657,0.05613105896943471,0.16339602244826568,-0.6532047557342658,5.766959817846661
16.33960224482657,0.05984137084644555,0.16339602244826568,-0.742413626016898,5.699419774637501
16.33960224482657,0.06355168272345639,0.16339602244826568,-0.8373306241963047,5.622992962037084
16.33960224482657,0.06726199460046722,0.16339602244826568,-0.9379557502724856,5.536022872959289
16.33960224482657,0.07097230647747807,0.16339602244826568,-1.0442890042454411,5.436439778612731
16.33960224482657,0.0746826183544889,0.16339602244826568,-1.156330386115171,5.3216473397019755
16.33960224482657,0.07839293023149975,0.16339602244826568,-1.2740798958816753,5.188382920395994
16.33960224482657,0.08210324210851058,0.16339602244826568,-1.397537533544954,5.032551007718543
16.33960224482657,0.08581355398552143,0.16339602244826568,-1.5267032991050073,4.849034524594756
16.33960224482657,0.08952386586253226,0.16339602244826568,-1.6615771925618348,4.631499147571414
16.33960224482657,0.09323417773954311,0.16339602244826568,-1.8021592139154368,4.37222356839393
16.33960224482657,0.09694448961655394,0.16339602244826568,-1.9484493631658133,4.062016514366749
16.33960224482657,0.10065480149356479,0.16339602244826568,-2.100447640312964,3.690319868722617
16.33960224482657,0.10436511337057562,0.16339602244826568,-2.258154045356889,3.2456409114386533
16.33960224482657,0.10807542524758647,0.16339602244826568,-2.421568578297589,2.716487107652479
16.33960224482657,0.1117857371245973,0.16339602244826568,-2.590691239135063,2.0929555999219414
16.33960224482657,0.11549604900160815,0.16339602244826568,-2.7655220278693116,1.3690001622357835
16.33960224482657,0.11920636087861898,0.16339602244826568,-2.9460609445003345,0.545114711856096
16.33960224482657,0.12291667275562983,0.16339602244826568,-3.1323079890281322,-0.3692337204310061
16.33960224482657,0.12662698463264066,0.16339602244826568,-3.324263161452704,-1.3544318236668886
16.33960224482657,0.1303372965096515,0.16339602244826568,-3.5219264617740498,-2.381771482314789
16.33960224482657,0.13404760838666235,0.16339602244826568,-3.725297889992171,-3.417025635035064
16.33960224482657,0.13775792026367317,0.16339602244826568,-3.934377446107065,-4.425747750972243
16.33960224482657,0.14146823214068402,0.16339602244826568,-4.149165130118735,-5.378612352411227
16.33960224482657,0.14517854401769487,0.16339602244826568,-4.369660942027179,-6.2550905820741045
16.33960224482657,0.1488888558947057,0.16339602244826568,-4.595864881832397,-7.0446095760207905
16.33960224482657,0.15259916777171653,0.16339602244826568,-4.827776949534389,-7.745456000963275
16.33960224482657,0.15630947964872738,0.16339602244826568,-5.065397145133157,-8.362380535202758
16.33960224482657,0.16001979152573823,0.16339602244826568,-5.308725468628698,-8.903928074519893
16.33960224482657,0.16373010340274907,0.16339602244826568,-5.557761920021015,-9.380180930394419
16.33960224482657,0.1674404152797599,0.16339602244826568,-5.812506499310103,-9.80118817652159
16.33960224482657,0.17115072715677074,0.16339602244826568,-6.072959206495969,-10.176060655389852
16.33960224482657,0.17486103903378158,0.16339602244826568,-6.339120041578609,-10.512575498717561
16.33960224482657,0.17857135091079243,0.16339602244826568,-6.610989004558022,-10.817110846198553
16.33960224482657,0.18228166278780325,0.16339602244826568,-6.88856609543421,-11.094762681945022
16.33960224482657,0.1859919746648141,0.16339602244826568,-7.1718513142071725,-11.349541233899313
16.33960224482657,0.18970228654182494,0.16339602244826568,-7.46084466087691,-11.584584742127188
16.33960224482657,0.1934125984188358,0.16339602244826568,-7.7555461354434225,-11.802357684229262
16.33960224482657,0.1971229102958466,0.16339602244826568,-8.055955737906705,-12.004819288222967
16.33960224482657,0.20083322217285746,0.16339602244826568,-8.362073468266766,-12.19355898578099
16.33960224482657,0.2045435340498683,0.16339602244826568,-8.673899326523602,-12.36990104187031
16.33960224482657,0.20825384592687915,0.16339602244826568,-8.991433312677211,-12.534983012323833
16.33960224482657,0.21196415780388997,0.16339602244826568,-9.314675426727593,-12.689813331181034
16.33960224482657,0.21567446968090082,0.16339602244826568,-9.643625668674751,-12.835313088691146
16.33960224482657,0.21938478155791166,0.16339602244826568,-9.978284038518684,-12.972346440038423
16.33960224482657,0.2230950934349225,0.16339602244826568,-10.31865053625939,-13.101743366178685
16.33960224482657,0.22680540531193333,0.16339602244826568,-10.66472516189687,-13.2243178365787
16.33960224482657,0.23051571718894417,0.16339602244826568,-11.016507915431125,-13.340883865616979
16.33960224482657,0.23422602906595502,0.16339602244826568,-11.373998796862157,-13.452271533439337
16.33960224482657,0.23793634094296587,0.16339602244826568,-11.737197806189961,-13.559344758999393
16.33960224482657,0.2416466528199767,0.16339602244826568,-12.106104943414538,-13.663022456759508
16.33960224482657,0.24535696469698753,0.16339602244826568,-12.480720208535892,-13.764304660514963
16.33960224482657,0.24906727657399838,0.16339602244826568,-12.861043601554021,-13.8643052317936
16.33960224482657,0.2527775884510092,0.16339602244826568,-13.247075122468924,-13.964292847917863
16.33960224482657,0.25648790032802005,0.16339602244826568,-13.638814771280598,-14.06574202642235
16.33960224482657,0.2601982122050309,0.16339602244826568,-14.036262547989054,-14.17039589191185
16.33960224482657,0.26390852408204174,0.16339602244826568,-14.439418452594275,-14.280342073244867
16.33960224482657,0.26761883595905256,0.16339602244826568,-14.848282485096272,-14.398102287641178
16.33960224482657,0.27132914783606343,0.16339602244826568,-15.26285464549505,-14.526734451633486
16.33960224482657,0.27503945971307425,0.16339602244826568,-15.683134933790598,-14.669943026086145
16.33960224482657,0.27874977159008507,0.16339602244826568,-16.109123349982916,-14.832188067645575
16.33960224482657,0.28246008346709595,0.16339602244826568,-16.54081989407202,-15.018775380130176
16.33960224482657,0.28617039534410676,0.16339602244826568,-16.97822456605789,-15.235898749233607
16.33960224482657,0.28988070722111764,0.16339602244826568,-17.421337365940538,-15.490590955971792
16.33960224482657,0.29359101909812846,0.16339602244826568,-17.870158293719957,-15.790525709420143
16.33960224482657,0.2973013309751393,0.16339602244826568,-18.32468734939615,-16.14360425797191
16.33960224482657,0.30101164285215015,0.16339602244826568,-18.784924532969125,-16.557269857750075
16.33960224482657,0.30472195472916097,0.16339602244826568,-19.250869844438864,-17.037536277753222
17.727479096295603,0.011607316445304631,0.17727479096295604,-0.027558311563545726,6.410890875305419
17.727479096295603,0.015317628322315471,0.17727479096295604,-0.04799234944995819,6.391524814015638
17.727479096295603,0.01902794019932631,0.17727479096295604,-0.07405809088262436,6.370245436340205
17.727479096295603,0.02273825207633715,0.17727479096295604,-0.10575553586154421,6.346841020327061
17.727479096295603,0.02644856395334799,0.17727479096295604,-0.14308468438671781,6.32106905530821
17.727479096295603,0.03015887583035883,0.17727479096295604,-0.1860455364581451,6.292649967467539
17.727479096295603,0.03386918770736967,0.17727479096295604,-0.23463809207582612,6.261259172040261
17.727479096295603,0.03757949958438051,0.17727479096295604,-0.2888623512397608,6.2265169379019305
17.727479096295603,0.04128981146139135,0.17727479096295604,-0.34871831394994923,6.187975387154934
17.727479096295603,0.04500012333840219,0.17727479096295604,-0.4142059802063913,6.145101740654787
17.727479096295603,0.04871043521541303,0.17727479096295604,-0.48532535000908716,6.097256649310393
17.727479096295603,0.05242074709242387,0.17727479096295604,-0.5620764233580366,6.04366611018155
17.727479096295603,0.05613105896943471,0.17727479096295604,-0.6444592002532399,5.9833850498221635
17.727479096295603,0.05984137084644555,0.17727479096295604,-0.7324736806946969,5.915250170185902
17.727479096295603,0.06355168272345639,0.17727479096295604,-0.8261198646824075,5.837819124512339
17.727479096295603,0.06726199460046722,0.17727479096295604,-0.9253977522163717,5.749292600209956
17.727479096295603,0.07097230647747807,0.17727479096295604,-1.0303073432965897,5.647415600574198
17.727479096295603,0.0746826183544889,0.17727479096295604,-1.1408486379230613,5.529354461262158
17.727479096295603,0.07839293023149975,0.17727479096295604,-1.2570216360957869,5.391547493053667
17.727479096295603,0.08210324210851058,0.17727479096295604,-1.378826337814766,5.229530589738608
17.727479096295603,0.08581355398552143,0.17727479096295604,-1.506262743079999,5.037746212006517
17.727479096295603,0.08952386586253226,0.17727479096295604,-1.6393308518914855,4.809357021288878
17.727479096295603,0.09323417773954311,0.17727479096295604,-1.7780306642492258,4.536106661840365
17.727479096295603,0.09694448961655394,0.17727479096295604,-1.9223621801532198,4.208301718689952
17.727479096295603,0.10065480149356479,0.17727479096295604,-2.0723253996034674,3.815029393238482
17.727479096295603,0.10436511337057562,0.17727479096295604,-2.2279203225999686,3.3447652717999476
17.727479096295603,0.10807542524758647,0.17727479096295604,-2.389146949142724,2.786539573558837
17.727479096295603,0.1117857371245973,0.17727479096295604,-2.5560052792317327,2.1317732007591417
17.727479096295603,0.11549604900160815,0.17727479096295604,-2.7284953128669955,1.3767114992397442
17.727479096295603,0.11920636087861898,0.17727479096295604,-2.9066170500485113,0.5250507389388928
17.727479096295603,0.12291667275562983,0.17727479096295604,-3.090370490776282,-0.410045922987502
17.727479096295603,0.12662698463264066,0.17727479096295604,-3.279755635050305,-1.4055667858958556
17.727479096295603,0.1303372965096515,0.17727479096295604,-3.4747724828705824,-2.430658881193599
17.727479096295603,0.13404760838666235,0.17727479096295604,-3.675421034237114,-3.450921706563965
17.727479096295603,0.13775792026367317,0.17727479096295604,-3.881701289149898,-4.433815621341125
17.727479096295603,0.14146823214068402,0.17727479096295604,-4.093613247608936,-5.353429785401303
17.727479096295603,0.14517854401769487,0.17727479096295604,-4.311156909614229,-6.193192165874146
17.727479096295603,0.1488888558947057,0.17727479096295604,-4.5343322751657755,-6.946109929298792
17.727479096295603,0.15259916777171653,0.17727479096295604,-4.763139344263574,-7.613110586275166
17.727479096295603,0.15630947964872738,0.17727479096295604,-4.997578116907627,-8.200500310305905
17.727479096295603,0.16001979152573823,0.17727479096295604,-5.237648593097934,-8.717442442317767
17.727479096295603,0.16373010340274907,0.17727479096295604,-5.483350772834496,-9.173974614038775
17.727479096295603,0.1674404152797599,0.17727479096295604,-5.734684656117309,-9.579711662759287
17.727479096295603,0.17115072715677074,0.17727479096295604,-5.991650242946377,-9.94315305861418
17.727479096295603,0.17486103903378158,0.17727479096295604,-6.2542475333217,-10.271426552711116
17.727479096295603,0.17857135091079243,0.17727479096295604,-6.522476527243275,-10.570300814573605
17.727479096295603,0.18228166278780325,0.17727479096295604,-6.796337224711104,-10.844337742374934
17.727479096295603,0.1859919746648141,0.17727479096295604,-7.075829625725186,-11.097098654744308
17.727479096295603,0.18970228654182494,0.17727479096295604,-7.360953730285524,-11.331354253542253
17.727479096295603,0.1934125984188358,0.17727479096295604,-7.651709538392115,-11.54927306341647
17.727479096295603,0.1971229102958466,0.17727479096295604,-7.948097050044957,-11.752578478262876
17.727479096295603,0.20083322217285746,0.17727479096295604,-8.250116265244055,-11.942673218100666
17.727479096295603,0.2045435340498683,0.17727479096295604,-8.557767183989407,-12.120734323690275
17.727479096295603,0.20825384592687915,0.17727479096295604,-8.871049806281013,-12.287783559999724
17.727479096295603,0.21196415780388997,0.17727479096295604,-9.18996413211887,-12.444738430863437
17.727479096295603,0.21567446968090082,0.17727479096295604,-9.514510161502983,-12.592448642126172
17.727479096295603,0.21938478155791166,0.17727479096295604,-9.844687894433351,-12.731722204051641
17.727479096295603,0.2230950934349225,0.17727479096295604,-10.18049733090997,-12.863344662876676
17.727479096295603,0.22680540531193333,0.17727479096295604,-10.521938470932842,-12.988094311854868
17.727479096295603,0.23051571718894417,0.17727479096295604,-10.86901131450197,-13.106755706310333
17.727479096295603,0.23422602906595502,0.17727479096295604,-11.221715861617351,-13.220133412747563
17.727479096295603,0.23793634094296587,0.17727479096295604,-11.580052112278988,-13.329067658228775
17.727479096295603,0.2416466528199767,0.17727479096295604,-11.944020066486875,-13.434453402624555
17.727479096295603,0.24535696469698753,0.17727479096295604,-12.313619724241017,-13.537264316366263
17.727479096295603,0.24906727657399838,0.17727479096295604,-12.688851085541414,-13.638583186836513
17.727479096295603,0.2527775884510092,0.17727479096295604,-13.069714150388066,-13.739640363843675
17.727479096295603,0.25648790032802005,0.17727479096295604,-13.456208918780966,-13.84186193630415
17.727479096295603,0.2601982122050309,0.17727479096295604,-13.848335390720127,-13.94692932350332
17.727479096295603,0.26390852408204174,0.17727479096295604,-14.246093566205534,-14.056851727408379
17.727479096295603,0.26761883595905256,0.17727479096295604,-14.649483445237195,-14.174052208323323
17.727479096295603,0.27132914783606343,0.17727479096295604,-15.05850502781512,-14.301466679142907
17.727479096295603,0.27503945971307425,0.17727479096295604,-15.47315831393929,-14.442652378464429
17.727479096295603,0.27874977159008507,0.17727479096295604,-15.893443303609711,-14.60189773755974
17.727479096295603,0.28246008346709595,0.17727479096295604,-16.319359996826396,-14.784318271683228
17.727479096295603,0.28617039534410676,0.17727479096295604,-16.750908393589324,-14.995912633696966
17.727479096295603,0.28988070722111764,0.17727479096295604,-17.188088493898515,-15.243539434156348
17.727479096295603,0.29359101909812846,0.17727479096295604,-17.630900297753954,-15.534760824155331
17.727479096295603,0.2973013309751393,0.17727479096295604,-18.079343805155645,-15.877488482878062
17.727479096295603,0.30101164285215015,0.17727479096295604,-18.5334190161036,-16.279371741815527
17.727479096295603,0.30472195472916097,0.17727479096295604,-18.993125930597795,-16.74690092140916
19.115355947764638,0.011607316445304631,0.19115355947764637,-0.02718433483600785,6.62497136395947
19.115355947764638,0.015317628322315471,0.19115355947764637,-0.04734107508749357,6.605934387044175
19.115355947764638,0.01902794019932631,0.19115355947764637,-0.07305309453471227,6.584983672923301
19.115355947764638,0.02273825207633715,0.19115355947764637,-0.10432039317766396,6.561903762037772
19.115355947764638,0.02644856395334799,0.19115355947764637,-0.14114297101634868,6.536446655142144
19.115355947764638,0.03015887583035883,0.19115355947764637,-0.1835208280507664,6.50832490580937
19.115355947764638,0.03386918770736967,0.19115355947764637,-0.2314539642809171,6.477202832786795
19.115355947764638,0.03757949958438051,0.19115355947764637,-0.28494237970680075,6.442685274810546
19.115355947764638,0.04128981146139135,0.19115355947764637,-0.3439860743284175,6.404303130043988
19.115355947764638,0.04500012333840219,0.19115355947764637,-0.4085850481457671,6.361494690037552
19.115355947764638,0.04871043521541303,0.19115355947764637,-0.47873930115884983,6.313581483654638
19.115355947764638,0.05242074709242387,0.19115355947764637,-0.5544488333676655,6.2597369814354105
19.115355947764638,0.05613105896943471,0.19115355947764637,-0.6357136447722141,6.198946073822808
19.115355947764638,0.05984137084644555,0.19115355947764637,-0.7225337353724958,6.12995274197334
19.115355947764638,0.06355168272345639,0.19115355947764637,-0.8149091051685105,6.051192834747959
19.115355947764638,0.06726199460046722,0.19115355947764637,-0.9128397541602579,5.960708459447631
19.115355947764638,0.07097230647747807,0.19115355947764637,-1.0163256823477387,5.856040408045927
19.115355947764638,0.0746826183544889,0.19115355947764637,-1.1253668897309521,5.734095685757935
19.115355947764638,0.07839293023149975,0.19115355947764637,-1.2399633763098987,5.590989298678357
19.115355947764638,0.08210324210851058,0.19115355947764637,-1.3601151420845783,5.421864153177576
19.115355947764638,0.08581355398552143,0.19115355947764637,-1.485822187054991,5.22070196148691
19.115355947764638,0.08952386586253226,0.19115355947764637,-1.6170845112211365,4.980153736713186
19.115355947764638,0.09323417773954311,0.19115355947764637,-1.7539021145830151,4.6914431783018555
19.115355947764638,0.09694448961655394,0.19115355947764637,-1.8962749971406268,4.344430917294376
19.115355947764638,0.10065480149356479,0.19115355947764637,-2.0442031588939713,3.927968229886055
19.115355947764638,0.10436511337057562,0.19115355947764637,-2.1976865998430486,3.4307007053389578
19.115355947764638,0.10807542524758647,0.19115355947764637,-2.3567253199878597,2.8424733460340743
19.115355947764638,0.1117857371245973,0.19115355947764637,-2.521319319328403,2.1563887974018643
19.115355947764638,0.11549604900160815,0.19115355947764637,-2.6914685978646795,1.3713326793950948
19.115355947764638,0.11920636087861898,0.19115355947764637,-2.867173155596689,0.4944149241596405
19.115355947764638,0.12291667275562983,0.19115355947764637,-3.0484329925244316,-0.457575120172957
19.115355947764638,0.12662698463264066,0.19115355947764637,-3.235248108647907,-1.458658481869621
19.115355947764638,0.1303372965096515,0.19115355947764637,-3.4276185039671154,-2.4765652773286098
19.115355947764638,0.13404760838666235,0.19115355947764637,-3.6255441784820577,-3.477530084610081
19.115355947764638,0.13775792026367317,0.19115355947764637,-3.829025132192731,-4.4315406895638
19.115355947764638,0.14146823214068402,0.19115355947764637,-4.038061365099139,-5.316356953607793
19.115355947764638,0.14517854401769487,0.19115355947764637,-4.252652877201279,-6.11924940696109
19.115355947764638,0.1488888558947057,0.19115355947764637,-4.472799668499153,-6.836450316996289
19.115355947764638,0.15259916777171653,0.19115355947764637,-4.698501738992759,-7.471099985119719
19.115355947764638,0.15630947964872738,0.19115355947764637,-4.929759088682099,-8.030684344518361
19.115355947764638,0.16001979152573823,0.19115355947764637,-5.166571717567172,-8.524718840432644
19.115355947764638,0.16373010340274907,0.19115355947764637,-5.408939625647978,-8.963042487049053
19.115355947764638,0.1674404152797599,0.19115355947764637,-5.656862812924515,-9.354770015065238
19.115355947764638,0.17115072715677074,0.19115355947764637,-5.910341279396786,-9.707781140484986
19.115355947764638,0.17486103903378158,0.19115355947764637,-6.169375025064792,-10.028577427976643
19.115355947764638,0.17857135091079243,0.19115355947764637,-6.433964049928528,-10.322354812353106
19.115355947764638,0.18228166278780325,0.19115355947764637,-6.704108353987999,-10.593180516527303
19.115355947764638,0.1859919746648141,0.19115355947764637,-6.979807937243202,-10.844203370905197
19.115355947764638,0.18970228654182494,0.19115355947764637,-7.261062799694139,-11.077857591838999
19.115355947764638,0.1934125984188358,0.19115355947764637,-7.54787294134081,-11.29604091151878
19.115355947764638,0.1971229102958466,0.19115355947764637,-7.84023836218321,-11.50026056031419
19.115355947764638,0.20083322217285746,0.19115355947764637,-8.138159062221344,-11.691747510021322
19.115355947764638,0.2045435340498683,0.19115355947764637,-8.441635041455214,-11.871542703785744
19.115355947764638,0.20825384592687915,0.19115355947764637,-8.750666299884816,-12.040560222407354
19.115355947764638,0.21196415780388997,0.19115355947764637,-9.06525283751015,-12.199632433560703
19.115355947764638,0.21567446968090082,0.19115355947764637,-9.385394654331218,-12.34954172513164
19.115355947764638,0.21938478155791166,0.19115355947764637,-9.711091750348018,-12.491042772330239
19.115355947764638,0.2230950934349225,0.19115355947764637,-10.042344125560552,-12.62487861338328
19.115355947764638,0.22680540531193333,0.19115355947764637,-10.379151779968815,-12.751793203210841
19.115355947764638,0.23051571718894417,0.19115355947764637,-10.721514713572816,-12.87254262013537
19.115355947764638,0.23422602906595502,0.19115355947764637,-11.06943292637255,-12.98790673085371
19.115355947764638,0.23793634094296587,0.19115355947764637,-11.422906418368015,-13.098702872192915
19.115355947764638,0.2416466528199767,0.19115355947764637,-11.781935189559212,-13.205802975146852
19.115355947764638,0.24535696469698753,0.19115355947764637,-12.146519239946144,-13.31015552271871
19.115355947764638,0.24906727657399838,0.19115355947764637,-12.51665856952881,-13.412813777895666
19.115355947764638,0.2527775884510092,0.19115355947764637,-12.892353178307209,-13.514971812166047
19.115355947764638,0.25648790032802005,0.19115355947764637,-13.273603066281336,-13.618009962361347
19.115355947764638,0.2601982122050309,0.19115355947764637,-13.660408233451204,-13.72355136959641
19.115355947764638,0.26390852408204174,0.19115355947764637,-14.052768679816795,-13.83353108678404
19.115355947764638,0.26761883595905256,0.19115355947764637,-14.450684405378121,-13.950278685300846
19.115355947764638,0.27132914783606343,0.19115355947764637,-14.854155410135188,-14.076614045076253
19.115355947764638,0.27503945971307425,0.19115355947764637,-15.263181694087983,-14.215953633633164
19.115355947764638,0.27874977159008507,0.19115355947764637,-15.677763257236508,-14.372420470755083
19.115355947764638,0.28246008346709595,0.19115355947764637,-16.097900099580773,-14.550944429916708
19.115355947764638,0.28617039534410676,0.19115355947764637,-16.523592221120765,-14.757329923663113
19.115355947764638,0.28988070722111764,0.19115355947764637,-16.954839621856497,-14.998255298188672
19.115355947764638,0.29359101909812846,0.19115355947764637,-17.391642301787954,-15.281153848625815
19.115355947764638,0.2973013309751393,0.19115355947764637,-17.834000260915147,-15.613914602427236
19.115355947764638,0.30101164285215015,0.19115355947764637,-18.281913499238076,-16.00434072388258
19.115355947764638,0.30472195472916097,0.19115355947764637,-18.73538201675673,-16.459328215917118
20.503232799233672,0.011607316445304631,0.20503232799233673,-0.026810358108469972,6.839174899292524
20.503232799233672,0.015317628322315471,0.20503232799233673,-0.04668980072502895,6.820413852061178
20.503232799233672,0.01902794019932631,0.20503232799233673,-0.0720480981868002,6.7997351239595405
20.503232799233672,0.02273825207633715,0.20503232799233673,-0.10288525049378373,6.776918526052543
20.503232799233672,0.02644856395334799,0.20503232799233673,-0.13920125764597957,6.751709301258518
20.503232799233672,0.03015887583035883,0.20503232799233673,-0.18099611964338766,6.7238105049761385
20.503232799233672,0.03386918770736967,0.20503232799233673,-0.2282698364860081,6.692873276753171
20.503232799233672,0.03757949958438051,0.20503232799233673,-0.2810224081738408,6.658484356904215
20.503232799233672,0.04128981146139135,0.20503232799233673,-0.3392538347068857,6.6201500033798615
20.503232799233672,0.04500012333840219,0.20503232799233673,-0.40296411608514293,6.577275210765989
20.503232799233672,0.04871043521541303,0.20503232799233673,-0.4721532523086125,6.529136815770765
20.503232799233672,0.05242074709242387,0.20503232799233673,-0.5468212433772943,6.4748486864578885
20.503232799233672,0.05613105896943471,0.20503232799233673,-0.6269680892911883,6.4133167404162466
20.503232799233672,0.05984137084644555,0.20503232799233673,-0.7125937900502947,6.343181046474123
20.503232799233672,0.06355168272345639,0.20503232799233673,-0.8036983456546134,6.262741804795164
20.503232799233672,0.06726199460046722,0.20503232799233673,-0.9002817561041441,6.169865719341742
20.503232799233672,0.07097230647747807,0.20503232799233673,-1.0023440213988875,6.061869460118289
20.503232799233672,0.0746826183544889,0.20503232799233673,-1.1098851415388427,5.935378072098481
20.503232799233672,0.07839293023149975,0.20503232799233673,-1.2229051165240106,5.7861591844955775
20.503232799233672,0.08210324210851058,0.20503232799233673,-1.3414039463543905,5.6089400582091065
20.503232799233672,0.08581355398552143,0.20503232799233673,-1.465381631029983,5.397225804099903
20.503232799233672,0.08952386586253226,0.20503232799233673,-1.5948381705507875,5.143155843617287
20.503232799233672,0.09323417773954311,0.20503232799233673,-1.7297735649168045,4.837463794263566
20.503232799233672,0.09694448961655394,0.20503232799233673,-1.8701878141280335,4.469642816431116
20.503232799233672,0.10065480149356479,0.20503232799233673,-2.016080918184475,4.028456610063707
20.503232799233672,0.10436511337057562,0.20503232799233673,-2.1674528770861285,3.5029551625626185
20.503232799233672,0.10807542524758647,0.20503232799233673,-2.324303690832995,2.8841153978341865
20.503232799233672,0.1117857371245973,0.20503232799233673,-2.4866333594250727,2.1670793255460756
20.503232799233672,0.11549604900160815,0.20503232799233673,-2.6544418828623635,1.3536756134343186
20.503232799233672,0.11920636087861898,0.20503232799233673,-2.8277292611448663,0.4545386040571857
20.503232799233672,0.12291667275562983,0.20503232799233673,-3.0064954942725817,-0.5101226171078033
20.503232799233672,0.12662698463264066,0.20503232799233673,-3.190740582245509,-1.5119143566887285
20.503232799233672,0.1303372965096515,0.20503232799233673,-3.3804645250636485,-2.517923267777984
20.503232799233672,0.13404760838666235,0.20503232799233673,-3.5756673227270013,-3.4957679072276777
20.503232799233672,0.13775792026367317,0.20503232799233673,-3.776348975235565,-4.418446409408789
20.503232799233672,0.14146823214068402,0.20503232799233673,-3.9825094825893417,-5.267494982385335
20.503232799233672,0.14517854401769487,0.20503232799233673,-4.19414884478833,-6.03380776784165
20.503232799233672,0.1488888558947057,0.20503232799233673,-4.411267061832532,-6.716449634118017
20.503232799233672,0.15259916777171653,0.20503232799233673,-4.633864133721945,-7.320361725918079
20.503232799233672,0.15630947964872738,0.20503232799233673,-4.86194006045657,-7.8538764360105535
20.503232799233672,0.16001979152573823,0.20503232799233673,-5.095494842036409,-8.326640571321914
20.503232799233672,0.16373010340274907,0.20503232799233673,-5.3345284784614595,-8.748176989475008
20.503232799233672,0.1674404152797599,0.20503232799233673,-5.57904096973172,-9.127058409585855
20.503232799233672,0.17115072715677074,0.20503232799233673,-5.829032315847195,-9.470549634501031
20.503232799233672,0.17486103903378158,0.20503232799233673,-6.084502516807883,-9.784554958641108
20.503232799233672,0.17857135091079243,0.20503232799233673,-6.345451572613783,-10.07373555339044
20.503232799233672,0.18228166278780325,0.20503232799233673,-6.611879483264894,-10.341702318899413
20.503232799233672,0.1859919746648141,0.20503232799233673,-6.883786248761218,-10.591226038621999
20.503232799233672,0.18970228654182494,0.20503232799233673,-7.161171869102755,-10.82443335260126
20.503232799233672,0.1934125984188358,0.20503232799233673,-7.444036344289504,-11.042974415807008
20.503232799233672,0.1971229102958466,0.20503232799233673,-7.732379674321463,-11.248158351862836
20.503232799233672,0.20083322217285746,0.20503232799233673,-8.026201859198636,-11.441058079839868
20.503232799233672,0.2045435340498683,0.20503232799233673,-8.325502898921021,-11.622588610784174
20.503232799233672,0.20825384592687915,0.20503232799233673,-8.63028279348862,-11.793563736892226
20.503232799233672,0.21196415780388997,0.20503232799233673,-8.940541542901428,-11.954735965343506
20.503232799233672,0.21567446968090082,0.20503232799233673,-9.256279147159452,-12.106824056901226
20.503232799233672,0.21938478155791166,0.20503232799233673,-9.577495606262687,-12.250531888177955
20.503232799233672,0.2230950934349225,0.20503232799233673,-9.904190920211132,-12.386561713379319
20.503232799233672,0.22680540531193333,0.20503232799233673,-10.23636508900479,-12.515624331117078
20.503232799233672,0.23051571718894417,0.20503232799233673,-10.574018112643662,-12.638448197971854
20.503232799233672,0.23422602906595502,0.20503232799233673,-10.917149991127745,-12.75578918357287
20.503232799233672,0.23793634094296587,0.20503232799233673,-11.265760724457042,-12.86844243050253
20.503232799233672,0.2416466528199767,0.20503232799233673,-11.619850312631549,-12.97725765810396
20.503232799233672,0.24535696469698753,0.20503232799233673,-11.97941875565127,-13.08315921957248
20.503232799233672,0.24906727657399838,0.20503232799233673,-12.344466053516204,-13.187172268913715
20.503232799233672,0.2527775884510092,0.20503232799233673,-12.71499220622635,-13.290456492725108
20.503232799233672,0.25648790032802005,0.20503232799233673,-13.090997213781705,-13.39434897103283
20.503232799233672,0.2601982122050309,0.20503232799233673,-13.472481076182278,-13.50041778592681
20.503232799233672,0.26390852408204174,0.20503232799233673,-13.859443793428058,-13.610527888699687
20.503232799233672,0.26761883595905256,0.20503232799233673,-14.251885365519048,-13.726920291786227
20.503232799233672,0.27132914783606343,0.20503232799233673,-14.64980579245526,-13.852304600113213
20.503232799233672,0.27503945971307425,0.20503232799233673,-15.053205074236677,-13.989962835939494
20.503232799233672,0.27874977159008507,0.20503232799233673,-15.462083210863304,-14.143858888625642
20.503232799233672,0.28246008346709595,0.20503232799233673,-15.876440202335152,-14.318742058850816
20.503232799233672,0.28617039534410676,0.20503232799233673,-16.296276048652203,-14.520224413701094
20.503232799233672,0.28988070722111764,0.20503232799233673,-16.721590749814478,-14.754799790496033
20.503232799233672,0.29359101909812846,0.20503232799233673,-17.152384305821954,-15.029758259530048
20.503232799233672,0.2973013309751393,0.20503232799233673,-17.588656716674645,-15.352937157329619
20.503232799233672,0.30101164285215015,0.20503232799233673,-18.030407982372555,-15.732245971643454
20.503232799233672,0.30472195472916097,0.20503232799233673,-18.477638102915666,-16.17491977431555
21.891109650702706,0.011607316445304631,0.21891109650702706,-0.026436381380932097,7.053251380816724
21.891109650702706,0.015317628322315471,0.21891109650702706,-0.046038526362564336,7.034713390513775
21.891109650702706,0.01902794019932631,0.21891109650702706,-0.07104310183888814,7.014249928182216
21.891109650702706,0.02273825207633715,0.21891109650702706,-0.10145010780990349,6.991634981332376
21.891109650702706,0.02644856395334799,0.21891109650702706,-0.13725954427561046,6.966605634409858
21.891109650702706,0.03015887583035883,0.21891109650702706,-0.17847141123600896,6.938853650902868
21.891109650702706,0.03386918770736967,0.21891109650702706,-0.2250857086910991,6.908014693831585
21.891109650702706,0.03757949958438051,0.21891109650702706,-0.27710243664088074,6.873654464068777
21.891109650702706,0.04128981146139135,0.21891109650702706,-0.33452159508535395,6.835250818459829
21.891109650702706,0.04500012333840219,0.21891109650702706,-0.39734318402451874,6.792170654930007
21.891109650702706,0.04871043521541303,0.21891109650702706,-0.46556720345837516,6.743640012142985
21.891109650702706,0.05242074709242387,0.21891109650702706,-0.539193653386923,6.688705425364566
21.891109650702706,0.05613105896943471,0.21891109650702706,-0.6182225338101626,6.6261841207988
21.891109650702706,0.05984137084644555,0.21891109650702706,-0.7026538447280936,6.554600159719247
21.891109650702706,0.06355168272345639,0.21891109650702706,-0.7924875861407163,6.47210325814179
21.891109650702706,0.06726199460046722,0.21891109650702706,-0.8877237580480303,6.376366902699698
21.891109650702706,0.07097230647747807,0.21891109650702706,-0.9883623604500361,6.264462920305792
21.891109650702706,0.0746826183544889,0.21891109650702706,-1.0944033933467334,6.132711465717314
21.891109650702706,0.07839293023149975,0.21891109650702706,-1.2058468567381224,5.976509488710435
21.891109650702706,0.08210324210851058,0.21891109650702706,-1.3226927506242028,5.790148668021066
21.891109650702706,0.08581355398552143,0.21891109650702706,-1.444941075004975,5.566647610578477
21.891109650702706,0.08952386586253226,0.21891109650702706,-1.5725918298804384,5.297645022515821
21.891109650702706,0.09323417773954311,0.21891109650702706,-1.7056450152505938,4.973431686086548
21.891109650702706,0.09694448961655394,0.21891109650702706,-1.8441006311154404,4.583236619208189
21.891109650702706,0.10065480149356479,0.21891109650702706,-1.9879586774749787,4.115915032859845
21.891109650702706,0.10436511337057562,0.21891109650702706,-2.1372191543292085,3.561185902738078
21.891109650702706,0.10807542524758647,0.21891109650702706,-2.2918820616781304,2.91149152639231
21.891109650702706,0.1117857371245973,0.21891109650702706,-2.451947399521743,2.164354231507069
21.891109650702706,0.11549604900160815,0.21891109650702706,-2.617415167860048,1.324781963907092
21.891109650702706,0.11920636087861898,0.21891109650702706,-2.788285366693044,0.406928277757032
21.891109650702706,0.12291667275562983,0.21891109650702706,-2.964557996020732,-0.5659184861868345
21.891109650702706,0.12662698463264066,0.21891109650702706,-3.146233055843111,-1.5635974640640822
21.891109650702706,0.1303372965096515,0.21891109650702706,-3.333310546160182,-2.553329869291943
21.891109650702706,0.13404760838666235,0.21891109650702706,-3.525790466971945,-3.504773564045969
21.891109650702706,0.13775792026367317,0.21891109650702706,-3.723672818278398,-4.394272914955304
21.891109650702706,0.14146823214068402,0.21891109650702706,-3.926957600079544,-5.207111305075106
21.891109650702706,0.14517854401769487,0.21891109650702706,-4.135644812375381,-5.937509732342388
21.891109650702706,0.1488888558947057,0.21891109650702706,-4.34973445516591,-6.586958757563845
21.891109650702706,0.15259916777171653,0.21891109650702706,-4.5692265284511295,-7.161816848824887
21.891109650702706,0.15630947964872738,0.21891109650702706,-4.7941210322310415,-7.6709743380864905
21.891109650702706,0.16001979152573823,0.21891109650702706,-5.024417966505646,-8.124030915663703
21.891109650702706,0.16373010340274907,0.21891109650702706,-5.260117331274941,-8.53010708413762
21.891109650702706,0.1674404152797599,0.21891109650702706,-5.501219126538926,-8.897211079205876
21.891109650702706,0.17115072715677074,0.21891109650702706,-5.747723352297604,-9.232007621679132
21.891109650702706,0.17486103903378158,0.21891109650702706,-5.999630008550975,-9.539836401289707
21.891109650702706,0.17857135091079243,0.21891109650702706,-6.256939095299036,-9.824861992465834
21.891109650702706,0.18228166278780325,0.21891109650702706,-6.519650612541788,-10.0902758160183
21.891109650702706,0.1859919746648141,0.21891109650702706,-6.787764560279233,-10.338502948957869
21.891109650702706,0.18970228654182494,0.21891109650702706,-7.06128093851137,-10.571389261809403
21.891109650702706,0.1934125984188358,0.21891109650702706,-7.340199747238198,-10.79035870849444
21.891109650702706,0.1971229102958466,0.21891109650702706,-7.624520986459715,-10.996538869718231
21.891109650702706,0.20083322217285746,0.21891109650702706,-7.914244656175926,-11.190857151845774
21.891109650702706,0.2045435340498683,0.21891109650702706,-8.209370756386829,-11.37411193393953
21.891109650702706,0.20825384592687915,0.21891109650702706,-8.509899287092423,-11.547023481741306
21.891109650702706,0.21196415780388997,0.21891109650702706,-8.815830248292707,-11.710269260836405
21.891109650702706,0.21567446968090082,0.21891109650702706,-9.127163639987685,-11.86450776841942
21.891109650702706,0.21938478155791166,0.21891109650702706,-9.443899462177354,-12.01039438338784
21.891109650702706,0.2230950934349225,0.21891109650702706,-9.766037714861714,-12.148592126967507
21.891109650702706,0.22680540531193333,0.21891109650702706,-10.093578398040764,-12.27977969131019
21.891109650702706,0.23051571718894417,0.21891109650702706,-10.426521511714508,-12.404658658860248
21.891109650702706,0.23422602906595502,0.21891109650702706,-10.764867055882943,-12.523961509647515
21.891109650702706,0.23793634094296587,0.21891109650702706,-11.108615030546071,-12.638461795808533
21.891109650702706,0.2416466528199767,0.21891109650702706,-11.457765435703886,-12.748987745678289
21.891109650702706,0.24535696469698753,0.21891109650702706,-11.812318271356396,-12.856440532916135
21.891109650702706,0.24906727657399838,0.21891109650702706,-12.172273537503598,-12.961818494138797
21.891109650702706,0.2527775884510092,0.21891109650702706,-12.537631234145493,-13.066248679084724
21.891109650702706,0.25648790032802005,0.21891109650702706,-12.908391361282074,-13.171027235243818
21.891109650702706,0.2601982122050309,0.21891109650702706,-13.284553918913355,-13.277670206484531
21.891109650702706,0.26390852408204174,0.21891109650702706,-13.66611890703932,-13.387976267316942
21.891109650702706,0.26761883595905256,0.21891109650702706,-14.053086325659974,-13.504102566556513
21.891109650702706,0.27132914783606343,0.21891109650702706,-14.445456174775329,-13.628653973575322
21.891109650702706,0.27503945971307425,0.21891109650702706,-14.84322845438537,-13.764784243230244
21.891109650702706,0.27874977159008507,0.21891109650702706,-15.2464031644901,-13.916304432120993
21.891109650702706,0.28246008346709595,0.21891109650702706,-15.65498030508953,-14.08778866608311
21.891109650702706,0.28617039534410676,0.21891109650702706,-16.068959876183644,-14.284659412880034
21.891109650702706,0.28988070722111764,0.21891109650702706,-16.488341877772456,-14.513223389151202
21.891109650702706,0.29359101909812846,0.21891109650702706,-16.913126309855954,-14.780615733774674
21.891109650702706,0.2973013309751393,0.21891109650702706,-17.343313172434144,-15.09459684216362
21.891109650702706,0.30101164285215015,0.21891109650702706,-17.77890246550703,-15.463139640286247
21.891109650702706,0.30472195472916097,0.21891109650702706,-18.2198941890746,-15.893756146284279
23.27898650217174,0.011607316445304631,0.2327898650217174,-0.02606240465339422,7.26697048997151
23.27898650217174,0.015317628322315471,0.2327898650217174,-0.045387252000099715,7.2486030425990675
23.27898650217174,0.01902794019932631,0.2327898650217174,-0.07003810549097605,7.228298115471818
23.27898650217174,0.02273825207633715,0.2327898650217174,-0.10001496512602326,7.205822665493256
23.27898650217174,0.02644856395334799,0.2327898650217174,-0.13531783090524133,7.180904073580005
23.27898650217174,0.03015887583035883,0.2327898650217174,-0.17594670282863026,7.15322083326375
23.27898650217174,0.03386918770736967,0.2327898650217174,-0.22190158089619008,7.122390599325903
23.27898650217174,0.03757949958438051,0.2327898650217174,-0.2731824651079207,7.08795479556689
23.27898650217174,0.04128981146139135,0.2327898650217174,-0.3297893554638222,7.04935874397045
23.27898650217174,0.04500012333840219,0.2327898650217174,-0.39172225196389454,7.005925981659687
23.27898650217174,0.04871043521541303,0.2327898650217174,-0.45898115460813776,6.956825072179327
23.27898650217174,0.05242074709242387,0.2327898650217174,-0.5315660633965519,6.901026797840561
23.27898650217174,0.05613105896943471,0.2327898650217174,-0.6094769783291368,6.837249163643235
23.27898650217174,0.05984137084644555,0.2327898650217174,-0.6927138994058926,6.763887212117182
23.27898650217174,0.06355168272345639,0.2327898650217174,-0.7812768266268192,6.67892437326003
23.27898650217174,0.06726199460046722,0.2327898650217174,-0.8751657599919165,6.579822206220807
23.27898650217174,0.07097230647747807,0.2327898650217174,-0.9743806995011849,6.463386379875456
23.27898650217174,0.0746826183544889,0.2327898650217174,-1.078921645154624,6.325609345349435
23.27898650217174,0.07839293023149975,0.2327898650217174,-1.1887885969522343,6.161495564473348
23.27898650217174,0.08210324210851058,0.2327898650217174,-1.303981554894015,5.964885080339428
23.27898650217174,0.08581355398552143,0.2327898650217174,-1.424500518979967,5.728307759872691
23.27898650217174,0.08952386586253226,0.2327898650217174,-1.5503454892100894,5.442925573720776
23.27898650217174,0.09323417773954311,0.2327898650217174,-1.681516465584383,5.098653682263357
23.27898650217174,0.09694448961655394,0.2327898650217174,-1.8180134481028474,4.684587191628288
23.27898650217174,0.10065480149356479,0.2327898650217174,-1.9598364367654826,4.189882531471233
23.27898650217174,0.10436511337057562,0.2327898650217174,-2.1069854315722885,3.605217735114036
23.27898650217174,0.10807542524758647,0.2327898650217174,-2.259460432523266,2.924838689793966
23.27898650217174,0.1117857371245973,0.2327898650217174,-2.417261439618413,2.1489541876951783
23.27898650217174,0.11549604900160815,0.2327898650217174,-2.580388452857732,1.2859019470120259
23.27898650217174,0.11920636087861898,0.2327898650217174,-2.7488414722412213,0.3532244494967578
23.27898650217174,0.12291667275562983,0.2327898650217174,-2.922620497768882,-0.6231734246831404
23.27898650217174,0.12662698463264066,0.2327898650217174,-3.101725529440713,-1.612073036178398
23.27898650217174,0.1303372965096515,0.2327898650217174,-3.286156567256715,-2.5815731269017075
23.27898650217174,0.13404760838666235,0.2327898650217174,-3.4759136112168885,-3.503907775838044
23.27898650217174,0.13775792026367317,0.2327898650217174,-3.6709966613212313,-4.35895762690852
23.27898650217174,0.14146823214068402,0.2327898650217174,-3.8714057175697465,-5.135610565244184
23.27898650217174,0.14517854401769487,0.2327898650217174,-4.0771407799624315,-5.831066084809058
23.27898650217174,0.1488888558947057,0.2327898650217174,-4.2882018484992885,-6.4488380433396735
23.27898650217174,0.15259916777171653,0.2327898650217174,-4.5045889231803145,-6.996355150664469
23.27898650217174,0.15630947964872738,0.2327898650217174,-4.726302004005514,-7.48282164593368
23.27898650217174,0.16001979152573823,0.2327898650217174,-4.953341090974883,-7.917649634249828
23.27898650217174,0.16373010340274907,0.2327898650217174,-5.185706184088422,-8.30949746594298
23.27898650217174,0.1674404152797599,0.2327898650217174,-5.423397283346132,-8.665801834164085
23.27898650217174,0.17115072715677074,0.2327898650217174,-5.666414388748014,-8.992649494711424
23.27898650217174,0.17486103903378158,0.2327898650217174,-5.914757500294067,-9.294850376620117
23.27898650217174,0.17857135091079243,0.2327898650217174,-6.16842661798429,-9.576110037201275
23.27898650217174,0.18228166278780325,0.2327898650217174,-6.427421741818684,-9.83923544858129
23.27898650217174,0.1859919746648141,0.2327898650217174,-6.691742871797248,-10.086336173900348
23.27898650217174,0.18970228654182494,0.2327898650217174,-6.961390007919984,-10.319002090301455
23.27898650217174,0.1934125984188358,0.2327898650217174,-7.236363150186892,-10.538450601691359
23.27898650217174,0.1971229102958466,0.2327898650217174,-7.516662298597968,-10.745642934443788
23.27898650217174,0.20083322217285746,0.2327898650217174,-7.802287453153216,-10.941372471788279
23.27898650217174,0.2045435340498683,0.2327898650217174,-8.093238613852636,-11.12632948284803
23.27898650217174,0.20825384592687915,0.2327898650217174,-8.389515780696227,-11.301146905602206
23.27898650217174,0.21196415780388997,0.2327898650217174,-8.691118953683986,-11.46643158119524
23.27898650217174,0.21567446968090082,0.2327898650217174,-8.998048132815919,-11.62278482250794
23.27898650217174,0.21938478155791166,0.2327898650217174,-9.310303318092021,-11.770815609678115
23.27898650217174,0.2230950934349225,0.2327898650217174,-9.627884509512295,-11.911149135604024
23.27898650217174,0.22680540531193333,0.2327898650217174,-9.950791707076737,-12.04443292490135
23.27898650217174,0.23051571718894417,0.2327898650217174,-10.279024910785354,-12.1713423431598
23.27898650217174,0.23422602906595502,0.2327898650217174,-10.61258412063814,-12.29258700748816
23.27898650217174,0.23793634094296587,0.2327898650217174,-10.951469336635098,-12.408919403663885
23.27898650217174,0.2416466528199767,0.2327898650217174,-11.295680558776224,-12.521146904232406
23.27898650217174,0.24535696469698753,0.2327898650217174,-11.645217787061522,-12.630148356634924
23.27898650217174,0.24906727657399838,0.2327898650217174,-12.000081021490994,-12.736896457937123
23.27898650217174,0.2527775884510092,0.2327898650217174,-12.360270262064637,-12.842487233678915
23.27898650217174,0.25648790032802005,0.2327898650217174,-12.725785508782444,-12.948178062105015
23.27898650217174,0.2601982122050309,0.2327898650217174,-13.09662676164443,-13.055435780995516
23.27898650217174,0.26390852408204174,0.2327898650217174,-13.47279402065058,-13.165996398544644
23.27898650217174,0.26761883595905256,0.2327898650217174,-13.8542872858009,-13.281937665110947
23.27898650217174,0.27132914783606343,0.2327898650217174,-14.2411065570954,-13.405765032076454
23.27898650217174,0.27503945971307425,0.2327898650217174,-14.633251834534065,-13.54050999870774
23.27898650217174,0.27874977159008507,0.2327898650217174,-15.030723118116898,-13.68983705992152
23.27898650217174,0.28246008346709595,0.2327898650217174,-15.43352040784391,-13.8581508114999
23.27898650217174,0.28617039534410676,0.2327898650217174,-15.841643703715084,-14.050687582890868
23.27898650217174,0.28988070722111764,0.2327898650217174,-16.255093005730437,-14.27356578997774
23.27898650217174,0.29359101909812846,0.2327898650217174,-16.673868313889955,-14.53375633888666
23.27898650217174,0.2973013309751393,0.2327898650217174,-17.097969628193642,-14.83892095897204
23.27898650217174,0.30101164285215015,0.2327898650217174,-17.52739694864151,-15.197057597354696
23.27898650217174,0.30472195472916097,0.2327898650217174,-17.962150275233537,-15.615897724135117
24.666863353640775,0.011607316445304631,0.24666863353640775,-0.02568842792585634,7.4801230923872675
24.666863353640775,0.015317628322315471,0.24666863353640775,-0.044735977637635094,7.461874053809189
24.666863353640775,0.01902794019932631,0.24666863353640775,-0.06903310914306397,7.441670893911996
24.666863353640775,0.02273825207633715,0.24666863353640775,-0.098579822442143,7.419272207797101
24.666863353640775,0.02644856395334799,0.24666863353640775,-0.1333761175348722,7.394393969398242
24.666863353640775,0.03015887583035883,0.24666863353640775,-0.17342199442125153,7.366699222744702
24.666863353640775,0.03386918770736967,0.24666863353640775,-0.21871745310128102,7.335784827396281
24.666863353640775,0.03757949958438051,0.24666863353640775,-0.2692624935749606,7.30116437088411
24.666863353640775,0.04128981146139135,0.24666863353640775,-0.3250571158422904,7.2622461046274855
24.666863353640775,0.04500012333840219,0.24666863353640775,-0.3861013199032703,7.218304443746134
24.666863353640775,0.04871043521541303,0.24666863353640775,-0.4523951057579004,7.168443194094507
24.666863353640775,0.05242074709242387,0.24666863353640775,-0.5239384734061806,7.111548243086809
24.666863353640775,0.05613105896943471,0.24666863353640775,-0.6007314228481109,7.046227011690513
24.666863353640775,0.05984137084644555,0.24666863353640775,-0.6827739540836913,6.970731599206517
24.666863353640775,0.06355168272345639,0.24666863353640775,-0.770066067112922,6.882862432495796
24.666863353640775,0.06726199460046722,0.24666863353640775,-0.8626077619358026,6.779849675735924
24.666863353640775,0.07097230647747807,0.24666863353640775,-0.9603990385523336,6.658211217830838
24.666863353640775,0.0746826183544889,0.24666863353640775,-1.0634398969625145,6.513589631274773
24.666863353640775,0.07839293023149975,0.24666863353640775,-1.171730337166346,6.34057744603938
24.666863353640775,0.08210324210851058,0.24666863353640775,-1.285270359163827,6.132552242402716
24.666863353640775,0.08581355398552143,0.24666863353640775,-1.4040599629549588,5.881562474357233
24.666863353640775,0.08952386586253226,0.24666863353640775,-1.5280991485397402,5.5783328296024335
24.666863353640775,0.09323417773954311,0.24666863353640775,-1.657387915918172,5.2124924146793505
24.666863353640775,0.09694448961655394,0.24666863353640775,-1.7919262650902539,4.773160859476843
24.666863353640775,0.10065480149356479,0.24666863353640775,-1.931714196055986,4.250034426908503
24.666863353640775,0.10436511337057562,0.24666863353640775,-2.076751708815368,3.635058614685593
24.666863353640775,0.10807542524758647,0.24666863353640775,-2.227038803368401,2.924611843999605
24.666863353640775,0.1117857371245973,0.24666863353640775,-2.382575479715083,2.12184184719953
24.666863353640775,0.11549604900160815,0.24666863353640775,-2.543361737855416,1.2384649089427586
24.666863353640775,0.11920636087861898,0.24666863353640775,-2.7093975777893986,0.29515556459974923
24.666863353640775,0.12291667275562983,0.24666863353640775,-2.8806829995170316,-0.6801292294380217
24.666863353640775,0.12662698463264066,0.24666863353640775,-3.0572180030383147,-1.6558473704446361
24.666863353640775,0.1303372965096515,0.24666863353640775,-3.2390025883532476,-2.6016480950321723
24.666863353640775,0.13404760838666235,0.24666863353640775,-3.4260367554618316,-3.4927455979752553
24.666863353640775,0.13775792026367317,0.24666863353640775,-3.618320504364064,-4.312611150286386
24.666863353640775,0.14146823214068402,0.24666863353640775,-3.8158538350599485,-5.0535052856744604
24.666863353640775,0.14517854401769487,0.24666863353640775,-4.018636747549482,-5.715229795076378
24.666863353640775,0.1488888558947057,0.24666863353640775,-4.226669241832666,-6.302938389893012
24.666863353640775,0.15259916777171653,0.24666863353640775,-4.439951317909499,-6.824823709913652
24.666863353640775,0.15630947964872738,0.24666863353640775,-4.658482975779984,-7.2902021747951595
24.666863353640775,0.16001979152573823,0.24666863353640775,-4.882264215444119,-7.708191155920247
24.666863353640775,0.16373010340274907,0.24666863353640775,-5.111295036901904,-8.086948838279566
24.666863353640775,0.1674404152797599,0.24666863353640775,-5.345575440153337,-8.43334524513439
24.666863353640775,0.17115072715677074,0.24666863353640775,-5.585105425198422,-8.752916349799046
24.666863353640775,0.17486103903378158,0.24666863353640775,-5.829884992037158,-9.049978116308404
24.666863353640775,0.17857135091079243,0.24666863353640775,-6.079914140669542,-9.327813508299453
24.666863353640775,0.18228166278780325,0.24666863353640775,-6.335192871095577,-9.588878079269572
24.666863353640775,0.1859919746648141,0.24666863353640775,-6.595721183315263,-9.834993931122128
24.666863353640775,0.18970228654182494,0.24666863353640775,-6.861499077328599,-10.06751778554174
24.666863353640775,0.1934125984188358,0.24666863353640775,-7.132526553135586,-10.287478539186088
24.666863353640775,0.1971229102958466,0.24666863353640775,-7.40880361073622,-10.4956849900644
24.666863353640775,0.20083322217285746,0.24666863353640775,-7.690330250130505,-10.692807034494203
24.666863353640775,0.2045435340498683,0.24666863353640775,-7.977106471318442,-10.8794346547406
24.666863353640775,0.20825384592687915,0.24666863353640775,-8.269132274300029,-11.056119158811478
24.666863353640775,0.21196415780388997,0.24666863353640775,-8.566407659075264,-11.223400827613059
24.666863353640775,0.21567446968090082,0.24666863353640775,-8.86893262564415,-11.381826622634868
24.666863353640775,0.21938478155791166,0.24666863353640775,-9.176707174006689,-11.53196105198873
24.666863353640775,0.2230950934349225,0.24666863353640775,-9.489731304162875,-11.674392762027594
24.666863353640775,0.22680540531193333,0.24666863353640775,-9.80800501611271,-11.809738956771586
24.666863353640775,0.23051571718894417,0.24666863353640775,-10.131528309856197,-11.938649367502538
24.666863353640775,0.23422602906595502,0.24666863353640775,-10.460301185393336,-12.061811207473799
24.666863353640775,0.23793634094296587,0.24666863353640775,-10.794323642724123,-12.179956351978822
24.666863353640775,0.2416466528199767,0.24666863353640775,-11.13359568184856,-12.293871877983548
24.666863353640775,0.24535696469698753,0.24666863353640775,-11.478117302766648,-12.404415072891906
24.666863353640775,0.24906727657399838,0.24666863353640775,-11.827888505478386,-12.512534067910913
24.666863353640775,0.2527775884510092,0.24666863353640775,-12.182909289983776,-12.619295351339522
24.666863353640775,0.25648790032802005,0.24666863353640775,-12.543179656282812,-12.725919544283965
24.666863353640775,0.2601982122050309,0.24666863353640775,-12.908699604375505,-12.833826931525012
24.666863353640775,0.26390852408204174,0.24666863353640775,-13.27946913426184,-12.944694259575188
24.666863353640775,0.26761883595905256,0.24666863353640775,-13.655488245941825,-13.060524120808088
24.666863353640775,0.27132914783606343,0.24666863353640775,-14.036756939415469,-13.183727643029654
24.666863353640775,0.27503945971307425,0.24666863353640775,-14.423275214682755,-13.317219901508759
24.666863353640775,0.27874977159008507,0.24666863353640775,-14.815043071743691,-13.464525037435758
24.666863353640775,0.28246008346709595,0.24666863353640775,-15.212060510598285,-13.629883936216155
24.666863353640775,0.28617039534410676,0.24666863353640775,-15.614327531246522,-13.818350842300719
24.666863353640775,0.28988070722111764,0.24666863353640775,-16.021844133688415,-14.035855937181209
24.666863353640775,0.29359101909812846,0.24666863353640775,-16.43461031792395,-14.289198752852844
24.666863353640775,0.2973013309751393,0.24666863353640775,-16.85262608395314,-14.585923885301973
24.666863353640775,0.30101164285215015,0.24666863353640775,-17.275891431775985,-14.934020161221213
24.666863353640775,0.30472195472916097,0.24666863353640775,-17.704406361392472,-15.341385688119244
26.05474020510981,0.011607316445304631,0.2605474020510981,-0.025314451198318464,7.692522303905531
26.05474020510981,0.015317628322315471,0.2605474020510981,-0.04408470327517047,7.6743398848970665
26.05474020510981,0.01902794019932631,0.2605474020510981,-0.0680281127951519,7.654181599835449
26.05474020510981,0.02273825207633715,0.2605474020510981,-0.09714467975826276,7.631796214582365
26.05474020510981,0.02644856395334799,0.2605474020510981,-0.13143440416450308,7.606886419309476
26.05474020510981,0.03015887583035883,0.2605474020510981,-0.1708972860138728,7.5790974092660965
26.05474020510981,0.03386918770736967,0.2605474020510981,-0.215533325306372,7.548002184582088
26.05474020510981,0.03757949958438051,0.2605474020510981,-0.2653425220420006,7.513082589855528
26.05474020510981,0.04128981146139135,0.2605474020510981,-0.32032487622075867,7.473704838656528
26.05474020510981,0.04500012333840219,0.2605474020510981,-0.3804803878426461,7.4290879335434985
26.05474020510981,0.04871043521541303,0.2605474020510981,-0.44580905690766304,7.378263002308123
26.05474020510981,0.05242074709242387,0.2605474020510981,-0.5163108834158093,7.320021146839006
26.05474020510981,0.05613105896943471,0.2605474020510981,-0.5919858673670851,7.252846996772337
26.05474020510981,0.05984137084644555,0.2605474020510981,-0.6728340087614902,7.174834891873066
26.05474020510981,0.06355168272345639,0.2605474020510981,-0.758855307599025,7.083584706948439
26.05474020510981,0.06726199460046722,0.2605474020510981,-0.8500497638796888,6.976075177723938
26.05474020510981,0.07097230647747807,0.2605474020510981,-0.9464173776034823,6.84851485203446
26.05474020510981,0.0746826183544889,0.2605474020510981,-1.0479581487704053,6.696175526312653
26.05474020510981,0.07839293023149975,0.2605474020510981,-1.1546720773804577,6.5132217454221015
26.05474020510981,0.08210324210851058,0.2605474020510981,-1.2665591634336393,6.292564546980233
26.05474020510981,0.08581355398552143,0.2605474020510981,-1.3836194069299508,6.025789904320119
26.05474020510981,0.08952386586253226,0.2605474020510981,-1.5058528078693911,5.703242505535774
26.05474020510981,0.09323417773954311,0.2605474020510981,-1.6332593662519612,5.314379329220935
26.05474020510981,0.09694448961655394,0.2605474020510981,-1.7658390820776608,4.84853142963208
26.05474020510981,0.10065480149356479,0.2605474020510981,-1.9035919553464897,4.296198820076456
26.05474020510981,0.10436511337057562,0.2605474020510981,-2.046517986058448,3.6509115850766998
26.05474020510981,0.10807542524758647,0.2605474020510981,-2.194617174213536,2.9114843975689473
26.05474020510981,0.1117857371245973,0.2605474020510981,-2.347889519811753,2.0841845432122525
26.05474020510981,0.11549604900160815,0.2605474020510981,-2.5063350228531,1.1840429574756162
26.05474020510981,0.11920636087861898,0.2605474020510981,-2.669953683337576,0.2344895840649015
26.05474020510981,0.12291667275562983,0.2605474020510981,-2.8387455012651817,-0.7351051577284153
26.05474020510981,0.12662698463264066,0.2605474020510981,-3.0127104766359163,-1.6935975405780537
26.05474020510981,0.1303372965096515,0.2605474020510981,-3.1918486094497807,-2.61276260311381
26.05474020510981,0.13404760838666235,0.2605474020510981,-3.376159899706775,-3.4710611230744264
26.05474020510981,0.13775792026367317,0.2605474020510981,-3.5656443474068973,-4.255490463713888
26.05474020510981,0.14146823214068402,0.2605474020510981,-3.760301952550151,-4.961387683177111
26.05474020510981,0.14517854401769487,0.2605474020510981,-3.9601327151365324,-5.590773061880965
26.05474020510981,0.1488888558947057,0.2605474020510981,-4.165136635166045,-6.150085821413136
26.05474020510981,0.15259916777171653,0.2605474020510981,-4.375313712638684,-6.64801837029268
26.05474020510981,0.15630947964872738,0.2605474020510981,-4.5906639475544555,-7.093836463337018
26.05474020510981,0.16001979152573823,0.2605474020510981,-4.811187339913356,-7.49628414793668
26.05474020510981,0.16373010340274907,0.2605474020510981,-5.036883889715385,-7.862999040259738
26.05474020510981,0.1674404152797599,0.2605474020510981,-5.267753596960542,-8.200298347196796
26.05474020510981,0.17115072715677074,0.2605474020510981,-5.503796461648831,-8.51319771712564
26.05474020510981,0.17486103903378158,0.2605474020510981,-5.74501248378025,-8.805554959138794
26.05474020510981,0.17857135091079243,0.2605474020510981,-5.991401663354797,-9.080265311549885
26.05474020510981,0.18228166278780325,0.2605474020510981,-6.2429640003724725,-9.339463840507763
26.05474020510981,0.1859919746648141,0.2605474020510981,-6.499699494833278,-9.584711147551984
26.05474020510981,0.18970228654182494,0.2605474020510981,-6.761608146737214,-9.81715180401097
26.05474020510981,0.1934125984188358,0.2605474020510981,-7.02868995608428,-10.037642750097376
26.05474020510981,0.1971229102958466,0.2605474020510981,-7.300944922874472,-10.246853125085382
26.05474020510981,0.20083322217285746,0.2605474020510981,-7.578373047107795,-10.445339010275985
26.05474020510981,0.2045435340498683,0.2605474020510981,-7.860974328784249,-10.633597296390299
26.05474020510981,0.20825384592687915,0.2605474020510981,-8.148748767903832,-10.812102913949884
26.05474020510981,0.21196415780388997,0.2605474020510981,-8.441696364466543,-10.981333337877768
26.05474020510981,0.21567446968090082,0.2605474020510981,-8.739817118472384,-11.141783798163699
26.05474020510981,0.21938478155791166,0.2605474020510981,-9.043111029921356,-11.293976111434732
26.05474020510981,0.2230950934349225,0.2605474020510981,-9.351578098813457,-11.438463557076675
26.05474020510981,0.22680540531193333,0.2605474020510981,-9.665218325148684,-11.575833790222347
26.05474020510981,0.23051571718894417,0.2605474020510981,-9.984031708927043,-11.706711429579668
26.05474020510981,0.23422602906595502,0.2605474020510981,-10.308018250148534,-11.831761687911987
26.05474020510981,0.23793634094296587,0.2605474020510981,-10.637177948813152,-11.951696228230912
26.05474020510981,0.2416466528199767,0.2605474020510981,-10.971510804920896,-12.067282326800445
26.05474020510981,0.24535696469698753,0.2605474020510981,-11.311016818471774,-12.17935639926793
26.05474020510981,0.24906727657399838,0.2605474020510981,-11.655695989465782,-12.288842989671974
26.05474020510981,0.2527775884510092,0.2605474020510981,-12.00554831790292,-12.396780419621914
26.05474020510981,0.25648790032802005,0.2605474020510981,-12.360573803783181,-12.50435442353571
26.05474020510981,0.2601982122050309,0.2605474020510981,-12.72077244710658,-12.612941216770261
26.05474020510981,0.26390852408204174,0.2605474020510981,-13.0861442478731,-12.724161491713106
26.05474020510981,0.26761883595905256,0.2605474020510981,-13.45668920608275,-12.839946704796604
26.05474020510981,0.27132914783606343,0.2605474020510981,-13.832407321735538,-12.962618532046786
26.05474020510981,0.27503945971307425,0.2605474020510981,-14.21329859483145,-13.09498126539147
26.05474020510981,0.27874977159008507,0.2605474020510981,-14.599363025370488,-13.240424806534302
26.05474020510981,0.28246008346709595,0.2605474020510981,-14.990600613352663,-13.403032262403451
26.05474020510981,0.28617039534410676,0.2605474020510981,-15.387011358777961,-13.587680328510562
26.05474020510981,0.28988070722111764,0.2605474020510981,-15.788595261646394,-13.80011209491279
26.05474020510981,0.29359101909812846,0.2605474020510981,-16.19535232195795,-14.04695050598948
26.05474020510981,0.2973013309751393,0.2605474020510981,-16.60728253971264,-14.335607547921185
26.05474020510981,0.30101164285215015,0.2605474020510981,-17.02438591491046,-14.674032840479109
26.05474020510981,0.30472195472916097,0.2605474020510981,-17.446662447551407,-15.07024297172464
27.442617056578843,0.011607316445304631,0.27442617056578844,-0.02494047447078059,7.904004230766945
27.442617056578843,0.015317628322315471,0.27442617056578844,-0.04343342891270585,7.88583689629882
27.442617056578843,0.01902794019932631,0.27442617056578844,-0.06702311644723984,7.865666322495275
27.442617056578843,0.02273825207633715,0.27442617056578844,-0.09570953707438253,7.843229829348783
27.442617056578843,0.02644856395334799,0.27442617056578844,-0.12949269079413395,7.818214757282063
27.442617056578843,0.03015887583035883,0.27442617056578844,-0.1683725776064941,7.790245814508023
27.442617056578843,0.03386918770736967,0.27442617056578844,-0.212349197511463,7.758868777359173
27.442617056578843,0.03757949958438051,0.27442617056578844,-0.26142255050904056,7.72352946671312
27.442617056578843,0.04128981146139135,0.27442617056578844,-0.3155926365992269,7.683546629597175
27.442617056578843,0.04500012333840219,0.27442617056578844,-0.3748594557820219,7.638077004762464
27.442617056578843,0.04871043521541303,0.27442617056578844,-0.4392230080574257,7.586070454574545
27.442617056578843,0.05242074709242387,0.27442617056578844,-0.5086832934254382,7.526212636054397
27.442617056578843,0.05613105896943471,0.27442617056578844,-0.5832403118860593,7.456852337434088
27.442617056578843,0.05984137084644555,0.27442617056578844,-0.6628940634392892,7.375910475541892
27.442617056578843,0.06355168272345639,0.27442617056578844,-0.7476445480851279,7.280768114650196
27.442617056578843,0.06726199460046722,0.27442617056578844,-0.837491765823575,7.168132215327293
27.442617056578843,0.07097230647747807,0.27442617056578844,-0.9324357166546312,7.033880943905955
27.442617056578843,0.0746826183544889,0.27442617056578844,-1.0324764005782958,6.872896468281035
27.442617056578843,0.07839293023149975,0.27442617056578844,-1.1376138175945694,6.678903872104688
27.442617056578843,0.08210324210851058,0.27442617056578844,-1.2478479677034515,6.444352002809505
27.442617056578843,0.08581355398552143,0.27442617056578844,-1.3631788509049427,6.160397022858331
27.442617056578843,0.08952386586253226,0.27442617056578844,-1.483606467199042,5.817080955045124
27.442617056578843,0.09323417773954311,0.27442617056578844,-1.6091308165857505,5.40382833035089
27.442617056578843,0.09694448961655394,0.27442617056578844,-1.7397518990650678,4.9103959197617035
27.442617056578843,0.10065480149356479,0.27442617056578844,-1.8754697146369934,4.328370992944779
27.442617056578843,0.10436511337057562,0.27442617056578844,-2.016284263301528,3.6531821134580627
27.442617056578843,0.10807542524758647,0.27442617056578844,-2.1621955450586716,2.8863416938549147
27.442617056578843,0.1117857371245973,0.27442617056578844,-2.3132035599084233,2.0373293659218064
27.442617056578843,0.11549604900160815,0.27442617056578844,-2.4693083078507843,1.1243094497696575
27.442617056578843,0.11920636087861898,0.27442617056578844,-2.630509788885753,0.17298586938457228
27.442617056578843,0.12291667275562983,0.27442617056578844,-2.7968080030133318,-0.7865379105100871
27.442617056578843,0.12662698463264066,0.27442617056578844,-2.9682029502335183,-1.724191253761277
27.442617056578843,0.1303372965096515,0.27442617056578844,-3.1446946305463137,-2.6143338719404055
27.442617056578843,0.13404760838666235,0.27442617056578844,-3.326283043951719,-3.4388068346897387
27.442617056578843,0.13775792026367317,0.27442617056578844,-3.512968190449731,-4.187971168991577
27.442617056578843,0.14146823214068402,0.27442617056578844,-3.704750070040353,-4.859903638827614
27.442617056578843,0.14517854401769487,0.27442617056578844,-3.901628682723583,-5.458467772379363
27.442617056578843,0.1488888558947057,0.27442617056578844,-4.103604028499423,-5.991069390116496
27.442617056578843,0.15259916777171653,0.27442617056578844,-4.31067610736787,-6.466677816966812
27.442617056578843,0.15630947964872738,0.27442617056578844,-4.522844919328927,-6.894380048529599
27.442617056578843,0.16001979152573823,0.27442617056578844,-4.740110464382592,-7.282492195579858
27.442617056578843,0.16373010340274907,0.27442617056578844,-4.962472742528867,-7.638124837263776
27.442617056578843,0.1674404152797599,0.27442617056578844,-5.189931753767748,-7.9670627439026225
27.442617056578843,0.17115072715677074,0.27442617056578844,-5.42248749809924,-8.273833553829618
27.442617056578843,0.17486103903378158,0.27442617056578844,-5.660139975523341,-8.561872047460838
27.442617056578843,0.17857135091079243,0.27442617056578844,-5.90288918604005,-8.833718788236924
27.442617056578843,0.18228166278780325,0.27442617056578844,-6.150735129649367,-9.09121715737113
27.442617056578843,0.1859919746648141,0.27442617056578844,-6.403677806351293,-9.335690201595435
27.442617056578843,0.18970228654182494,0.27442617056578844,-6.66171721614583,-9.568089626605653
27.442617056578843,0.1934125984188358,0.27442617056578844,-6.924853359032974,-9.789115588265162
27.442617056578843,0.1971229102958466,0.27442617056578844,-7.193086235012725,-9.999309279632925
27.442617056578843,0.20083322217285746,0.27442617056578844,-7.466415844085086,-10.199121855611033
27.442617056578843,0.2045435340498683,0.27442617056578844,-7.7448421862500565,-10.388963746639964
27.442617056578843,0.20825384592687915,0.27442617056578844,-8.028365261507636,-10.569238362064231
27.442617056578843,0.21196415780388997,0.27442617056578844,-8.316985069857822,-10.740363852792385
27.442617056578843,0.21567446968090082,0.27442617056578844,-8.610701611300618,-10.902786153176615
27.442617056578843,0.21938478155791166,0.27442617056578844,-8.909514885836025,-11.05698604533492
27.442617056578843,0.2230950934349225,0.27442617056578844,-9.213424893464037,-11.20348253706623
27.442617056578843,0.22680540531193333,0.27442617056578844,-9.522431634184658,-11.342834445782202
27.442617056578843,0.23051571718894417,0.27442617056578844,-9.83653510799789,-11.475641750872581
27.442617056578843,0.23422602906595502,0.27442617056578844,-10.15573531490373,-11.602548022969174
27.442617056578843,0.23793634094296587,0.27442617056578844,-10.480032254902179,-11.724245062929905
27.442617056578843,0.2416466528199767,0.27442617056578844,-10.809425927993235,-11.841480784805563
27.442617056578843,0.24535696469698753,0.27442617056578844,-11.1439163341769,-11.95507135152172
27.442617056578843,0.24906727657399838,0.27442617056578844,-11.483503473453176,-12.06591861230663
27.442617056578843,0.2527775884510092,0.27442617056578844,-11.828187345822062,-12.17503398513602
27.442617056578843,0.25648790032802005,0.27442617056578844,-12.17796795128355,-12.283570055771293
27.442617056578843,0.2601982122050309,0.27442617056578844,-12.532845289837656,-12.392861293596864
27.442617056578843,0.26390852408204174,0.27442617056578844,-12.892819361484362,-12.50447535624139
27.442617056578843,0.26761883595905256,0.27442617056578844,-13.257890166223676,-12.620276374710487
27.442617056578843,0.27132914783606343,0.27442617056578844,-13.628057704055609,-12.742501224492797
27.442617056578843,0.27503945971307425,0.27442617056578844,-14.003321974980143,-12.873848856193968
27.442617056578843,0.27874977159008507,0.27442617056578844,-14.383682978997284,-13.017580927250494
27.442617056578843,0.28246008346709595,0.27442617056578844,-14.769140716107042,-13.17762875600858
27.442617056578843,0.28617039534410676,0.27442617056578844,-15.159695186309401,-13.35869641037152
27.442617056578843,0.28988070722111764,0.27442617056578844,-15.555346389604376,-13.566341953663972
27.442617056578843,0.29359101909812846,0.27442617056578844,-15.95609432599195,-13.807008239191427
27.442617056578843,0.2973013309751393,0.27442617056578844,-16.361938995472137,-14.087961895669354
27.442617056578843,0.30101164285215015,0.27442617056578844,-16.77288039804494,-14.417087064456803
27.442617056578843,0.30472195472916097,0.27442617056578844,-17.188918533710343,-14.802475231103179
28.830493908047877,0.011607316445304631,0.2883049390804788,-0.024566497743242707,8.11442839923101
28.830493908047877,0.015317628322315471,0.2883049390804788,-0.04278215455024123,8.096224722762598
28.830493908047877,0.01902794019932631,0.2883049390804788,-0.06601812009932775,8.075984219574487
28.830493908047877,0.02273825207633715,0.2883049390804788,-0.09427439439050227,8.053430984153511
28.830493908047877,0.02644856395334799,0.2883049390804788,-0.1275509774237648,8.028234735148333
28.830493908047877,0.03015887583035883,0.2883049390804788,-0.16584786919911537,7.999996796283795
28.830493908047877,0.03386918770736967,0.2883049390804788,-0.20916506971655396,7.9682320317745825
28.830493908047877,0.03757949958438051,0.2883049390804788,-0.25750257897608053,7.9323455566983165
28.830493908047877,0.04128981146139135,0.2883049390804788,-0.3108603969776951,7.891602731872756
28.830493908047877,0.04500012333840219,0.2883049390804788,-0.36923852372139765,7.845090590736048
28.830493908047877,0.04871043521541303,0.2883049390804788,-0.43263695920718825,7.791668451129037
28.830493908047877,0.05242074709242387,0.2883049390804788,-0.5010557034350669,7.729905086148238
28.830493908047877,0.05613105896943471,0.2883049390804788,-0.5744947564050334,7.657999567991538
28.830493908047877,0.05984137084644555,0.2883049390804788,-0.652954118117088,7.573682953080133
28.830493908047877,0.06355168272345639,0.2883049390804788,-0.7364337885712307,7.474098695294951
28.830493908047877,0.06726199460046722,0.2883049390804788,-0.8249337677674611,7.355661643725099
28.830493908047877,0.07097230647747807,0.2883049390804788,-0.9184540557057798,7.213899625972174
28.830493908047877,0.0746826183544889,0.2883049390804788,-1.0169946523861864,7.043289278147459
28.830493908047877,0.07839293023149975,0.2883049390804788,-1.120555557808681,6.837110669126322
28.830493908047877,0.08210324210851058,0.2883049390804788,-1.2291367719732635,6.587365062506767
28.830493908047877,0.08581355398552143,0.2883049390804788,-1.3427382948799345,6.284827361467172
28.830493908047877,0.08952386586253226,0.2883049390804788,-1.461360126528693,5.91933623344483
28.830493908047877,0.09323417773954311,0.2883049390804788,-1.5850022669195396,5.480449741542096
28.830493908047877,0.09694448961655394,0.2883049390804788,-1.7136647160524743,4.958589381435668
28.830493908047877,0.10065480149356479,0.2883049390804788,-1.8473474739274969,4.346724854873195
28.830493908047877,0.10436511337057562,0.2883049390804788,-1.9860505405446076,3.6424799996691606
28.830493908047877,0.10807542524758647,0.2883049390804788,-2.1297739159038067,2.8502673111168315
28.830493908047877,0.1117857371245973,0.2883049390804788,-2.278517600005093,1.9827715804433421
28.830493908047877,0.11549604900160815,0.2883049390804788,-2.432281592848468,1.0609945106325072
28.830493908047877,0.11920636087861898,0.2883049390804788,-2.5910658944339304,0.11234992987210357
28.830493908047877,0.12291667275562983,0.2883049390804788,-2.7548705047614814,-0.833013610757243
28.830493908047877,0.12662698463264066,0.2883049390804788,-2.92369542383112,-1.746696949121817
28.830493908047877,0.1303372965096515,0.2883049390804788,-3.0975406516428468,-2.605977500266188
28.830493908047877,0.13404760838666235,0.2883049390804788,-3.276406188196662,-3.396089544207605
28.830493908047877,0.13775792026367317,0.2883049390804788,-3.4602920334925638,-4.110520254531233
28.830493908047877,0.14146823214068402,0.2883049390804788,-3.649198187530555,-4.749729484033273
28.830493908047877,0.14517854401769487,0.2883049390804788,-3.8431246503106333,-5.319069401708739
28.830493908047877,0.1488888558947057,0.2883049390804788,-4.042071421832801,-5.82663209596794
28.830493908047877,0.15259916777171653,0.2883049390804788,-4.246038502097054,-6.281479866491866
28.830493908047877,0.15630947964872738,0.2883049390804788,-4.455025891103397,-6.692423183865524
28.830493908047877,0.16001979152573823,0.2883049390804788,-4.669033588851829,-7.06731535079343
28.830493908047877,0.16373010340274907,0.2883049390804788,-4.888061595342348,-7.412744214589883
28.830493908047877,0.1674404152797599,0.2883049390804788,-5.1121099105749535,-7.73398700930671
28.830493908047877,0.17115072715677074,0.2883049390804788,-5.341178534549648,-8.035116434561527
28.830493908047877,0.17486103903378158,0.2883049390804788,-5.575267467266432,-8.319178181044082
28.830493908047877,0.17857135091079243,0.2883049390804788,-5.814376708725303,-8.588389213311945
28.830493908047877,0.18228166278780325,0.2883049390804788,-6.058506258926261,-8.844327921661385
28.830493908047877,0.1859919746648141,0.2883049390804788,-6.307656117869308,-9.088101823627229
28.830493908047877,0.18970228654182494,0.2883049390804788,-6.561826285554443,-9.320487438701756
28.830493908047877,0.1934125984188358,0.2883049390804788,-6.821016761981667,-9.542042040298643
28.830493908047877,0.1971229102958466,0.2883049390804788,-7.085227547150977,-9.753189622532537
28.830493908047877,0.20083322217285746,0.2883049390804788,-7.354458641062375,-9.954284592628754
28.830493908047877,0.2045435340498683,0.2883049390804788,-7.628710043715863,-10.145657044709528
28.830493908047877,0.20825384592687915,0.2883049390804788,-7.907981755111438,-10.327643370275103
28.830493908047877,0.21196415780388997,0.2883049390804788,-8.192273775249099,-10.500605638685897
28.830493908047877,0.21567446968090082,0.2883049390804788,-8.481586104128851,-10.664942765563023
28.830493908047877,0.21938478155791166,0.2883049390804788,-8.77591874175069,-10.821096051429452
28.830493908047877,0.2230950934349225,0.2883049390804788,-9.075271688114617,-10.969551259224833
28.830493908047877,0.22680540531193333,0.2883049390804788,-9.37964494322063,-11.110839032027243
28.830493908047877,0.23051571718894417,0.2883049390804788,-9.689038507068734,-11.245535145518534
28.830493908047877,0.23422602906595502,0.2883049390804788,-10.003452379658926,-11.374261851074266
28.830493908047877,0.23793634094296587,0.2883049390804788,-10.322886560991206,-11.497691398138112
28.830493908047877,0.2416466528199767,0.2883049390804788,-10.64734105106557,-11.616552728869012
28.830493908047877,0.24535696469698753,0.2883049390804788,-10.976815849882026,-11.731642311332086
28.830493908047877,0.24906727657399838,0.2883049390804788,-11.31131095744057,-11.843840114161418
28.830493908047877,0.2527775884510092,0.2883049390804788,-11.650826373741202,-11.954131815772714
28.830493908047877,0.25648790032802005,0.2883049390804788,-11.995362098783918,-12.063638467810375
28.830493908047877,0.2601982122050309,0.2883049390804788,-12.34491813256873,-12.173654966221685
28.830493908047877,0.26390852408204174,0.2883049390804788,-12.699494475095621,-12.285698773994918
28.830493908047877,0.26761883595905256,0.2883049390804788,-13.059091126364601,-12.401570303092031
28.830493908047877,0.27132914783606343,0.2883049390804788,-13.423708086375676,-12.523426062507282
28.830493908047877,0.27503945971307425,0.2883049390804788,-13.793345355128835,-12.653864899824292
28.830493908047877,0.27874977159008507,0.2883049390804788,-14.168002932624079,-12.796026083804689
28.830493908047877,0.28246008346709595,0.2883049390804788,-14.547680818861418,-12.953695145511213
28.830493908047877,0.28617039534410676,0.2883049390804788,-14.932379013840837,-13.1314087455884
28.830493908047877,0.28988070722111764,0.2883049390804788,-15.322097517562353,-13.33454276664533
28.830493908047877,0.29359101909812846,0.2883049390804788,-15.716836330025949,-13.569357974375418
28.830493908047877,0.2973013309751393,0.2883049390804788,-16.116595451231635,-13.84296536678856
28.830493908047877,0.30101164285215015,0.2883049390804788,-16.521374881179415,-14.163160897577812
28.830493908047877,0.30472195472916097,0.2883049390804788,-16.931174619869275,-14.538071805913356
30.21837075951691,0.011607316445304631,0.3021837075951691,-0.02419252101570483,8.323677893671002
30.21837075951691,0.015317628322315471,0.3021837075951691,-0.04213088018777661,8.305386357588626
30.21837075951691,0.01902794019932631,0.3021837075951691,-0.06501312375141567,8.285017543278252
30.21837075951691,0.02273825207633715,0.3021837075951691,-0.09283925170662204,8.262280362389289
30.21837075951691,0.02644856395334799,0.3021837075951691,-0.1256092640533957,8.236824415973377
30.21837075951691,0.03015887583035883,0.3021837075951691,-0.16332316079173667,8.20822446550587
30.21837075951691,0.03386918770736967,0.3021837075951691,-0.20598094192164496,8.175960426315578
30.21837075951691,0.03757949958438051,0.3021837075951691,-0.2535826074431205,8.139391596940959
30.21837075951691,0.04128981146139135,0.3021837075951691,-0.30612815735616333,8.097723512610742
30.21837075951691,0.04500012333840219,0.3021837075951691,-0.36361759166077345,8.04996544283472
30.21837075951691,0.04871043521541303,0.3021837075951691,-0.4260509103569509,7.994876171379695
30.21837075951691,0.05242074709242387,0.3021837075951691,-0.49342811344469567,7.930895369187456
30.21837075951691,0.05613105896943471,0.3021837075951691,-0.5657492009240077,7.856057731827307
30.21837075951691,0.05984137084644555,0.3021837075951691,-0.6430141727948869,7.7678873507372375
30.21837075951691,0.06355168272345639,0.3021837075951691,-0.7252230290573336,7.663270950072683
30.21837075951691,0.06726199460046722,0.3021837075951691,-0.8123757697113473,7.538311345579845
30.21837075951691,0.07097230647747807,0.3021837075951691,-0.9044723947569286,7.388167827147927
30.21837075951691,0.0746826183544889,0.3021837075951691,-1.0015129041940771,7.2068995913542375
30.21837075951691,0.07839293023149975,0.3021837075951691,-1.1034972980227928,6.9873435554966
30.21837075951691,0.08210324210851058,0.3021837075951691,-1.2104255762430758,6.7210801738120844
30.21837075951691,0.08581355398552143,0.3021837075951691,-1.3222977388549264,6.398569576120443
30.21837075951691,0.08952386586253226,0.3021837075951691,-1.439113785858344,6.009569803434833
30.21837075951691,0.09323417773954311,0.3021837075951691,-1.560873717253329,5.543964169577685
30.21837075951691,0.09694448961655394,0.3021837075951691,-1.6875775330398812,4.993098124923056
30.21837075951691,0.10065480149356479,0.3021837075951691,-1.8192252332180008,4.351620594472664
30.21837075951691,0.10436511337057562,0.3021837075951691,-1.9558168177876876,3.6196152651119773
30.21837075951691,0.10807542524758647,0.3021837075951691,-2.097352286748942,2.8045224094166317
30.21837075951691,0.1117857371245973,0.3021837075951691,-2.243831640101763,1.922117826810444
30.21837075951691,0.11549604900160815,0.3021837075951691,-2.3952548778461518,0.9958399376137337
30.21837075951691,0.11920636087861898,0.3021837075951691,-2.5516219999821077,0.05419324276643489
30.21837075951691,0.12291667275562983,0.3021837075951691,-2.7129330065096315,-0.8732908686817822
30.21837075951691,0.12662698463264066,0.3021837075951691,-2.879187897428722,-1.7603848872220917
30.21837075951691,0.1303372965096515,0.3021837075951691,-3.05038667273938,-2.5874905842401223
30.21837075951691,0.13404760838666235,0.3021837075951691,-3.2265293324416056,-3.3431446737005386
30.21837075951691,0.13775792026367317,0.3021837075951691,-3.407615876535397,-4.0236704782895005
30.21837075951691,0.14146823214068402,0.3021837075951691,-3.593646305020757,-4.631551958216227
30.21837075951691,0.14517854401769487,0.3021837075951691,-3.784620617897684,-5.1733042043739275
30.21837075951691,0.1488888558947057,0.3021837075951691,-3.980538815166179,-5.6574644665942895
30.21837075951691,0.15259916777171653,0.3021837075951691,-4.18140089682624,-6.093039601426199
30.21837075951691,0.15630947964872738,0.3021837075951691,-4.3872068628778695,-6.488491705647654
30.21837075951691,0.16001979152573823,0.3021837075951691,-4.597956713321066,-6.85119234282162
30.21837075951691,0.16373010340274907,0.3021837075951691,-4.81365044815583,-7.187219039145284
30.21837075951691,0.1674404152797599,0.3021837075951691,-5.0342880673821595,-7.501369302274275
30.21837075951691,0.17115072715677074,0.3021837075951691,-5.259869571000057,-7.797293884380535
30.21837075951691,0.17486103903378158,0.3021837075951691,-5.490394959009524,-8.077681790538533
30.21837075951691,0.17857135091079243,0.3021837075951691,-5.725864231410556,-8.34445541305707
30.21837075951691,0.18228166278780325,0.3021837075951691,-5.966277388203156,-8.598952793944422
30.21837075951691,0.1859919746648141,0.3021837075951691,-6.211634429387323,-8.842086134286475
30.21837075951691,0.18970228654182494,0.3021837075951691,-6.4619353549630585,-9.074472956010814
30.21837075951691,0.1934125984188358,0.3021837075951691,-6.717180164930362,-9.296540384484715
30.21837075951691,0.1971229102958466,0.3021837075951691,-6.9773688592892285,-9.508605081376105
30.21837075951691,0.20083322217285746,0.3021837075951691,-7.242501438039665,-9.710932241202999
30.21837075951691,0.2045435340498683,0.3021837075951691,-7.51257790118167,-9.903777288775782
30.21837075951691,0.20825384592687915,0.3021837075951691,-7.787598248715241,-10.087413785917363
30.21837075951691,0.21196415780388997,0.3021837075951691,-8.067562480640378,-10.262150751776336
30.21837075951691,0.21567446968090082,0.3021837075951691,-8.352470596957085,-10.428342222708759
30.21837075951691,0.21938478155791166,0.3021837075951691,-8.642322597665359,-10.586391483154832
30.21837075951691,0.2230950934349225,0.3021837075951691,-8.937118482765198,-10.73675202255521
30.21837075951691,0.22680540531193333,0.3021837075951691,-9.236858252256605,-10.879926936238633
30.21837075951691,0.23051571718894417,0.3021837075951691,-9.54154190613958,-11.016468203565127
30.21837075951691,0.23422602906595502,0.3021837075951691,-9.851169444414122,-11.14697705245572
30.21837075951691,0.23793634094296587,0.3021837075951691,-10.165740867080233,-11.272106460092205
30.21837075951691,0.2416466528199767,0.3021837075951691,-10.485256174137907,-11.392566746408727
30.21837075951691,0.24535696469698753,0.3021837075951691,-10.809715365587152,-11.509135188791486
30.21837075951691,0.24906727657399838,0.3021837075951691,-11.139118441427964,-11.622670619061344
30.21837075951691,0.2527775884510092,0.3021837075951691,-11.473465401660345,-11.734134049269985
30.21837075951691,0.25648790032802005,0.3021837075951691,-11.812756246284287,-11.844616496587458
30.21837075951691,0.2601982122050309,0.3021837075951691,-12.156990975299806,-11.955375314134129
30.21837075951691,0.26390852408204174,0.3021837075951691,-12.506169588706882,-12.06788044006088
30.21837075951691,0.26761883595905256,0.3021837075951691,-12.860292086505527,-12.183871977311592
30.21837075951691,0.27132914783606343,0.3021837075951691,-13.219358468695747,-12.305430289659038
30.21837075951691,0.27503945971307425,0.3021837075951691,-13.583368735277528,-12.435059153429654
30.21837075951691,0.27874977159008507,0.3021837075951691,-13.952322886250874,-12.57578114821773
30.21837075951691,0.28246008346709595,0.3021837075951691,-14.326220921615796,-12.731241990788398
30.21837075951691,0.28617039534410676,0.3021837075951691,-14.705062841372277,-12.905816377973325
30.21837075951691,0.28988070722111764,0.3021837075951691,-15.088848645520333,-13.104701512294236
30.21837075951691,0.29359101909812846,0.3021837075951691,-15.477578334059949,-13.333975394091963
30.21837075951691,0.2973013309751393,0.3021837075951691,-15.871251906991134,-13.600585347600965
30.21837075951691,0.30101164285215015,0.3021837075951691,-16.26986936431389,-13.912219732404159
30.21837075951691,0.30472195472916097,0.3021837075951691,-16.67343070602821,-14.277006661633093
31.606247610985946,0.011607316445304631,0.31606247610985944,-0.023818544288166956,8.531659225003787
31.606247610985946,0.015317628322315471,0.31606247610985944,-0.041479605825311995,8.513227968590428
31.606247610985946,0.01902794019932631,0.31606247610985944,-0.0640081274035036,8.49267139935046
31.606247610985946,0.02273825207633715,0.31606247610985944,-0.09140410902274179,8.469681095508385
31.606247610985946,0.02644856395334799,0.31606247610985944,-0.12366755068302658,8.443883802245288
31.606247610985946,0.03015887583035883,0.31606247610985944,-0.16079845238435794,8.414824238802472
31.606247610985946,0.03386918770736967,0.31606247610985944,-0.20279681412673595,8.381942961421675
31.606247610985946,0.03757949958438051,0.31606247610985944,-0.24966263591016047,8.344547885528081
31.606247610985946,0.04128981146139135,0.31606247610985944,-0.3013959177346316,8.301777734442526
31.606247610985946,0.04500012333840219,0.31606247610985944,-0.35799665960014926,8.252555315047474
31.606247610985946,0.04871043521541303,0.31606247610985944,-0.4194648615067136,8.195528166217215
31.606247610985946,0.05242074709242387,0.31606247610985944,-0.48580052345432445,8.128993874336286
31.606247610985946,0.05613105896943471,0.31606247610985944,-0.5570036454429819,8.050807375130619
31.606247610985946,0.05984137084644555,0.31606247610985944,-0.6330742274726859,7.958268170505474
31.606247610985946,0.06355168272345639,0.31606247610985944,-0.7140122695434366,7.847987099897442
31.606247610985946,0.06726199460046722,0.31606247610985944,-0.7998177716552335,7.715735932321578
31.606247610985946,0.07097230647747807,0.31606247610985944,-0.8904907338080774,7.55628977480228
31.606247610985946,0.0746826183544889,0.31606247610985944,-0.9860311560019677,7.363283660372784
31.606247610985946,0.07839293023149975,0.31606247610985944,-1.0864390382369047,7.12912225674049
31.606247610985946,0.08210324210851058,0.31606247610985944,-1.191714380512888,6.84500609533339
31.606247610985946,0.08581355398552143,0.31606247610985944,-1.3018571828299184,6.501166783748466
31.606247610985946,0.08952386586253226,0.31606247610985944,-1.416867445187995,6.087428638513553
31.606247610985946,0.09323417773954311,0.31606247610985944,-1.5367451675871182,5.59421577323055
31.606247610985946,0.09694448961655394,0.31606247610985944,-1.661490350027288,5.014070611372556
31.606247610985946,0.10065480149356479,0.31606247610985944,-1.7911029925085045,4.343607789985268
31.606247610985946,0.10436511337057562,0.31606247610985944,-1.9255830950307675,3.585587727357068
31.606247610985946,0.10807542524758647,0.31606247610985944,-2.0649306575940773,2.7505188095177866
31.606247610985946,0.1117857371245973,0.31606247610985944,-2.209145680198433,1.8570459126507803
31.606247610985946,0.11549604900160815,0.31606247610985944,-2.358228162843836,0.93055582150084
31.606247610985946,0.11920636087861898,0.31606247610985944,-2.5121781055302854,-1.5646639162092413e-7
31.606247610985946,0.12291667275562983,0.31606247610985944,-2.6709955082577816,-0.9063147393355766
31.606247610985946,0.12662698463264066,0.31606247610985944,-2.834680371026324,-1.7647204662322562
31.606247610985946,0.1303372965096515,0.31606247610985944,-3.003232693835913,-2.5588307840330273
31.606247610985946,0.13404760838666235,0.31606247610985944,-3.176652476686549,-3.280310380613038
31.606247610985946,0.13775792026367317,0.31606247610985944,-3.3549397195782302,-3.9279971348366036
31.606247610985946,0.14146823214068402,0.31606247610985944,-3.5380944225109596,-4.5060514461666985
31.606247610985946,0.14517854401769487,0.31606247610985944,-3.726116585484735,-5.021859433174883
31.606247610985946,0.1488888558947057,0.31606247610985944,-3.919006208499557,-5.484200419306177
31.606247610985946,0.15259916777171653,0.31606247610985944,-4.116763291555425,-5.901909005291216
31.606247610985946,0.15630947964872738,0.31606247610985944,-4.319387834652341,-6.283048788242712
31.606247610985946,0.16001979152573823,0.31606247610985944,-4.526879837790303,-6.634503275326478
31.606247610985946,0.16373010340274907,0.31606247610985944,-4.739239300969311,-6.961857976613546
31.606247610985946,0.1674404152797599,0.31606247610985944,-4.956466224189365,-7.269460121630753
31.606247610985946,0.17115072715677074,0.31606247610985944,-5.178560607450467,-7.560570807025356
31.606247610985946,0.17486103903378158,0.31606247610985944,-5.405522450752616,-7.837552997171284
31.606247610985946,0.17857135091079243,0.31606247610985944,-5.6373517540958105,-8.102061476075784
31.606247610985946,0.18228166278780325,0.31606247610985944,-5.874048517480051,-8.355216611133336
31.606247610985946,0.1859919746648141,0.31606247610985944,-6.1156127409053385,-8.597753800177829
31.606247610985946,0.18970228654182494,0.31606247610985944,-6.362044424371674,-8.830146377061082
31.606247610985946,0.1934125984188358,0.31606247610985944,-6.613343567879055,-9.052702982293674
31.606247610985946,0.1971229102958466,0.31606247610985944,-6.869510171427481,-9.26564200810328
31.606247610985946,0.20083322217285746,0.31606247610985944,-7.130544235016956,-9.469146386929143
31.606247610985946,0.2045435340498683,0.31606247610985944,-7.396445758647477,-9.663402128840664
31.606247610985946,0.20825384592687915,0.31606247610985944,-7.667214742319045,-9.848623871947797
31.606247610985946,0.21196415780388997,0.31606247610985944,-7.942851186031657,-10.025070429810347
31.606247610985946,0.21567446968090082,0.31606247610985944,-8.223355089785318,-10.193052979864799
31.606247610985946,0.21938478155791166,0.31606247610985944,-8.508726453580026,-10.352938182670503
31.606247610985946,0.2230950934349225,0.31606247610985944,-8.79896527741578,-10.5051481813885
31.606247610985946,0.22680540531193333,0.31606247610985944,-9.094071561292578,-10.650159122706828
31.606247610985946,0.23051571718894417,0.31606247610985944,-9.394045305210426,-10.78849957692924
31.606247610985946,0.23422602906595502,0.31606247610985944,-9.69888650916932,-10.920750024605212
31.606247610985946,0.23793634094296587,0.31606247610985944,-10.00859517316926,-11.047544425172651
31.606247610985946,0.2416466528199767,0.31606247610985944,-10.323171297210244,-11.169574792175899
31.606247610985946,0.24535696469698753,0.31606247610985944,-10.642614881292278,-11.287599669744948
31.606247610985946,0.24906727657399838,0.31606247610985944,-10.966925925415358,-11.402457433454925
31.606247610985946,0.2527775884510092,0.31606247610985944,-11.296104429579488,-11.51508541900039
31.606247610985946,0.25648790032802005,0.31606247610985944,-11.630150393784657,-11.626546002070638
31.606247610985946,0.2601982122050309,0.31606247610985944,-11.96906381803088,-11.738060890386562
31.606247610985946,0.26390852408204174,0.31606247610985944,-12.312844702318143,-11.851055005611382
31.606247610985946,0.26761883595905256,0.31606247610985944,-12.661493046646454,-11.967211363380587
31.606247610985946,0.27132914783606343,0.31606247610985944,-13.015008851015816,-12.088538196061005
31.606247610985946,0.27503945971307425,0.31606247610985944,-13.373392115426222,-12.21744903307946
31.606247610985946,0.27874977159008507,0.31606247610985944,-13.736642839877671,-12.356855295478498
31.606247610985946,0.28246008346709595,0.31606247610985944,-14.104761024370175,-12.510268796853618
31.606247610985946,0.28617039534410676,0.31606247610985944,-14.477746668903716,-12.681907870313863
31.606247610985946,0.28988070722111764,0.31606247610985944,-14.855599773478312,-12.87679507979241
31.606247610985946,0.29359101909812846,0.31606247610985944,-15.23832033809395,-13.100826128146553
31.606247610985946,0.2973013309751393,0.31606247610985944,-15.625908362750634,-13.360778620576049
31.606247610985946,0.30101164285215015,0.31606247610985944,-16.01836384744837,-13.664216957911519
31.606247610985946,0.30472195472916097,0.31606247610985944,-16.415686792187145,-14.01923930576965
32.994124462454984,0.011607316445304631,0.3299412446245498,-0.023444567560629077,8.73830195327555
32.994124462454984,0.015317628322315471,0.3299412446245498,-0.040828331462847374,8.719678469750628
32.994124462454984,0.01902794019932631,0.3299412446245498,-0.06300313105559154,8.698873263125563
32.994124462454984,0.02273825207633715,0.3299412446245498,-0.08996896633886155,8.675558217936116
32.994124462454984,0.02644856395334799,0.3299412446245498,-0.12172583731265747,8.649334223279835
32.994124462454984,0.03015887583035883,0.3299412446245498,-0.15827374397697924,8.619712151378694
32.994124462454984,0.03386918770736967,0.3299412446245498,-0.19961268633182694,8.58608839054358
32.994124462454984,0.03757949958438051,0.3299412446245498,-0.24574266437720044,8.547713424179799
32.994124462454984,0.04128981146139135,0.3299412446245498,-0.29666367811309985,8.503651605561343
32.994124462454984,0.04500012333840219,0.3299412446245498,-0.35237572753952506,8.452729922437117
32.994124462454984,0.04871043521541303,0.3299412446245498,-0.41287881265647625,8.393473235965008
32.994124462454984,0.05242074709242387,0.3299412446245498,-0.47817293346395323,8.324023334206753
32.994124462454984,0.05613105896943471,0.3299412446245498,-0.5482580899619561,8.242039380209512
32.994124462454984,0.05984137084644555,0.3299412446245498,-0.6231342821504848,8.144578335883606
32.994124462454984,0.06355168272345639,0.3299412446245498,-0.7028015100295395,8.027956319494033
32.994124462454984,0.06726199460046722,0.3299412446245498,-0.7872597735991197,7.887596541182774
32.994124462454984,0.07097230647747807,0.3299412446245498,-0.8765090728592262,7.717877755145232
32.994124462454984,0.0746826183544889,0.3299412446245498,-0.9705494078098583,7.512010613927617
32.994124462454984,0.07839293023149975,0.3299412446245498,-1.0693807784510165,7.261989191777791
32.994124462454984,0.08210324210851058,0.3299412446245498,-1.1730031847827003,6.958690985361538
32.994124462454984,0.08581355398552143,0.3299412446245498,-1.2814166268049103,6.592226550735991
32.994124462454984,0.08952386586253226,0.3299412446245498,-1.394621104517646,6.15265739995392
32.994124462454984,0.09323417773954311,0.3299412446245498,-1.5126166179209075,5.631184364608325
32.994124462454984,0.09694448961655394,0.3299412446245498,-1.635403167014695,5.021825280847625
32.994124462454984,0.10065480149356479,0.3299412446245498,-1.7629807517990082,4.3234233952573495
32.994124462454984,0.10436511337057562,0.3299412446245498,-1.8953493722738473,3.5415703236328113
32.994124462454984,0.10807542524758647,0.3299412446245498,-2.0325090284392124,2.6897869169787123
32.994124462454984,0.1117857371245973,0.3299412446245498,-2.1744597202951033,1.7892632284913266
32.994124462454984,0.11549604900160815,0.3299412446245498,-2.32120144784152,0.8667809826819954
32.994124462454984,0.11920636087861898,0.3299412446245498,-2.4727342110784627,-0.04889922965137594
32.994124462454984,0.12291667275562983,0.3299412446245498,-2.6290580100059313,-0.9312220114110186
32.994124462454984,0.12662698463264066,0.3299412446245498,-2.790172844623926,-1.7593512988473468
32.994124462454984,0.1303372965096515,0.3299412446245498,-2.956078714932446,-2.520093049766033
32.994124462454984,0.13404760838666235,0.3299412446245498,-3.1267756209314927,-3.2080027050760833
32.994124462454984,0.13775792026367317,0.3299412446245498,-3.302263562621064,-3.8240976645914726
32.994124462454984,0.14146823214068402,0.3299412446245498,-3.482542540001162,-4.373888415260357
32.994124462454984,0.14517854401769487,0.3299412446245498,-3.667612553071786,-4.8653762527448965
32.994124462454984,0.1488888558947057,0.3299412446245498,-3.8574736018329356,-5.307415031699089
32.994124462454984,0.15259916777171653,0.3299412446245498,-4.052125686284611,-5.708577787138123
32.994124462454984,0.15630947964872738,0.3299412446245498,-4.251568806426812,-6.076497365679908
32.994124462454984,0.16001979152573823,0.3299412446245498,-4.45580296225954,-6.4175726634367605
32.994124462454984,0.16373010340274907,0.3299412446245498,-4.664828153782794,-6.736919571290729
32.994124462454984,0.1674404152797599,0.3299412446245498,-4.878644380996571,-7.0384651429795
32.994124462454984,0.17115072715677074,0.3299412446245498,-5.097251643900876,-7.3251119686871595
32.994124462454984,0.17486103903378158,0.3299412446245498,-5.320649942495708,-7.5989257291680685
32.994124462454984,0.17857135091079243,0.3299412446245498,-5.548839276781064,-7.861318533395798
32.994124462454984,0.18228166278780325,0.3299412446245498,-5.781819646756946,-8.113213878069685
32.994124462454984,0.1859919746648141,0.3299412446245498,-6.019591052423354,-8.355187286858737
32.994124462454984,0.18970228654182494,0.3299412446245498,-6.262153493780289,-8.58758144309739
32.994124462454984,0.1934125984188358,0.3299412446245498,-6.50950697082775,-8.810597184022296
32.994124462454984,0.1971229102958466,0.3299412446245498,-6.761651483565734,-9.024362962358422
32.994124462454984,0.20083322217285746,0.3299412446245498,-7.018587031994246,-9.228985867984255
32.994124462454984,0.2045435340498683,0.3299412446245498,-7.280313616113284,-9.424587377639366
32.994124462454984,0.20825384592687915,0.3299412446245498,-7.546831235922848,-9.611326858123338
32.994124462454984,0.21196415780388997,0.3299412446245498,-7.818139891422936,-9.789415596218456
32.994124462454984,0.21567446968090082,0.3299412446245498,-8.094239582613552,-9.959123827141475
32.994124462454984,0.21938478155791166,0.3299412446245498,-8.375130309494693,-10.12078291825363
32.994124462454984,0.2230950934349225,0.3299412446245498,-8.66081207206636,-10.274784558880889
32.994124462454984,0.22680540531193333,0.3299412446245498,-8.951284870328552,-10.421578526525169
32.994124462454984,0.23051571718894417,0.3299412446245498,-9.24654870428127,-10.561670356462363
32.994124462454984,0.23422602906595502,0.3299412446245498,-9.546603573924516,-10.69562004459769
32.994124462454984,0.23793634094296587,0.3299412446245498,-9.851449479258287,-10.824042768651397
32.994124462454984,0.2416466528199767,0.3299412446245498,-10.161086420282583,-10.94761252393353
32.994124462454984,0.24535696469698753,0.3299412446245498,-10.475514396997406,-11.067069538339783
32.994124462454984,0.24906727657399838,0.3299412446245498,-10.794733409402754,-11.183232355291493
32.994124462454984,0.2527775884510092,0.3299412446245498,-11.11874345749863,-11.297015548210817
32.994124462454984,0.25648790032802005,0.3299412446245498,-11.447544541285026,-11.409454145537717
32.994124462454984,0.2601982122050309,0.3299412446245498,-11.781136660761957,-11.52173598230511
32.994124462454984,0.26390852408204174,0.3299412446245498,-12.119519815929404,-11.635243319325896
32.994124462454984,0.26761883595905256,0.3299412446245498,-12.46269400678738,-11.751605126534393
32.994124462454984,0.27132914783606343,0.3299412446245498,-12.810659233335887,-11.872761317275758
32.994124462454984,0.27503945971307425,0.3299412446245498,-13.163415495574915,-12.00103979181238
32.994124462454984,0.27874977159008507,0.3299412446245498,-13.520962793504468,-12.13924616474798
32.994124462454984,0.28246008346709595,0.3299412446245498,-13.883301127124552,-12.290764167746905
32.994124462454984,0.28617039534410676,0.3299412446245498,-14.250430496435156,-12.459661469117869
32.994124462454984,0.28988070722111764,0.3299412446245498,-14.622350901436294,-12.650790474986612
32.994124462454984,0.29359101909812846,0.3299412446245498,-14.99906234212795,-12.86986604567729
32.994124462454984,0.2973013309751393,0.3299412446245498,-15.380564818510132,-13.123491800690482
32.994124462454984,0.30101164285215015,0.3299412446245498,-15.766858330582847,-13.419094600885634
32.994124462454984,0.30472195472916097,0.3299412446245498,-16.15794287834608,-13.764715672383128
34.382001313924015,0.011607316445304631,0.34382001313924015,-0.023070590833091202,8.943558089432651
34.382001313924015,0.015317628322315471,0.34382001313924015,-0.04017705710038275,8.924688873666113
34.382001313924015,0.01902794019932631,0.34382001313924015,-0.06199813470767946,8.903572277764265
34.382001313924015,0.02273825207633715,0.34382001313924015,-0.08853382365498132,8.879857905379486
34.382001313924015,0.02644856395334799,0.34382001313924015,-0.11978412394228835,8.85311750712935
34.382001313924015,0.03015887583035883,0.34382001313924015,-0.15574903556960054,8.822823955565703
34.382001313924015,0.03386918770736967,0.34382001313924015,-0.1964285585369179,8.788324238485014
34.382001313924015,0.03757949958438051,0.34382001313924015,-0.2418226928442404,8.748804850808028
34.382001313924015,0.04128981146139135,0.34382001313924015,-0.29193143849156805,8.703247624269073
34.382001313924015,0.04500012333840219,0.34382001313924015,-0.34675479547890087,8.650373702318529
34.382001313924015,0.04871043521541303,0.34382001313924015,-0.4062927638062389,8.588573125448582
34.382001313924015,0.05242074709242387,0.34382001313924015,-0.470545343473582,8.515817492690385
34.382001313924015,0.05613105896943471,0.34382001313924015,-0.5395125344809303,8.429553680039623
34.382001313924015,0.05984137084644555,0.34382001313924015,-0.6131943368282837,8.326578081219125
34.382001313924015,0.06355168272345639,0.34382001313924015,-0.6915907505156423,8.202894008410619
34.382001313924015,0.06726199460046722,0.34382001313924015,-0.774701775543006,8.053560800998516
34.382001313924015,0.07097230647747807,0.34382001313924015,-0.862527411910375,7.872553213908479
34.382001313924015,0.0746826183544889,0.34382001313924015,-0.955067659617749,7.652665251971025
34.382001313924015,0.07839293023149975,0.34382001313924015,-1.0523225186651284,7.38551456469916
34.382001313924015,0.08210324210851058,0.34382001313924015,-1.1542919890525125,7.061730231843936
34.382001313924015,0.08581355398552143,0.34382001313924015,-1.2609760707799023,6.671431350313536
34.382001313924015,0.08952386586253226,0.34382001313924015,-1.372374763847297,6.205110286051143
34.382001313924015,0.09323417773954311,0.34382001313924015,-1.4884880682546968,5.654995724048594
34.382001313924015,0.09694448961655394,0.34382001313924015,-1.6093159840021019,5.016854641417896
34.382001313924015,0.10065480149356479,0.34382001313924015,-1.734858511089512,4.2919842493492935
34.382001313924015,0.10436511337057562,0.34382001313924015,-1.8651156495169272,3.4888866307044983
34.382001313924015,0.10807542524758647,0.34382001313924015,-2.000087399284348,2.6239399580569236
34.382001313924015,0.1117857371245973,0.34382001313924015,-2.1397737603917735,1.7204658612194585
34.382001313924015,0.11549604900160815,0.34382001313924015,-2.2841747328392046,0.8060489307395045
34.382001313924015,0.11920636087861898,0.34382001313924015,-2.4332903166266404,-0.09134319141520275
34.382001313924015,0.12291667275562983,0.34382001313924015,-2.5871205117540814,-0.9473387660388906
34.382001313924015,0.12662698463264066,0.34382001313924015,-2.7456653182215276,-1.7440897025404005
34.382001313924015,0.1303372965096515,0.34382001313924015,-2.908924736028979,-2.4714855085318552
34.382001313924015,0.13404760838666235,0.34382001313924015,-3.0768987651764363,-3.126692598160316
34.382001313924015,0.13775792026367317,0.34382001313924015,-3.249587405663897,-3.71257430667389
34.382001313924015,0.14146823214068402,0.34382001313924015,-3.4269906574913644,-4.235692841187093
34.382001313924015,0.14517854401769487,0.34382001313924015,-3.6091085206588365,-4.704444983738377
34.382001313924015,0.1488888558947057,0.34382001313924015,-3.795940995166314,-5.127623869043175
34.382001313924015,0.15259916777171653,0.34382001313924015,-3.9874880810137956,-5.513475122716446
34.382001313924015,0.15630947964872738,0.34382001313924015,-4.183749778201284,-5.869183031849553
34.382001313924015,0.16001979152573823,0.34382001313924015,-4.384726086728777,-6.200672690093465
34.382001313924015,0.16373010340274907,0.34382001313924015,-4.590417006596275,-6.512615412886415
34.382001313924015,0.1674404152797599,0.34382001313924015,-4.800822537803777,-6.808548088489421
34.382001313924015,0.17115072715677074,0.34382001313924015,-5.0159426803512845,-7.091044503516058
34.382001313924015,0.17486103903378158,0.34382001313924015,-5.235777434238799,-7.361899868820989
34.382001313924015,0.17857135091079243,0.34382001313924015,-5.460326799466317,-7.622306585347737
34.382001313924015,0.18228166278780325,0.34382001313924015,-5.689590776033841,-7.873010322555111
34.382001313924015,0.1859919746648141,0.34382001313924015,-5.923569363941369,-8.114442189502553
34.382001313924015,0.18970228654182494,0.34382001313924015,-6.162262563188904,-8.34682658643326
34.382001313924015,0.1934125984188358,0.34382001313924015,-6.405670373776444,-8.570266330206705
34.382001313924015,0.1971229102958466,0.34382001313924015,-6.653792795703986,-8.784807594898703
34.382001313924015,0.20083322217285746,0.34382001313924015,-6.9066298289715355,-8.990487563847413
34.382001313924015,0.2045435340498683,0.34382001313924015,-7.164181473579091,-9.18736772330786
34.382001313924015,0.20825384592687915,0.34382001313924015,-7.426447729526652,-9.3755555924291
34.382001313924015,0.21196415780388997,0.34382001313924015,-7.693428596814215,-9.555217462019181
34.382001313924015,0.21567446968090082,0.34382001313924015,-7.965124075441786,-9.726584451093403
34.382001313924015,0.21938478155791166,0.34382001313924015,-8.241534165409362,-9.88995391272782
34.382001313924015,0.2230950934349225,0.34382001313924015,-8.522658866716942,-10.045687947782097
34.382001313924015,0.22680540531193333,0.34382001313924015,-8.808498179364525,-10.194210530828974
34.382001313924015,0.23051571718894417,0.34382001313924015,-9.099052103352117,-10.336004528669129
34.382001313924015,0.23422602906595502,0.34382001313924015,-9.394320638679714,-10.471609707373235
34.382001313924015,0.23793634094296587,0.34382001313924015,-9.694303785347316,-10.601622685852739
34.382001313924015,0.2416466528199767,0.34382001313924015,-9.99900154335492,-10.726699707167588
34.382001313924015,0.24535696469698753,0.34382001313924015,-10.308413912702532,-10.847563065408032
34.382001313924015,0.24906727657399838,0.34382001313924015,-10.622540893390148,-10.965012045716556
34.382001313924015,0.2527775884510092,0.34382001313924015,-10.941382485417773,-11.079939304248098
34.382001313924015,0.25648790032802005,0.34382001313924015,-11.264938688785396,-11.193353725177833
34.382001313924015,0.2601982122050309,0.34382001313924015,-11.593209503493032,-11.306410927014896
34.382001313924015,0.26390852408204174,0.34382001313924015,-11.926194929540667,-11.420452721221507
34.382001313924015,0.26761883595905256,0.34382001313924015,-12.263894966928305,-11.537056901837099
34.382001313924015,0.27132914783606343,0.34382001313924015,-12.606309615655958,-11.65809868072654
34.382001313924015,0.27503945971307425,0.34382001313924015,-12.95343887572361,-11.785824742285156
34.382001313924015,0.27874977159008507,0.34382001313924015,-13.305282747131264,-11.92294006146182
34.382001313924015,0.28246008346709595,0.34382001313924015,-13.661841229878931,-12.072705996213267
34.382001313924015,0.28617039534410676,0.34382001313924015,-14.023114323966595,-12.239045297835176
34.382001313924015,0.28988070722111764,0.34382001313924015,-14.389102029394273,-12.426645044438919
34.382001313924015,0.29359101909812846,0.34382001313924015,-14.759804346161948,-12.641041551531336
34.382001313924015,0.2973013309751393,0.34382001313924015,-15.13522127426963,-12.888661759583025
34.382001313924015,0.30101164285215015,0.34382001313924015,-15.515352813717325,-13.176783939349152
34.382001313924015,0.30472195472916097,0.34382001313924015,-15.900198964505014,-13.513368970980281
35.76987816539305,0.011607316445304631,0.35769878165393054,-0.02269661410555332,9.147401301846381
35.76987816539305,0.015317628322315471,0.35769878165393054,-0.03952578273791813,9.128231450339914
35.76987816539305,0.01902794019932631,0.35769878165393054,-0.06099313835976738,9.1067383602122
35.76987816539305,0.02273825207633715,0.35769878165393054,-0.08709868097110106,9.082546522062101
35.76987816539305,0.02644856395334799,0.35769878165393054,-0.11784241057191921,9.055194962560021
35.76987816539305,0.03015887583035883,0.35769878165393054,-0.15322432716222179,9.024114030746652
35.76987816539305,0.03386918770736967,0.35769878165393054,-0.19324443074200887,8.988595633013144
35.76987816539305,0.03757949958438051,0.35769878165393054,-0.23790272131128035,8.947755188540363
35.76987816539305,0.04128981146139135,0.35769878165393054,-0.28719919887003625,8.90048324568208
35.76987816539305,0.04500012333840219,0.35769878165393054,-0.3411338634182766,8.845384407685833
35.76987816539305,0.04871043521541303,0.35769878165393054,-0.39970671495600146,8.780701068712547
35.76987816539305,0.05242074709242387,0.35769878165393054,-0.46291775348321074,8.704219651420415
35.76987816539305,0.05613105896943471,0.35769878165393054,-0.5307669789999044,8.613157897924268
35.76987816539305,0.05984137084644555,0.35769878165393054,-0.6032543915060826,8.504033837611361
35.76987816539305,0.06355168272345639,0.35769878165393054,-0.6803799910017452,8.372521162985583
35.76987816539305,0.06726199460046722,0.35769878165393054,-0.762143777486892,8.213303041625503
35.76987816539305,0.07097230647747807,0.35769878165393054,-0.8485457509615236,8.019948277276873
35.76987816539305,0.0746826183544889,0.35769878165393054,-0.9395859114256395,7.7848514448059545
35.76987816539305,0.07839293023149975,0.35769878165393054,-1.03526425887924,7.499302183881004
35.76987816539305,0.08210324210851058,0.35769878165393054,-1.1355807933223245,7.153774943771892
35.76987816539305,0.08581355398552143,0.35769878165393054,-1.240535514754894,6.738549237492429
35.76987816539305,0.08952386586253226,0.35769878165393054,-1.3501284231769477,6.244762085161824
35.76987816539305,0.09323417773954311,0.35769878165393054,-1.464359518588486,5.665929496142255
35.76987816539305,0.09694448961655394,0.35769878165393054,-1.5832288009895084,4.999825059582994
35.76987816539305,0.10065480149356479,0.35769878165393054,-1.7067362703800155,4.250374042476888
35.76987816539305,0.10436511337057562,0.35769878165393054,-1.834881926760007,3.4289834038573552
35.76987816539305,0.10807542524758647,0.35769878165393054,-1.967665770129483,2.5546362339612445
35.76987816539305,0.1117857371245973,0.35769878165393054,-2.1050878004884432,1.652300352195568
35.76987816539305,0.11549604900160815,0.35769878165393054,-2.247148017836888,0.7497605505437626
35.76987816539305,0.11920636087861898,0.35769878165393054,-2.3938464221748172,-0.12635061248913781
35.76987816539305,0.12291667275562983,0.35769878165393054,-2.545183013502231,-0.9541714840486455
35.76987816539305,0.12662698463264066,0.35769878165393054,-2.701157791819129,-1.7188922216283313
35.76987816539305,0.1303372965096515,0.35769878165393054,-2.8617707571255115,-2.4133057419566373
35.76987816539305,0.13404760838666235,0.35769878165393054,-3.027021909421379,-3.0368853892335883
35.76987816539305,0.13775792026367317,0.35769878165393054,-3.19691124870673,-3.594019796180815
35.76987816539305,0.14146823214068402,0.35769878165393054,-3.3714387749815664,-4.0920563281769935
35.76987816539305,0.14517854401769487,0.35769878165393054,-3.5506044882458867,-4.539602310695854
35.76987816539305,0.1488888558947057,0.35769878165393054,-3.7344083884996917,-4.945283548911874
35.76987816539305,0.15259916777171653,0.35769878165393054,-3.92285047574298,-5.3169720778126335
35.76987816539305,0.15630947964872738,0.35769878165393054,-4.115930749975754,-5.661397263665345
35.76987816539305,0.16001979152573823,0.35769878165393054,-4.313649211198013,-5.984026583779382
35.76987816539305,0.16373010340274907,0.35769878165393054,-4.516005859409756,-6.289113329240166
35.76987816539305,0.1674404152797599,0.35769878165393054,-4.723000694610981,-6.579833589895417
35.76987816539305,0.17115072715677074,0.35769878165393054,-4.934633716801693,-6.8584604123919535
35.76987816539305,0.17486103903378158,0.35769878165393054,-5.15090492598189,-7.126543407246444
35.76987816539305,0.17857135091079243,0.35769878165393054,-5.37181432215157,-7.385076354754134
35.76987816539305,0.18228166278780325,0.35769878165393054,-5.597361905310735,-7.634644494448378
35.76987816539305,0.1859919746648141,0.35769878165393054,-5.827547675459384,-7.875548622388405
35.76987816539305,0.18970228654182494,0.35769878165393054,-6.062371632597518,-8.107906148816744
35.76987816539305,0.1934125984188358,0.35769878165393054,-6.301833776725137,-8.331730830825878
35.76987816539305,0.1971229102958466,0.35769878165393054,-6.545934107842238,-8.546993613631823
35.76987816539305,0.20083322217285746,0.35769878165393054,-6.794672625948825,-8.75366726910679
35.76987816539305,0.2045435340498683,0.35769878165393054,-7.048049331044897,-8.951757527747437
35.76987816539305,0.20825384592687915,0.35769878165393054,-7.306064223130454,-9.141323277436182
35.76987816539305,0.21196415780388997,0.35769878165393054,-7.568717302205493,-9.322488210899749
35.76987816539305,0.21567446968090082,0.35769878165393054,-7.836008568270018,-9.495446077056576
35.76987816539305,0.21938478155791166,0.35769878165393054,-8.107938021324028,-9.660461449794141
35.76987816539305,0.2230950934349225,0.35769878165393054,-8.384505661367522,-9.817867686018127
35.76987816539305,0.22680540531193333,0.35769878165393054,-8.665711488400499,-9.968063515660692
35.76987816539305,0.23051571718894417,0.35769878165393054,-8.951555502422961,-10.111509500863148
35.76987816539305,0.23422602906595502,0.35769878165393054,-9.242037703434908,-10.248725429335128
35.76987816539305,0.23793634094296587,0.35769878165393054,-9.537158091436341,-10.38028957562288
35.76987816539305,0.2416466528199767,0.35769878165393054,-9.836916666427255,-10.50684067924106
35.76987816539305,0.24535696469698753,0.35769878165393054,-10.141313428407656,-10.6290834535841
35.76987816539305,0.24906727657399838,0.35769878165393054,-10.450348377377543,-10.747798454959876
35.76987816539305,0.2527775884510092,0.35769878165393054,-10.764021513336914,-10.863857204600297
35.76987816539305,0.25648790032802005,0.35769878165393054,-11.082332836285763,-10.978243561290002
35.76987816539305,0.2601982122050309,0.35769878165393054,-11.405282346224107,-11.092082474482922
35.76987816539305,0.26390852408204174,0.35769878165393054,-11.732870043151927,-11.206677382022885
35.76987816539305,0.26761883595905256,0.35769878165393054,-12.06509592706923,-11.323557608376037
35.76987816539305,0.27132914783606343,0.35769878165393054,-12.401959997976025,-11.444537093642985
35.76987816539305,0.27503945971307425,0.35769878165393054,-12.7434622558723,-11.571785518566395
35.76987816539305,0.27874977159008507,0.35769878165393054,-13.089602700758059,-11.707912195481077
35.76987816539305,0.28246008346709595,0.35769878165393054,-13.440381332633308,-11.856061685066189
35.76987816539305,0.28617039534410676,0.35769878165393054,-13.795798151498033,-12.020017575382273
35.76987816539305,0.28988070722111764,0.35769878165393054,-14.15585315735225,-12.204306715537909
35.76987816539305,0.29359101909812846,0.35769878165393054,-14.520546350195946,-12.414289886019997
35.76987816539305,0.2973013309751393,0.35769878165393054,-14.889877730029127,-12.656216037401911
35.76987816539305,0.30101164285215015,0.35769878165393054,-15.263847296851798,-12.937206087684638
35.76987816539305,0.30472195472916097,0.35769878165393054,-15.642455050663948,-13.265120497171889
37.15775501686208,0.011607316445304631,0.3715775501686208,-0.022322637378015445,9.349825953108214
37.15775501686208,0.015317628322315471,0.3715775501686208,-0.03887450837545351,9.330298717755364
37.15775501686208,0.01902794019932631,0.3715775501686208,-0.0599881420118553,9.308361140235311
37.15775501686208,0.02273825207633715,0.3715775501686208,-0.08566353828722083,9.28360950217806
37.15775501686208,0.02644856395334799,0.3715775501686208,-0.11590069720155009,9.255546196386486
37.15775501686208,0.03015887583035883,0.3715775501686208,-0.15069961875484308,9.223554130061473
37.15775501686208,0.03386918770736967,0.3715775501686208,-0.19006030294709986,9.186863975465572
37.15775501686208,0.03757949958438051,0.3715775501686208,-0.23398274977832031,9.144512437622296
37.15775501686208,0.04128981146139135,0.3715775501686208,-0.2824669592485045,9.095289398270324
37.15775501686208,0.04500012333840219,0.3715775501686208,-0.3355129313576524,9.037671562707432
37.15775501686208,0.04871043521541303,0.3715775501686208,-0.3931206661057641,8.96974021663648
37.15775501686208,0.05242074709242387,0.3715775501686208,-0.4552901634928395,8.889081133306094
37.15775501686208,0.05613105896943471,0.3715775501686208,-0.5220214235188787,8.792665958072181
37.15775501686208,0.05984137084644555,0.3715775501686208,-0.5933144461838815,8.676717170770807
37.15775501686208,0.06355168272345639,0.3715775501686208,-0.6691692314878481,8.536563915504775
37.15775501686208,0.06726199460046722,0.3715775501686208,-0.7495857794307783,8.366504822136884
37.15775501686208,0.07097230647747807,0.3715775501686208,-0.8345640900126724,8.159707768090179
37.15775501686208,0.0746826183544889,0.3715775501686208,-0.9241041632335302,7.908196189205468
37.15775501686208,0.07839293023149975,0.3715775501686208,-1.0182059990933516,7.602995998118039
37.15775501686208,0.08210324210851058,0.3715775501686208,-1.1168695975921368,7.234540970293351
37.15775501686208,0.08581355398552143,0.3715775501686208,-1.220094958729886,6.79344442258546
37.15775501686208,0.08952386586253226,0.3715775501686208,-1.3278820825065987,6.271717914240592
37.15775501686208,0.09323417773954311,0.3715775501686208,-1.4402309689222752,5.664424063030743
37.15775501686208,0.09694448961655394,0.3715775501686208,-1.5571416179769153,4.971571864416842
37.15775501686208,0.10065480149356479,0.3715775501686208,-1.6786140296705192,4.199824988031425
37.15775501686208,0.10436511337057562,0.3715775501686208,-1.804648204003087,3.363399285733089
37.15775501686208,0.10807542524758647,0.3715775501686208,-1.9352441409746184,2.483541200791641
37.15775501686208,0.1117857371245973,0.3715775501686208,-2.070401840585113,1.5863297641270908
37.15775501686208,0.11549604900160815,0.3715775501686208,-2.210121302834572,0.6991641658415169
37.15775501686208,0.11920636087861898,0.3715775501686208,-2.354402527722995,-0.15312101434252345
37.15775501686208,0.12291667275562983,0.3715775501686208,-2.503245515250381,-0.9513931570312979
37.15775501686208,0.12662698463264066,0.3715775501686208,-2.656650265416731,-1.6838376509959596
37.15775501686208,0.1303372965096515,0.3715775501686208,-2.814616778222045,-2.3459183895370734
37.15775501686208,0.13404760838666235,0.3715775501686208,-2.9771450536663226,-2.9391029913895186
37.15775501686208,0.13775792026367317,0.3715775501686208,-3.144235091749563,-3.469005960795121
37.15775501686208,0.14146823214068402,0.3715775501686208,-3.315886892471769,-3.94352658676343
37.15775501686208,0.14517854401769487,0.3715775501686208,-3.4921004558329374,-4.3713301030831655
37.15775501686208,0.1488888558947057,0.3715775501686208,-3.67287578183307,-4.760793261103259
37.15775501686208,0.15259916777171653,0.3715775501686208,-3.8582128704721654,-5.119384516501214
37.15775501686208,0.15630947964872738,0.3715775501686208,-4.048111721750225,-5.453380840306185
37.15775501686208,0.16001979152573823,0.3715775501686208,-4.24257233566725,-5.767812039341821
37.15775501686208,0.16373010340274907,0.3715775501686208,-4.441594712223237,-6.066540556369797
37.15775501686208,0.1674404152797599,0.3715775501686208,-4.645178851418187,-6.35241001259162
37.15775501686208,0.17115072715677074,0.3715775501686208,-4.853324753252102,-6.627419031142379
37.15775501686208,0.17486103903378158,0.3715775501686208,-5.066032417724982,-6.8928945867807565
37.15775501686208,0.17857135091079243,0.3715775501686208,-5.283301844836823,-7.149651147870849
37.15775501686208,0.18228166278780325,0.3715775501686208,-5.5051330345876295,-7.398129390785802
37.15775501686208,0.1859919746648141,0.3715775501686208,-5.731525986977399,-7.638512649383583
37.15775501686208,0.18970228654182494,0.3715775501686208,-5.9624807020061334,-7.870821652185497
37.15775501686208,0.1934125984188358,0.3715775501686208,-6.197997179673831,-8.094989304999176
37.15775501686208,0.1971229102958466,0.3715775501686208,-6.438075419980491,-8.310917815452205
37.15775501686208,0.20083322217285746,0.3715775501686208,-6.682715422926115,-8.518520636103203
37.15775501686208,0.2045435340498683,0.3715775501686208,-6.931917188510704,-8.717751695096489
37.15775501686208,0.20825384592687915,0.3715775501686208,-7.185680716734257,-8.90862427670462
37.15775501686208,0.21196415780388997,0.3715775501686208,-7.444006007596772,-9.09122175330911
37.15775501686208,0.21567446968090082,0.3715775501686208,-7.706893061098252,-9.265702178787432
37.15775501686208,0.21938478155791166,0.3715775501686208,-7.974341877238696,-9.43229854550781
37.15775501686208,0.2230950934349225,0.3715775501686208,-8.246352456018103,-9.591316294996046
37.15775501686208,0.22680540531193333,0.3715775501686208,-8.522924797436472,-9.743129467000744
37.15775501686208,0.23051571718894417,0.3715775501686208,-8.804058901493807,-9.88817668389793
37.15775501686208,0.23422602906595502,0.3715775501686208,-9.089754768190106,-10.026958006968565
37.15775501686208,0.23793634094296587,0.3715775501686208,-9.380012397525368,-10.160033576349628
37.15775501686208,0.2416466528199767,0.3715775501686208,-9.674831789499592,-10.288024863743223
37.15775501686208,0.24535696469698753,0.3715775501686208,-9.974212944112782,-10.411619330397299
37.15775501686208,0.24906727657399838,0.3715775501686208,-10.278155861364937,-10.531579294123317
37.15775501686208,0.2527775884510092,0.3715775501686208,-10.586660541256055,-10.648755866910857
37.15775501686208,0.25648790032802005,0.3715775501686208,-10.899726983786133,-10.764108923671385
37.15775501686208,0.2601982122050309,0.3715775501686208,-11.217355188955182,-10.87873419109685
37.15775501686208,0.26390852408204174,0.3715775501686208,-11.539545156763188,-10.993898681511466
37.15775501686208,0.26761883595905256,0.3715775501686208,-11.866296887210156,-11.111085800912525
37.15775501686208,0.27132914783606343,0.3715775501686208,-12.197610380296096,-11.232051466856978
37.15775501686208,0.27503945971307425,0.3715775501686208,-12.533485636020995,-11.358892371886744
37.15775501686208,0.27874977159008507,0.3715775501686208,-12.873922654384854,-11.494126950682533
37.15775501686208,0.28246008346709595,0.3715775501686208,-13.218921435387685,-11.640788396338317
37.15775501686208,0.28617039534410676,0.3715775501686208,-13.568481979029473,-11.802526856957586
37.15775501686208,0.28988070722111764,0.3715775501686208,-13.92260428531023,-11.98371425072753
37.15775501686208,0.29359101909812846,0.3715775501686208,-14.281288354229947,-12.189539427265515
37.15775501686208,0.2973013309751393,0.3715775501686208,-14.644534185788627,-12.426073242490103
37.15775501686208,0.30101164285215015,0.3715775501686208,-15.012341779986276,-12.700272553671336
37.15775501686208,0.30472195472916097,0.3715775501686208,-15.384711136822883,-13.019880403570179
38.54563186833112,0.011607316445304631,0.3854563186833112,-0.021948660650477566,9.550845992032807
38.54563186833112,0.015317628322315471,0.3854563186833112,-0.03822323401298889,9.53090228902753
38.54563186833112,0.01902794019932631,0.3854563186833112,-0.05898314566394322,9.508448757191116
38.54563186833112,0.02273825207633715,0.3854563186833112,-0.08422839560334057,9.483050090120713
38.54563186833112,0.02644856395334799,0.3854563186833112,-0.11395898383118096,9.454167790693116
38.54563186833112,0.03015887583035883,0.3854563186833112,-0.14817491034746436,9.421131988541552
38.54563186833112,0.03386918770736967,0.3854563186833112,-0.18687617515219082,9.38310547538603
38.54563186833112,0.03757949958438051,0.3854563186833112,-0.23006277824536026,9.339038036038067
38.54563186833112,0.04128981146139135,0.3854563186833112,-0.2777347196269727,9.287608877550552
38.54563186833112,0.04500012333840219,0.3854563186833112,-0.32989199929702817,9.227154810096861
38.54563186833112,0.04871043521541303,0.3854563186833112,-0.38653461725552674,9.155581981173547
38.54563186833112,0.05242074709242387,0.3854563186833112,-0.44766257350246824,9.07025970265812
38.54563186833112,0.05613105896943471,0.3854563186833112,-0.5132758680378527,8.967896714585429
38.54563186833112,0.05984137084644555,0.3854563186833112,-0.5833745008616803,8.84440382821263
38.54563186833112,0.06355168272345639,0.3854563186833112,-0.657958471973951,8.694753308083456
38.54563186833112,0.06726199460046722,0.3854563186833112,-0.7370277813746644,8.51285585138771
38.54563186833112,0.07097230647747807,0.3854563186833112,-0.8205824290638211,8.291491783986297
38.54563186833112,0.0746826183544889,0.3854563186833112,-0.9086224150414206,8.022354353516377
38.54563186833112,0.07839293023149975,0.3854563186833112,-1.0011477393074633,7.696287300270325
38.54563186833112,0.08210324210851058,0.3854563186833112,-1.098158401861949,7.3038182558590625
38.54563186833112,0.08581355398552143,0.3854563186833112,-1.1996544027048779,6.836087362460705
38.54563186833112,0.08952386586253226,0.3854563186833112,-1.3056357418362494,6.286221099769983
38.54563186833112,0.09323417773954311,0.3854563186833112,-1.416102419256064,5.651077866545152
38.54563186833112,0.09694448961655394,0.3854563186833112,-1.5310544349643218,4.933089599088382
38.54563186833112,0.10065480149356479,0.3854563186833112,-1.6504917889610227,4.141694772432676
38.54563186833112,0.10436511337057562,0.3854563186833112,-1.7744144812461664,3.2937310821861834
38.54563186833112,0.10807542524758647,0.3854563186833112,-1.9028225118197535,2.412291135861505
38.54563186833112,0.1117857371245973,0.3854563186833112,-2.0357158806817828,1.5240053240931017
38.54563186833112,0.11549604900160815,0.3854563186833112,-2.173094587832256,0.655343092185553
38.54563186833112,0.11920636087861898,0.3854563186833112,-2.314958633271172,-0.17102996403870097
38.54563186833112,0.12291667275562983,0.3854563186833112,-2.461308016998531,-0.9388258885782028
38.54563186833112,0.12662698463264066,0.3854563186833112,-2.612142739014333,-1.6391048092828024
38.54563186833112,0.1303372965096515,0.3854563186833112,-2.7674627993185776,-2.269734727929272
38.54563186833112,0.13404760838666235,0.3854563186833112,-2.927268197911266,-2.8338689345650803
38.54563186833112,0.13775792026367317,0.3854563186833112,-3.0915589347923964,-3.3380749747492664
38.54563186833112,0.14146823214068402,0.3854563186833112,-3.260335009961971,-3.790603919508923
38.54563186833112,0.14517854401769487,0.3854563186833112,-3.4335964234199876,-4.200055527853012
38.54563186833112,0.1488888558947057,0.3854563186833112,-3.6113431751664478,-4.574497000137305
38.54563186833112,0.15259916777171653,0.3854563186833112,-3.7935752652013504,-4.9209763314542085
38.54563186833112,0.15630947964872738,0.3854563186833112,-3.9802926935246967,-5.2453273568522825
38.54563186833112,0.16001979152573823,0.3854563186833112,-4.171495460136486,-5.552164620357024
38.54563186833112,0.16373010340274907,0.3854563186833112,-4.367183565036719,-5.844986847820722
38.54563186833112,0.1674404152797599,0.3854563186833112,-4.567357008225392,-6.126332215241575
38.54563186833112,0.17115072715677074,0.3854563186833112,-4.772015789702511,-6.397949448522504
38.54563186833112,0.17486103903378158,0.3854563186833112,-4.981159909468072,-6.6609640137070185
38.54563186833112,0.17857135091079243,0.3854563186833112,-5.194789367522077,-6.91602870648836
38.54563186833112,0.18228166278780325,0.3854563186833112,-5.412904163864524,-7.163454090403447
38.54563186833112,0.1859919746648141,0.3854563186833112,-5.635504298495413,-7.403317738838199
38.54563186833112,0.18970228654182494,0.3854563186833112,-5.862589771414748,-7.635553105267943
38.54563186833112,0.1934125984188358,0.3854563186833112,-6.094160582622525,-7.860019764839003
38.54563186833112,0.1971229102958466,0.3854563186833112,-6.330216732118743,-8.076557167906406
38.54563186833112,0.20083322217285746,0.3854563186833112,-6.5707582199034045,-8.285024170944002
38.54563186833112,0.2045435340498683,0.3854563186833112,-6.815785045976511,-8.485326595439489
38.54563186833112,0.20825384592687915,0.3854563186833112,-7.065297210338059,-8.677434977012803
38.54563186833112,0.21196415780388997,0.3854563186833112,-7.319294712988049,-8.861394536020436
38.54563186833112,0.21567446968090082,0.3854563186833112,-7.577777553926484,-9.037329242538267
38.54563186833112,0.21938478155791166,0.3854563186833112,-7.840745733153362,-9.2054416726978
38.54563186833112,0.2230950934349225,0.3854563186833112,-8.108199250668683,-9.366010169066776
38.54563186833112,0.22680540531193333,0.3854563186833112,-8.380138106472444,-9.519384635009692
38.54563186833112,0.23051571718894417,0.3854563186833112,-8.656562300564651,-9.66598212209754
38.54563186833112,0.23422602906595502,0.3854563186833112,-8.937471832945302,-9.806283220653054
38.54563186833112,0.23793634094296587,0.3854563186833112,-9.222866703614395,-9.94083014522539
38.54563186833112,0.2416466528199767,0.3854563186833112,-9.512746912571929,-10.070227326221366
38.54563186833112,0.24535696469698753,0.3854563186833112,-9.807112459817908,-10.19514528099782
38.54563186833112,0.24906727657399838,0.3854563186833112,-10.10596334535233,-10.31632854497778
38.54563186833112,0.2527775884510092,0.3854563186833112,-10.409299569175197,-10.434608495508305
38.54563186833112,0.25648790032802005,0.3854563186833112,-10.7171211312865,-10.550921994157305
38.54563186833112,0.2601982122050309,0.3854563186833112,-11.029428031686257,-10.666336897150655
38.54563186833112,0.26390852408204174,0.3854563186833112,-11.346220270374447,-10.782085619628809
38.54563186833112,0.26761883595905256,0.3854563186833112,-11.66749784735108,-10.899608053172145
38.54563186833112,0.27132914783606343,0.3854563186833112,-11.993260762616163,-11.02060516905882
38.54563186833112,0.27503945971307425,0.3854563186833112,-12.323509016169686,-11.147104495425046
38.54563186833112,0.27874977159008507,0.3854563186833112,-12.65824260801165,-11.281538181613982
38.54563186833112,0.28246008346709595,0.3854563186833112,-12.997461538142062,-11.426833324511461
38.54563186833112,0.28617039534410676,0.3854563186833112,-13.34116580656091,-11.58651229427342
38.54563186833112,0.28988070722111764,0.3854563186833112,-13.689355413268208,-11.764797514000694
38.54563186833112,0.29359101909812846,0.3854563186833112,-14.042030358263943,-11.966709995428255
38.54563186833112,0.2973013309751393,0.3854563186833112,-14.399190641548124,-12.198143439207124
38.54563186833112,0.30101164285215015,0.3854563186833112,-14.760836263120751,-12.465885768055113
38.54563186833112,0.30472195472916097,0.3854563186833112,-15.126967222981815,-12.777548430282456
39.93350871980015,0.011607316445304631,0.39933508719800154,-0.021574683922939687,9.750493724761322
39.93350871980015,0.015317628322315471,0.39933508719800154,-0.03757195965052427,9.730071599828957
39.93350871980015,0.01902794019932631,0.39933508719800154,-0.057978149316031145,9.707026538052876
39.93350871980015,0.02273825207633715,0.39933508719800154,-0.08279325291946033,9.68088796287098
39.93350871980015,0.02644856395334799,0.39933508719800154,-0.11201727046081184,9.651071863294469
39.93350871980015,0.03015887583035883,0.39933508719800154,-0.14565020194008566,9.616849816178949
39.93350871980015,0.03386918770736967,0.39933508719800154,-0.1836920473572818,9.577309573158244
39.93350871980015,0.03757949958438051,0.39933508719800154,-0.22614280671240022,9.53130521378989
39.93350871980015,0.04128981146139135,0.39933508719800154,-0.273002480005441,9.477394643619823
39.93350871980015,0.04500012333840219,0.39933508719800154,-0.324271067236404,9.41376217993005
39.93350871980015,0.04871043521541303,0.39933508719800154,-0.37994856840528934,9.338124330233141
39.93350871980015,0.05242074709242387,0.39933508719800154,-0.440034983512097,9.247617982344039
39.93350871980015,0.05613105896943471,0.39933508719800154,-0.504530312556827,9.13867264780435
39.93350871980015,0.05984137084644555,0.39933508719800154,-0.5734345555394792,9.006872954644681
39.93350871980015,0.06355168272345639,0.39933508719800154,-0.6467477124600539,8.846825368989602
39.93350871980015,0.06726199460046722,0.39933508719800154,-0.7244697833185506,8.652055370742557
39.93350871980015,0.07097230647747807,0.39933508719800154,-0.8066007681149698,8.414978891914883
39.93350871980015,0.0746826183544889,0.39933508719800154,-0.8931406668493113,8.127014117300083
39.93350871980015,0.07839293023149975,0.39933508719800154,-0.9840894795215751,7.778922504054221
39.93350871980015,0.08210324210851058,0.39933508719800154,-1.0794472061317613,7.3614802805771715
39.93350871980015,0.08581355398552143,0.39933508719800154,-1.1792138466798698,6.866563938366837
39.93350871980015,0.08952386586253226,0.39933508719800154,-1.2833894011659004,6.288658665051977
39.93350871980015,0.09323417773954311,0.39933508719800154,-1.3919738695898534,5.626646773997278
39.93350871980015,0.09694448961655394,0.39933508719800154,-1.5049672519517288,4.8855175093662995
39.93350871980015,0.10065480149356479,0.39933508719800154,-1.6223695482515263,4.077439651098273
39.93350871980015,0.10436511337057562,0.39933508719800154,-1.7441807584892464,3.2215991414212013
39.93350871980015,0.10807542524758647,0.39933508719800154,-1.8704008826648888,2.342459966900555
39.93350871980015,0.1117857371245973,0.39933508719800154,-2.001029920778453,1.4666444487050885
39.93350871980015,0.11549604900160815,0.39933508719800154,-2.13606787282994,0.6192103162091926
39.93350871980015,0.11920636087861898,0.39933508719800154,-2.275514738819349,-0.17961890206967301
39.93350871980015,0.12291667275562983,0.39933508719800154,-2.419370518746681,-0.9164213866744084
39.93350871980015,0.12662698463264066,0.39933508719800154,-2.567635212611935,-1.5849510518783967
39.93350871980015,0.1303372965096515,0.39933508719800154,-2.7203088204151107,-2.1851946214429754
39.93350871980015,0.13404760838666235,0.39933508719800154,-2.8773913421562094,-2.7216961579117784
39.93350871980015,0.13775792026367317,0.39933508719800154,-3.0388827778352296,-3.2017329722109453
39.93350871980015,0.14146823214068402,0.39933508719800154,-3.204783127452173,-3.6337393742158106
39.93350871980015,0.14517854401769487,0.39933508719800154,-3.3750923910070383,-4.026152167545441
39.93350871980015,0.1488888558947057,0.39933508719800154,-3.5498105684998262,-4.386686305905063
39.93350871980015,0.15259916777171653,0.39933508719800154,-3.7289376599305353,-4.721962864347322
39.93350871980015,0.15630947964872738,0.39933508719800154,-3.912473665299168,-5.037386752339742
39.93350871980015,0.16001979152573823,0.39933508719800154,-4.100418584605723,-5.337181095627682
39.93350871980015,0.16373010340274907,0.39933508719800154,-4.2927724178502,-5.624507494191666
39.93350871980015,0.1674404152797599,0.39933508719800154,-4.489535165032598,-5.901624224958619
39.93350871980015,0.17115072715677074,0.39933508719800154,-4.69070682615292,-6.170052857981631
39.93350871980015,0.17486103903378158,0.39933508719800154,-4.896287401211165,-6.430736726634186
39.93350871980015,0.17857135091079243,0.39933508719800154,-5.10627689020733,-6.684183036624548
39.93350871980015,0.18228166278780325,0.39933508719800154,-5.320675293141418,-6.930585383217956
39.93350871980015,0.1859919746648141,0.39933508719800154,-5.539482610013429,-7.16992622777754
39.93350871980015,0.18970228654182494,0.39933508719800154,-5.762698840823362,-7.40206033080525
39.93350871980015,0.1934125984188358,0.39933508719800154,-5.9903239855712185,-7.62678082832294
39.93350871980015,0.1971229102958466,0.39933508719800154,-6.222358044256995,-7.843869925825376
39.93350871980015,0.20083322217285746,0.39933508719800154,-6.458801016880694,-8.053136268443202
39.93350871980015,0.2045435340498683,0.39933508719800154,-6.699652903442318,-8.25444102983025
39.93350871980015,0.20825384592687915,0.39933508719800154,-6.944913703941863,-8.447714693075786
39.93350871980015,0.21196415780388997,0.39933508719800154,-7.194583418379328,-8.632966394443438
39.93350871980015,0.21567446968090082,0.39933508719800154,-7.448662046754718,-8.810287573475986
39.93350871980015,0.21938478155791166,0.39933508719800154,-7.70714958906803,-8.979851526854992
39.93350871980015,0.2230950934349225,0.39933508719800154,-7.970046045319264,-9.141910305271587
39.93350871980015,0.22680540531193333,0.39933508719800154,-8.237351415508419,-9.296790231182236
39.93350871980015,0.23051571718894417,0.39933508719800154,-8.509065699635498,-9.444887160634494
39.93350871980015,0.23422602906595502,0.39933508719800154,-8.785188897700499,-9.58666247443522
39.93350871980015,0.23793634094296587,0.39933508719800154,-9.065721009703422,-9.722640672012329
39.93350871980015,0.2416466528199767,0.39933508719800154,-9.350662035644266,-9.853409363021242
39.93350871980015,0.24535696469698753,0.39933508719800154,-9.640011975523034,-9.979622412687279
39.93350871980015,0.24906727657399838,0.39933508719800154,-9.933770829339725,-10.102007000365779
39.93350871980015,0.2527775884510092,0.39933508719800154,-10.231938597094338,-10.221375397456336
39.93350871980015,0.25648790032802005,0.39933508719800154,-10.53451527878687,-10.33864235771184
39.93350871980015,0.2601982122050309,0.39933508719800154,-10.841500874417331,-10.45484913201948
39.93350871980015,0.26390852408204174,0.39933508719800154,-11.152895383985708,-10.57119525449504
39.93350871980015,0.26761883595905256,0.39933508719800154,-11.468698807492007,-10.689079367317008
39.93350871980015,0.27132914783606343,0.39933508719800154,-11.788911144936234,-10.810150406454609
39.93350871980015,0.27503945971307425,0.39933508719800154,-12.11353239631838,-10.936370373507154
39.93350871980015,0.27874977159008507,0.39933508719800154,-12.442562561638445,-11.070089533096288
39.93350871980015,0.28246008346709595,0.39933508719800154,-12.776001640896439,-11.214133990324726
39.93350871980015,0.28617039534410676,0.39933508719800154,-13.11384963409235,-11.371903912479183
39.93350871980015,0.28988070722111764,0.39933508719800154,-13.45610654122619,-11.547477747895142
39.93350871980015,0.29359101909812846,0.39933508719800154,-13.802772362297944,-11.745713158161118
39.93350871980015,0.2973013309751393,0.39933508719800154,-14.153847097307622,-11.97232852428829
39.93350871980015,0.30101164285215015,0.39933508719800154,-14.509330746255229,-12.233939587571694
39.93350871980015,0.30472195472916097,0.39933508719800154,-14.86922330914075,-12.538014595078979
